country,code,time,raw_open,raw_high,raw_low,raw_close,adj_open,adj_high,adj_low,adj_close,volume,amount,adj_factor,float_shares,float_market_cap,total_shares,total_market_cap,turnover_rate
CN,002049,2016-06-23,43.06,43.66,42.31,42.5,30.0814,30.5005,29.5574,29.6902,17306407.0,742068884.0,0.6985929411764706,5.92577332,251.845366,6.06817968,257.897636,0.02851993169721039
CN,002049,2016-06-24,42.48,43.6,39.02,42.33,29.6762,30.4586,27.2591,29.5714,23218855.0,983527868.0,0.6985920151193008,5.92577332,250.837985,6.06817968,256.866046,0.03826329513037755
CN,002049,2016-06-27,42.2,45.0,42.1,44.63,29.4806,31.4366,29.4107,31.1782,25158075.0,1106238408.9,0.6985928747479274,5.92577332,264.467263,6.06817968,270.822859,0.041459014608479755
CN,002049,2016-06-28,44.1,45.79,44.01,44.9,30.8079,31.9885,30.745,31.3668,24399791.0,1097887725.2,0.6985924276169265,5.92577332,266.067222,6.06817968,272.461268,0.04020940757640848
CN,002049,2016-06-29,46.3,46.8,44.62,44.66,32.3448,32.6941,31.1712,31.1991,22006665.0,1002703408.7,0.6985915808329602,5.92577332,264.645036,6.06817968,271.004905,0.036265677947097306
CN,002049,2016-06-30,44.67,44.99,43.66,43.95,31.2061,31.4297,30.5005,30.7031,15611024.0,688391279.5,0.6985915813424345,5.92577332,260.437737,6.06817968,266.696497,0.025726041124741382
CN,002049,2016-07-01,44.0,44.96,43.53,43.8,30.738,31.4087,30.4097,30.598300000000002,12247512.0,540913116.0,0.6985913242009133,5.92577332,259.548871,6.06817968,265.78627,0.02018317295443038
CN,002049,2016-07-04,43.43,44.7,43.0,44.4,30.3398,31.2271,30.0395,31.0175,14652182.0,645972318.8,0.6985923423423424,5.92577332,263.104335,6.06817968,269.427178,0.0241459264106695
CN,002049,2016-07-05,44.43,45.07,44.01,44.64,31.0384,31.4855,30.745,31.1851,13022476.0,580050787.3,0.6985909498207885,5.92577332,264.526521,6.06817968,270.883541,0.021460267636636627
CN,002049,2016-07-06,44.48,45.0,43.51,43.76,31.0734,31.4366,30.3957,30.5704,13256576.0,583435922.2,0.6985923217550274,5.92577332,259.31184,6.06817968,265.543543,0.021846050544106498
CN,002049,2016-07-07,43.52,43.84,42.57,43.0,30.4027,30.6263,29.7391,30.0395,14628415.0,630466535.1,0.698593023255814,5.92577332,254.808253,6.06817968,260.931726,0.024106759805108475
CN,002049,2016-07-08,43.15,43.87,42.91,43.09,30.1442,30.6472,29.9766,30.1023,10125013.0,439397710.3,0.6985913204919935,5.92577332,255.341572,6.06817968,261.477862,0.01668542056091523
CN,002049,2016-07-11,42.81,43.29,42.26,42.27,29.9067,30.242,29.5225,29.5295,11823284.0,505725007.2,0.6985923823042346,5.92577332,250.482438,6.06817968,256.501955,0.019484070385997535
CN,002049,2016-07-12,42.03,42.45,40.5,42.06,29.3618,29.6552,28.293,29.3828,14777811.0,614748787.4,0.6985924869234427,5.92577332,249.238026,6.06817968,255.227637,0.024352955547288606
CN,002049,2016-07-13,42.1,43.46,42.09,43.3,29.4107,30.3608,29.4037,30.249,13629632.0,583658211.1,0.6985912240184757,5.92577332,256.585985,6.06817968,262.75218,0.02246082469331231
CN,002049,2016-07-14,42.99,43.28,42.44,42.6,30.0325,30.2351,29.6482,29.76,8071039.0,344876890.6,0.6985915492957747,5.92577332,252.437943,6.06817968,258.504454,0.013300593300823288
CN,002049,2016-07-15,42.42,42.8,41.5,41.57,29.6343,29.8997,28.9916,29.0405,8587700.0,359754581.2,0.6985927351455377,5.92577332,246.334397,6.06817968,252.254229,0.014152019967872803
CN,002049,2016-07-18,41.57,41.82,41.0,41.52,29.0405,29.2151,28.6423,29.0055,5896761.0,244209192.8,0.6985910404624277,5.92577332,246.038108,6.06817968,251.95082,0.009717512188103171
CN,002049,2016-07-19,41.89,42.28,41.31,42.26,29.264,29.5365,28.8588,29.5225,8484469.0,355151164.0,0.6985920492191198,5.92577332,250.423181,6.06817968,256.441273,0.013981901406057245
CN,002049,2016-07-20,42.28,42.47,41.58,41.98,29.5365,29.6692,29.0475,29.3269,8090158.0,340491671.3,0.6985921867555979,5.92577332,248.763964,6.06817968,254.742183,0.013332100278217207
CN,002049,2016-07-21,41.81,43.85,41.73,43.3,29.2081,30.6333,29.1522,30.249,18200633.0,780539158.7,0.6985912240184757,5.92577332,256.585985,6.06817968,262.75218,0.029993563077881702
CN,002049,2016-07-22,43.0,43.2,41.93,41.97,30.0395,30.1792,29.292,29.3199,11307464.0,481232740.2,0.6985918513223731,5.92577332,248.704706,6.06817968,254.681501,0.018634029637039355
CN,002049,2016-07-25,41.54,42.03,41.0,41.2,29.0195,29.3618,28.6423,28.782,8388982.0,347810421.0,0.6985922330097087,5.92577332,244.141861,6.06817968,250.009003,0.013824544496678451
CN,002049,2016-07-26,41.36,41.77,41.21,41.66,28.8938,29.1802,28.789,29.1033,5140778.0,213558936.8,0.698590974555929,5.92577332,246.867717,6.06817968,252.800365,0.008471697067480376
CN,002049,2016-07-27,42.55,44.75,42.2,42.84,29.7251,31.262,29.4806,29.9277,38780352.0,1684303855.2,0.6985924369747899,5.92577332,253.860129,6.06817968,259.960817,0.06390771869827032
CN,002049,2016-07-28,43.45,43.46,40.2,41.17,30.3538,30.3608,28.0834,28.761,25419141.0,1063183424.1,0.6985912071897012,5.92577332,243.964088,6.06817968,249.826957,0.04188923588366784
CN,002049,2016-07-29,41.1,41.1,39.1,39.15,28.7121,28.7121,27.3149,27.3499,14089879.0,566471180.7,0.6985925925925927,5.92577332,231.994025,6.06817968,237.569234,0.023219284436218277
CN,002049,2016-08-01,38.31,38.5,36.19,37.0,26.7631,26.8958,25.282,25.8479,11625640.0,432932099.1,0.6985918918918919,5.92577332,219.253613,6.06817968,224.522648,0.01915836480306727
CN,002049,2016-08-02,37.01,37.97,37.01,37.52,25.8549,26.5255,25.8549,26.2112,7038392.0,264506461.8,0.698592750533049,5.92577332,222.335015,6.06817968,227.678102,0.011598852326666768
CN,002049,2016-08-03,37.46,37.59,36.84,37.56,26.1693,26.2601,25.7361,26.2391,6277069.0,233458338.2,0.6985915867944622,5.92577332,222.572046,6.06817968,227.920829,0.010344237202943207
CN,002049,2016-08-04,37.88,39.1,37.6,38.93,26.4627,27.3149,26.2671,27.1962,12063370.0,465175737.5,0.6985923452350373,5.92577332,230.690355,6.06817968,236.234235,0.019879717866231675
CN,002049,2016-08-05,38.56,38.88,38.02,38.04,26.9377,27.1613,26.5605,26.5744,7333950.0,281575040.3,0.6985909568874868,5.92577332,225.416417,6.06817968,230.833555,0.012085914370946907
CN,002049,2016-08-08,37.97,38.64,37.15,38.48,26.5255,26.9936,25.9527,26.8818,5564819.0,211471418.5,0.6985914760914761,5.92577332,228.023757,6.06817968,233.503554,0.009170491471010627
CN,002049,2016-08-09,38.52,39.29,38.17,39.29,26.9098,27.4477,26.6653,27.4477,8380014.0,325141377.2,0.6985925171799441,5.92577332,232.823634,6.06817968,238.41878,0.013809765764879262
CN,002049,2016-08-10,39.59,40.18,38.91,38.92,27.6573,28.0694,27.1822,27.1892,10223809.0,404832038.0,0.6985919835560123,5.92577332,230.631098,6.06817968,236.173553,0.01684823050592332
CN,002049,2016-08-11,38.61,38.9,37.86,37.98,26.9726,27.1752,26.4487,26.5325,7465544.0,285640568.6,0.6985913638757241,5.92577332,225.060871,6.06817968,230.469464,0.01230277347357651
CN,002049,2016-08-12,37.65,38.27,37.59,38.2,26.302,26.7351,26.2601,26.6862,5161331.0,195733746.6,0.6985916230366491,5.92577332,226.364541,6.06817968,231.804464,0.008505567191774387
CN,002049,2016-08-15,38.18,39.62,37.9,39.26,26.6722,27.6782,26.4766,27.4267,8342399.0,324858505.4,0.6985914416709119,5.92577332,232.645861,6.06817968,238.236734,0.013747778477119848
CN,002049,2016-08-16,39.19,39.5,39.13,39.26,27.3778,27.5944,27.3359,27.4267,6495547.0,255384501.3,0.6985914416709119,5.92577332,232.645861,6.06817968,238.236734,0.010704275981491701
CN,002049,2016-08-17,39.19,40.07,38.79,39.71,27.3778,27.9926,27.0984,27.7411,7689417.0,304081893.0,0.6985922941324603,5.92577332,235.312459,6.06817968,240.967415,0.012671702891961827
CN,002049,2016-08-18,39.78,39.9,38.7,38.99,27.79,27.8738,27.0355,27.2381,8392355.0,328954692.3,0.6985919466529878,5.96459955,232.559736,6.06817968,236.598326,0.013830103000509701
CN,002049,2016-08-19,38.9,39.12,38.55,38.86,27.1752,27.3289,26.9307,27.1473,5023023.0,194833049.5,0.6985923829130212,5.96459955,231.784339,6.06817968,235.809462,0.008277643815583258
CN,002049,2016-08-22,38.86,39.01,37.9,37.91,27.1473,27.2521,26.4766,26.4836,5850314.0,224056638.5,0.6985914006858349,5.96459955,226.117969,6.06817968,230.044692,0.009640970288473726
CN,002049,2016-08-23,37.88,38.26,37.63,37.82,26.4627,26.7281,26.288,26.4207,4290376.0,162929989.3,0.698590692755156,5.96459955,225.581155,6.06817968,229.498556,0.007070285038098938
CN,002049,2016-08-24,37.97,38.48,37.88,38.09,26.5255,26.8818,26.4627,26.6094,3741626.0,142901741.8,0.6985928065108952,5.96459955,227.191597,6.06817968,231.136964,0.006165977603352708
CN,002049,2016-08-25,38.2,38.2,37.17,37.63,26.6862,26.6862,25.9667,26.288,5550829.0,208364914.9,0.6985915492957746,5.96459955,224.447881,6.06817968,228.345601,0.009147436781239148
CN,002049,2016-08-26,38.0,38.96,38.0,38.33,26.5465,27.2171,26.5465,26.777,8880247.0,343095045.0,0.6985911818418994,5.96459955,228.623101,6.06817968,232.593327,0.014634120062839009
CN,002049,2016-08-29,38.33,39.8,38.33,39.75,26.777,27.804,26.777,27.769,12855111.0,503331053.8,0.6985911949685534,5.96459955,237.092832,6.06817968,241.210142,0.021184460048816484
CN,002049,2016-08-30,39.39,39.58,38.84,39.0,27.5175,27.6503,27.1333,27.2451,7995774.0,313680468.7,0.6985923076923077,5.96459955,232.619382,6.06817968,236.659008,0.01317656104738151
CN,002049,2016-08-31,38.9,39.2,38.0,38.52,27.1752,27.3848,26.5465,26.9098,6309559.0,242796694.4,0.6985929387331256,5.96459955,229.756375,6.06817968,233.746281,0.010397778794842806
CN,002049,2016-09-01,38.55,38.86,38.03,38.05,26.9307,27.1473,26.5675,26.5814,4428311.0,170009922.8,0.6985913272010512,5.96459955,226.953013,6.06817968,230.894237,0.007297593732425537
CN,002049,2016-09-02,38.05,38.3,37.5,37.71,26.5814,26.7561,26.1972,26.3439,5090247.0,192456479.7,0.6985918854415275,5.96459955,224.925049,6.06817968,228.831056,0.008388424978213566
CN,002049,2016-09-05,37.85,38.12,37.57,37.68,26.4417,26.6303,26.2461,26.3229,3598431.0,135989936.4,0.6985907643312103,5.96459955,224.746111,6.06817968,228.64901,0.00593000074117779
CN,002049,2016-09-06,37.8,38.42,37.28,38.27,26.4068,26.8399,26.0435,26.7351,5162793.0,196098929.3,0.6985915860987718,5.96459955,228.265225,6.06817968,232.229236,0.008507976481012836
CN,002049,2016-09-07,38.33,38.43,37.9,37.92,26.777,26.8469,26.4766,26.4906,4852638.0,185357022.4,0.6985917721518987,5.96459955,226.177615,6.06817968,230.105373,0.007996859446983284
CN,002049,2016-09-08,37.91,38.18,37.7,37.95,26.4836,26.6722,26.3369,26.5116,3548607.0,134554423.0,0.698592885375494,5.96459955,226.356553,6.06817968,230.287419,0.005847893745954471
CN,002049,2016-09-09,37.9,38.45,37.9,37.95,26.4766,26.8609,26.4766,26.5116,5039959.0,192067451.2,0.698592885375494,5.96459955,226.356553,6.06817968,230.287419,0.00830555333852606
CN,002049,2016-09-12,37.22,37.36,35.83,35.85,26.0016,26.0994,25.0306,25.0445,9243050.0,338535647.9,0.6985913528591352,5.96459955,213.830894,6.06817968,217.544242,0.015231997876503221
CN,002049,2016-09-13,36.02,36.42,36.0,36.03,25.1633,25.4427,25.1493,25.1703,4783663.0,172990805.3,0.6985928393005828,5.96459955,214.904522,6.06817968,218.636514,0.007883192740265067
CN,002049,2016-09-14,36.4,36.4,35.61,35.9,25.4287,25.4287,24.8769,25.0795,4176378.0,150395518.0,0.6985933147632312,5.96459955,214.129124,6.06817968,217.847651,0.006882423099244813
CN,002049,2016-09-19,36.0,36.46,35.99,36.24,25.1493,25.4707,25.1423,25.317,2837227.0,102686296.5,0.698592715231788,5.96459955,216.157088,6.06817968,219.910832,0.004675581722392241
CN,002049,2016-09-20,36.36,36.56,36.0,36.39,25.4008,25.5405,25.1493,25.4218,3378527.0,122633379.4,0.6985930200604562,5.96459955,217.051778,6.06817968,220.821059,0.005567611999254445
CN,002049,2016-09-21,36.26,36.49,36.13,36.32,25.3309,25.4916,25.2401,25.3729,2471580.0,89790398.0,0.6985930616740088,5.96459955,216.634256,6.06817968,220.396286,0.004073017165503577
CN,002049,2016-09-22,36.49,36.7,36.22,36.5,25.4916,25.6383,25.303,25.4986,3957183.0,144255755.0,0.6985917808219178,5.96459955,217.707884,6.06817968,221.488558,0.006521202747246271
CN,002049,2016-09-23,36.54,37.6,36.54,37.23,25.5266,26.2671,25.5266,26.0086,8589875.0,319424987.3,0.6985925329035725,5.96459955,222.062041,6.06817968,225.918329,0.014155604238798677
CN,002049,2016-09-26,37.23,37.25,35.91,35.92,26.0086,26.0226,25.0864,25.0934,5688992.0,207547302.9,0.6985913140311804,5.96459955,214.248416,6.06817968,217.969014,0.009375121206035217
CN,002049,2016-09-27,35.73,36.1,35.22,35.98,24.9607,25.2192,24.6044,25.1353,4037344.0,144308459.9,0.698590883824347,5.96459955,214.606292,6.06817968,218.333105,0.0066533033181377385
CN,002049,2016-09-28,36.07,36.27,35.71,35.74,25.1982,25.3379,24.9467,24.9677,2961347.0,106556739.7,0.6985926133184107,5.96459955,213.174788,6.06817968,216.876742,0.004880124116562086
CN,002049,2016-09-29,35.75,36.07,35.6,35.65,24.9747,25.1982,24.8699,24.9048,2603739.0,93290362.0,0.6985918653576438,5.96459955,212.637974,6.06817968,216.330606,0.004290807354603581
CN,002049,2016-09-30,35.56,35.89,35.55,35.64,24.8419,25.0725,24.8349,24.8978,2566613.0,91580152.6,0.698591470258137,5.96459955,212.578328,6.06817968,216.269924,0.00422962590982474
CN,002049,2016-10-10,36.05,37.15,35.89,36.85,25.1842,25.9527,25.0725,25.7431,6443472.0,236186224.5,0.6985915875169606,5.96459955,219.795493,6.06817968,223.612421,0.010618459471852686
CN,002049,2016-10-11,36.82,37.1,36.6,36.77,25.7222,25.9178,25.5685,25.6872,5095475.0,187683829.5,0.6985912428610279,5.96459955,219.318325,6.06817968,223.126967,0.008397040411960906
CN,002049,2016-10-12,36.66,38.23,36.6,37.91,25.6104,26.7072,25.5685,26.4836,11781981.0,443137012.2,0.6985914006858349,5.96459955,226.117969,6.06817968,230.044692,0.019416005493100363
CN,002049,2016-10-13,37.7,38.1,37.32,37.69,26.3369,26.6164,26.0715,26.3299,4568729.0,171583267.4,0.698591138232953,5.96459955,224.805757,6.06817968,228.709692,0.007528994263399926
CN,002049,2016-10-14,37.7,38.3,37.42,37.56,26.3369,26.7561,26.1413,26.2391,4884863.0,184746426.1,0.6985915867944622,5.96459955,224.030359,6.06817968,227.920829,0.008049964334609156
CN,002049,2016-10-17,37.77,37.96,36.91,36.95,26.3858,26.5186,25.785,25.813,4709624.0,176074226.6,0.6985926928281461,5.96459955,220.391953,6.06817968,224.219239,0.007761180862067024
CN,002049,2016-10-18,36.95,37.44,36.81,37.41,25.813,26.1553,25.7152,26.1343,4261945.0,158346904.2,0.6985912857524726,5.96459955,223.135669,6.06817968,227.010602,0.007023432437320313
CN,002049,2016-10-19,37.44,37.55,36.96,37.05,26.1553,26.2321,25.82,25.8828,4341426.0,161314917.1,0.698591093117409,5.96459955,220.988413,6.06817968,224.826057,0.007154412408565991
CN,002049,2016-10-20,37.01,37.44,36.87,37.3,25.8549,26.1553,25.7571,26.0575,3942567.0,146442150.8,0.6985924932975872,5.96459955,222.479563,6.06817968,226.343102,0.006497116446624402
CN,002049,2016-10-21,37.36,37.38,36.49,36.78,26.0994,26.1134,25.4916,25.6942,4792762.0,176634192.0,0.6985916258836323,5.96459955,219.377971,6.06817968,223.187649,0.007898187352290136
CN,002049,2016-10-24,36.5,37.29,36.5,37.11,25.4986,26.0505,25.4986,25.9247,3995654.0,148055823.0,0.698590676367556,5.96459955,221.346289,6.06817968,225.190148,0.006584600672206858
CN,002049,2016-10-25,37.12,37.31,37.0,37.14,25.9317,26.0645,25.8479,25.9457,3267649.0,121320657.6,0.6985918147549811,5.96459955,221.525227,6.06817968,225.372193,0.005384891635245712
CN,002049,2016-10-26,37.15,37.15,36.61,36.79,25.9527,25.9527,25.5755,25.7012,3993814.0,147057915.3,0.6985920086980157,5.96459955,219.437617,6.06817968,223.24833,0.006581568461400602
CN,002049,2016-10-27,36.79,36.85,36.11,36.26,25.7012,25.7431,25.2262,25.3309,5115255.0,185802296.3,0.6985907335907336,5.96459955,216.27638,6.06817968,220.032195,0.00842963667812816
CN,002049,2016-10-28,36.21,36.56,36.08,36.13,25.296,25.5405,25.2052,25.2401,3272445.0,118676133.9,0.6985911984500415,5.96459955,215.500982,6.06817968,219.243332,0.005392795158629845
CN,002049,2016-10-31,36.0,36.44,35.89,36.36,25.1493,25.4567,25.0725,25.4008,3692866.0,133586611.0,0.6985918591859186,5.96459955,216.87284,6.06817968,220.639013,0.006085624016986919
CN,002049,2016-11-01,36.5,36.96,36.21,36.8,25.4986,25.82,25.296,25.7082,4493628.0,164525438.0,0.6985923913043479,5.96459955,219.497263,6.06817968,223.309012,0.007405232272225663
CN,002049,2016-11-02,36.6,36.73,36.02,36.1,25.5685,25.6593,25.1633,25.2192,4421580.0,160547128.0,0.6985927977839335,5.96459955,215.322044,6.06817968,219.061286,0.007286501443872868
CN,002049,2016-11-03,35.97,36.57,35.88,36.15,25.1284,25.5475,25.0655,25.2541,3684941.0,133416027.0,0.6985919778699863,5.96459955,215.620274,6.06817968,219.364695,0.006072564087291496
CN,002049,2016-11-04,36.18,36.41,35.85,35.94,25.2751,25.4357,25.0445,25.1074,3437083.0,124145935.0,0.6985920979410128,5.96459955,214.367708,6.06817968,218.090378,0.005664108812282236
CN,002049,2016-11-07,35.97,36.17,35.55,35.66,25.1284,25.2681,24.8349,24.9118,3071942.0,109729482.0,0.6985922602355581,5.96459955,212.69762,6.06817968,216.391287,0.005062378113365292
CN,002049,2016-11-08,35.83,36.08,35.71,35.82,25.0306,25.2052,24.9467,25.0236,2893027.0,103793677.0,0.6985929648241206,5.96459955,213.651956,6.06817968,217.362196,0.0047675368109732705
CN,002049,2016-11-09,35.83,35.94,34.79,35.19,25.0306,25.1074,24.304,24.5835,5556100.0,196447776.0,0.6985933503836318,5.96459955,209.894258,6.06817968,213.539243,0.009156123076434678
CN,002049,2016-11-10,35.48,35.86,35.4,35.75,24.786,25.0515,24.7302,24.9747,4817238.0,171600794.0,0.698593006993007,5.96459955,213.234434,6.06817968,216.937424,0.007938522347775964
CN,002049,2016-11-11,35.88,36.0,35.59,35.93,25.0655,25.1493,24.8629,25.1004,4719346.0,168911581.0,0.6985917060951851,5.96459955,214.308062,6.06817968,218.029696,0.007777202141120515
CN,002049,2016-11-14,35.94,36.31,35.82,36.07,25.1074,25.3659,25.0236,25.1982,5340875.0,192625544.0,0.6985916273911839,5.96459955,215.143106,6.06817968,218.879241,0.008801445048838764
CN,002049,2016-11-15,36.07,36.18,35.61,36.09,25.1982,25.2751,24.8769,25.2122,4000758.0,143566141.0,0.6985924078692157,5.96459955,215.262398,6.06817968,219.000605,0.006593011761312908
CN,002049,2016-11-16,36.14,36.68,35.98,36.31,25.2471,25.6244,25.1353,25.3659,6130921.0,223152889.0,0.6985926741944367,5.96459955,216.57461,6.06817968,220.335604,0.010103393972012377
CN,002049,2016-11-17,36.21,36.29,35.63,35.71,25.296,25.3519,24.8908,24.9467,4245346.0,152113831.0,0.6985914309717166,5.96459955,212.99585,6.06817968,216.694696,0.00699607827037844
CN,002049,2016-11-18,35.61,35.84,35.48,35.58,24.8769,25.0375,24.786,24.8559,2564180.0,91497587.0,0.6985919055649241,5.96459955,212.220452,6.06817968,215.905833,0.0042256164702097285
CN,002049,2016-11-21,35.68,35.85,35.01,35.51,24.9258,25.0445,24.4577,24.807,3273393.0,116601918.0,0.6985919459307237,5.96459955,211.80293,6.06817968,215.48106,0.005394357406371329
CN,002049,2016-11-22,35.57,36.1,35.5,36.0,24.8489,25.2192,24.8,25.1493,4503326.0,161209855.0,0.6985916666666667,5.96459955,214.725584,6.06817968,218.454468,0.007421214000703421
CN,002049,2016-11-23,36.4,36.75,36.02,36.13,25.4287,25.6733,25.1633,25.2401,7241519.0,263389970.0,0.6985911984500415,5.96459955,215.500982,6.06817968,219.243332,0.011933593568211547
CN,002049,2016-11-24,36.11,36.51,35.6,35.67,25.2262,25.5056,24.8699,24.9188,3827645.0,137614971.0,0.6985926548920661,5.96459955,212.757266,6.06817968,216.451969,0.0063077318106045275
CN,002049,2016-11-25,35.7,35.94,35.04,35.92,24.9397,25.1074,24.4787,25.0934,4480031.0,159366961.0,0.6985913140311804,5.96459955,214.248416,6.06817968,217.969014,0.007382825223131824
CN,002049,2016-11-28,35.79,35.91,35.47,35.52,25.0026,25.0864,24.7791,24.814,4364617.0,155519701.0,0.6985923423423422,5.96459955,211.862576,6.06817968,215.541742,0.007192629800309407
CN,002049,2016-11-29,35.52,36.14,35.32,35.48,24.814,25.2471,24.6743,24.786,4858945.0,173381883.0,0.6985907553551297,5.96459955,211.623992,6.06817968,215.299015,0.00800725300869799
CN,002049,2016-11-30,35.38,35.89,35.25,35.77,24.7162,25.0725,24.6254,24.9886,3945846.0,140202862.0,0.6985909980430528,5.96459955,213.353726,6.06817968,217.058787,0.006502520044034029
CN,002049,2016-12-01,35.61,35.72,35.26,35.34,24.8769,24.9537,24.6324,24.6882,5190395.0,183525806.0,0.6985908319185058,5.96459955,210.788948,6.06817968,214.44947,0.00855346293898799
CN,002049,2016-12-02,35.54,35.54,33.98,34.0,24.828,24.828,23.7382,23.7521,7731590.0,267703359.0,0.6985911764705882,5.96459955,202.796385,6.06817968,206.318109,0.01274120149322935
CN,002049,2016-12-05,33.85,34.2,33.51,33.95,23.6473,23.8918,23.4098,23.7172,3254369.0,110386059.0,0.6985920471281295,5.96459955,202.498155,6.06817968,206.0147,0.005363006983339689
CN,002049,2016-12-06,34.15,34.18,33.83,33.87,23.8569,23.8779,23.6334,23.6613,2111317.0,71677165.0,0.69859167404783,5.96459955,202.020987,6.06817968,205.529246,0.003479325121104522
CN,002049,2016-12-07,33.97,34.19,33.81,34.15,23.7312,23.884900000000002,23.6194,23.8569,2966391.0,100939286.0,0.6985915080527086,5.96459955,203.691075,6.06817968,207.228336,0.004888436329228801
CN,002049,2016-12-08,34.24,34.28,33.88,33.92,23.9198,23.9477,23.6683,23.6962,2616469.0,89167354.0,0.6985908018867925,5.96459955,202.319217,6.06817968,205.832655,0.004311785639149037
CN,002049,2016-12-09,33.77,33.93,33.33,33.82,23.5915,23.7032,23.2841,23.6264,5046267.0,170100864.0,0.6985925487876996,5.96459955,201.722757,6.06817968,205.225837,0.00831594854818142
CN,002049,2016-12-12,33.88,33.91,31.53,32.0,23.6683,23.6893,22.0266,22.3549,5738247.0,188280405.0,0.698590625,5.96459955,190.867186,6.06817968,194.18175,0.009456290523025514
CN,002049,2016-12-13,31.76,32.0,30.56,31.26,22.1873,22.3549,21.349,21.838,4087273.0,127910244.0,0.6985924504158669,5.96459955,186.453382,6.06817968,189.691297,0.006735583347129892
CN,002049,2016-12-14,31.24,31.24,30.41,30.69,21.824,21.824,21.2442,21.4398,3236838.0,99808484.0,0.6985923753665689,5.96459955,183.05356,6.06817968,186.232434,0.005334116935706822
CN,002049,2016-12-15,30.65,31.52,30.51,30.97,21.4118,22.0196,21.314,21.6354,2842132.0,88329041.0,0.6985921859864386,5.96459955,184.723648,6.06817968,187.931525,0.004683664871307832
CN,002049,2016-12-16,30.9,31.45,30.82,31.24,21.5865,21.9707,21.5306,21.824,2609054.0,81362911.0,0.6985915492957747,5.96459955,186.33409,6.06817968,189.569933,0.004299566159187956
CN,002049,2016-12-19,31.25,31.29,30.8,30.87,21.831,21.8589,21.5166,21.5655,1626824.0,50299124.0,0.6985908649173955,5.96459955,184.127188,6.06817968,187.324707,0.00268090940906351
CN,002049,2016-12-20,30.96,31.18,30.62,30.83,21.6284,21.7821,21.3909,21.5376,2520351.0,77756149.0,0.6985922802465132,5.96459955,183.888604,6.06817968,187.08198,0.0041533888792165755
CN,002049,2016-12-21,30.91,31.37,30.89,31.25,21.5935,21.9148,21.5795,21.831,2716416.0,84634273.0,0.698592,5.96459955,186.393736,6.06817968,189.630615,0.004476492363851691
CN,002049,2016-12-22,31.87,33.75,31.87,32.83,22.2641,23.5775,22.2641,22.9348,9393375.0,309259453.0,0.698592750533049,5.96459955,195.817803,6.06817968,199.218339,0.015479724555552382
CN,002049,2016-12-23,32.65,33.97,32.33,33.53,22.809,23.7312,22.5855,23.4238,9985587.0,333780349.0,0.6985923053981509,5.96459955,199.993023,6.06817968,203.466065,0.01645565478707117
CN,002049,2016-12-26,33.05,33.35,32.56,33.21,23.0885,23.298,22.7462,23.2002,5544110.0,182526114.0,0.6985907859078591,5.96459955,198.084351,6.06817968,201.524247,0.009136364267974345
CN,002049,2016-12-27,33.01,33.33,32.41,32.57,23.0605,23.2841,22.6414,22.7531,4142280.0,136197051.0,0.698590727663494,5.96459955,194.267007,6.06817968,197.640612,0.006826231618771051
CN,002049,2016-12-28,32.43,32.78,32.23,32.35,22.6553,22.8998,22.5156,22.5995,2913593.0,94622996.0,0.6985935085007727,5.96459955,192.954795,6.06817968,196.305613,0.004801428358495805
CN,002049,2016-12-29,32.35,32.69,32.2,32.32,22.5995,22.837,22.4947,22.5785,2351160.0,76432275.0,0.698592202970297,5.96459955,192.775857,6.06817968,196.123567,0.003874572151759356
CN,002049,2016-12-30,32.45,33.3,32.21,32.94,22.6693,23.2631,22.5016,23.0116,3953170.0,129995148.0,0.6985913782635095,5.96459955,196.473909,6.06817968,199.885839,0.006514589561395453
CN,002049,2017-01-03,33.15,33.92,33.1,33.13,23.1583,23.6962,23.1234,23.1444,4397097.0,147194710.0,0.698593419861153,5.96459955,197.607183,6.06817968,201.038793,0.00724615491280245
CN,002049,2017-01-04,32.98,33.4,32.81,33.05,23.0396,23.333,22.9208,23.0885,4930804.0,162967243.0,0.6985930408472013,5.96459955,197.130015,6.06817968,200.553338,0.008125672376266881
CN,002049,2017-01-05,33.04,33.54,32.55,32.59,23.0815,23.4308,22.7392,22.7671,6025238.0,199166815.0,0.6985915925130407,5.96459955,194.386299,6.06817968,197.761976,0.009929234659709352
CN,002049,2017-01-06,32.5,32.77,32.24,32.26,22.7042,22.8929,22.5226,22.5366,3294742.0,106772684.0,0.6985926844389337,5.96459955,192.417981,6.06817968,195.759476,0.005429539291427178
CN,002049,2017-01-09,32.26,32.48,31.87,32.34,22.5366,22.6903,22.2641,22.5925,3059000.0,98426393.0,0.6985930735930735,5.96459955,192.895149,6.06817968,196.244931,0.005041050465400853
CN,002049,2017-01-10,32.3,32.45,32.21,32.4,22.5645,22.6693,22.5016,22.6344,2945511.0,95229103.0,0.6985925925925927,5.96459955,193.253025,6.06817968,196.609022,0.004854027328340416
CN,002049,2017-01-11,32.38,32.64,32.24,32.28,22.6204,22.802,22.5226,22.5506,3004921.0,97413799.0,0.6985935563816604,5.96459955,192.537273,6.06817968,195.88084,0.004951931482688067
CN,002049,2017-01-12,32.36,32.54,31.51,31.51,22.6064,22.7322,22.0126,22.0126,4048812.0,129392605.0,0.698590923516344,5.96459955,187.944532,6.06817968,191.208342,0.006672201901575861
CN,002049,2017-01-13,31.5,31.65,31.0,31.03,22.0056,22.1104,21.6564,21.6773,3242678.0,101453419.0,0.6985916854656783,5.96459955,185.081524,6.06817968,188.295615,0.005343740909135373
CN,002049,2017-01-16,30.59,31.48,29.05,30.41,21.3699,21.9917,20.2941,21.2442,5076785.0,155671599.0,0.6985925682341335,5.96459955,181.383472,6.06817968,184.533344,0.008366240401108229
CN,002049,2017-01-17,30.61,30.68,29.49,30.38,21.3839,21.4328,20.6015,21.2232,4639554.0,139798167.0,0.6985911784068466,5.96459955,181.204534,6.06817968,184.351299,0.0076457096603309545
CN,002049,2017-01-18,30.26,30.47,29.9,29.91,21.1394,21.2861,20.8879,20.8949,2631923.0,79397483.0,0.6985924439986626,5.96459955,178.401173,6.06817968,181.499254,0.004337252914040278
CN,002049,2017-01-19,29.65,30.07,29.62,29.91,20.7133,21.0067,20.6923,20.8949,2377133.0,70925577.0,0.6985924439986626,5.96459955,178.401173,6.06817968,181.499254,0.003917374114406579
CN,002049,2017-01-20,29.92,30.66,29.9,30.52,20.9019,21.4188,20.8879,21.321,3377460.0,102687414.0,0.6985910878112713,5.96459955,182.039578,6.06817968,185.200844,0.005565853646574948
CN,002049,2017-01-23,30.59,30.88,30.51,30.6,21.3699,21.5725,21.314,21.3769,2596401.0,79599791.0,0.6985915032679738,5.96459955,182.516746,6.06817968,185.686298,0.004278714766072978
CN,002049,2017-01-24,30.5,31.23,30.33,30.88,21.3071,21.817,21.1883,21.5725,3818872.0,117656045.0,0.6985913212435234,5.96459955,184.186834,6.06817968,187.385389,0.0062932744272331765
CN,002049,2017-01-25,30.63,31.14,30.57,30.99,21.3979,21.7542,21.356,21.6494,2961707.0,91362877.0,0.698593094546628,5.96459955,184.84294,6.06817968,188.052888,0.004880717375198093
CN,002049,2017-01-26,31.03,31.16,30.83,30.9,21.6773,21.7681,21.5376,21.5865,2224186.0,68873244.0,0.6985922330097089,5.96459955,184.306126,6.06817968,187.506752,0.0036653265349585033
CN,002049,2017-02-03,30.9,31.06,30.7,30.9,21.5865,21.6983,21.4468,21.5865,1941787.0,60027995.0,0.6985922330097089,5.96459955,184.306126,6.06817968,187.506752,0.0031999497417650627
CN,002049,2017-02-06,30.71,31.05,30.62,30.95,21.4538,21.6913,21.3909,21.6214,2115844.0,65245797.0,0.6985912762520194,5.96459955,184.604356,6.06817968,187.810161,0.0034867853484523057
CN,002049,2017-02-07,30.95,31.35,30.95,31.15,21.6214,21.9009,21.6214,21.7611,3675512.0,114587564.0,0.6985906902086677,5.96459955,185.797276,6.06817968,189.023797,0.006057025654850089
CN,002049,2017-02-08,31.17,31.36,30.82,31.36,21.7751,21.9078,21.5306,21.9078,3684338.0,114692069.0,0.6985905612244898,5.96459955,187.049842,6.06817968,190.298115,0.006071570379076185
CN,002049,2017-02-09,31.42,31.88,31.25,31.5,21.9498,22.2711,21.831,22.0056,5090608.0,160721649.0,0.6985904761904762,5.96459955,187.884886,6.06817968,191.14766,0.008389019884790228
CN,002049,2017-02-10,31.42,31.94,31.17,31.45,21.9498,22.313,21.7751,21.9707,4821766.0,151900720.0,0.6985914149443562,5.96459955,187.586656,6.06817968,190.844251,0.007945984223064403
CN,002049,2017-02-13,31.44,31.44,31.03,31.27,21.9637,21.9637,21.6773,21.845,4044470.0,126306226.0,0.6985929005436521,5.96459955,186.513028,6.06817968,189.751979,0.006665046543249359
CN,002049,2017-02-14,31.29,31.39,31.19,31.23,21.8589,21.9288,21.7891,21.817,2838644.0,88832350.0,0.6985910983029139,5.96459955,186.274444,6.06817968,189.509251,0.0046779168543011895
CN,002049,2017-02-15,31.28,31.28,30.6,30.94,21.852,21.852,21.3769,21.6144,4543989.0,140641264.0,0.6985908209437621,5.96459955,184.54471,6.06817968,187.749479,0.007488224211581025
CN,002049,2017-02-16,30.91,31.15,30.71,30.97,21.5935,21.7611,21.4538,21.6354,2761954.0,85596320.0,0.6985921859864386,5.96459955,184.723648,6.06817968,187.931525,0.00455153628542522
CN,002049,2017-02-17,31.0,31.09,30.65,30.88,21.6564,21.7192,21.4118,21.5725,3231781.0,99672419.0,0.6985913212435234,5.96459955,184.186834,6.06817968,187.385389,0.005325783299811583
CN,002049,2017-07-17,27.74,27.74,27.74,27.74,19.4142,19.4142,19.4142,19.4142,1318400.0,36572416.0,0.6998630136986302,5.99800693,166.384712,6.06817968,168.331304,0.002172644960308756
CN,002049,2017-07-18,24.97,25.58,24.97,24.97,17.4756,17.9025,17.4756,17.4756,18958536.0,474509728.0,0.6998638366039247,5.99800693,149.770233,6.06817968,151.522447,0.0312425422445632
CN,002049,2017-07-19,24.68,25.11,23.68,24.22,17.2727,17.5736,16.5728,16.9507,17591742.0,426625599.0,0.6998637489677952,5.99800693,145.271728,6.06817968,146.971312,0.028990146844168597
CN,002049,2017-07-20,24.22,25.16,23.99,25.03,16.9507,17.6086,16.7898,17.5176,16064794.0,395552921.0,0.6998641630043948,5.99800693,150.130113,6.06817968,151.886537,0.026473827156021194
CN,002049,2017-07-21,25.08,26.16,25.08,25.32,17.552599999999998,18.3085,17.552599999999998,17.7206,12887901.0,329783322.0,0.6998657187993681,5.99800693,151.869535,6.06817968,153.64631,0.021238496022912758
CN,002049,2017-07-24,25.0,25.14,24.65,24.97,17.4966,17.5946,17.2517,17.4756,6794699.0,169119988.0,0.6998638366039247,5.99800693,149.770233,6.06817968,151.522447,0.011197260724487974
CN,002049,2017-07-25,24.97,25.52,24.93,25.14,17.4756,17.860500000000002,17.4476,17.5946,6750594.0,170415576.0,0.6998647573587907,5.99800693,150.789894,6.06817968,152.554037,0.011124578301873883
CN,002049,2017-07-26,25.1,25.11,24.54,24.79,17.5666,17.5736,17.1747,17.3496,5016644.0,124033988.0,0.6998628479225494,5.99800693,148.690592,6.06817968,150.430174,0.008267131602141353
CN,002049,2017-07-27,24.8,25.46,24.41,25.34,17.3566,17.8186,17.0837,17.7346,9030224.0,225984699.0,0.6998658247829519,5.99800693,151.989496,6.06817968,153.767673,0.01488127325854003
CN,002049,2017-07-28,25.2,25.27,24.75,24.85,17.6366,17.6856,17.3217,17.3916,5711041.0,143069181.0,0.6998631790744466,5.99800693,149.050472,6.06817968,150.794265,0.009411456649549968
CN,002049,2017-07-31,24.84,25.02,24.65,24.87,17.3846,17.5106,17.2517,17.4056,4722639.0,117331844.0,0.6998632891033373,5.99800693,149.170432,6.06817968,150.915629,0.0077826288096993195
CN,002049,2017-08-01,24.87,24.94,24.68,24.77,17.4056,17.4546,17.2727,17.3357,3881638.0,96282306.0,0.6998667743237788,5.99800693,148.570632,6.06817968,150.308811,0.006396709070420934
CN,002049,2017-08-02,24.78,25.02,24.03,24.06,17.3426,17.5106,16.8178,16.8387,8613945.0,211555130.0,0.6998628428927681,5.99800693,144.312047,6.06817968,146.000403,0.014195270170378343
CN,002049,2017-08-03,24.0,24.71,23.92,24.37,16.7968,17.2937,16.7408,17.0557,5579114.0,136102912.0,0.6998645876077144,5.99800693,146.171429,6.06817968,147.881539,0.009194048782682058
CN,002049,2017-08-04,24.33,24.88,24.26,24.64,17.0277,17.4126,16.9787,17.2447,5675584.0,139491041.0,0.6998660714285715,5.99800693,147.790891,6.06817968,149.519947,0.009353025617725282
CN,002049,2017-08-07,24.64,24.64,24.25,24.3,17.2447,17.2447,16.9717,17.0067,5045451.0,123015318.0,0.6998641975308642,5.99800693,145.751568,6.06817968,147.456766,0.008314603828606472
CN,002049,2017-08-08,24.28,24.54,24.15,24.25,16.9927,17.1747,16.901699999999998,16.9717,4246987.0,103299487.0,0.6998639175257731,5.99800693,145.451668,6.06817968,147.153357,0.0069987825409942375
CN,002049,2017-08-09,24.1,24.37,24.09,24.19,16.8667,17.0557,16.8597,16.9297,4141908.0,100258976.0,0.6998635799917321,5.99800693,145.091788,6.06817968,146.789266,0.006825618584847178
CN,002049,2017-08-10,24.21,24.32,23.86,23.9,16.9437,17.0207,16.6988,16.7268,5921052.0,142097944.0,0.6998661087866109,5.99800693,143.352366,6.06817968,145.029494,0.009757542314567718
CN,002049,2017-08-11,23.73,24.16,23.68,23.84,16.6078,16.9087,16.5728,16.6848,4350059.0,103821274.0,0.6998657718120805,5.99800693,142.992485,6.06817968,144.665404,0.00716863908024556
CN,002049,2017-08-14,23.86,24.35,23.86,24.34,16.6988,17.0417,16.6988,17.0347,6749259.0,163702728.0,0.6998644207066558,5.99800693,145.991489,6.06817968,147.699493,0.011122378301098692
CN,002049,2017-08-15,24.59,25.69,24.5,25.3,17.2097,17.9795,17.1467,17.7066,14448078.0,365010424.0,0.6998656126482213,5.99800693,151.749575,6.06817968,153.524946,0.023809575131104228
CN,002049,2017-08-16,25.24,25.98,24.91,25.69,17.6646,18.1825,17.4336,17.9795,12513910.0,318757857.0,0.6998637602179837,5.99800693,154.088798,6.06817968,155.891536,0.020622181049193982
CN,002049,2017-08-17,25.78,28.12,25.53,26.86,18.0425,19.6802,17.8675,18.7984,19249636.0,512130226.0,0.6998659717051378,5.99800693,161.106466,6.06817968,162.991306,0.03172225776940079
CN,002049,2017-08-18,26.62,27.55,26.4,26.54,18.6304,19.2813,18.4764,18.5744,13364102.0,360173389.0,0.6998643556895253,5.99800693,159.187104,6.06817968,161.049489,0.02202324701103775
CN,002049,2017-08-21,26.59,28.64,26.59,27.84,18.6094,20.0441,18.6094,19.4842,18368767.0,511340762.0,0.6998635057471265,5.99800693,166.984513,6.06817968,168.938122,0.03027063793206598
CN,002049,2017-08-22,27.77,27.77,27.12,27.25,19.4352,19.4352,18.9803,19.0713,10990809.0,301370797.0,0.6998642201834863,6.02715051,164.239851,6.06817968,165.357896,0.018112200988748575
CN,002049,2017-08-23,27.16,28.18,26.6,27.37,19.0083,19.7222,18.6164,19.1553,12050050.0,331172239.0,0.699864815491414,6.02715051,164.963109,6.06817968,166.086078,0.019857767296699427
CN,002049,2017-08-24,27.16,27.44,26.75,26.79,19.0083,19.2043,18.7214,18.7494,5988762.0,161710009.0,0.69986562150056,6.02715051,161.467362,6.06817968,162.566534,0.009869124376356635
CN,002049,2017-08-25,26.84,27.5,26.79,27.5,18.7844,19.2463,18.7494,19.2463,7624225.0,207769219.0,0.6998654545454546,6.02715051,165.746639,6.06817968,166.874941,0.012564270344743647
CN,002049,2017-08-28,27.57,28.45,27.57,28.11,19.2953,19.9112,19.2953,19.6732,11277218.0,316645930.0,0.6998648167911776,6.02715051,169.423201,6.06817968,170.576531,0.018584186023970866
CN,002049,2017-08-29,28.0,28.27,27.66,27.83,19.5962,19.7852,19.3583,19.4772,5835203.0,162767810.0,0.6998634567014014,6.02715051,167.735599,6.06817968,168.87744,0.009616068257227347
CN,002049,2017-08-30,27.83,28.09,27.63,27.79,19.4772,19.6592,19.3373,19.4492,5590702.0,155637709.0,0.6998632601655272,6.02715051,167.494513,6.06817968,168.634713,0.00921314511899885
CN,002049,2017-08-31,27.95,28.45,27.91,28.2,19.5612,19.9112,19.5332,19.7362,7641784.0,215373783.0,0.6998652482269504,6.02715051,169.965644,6.06817968,171.122667,0.012593206534714872
CN,002049,2017-09-01,28.19,28.56,27.71,28.32,19.7292,19.9881,19.3933,19.8202,7734942.0,217380544.0,0.6998658192090396,6.02715051,170.688902,6.06817968,171.850849,0.012746725390306834
CN,002049,2017-09-04,28.25,30.14,28.15,29.39,19.7712,21.0939,19.7012,20.569,16154035.0,476617690.0,0.6998638992854712,6.02715051,177.137953,6.06817968,178.343801,0.026620891028065273
CN,002049,2017-09-05,29.65,30.45,29.24,29.32,20.751,21.3109,20.464,20.52,12889090.0,384529696.0,0.6998635743519781,6.02715051,176.716053,6.06817968,177.919028,0.021240455424352232
CN,002049,2017-09-06,29.18,30.45,28.81,30.1,20.4221,21.3109,20.1631,21.0659,15888699.0,469137408.0,0.6998637873754152,6.02715051,181.41723,6.06817968,182.652208,0.026183633046277893
CN,002049,2017-09-07,30.28,30.49,29.5,29.56,21.1919,21.3389,20.646,20.688,12909722.0,387323681.0,0.6998646820027064,6.02715051,178.162569,6.06817968,179.375391,0.021274455735958035
CN,002049,2017-09-08,29.49,29.89,28.85,29.14,20.639,20.919,20.1911,20.3941,8909025.0,260874311.0,0.699866163349348,6.02715051,175.631166,6.06817968,176.826756,0.014681544499025118
CN,002049,2017-09-11,29.35,29.35,28.87,29.26,20.541,20.541,20.2051,20.478,7070182.0,205908600.0,0.6998632946001367,6.02715051,176.354424,6.06817968,177.554937,0.011651240360107465
CN,002049,2017-09-12,29.3,29.97,28.81,29.67,20.506,20.9749,20.1631,20.765,12360845.0,364005550.0,0.6998651836872262,6.02715051,178.825556,6.06817968,180.042891,0.02036993901274855
CN,002049,2017-09-13,29.53,29.66,29.1,29.16,20.667,20.758,20.3661,20.4081,6344757.0,185801402.0,0.699866255144033,6.02715051,175.751709,6.06817968,176.948119,0.0104557830100377
CN,002049,2017-09-14,29.26,29.79,28.91,29.09,20.478,20.849,20.2331,20.3591,7787685.0,227981607.0,0.699865933310416,6.02715051,175.329808,6.06817968,176.523347,0.012833642724303774
CN,002049,2017-09-15,29.01,29.13,28.55,28.66,20.3031,20.3871,19.9811,20.0581,6118883.0,175778751.0,0.6998639218422888,6.02715051,172.738134,6.06817968,173.91403,0.010083556062400578
CN,002049,2017-09-18,28.67,31.28,28.67,30.82,20.0651,21.8918,20.0651,21.5698,22835675.0,693895626.0,0.699863724853991,6.02715051,185.756779,6.06817968,187.021298,0.03763183722997471
CN,002049,2017-09-19,30.8,32.17,30.52,31.17,21.5558,22.5146,21.3599,21.814799999999998,28610684.0,896634009.0,0.6998652550529354,6.02715051,187.866281,6.06817968,189.145161,0.047148709347380434
CN,002049,2017-09-20,31.22,34.29,31.22,34.29,21.8498,23.9984,21.8498,23.9984,35228329.0,1178659673.0,0.6998658501020706,6.02715051,206.670991,6.06817968,208.077881,0.05805419558703641
CN,002049,2017-09-21,36.0,36.97,34.7,35.23,25.1951,25.874,24.2853,24.6562,59846939.0,2146999933.0,0.6998637524836787,6.02715051,212.336512,6.06817968,213.78197,0.09862420388975694
CN,002049,2017-09-22,34.4,36.73,33.55,36.15,24.0753,25.706,23.4805,25.3001,46461034.0,1642265290.0,0.6998644536652836,6.02715051,217.881491,6.06817968,219.364695,0.0765650268286057
CN,002049,2017-09-25,36.21,36.67,33.8,33.91,25.3421,25.664,23.6554,23.7324,34680602.0,1220431041.0,0.6998643468003539,6.02715051,204.380674,6.06817968,205.771973,0.05715157399558083
CN,002049,2017-09-26,33.5,33.77,32.32,33.26,23.4455,23.6344,22.6196,23.2775,30519977.0,1001655989.0,0.6998647023451594,6.02715051,200.463026,6.06817968,201.827656,0.050295110905483276
CN,002049,2017-09-27,33.0,34.4,32.73,33.85,23.0955,24.0753,22.9066,23.6904,24851840.0,836864013.0,0.6998641063515509,6.02715051,204.019045,6.06817968,205.407882,0.040954357501820055
CN,002049,2017-09-28,33.54,37.24,33.33,35.99,23.4735,26.063,23.3265,25.1881,39730866.0,1429286542.0,0.6998638510697415,6.02715051,216.917147,6.06817968,218.393787,0.06547410936256258
CN,002049,2017-09-29,35.81,37.18,35.4,37.18,25.0622,26.021,24.7752,26.021,41601104.0,1519531014.0,0.6998655190962884,6.02715051,224.089456,6.06817968,225.614921,0.06855615059836198
CN,002049,2017-10-09,37.71,38.37,36.53,36.7,26.3919,26.8538,25.5661,25.685,41757963.0,1564215892.0,0.6998637602179836,6.02715051,221.196424,6.06817968,222.702194,0.06881464492165466
CN,002049,2017-10-10,36.58,37.37,36.0,36.87,25.6011,26.1539,25.1951,25.804,22271641.0,817017313.0,0.6998643883916463,6.02715051,222.221039,6.06817968,223.733785,0.03670234267024868
CN,002049,2017-10-11,36.82,36.82,33.35,33.92,25.769,25.769,23.3405,23.7394,33781309.0,1182433571.0,0.6998643867924528,6.02715051,204.440945,6.06817968,205.832655,0.05566959249960773
CN,002049,2017-10-12,33.92,34.86,33.77,34.45,23.7394,24.3973,23.6344,24.1103,16612802.0,571148783.0,0.6998635703918722,6.02715051,207.635335,6.06817968,209.04879,0.02737691181880099
CN,002049,2017-10-13,34.43,34.83,33.82,34.37,24.0963,24.3763,23.6694,24.0544,12045568.0,413655327.0,0.6998661623508875,6.02715051,207.153163,6.06817968,208.563336,0.019850381226681146
CN,002049,2017-10-16,34.08,34.7,33.4,33.45,23.8514,24.2853,23.3755,23.4105,12846956.0,436405032.0,0.6998654708520179,6.02715051,201.608185,6.06817968,202.98061,0.02117102109277028
CN,002049,2017-10-17,33.4,34.67,33.4,34.09,23.3755,24.2643,23.3755,23.8584,12706393.0,433995538.0,0.6998650630683484,6.02715051,205.465561,6.06817968,206.864245,0.02093938161040083
CN,002049,2017-10-18,34.1,35.73,34.1,35.33,23.8654,25.0062,23.8654,24.7262,23082430.0,811579102.0,0.6998641381262383,6.02715051,212.939228,6.06817968,214.388788,0.03803847482644087
CN,002049,2017-10-19,35.33,35.34,33.6,34.12,24.7262,24.7332,23.5155,23.8794,15720505.0,539776081.0,0.6998651817116062,6.02715051,205.646375,6.06817968,207.046291,0.02590645931565428
CN,002049,2017-10-20,33.8,34.6,33.62,34.55,23.6554,24.2153,23.5295,24.1803,10862931.0,369442544.0,0.699863965267728,6.02715051,208.23805,6.06817968,209.655608,0.01790146563359508
CN,002049,2017-10-23,34.48,34.48,33.7,33.88,24.1313,24.1313,23.5854,23.7114,10106603.0,343239808.0,0.6998642266824084,6.02715051,204.199859,6.06817968,205.589928,0.016655081973446114
CN,002049,2017-10-24,33.57,33.57,31.22,31.51,23.4945,23.4945,21.8498,22.0527,25018021.0,800308743.0,0.6998635353855919,6.02715051,189.915513,6.06817968,191.208342,0.041228213927903996
CN,002049,2017-10-25,31.52,31.93,31.23,31.67,22.0597,22.3467,21.8568,22.1647,8149308.0,258305650.0,0.6998642248184401,6.02715051,190.879857,6.06817968,192.17925,0.013429575967994408
CN,002049,2017-10-26,31.7,33.0,31.62,32.38,22.1857,23.0955,22.1297,22.6616,15498282.0,503142686.0,0.6998641136504015,6.02715051,195.159134,6.06817968,196.487658,0.02554024899935066
CN,002049,2017-10-27,32.05,32.26,31.61,32.0,22.4307,22.5776,22.1227,22.3957,8265812.0,263943121.0,0.699865625,6.02715051,192.868816,6.06817968,194.18175,0.013621567646131401
CN,002049,2017-10-30,31.91,32.73,31.26,32.1,22.3327,22.9066,21.8778,22.4657,13592708.0,436570621.0,0.6998660436137071,6.02715051,193.471531,6.06817968,194.788568,0.022399976132545896
CN,002049,2017-10-31,32.0,32.63,31.5,32.48,22.3957,22.8366,22.0457,22.7316,10905417.0,350082728.0,0.6998645320197046,6.02715051,195.761849,6.06817968,197.094476,0.0179714800402878
CN,002049,2017-11-01,32.45,35.66,32.24,35.09,22.7106,24.9572,22.5636,24.5583,31860212.0,1097477548.0,0.699866058706184,6.02715051,211.492711,6.06817968,212.932425,0.05250373865000649
CN,002049,2017-11-02,34.9,35.6,34.32,35.19,24.4253,24.9152,24.0194,24.6282,25676505.0,900708091.0,0.6998635976129582,6.02715051,212.095426,6.06817968,213.539243,0.04231335648254898
CN,002049,2017-11-03,35.1,37.19,34.65,36.45,24.5653,26.028,24.2503,25.5101,35398878.0,1283731369.0,0.6998655692729767,6.02715051,219.689636,6.06817968,221.185149,0.058335250217903895
CN,002049,2017-11-06,36.8,38.26,35.82,36.71,25.755,26.7768,25.0692,25.692,37251139.0,1381306451.0,0.6998637973304277,6.02715051,221.256695,6.06817968,222.762876,0.061387666424538044
CN,002049,2017-11-07,36.51,39.89,36.13,39.45,25.5521,27.9176,25.2861,27.6097,50261739.0,1921229758.0,0.6998656527249683,6.02715051,237.771088,6.06817968,239.389688,0.08282836311794907
CN,002049,2017-11-08,39.01,39.51,38.52,39.28,27.3017,27.651699999999998,26.9588,27.4907,31082959.0,1211610723.0,0.6998650712830957,6.02715051,236.746472,6.06817968,238.358098,0.051222871831639635
CN,002049,2017-11-09,38.86,41.85,38.7,40.6,27.1967,29.2893,27.0848,28.4145,42362372.0,1719485319.0,0.6998645320197044,6.02715051,244.702311,6.06817968,246.368095,0.06981067508534948
CN,002049,2017-11-10,40.4,41.76,39.9,40.8,28.2745,29.2264,27.9246,28.5545,33521779.0,1370251933.0,0.6998651960784315,6.02715051,245.907741,6.06817968,247.581731,0.055241902461266604
CN,002049,2017-11-13,40.9,42.85,40.05,42.12,28.6245,29.9892,28.0296,29.4783,39426603.0,1639672655.0,0.6998646723646724,6.02715051,253.863579,6.06817968,255.591728,0.06497270199487568
CN,002049,2017-11-14,41.6,41.92,39.0,39.45,29.1144,29.3383,27.2947,27.6097,41332861.0,1672272527.0,0.6998656527249683,6.02715051,237.771088,6.06817968,239.389688,0.06811410205308885
CN,002049,2017-11-15,39.0,40.09,37.33,38.35,27.2947,28.0576,26.126,26.8398,32883291.0,1271604621.0,0.699864406779661,6.02715051,231.141222,6.06817968,232.714691,0.054189712127970475
CN,002049,2017-11-16,38.64,39.5,37.68,39.36,27.0428,27.6447,26.3709,27.5467,29924322.0,1162241157.0,0.6998653455284554,6.02715051,237.228644,6.06817968,238.843552,0.049313506814287346
CN,002049,2017-11-17,39.55,41.28,38.58,38.6,27.6797,28.8904,27.0008,27.0148,38198571.0,1523076671.0,0.6998652849740933,6.02715051,232.64801,6.06817968,234.231736,0.06294897813572982
CN,002049,2017-11-20,39.31,42.46,39.05,42.46,27.5117,29.7163,27.3297,29.7163,59452780.0,2471466464.0,0.6998657560056524,6.02715051,255.912811,6.06817968,257.654909,0.09797465324889655
CN,002049,2017-11-21,44.0,46.18,43.48,45.52,30.794,32.3198,30.4301,31.8578,72760772.0,3247935070.0,0.6998637961335676,6.02715051,274.355891,6.06817968,276.223539,0.11990543430975004
CN,002049,2017-11-22,45.0,50.0,44.75,49.91,31.4939,34.9932,31.3189,34.9303,76222322.0,3632410431.0,0.6998657583650572,6.02715051,300.815082,6.06817968,302.862848,0.1256098632860522
CN,002049,2017-11-23,49.0,52.18,47.52,49.31,34.2934,36.5189,33.2576,34.5103,75800238.0,3786170865.0,0.6998641249239504,6.02715051,297.198792,6.06817968,299.22194,0.12491429390238491
CN,002049,2017-11-24,49.8,50.8,45.03,46.0,34.8533,35.5531,31.5149,32.1938,63423149.0,3097393400.0,0.6998652173913044,6.02715051,277.248923,6.06817968,279.136265,0.10451758574162721
CN,002049,2017-11-27,45.2,47.5,44.5,45.19,31.6339,33.2436,31.144,31.6269,49822183.0,2287229439.0,0.6998650143837132,6.02715051,272.366932,6.06817968,274.22104,0.08210400091514759
CN,002049,2017-11-28,44.75,49.71,44.05,49.71,31.3189,34.7903,30.829,34.7903,61263351.0,2860249840.0,0.6998652182659425,6.02715051,299.609652,6.06817968,301.649212,0.10095836680959981
CN,002049,2017-11-29,48.96,51.5,47.82,49.0,34.2654,36.043,33.4675,34.2934,68669518.0,3401584776.0,0.6998653061224489,6.02715051,295.330375,6.06817968,297.340804,0.1131632905108703
CN,002049,2017-11-30,46.91,49.67,45.5,47.93,32.8307,34.7623,31.8438,33.5445,51812650.0,2467142271.0,0.6998643855622783,6.02715051,288.881324,6.06817968,290.847852,0.085384172408026
CN,002049,2017-12-01,47.2,51.5,47.18,50.31,33.0336,36.043,33.0196,35.2102,66359414.0,3313246125.0,0.6998648380043728,6.02715051,303.225942,6.06817968,305.29012,0.1093563762106662
CN,002049,2017-12-04,49.27,50.25,47.5,48.3,34.4823,35.1682,33.2436,33.8035,47143503.0,2291705639.0,0.6998654244306418,6.02715051,291.11137,6.06817968,293.093079,0.07768969523987464
CN,002049,2017-12-05,47.0,47.65,43.51,44.81,32.8936,33.3486,30.4511,31.3609,51096128.0,2336379317.0,0.6998638696719482,6.02715051,270.076614,6.06817968,271.915131,0.0842033866736128
CN,002049,2017-12-06,44.0,48.55,44.0,48.01,30.794,33.9784,30.794,33.6005,52610521.0,2431050797.0,0.6998646115392626,6.02715051,289.363496,6.06817968,291.333306,0.08669901646682947
CN,002049,2017-12-07,47.3,47.72,45.62,45.88,33.1036,33.3975,31.9278,32.1098,38959002.0,1824248930.0,0.6998648648648649,6.02715051,276.525665,6.06817968,278.408084,0.06420212329638861
CN,002049,2017-12-08,45.39,50.18,45.32,48.01,31.7669,35.1192,31.7179,33.6005,66199896.0,3216595846.0,0.6998646115392626,6.02715051,289.363496,6.06817968,291.333306,0.10909350001317034
CN,002049,2017-12-11,48.2,50.66,47.51,50.38,33.7335,35.4551,33.2506,35.2592,62847032.0,3112201862.0,0.6998650258038904,6.02715051,303.647843,6.06817968,305.714892,0.10356817911495989
CN,002049,2017-12-12,49.99,51.95,49.2,50.41,34.9862,36.358,34.4333,35.2802,53752737.0,2721624688.0,0.6998651061297362,6.02715051,303.828657,6.06817968,305.896938,0.08858132065067657
CN,002049,2017-12-13,50.55,51.46,49.33,51.18,35.3782,36.015,34.5243,35.8191,45160280.0,2280061968.0,0.699865181711606,6.02715051,308.469563,6.06817968,310.569436,0.0744214614291052
CN,002049,2017-12-14,51.2,54.47,50.86,52.76,35.8331,38.1216,35.5951,36.9249,72824974.0,3836821153.0,0.6998654283548142,6.02715051,317.992461,6.06817968,320.15716,0.1200112353957192
CN,002049,2017-12-15,52.07,53.15,49.7,51.65,36.442,37.1978,34.7833,36.148,55575798.0,2868565834.0,0.699864472410455,6.02715051,311.302324,6.06817968,313.42148,0.09158561699016797
CN,002049,2017-12-18,50.4,50.8,47.51,48.76,35.2732,35.5531,33.2506,34.1254,43276980.0,2128640806.0,0.6998646431501231,6.02715051,293.883859,6.06817968,295.884441,0.0713178947924627
CN,002049,2017-12-19,48.9,49.9,47.75,49.22,34.2234,34.9233,33.4185,34.4473,33882776.0,1656357875.0,0.6998638764729784,6.02715051,296.656348,6.06817968,298.675804,0.05583680409410685
CN,002049,2017-12-20,48.8,49.5,46.7,48.39,34.1534,34.643299999999996,32.6837,33.8665,43271406.0,2087542269.0,0.6998656747261831,6.02715051,291.653813,6.06817968,293.639215,0.07130870917124854
CN,002049,2017-12-21,47.99,50.58,47.0,49.72,33.5865,35.3992,32.8936,34.7973,45199587.0,2224584467.0,0.6998652453740949,6.02715051,299.669923,6.06817968,301.709894,0.07448623703245386
CN,002049,2017-12-22,49.4,50.22,48.2,48.78,34.5733,35.1472,33.7335,34.1394,30626141.0,1503206828.0,0.6998646986469865,6.02715051,294.004402,6.06817968,296.005805,0.05047006287724163
CN,002049,2017-12-25,48.6,49.17,47.08,47.25,34.0134,34.4124,32.9496,33.0686,27816113.0,1327847427.0,0.6998645502645503,6.02715051,284.782862,6.06817968,286.72149,0.045839303492740346
CN,002049,2017-12-26,46.95,47.44,44.8,46.82,32.8587,33.2016,31.3539,32.7677,37983392.0,1748261118.0,0.6998654421187526,6.02715051,282.191187,6.06817968,284.112173,0.06259437591340407
CN,002049,2017-12-27,46.16,48.65,46.01,46.61,32.3058,34.0484,32.2008,32.6207,33119432.0,1567072186.0,0.6998648358721304,6.02715051,280.925485,6.06817968,282.837855,0.054578858482318374
CN,002049,2017-12-28,45.5,48.49,45.09,47.99,31.8438,33.9364,31.5569,33.5865,43305046.0,2046073307.0,0.699864555115649,6.02715051,289.242953,6.06817968,291.211943,0.07136414589490205
CN,002049,2017-12-29,47.09,49.23,46.64,47.99,32.9566,34.4543,32.6417,33.5865,42869979.0,2067282020.0,0.699864555115649,6.02715051,289.242953,6.06817968,291.211943,0.07064718129770343
CN,002049,2018-01-02,47.66,48.19,46.58,47.21,33.3556,33.7265,32.5997,33.0406,32077257.0,1511674867.0,0.6998644355009531,6.02715051,284.541776,6.06817968,286.478763,0.05286141592959555
CN,002049,2018-01-03,46.97,49.56,46.77,49.22,32.8726,34.6853,32.7327,34.4473,46490814.0,2247511319.0,0.6998638764729784,6.02715051,296.656348,6.06817968,298.675804,0.0766141025013287
CN,002049,2018-01-04,48.7,50.88,48.62,49.81,34.0834,35.6091,34.0274,34.8603,53436131.0,2656298516.0,0.6998654888576591,6.02715051,300.212367,6.06817968,302.25603,0.08805957275147792
CN,002049,2018-01-05,49.46,49.65,48.2,48.2,34.6153,34.7483,33.7335,33.7335,31659011.0,1543552212.0,0.6998651452282157,6.02715051,290.508655,6.06817968,292.486261,0.05217217134216434
CN,002049,2018-01-08,47.55,47.64,46.01,47.14,33.2786,33.3416,32.2008,32.9916,33148903.0,1550533966.0,0.6998642341960118,6.02715051,284.119875,6.06817968,286.05399,0.054627424941378795
CN,002049,2018-01-09,47.0,47.4,46.35,46.94,32.8936,33.1736,32.4387,32.8517,18262945.0,856274049.0,0.6998657861099277,6.02715051,282.914445,6.06817968,284.840354,0.03009624955601183
CN,002049,2018-01-10,46.85,47.46,45.71,46.2,32.7887,33.2156,31.9908,32.3338,22455870.0,1045793710.0,0.6998658008658007,6.02715051,278.454354,6.06817968,280.349901,0.037005941129284424
CN,002049,2018-01-11,45.85,47.42,45.73,47.0,32.0888,33.1876,32.0048,32.8936,24164319.0,1131696727.0,0.699863829787234,6.02715051,283.276074,6.06817968,285.204445,0.03982136369435916
CN,002049,2018-01-12,46.8,47.45,45.6,45.6,32.7537,33.2086,31.9138,31.9138,20947783.0,970498616.0,0.6998640350877192,6.02715051,274.838063,6.06817968,276.708993,0.03452070324984181
CN,002049,2018-01-15,45.0,45.02,41.04,41.22,31.4939,31.5079,28.7224,28.8484,46067679.0,1956141287.0,0.6998641436196021,6.02715051,248.439144,6.06817968,250.130366,0.0759168011320324
CN,002049,2018-01-16,40.39,41.68,40.2,40.75,28.2675,29.1704,28.1346,28.5195,23076200.0,941440310.0,0.6998650306748466,6.02715051,245.606383,6.06817968,247.278322,0.038028208156156644
CN,002049,2018-01-17,40.9,42.1,38.59,41.53,28.6245,29.4643,27.0078,29.0654,32083818.0,1303091508.0,0.6998651577173127,6.02715051,250.307561,6.06817968,252.011502,0.052872228068236764
CN,002049,2018-01-18,40.8,41.26,40.0,40.0,28.5545,28.8764,27.9946,27.9946,18171873.0,736942585.0,0.699865,6.02715051,241.08602,6.06817968,242.727187,0.029946168304627395
CN,002049,2018-01-19,40.1,40.75,39.5,39.58,28.0646,28.5195,27.6447,27.7006,16170716.0,648363965.0,0.6998635674583124,6.02715051,238.554617,6.06817968,240.178552,0.026648380326140902
CN,002049,2018-01-22,39.66,40.51,38.5,40.05,27.7566,28.3515,26.9448,28.0296,18459884.0,733004034.0,0.6998651685393259,6.02715051,241.387378,6.06817968,243.030596,0.030420793340779916
CN,002049,2018-01-23,39.93,40.78,39.9,40.17,27.9456,28.5405,27.9246,28.1136,14130181.0,568872699.0,0.699865571321882,6.02715051,242.110636,6.06817968,243.758778,0.02328569974051922
CN,002049,2018-01-24,40.25,43.99,39.65,42.9,28.1696,30.7871,27.7496,30.0242,36312288.0,1520096418.0,0.6998648018648019,6.02715051,258.564757,6.06817968,260.324908,0.05984049569211174
CN,002049,2018-01-25,42.5,43.2,42.0,42.0,29.7443,30.2342,29.3943,29.3943,21239807.0,903443784.0,0.6998642857142857,6.02715051,253.140321,6.06817968,254.863547,0.03500194147184515
CN,002049,2018-01-26,42.2,42.77,41.51,41.64,29.5343,29.9332,29.0514,29.1424,14055687.0,590478206.0,0.6998655139289145,6.02715051,250.970547,6.06817968,252.679002,0.02316293804932289
CN,002049,2018-01-29,41.5,42.2,39.2,39.73,29.0444,29.5343,27.4347,27.8056,19951478.0,806651367.0,0.6998640825572615,6.02715051,239.45869,6.06817968,241.088779,0.03287885173499015
CN,002049,2018-01-30,39.31,39.98,38.84,39.19,27.5117,27.9806,27.1827,27.4277,11790701.0,464754859.0,0.6998647614187293,6.02715051,236.204028,6.06817968,237.811962,0.019430375535616967
CN,002049,2018-01-31,38.5,39.0,35.68,36.59,26.9448,27.2947,24.9712,25.6081,24005423.0,886583922.0,0.6998660836294068,6.02715051,220.533437,6.06817968,222.034694,0.03955951251595108
CN,002049,2018-02-01,36.67,37.26,35.96,36.4,25.664,26.077,25.1671,25.4751,16414371.0,601822346.0,0.6998653846153847,6.02715051,219.388279,6.06817968,220.88174,0.027049909306574783
CN,002049,2018-02-02,36.1,37.3,34.86,36.61,25.2651,26.105,24.3973,25.622,14081705.0,515456918.0,0.6998634252936357,6.02715051,220.65398,6.06817968,222.156058,0.023205814169299614
CN,002049,2018-02-05,35.82,37.4,35.48,36.03,25.0692,26.1749,24.8312,25.2161,11891635.0,434091044.0,0.6998640022203719,6.02715051,217.158233,6.06817968,218.636514,0.019596708777746673
CN,002049,2018-02-06,34.62,35.88,33.22,33.4,24.2293,25.1111,23.2495,23.3755,17853266.0,616750261.0,0.6998652694610779,6.02715051,201.306827,6.06817968,202.677201,0.02942112287617693
CN,002049,2018-02-07,34.35,35.25,32.9,34.39,24.0404,24.6702,23.0256,24.0683,20159752.0,687749684.0,0.6998633323640593,6.02715051,207.273706,6.06817968,208.684699,0.033222074927089174
CN,002049,2018-02-08,34.2,36.0,34.0,35.74,23.9354,25.1951,23.7954,25.0132,19982814.0,704992144.0,0.6998656966983772,6.02715051,215.410359,6.06817968,216.876742,0.03293049160337322
CN,002049,2018-02-09,34.58,35.97,33.51,34.17,24.2013,25.1741,23.4525,23.9144,18130181.0,631573728.0,0.6998653789874159,6.02715051,205.947733,6.06817968,207.3497,0.029877462362815202
CN,002049,2018-02-12,34.8,36.3,34.51,36.11,24.3553,25.4051,24.1523,25.272100000000002,17851089.0,634975954.0,0.6998643035170313,6.02715051,217.640405,6.06817968,219.121968,0.029417535309369747
CN,002049,2018-02-13,36.5,36.65,35.63,35.7,25.5451,25.65,24.9362,24.9852,16847784.0,606747838.0,0.6998655462184873,6.02715051,215.169273,6.06817968,216.634015,0.027764148209929077
CN,002049,2018-02-14,35.89,35.99,34.6,34.8,25.1181,25.1881,24.2153,24.3553,11373218.0,398394724.0,0.6998649425287357,6.02715051,209.744838,6.06817968,211.172653,0.01874238832690597
CN,002049,2018-02-22,35.86,38.28,35.41,38.28,25.0972,26.7908,24.7822,26.7908,27638407.0,1040227015.0,0.6998641588296761,6.02715051,230.719322,6.06817968,232.289918,0.04554645455060091
CN,002049,2018-02-23,39.09,41.5,38.28,40.94,27.3577,29.0444,26.7908,28.6525,46058805.0,1816598127.0,0.699865657059111,6.02715051,246.751542,6.06817968,248.431276,0.07590217730665484
CN,002049,2018-02-26,40.25,43.48,40.25,42.32,28.1696,30.4301,28.1696,29.6183,44549623.0,1875542195.0,0.6998653119092628,6.02715051,255.06901,6.06817968,256.805364,0.07341513493219436
CN,002049,2018-02-27,42.46,43.18,41.52,42.48,29.7163,30.2202,29.0584,29.7303,34433826.0,1459970661.0,0.6998658192090396,6.02715051,256.033354,6.06817968,257.776273,0.0567449017923609
CN,002049,2018-02-28,42.0,43.35,41.41,42.6,29.3943,30.3391,28.9814,29.8142,32155534.0,1366534933.0,0.6998638497652582,6.02715051,256.756612,6.06817968,258.504454,0.05299041178029191
CN,002049,2018-03-01,42.0,45.82,41.8,44.96,29.3943,32.0678,29.2543,31.4659,47345254.0,2083019290.0,0.6998643238434163,6.02715051,270.980687,6.06817968,272.825358,0.07802216891507735
CN,002049,2018-03-02,44.0,44.88,43.11,43.84,30.794,31.4099,30.1712,30.6821,34575268.0,1521807629.0,0.6998654197080291,6.02715051,264.230278,6.06817968,266.028997,0.0569779898145666
CN,002049,2018-03-05,43.9,47.98,43.51,47.4,30.7241,33.5795,30.4511,33.1736,47813493.0,2188589047.0,0.6998649789029536,6.02715051,285.686934,6.06817968,287.631717,0.07879379899970265
CN,002049,2018-03-06,47.0,48.39,46.2,46.94,32.8936,33.8665,32.3338,32.8517,42608874.0,2007364510.0,0.6998657861099277,6.02715051,282.914445,6.06817968,284.840354,0.07021689575282979
CN,002049,2018-03-07,47.0,48.97,46.6,47.29,32.8936,34.2724,32.6137,33.0966,39825496.0,1909424407.0,0.699864664834003,6.02715051,285.023948,6.06817968,286.964217,0.06563005398679955
CN,002049,2018-03-08,46.82,47.18,45.85,46.45,32.7677,33.0196,32.0888,32.5087,28200149.0,1307246676.0,0.699864370290635,6.02715051,279.961141,6.06817968,281.866946,0.046472172030344365
CN,002049,2018-03-09,46.22,48.23,46.1,47.95,32.3477,33.7545,32.2638,33.5585,34080181.0,1618071590.0,0.6998644421272159,6.02715051,289.001867,6.06817968,290.969216,0.05616211581922043
CN,002049,2018-03-12,48.33,49.55,47.56,48.85,33.8245,34.6783,33.2856,34.1884,33697191.0,1637392790.0,0.6998648925281474,6.02715051,294.426302,6.06817968,296.430577,0.05553097102754215
CN,002049,2018-03-13,48.9,50.33,47.9,48.17,34.2234,35.2242,33.5235,33.7125,36702011.0,1807964737.0,0.6998650612414365,6.02715051,290.32784,6.06817968,292.304215,0.060482736068224005
CN,002049,2018-03-14,48.0,48.84,46.01,46.27,33.5935,34.1814,32.2008,32.3827,35155833.0,1668640657.0,0.6998638426626324,6.02715051,278.876254,6.06817968,280.774674,0.05793472648126992
CN,002049,2018-03-15,45.9,48.87,45.87,48.78,32.1238,34.2024,32.1028,34.1394,40445729.0,1922542500.0,0.6998646986469865,6.02715051,294.004402,6.06817968,296.005805,0.06665216116342818
CN,002049,2018-03-16,48.71,48.94,46.75,47.43,34.0904,34.2514,32.7187,33.1946,31618245.0,1510310363.0,0.699865064305292,6.02715051,285.867749,6.06817968,287.813762,0.05210499139339921
CN,002049,2018-03-19,46.95,50.33,46.95,49.04,32.8587,35.2242,32.8587,34.3214,46529829.0,2274320684.0,0.6998654159869494,6.02715051,295.571461,6.06817968,297.583532,0.07667839690600592
CN,002049,2018-03-20,48.4,49.37,47.89,49.29,33.8735,34.5523,33.5165,34.4963,29677726.0,1446115431.0,0.6998640697910327,6.02715051,297.078249,6.06817968,299.100576,0.04890713124038542
CN,002049,2018-03-21,49.55,51.3,48.78,48.88,34.6783,35.9031,34.1394,34.2094,47486315.0,2374684504.0,0.6998649754500819,6.02715051,294.607117,6.06817968,296.612623,0.07825462907189328
CN,002049,2018-03-22,48.7,50.96,47.2,48.28,34.0834,35.6651,33.0336,33.7895,56434686.0,2792969316.0,0.6998653686826842,6.02715051,290.990827,6.06817968,292.971715,0.0930010134439526
CN,002049,2018-03-23,45.5,47.2,44.01,46.19,31.8438,33.0336,30.801,32.3268,47143497.0,2161660272.0,0.6998657718120805,6.02715051,278.394082,6.06817968,280.289219,0.0776896853522307
CN,002049,2018-03-26,46.15,50.81,46.15,50.7,32.2988,35.5601,32.2988,35.4831,57897337.0,2832725329.0,0.6998639053254437,6.02715051,305.576531,6.06817968,307.65671,0.09541137549176856
CN,002049,2018-03-27,50.95,53.2,50.22,52.74,35.6581,37.2328,35.1472,36.9109,63062265.0,3257000435.0,0.6998653773227151,6.02715051,317.871918,6.06817968,320.035796,0.10392287032608105
CN,002049,2018-03-28,51.8,52.5,51.01,51.71,36.253,36.7429,35.7001,36.19,38426452.0,1988842780.0,0.6998646296654418,6.02715051,311.663953,6.06817968,313.785571,0.06332451250026268
CN,002049,2018-03-29,52.1,52.81,49.86,50.9,36.463,36.9599,34.8953,35.6231,40127746.0,2053541951.0,0.6998644400785855,6.02715051,306.781961,6.06817968,308.870346,0.06612814404994678
CN,002049,2018-03-30,50.74,52.3,50.36,51.97,35.5111,36.6029,35.2452,36.372,44126498.0,2278814941.0,0.6998653069078314,6.04599648,314.210437,6.06817968,315.363298,0.07271785004230462
CN,002049,2018-04-02,52.48,54.26,50.91,51.71,36.7289,37.9747,35.6301,36.19,56953006.0,2997929784.0,0.6998646296654418,6.04599648,312.638478,6.06817968,313.785571,0.09385517404454971
CN,002049,2018-04-03,50.0,50.96,48.88,50.58,34.9932,35.6651,34.2094,35.3992,35534053.0,1775154736.0,0.6998655595096877,6.04599648,305.806502,6.06817968,306.92852800000003,0.058558010596021115
CN,002049,2018-04-04,50.5,50.66,48.21,48.69,35.3432,35.4551,33.7405,34.0764,29985980.0,1482265101.0,0.6998644485520641,6.04599648,294.379569,6.06817968,295.459669,0.04941511553922873
CN,002049,2018-04-09,48.0,48.3,44.01,45.98,33.5935,33.8035,30.801,32.1798,47543748.0,2196037082.0,0.6998651587646804,6.04599648,277.994918,6.06817968,279.014902,0.07834927524756485
CN,002049,2018-04-10,46.46,46.58,44.75,46.31,32.5157,32.5997,31.3189,32.4107,29271346.0,1341844598.0,0.6998639602677607,6.04599648,279.990097,6.06817968,281.017401,0.04823744111677326
CN,002049,2018-04-11,46.67,46.97,45.63,45.75,32.6627,32.8726,31.9348,32.0188,26278177.0,1216918078.0,0.699864480874317,6.04599648,276.604339,6.06817968,277.61922,0.0433048762326695
CN,002049,2018-04-12,45.76,47.26,45.76,46.28,32.0258,33.0756,32.0258,32.3897,28845087.0,1342842520.0,0.6998638720829732,6.04599648,279.808717,6.06817968,280.835356,0.04753499158086894
CN,002049,2018-04-13,46.68,47.1,45.8,46.7,32.6697,32.9636,32.0538,32.6837,25936246.0,1209056959.0,0.699865096359743,6.04599648,282.348036,6.06817968,283.383991,0.04274139423636843
CN,002049,2018-04-16,46.3,48.15,45.98,47.94,32.4037,33.6985,32.1798,33.5515,34970058.0,1658735406.0,0.6998644138506466,6.04599648,289.845071,6.06817968,290.908534,0.057628580305980656
CN,002049,2018-04-17,48.48,50.0,46.47,49.03,33.9294,34.9932,32.5227,34.3144,50750960.0,2476787612.0,0.69986538853763,6.04599648,296.435207,6.06817968,297.52285,0.08363457029340964
CN,002049,2018-04-18,50.01,53.93,50.01,53.93,35.0002,37.7437,35.0002,37.7437,80031127.0,4221434197.0,0.699864639347302,6.04599648,326.06059,6.06817968,327.25693,0.13188654789470572
CN,002049,2018-04-19,55.0,57.87,54.03,54.38,38.4926,40.5012,37.8137,38.0586,105767947.0,5895683554.0,0.699863920559029,6.04599648,328.781289,6.06817968,329.987611,0.17429929991789564
CN,002049,2018-04-20,53.51,59.75,53.06,58.15,37.4498,41.8169,37.1348,40.6971,98055677.0,5569657533.0,0.6998641444539982,6.04599648,351.574695,6.06817968,352.864648,0.16158993663813198
CN,002049,2018-04-23,58.6,60.76,56.56,58.5,41.0121,42.5238,39.5844,40.9421,83821120.0,4891031214.0,0.6998649572649573,6.04599648,353.690794,6.06817968,354.988511,0.13813223144374656
CN,002049,2018-04-24,56.93,60.16,56.0,59.1,39.8433,42.1039,39.1924,41.362,67126758.0,3901630882.0,0.6998646362098139,6.04599648,357.318392,6.06817968,358.629419,0.11062091358507696
CN,002049,2018-04-25,58.14,59.66,56.68,57.2,40.6901,41.7539,39.6683,40.0323,60790281.0,3527330540.0,0.6998653846153846,6.04599648,345.830999,6.06817968,347.099878,0.10017877552366743
CN,002049,2018-04-26,58.0,58.93,56.8,57.04,40.5922,41.243,39.7523,39.9203,53581299.0,3103882225.0,0.6998650070126227,6.04599648,344.863639,6.06817968,346.128969,0.08829880100056628
CN,002049,2018-04-27,58.04,58.3,52.68,53.15,40.6202,40.8021,36.8689,37.1978,64588869.0,3511204446.0,0.6998645343367828,6.04599648,321.344713,6.06817968,322.52375,0.10643862312264293
CN,002049,2018-05-02,53.5,54.14,52.04,53.8,37.4428,37.8907,36.421,37.6527,37791555.0,2015952687.0,0.6998643122676581,6.04599648,325.274611,6.06817968,326.468067,0.06227823992186072
CN,002049,2018-05-03,53.0,54.15,50.85,53.8,37.0928,37.8977,35.5881,37.6527,44467212.0,2335755801.0,0.6998643122676581,6.04599648,325.274611,6.06817968,326.468067,0.07327932649482785
CN,002049,2018-05-04,53.46,58.1,52.71,56.12,37.4148,40.6621,36.8899,39.2764,60430590.0,3366741680.0,0.699864575908767,6.04599648,339.301322,6.06817968,340.546244,0.09958602610132336
CN,002049,2018-05-07,55.39,56.97,55.03,56.89,38.7655,39.8713,38.5136,39.8153,39652103.0,2221365742.0,0.6998646510810336,6.04599648,343.95674,6.06817968,345.218742,0.06534431261270761
CN,002049,2018-05-08,56.55,56.7,53.53,54.98,39.5774,39.6823,37.4638,38.4786,48193970.0,2657725864.0,0.6998654056020371,6.04599648,332.408886,6.06817968,333.628519,0.07942080251651348
CN,002049,2018-05-09,54.13,56.29,54.12,54.83,37.9181,39.4312,37.9111,38.4085,34550998.0,1908758195.0,0.7005015502462155,6.04599648,331.501987,6.06817968,332.718292,0.05693799429485582
CN,002049,2018-05-10,54.8,54.8,52.6,53.58,38.3875,38.3875,36.8464,37.5329,37170020.0,1991153482.0,0.7005020530048526,6.04599648,323.944491,6.06817968,325.133067,0.06125398712649854
CN,002049,2018-05-11,53.24,54.2,52.4,52.55,37.2947,37.9672,36.7063,36.8113,31141965.0,1656750499.0,0.700500475737393,6.04599648,317.717115,6.06817968,318.882842,0.051320110217962435
CN,002049,2018-05-14,51.03,52.59,50.4,50.74,35.7466,36.8394,35.3053,35.5434,36563954.0,1872348782.0,0.7005005912495073,6.04599648,306.773861,6.06817968,307.899437,0.060255226325137426
CN,002049,2018-05-15,51.17,51.95,50.51,51.9,35.8446,36.391,35.3823,36.356,27900331.0,1432744384.0,0.7005009633911369,6.04599648,313.787217,6.06817968,314.938525,0.04597808975887148
CN,002049,2018-05-16,51.5,51.95,50.9,51.18,36.0758,36.391,35.6555,35.8516,22951272.0,1178595048.0,0.7005001953888237,6.04599648,309.4341,6.06817968,310.569436,0.037822334225937095
CN,002049,2018-05-17,50.88,52.31,50.76,51.58,35.6415,36.6432,35.5574,36.1318,24420296.0,1264734058.0,0.7005001938735944,6.04599648,311.852498,6.06817968,312.996708,0.04024319859955103
CN,002049,2018-05-18,51.65,51.77,49.68,50.58,36.1809,36.2649,34.8009,35.4313,25817622.0,1305101850.0,0.7005001977066034,6.04599648,305.806502,6.06817968,306.92852800000003,0.042545908924041614
CN,002049,2018-05-21,50.6,53.32,50.33,53.11,35.4454,37.3507,35.2562,37.2036,41269120.0,2151759201.0,0.7005008472980606,6.04599648,321.102873,6.06817968,322.281023,0.0680090606677619
CN,002049,2018-05-22,52.75,53.3,52.22,53.09,36.9514,37.3367,36.5802,37.1896,27359115.0,1445603085.0,0.7005010359766434,6.04599648,320.981953,6.06817968,322.159659,0.04508619790902434
CN,002049,2018-05-23,53.1,54.8,52.6,53.31,37.1966,38.3875,36.8464,37.3437,41199233.0,2213909040.0,0.7005008441193021,6.04599648,322.312072,6.06817968,323.494659,0.06789389103916581
CN,002049,2018-05-24,53.76,53.77,51.57,51.67,37.6589,37.6659,36.1248,36.1949,26923647.0,1418875070.0,0.7005012579833558,6.04599648,312.396638,6.06817968,313.542844,0.04436857248762285
CN,002049,2018-05-25,51.3,51.39,48.94,48.95,35.9357,35.9988,34.2825,34.2895,33352205.0,1666365112.0,0.7005005107252297,6.04599648,295.951528,6.06817968,297.037395,0.0549624545725383
CN,002049,2018-05-28,48.9,50.15,47.56,49.08,34.2545,35.1301,33.3158,34.3806,22813891.0,1119366793.0,0.7005012224938876,6.04599648,296.737507,6.06817968,297.826259,0.037595938490733685
CN,002049,2018-05-29,49.28,50.1,48.52,49.21,34.5207,35.0951,33.9883,34.4717,18479985.0,912770643.0,0.7005019305019304,6.04599648,297.523487,6.06817968,298.615122,0.03045391859589761
CN,002049,2018-05-30,49.41,51.5,48.3,49.49,34.6118,36.0758,33.8342,34.6678,33259036.0,1672456450.0,0.7005011113356233,6.04599648,299.216366,6.06817968,300.314212,0.054808917589599125
CN,002049,2018-05-31,49.49,49.98,46.81,48.48,34.6678,35.011,32.7905,33.9603,29271234.0,1417496334.0,0.7005012376237624,6.04599648,293.109909,6.06817968,294.185351,0.04823725654741984
CN,002049,2018-06-01,47.89,48.38,45.7,45.95,33.547,33.8902,32.0129,32.188,26667072.0,1252874321.0,0.7005005440696409,6.04599648,277.813538,6.06817968,278.832856,0.04394575211391895
CN,002049,2018-06-04,46.45,48.28,46.01,47.05,32.5383,33.8202,32.2301,32.9586,26997873.0,1277546957.0,0.7005015940488841,6.04599648,284.464134,6.06817968,285.507854,0.04449089253072348
CN,002049,2018-06-05,47.3,48.5,46.84,48.38,33.1337,33.9743,32.8115,33.8902,27178765.0,1299909824.0,0.7005002066969822,6.04599648,292.50531,6.06817968,293.578533,0.04478899181179157
CN,002049,2018-06-06,48.0,48.38,47.05,47.77,33.6241,33.8902,32.9586,33.4629,22970320.0,1096367657.0,0.7005003140046053,6.04599648,288.817252,6.06817968,289.876943,0.03785372419954447
CN,002049,2018-06-07,47.99,48.3,46.93,47.06,33.617,33.8342,32.8745,32.9656,17286933.0,821134036.0,0.7005014874628135,6.04599648,284.524594,6.06817968,285.568536,0.02848783970088374
CN,002049,2018-06-08,46.7,47.5,45.85,46.76,32.7134,33.2738,32.118,32.7554,20223461.0,943523219.0,0.7005004277159966,6.04599648,282.710795,6.06817968,283.748082,0.033327063578315136
CN,002049,2018-06-11,46.77,47.27,46.06,46.12,32.7624,33.1127,32.2651,32.3071,12951433.0,602678256.0,0.7005008673026887,6.04599648,278.841358,6.06817968,279.864447,0.021343192988642682
CN,002049,2018-06-12,46.29,46.58,45.01,46.31,32.4262,32.6293,31.5296,32.4402,17382306.0,796018000.0,0.700500971712373,6.04599648,279.990097,6.06817968,281.017401,0.0286450087450278
CN,002049,2018-06-13,46.03,47.77,45.81,46.41,32.2441,33.4629,32.09,32.5103,25569245.0,1201981234.0,0.7005020469726353,6.04599648,280.594697,6.06817968,281.624219,0.042136598367832116
CN,002049,2018-06-14,45.97,47.78,45.5,47.6,32.202,33.4699,31.8728,33.3439,28237687.0,1329502835.0,0.700502100840336,6.04599648,287.789432,6.06817968,288.845353,0.0465340324266733
CN,002049,2018-06-15,47.53,48.69,46.67,48.27,33.2948,34.1074,32.6924,33.8132,36536825.0,1748963737.0,0.7005013465920862,6.04599648,291.84025,6.06817968,292.911033,0.06021051934309236
CN,002049,2018-06-19,46.02,48.1,43.44,44.47,32.2371,33.6941,30.4298,31.1513,34993928.0,1604946400.0,0.7005014616595457,6.04599648,268.865463,6.06817968,269.85195,0.057667916649429204
CN,002049,2018-06-20,44.41,45.35,43.21,44.09,31.1093,31.7677,30.2687,30.8851,26240016.0,1161513745.0,0.7005012474484009,6.04599648,266.567985,6.06817968,267.546042,0.04324198916931214
CN,002049,2018-06-21,43.72,43.98,39.89,40.14,30.6259,30.808,27.943,28.1181,37368475.0,1560776118.0,0.7005007473841554,6.04599648,242.686299,6.06817968,243.576732,0.061581029189300474
CN,002049,2018-06-22,39.7,40.77,38.5,39.91,27.8099,28.5594,26.9693,27.957,24726167.0,985679637.0,0.7005011275369583,6.04599648,241.29572,6.06817968,242.181051,0.0407472558558121
CN,002049,2018-06-25,40.3,40.42,38.6,38.82,28.2302,28.3143,27.0393,27.1935,19462611.0,770920934.0,0.7005023183925811,6.04599648,234.705583,6.06817968,235.566735,0.03207322793052166
CN,002049,2018-06-26,37.94,40.89,37.51,40.26,26.576999999999998,28.6435,26.2758,28.2022,28640219.0,1142366578.0,0.7005017386984601,6.04599648,243.411818,6.06817968,244.304914,0.04719738127464281
CN,002049,2018-06-27,40.25,41.57,39.81,40.35,28.1952,29.1198,27.887,28.2652,25666155.0,1043614469.0,0.7005006195786865,6.04599648,243.955958,6.06817968,244.85105,0.04229630029676379
CN,002049,2018-06-28,40.0,41.32,40.0,40.11,28.02,28.9447,28.02,28.0971,18012008.0,731230539.0,0.7005011219147346,6.04599648,242.504919,6.06817968,243.394687,0.029682720271724056
CN,002049,2018-06-29,40.36,44.12,40.36,44.12,28.2722,30.9061,28.2722,30.9061,39350934.0,1668324015.0,0.7005009066183137,6.04599648,266.749365,6.06817968,267.728087,0.06484800397340904
CN,002049,2018-07-02,44.2,44.46,42.78,43.53,30.9622,31.1443,29.9674,30.4928,34282763.0,1498903470.0,0.7005008040431886,6.04599648,263.182227,6.06817968,264.147861,0.05649595893310793
CN,002049,2018-07-03,43.45,47.79,43.11,46.29,30.4368,33.477,30.1986,32.4262,46548599.0,2113159309.0,0.70050118816159,6.04599648,279.869177,6.06817968,280.896037,0.07670932875211105
CN,002049,2018-07-04,45.6,46.28,44.92,45.7,31.9429,32.419200000000004,31.4665,32.0129,31866016.0,1450324865.0,0.7005010940919038,6.04599648,276.302039,6.06817968,277.315811,0.05251330329757144
CN,002049,2018-07-05,45.45,46.81,44.25,44.64,31.8378,32.7905,30.9972,31.2704,29610809.0,1347836777.0,0.7005017921146953,6.04599648,269.893283,6.06817968,270.883541,0.048796855995536376
CN,002049,2018-07-06,44.85,47.25,44.11,44.52,31.4175,33.0987,30.8991,31.1863,40590191.0,1854430251.0,0.7005008984725966,6.04599648,269.167763,6.06817968,270.155359,0.06689022596641371
CN,002049,2018-07-09,44.5,45.99,43.85,45.85,31.1723,32.216,30.717,32.118,28135761.0,1273635173.0,0.7005016357688114,6.04599648,277.208939,6.06817968,278.226038,0.04636606442741326
CN,002049,2018-07-10,45.53,45.9,45.19,45.68,31.8938,32.153,31.6556,31.9989,18541149.0,844049806.0,0.7005013134851138,6.04599648,276.181119,6.06817968,277.194448,0.030554713238155135
CN,002049,2018-07-11,44.6,45.24,42.08,43.62,31.2424,31.6907,29.4771,30.5559,31605169.0,1384484213.0,0.7005020632737278,6.04599648,263.726366,6.06817968,264.693998,0.052083442921386926
CN,002049,2018-07-12,43.4,47.16,43.2,45.97,30.4017,33.0356,30.2616,32.202,42176766.0,1932146213.0,0.7005003262997607,6.04599648,277.934458,6.06817968,278.95422,0.06950480741203102
CN,002049,2018-07-13,46.0,46.45,45.42,46.29,32.2231,32.5383,31.8168,32.4262,28026312.0,1289170508.0,0.70050118816159,6.04599648,279.869177,6.06817968,280.896037,0.04618569897060135
CN,002049,2018-07-16,46.61,47.35,46.12,46.46,32.6504,33.1687,32.3071,32.5453,26724419.0,1248905441.0,0.7005015066724063,6.04599648,280.896996,6.06817968,281.927628,0.04404025656669415
CN,002049,2018-07-17,46.0,47.79,45.83,47.78,32.2231,33.477,32.104,33.4699,33402175.0,1570880603.0,0.700500209292591,6.04599648,288.877712,6.06817968,289.937625,0.05504480216709733
CN,002049,2018-07-18,47.99,48.39,46.39,46.4,33.617,33.8973,32.4962,32.5033,29075670.0,1372153775.0,0.7005021551724139,6.04599648,280.534237,6.06817968,281.563537,0.04791497868105316
CN,002049,2018-07-19,46.0,46.55,44.84,45.37,32.2231,32.6083,31.4105,31.7817,21087506.0,960522259.0,0.7005003306149439,6.04599648,274.30686,6.06817968,275.313312,0.03475095846206057
CN,002049,2018-07-20,45.33,47.01,44.9,46.75,31.7537,32.9306,31.4525,32.7484,24130021.0,1112821622.0,0.7005005347593583,6.04599648,282.650335,6.06817968,283.6874,0.03976484262575428
CN,002049,2018-07-23,46.49,48.12,46.3,47.44,32.5663,33.7081,32.4332,33.2318,27596864.0,1309844260.0,0.7005016863406408,6.04599648,286.822073,6.06817968,287.874444,0.0454779941519464
CN,002049,2018-07-24,47.4,48.36,46.65,47.69,33.2038,33.8762,32.6784,33.4069,29446388.0,1400720665.0,0.7005011532816104,6.04599648,288.333572,6.06817968,289.391489,0.048525899945006244
CN,002049,2018-07-25,47.53,51.0,47.32,48.9,33.2948,35.7256,33.1477,34.2545,42970354.0,2105911004.0,0.7005010224948875,6.04599648,295.649228,6.06817968,296.733986,0.07081259334100667
CN,002049,2018-07-26,48.66,48.89,46.9,47.02,34.0864,34.2475,32.8535,32.9376,26505763.0,1266438313.0,0.7005019140791153,6.04599648,284.282754,6.06817968,285.325809,0.04367992445470896
CN,002049,2018-07-27,46.6,47.55,46.5,47.0,32.6434,33.3088,32.5733,32.9236,12971781.0,610520927.0,0.7005021276595744,6.04599648,284.161835,6.06817968,285.204445,0.021376725285102302
CN,002049,2018-07-30,47.25,47.49,44.7,45.22,33.0987,33.2668,31.3124,31.6767,20837773.0,953422126.0,0.7005019902697921,6.04599648,273.399961,6.06817968,274.403085,0.03433941329832211
CN,002049,2018-07-31,45.3,45.88,44.09,44.53,31.7327,32.139,30.8851,31.1933,16394473.0,738710049.0,0.7005007859869751,6.04599648,269.228223,6.06817968,270.216041,0.027017118583410174
CN,002049,2018-08-01,44.8,45.94,44.16,44.21,31.3825,32.181,30.9341,30.9692,17248241.0,779269424.0,0.7005021488351052,6.04599648,267.293504,6.06817968,268.274224,0.028424077581038272
CN,002049,2018-08-02,43.86,43.98,42.2,43.75,30.724,30.808,29.5611,30.6469,18200654.0,784980446.0,0.7005005714285714,6.04599648,264.512346,6.06817968,265.482861,0.02999359768463547
CN,002049,2018-08-03,43.69,43.9,42.08,42.12,30.6049,30.752,29.4771,29.5051,14726543.0,632186524.0,0.7005009496676163,6.04599648,254.657372,6.06817968,255.591728,0.024268468925758638
CN,002049,2018-08-06,41.6,42.85,41.23,41.82,29.1408,30.0165,28.8817,29.295,13814993.0,579983391.0,0.7005021520803444,6.04599648,252.843573,6.06817968,253.771274,0.022766288621170163
CN,002049,2018-08-07,42.25,43.57,41.62,43.5,29.5962,30.5208,29.1549,30.4718,18291109.0,780991907.0,0.7005011494252874,6.04599648,263.000847,6.06817968,263.965816,0.030142662156635414
CN,002049,2018-08-08,43.07,43.45,41.92,42.0,30.1706,30.4368,29.365,29.421,15557571.0,663692878.0,0.7005,6.04599648,253.931852,6.06817968,254.863547,0.025637953752878986
CN,002049,2018-08-09,41.93,45.16,41.71,44.37,29.372,31.6346,29.2179,31.0812,30470172.0,1343353351.0,0.700500338066261,6.04599648,268.260864,6.06817968,269.245132,0.05021303522113241
CN,002049,2018-08-10,44.08,45.19,44.07,44.97,30.8781,31.6556,30.8711,31.5015,22833843.0,1018492843.0,0.7005003335557038,6.04599648,271.888462,6.06817968,272.88604,0.0376288182026937
CN,002049,2018-08-13,44.67,47.2,44.21,46.79,31.2914,33.0637,30.9692,32.7764,31685817.0,1445555405.0,0.7005001068604403,6.04599648,282.892175,6.06817968,283.930127,0.05221634603937766
CN,002049,2018-08-14,46.17,46.59,45.3,45.48,32.3421,32.6363,31.7327,31.8588,18873093.0,863527683.0,0.7005013192612137,6.04599648,274.97192,6.06817968,275.980812,0.03110173725112899
CN,002049,2018-08-15,45.4,47.2,45.08,46.1,31.8028,33.0637,31.5786,32.2931,30829069.0,1426301656.0,0.7005010845986985,6.04599648,278.720438,6.06817968,279.743083,0.05080447617859595
CN,002049,2018-08-16,45.44,46.96,45.08,45.28,31.8329,32.8978,31.5807,31.7209,27561585.0,1270103241.0,0.7005499116607774,6.04599648,273.762721,6.06817968,274.767176,0.04541985645355841
CN,002049,2018-08-17,45.7,46.33,43.1,43.45,32.0151,32.4564,30.1937,30.4388,24532674.0,1093683625.0,0.7005477560414269,6.04599648,262.698547,6.06817968,263.662407,0.04042839087454312
CN,002049,2018-08-20,43.19,44.46,42.75,44.3,30.2567,31.1464,29.9485,31.0343,17700837.0,772781125.0,0.7005485327313771,6.04599648,267.837644,6.06817968,268.82036,0.02916992892998844
CN,002049,2018-08-21,44.28,44.87,43.43,44.32,31.0203,31.4336,30.4248,31.0483,16849179.0,743641165.0,0.7005482851985559,6.04599648,267.958564,6.06817968,268.941723,0.027766447087143604
CN,002049,2018-08-22,43.96,44.66,43.28,43.31,30.7961,31.2865,30.3198,30.3408,11885841.0,521585192.0,0.7005495266682059,6.04599648,261.852108,6.06817968,262.812862,0.01958716060958828
CN,002049,2018-08-23,43.05,44.91,43.05,44.34,30.1586,31.4616,30.1586,31.0623,20407667.0,906002111.0,0.7005480378890392,6.04599648,268.079484,6.06817968,269.063087,0.0336306241347158
CN,002049,2018-08-24,44.5,45.18,43.76,44.5,31.1744,31.6508,30.656,31.1744,16158483.0,719137240.0,0.7005483146067415,6.04599648,269.046843,6.06817968,270.033996,0.026628221068101265
CN,002049,2018-08-27,44.8,46.08,44.19,46.0,31.3846,32.2813,30.9573,32.2252,24501458.0,1113421334.0,0.7005478260869565,6.04599648,278.115838,6.06817968,279.136265,0.040376948759038724
CN,002049,2018-08-28,45.98,46.5,45.46,45.84,32.209,32.5733,31.8448,32.111,17639531.0,809916990.0,0.700501745200698,6.04599648,277.148479,6.06817968,278.165357,0.029068900280157822
CN,002049,2018-08-29,45.85,46.18,45.3,46.13,32.118,32.3491,31.7327,32.3141,18269624.0,838167850.0,0.7005007587253415,6.04599648,278.901818,6.06817968,279.925129,0.030107256151650406
CN,002049,2018-08-30,46.0,46.2,44.46,44.5,32.2231,32.3632,31.1443,31.1723,18314950.0,826806819.0,0.7005011235955056,6.04599648,269.046843,6.06817968,270.033996,0.030181950709804953
CN,002049,2018-08-31,44.15,44.9,43.24,43.45,30.9271,31.4525,30.2897,30.4368,14941137.0,659374452.0,0.7005017261219793,6.04599648,262.698547,6.06817968,263.662407,0.024622107102800883
CN,002049,2018-09-03,43.45,43.6,41.69,43.35,30.4368,30.5419,29.2039,30.3667,16265515.0,692839614.0,0.7005005767012688,6.04599648,262.093947,6.06817968,263.055589,0.026804603452348662
CN,002049,2018-09-04,43.06,44.68,42.8,44.18,30.1636,31.2984,29.9814,30.9481,17272614.0,755219762.0,0.7005002263467632,6.04599648,267.112124,6.06817968,268.092178,0.028464242838636578
CN,002049,2018-09-05,43.34,43.52,41.73,41.91,30.3597,30.4858,29.2319,29.358,25634151.0,1086061843.0,0.7005010737294203,6.04599648,253.387712,6.06817968,254.31741,0.0422435596040228
CN,002049,2018-09-06,41.51,42.75,41.31,42.0,29.0778,29.9464,28.9377,29.421,14379185.0,605337358.0,0.7005,6.04599648,253.931852,6.06817968,254.863547,0.023696043555519766
CN,002049,2018-09-07,41.85,42.41,39.0,39.14,29.316,29.7083,27.3195,27.4176,26653876.0,1072049455.0,0.700500766479305,6.04599648,236.640302,6.06817968,237.508553,0.04392400588902799
CN,002049,2018-09-10,39.2,39.22,37.18,37.25,27.459600000000002,27.4737,26.0446,26.0937,18579795.0,705160443.0,0.7005020134228187,6.04599648,225.213369,6.06817968,226.039693,0.03061839955273045
CN,002049,2018-09-11,37.24,38.15,37.11,37.69,26.0867,26.7241,25.9956,26.4019,12153276.0,457136955.0,0.7005014592730168,6.04599648,227.873607,6.06817968,228.709692,0.02002787761881171
CN,002049,2018-09-12,37.77,38.6,37.66,37.93,26.4579,27.0393,26.3809,26.57,12654627.0,482546645.0,0.7005009227524387,6.04599648,229.324646,6.06817968,230.166055,0.020854074314424386
CN,002049,2018-09-13,38.46,38.7,37.28,38.15,26.9413,27.1094,26.1147,26.7241,12003196.0,456695311.0,0.7005006553079948,6.04599648,230.654766,6.06817968,231.501055,0.019780554685223165
CN,002049,2018-09-14,38.19,38.31,37.3,37.42,26.7521,26.8362,26.1287,26.2128,10880317.0,410792897.0,0.700502405130946,6.04599648,226.241188,6.06817968,227.071284,0.01793011672983289
CN,002049,2018-09-17,37.17,37.2,35.32,36.05,26.0376,26.0586,24.7417,25.2531,11379228.0,411744672.0,0.7005020804438281,6.04599648,217.958173,6.06817968,218.757877,0.01875229245024597
CN,002049,2018-09-18,36.0,36.97,35.93,36.8,25.218,25.8975,25.169,25.7784,11351732.0,414165313.0,0.7005000000000001,6.04599648,222.49267,6.06817968,223.309012,0.018706980673980307
CN,002049,2018-09-19,36.75,38.45,36.64,37.71,25.7434,26.9343,25.6664,26.4159,18019107.0,678101285.0,0.7005011933174224,6.04599648,227.994527,6.06817968,228.831056,0.029694419002437977
CN,002049,2018-09-20,37.63,38.13,37.2,37.31,26.3599,26.7101,26.0586,26.1357,10647821.0,400275904.0,0.7005012061109621,6.04599648,225.576129,6.06817968,226.403784,0.01754697711917456
CN,002049,2018-09-21,37.56,38.25,36.81,38.14,26.3108,26.7942,25.7854,26.7171,14694003.0,553868592.0,0.7005007865757734,6.04599648,230.594306,6.06817968,231.440373,0.02421484493682626
CN,002049,2018-09-25,38.09,38.64,37.58,38.15,26.6821,27.0674,26.3248,26.7241,11772265.0,449254372.0,0.7005006553079948,6.04599648,230.654766,6.06817968,231.501055,0.019399994101690805
CN,002049,2018-09-26,38.0,38.85,37.75,38.33,26.619,27.2145,26.4439,26.8502,15032974.0,575367586.0,0.7005009131228803,6.04599648,231.743045,6.06817968,232.593327,0.024773449028786833
CN,002049,2018-09-27,38.08,38.59,37.5,37.53,26.6751,27.0323,26.2688,26.2898,10922072.0,414900547.0,0.7005009325872635,6.04599648,226.906248,6.06817968,227.738783,0.017998926491906382
CN,002049,2018-09-28,37.8,37.95,37.34,37.7,26.4789,26.584,26.1567,26.4089,7817091.0,294603861.0,0.7005013262599469,6.04599648,227.934067,6.06817968,228.770374,0.012882102067221582
CN,002049,2018-10-08,36.34,36.85,34.51,34.78,25.4562,25.8135,24.1743,24.3634,13176084.0,470929987.0,0.700500287521564,6.04599648,210.279758,6.06817968,211.051289,0.021713404504858036
CN,002049,2018-10-09,35.0,35.66,34.77,35.16,24.5175,24.9799,24.3564,24.6296,8877562.0,312770152.0,0.700500568828214,6.04599648,212.577236,6.06817968,213.357198,0.014629695342178794
CN,002049,2018-10-10,35.2,38.68,34.71,36.65,24.6576,27.0954,24.3144,25.6734,18132685.0,668803878.0,0.7005020463847204,6.04599648,221.585771,6.06817968,222.398785,0.02988158880621676
CN,002049,2018-10-11,35.18,37.8,34.93,36.3,24.6436,26.4789,24.4685,25.4282,27072139.0,984635360.0,0.7005013774104684,6.04599648,219.469672,6.06817968,220.274922,0.04461327849145034
CN,002049,2018-10-12,34.95,35.28,32.67,34.19,24.4825,24.7137,22.8854,23.9501,31305647.0,1054626125.0,0.7005001462415912,6.04599648,206.71262,6.06817968,207.471063,0.05158984844034809
CN,002049,2018-10-15,34.15,34.6,32.38,32.57,23.9221,24.2373,22.6822,22.8153,17731850.0,597463420.0,0.7005004605465152,6.04599648,196.918105,6.06817968,197.640612,0.029221036513539758
CN,002049,2018-10-16,32.5,33.11,29.65,30.24,22.7663,23.1936,20.7699,21.1832,23420090.0,726816632.0,0.7005026455026455,6.04599648,182.830934,6.06817968,183.501754,0.03859491846820198
CN,002049,2018-10-17,30.73,31.88,29.71,31.15,21.5264,22.332,20.8119,21.8206,22438267.0,691263168.0,0.7005008025682183,6.04599648,188.33279,6.06817968,189.023797,0.03697693242992436
CN,002049,2018-10-18,30.66,30.94,29.97,30.08,21.4774,21.6735,20.994,21.0711,14314832.0,435635866.0,0.7005019946808512,6.04599648,181.863574,6.06817968,182.530845,0.023589993630511612
CN,002049,2018-10-26,31.18,32.57,30.72,30.72,21.8416,22.8153,21.5194,21.5194,20804688.0,657095473.0,0.7005013020833334,6.04599648,185.733012,6.06817968,186.41448,0.034284891181732446
CN,002049,2018-10-29,31.01,31.66,30.57,31.03,21.7225,22.1779,21.4143,21.7366,13126235.0,408397265.0,0.7005027392845633,6.04599648,187.607271,6.06817968,188.295615,0.021631256311118327
CN,002049,2018-10-30,30.69,30.91,28.31,30.01,21.4984,21.6525,19.8312,21.022,18288343.0,542667275.0,0.7004998333888703,6.04599648,181.440354,6.06817968,182.106072,0.030138103952782096
CN,002049,2018-10-31,30.08,31.33,30.06,30.88,21.0711,21.9467,21.0571,21.6315,17101750.0,525227836.0,0.7005019430051813,6.04599648,186.700371,6.06817968,187.385389,0.028182669106462582
CN,002049,2018-11-01,31.85,32.5,31.12,31.5,22.311,22.7663,21.7996,22.0658,24947731.0,790241271.0,0.7005015873015873,6.04599648,190.448889,6.06817968,191.14766,0.041112380179223695
CN,002049,2018-11-02,32.18,33.15,31.85,33.1,22.5421,23.2216,22.311,23.1866,28828593.0,937552158.0,0.7005015105740181,6.04599648,200.122483,6.06817968,200.856747,0.047507810447695906
CN,002049,2018-11-05,32.89,33.1,31.82,32.55,23.0395,23.1866,22.2899,22.8013,20614766.0,671204994.0,0.7005007680491553,6.04599648,196.797185,6.06817968,197.519249,0.03397191099654452
CN,002049,2018-11-06,32.17,32.93,32.01,32.58,22.5351,23.0675,22.423,22.8223,14777666.0,481583805.0,0.700500306936771,6.04599648,196.978565,6.06817968,197.701294,0.02435271659589355
CN,002049,2018-11-07,32.47,33.17,32.36,32.38,22.7453,23.2356,22.6682,22.6822,18466797.0,605347730.0,0.7005003088326127,6.04599648,195.769366,6.06817968,196.487658,0.0304321855545319
CN,002049,2018-11-08,32.85,32.85,31.68,31.69,23.0115,23.0115,22.1919,22.1989,13363541.0,430351428.0,0.7005017355632691,6.04599648,191.597628,6.06817968,192.300614,0.022022322516329972
CN,002049,2018-11-09,31.36,31.97,31.04,31.06,21.9677,22.395,21.7436,21.7576,10368840.0,326843556.0,0.7005022537025113,6.04599648,187.788651,6.06817968,188.477661,0.01708723298714187
CN,002049,2018-11-12,31.05,32.18,31.0,32.09,21.7506,22.5421,21.7155,22.4791,13834241.0,438999541.0,0.7005017139295729,6.04599648,194.016027,6.06817968,194.727886,0.02279800818290865
CN,002049,2018-11-13,31.59,32.78,31.34,32.48,22.1288,22.9624,21.9537,22.752299999999998,18838376.0,604501424.0,0.7005018472906404,6.04599648,196.373966,6.06817968,197.094476,0.03104452569538943
CN,002049,2018-11-14,32.47,34.37,32.29,33.75,22.7453,24.0762,22.6192,23.6419,34094277.0,1138699719.0,0.7005007407407408,6.04599648,204.052381,6.06817968,204.801064,0.056185345190701404
CN,002049,2018-11-15,33.4,34.0,33.22,33.88,23.3967,23.817,23.2706,23.733,21688408.0,729814443.0,0.7005017709563164,6.04599648,204.838361,6.06817968,205.589928,0.035741209297876296
CN,002049,2018-11-16,34.2,34.65,33.82,34.3,23.9571,24.2724,23.6909,24.0272,21712510.0,744673778.0,0.7005014577259476,6.04599648,207.377679,6.06817968,208.138563,0.03578092796355694
CN,002049,2018-11-19,33.99,34.2,33.36,33.83,23.81,23.9571,23.3687,23.698,15326310.0,516762900.0,0.7005025125628142,6.04599648,204.536061,6.06817968,205.286519,0.02525684934893029
CN,002049,2018-11-20,33.47,34.88,33.1,33.8,23.4458,24.4335,23.1866,23.6769,24100943.0,825875227.0,0.7005,6.04599648,204.354681,6.06817968,205.104473,0.039716923807371504
CN,002049,2018-11-21,33.1,33.57,32.55,33.33,23.1866,23.5158,22.8013,23.3477,15067253.0,499081017.0,0.7005010501050105,6.04599648,201.513063,6.06817968,202.252429,0.024829938786519255
CN,002049,2018-11-22,33.6,33.93,33.33,33.38,23.5368,23.768,23.3477,23.3827,12155117.0,408849654.0,0.7005002995805871,6.04599648,201.815362,6.06817968,202.555838,0.02003091147755862
CN,002049,2018-11-23,33.54,34.48,32.61,32.85,23.4948,24.1533,22.8433,23.0115,24583462.0,826727271.0,0.7005022831050228,6.04599648,198.610984,6.06817968,199.339702,0.04051208648455842
CN,002049,2018-11-26,32.71,33.22,31.45,32.0,22.9134,23.2706,22.0308,22.416,15515211.0,499553788.0,0.7005,6.04599648,193.471887,6.06817968,194.18175,0.02556814698670887
CN,002049,2018-11-27,32.21,32.55,32.0,32.25,22.5631,22.8013,22.416,22.5912,9773138.0,315902489.0,0.7005023255813954,6.04599648,194.983386,6.06817968,195.698795,0.01610555144273513
CN,002049,2018-11-28,32.02,32.88,31.86,32.88,22.43,23.0325,22.318,23.0325,12248111.0,398351433.0,0.7005018248175181,6.04599648,198.792364,6.06817968,199.521748,0.02018416007088307
CN,002049,2018-11-29,33.38,33.81,31.81,31.84,23.3827,23.6839,22.2829,22.304,16160327.0,531046890.0,0.700502512562814,6.04599648,192.504528,6.06817968,193.210841,0.026631259870670144
CN,002049,2018-11-30,31.5,32.2,31.16,31.99,22.0658,22.5561,21.8276,22.409,11346935.0,359965616.0,0.7005001562988434,6.04599648,193.411427,6.06817968,194.121068,0.018699075502655517
CN,002049,2018-12-03,33.02,33.56,32.63,33.3,23.1305,23.5088,22.8574,23.3267,19841365.0,658234258.0,0.7005015015015015,6.04599648,201.331683,6.06817968,202.070383,0.03269739204558293
CN,002049,2018-12-04,33.22,33.87,33.07,33.61,23.2706,23.726,23.1656,23.5438,15305885.0,512782754.0,0.7004998512347516,6.04599648,203.205942,6.06817968,203.951519,0.025223190161040188
CN,002049,2018-12-05,32.89,33.58,32.8,33.04,23.0395,23.5228,22.9764,23.1446,12188927.0,403925735.0,0.7005024213075061,6.04599648,199.759724,6.06817968,200.492657,0.020086628351123577
CN,002049,2018-12-06,32.86,33.33,32.48,32.85,23.0185,23.3477,22.752299999999998,23.0115,12550146.0,413255849.0,0.7005022831050228,6.04599648,198.610984,6.06817968,199.339702,0.02068189582678936
CN,002049,2018-12-07,32.89,33.3,32.66,32.67,23.0395,23.3267,22.8784,22.8854,8676634.0,285770892.0,0.7005019895928987,6.04599648,197.522705,6.06817968,198.24743,0.014298577922135621
CN,002049,2018-12-10,32.53,32.74,31.91,31.98,22.7873,22.9344,22.353,22.402,9423569.0,303100486.0,0.7005003126954347,6.04599648,193.350967,6.06817968,194.060386,0.015529482475706784
CN,002049,2018-12-11,32.08,32.57,31.9,32.21,22.4721,22.8153,22.346,22.5631,6979258.0,224929133.0,0.7004998447687053,6.04599648,194.741547,6.06817968,195.456067,0.011501403003940055
CN,002049,2018-12-12,32.39,32.48,31.9,32.03,22.6892,22.752299999999998,22.346,22.4371,5973496.0,191767902.0,0.7005026537620981,6.04599648,193.653267,6.06817968,194.363795,0.009843966914308642
CN,002049,2018-12-13,32.16,32.5,31.8,32.2,22.5281,22.7663,22.2759,22.5561,9622998.0,309782701.0,0.7005,6.04599648,194.681087,6.06817968,195.395386,0.01585812963270725
CN,002049,2018-12-14,32.14,32.15,30.9,30.9,22.5141,22.5211,21.6455,21.6455,10753215.0,338899962.0,0.7005016181229773,6.04599648,186.821291,6.06817968,187.506752,0.017720660176628125
CN,002049,2018-12-17,30.79,31.1,30.5,30.95,21.5684,21.7856,21.3653,21.6805,5482871.0,169016333.0,0.7005008077544426,6.04599648,187.123591,6.06817968,187.810161,0.00903544603016765
CN,002049,2018-12-18,30.76,31.15,30.5,30.74,21.5474,21.8206,21.3653,21.5334,5539851.0,170563051.0,0.7005009759271308,6.04599648,185.853932,6.06817968,186.535843,0.009129345688722257
CN,002049,2018-12-19,30.8,30.96,30.16,30.35,21.5754,21.6875,21.1271,21.2602,4790445.0,146682030.0,0.700500823723229,6.04599648,183.495993,6.06817968,184.169253,0.007894369073791171
CN,002049,2018-12-20,30.28,30.65,30.16,30.42,21.2112,21.4704,21.1271,21.3092,4894154.0,148859601.0,0.700499671268902,6.04599648,183.919213,6.06817968,184.594026,0.008065275351240095
CN,002049,2018-12-21,30.3,30.65,30.18,30.3,21.2252,21.4704,21.1411,21.2252,5225163.0,158801508.0,0.7005016501650165,6.04599648,183.193693,6.06817968,183.865844,0.008610758539700987
CN,002049,2018-12-24,30.18,30.87,30.18,30.85,21.1411,21.6245,21.1411,21.610500000000002,7268726.0,222324247.0,0.7005024311183145,6.04599648,186.518991,6.06817968,187.203343,0.011978429089627748
CN,002049,2018-12-25,30.52,30.7,29.61,30.68,21.3793,21.5054,20.7418,21.4914,9331906.0,281499281.0,0.7005019556714471,6.04599648,185.491172,6.06817968,186.171753,0.015378427291394905
CN,002049,2018-12-26,30.64,30.84,30.23,30.23,21.4634,21.6035,21.1761,21.1761,5146860.0,157017642.0,0.7004995038041681,6.04599648,182.770474,6.06817968,183.441072,0.008481719842547576
CN,002049,2018-12-27,30.72,30.79,29.49,29.49,21.5194,21.5684,20.6578,20.6578,8871749.0,268365614.0,0.7005018650389964,6.04599648,178.296436,6.06817968,178.950619,0.014620115863147942
CN,002049,2018-12-28,29.56,29.75,28.88,28.9,20.7068,20.8399,20.2305,20.2445,7947193.0,231756638.0,0.7005017301038062,6.04599648,174.729298,6.06817968,175.370393,0.01309650244239307
CN,002049,2019-01-02,29.11,29.28,28.94,29.05,20.3916,20.5107,20.2725,20.3496,4844844.0,141013569.0,0.7005025817555938,6.04599648,175.636198,6.06817968,176.28062,0.00798401539751374
CN,002049,2019-01-03,29.08,29.6,28.88,29.08,20.3706,20.7348,20.2305,20.3706,6019412.0,176475291.0,0.7005020632737277,6.04599648,175.817578,6.06817968,176.462665,0.009919633757449977
CN,002049,2019-01-04,28.43,29.8,28.3,29.68,19.9152,20.8749,19.8242,20.7909,9482721.0,277975382.0,0.7005020215633423,6.04599648,179.445176,6.06817968,180.103573,0.0156269614613653
CN,002049,2019-01-07,29.88,31.14,29.81,30.9,20.931,21.8136,20.8819,21.6455,14622167.0,447961994.0,0.7005016181229773,6.04599648,186.821291,6.06817968,187.506752,0.024096463471892447
CN,002049,2019-01-08,30.78,30.85,30.31,30.49,21.5614,21.610500000000002,21.2322,21.3583,8111710.0,247587189.0,0.7005018038701214,6.04599648,184.342433,6.06817968,185.018798,0.013367616695226138
CN,002049,2019-01-09,30.59,31.88,30.21,30.83,21.4283,22.332,21.1621,21.5965,16562797.0,515186423.0,0.7005027570548168,6.04599648,186.398071,6.06817968,187.08198,0.02729450654631901
CN,002049,2019-01-10,30.62,31.23,30.34,30.49,21.4493,21.8767,21.2532,21.3583,9733718.0,300264848.0,0.7005018038701214,6.04599648,184.342433,6.06817968,185.018798,0.016040589622092403
CN,002049,2019-01-11,30.58,31.08,30.5,30.63,21.4213,21.7716,21.3653,21.4564,6687779.0,205450993.0,0.7005027750571335,6.04599648,185.188872,6.06817968,185.868344,0.011021062909594002
CN,002049,2019-01-14,30.51,30.75,30.03,30.06,21.3723,21.540399999999998,21.036,21.0571,6923471.0,209607415.0,0.7005023286759814,6.04599648,181.742654,6.06817968,182.409481,0.011409469338587549
CN,002049,2019-01-15,30.05,30.73,29.94,30.65,21.0501,21.5264,20.973,21.4704,8358062.0,254514429.0,0.7005024469820555,6.04599648,185.309792,6.06817968,185.989707,0.013773590171608103
CN,002049,2019-01-16,30.64,31.45,30.53,30.71,21.4634,22.0308,21.3863,21.5124,9256557.0,286511617.0,0.7005014653207424,6.04599648,185.672552,6.06817968,186.353798,0.01525425661093806
CN,002049,2019-01-17,30.8,30.8,29.91,30.08,21.5754,21.5754,20.951999999999998,21.0711,7758229.0,235043571.0,0.7005019946808512,6.04599648,181.863574,6.06817968,182.530845,0.012785100984353186
CN,002049,2019-01-18,30.09,30.67,29.87,30.44,21.0781,21.4844,20.924,21.3233,8432864.0,255545790.0,0.7005026281208935,6.04599648,184.040133,6.06817968,184.715389,0.013896859428526349
CN,002049,2019-01-21,30.45,31.3,30.35,31.27,21.3303,21.9257,21.2602,21.9047,14047990.0,435274427.0,0.7005020786696514,6.04599648,189.05831,6.06817968,189.751979,0.023150253850096936
CN,002049,2019-01-22,31.3,31.41,30.52,30.69,21.9257,22.0027,21.3793,21.4984,10538238.0,325303957.0,0.7005017921146953,6.04599648,185.551632,6.06817968,186.232434,0.017366390838314795
CN,002049,2019-01-23,30.57,30.69,30.21,30.46,21.4143,21.4984,21.1621,21.3373,5431417.0,165114355.0,0.7005022980958634,6.04599648,184.161053,6.06817968,184.836753,0.008950652891675745
CN,002049,2019-01-24,30.46,33.29,30.38,32.13,21.3373,23.3197,21.2812,22.5071,29487157.0,941057115.0,0.7005010893246187,6.04599648,194.257867,6.06817968,194.970613,0.04859308483759334
CN,002049,2019-01-25,32.16,32.78,31.54,31.66,22.5281,22.9624,22.0938,22.1779,20409296.0,655147003.0,0.7005022109917878,6.04599648,191.416249,6.06817968,192.118569,0.03363330863004373
CN,002049,2019-01-28,32.0,32.33,31.47,31.53,22.416,22.6472,22.0448,22.0868,12964418.0,413163981.0,0.7005011100539169,6.04599648,190.630269,6.06817968,191.329705,0.02136459149805531
CN,002049,2019-01-29,31.4,31.4,30.02,30.65,21.9957,21.9957,21.029,21.4704,13329984.0,408118334.0,0.7005024469820555,6.04599648,185.309792,6.06817968,185.989707,0.021967022571750875
CN,002049,2019-01-30,30.35,30.79,29.9,29.95,21.2602,21.5684,20.945,20.98,8716683.0,264438920.0,0.7005008347245409,6.04599648,181.077595,6.06817968,181.741981,0.014364576297450705
CN,002049,2019-01-31,30.01,30.63,29.65,30.13,21.022,21.4564,20.7699,21.1061,8699798.0,262717907.0,0.7005011616329241,6.04599648,182.165874,6.06817968,182.834254,0.014336750819481337
CN,002049,2019-02-01,29.99,31.23,29.99,30.94,21.008,21.8767,21.008,21.6735,12204744.0,375856721.0,0.7005009696186166,6.04599648,187.063131,6.06817968,187.749479,0.02011269382847279
CN,002049,2019-02-11,31.03,32.2,30.95,32.13,21.7366,22.5561,21.6805,22.5071,17377623.0,552386034.0,0.7005010893246187,6.04599648,194.257867,6.06817968,194.970613,0.028637291438937746
CN,002049,2019-02-12,32.0,32.38,31.88,32.27,22.416,22.6822,22.332,22.6052,16207598.0,520409746.0,0.7005020142547257,6.04599648,195.104306,6.06817968,195.820158,0.026709159673399784
CN,002049,2019-02-13,32.26,34.8,32.23,33.99,22.5982,24.3774,22.5772,23.81,31874117.0,1076975898.0,0.7005001471020887,6.04599648,205.50342,6.06817968,206.257427,0.05252665326482225
CN,002049,2019-02-14,33.82,33.94,33.36,33.64,23.6909,23.775,23.3687,23.5649,19682319.0,662276194.0,0.7005023781212842,6.04599648,203.387322,6.06817968,204.133564,0.03243529367607651
CN,002049,2019-02-15,33.59,34.57,33.47,33.64,23.5298,24.2163,23.4458,23.5649,19390116.0,658557776.0,0.7005023781212842,6.04599648,203.387322,6.06817968,204.133564,0.031953760472695825
CN,002049,2019-02-18,33.9,35.4,33.6,35.12,23.747,24.7977,23.5368,24.6016,29233701.0,1014012375.0,0.7005011389521641,6.04599648,212.335396,6.06817968,213.11447,0.04817540439079418
CN,002049,2019-02-19,35.15,35.77,34.56,35.25,24.6226,25.0569,24.2093,24.6927,27585176.0,967358754.0,0.7005021276595744,6.04599648,213.121376,6.06817968,213.903334,0.04545873302156406
CN,002049,2019-02-20,35.05,35.07,34.09,34.7,24.552599999999998,24.5666,23.8801,24.3074,19428074.0,671732009.0,0.7005014409221901,6.04599648,209.796078,6.06817968,210.565835,0.0320163130041001
CN,002049,2019-02-21,34.54,35.6,34.0,34.05,24.1953,24.9378,23.817,23.8521,27942502.0,974109942.0,0.7005022026431719,6.04599648,205.86617999999999,6.06817968,206.621518,0.04604758506425769
CN,002049,2019-02-22,34.05,35.25,34.02,35.2,23.8521,24.6927,23.831,24.6576,23395976.0,811377314.0,0.7004999999999999,6.04599648,212.819076,6.06817968,213.599925,0.038555180027233474
CN,002049,2019-02-25,36.0,38.36,35.56,38.0,25.218,26.8712,24.9098,26.619,44152738.0,1630238004.0,0.7005,6.04599648,229.747866,6.06817968,230.590828,0.07276109200510687
CN,002049,2019-02-26,37.93,39.37,36.71,37.68,26.57,27.5787,25.7154,26.3949,42080973.0,1590871802.0,0.7005015923566879,6.04599648,227.813147,6.06817968,228.64901,0.06934694623281161
CN,002049,2019-02-27,37.35,38.41,36.73,37.33,26.1637,26.9062,25.7294,26.1497,25832067.0,971308911.0,0.7005009375837128,6.04599648,225.697049,6.06817968,226.525147,0.04256971342681138
CN,002049,2019-02-28,37.34,38.19,37.1,37.84,26.1567,26.7521,25.9886,26.507,18480660.0,695919860.0,0.7005021141649048,6.04599648,228.780507,6.06817968,229.619919,0.03045503095584012
CN,002049,2019-03-01,37.9,38.15,37.02,37.6,26.549,26.7241,25.9326,26.3388,15429840.0,577370567.0,0.7004999999999999,6.04599648,227.329468,6.06817968,228.163556,0.025427460645001863
CN,002049,2019-03-04,38.29,39.49,37.83,38.21,26.8222,27.6628,26.5,26.7661,35240329.0,1360887616.0,0.7004998691442031,6.04599648,231.017525,6.06817968,231.865146,0.0580739708749033
CN,002049,2019-03-05,37.7,41.76,37.5,41.37,26.4089,29.2529,26.2688,28.9797,48509031.0,1921429549.0,0.7005003625815809,6.04599648,250.122874,6.06817968,251.040593,0.07994000434739928
CN,002049,2019-03-06,41.5,41.98,39.89,40.67,29.0708,29.407,27.943,28.4894,42342751.0,1718285641.0,0.7005015982296533,6.04599648,245.890677,6.06817968,246.792868,0.06977834084174647
CN,002049,2019-03-07,40.22,41.75,39.96,40.69,28.1742,29.2459,27.992,28.5034,33837722.0,1380291761.0,0.7005013516834603,6.04599648,246.011597,6.06817968,246.914231,0.05576255777581062
CN,002049,2019-03-08,41.0,44.76,40.18,42.87,28.7205,31.3544,28.1461,30.0305,73607944.0,3213426150.0,0.7005015162118031,6.04599648,259.191869,6.06817968,260.142863,0.12130152349081397
CN,002049,2019-03-11,44.65,44.98,41.55,43.44,31.2774,31.5085,29.1058,30.4298,55908913.0,2425983667.0,0.7005018416206262,6.04599648,262.638087,6.06817968,263.601725,0.09213457074164949
CN,002049,2019-03-12,43.15,44.76,42.57,44.52,30.2266,31.3544,29.8203,31.1863,56924367.0,2487453597.0,0.7005008984725966,6.04599648,269.167763,6.06817968,270.155359,0.09380797867211473
CN,002049,2019-03-13,44.0,44.01,41.1,41.4,30.8221,30.8291,28.7906,29.0007,42825329.0,1831590146.0,0.7005,6.04599648,250.304254,6.06817968,251.222639,0.07057360074743205
CN,002049,2019-03-14,40.43,41.11,38.71,39.44,28.3213,28.7976,27.1164,27.6278,30064049.0,1194456424.0,0.7005020283975659,6.04599648,238.454101,6.06817968,239.329007,0.04954376861826873
CN,002049,2019-03-15,39.6,40.13,38.9,39.27,27.7398,28.1111,27.2495,27.5087,20084903.0,794886090.0,0.7005016552075375,6.04599648,237.426282,6.06817968,238.297416,0.03309872821696012
CN,002049,2019-03-18,39.37,40.15,38.69,40.15,27.5787,28.1251,27.1024,28.1251,19923544.0,787892933.0,0.7005006226650062,6.04599648,242.746759,6.06817968,243.637414,0.03283281816071735
CN,002049,2019-03-19,40.02,41.61,39.7,40.8,28.0341,29.1479,27.8099,28.5804,22718139.0,926902173.0,0.7005000000000001,6.04599648,246.676656,6.06817968,247.581731,0.037438144877081164
CN,002049,2019-03-20,40.78,40.8,39.25,39.89,28.5664,28.5804,27.4947,27.943,17545648.0,700713241.0,0.7005013787916772,6.04599648,241.1748,6.06817968,242.059687,0.028914186667590568
CN,002049,2019-03-21,39.98,41.6,39.89,40.88,28.006,29.1408,27.943,28.6365,30153085.0,1234783635.0,0.7005014677103718,6.04599648,247.160336,6.06817968,248.067185,0.04969049466247842
CN,002049,2019-03-22,41.21,42.19,40.62,41.35,28.8677,29.5541,28.4544,28.9657,22816414.0,943468426.0,0.7005006045949214,6.04599648,250.001954,6.06817968,250.91923,0.037600096245007694
CN,002049,2019-03-25,40.5,42.68,40.25,41.87,28.3703,29.8974,28.1952,29.33,28721682.0,1194967730.0,0.70050155242417,6.04599648,253.145873,6.06817968,254.074683,0.047331627464267834
CN,002049,2019-03-26,41.65,42.2,39.11,39.4,29.1759,29.5611,27.3966,27.5997,26379979.0,1077403184.0,0.7005,6.04599648,238.212261,6.06817968,239.086279,0.04347263988728824
CN,002049,2019-03-27,39.55,40.66,38.22,39.95,27.7048,28.4824,26.7732,27.985,20391940.0,807410503.0,0.7005006257822277,6.04599648,241.537559,6.06817968,242.423778,0.03360470697202559
CN,002049,2019-03-28,39.66,43.88,39.66,40.94,27.7819,30.738,27.7819,28.6785,41396684.0,1737693865.0,0.7005007327796776,6.04599648,247.523096,6.06817968,248.431276,0.06821927856954954
CN,002049,2019-03-29,40.6,45.03,39.88,45.03,28.4403,31.5436,27.936,31.5436,78170690.0,3411440368.0,0.7005018876304686,6.04599648,272.251221,6.06817968,273.250131,0.1288206581252716
CN,002049,2019-04-01,47.05,47.45,45.25,46.46,32.9586,33.2388,31.6977,32.5453,65323528.0,3027084703.0,0.7005015066724063,6.04599648,280.896996,6.06817968,281.927628,0.10764929755672627
CN,002049,2019-04-02,48.01,51.11,47.01,50.23,33.6311,35.8026,32.9306,35.1862,79042250.0,3927146452.0,0.7005016922158073,6.04599648,303.690403,6.06817968,304.804665,0.13025693728304366
CN,002049,2019-04-03,49.21,49.79,47.91,49.18,34.4717,34.878,33.561,34.4506,43184787.0,2108654529.0,0.700500203334689,6.04599648,297.342107,6.06817968,298.433077,0.07116596619960337
CN,002049,2019-04-04,50.5,51.26,48.58,49.4,35.3753,35.9077,34.0303,34.6048,38287250.0,1912612395.0,0.700502024291498,6.04599648,298.672226,6.06817968,299.768076,0.06309511586512546
CN,002049,2019-04-08,48.59,48.59,46.0,46.83,34.0374,34.0374,32.2231,32.8045,42856833.0,2020640218.0,0.7005018150758061,6.04599648,283.134015,6.06817968,284.172854,0.07062551746984526
CN,002049,2019-04-09,46.36,47.56,46.01,46.7,32.4752,33.3158,32.2301,32.7134,21697255.0,1011746329.0,0.7005010706638115,6.04599648,282.348036,6.06817968,283.383991,0.03575578862885616
CN,002049,2019-04-10,46.59,47.45,45.36,46.91,32.6363,33.2388,31.7747,32.8605,25383141.0,1184322728.0,0.7005009592837349,6.04599648,283.617695,6.06817968,284.658309,0.04182991002006717
CN,002049,2019-04-11,47.0,47.1,44.66,45.2,32.9236,32.9936,31.2844,31.6627,24406548.0,1109103688.0,0.7005022123893805,6.06243645,274.022128,6.06817968,274.281722,0.04022054271141819
CN,002049,2019-04-12,45.09,45.52,44.47,45.08,31.5856,31.8868,31.1513,31.5786,11104772.0,499738531.0,0.7005013309671695,6.06243645,273.294635,6.06817968,273.55354,0.018300005249679754
CN,002049,2019-04-15,45.82,46.61,44.62,44.66,32.097,32.6504,31.2564,31.2844,18668550.0,852919404.0,0.7005015673981192,6.06243645,270.748412,6.06817968,271.004905,0.03076466252561592
CN,002049,2019-04-16,44.0,46.05,43.28,45.94,30.8221,32.2581,30.3177,32.181,27983479.0,1252159274.0,0.7005006530256856,6.06243645,278.508331,6.06817968,278.772175,0.04611511272850114
CN,002049,2019-04-17,46.4,46.65,44.98,45.3,32.5033,32.6784,31.5085,31.7327,21726903.0,994005222.0,0.7005011037527594,6.06243645,274.628371,6.06817968,274.888539,0.035804646773412614
CN,002049,2019-04-18,45.3,45.65,44.3,44.95,31.7327,31.977899999999998,31.0322,31.4875,13669877.0,614264599.0,0.7005005561735261,6.06243645,272.506518,6.06817968,272.764677,0.02252714606499589
CN,002049,2019-04-19,45.4,45.8,44.78,45.14,31.8028,32.083,31.3684,31.6206,16305110.0,737025835.0,0.7005006645990253,6.06243645,273.658381,6.06817968,273.917631,0.026869853662606115
CN,002049,2019-04-22,45.09,45.79,44.31,44.8,31.5856,32.0759,31.0392,31.3825,17921975.0,808622971.0,0.7005022321428572,6.06243645,271.597153,6.06817968,271.85445,0.029534351230680763
CN,002049,2019-04-23,44.95,44.95,42.32,42.48,31.4875,31.4875,29.6452,29.7573,23100360.0,998976828.0,0.7005014124293786,6.06243645,257.5323,6.06817968,257.776273,0.03806802240239531
CN,002049,2019-04-24,43.18,45.35,42.37,44.77,30.2476,31.7677,29.6802,31.3614,25756939.0,1133469587.0,0.7005003350457896,6.06243645,271.41528,6.06817968,271.672404,0.04244590694123942
CN,002049,2019-04-25,44.3,44.9,41.68,41.89,31.0322,31.4525,29.1969,29.344,21386471.0,924762708.0,0.7005013129625209,6.06243645,253.955463,6.06817968,254.196047,0.03524363504015425
CN,002049,2019-04-26,41.88,43.01,41.7,42.08,29.337,30.1286,29.2109,29.4771,14845913.0,630915555.0,0.7005014258555133,6.06243645,255.107326,6.06817968,255.349001,0.024465183601814506
CN,002049,2019-04-29,42.29,42.46,40.5,41.04,29.6242,29.7433,28.3703,28.7486,17663023.0,730010411.0,0.7005019493177388,6.06243645,248.802392,6.06817968,249.038094,0.029107613702038567
CN,002049,2019-04-30,41.3,42.05,40.86,41.59,28.9307,29.4561,28.6225,29.1338,12576378.0,522425280.0,0.700500120221207,6.06243645,252.136732,6.06817968,252.375593,0.02072512460606638
CN,002049,2019-05-06,39.53,40.39,37.43,37.43,27.6908,28.2932,26.2198,26.2198,21761456.0,842271094.0,0.7005022709056906,6.06243645,226.916996,6.06817968,227.131965,0.035861588066884664
CN,002049,2019-05-07,37.45,38.18,37.28,37.85,26.2338,26.7451,26.1147,26.514,15044482.0,567690091.0,0.7005019815059444,6.06243645,229.46322,6.06817968,229.680601,0.02479241352985118
CN,002049,2019-05-08,36.93,39.93,36.45,38.41,25.8695,27.971,25.5333,26.9062,19128866.0,740321278.0,0.7004998698255662,6.06243645,232.858184,6.06817968,233.078782,0.031523235976427116
CN,002049,2019-05-09,38.71,39.88,38.48,38.73,27.1164,27.936,26.9553,27.1304,15346115.0,601529877.0,0.7005009036922284,6.06243645,234.798164,6.06817968,235.020599,0.02528948681361393
CN,002049,2019-05-10,39.57,41.8,37.8,41.75,27.7188,29.2809,26.4789,29.2459,28848638.0,1165935340.0,0.7005005988023952,6.06243645,253.106722,6.06817968,253.346502,0.047540843418136886
CN,002049,2019-05-13,41.0,42.16,40.71,41.02,28.7205,29.5331,28.5174,28.7346,21137200.0,875043907.0,0.700502194051682,6.06243645,248.681143,6.06817968,248.91673,0.034832851224998664
CN,002049,2019-05-14,40.6,42.18,40.58,41.16,28.4403,29.5471,28.4263,28.8326,17335576.0,719199913.0,0.7005004859086492,6.06243645,249.529884,6.06817968,249.766276,0.02856800047819283
CN,002049,2019-05-15,41.16,41.68,40.94,41.56,28.8326,29.1969,28.6785,29.1128,15564047.0,643093379.0,0.7005004812319537,6.06243645,251.954859,6.06817968,252.193548,0.025648625816564484
CN,002049,2019-05-16,41.98,42.11,40.58,41.07,29.407,29.4981,28.4263,28.7696,13146926.0,541857624.0,0.7005015826637448,6.06243645,248.984265,6.06817968,249.220139,0.02166535385122281
CN,002049,2019-05-17,43.0,45.11,43.0,45.11,30.1694,31.6498,30.1694,31.6498,67456983.0,3033958078.0,0.7016138328530259,6.06243645,273.476508,6.06817968,273.735585,0.11116510478806389
CN,002049,2019-06-03,49.62,49.62,49.62,49.62,34.8141,34.8141,34.8141,34.8141,1753036.0,86985646.0,0.7016142684401452,6.06243645,300.818097,6.06817968,301.103076,0.0028888992950848154
CN,002049,2019-06-04,50.0,52.87,48.01,48.89,35.0807,37.0944,33.6845,34.3019,95744385.0,4834313040.0,0.7016138269584783,6.06243645,296.392518,6.06817968,296.673305,0.15778106458442906
CN,002049,2019-06-05,48.89,49.2,45.88,47.04,34.3019,34.5194,32.1901,33.004,57830888.0,2738286734.0,0.7016156462585034,6.06243645,285.177011,6.06817968,285.447172,0.09530187148314632
CN,002049,2019-06-06,46.2,46.8,43.5,43.6,32.4146,32.8356,30.5202,30.5904,41148339.0,1839880637.0,0.7016146788990825,6.06243645,264.322229,6.06817968,264.572634,0.06781002074744102
CN,002049,2019-06-10,43.65,44.45,42.82,43.9,30.6255,31.1868,30.0431,30.8009,28341069.0,1241713943.0,0.701615034168565,6.06243645,266.14096,6.06817968,266.393088,0.04670439982752785
CN,002049,2019-06-11,43.85,45.4,42.0,45.29,30.7658,31.8533,29.4678,31.7761,41246148.0,1823912230.0,0.7016140428350629,6.06243645,274.567747,6.06817968,274.827858,0.06797120417502206
CN,002049,2019-06-12,44.5,46.54,44.31,44.8,31.2219,32.6532,31.0886,31.4323,33291210.0,1506497603.0,0.7016138392857144,6.06243645,271.597153,6.06817968,271.85445,0.05486193843225157
CN,002049,2019-06-13,44.34,45.21,43.76,44.05,31.1096,31.72,30.7027,30.9061,21906780.0,972016305.0,0.7016140749148695,6.06243645,267.050326,6.06817968,267.303315,0.0361010733947153
CN,002049,2019-06-14,44.06,44.6,41.92,42.0,30.9131,31.292,29.4117,29.4678,23615349.0,1022399031.0,0.7016142857142857,6.06243645,254.622331,6.06817968,254.863547,0.038916693712668704
CN,002049,2019-06-17,42.12,42.8,41.1,42.3,29.552,30.0291,28.8364,29.6783,18158227.0,761983149.0,0.701614657210402,6.06243645,256.441062,6.06817968,256.684,0.02992368050644143
CN,002049,2019-06-18,42.51,42.6,41.1,41.57,29.8256,29.8888,28.8364,29.1661,15264314.0,638429510.0,0.7016141448159731,6.06243645,252.015483,6.06817968,252.254229,0.025154683620047323
CN,002049,2019-06-19,42.7,43.63,42.46,42.5,29.959,30.6115,29.7906,29.8186,25732411.0,1107301971.0,0.7016141176470588,6.06243645,257.653549,6.06817968,257.897636,0.0424054862528395
CN,002049,2019-06-20,42.18,43.95,41.98,43.46,29.5941,30.836,29.4538,30.4922,22669771.0,976372986.0,0.7016152784169352,6.06243645,263.473488,6.06817968,263.723089,0.03735843728345236
CN,002049,2019-06-21,43.61,47.5,43.58,45.23,30.5974,33.3267,30.5764,31.734,32835994.0,1488599588.0,0.7016139730267522,6.06243645,274.204001,6.06817968,274.463767,0.054111769478783794
CN,002049,2019-06-24,44.65,45.5,44.25,44.73,31.3271,31.9235,31.0465,31.3832,16997032.0,762251968.0,0.7016141292197631,6.06243645,271.172782,6.06817968,271.429677,0.028010100056892185
CN,002049,2019-06-25,44.98,45.39,43.69,44.18,31.5586,31.8463,30.6536,30.9973,17504963.0,776919955.0,0.7016138524219103,6.06243645,267.838442,6.06817968,268.092178,0.02884714020201854
CN,002049,2019-06-26,44.2,45.19,44.02,44.52,31.0114,31.706,30.8851,31.2359,15245997.0,682899099.0,0.7016150044923629,6.06243645,269.899671,6.06817968,270.155359,0.025124498291059172
CN,002049,2019-06-27,44.83,45.85,44.61,45.28,31.4534,32.169,31.299,31.7691,21866636.0,988795546.0,0.7016143992932863,6.06243645,274.507122,6.06817968,274.767176,0.03603491846503794
CN,002049,2019-06-28,45.2,45.2,43.85,44.11,31.713,31.713,30.7658,30.9482,15146817.0,672230666.0,0.7016141464520517,6.06243645,267.414072,6.06817968,267.667406,0.024961055536839343
CN,002049,2019-07-01,45.6,46.48,45.01,46.07,31.9936,32.6111,31.5797,32.3234,28701927.0,1313905022.0,0.7016149337963967,6.06243645,279.296447,6.06817968,279.561038,0.04729907239661697
CN,002049,2019-07-02,45.99,46.3,45.18,45.46,32.2673,32.4848,31.699,31.8954,16520384.0,755081570.0,0.7016146062472502,6.06243645,275.598361,6.06817968,275.859448,0.027224612439294152
CN,002049,2019-07-03,45.12,45.21,44.19,44.28,31.6569,31.72,31.0044,31.0675,13155221.0,585812240.0,0.701614724480578,6.06243645,268.444686,6.06817968,268.698996,0.021679023518960797
CN,002049,2019-07-04,44.5,44.75,43.8,44.01,31.2219,31.3973,30.7307,30.8781,9307672.0,410718056.0,0.7016155419222904,6.06243645,266.807828,6.06817968,267.060588,0.015338491097547724
CN,002049,2019-07-05,44.3,44.71,44.03,44.59,31.0815,31.3692,30.8921,31.285,9602671.0,426800623.0,0.7016147118187934,6.06243645,270.324041,6.06817968,270.580132,0.015824631943001398
CN,002049,2019-07-08,44.55,44.97,42.09,42.09,31.2569,31.5516,29.531,29.531,19015668.0,824318472.0,0.701615585649798,6.06243645,255.16795,6.06817968,255.409683,0.031336692390097454
CN,002049,2019-07-09,42.1,42.6,41.58,42.12,29.538,29.8888,29.1731,29.552,9628021.0,406066667.0,0.7016144349477683,6.06243645,255.349823,6.06817968,255.591728,0.0158664072386202
CN,002049,2019-07-10,42.48,42.98,42.0,42.33,29.8046,30.1554,29.4678,29.6994,9775854.0,415993564.0,0.701615875265769,6.06243645,256.622935,6.06817968,256.866046,0.01611002724955567
CN,002049,2019-07-11,42.58,42.79,41.57,41.86,29.8748,30.0221,29.1661,29.3696,8646230.0,365011116.0,0.7016149068322981,6.06243645,253.77359,6.06817968,254.014001,0.01424847393444355
CN,002049,2019-07-12,42.0,42.36,41.53,42.18,29.4678,29.7204,29.1381,29.5941,6310538.0,265867675.0,0.7016145092460883,6.06243645,255.713569,6.06817968,255.955819,0.010399392128744613
CN,002049,2019-07-15,42.14,43.76,41.5,43.52,29.566,30.7027,29.117,30.5343,14426106.0,620148426.0,0.7016153492647059,6.06243645,263.837234,6.06817968,264.08718,0.023773366579019954
CN,002049,2019-07-16,43.22,44.44,43.08,43.73,30.3238,31.1798,30.2256,30.6816,13080320.0,573052346.0,0.7016144523210611,6.06243645,265.110346,6.06817968,265.361497,0.02155559111591765
CN,002049,2019-07-17,43.98,45.88,43.98,45.29,30.857,32.1901,30.857,31.7761,29542528.0,1335687646.0,0.7016140428350629,6.06243645,274.567747,6.06817968,274.827858,0.04868433295963313
CN,002049,2019-07-18,44.65,45.06,44.14,44.44,31.3271,31.6148,30.9693,31.1798,15238838.0,678965051.0,0.7016156615661566,6.06243645,269.414676,6.06817968,269.66990499999997,0.02511270068390592
CN,002049,2019-07-19,44.49,44.99,44.36,44.93,31.2148,31.5657,31.1236,31.5236,12854863.0,574956683.0,0.7016158468729133,6.06243645,272.38527,6.06817968,272.643313,0.0211840513595339
CN,002049,2019-07-22,45.45,45.7,42.87,43.12,31.8884,32.0638,30.0782,30.2536,15492536.0,678136324.0,0.7016141001855287,6.06243645,261.41226,6.06817968,261.659908,0.02553077993234373
CN,002049,2019-07-23,43.09,44.55,42.98,44.28,30.2326,31.2569,30.1554,31.0675,12807517.0,563728144.0,0.701614724480578,6.06243645,268.444686,6.06817968,268.698996,0.021106027961255096
CN,002049,2019-07-24,44.5,45.46,44.32,44.88,31.2219,31.8954,31.0956,31.4885,17900651.0,805598926.0,0.7016154188948306,6.06243645,272.082148,6.06817968,272.339904,0.029499210544141303
CN,002049,2019-07-25,46.43,49.21,46.2,47.92,32.576,34.5265,32.4146,33.6214,52175378.0,2491038783.0,0.7016151919866445,6.06243645,290.511955,6.06817968,290.78717,0.08598192662614104
CN,002049,2019-07-26,47.62,48.5,47.45,47.88,33.4109,34.0283,33.2916,33.5933,30664395.0,1470238862.0,0.7016144527986633,6.06243645,290.269457,6.06817968,290.544443,0.05053310319907996
CN,002049,2019-07-29,47.88,48.65,47.65,48.21,33.5933,34.1336,33.4319,33.8249,22100963.0,1063472865.0,0.7016158473345778,6.06243645,292.270061,6.06817968,292.546942,0.036421075455036624
CN,002049,2019-07-30,48.25,48.37,46.38,46.67,33.8529,33.9371,32.5409,32.7444,28562011.0,1356325784.0,0.7016155988857938,6.06243645,282.933909,6.06817968,283.201946,0.04706849913185168
CN,002049,2019-07-31,46.6,49.49,46.36,48.55,32.6953,34.7229,32.5269,34.0634,39316598.0,1903774672.0,0.7016148300720907,6.06243645,294.33129,6.06817968,294.610123,0.06479142028305925
CN,002049,2019-08-01,48.41,49.18,47.8,48.6,33.9652,34.5054,33.5372,34.0985,26437478.0,1279998480.0,0.7016152263374485,6.06243645,294.634411,6.06817968,294.913532,0.04356739482704309
CN,002049,2019-08-02,47.18,49.66,47.17,49.39,33.1022,34.8422,33.0952,34.6528,40190276.0,1961897493.0,0.7016157116825268,6.06243645,299.423736,6.06817968,299.707394,0.06623118977913983
CN,002049,2019-08-05,48.87,49.97,47.81,48.05,34.2879,35.0597,33.544200000000004,33.7126,33752797.0,1649228644.0,0.7016149843912591,6.06243645,291.300071,6.06817968,291.576034,0.055622606415635996
CN,002049,2019-08-06,46.3,47.33,45.6,46.82,32.4848,33.2074,31.9936,32.8496,30857684.0,1433994960.0,0.7016146945749681,6.06243645,283.843275,6.06817968,284.112173,0.0508516320004552
CN,002049,2019-08-07,47.19,47.19,44.9,44.95,33.1092,33.1092,31.5025,31.5376,25617701.0,1175646556.0,0.701615127919911,6.06243645,272.506518,6.06817968,272.764677,0.04221645098023861
CN,002049,2019-08-08,45.26,46.69,44.8,46.45,31.7551,32.7584,31.4323,32.59,24289973.0,1113790978.0,0.7016146393972014,6.06243645,281.600173,6.06817968,281.866946,0.04002843402949466
CN,002049,2019-08-09,46.95,46.95,44.44,44.66,32.9408,32.9408,31.1798,31.3341,24023902.0,1094004077.0,0.7016144200626959,6.06243645,270.748412,6.06817968,271.004905,0.03958996481132543
CN,002049,2019-08-12,45.0,47.83,44.65,47.8,31.5727,33.5582,31.3271,33.5372,29472064.0,1365807379.0,0.7016150627615063,6.06243645,289.784462,6.06817968,290.058989,0.04856821246927876
CN,002049,2019-08-13,47.1,47.64,46.74,47.11,33.0461,33.4249,32.7935,33.0531,17867138.0,841636783.0,0.7016153682869879,6.06243645,285.601381,6.06817968,285.871945,0.029443983108951053
CN,002049,2019-08-14,48.2,49.22,47.24,47.53,33.8178,34.5335,33.1443,33.3478,32028226.0,1545367135.0,0.7016158215863665,6.06243645,288.147604,6.06817968,288.42058,0.0527806157513121
CN,002049,2019-08-15,46.32,50.3,46.0,49.95,32.4988,35.2912,32.2743,35.0457,42209660.0,2047778434.0,0.7016156156156155,6.06243645,302.818701,6.06817968,303.105575,0.06955901477195547
CN,002049,2019-08-16,49.5,50.38,49.34,50.09,34.7299,35.3474,34.6177,35.1439,32225659.0,1607264404.0,0.7016150928329008,6.06243645,303.667442,6.06817968,303.95512,0.05310597361876404
CN,002049,2019-08-19,50.37,51.79,49.8,51.0,35.3403,36.3366,34.9404,35.7824,37516748.0,1906079959.0,0.7016156862745099,6.06243645,309.184259,6.06817968,309.477164,0.061825374294124394
CN,002049,2019-08-20,50.75,51.04,49.91,50.13,35.607,35.8104,35.0176,35.172,22973982.0,1156425093.0,0.7016157989228006,6.06243645,303.909939,6.06817968,304.197847,0.03785975895822518
CN,002049,2019-08-21,50.24,51.68,49.52,50.95,35.2491,36.2595,34.744,35.7473,26001934.0,1318802219.0,0.7016153091265948,6.06243645,308.881137,6.06817968,309.173755,0.04284964416215177
CN,002049,2019-08-22,50.89,50.89,48.93,49.59,35.7052,35.7052,34.33,34.7931,29372041.0,1459229496.0,0.7016152450090745,6.06232395,300.630645,6.06817968,300.92103,0.048403380501086286
CN,002049,2019-08-23,49.7,50.16,48.42,49.2,34.8703,35.193,33.9722,34.5194,19135489.0,942703315.0,0.7016138211382112,6.06232395,298.266338,6.06817968,298.55444,0.031534150287388985
CN,002049,2019-08-26,48.38,49.65,48.26,49.13,33.9441,34.8352,33.8599,34.4703,18718048.0,919292852.0,0.7016140850803989,6.06232395,297.841976,6.06817968,298.129668,0.03084623229218552
CN,002049,2019-08-27,49.45,51.66,49.04,51.01,34.6949,36.2454,34.4072,35.7894,35404986.0,1791829115.0,0.7016153695353853,6.06232395,309.239145,6.06817968,309.537845,0.05834531583942814
CN,002049,2019-08-28,51.01,51.51,50.45,51.2,35.7894,36.1402,35.3965,35.9227,19918747.0,1015438485.0,0.701615234375,6.06232395,310.390986,6.06817968,310.6908,0.03282491298939256
CN,002049,2019-08-29,51.6,51.79,50.5,50.8,36.2033,36.3366,35.4315,35.642,23148770.0,1182580451.0,0.7016141732283465,6.06232395,307.966057,6.06817968,308.263528,0.038147799209531645
CN,002049,2019-08-30,51.49,55.85,51.31,53.4,36.1261,39.1852,35.9999,37.4662,58064007.0,3131410238.0,0.7016142322097378,6.06232395,323.728099,6.06817968,324.040795,0.09568603776083308
CN,002049,2019-09-02,53.79,55.69,53.0,54.53,37.7399,39.0729,37.1856,38.2591,44421468.0,2420748749.0,0.7016156244269209,6.06232395,330.578525,6.06817968,330.897838,0.07320394309747928
CN,002049,2019-09-03,54.7,57.59,54.44,55.88,38.3783,40.406,38.1959,39.2062,48104057.0,2691758148.0,0.7016141732283465,6.06232395,338.762662,6.06817968,339.089881,0.07927263122834886
CN,002049,2019-09-04,55.99,60.01,55.95,59.66,39.2834,42.1039,39.2553,41.8583,52884348.0,3073288772.0,0.7016141468320483,6.06232395,361.678247,6.06817968,362.0276,0.08715026711272333
CN,002049,2019-09-05,60.5,60.94,58.2,58.86,42.4477,42.7564,40.834,41.297,47437332.0,2819441294.0,0.7016139993204213,6.06232395,356.828388,6.06817968,357.173056,0.07817390799476129
CN,002049,2019-09-06,58.6,59.48,56.68,57.81,41.1146,41.7321,39.7675,40.5604,37272349.0,2159009982.0,0.7016156374329701,6.06232395,350.462948,6.06817968,350.801467,0.06142261924584277
CN,002049,2019-09-09,57.99,59.59,57.11,59.59,40.6866,41.8092,40.0692,41.8092,36132467.0,2114577823.0,0.701614364826313,6.06232395,361.253884,6.06817968,361.602827,0.05954416135548577
CN,002049,2019-09-10,59.02,59.21,56.05,57.11,41.4093,41.5426,39.3255,40.0692,37495443.0,2154733497.0,0.7016144282962704,6.06232395,346.219321,6.06817968,346.553742,0.06179026491845739
CN,002049,2019-09-11,57.08,58.19,56.58,57.38,40.0482,40.827,39.6974,40.2587,23842405.0,1368972738.0,0.7016155454862321,6.06232395,347.856148,6.06817968,348.19215,0.03929086852616071
CN,002049,2019-09-12,57.63,58.3,56.83,57.64,40.4341,40.9041,39.8728,40.4411,20493492.0,1183641857.0,0.7016151977793199,6.06232395,349.432352,6.06817968,349.769877,0.03377205864148044
CN,002049,2019-09-16,57.5,59.18,57.21,58.1,40.3429,41.5216,40.1394,40.7638,23672322.0,1381384286.0,0.7016144578313254,6.06232395,352.221022,6.06817968,352.561239,0.03901058183563872
CN,002049,2019-09-17,57.55,57.73,55.2,55.46,40.3779,40.5042,38.7291,38.9116,28478761.0,1596908618.0,0.7016155787955283,6.06232395,336.216486,6.06817968,336.541245,0.04693130807227514
CN,002049,2019-09-18,55.88,56.21,54.74,55.65,39.2062,39.4378,38.4064,39.0449,18760427.0,1043402172.0,0.7016154537286613,6.06232395,337.368328,6.06817968,337.694199,0.03091607036922809
CN,002049,2019-09-19,55.81,56.46,55.65,56.4,39.1571,39.6132,39.0449,39.5711,16465474.0,924512477.0,0.7016152482269504,6.06232395,341.915071,6.06817968,342.245334,0.027134124017896583
CN,002049,2019-09-20,56.5,58.3,56.18,57.61,39.6412,40.9041,39.4167,40.42,27655381.0,1586292525.0,0.7016143030723833,6.06232395,349.250483,6.06817968,349.587831,0.045574426695288626
CN,002049,2019-09-23,57.34,59.26,56.56,59.26,40.2306,41.5777,39.6833,41.5777,32361849.0,1877026663.0,0.7016149173135336,6.06232395,359.253317,6.06817968,359.600328,0.05333040665664666
CN,002049,2019-09-24,59.0,59.8,58.18,58.2,41.3953,41.9566,40.82,40.834,29901390.0,1760475780.0,0.7016151202749141,6.06232395,352.827254,6.06817968,353.168057,0.04927571623917372
CN,002049,2019-09-25,57.4,57.4,54.01,54.16,40.2727,40.2727,37.8942,37.9995,34871034.0,1929660973.0,0.7016155834564254,6.06232395,328.335465,6.06817968,328.652611,0.0574653946305031
CN,002049,2019-09-26,54.16,54.49,51.01,51.65,37.9995,38.231,35.7894,36.2384,25953391.0,1362719418.0,0.7016147144240077,6.06232395,313.119032,6.06817968,313.42148,0.04276964817890824
CN,002049,2019-09-27,51.62,52.62,51.26,52.08,36.2174,36.919,35.9648,36.5401,14484626.0,754796278.0,0.7016148233486944,6.06232395,315.725831,6.06817968,316.030798,0.023869804066184143
CN,002049,2019-09-30,52.3,52.8,51.09,51.09,36.6945,37.0453,35.8455,35.8455,12584989.0,652916925.0,0.7016147974163242,6.06232395,309.724131,6.06817968,310.0233,0.020739315023051527
CN,002049,2019-10-08,51.51,52.2,50.15,50.73,36.1402,36.6243,35.186,35.5929,11659330.0,597290592.0,0.7016144293317564,6.06232395,307.541694,6.06817968,307.838755,0.019213883923753557
CN,002049,2019-10-09,50.7,52.23,49.9,52.17,35.5719,36.6453,35.0106,36.6032,13720644.0,703809416.0,0.7016139543799118,6.06232395,316.27144,6.06817968,316.576934,0.02261080706825741
CN,002049,2019-10-10,51.92,52.62,51.53,52.41,36.4278,36.919,36.1542,36.7716,13932536.0,724929717.0,0.7016141957641672,6.06232395,317.726398,6.06817968,318.033297,0.022959992509648298
CN,002049,2019-10-11,52.28,52.41,51.01,51.62,36.6804,36.7716,35.7894,36.2174,11633889.0,601416144.0,0.7016156528477334,6.06232395,312.937162,6.06817968,313.239435,0.0191719586655351
CN,002049,2019-10-14,52.15,54.01,52.12,53.53,36.5892,37.8942,36.5682,37.5574,19618218.0,1044904074.0,0.7016140481972726,6.06232395,324.516201,6.06817968,324.829658,0.032329659032113565
CN,002049,2019-10-15,53.05,53.53,51.68,51.82,37.2207,37.5574,36.2595,36.3577,12373599.0,646234985.0,0.701615206483983,6.06232395,314.149627,6.06817968,314.453071,0.020390956847869738
CN,002049,2019-10-16,52.02,52.51,51.46,51.79,36.498,36.8418,36.1051,36.3366,8973972.0,466299057.0,0.7016142112376906,6.06232395,313.967757,6.06817968,314.271026,0.014788573300782683
CN,002049,2019-10-17,51.51,52.14,50.76,50.86,36.1402,36.5822,35.614,35.6841,9564069.0,491887684.0,0.7016142351553284,6.06232395,308.329796,6.06817968,308.627619,0.01576101813781493
CN,002049,2019-10-18,51.05,51.44,48.98,48.98,35.8174,36.0911,34.3651,34.3651,16230054.0,811355235.0,0.7016149448754594,6.06232395,296.932627,6.06817968,297.219441,0.026746165828761354
CN,002049,2019-10-21,49.17,49.69,48.15,49.16,34.4984,34.8632,33.7828,34.4914,10541276.0,515495591.0,0.7016151342554923,6.06232395,298.023845,6.06817968,298.311713,0.017371397282026427
CN,002049,2019-10-22,49.12,50.16,49.12,49.97,34.4633,35.193,34.4633,35.0597,10580924.0,526269149.0,0.7016149689813889,6.06232395,302.934328,6.06817968,303.226939,0.017436734833138626
CN,002049,2019-10-23,49.94,50.3,49.3,49.74,35.0386,35.2912,34.5896,34.8983,8780124.0,437399523.0,0.7016143948532367,6.06232395,301.539993,6.06817968,301.831257,0.014469123300580974
CN,002049,2019-10-24,50.2,50.73,49.64,50.1,35.2211,35.5929,34.8282,35.1509,11033446.0,552826132.0,0.7016147704590818,6.06232395,303.72243,6.06817968,304.015802,0.01818246423448028
CN,002049,2019-10-25,50.09,51.1,49.52,51.09,35.1439,35.8525,34.744,35.8455,12237030.0,617031891.0,0.7016147974163242,6.06232395,309.724131,6.06817968,310.0233,0.020165899240478655
CN,002049,2019-10-28,51.5,52.88,51.05,52.72,36.1332,37.1014,35.8174,36.9891,18868323.0,982353588.0,0.7016141881638847,6.06232395,319.605719,6.06817968,319.914433,0.031093876574201904
CN,002049,2019-10-29,52.3,52.56,50.96,50.96,36.6945,36.8769,35.7543,35.7543,13924210.0,718218123.0,0.7016149921507064,6.06232395,308.936028,6.06817968,309.234436,0.022946271755749988
CN,002049,2019-10-30,50.5,53.0,50.05,51.77,35.4315,37.1856,35.1158,36.3226,15650623.0,812079547.0,0.7016148348464362,6.06232395,313.846511,6.06817968,314.149662,0.025791297926761457
CN,002049,2019-10-31,51.0,51.93,50.57,50.96,35.7824,36.4349,35.4807,35.7543,11478138.0,587344208.0,0.7016149921507064,6.06232395,308.936028,6.06817968,309.234436,0.01891529026048879
CN,002049,2019-11-01,50.6,51.45,50.35,51.03,35.5017,36.0981,35.3263,35.8034,9348574.0,477176233.0,0.7016147364295513,6.06232395,309.360391,6.06817968,309.659209,0.015405895166242013
CN,002049,2019-11-04,51.2,52.4,50.9,52.0,35.9227,36.7646,35.7122,36.484,13129072.0,680665660.0,0.7016153846153846,6.06232395,315.240845,6.06817968,315.545343,0.021635931518758193
CN,002049,2019-11-05,51.95,52.45,51.15,52.2,36.4489,36.7997,35.8876,36.6243,16905579.0,875342193.0,0.7016149425287356,6.06232395,316.45331,6.06817968,316.758979,0.027859390940117978
CN,002049,2019-11-06,52.3,52.3,46.98,46.98,36.6945,36.6945,32.9619,32.9619,43345877.0,2107485389.0,0.7016155810983398,6.06232395,284.807979,6.06817968,285.083081,0.07143143295980979
CN,002049,2019-11-07,47.0,48.59,46.85,47.42,32.9759,34.0915,32.8707,33.2706,25937331.0,1234864030.0,0.7016153521720793,6.06232395,287.475402,6.06817968,287.75308,0.042743182251979726
CN,002049,2019-11-08,47.65,48.3,47.24,47.5,33.4319,33.888,33.1443,33.3267,15100988.0,721416795.0,0.7016147368421053,6.06232395,287.960388,6.06817968,288.238535,0.024885532064535042
CN,002049,2019-11-11,46.9,46.9,44.78,45.14,32.9057,32.9057,31.4183,31.6709,20672961.0,943234450.0,0.7016149756313691,6.06232395,273.653303,6.06817968,273.917631,0.034067812902995646
CN,002049,2019-11-12,45.36,45.55,43.88,45.41,31.8252,31.9586,30.7869,31.8603,14717080.0,658287619.0,0.7016141818982603,6.06232395,275.290131,6.06817968,275.556039,0.02425287446333494
CN,002049,2019-11-13,45.01,46.28,44.7,45.9,31.5797,32.4707,31.3622,32.2041,15516785.0,709580974.0,0.7016143790849673,6.06232395,278.260669,6.06817968,278.529447,0.025570740845300744
CN,002049,2019-11-14,45.6,46.75,45.36,46.45,31.9936,32.8005,31.8252,32.59,14552947.0,671811917.0,0.7016146393972014,6.06232395,281.594947,6.06817968,281.866946,0.023982393019713614
CN,002049,2019-11-15,46.09,46.88,45.31,45.88,32.3374,32.8917,31.7902,32.1901,15719233.0,724557951.0,0.7016150828247603,6.06232395,278.139423,6.06817968,278.408084,0.025904363135140388
CN,002049,2019-11-18,45.93,46.36,45.42,45.75,32.2252,32.5269,31.8673,32.0989,9617455.0,440359206.0,0.701615300546448,6.06232395,277.351321,6.06817968,277.61922,0.015848995097653404
CN,002049,2019-11-19,45.58,46.41,45.36,46.38,31.9796,32.5619,31.8252,32.5409,13170868.0,604208082.0,0.7016149202242346,6.06232395,281.170585,6.06817968,281.442174,0.02170480884639856
CN,002049,2019-11-20,46.18,46.72,45.61,45.62,32.4006,32.7794,32.0007,32.0077,11380428.0,524861228.0,0.7016155195089874,6.06232395,276.563219,6.06817968,276.830357,0.018754269979032658
CN,002049,2019-11-21,45.18,45.89,44.73,45.1,31.699,32.1971,31.3832,31.6428,10612685.0,479520077.0,0.7016141906873614,6.06232395,273.41081,6.06817968,273.674904,0.017489075076300313
CN,002049,2019-11-22,44.58,45.69,43.6,43.87,31.278,32.0568,30.5904,30.7798,16124043.0,717105415.0,0.7016138591292456,6.06232395,265.954152,6.06817968,266.211043,0.0265714659919233
CN,002049,2019-11-25,43.99,43.99,42.47,43.26,30.864,30.864,29.7976,30.3519,11027214.0,475755570.0,0.7016158113730929,6.06232395,262.256134,6.06817968,262.509453,0.018172194268314745
CN,002049,2019-11-26,43.64,44.26,43.03,44.1,30.6185,31.0535,30.1905,30.9412,10956125.0,480031903.0,0.7016145124716553,6.06232395,267.348486,6.06817968,267.606724,0.018055043815050645
CN,002049,2019-11-27,43.71,45.61,43.52,44.99,30.6676,32.0007,30.5343,31.5657,15257251.0,683430868.0,0.7016159146476995,6.06232395,272.743955,6.06817968,273.007404,0.025143044215197002
CN,002049,2019-11-28,44.71,45.0,44.21,44.45,31.3692,31.5727,31.0184,31.1868,8610668.0,384102437.0,0.701615298087739,6.06232395,269.4703,6.06817968,269.730587,0.014189869868850027
CN,002049,2019-11-29,44.35,44.87,44.16,44.8,31.1166,31.4815,30.9833,31.4323,7932902.0,353597499.0,0.7016138392857144,6.06232395,271.592113,6.06817968,271.85445,0.013072951722484263
CN,002049,2019-12-02,44.83,45.75,44.46,45.19,31.4534,32.0989,31.1938,31.706,11634671.0,526840961.0,0.7016154016375304,6.06232395,273.956419,6.06817968,274.22104,0.019173247355127758
CN,002049,2019-12-03,44.79,45.75,44.59,45.63,31.4253,32.0989,31.285,32.0147,11337525.0,512382136.0,0.7016151654613192,6.06232395,276.623842,6.06817968,276.891039,0.018683568381086566
CN,002049,2019-12-04,45.32,48.77,45.22,47.35,31.7972,34.2178,31.727,33.2215,26192503.0,1242655226.0,0.7016156282998943,6.06232395,287.051039,6.06817968,287.328308,0.04316369056494385
CN,002049,2019-12-05,47.33,48.24,46.8,47.68,33.2074,33.8459,32.8356,33.453,19876559.0,944888803.0,0.7016149328859062,6.06232395,289.051606,6.06817968,289.330807,0.03275538966901521
CN,002049,2019-12-06,47.89,49.96,47.71,49.96,33.6003,35.0527,33.474,35.0527,31974953.0,1574082729.0,0.701615292233787,6.06232395,302.873705,6.06817968,303.166257,0.0526928250087677
CN,002049,2019-12-09,50.37,51.29,49.31,49.78,35.3403,35.9858,34.5966,34.9264,26556015.0,1330753802.0,0.7016151064684613,6.06232395,301.782486,6.06817968,302.073984,0.043762736768532866
CN,002049,2019-12-10,49.41,50.75,48.73,50.43,34.6668,35.607,34.1897,35.3824,22402459.0,1116917072.0,0.7016141185802102,6.06232395,305.722997,6.06817968,306.018301,0.036917922970929565
CN,002049,2019-12-11,50.2,50.79,48.8,48.91,35.2211,35.635,34.2388,34.316,20744919.0,1027953276.0,0.7016152116131671,6.06232395,296.508264,6.06817968,296.794668,0.03418639541668944
CN,002049,2019-12-12,49.15,50.8,49.04,49.66,34.4844,35.642,34.4072,34.8422,22933408.0,1145670517.0,0.701614981876762,6.06232395,301.055007,6.06817968,301.345803,0.03779289541406592
CN,002049,2019-12-13,50.2,50.43,48.94,50.25,35.2211,35.3824,34.337,35.2561,21999243.0,1095778481.0,0.7016139303482588,6.06232395,304.631778,6.06817968,304.926029,0.036253446931551636
CN,002049,2019-12-16,50.1,51.48,49.93,51.48,35.1509,36.1191,35.0316,36.1191,26231476.0,1333160561.0,0.7016142191142192,6.06232395,312.088437,6.06817968,312.38989,0.04322791575611354
CN,002049,2019-12-17,51.46,51.46,50.36,51.03,36.1051,36.1051,35.3333,35.8034,26861644.0,1366027347.0,0.7016147364295513,6.06232395,309.360391,6.06817968,309.659209,0.04426639522315529
CN,002049,2019-12-18,51.0,51.88,50.75,50.9,35.7824,36.3998,35.607,35.7122,20606287.0,1055666497.0,0.7016149312377211,6.06232395,308.572289,6.06817968,308.870346,0.033957938107725905
CN,002049,2019-12-19,50.83,50.83,49.54,49.79,35.6631,35.6631,34.758,34.9334,17856180.0,891616047.0,0.7016147820847559,6.06232395,301.843109,6.06817968,302.134666,0.02942592497524727
CN,002049,2019-12-20,49.89,50.66,49.46,49.57,35.0036,35.5438,34.7019,34.779,12867068.0,644685455.0,0.7016138793625177,6.06232395,300.509398,6.06817968,300.799667,0.021204164475235182
CN,002049,2019-12-23,48.5,51.45,48.2,49.79,34.0283,36.0981,33.8178,34.9334,28176709.0,1405951032.0,0.7016147820847559,6.06232395,301.843109,6.06817968,302.134666,0.04643354430137771
CN,002049,2019-12-24,49.96,49.96,48.4,49.45,35.0527,35.0527,33.9582,34.6949,17768568.0,872462989.0,0.7016157735085944,6.06232395,299.781919,6.06817968,300.071485,0.029281545598531123
CN,002049,2019-12-25,49.15,54.29,49.15,53.1,34.4844,38.0907,34.4844,37.2557,49000006.0,2559978192.0,0.7016139359698681,6.06232395,321.909402,6.06817968,322.220341,0.08074910201076972
CN,002049,2019-12-26,52.85,53.1,51.91,52.91,37.0803,37.2557,36.4208,37.1224,25154711.0,1322107586.0,0.7016140616140616,6.06232395,320.75756,6.06817968,321.067387,0.0414534709361144
CN,002049,2019-12-27,53.15,53.4,51.69,51.69,37.2908,37.4662,36.2665,36.2665,20971562.0,1098861030.0,0.7016153994970014,6.06232395,313.361525,6.06817968,313.664208,0.0345598896306907
CN,002049,2019-12-30,51.28,51.59,49.71,51.4,35.9788,36.1963,34.8773,36.063,19358767.0,984639925.0,0.7016147859922179,6.06232395,311.603451,6.06817968,311.904436,0.031902099181084234
CN,002049,2019-12-31,51.14,51.99,50.68,50.84,35.8806,36.477,35.5578,35.6701,12755372.0,652457582.0,0.7016148701809598,6.06232395,308.20855,6.06817968,308.506255,0.02102009609577019
CN,002049,2020-01-02,51.45,52.85,50.91,52.29,36.0956,37.0778,35.7168,36.6849,20428727.0,1065455595.0,0.701566265060241,6.06232395,316.998919,6.06817968,317.305115,0.03366532976492219
CN,002049,2020-01-03,52.47,52.76,51.43,51.96,36.8112,37.0147,36.0816,36.4534,15482222.0,804175311.0,0.7015665896843726,6.06232395,314.998352,6.06817968,315.302616,0.02551378307242214
CN,002049,2020-01-06,51.42,52.78,51.06,52.08,36.0746,37.0287,35.822,36.5376,18740297.0,977896622.0,0.7015668202764976,6.06232395,315.725831,6.06817968,316.030798,0.030882897323831388
CN,002049,2020-01-07,52.23,52.57,51.7,52.34,36.6429,36.8814,36.271,36.72,13896814.0,723914989.0,0.7015666794038975,6.06232395,317.302036,6.06817968,317.608524,0.022901124773549882
CN,002049,2020-01-08,51.86,52.3,50.3,50.3,36.3833,36.692,35.2888,35.2888,22874528.0,1168474189.0,0.7015666003976144,6.06232395,304.934895,6.06817968,305.229438,0.03769586466826572
CN,002049,2020-01-09,50.93,51.36,50.43,51.18,35.7308,36.0325,35.38,35.9062,15558224.0,793034717.0,0.7015670183665494,6.06232395,310.26974,6.06817968,310.569436,0.025639029858127074
CN,002049,2020-01-10,51.39,52.78,51.2,52.34,36.0535,37.0287,35.9202,36.72,26007941.0,1358932632.0,0.7015666794038975,6.06232395,317.302036,6.06817968,317.608524,0.042859543341669804
CN,002049,2020-01-13,52.24,54.85,51.88,54.5,36.6499,38.481,36.3973,38.2354,34853052.0,1878548641.0,0.7015669724770642,6.06232395,330.396655,6.06817968,330.715793,0.057435761361634564
CN,002049,2020-01-14,54.56,54.58,52.94,52.95,38.2775,38.2915,37.141,37.148,25021193.0,1338952091.0,0.7015675165250236,6.06232395,321.000053,6.06817968,321.310114,0.041233441195663474
CN,002049,2020-01-15,52.93,54.8,52.8,54.79,37.1339,38.4459,37.0427,38.4389,26117405.0,1406824500.0,0.7015678043438583,6.06232395,332.154729,6.06817968,332.475565,0.043039933517591555
CN,002049,2020-01-16,54.68,55.95,53.87,54.65,38.3617,39.2527,37.7934,38.3406,23060668.0,1261005808.0,0.7015663311985362,6.06232395,331.306004,6.06817968,331.62602,0.03800261234189427
CN,002049,2020-01-17,54.4,55.24,53.78,53.9,38.1653,38.7546,37.7303,37.8145,19604316.0,1065317631.0,0.7015677179962895,6.06232395,326.759261,6.06817968,327.074885,0.032306749361119776
CN,002049,2020-01-20,54.0,56.28,53.5,55.98,37.8846,39.4842,37.5338,39.2737,29344561.0,1624468769.0,0.7015666309396213,6.06232395,339.368895,6.06817968,339.696698,0.04835809509187111
CN,002049,2020-01-21,55.41,57.99,55.17,56.97,38.8738,40.6839,38.7055,39.9683,32365392.0,1826434102.0,0.7015674916622784,6.06232395,345.370595,6.06817968,345.704196,0.05333624531038936
CN,002049,2020-01-22,56.09,59.88,55.66,58.76,39.3509,42.0098,39.0492,41.2241,33557831.0,1937714370.0,0.701567392784207,6.06232395,356.222155,6.06817968,356.566238,0.05530131401778136
CN,002049,2020-01-23,58.0,60.2,55.01,55.84,40.6909,42.2343,38.5932,39.1755,39025447.0,2244873849.0,0.7015669770773638,6.06232395,338.520169,6.06817968,338.847153,0.06431162071324822
CN,002049,2020-02-03,50.26,50.26,50.26,50.26,35.2608,35.2608,35.2608,35.2608,3190200.0,160339452.0,0.7015678471945882,6.06232395,304.692402,6.06817968,304.986711,0.0052572602794121615
CN,002049,2020-02-04,46.1,51.34,46.1,50.88,32.3422,36.0185,32.3422,35.6957,31488411.0,1573297884.0,0.70156643081761,6.06232395,308.451043,6.06817968,308.748982,0.051891032666323424
CN,002049,2020-02-05,50.79,52.66,49.91,50.37,35.6326,36.9445,35.0152,35.3379,32099929.0,1644716779.0,0.7015664085765336,6.06232395,305.359257,6.06817968,305.65421,0.05289877804013872
CN,002049,2020-02-06,50.0,52.12,49.73,51.79,35.0784,36.5657,34.8889,36.3342,26127713.0,1337325641.0,0.7015678702452212,6.06232395,313.967757,6.06817968,314.271026,0.04305692048986921
CN,002049,2020-02-07,51.5,55.5,51.21,55.26,36.1307,38.937,35.9273,38.7686,37916942.0,2044706387.0,0.7015671371697431,6.06232395,335.004021,6.06817968,335.327609,0.06248487025684118
CN,002049,2020-02-10,54.8,55.94,54.08,55.03,38.4459,39.2457,37.9407,38.6072,28369688.0,1559546393.0,0.7015664183172814,6.06232395,333.609687,6.06817968,333.931928,0.04675156224114972
CN,002049,2020-02-11,55.2,55.9,54.2,54.3,38.7265,39.2176,38.0249,38.0951,22658164.0,1241410645.0,0.7015672191528546,6.06232395,329.18419,6.06817968,329.502157,0.03733930963626311
CN,002049,2020-02-12,54.0,56.73,53.71,56.4,37.8846,39.7999,37.6812,39.5684,34563319.0,1921511335.0,0.7015673758865247,6.06232395,341.915071,6.06817968,342.245334,0.056958298571673144
CN,002049,2020-02-13,56.2,58.77,55.15,57.2,39.4281,41.2311,38.6914,40.1296,44246715.0,2525038443.0,0.7015664335664336,6.06232395,346.76493,6.06817968,347.099878,0.07291596052409575
CN,002049,2020-02-14,56.83,59.77,56.62,57.4,39.8701,41.9327,39.7227,40.27,41609707.0,2418169135.0,0.7015679442508711,6.06232395,347.977395,6.06817968,348.313514,0.06857032783182188
CN,002049,2020-02-17,58.3,58.87,57.41,58.65,40.9014,41.3013,40.277,41.1469,34670173.0,2019337382.0,0.7015669224211424,6.06232395,355.5553,6.06817968,355.898738,0.05713438762248385
CN,002049,2020-02-18,58.39,61.45,58.16,61.35,40.9645,43.1113,40.8031,43.0411,45317991.0,2726832290.0,0.7015664221678891,6.06232395,371.923574,6.06817968,372.282823,0.07468135979783644
CN,002049,2020-02-19,61.45,67.24,60.3,64.07,43.1113,47.1734,42.3045,44.9494,58024581.0,3711460725.0,0.7015670360543156,6.06232395,388.413095,6.06817968,388.788272,0.09562106605254642
CN,002049,2020-02-20,64.72,65.75,62.42,64.35,45.4054,46.128,43.7918,45.1458,42132261.0,2700044463.0,0.7015664335664337,6.06232395,390.110546,6.06817968,390.487362,0.0694314658131547
CN,002049,2020-02-21,64.11,66.3,63.16,66.3,44.9775,46.5139,44.311,46.5139,43556573.0,2826218375.0,0.7015671191553545,6.06232395,401.932078,6.06817968,402.320313,0.0717786474641766
CN,002049,2020-02-24,66.3,70.15,66.1,69.9,46.5139,49.2149,46.3736,49.0395,41853107.0,2856470759.0,0.7015665236051501,6.06232395,423.756444,6.06817968,424.16576,0.0689714365873886
CN,002049,2020-02-25,67.86,69.9,63.36,68.01,47.6083,49.0395,44.4513,47.7136,51348458.0,3468268505.0,0.7015674165563887,6.06232395,412.298652,6.06817968,412.6969,0.08461921153923378
CN,002049,2020-02-26,66.0,66.64,61.28,61.57,46.3034,46.7524,42.992,43.1955,47107422.0,3011003649.0,0.7015673217476044,6.06232395,373.257286,6.06817968,373.617823,0.07763023589308088
CN,002049,2020-02-27,62.12,63.74,61.01,61.98,43.5813,44.7179,42.8026,43.4831,28601443.0,1781587121.0,0.701566634398193,6.06232395,375.742838,6.06817968,376.105777,0.04713348072778227
CN,002049,2020-02-28,58.7,60.79,57.44,57.95,41.182,42.6483,40.298,40.6558,34473853.0,2032989174.0,0.7015668679896462,6.06232395,351.311673,6.06817968,351.651012,0.05681086391298156
CN,002049,2020-03-02,59.9,60.67,58.12,60.0,42.0239,42.5641,40.7751,42.094,26142870.0,1556621992.0,0.7015666666666667,6.06232395,363.739437,6.06817968,364.090781,0.043081898326385745
CN,002049,2020-03-03,61.4,62.86,59.6,59.83,43.0762,44.1005,41.8134,41.9748,29790203.0,1826888419.0,0.7015677753635301,6.06232395,362.708842,6.06817968,363.05919,0.04909248666150241
CN,002049,2020-03-04,59.01,60.59,57.1,58.9,41.3995,42.508,40.0595,41.3223,25455531.0,1495390981.0,0.7015670628183361,6.06232395,357.070881,6.06817968,357.415783,0.04194920444412417
CN,002049,2020-03-05,60.1,60.49,57.6,59.19,42.1642,42.4378,40.4103,41.5258,25431917.0,1499375375.0,0.7015678324041222,6.06232395,358.828955,6.06817968,359.175555,0.04191028997348345
CN,002049,2020-03-06,57.98,58.88,57.61,57.88,40.6769,41.3083,40.4173,40.606700000000004,17491089.0,1017979221.0,0.7015670352453353,6.06232395,350.88731,6.06817968,351.22624,0.028824276673363108
CN,002049,2020-03-09,56.06,56.8,53.49,53.58,39.3299,39.849,37.5268,37.59,25340099.0,1396886712.0,0.7015677491601344,6.06232395,324.819317,6.06817968,325.133067,0.04175897935836995
CN,002049,2020-03-10,53.51,56.65,53.5,56.52,37.5409,39.7438,37.5338,39.6526,24903698.0,1371106938.0,0.7015675866949752,6.06232395,342.64255,6.06817968,342.973516,0.04103981640833681
CN,002049,2020-03-11,56.79,57.3,55.1,55.1,39.842,40.1998,38.6563,38.6563,19489555.0,1096300424.0,0.7015662431941924,6.06232395,334.03405,6.06817968,334.3567,0.032117630043545446
CN,002049,2020-03-12,54.22,55.73,53.9,54.54,38.039,39.0983,37.8145,38.2635,15647329.0,854175869.0,0.7015676567656766,6.06232395,330.639148,6.06817968,330.95852,0.025785869610241995
CN,002049,2020-03-13,51.78,55.97,51.5,55.15,36.3271,39.2667,36.1307,38.6914,24398995.0,1318193475.0,0.7015666364460562,6.06232395,334.337166,6.06817968,334.660109,0.04020809581564665
CN,002049,2020-03-16,55.52,55.78,51.0,51.63,38.951,39.1334,35.7799,36.2219,22030175.0,1181043763.0,0.7015669184582606,6.06232395,312.997786,6.06817968,313.300117,0.03630442103190985
CN,002049,2020-03-17,52.64,53.57,50.88,52.87,36.9305,37.5829,35.6957,37.0919,18007755.0,944253438.0,0.7015679969737092,6.06232395,320.515067,6.06817968,320.82466,0.0296757115801159
CN,002049,2020-03-18,54.89,57.97,54.51,55.55,38.509,40.6698,38.2424,38.9721,40294097.0,2266162097.0,0.7015679567956795,6.06232395,336.762095,6.06817968,337.087381,0.06640228062594218
CN,002049,2020-03-19,55.62,57.46,55.1,56.93,39.0212,40.312,38.6563,39.9402,30773442.0,1735850819.0,0.7015668364658352,6.06232395,345.128102,6.06817968,345.461469,0.050712806183748335
CN,002049,2020-03-20,57.32,57.45,54.83,56.08,40.2138,40.305,38.4669,39.3439,23222442.0,1297415892.0,0.7015674037089872,6.06232395,339.975127,6.06817968,340.303516,0.03826920629350909
CN,002049,2020-03-23,53.7,54.65,51.0,51.5,37.6742,38.3406,35.7799,36.1307,20459803.0,1083809784.0,0.7015669902912621,6.06232395,312.209683,6.06817968,312.511254,0.03371654116873481
CN,002049,2020-03-24,52.72,52.93,49.9,52.28,36.9866,37.1339,35.0082,36.6779,18848276.0,974788702.0,0.7015665646518745,6.06232395,316.938296,6.06817968,317.244434,0.03106084030787961
CN,002049,2020-03-25,53.4,53.86,52.36,52.78,37.4637,37.7864,36.7341,37.0287,16098671.0,854654667.0,0.7015668813944675,6.06232395,319.969458,6.06817968,320.278524,0.026529654441610075
CN,002049,2020-03-26,52.01,53.41,51.75,52.0,36.4885,37.4707,36.3061,36.4815,10908654.0,572364004.0,0.7015673076923077,6.06232395,315.240845,6.06817968,315.545343,0.017976814424189892
CN,002049,2020-03-27,52.7,52.86,51.27,51.3,36.9726,37.0848,35.9693,35.9904,9990622.0,520548091.0,0.7015672514619884,6.06232395,310.997219,6.06817968,311.297618,0.016463952168271984
CN,002049,2020-03-30,50.2,50.36,48.88,49.85,35.2187,35.3309,34.2926,34.9731,12886346.0,638433761.0,0.701566700100301,6.06232395,302.206849,6.06817968,302.498757,0.021235933475193338
CN,002049,2020-03-31,50.65,51.15,49.87,49.9,35.5344,35.8852,34.9872,35.0082,8612261.0,433972161.0,0.7015671342685371,6.06232395,302.509965,6.06817968,302.802166,0.014192495038314356
CN,002049,2020-04-01,49.49,51.06,49.46,49.98,34.7206,35.822,34.6995,35.0643,11760418.0,593449255.0,0.7015666266506604,6.06232395,302.994951,6.06817968,303.28762,0.01938047094874422
CN,002049,2020-04-02,53.11,54.98,53.11,54.98,37.2602,38.5722,37.2602,38.5722,34475049.0,1867895993.0,0.7015678428519463,6.06232395,333.306571,6.06817968,333.628519,0.05681283485000563
CN,002049,2020-04-03,56.23,60.28,56.14,58.75,39.4491,42.2905,39.386,41.2171,65046949.0,3781880887.0,0.7015676595744681,6.06232395,356.161532,6.06817968,356.505556,0.10719351177814827
CN,002049,2020-04-07,60.21,62.33,59.2,62.17,42.2414,43.7287,41.5328,43.6164,50038587.0,3056637176.0,0.7015666720283095,6.06232395,376.89468,6.06817968,377.258731,0.08246062186477643
CN,002049,2020-04-08,61.18,62.95,60.68,62.2,42.9219,44.1636,42.5711,43.6375,35911107.0,2227182973.0,0.7015675241157556,6.06232395,377.07655,6.06817968,377.440776,0.05917937321196791
CN,002049,2020-04-09,62.19,62.68,60.45,61.08,43.6305,43.9742,42.4097,42.8517,27765594.0,1701154528.0,0.7015667976424362,6.06232395,370.286747,6.06817968,370.644415,0.04575605117876141
CN,002049,2020-04-10,61.3,63.2,59.38,59.57,43.0061,44.339,41.6591,41.7924,37553228.0,2302139460.0,0.7015679033070338,6.06232395,361.132638,6.06817968,361.481464,0.061885491169239734
CN,002049,2020-04-13,59.47,60.72,59.0,59.68,41.7222,42.5992,41.3925,41.8695,22305241.0,1334604375.0,0.701566689008043,6.06232395,361.799493,6.06817968,362.148963,0.03675771347627597
CN,002049,2020-04-14,60.31,61.5,58.89,61.12,42.3115,43.1464,41.3153,42.8798,30356891.0,1825476286.0,0.7015674083769634,6.06232395,370.52924,6.06817968,370.887142,0.05002635485572833
CN,002049,2020-04-15,60.69,60.69,58.0,58.0,42.5781,42.5781,40.6909,40.6909,40838179.0,2421410094.0,0.7015672413793104,6.06232395,351.614789,6.06817968,351.954421,0.06729889547370818
CN,002049,2020-04-16,57.45,60.18,57.33,59.63,40.305,42.2203,40.2208,41.8344,28332457.0,1662988627.0,0.7015663256749958,6.06232395,361.496377,6.06817968,361.845554,0.04669020776260205
CN,002049,2020-04-17,60.35,61.78,58.8,59.47,42.3396,43.3428,41.2521,41.7222,38067365.0,2293439771.0,0.7015671767277619,6.06232395,360.526405,6.06817968,360.874646,0.06273275843407458
CN,002049,2020-04-20,58.81,62.43,58.81,62.4,41.2592,43.7988,41.2592,43.7778,41577931.0,2543842034.0,0.7015673076923077,6.06232395,378.289014,6.06817968,378.654412,0.06851796286955036
CN,002049,2020-04-21,62.4,62.4,59.8,60.68,43.7778,43.7778,41.9537,42.5711,31835076.0,1937494879.0,0.701567237969677,6.06232395,367.861817,6.06817968,368.217143,0.052462316013687976
CN,002049,2020-04-22,59.92,61.25,59.6,61.03,42.0379,42.971,41.8134,42.8166,20052424.0,1212935870.0,0.7015664427330821,6.06232395,369.983631,6.06817968,370.341006,0.03304520475240773
CN,002049,2020-04-23,60.43,60.79,58.8,59.32,42.3957,42.6483,41.2521,41.617,22443674.0,1334296609.0,0.7015677680377612,6.06232395,359.617057,6.06817968,359.964419,0.03698584284504904
CN,002049,2020-04-24,58.2,58.98,55.0,55.8,40.8312,41.3784,38.5862,39.1474,39239772.0,2223354098.0,0.7015663082437276,6.06232395,338.277676,6.06817968,338.604426,0.06466481559425412
CN,002049,2020-04-27,55.3,56.36,54.9,55.56,38.7967,39.5403,38.516,38.9791,16239249.0,903864548.0,0.7015676745860331,6.06232395,336.822719,6.06817968,337.148063,0.026761318643089355
CN,002049,2020-04-28,55.5,59.85,54.91,59.68,38.937,41.9888,38.523,41.8695,41464136.0,2401959651.0,0.701566689008043,6.06232395,361.799493,6.06817968,362.148963,0.06833043546264932
CN,002049,2020-04-29,58.81,59.54,58.61,58.95,41.2592,41.7713,41.1188,41.3574,19907749.0,1174101934.0,0.7015674300254452,6.06232395,357.373997,6.06817968,357.719192,0.03280678893806256
CN,002049,2020-04-30,59.65,62.23,59.38,61.58,41.8485,43.6585,41.6591,43.2025,37961324.0,2328013068.0,0.70156706722962,6.06232395,373.317909,6.06817968,373.678505,0.06255800915901687
CN,002049,2020-05-06,61.07,64.28,61.06,63.62,42.8447,45.0967,42.8377,44.6337,39448426.0,2477234796.0,0.7015671172587237,6.06232395,385.68505,6.06817968,386.057591,0.06500866500380226
CN,002049,2020-05-07,63.5,63.95,62.25,62.61,44.5495,44.8652,43.6726,43.9251,25858028.0,1627501026.0,0.7015668423574509,6.06232395,379.562103,6.06817968,379.92873,0.04261249561417074
CN,002049,2020-05-08,63.2,64.26,62.34,62.88,44.339,45.0827,43.7357,44.1145,26928258.0,1699807262.0,0.701566475826972,6.06232395,381.19893,6.06817968,381.567138,0.0443761711419857
CN,002049,2020-05-11,63.7,63.88,61.24,62.3,44.6898,44.8161,42.964,43.7076,26520598.0,1655552540.0,0.7015666131621188,6.06232395,377.682782,6.06817968,378.047594,0.043704371654334405
CN,002049,2020-05-12,62.01,68.53,62.01,68.53,43.5042,48.0784,43.5042,48.0784,54170280.0,3567686169.0,0.7015671968480958,6.06232395,415.45106,6.06817968,415.852353,0.08926940673582691
CN,002049,2020-05-13,69.0,72.22,68.7,69.98,48.4081,50.6672,48.1977,49.0957,65837561.0,4610847277.0,0.7015675907402115,6.06232395,424.24143,6.06817968,424.651214,0.10849639343573293
CN,002049,2020-05-14,69.52,71.55,69.3,69.41,48.7729,50.1971,48.6186,48.6958,45417010.0,3191793272.0,0.7015674974787495,6.06232395,420.785905,6.06817968,421.192352,0.07484453723361072
CN,002049,2020-05-15,70.12,72.5,69.36,70.18,49.1939,50.8636,48.6607,49.236,46760545.0,3313008997.0,0.7015673981191222,6.06232395,425.453895,6.06817968,425.86485,0.07705860318229733
CN,002049,2020-05-18,71.5,73.26,68.18,68.5,50.162,51.3968,47.8328,48.0573,51033845.0,3585721408.0,0.7015664233576642,6.06232395,415.269191,6.06817968,415.670308,0.08410074798576168
CN,002049,2020-05-19,69.88,75.35,69.0,75.35,49.0255,52.8631,48.4081,52.8631,53999743.0,3962562374.0,0.7015673523556736,6.06232395,456.79611,6.06817968,457.237339,0.08898837188024729
CN,002049,2020-05-20,76.5,78.08,74.01,75.4,53.6699,54.7784,51.923,52.8982,59728936.0,4569141600.0,0.7015676392572944,6.06232395,457.099226,6.06817968,457.540748,0.09842974194857723
CN,002049,2020-05-21,75.76,76.95,72.0,73.21,53.1507,53.9856,50.5128,51.3617,46684503.0,3462117078.0,0.7015667258571234,6.06232395,443.822736,6.06817968,444.251434,0.07693329047896617
CN,002049,2020-05-22,74.4,74.47,70.5,72.1,52.1966,52.2457,49.4605,50.583,42207437.0,3063769869.0,0.7015672676837725,6.06232395,437.093557,6.06817968,437.515755,0.06955535139987813
CN,002049,2020-05-25,72.12,72.99,69.4,70.42,50.597,51.2074,48.6888,49.4044,31611491.0,2244184443.0,0.7015677364385118,6.06232395,426.908853,6.06817968,427.321213,0.05209386120221147
CN,002049,2020-05-26,71.31,72.1,70.6,71.31,50.0288,50.583,49.5306,50.0288,29390024.0,2096467736.0,0.7015678025522366,6.06232395,432.304321,6.06817968,432.721893,0.04843301541789547
CN,002049,2020-05-27,71.79,71.84,68.18,69.01,50.3655,50.4006,47.8328,48.4151,36983836.0,2569951894.0,0.7015664396464281,6.06232395,418.360976,6.06817968,418.76508,0.060947166943481144
CN,002049,2020-05-28,68.82,70.77,67.75,70.77,48.2818,49.6499,47.5312,49.6499,36923545.0,2559450917.0,0.701567048184259,6.06232395,429.030666,6.06817968,429.445076,0.06084781095341593
CN,002049,2020-05-29,69.89,70.2,68.45,68.9,49.0325,49.25,48.0223,48.338,28032608.0,1936498544.0,0.7015674891146589,6.06232395,417.69412,6.06817968,418.09758,0.04619607440496884
CN,002049,2020-06-01,70.38,73.38,69.81,72.64,49.3763,51.481,48.9764,50.9618,36952863.0,2658104327.0,0.7015666299559471,6.06232395,440.367212,6.06817968,440.792572,0.06089612527755605
CN,002049,2020-06-02,73.31,73.38,71.79,72.69,51.4319,51.481,50.3655,50.9969,28431036.0,2065692155.0,0.7015669280506259,6.06232395,440.670328,6.06817968,441.095981,0.046852660104487874
CN,002049,2020-06-03,72.6,76.68,71.8,74.29,50.9338,53.7962,50.3725,52.1194,38283940.0,2848126762.0,0.7015668326827298,6.06232395,450.370046,6.06817968,450.805068,0.06308966118155553
CN,002049,2020-06-04,74.29,74.78,72.36,72.9,52.1194,52.4632,50.7654,51.1442,25927226.0,1898146083.0,0.7015665294924553,6.06232395,441.943416,6.06817968,442.370299,0.04272652981165515
CN,002049,2020-06-08,70.0,70.5,65.61,66.26,49.1097,49.4605,46.0298,46.4858,63697414.0,4313923001.0,0.7015665559915484,6.06232395,401.689585,6.06817968,402.077586,0.10496955818552822
CN,002049,2020-06-09,65.56,67.35,65.51,66.76,45.9947,47.2505,45.9597,46.8366,24842645.0,1650845865.0,0.7015668064709406,6.06232395,404.720747,6.06817968,405.111675,0.04093920468749205
CN,002049,2020-06-10,66.11,66.74,65.52,65.93,46.3806,46.8226,45.9667,46.2543,19262133.0,1271486721.0,0.7015668132868192,6.06232395,399.689018,6.06817968,400.075086,0.0317428520837735
CN,002049,2020-06-11,65.93,66.38,64.53,64.58,46.2543,46.57,45.2721,45.3072,29493739.0,1931329553.0,0.7015670486218644,6.06232395,391.504881,6.06817968,391.883044,0.04860393158298833
CN,002049,2020-06-12,63.0,64.71,62.58,63.91,44.1987,45.3984,43.9041,44.8372,30430435.0,1942490661.0,0.701567829760601,6.06232395,387.443124,6.06817968,387.817363,0.050147551003301864
CN,002049,2020-06-15,63.51,64.22,61.85,61.87,44.5565,45.0546,43.3919,43.406,31250218.0,1969081665.0,0.7015678034588654,6.06232395,375.075983,6.06817968,375.438277,0.051498504737750285
CN,002049,2020-06-16,62.8,63.65,62.65,63.59,44.0584,44.6547,43.9532,44.6127,23548696.0,1486026990.0,0.7015678565812233,6.06232395,385.50318,6.06817968,385.875546,0.03880685352415273
CN,002049,2020-06-17,63.95,65.19,63.04,65.0,44.8652,45.7352,44.2268,45.6019,30197054.0,1941251967.0,0.7015676923076923,6.06232395,394.051057,6.06817968,394.431679,0.04976295296516335
CN,002049,2020-06-18,64.13,65.97,64.11,65.55,44.9915,46.2824,44.9775,45.9877,25313928.0,1648991935.0,0.7015667429443173,6.06232395,397.385335,6.06817968,397.769178,0.04171585110347293
CN,002049,2020-06-19,65.3,65.81,64.66,65.11,45.8123,46.1701,45.3633,45.679,21496630.0,1400636448.0,0.7015665796344648,6.06232395,394.717912,6.06817968,395.099179,0.03542517053483162
CN,002049,2020-06-22,65.7,66.87,65.41,65.99,46.093,46.9138,45.8895,46.2964,27255598.0,1801889716.0,0.7015669040763752,6.06232395,400.052757,6.06817968,400.439177,0.04491560803618129
CN,002049,2020-06-23,65.81,69.98,65.48,69.03,46.1701,49.0957,45.9386,48.4292,48818571.0,3323962880.0,0.7015674344487904,6.06232395,418.482222,6.06817968,418.886443,0.08045010789792566
CN,002049,2020-06-24,69.0,72.26,68.5,71.59,48.4081,50.6952,48.0573,50.2252,46675273.0,3316998263.0,0.7015672579969269,6.06232395,434.001772,6.06817968,434.420983,0.07691807998671522
CN,002049,2020-06-29,71.93,74.2,71.14,72.24,50.4637,52.0563,49.9095,50.6812,40013003.0,2908848445.0,0.7015669988925803,6.06232395,437.942282,6.06817968,438.3653,0.06593905439530426
CN,002049,2020-06-30,72.88,73.15,71.58,72.75,51.1302,51.3196,50.2182,51.039,28236306.0,2045266475.0,0.7015670103092784,6.06232395,441.034067,6.06817968,441.460072,0.04653175662062795
CN,002049,2020-07-01,72.91,80.03,72.91,80.03,51.1513,56.1464,51.1513,56.1464,63932843.0,5027775939.0,0.7015669124078471,6.06232395,485.167786,6.06817968,485.63642,0.10535753120612935
CN,002049,2020-07-02,86.0,88.03,85.0,88.03,60.3348,61.759,59.6332,61.759,24251970.0,2115941571.0,0.7015676473929342,6.06232395,533.666377,6.06817968,534.181857,0.03996580734076088
CN,002049,2020-07-03,91.0,96.83,90.73,96.83,63.8426,67.9327,63.6532,67.9327,73128982.0,6949344170.0,0.7015666632242074,6.06232395,587.014828,6.06817968,587.581838,0.12051222253853894
CN,002049,2020-07-06,103.0,106.51,101.55,106.51,72.2614,74.7239,71.2441,74.7239,19547873.0,2048825521.0,0.7015669890151159,6.06232395,645.698124,6.06817968,646.321818,0.03221373464669721
CN,002049,2020-07-07,117.16,117.16,117.16,117.16,82.1956,82.1956,82.1956,82.1956,9159177.0,1073089177.0,0.701567087743257,6.06232395,710.261874,6.06817968,710.947931,0.015093780149898263
CN,002049,2020-07-08,115.0,126.7,108.0,120.6,80.6802,88.8886,75.7692,84.609,79793343.0,9273755960.0,0.7015671641791045,6.06232395,731.116268,6.06817968,731.822469,0.1314946939738607
CN,002049,2020-07-09,123.0,132.66,123.0,132.66,86.2928,93.0699,86.2928,93.0699,64832250.0,8450535391.0,0.7015671641791045,6.06232395,804.227895,6.06817968,805.004716,0.10683970056733719
CN,002049,2020-07-10,131.33,138.34,126.0,129.0,92.1368,97.0548,88.3975,90.5022,64270346.0,8406013922.0,0.7015674418604652,6.06232395,782.03979,6.06817968,782.795179,0.10591371612120754
CN,002049,2020-07-13,126.86,135.0,125.31,134.75,89.0008,94.7116,87.9134,94.5362,48330297.0,6271794751.0,0.7015673469387754,6.06232395,816.898152,6.06817968,817.687212,0.07964546132226592
CN,002049,2020-07-14,136.0,137.78,121.28,126.91,95.4131,96.6619,85.0861,89.0359,62357724.0,8001763955.0,0.7015672523835789,6.06232395,769.369532,6.06817968,770.112683,0.1027618285686623
CN,002049,2020-07-15,126.02,131.0,122.66,127.0,88.4115,91.9053,86.0542,89.099,47902318.0,6108810354.0,0.7015669291338583,6.06232395,769.915142,6.06817968,770.658819,0.07894017732843402
CN,002049,2020-07-16,126.88,126.88,114.3,114.3,89.0148,89.0148,80.1891,80.1891,41919826.0,4943357194.0,0.7015669291338582,6.06232395,692.923627,6.06817968,693.592937,0.06908138553998783
CN,002049,2020-07-17,113.5,118.58,108.01,115.0,79.6766,83.2428,75.8227,80.7296,40200902.0,4604030436.0,0.7019965217391305,6.06232395,697.167254,6.06817968,697.840663,0.06624870079654596
CN,002049,2020-07-20,120.0,126.5,118.89,126.5,84.2396,88.8026,83.4604,88.8026,39200798.0,4846218412.0,0.701996837944664,6.06232395,766.88398,6.06817968,767.62473,0.06460058875514378
CN,002049,2020-07-21,130.33,130.78,121.6,124.5,91.4912,91.8071,85.3628,87.3986,35460627.0,4447334333.0,0.7019967871485944,6.06232395,754.759332,6.06817968,755.48837,0.05843700890544493
CN,002049,2020-07-22,123.02,128.7,123.02,124.1,86.3596,90.347,86.3596,87.1178,27720621.0,3489706825.0,0.701996776792909,6.06232395,752.334402,6.06817968,753.061098,0.045681938343658274
CN,002049,2020-07-23,123.0,124.47,117.1,124.1,86.3456,87.3775,82.2038,87.1178,34041188.0,4131317981.0,0.701996776792909,6.06232395,752.334402,6.06817968,753.061098,0.05609785766923764
CN,002049,2020-07-24,122.3,125.98,115.88,116.75,85.8542,88.4375,81.3474,81.9581,37240834.0,4537185356.0,0.701996573875803,6.06232395,707.776321,6.06817968,708.459978,0.06137068439608235
CN,002049,2020-07-27,116.0,128.43,115.81,126.0,81.4316,90.1574,81.2982,88.4516,45246104.0,5676227965.0,0.7019968253968254,6.06232395,763.852818,6.06817968,764.59064,0.0745628942879292
CN,002049,2020-07-28,127.5,128.4,121.19,126.19,89.5046,90.1364,85.075,88.585,24911355.0,3095413847.0,0.7019969886678817,6.06232395,765.004659,6.06817968,765.743594,0.04105243468993654
CN,002049,2020-07-29,126.0,132.41,124.88,128.99,88.4516,92.9514,87.6653,90.5505,37197755.0,4773282389.0,0.7019962787813008,6.06232395,781.979166,6.06817968,782.734497,0.06129969276058088
CN,002049,2020-07-30,128.88,128.88,123.0,123.98,90.4733,90.4733,86.3456,87.0335,31101836.0,3881934428.0,0.7019962897241491,6.06232395,751.606923,6.06817968,752.332917,0.0512539800073949
CN,002049,2020-07-31,125.0,127.7,123.83,126.84,87.7496,89.645,86.9282,89.0413,29413199.0,3705242547.0,0.7019970040996532,6.06232395,768.94517,6.06817968,769.687911,0.0484712064425884
CN,002049,2020-08-03,130.0,139.52,127.0,139.52,91.2596,97.9426,89.1536,97.9426,50910093.0,6880440462.0,0.7019968463302751,6.06232395,845.815438,6.06817968,846.632429,0.0838968120337531
CN,002049,2020-08-04,138.89,138.9,126.1,127.1,97.5003,97.5073,88.5218,89.2238,48745379.0,6445595734.0,0.7019968528717545,6.06232395,770.521374,6.06817968,771.265637,0.08032949182546288
CN,002049,2020-08-05,131.1,138.2,128.0,132.89,92.0318,97.0159,89.8556,93.2883,41673745.0,5549093543.0,0.7019963879900671,6.06232395,805.62223,6.06817968,806.400398,0.06867585865552353
CN,002049,2020-08-06,132.84,146.18,130.01,146.18,93.2532,102.6179,91.2666,102.6179,55935851.0,8001466172.0,0.7019968531946915,6.06232395,886.190515,6.06817968,887.046506,0.09217896296702935
CN,002049,2020-08-07,149.33,160.8,141.66,156.0,104.8292,112.8811,99.4448,109.5115,63780882.0,9571534739.0,0.7019967948717949,6.06232395,945.722536,6.06817968,946.63603,0.10510710849616767
CN,002049,2020-08-10,151.09,160.0,142.72,145.21,106.0647,112.3195,100.189,101.9369,47121440.0,7094431573.0,0.701996418979409,6.06232395,880.310061,6.06817968,881.160371,0.0776533367251907
CN,002049,2020-08-11,141.0,149.26,138.5,142.01,98.9815,104.78,97.2265,99.6905,32504371.0,4670639660.0,0.7019963382860362,6.06232395,860.910624,6.06817968,861.742196,0.05356527445476038
CN,002049,2020-08-12,140.0,142.92,130.0,137.73,98.2795,100.3294,91.2596,96.686,32687214.0,4410110951.0,0.7019966601321427,6.06232395,834.963878,6.06817968,835.770387,0.053866588868047495
CN,002049,2020-08-13,136.99,142.48,135.1,136.15,96.1665,100.0205,94.8397,95.5768,23081304.0,3202223796.0,0.7019963275798752,6.06232395,825.385406,6.06817968,826.182663,0.03803661924526269
CN,002049,2020-08-14,133.26,139.07,133.0,137.5,93.5481,97.6267,93.3656,96.5245,18687322.0,2561852244.0,0.7019963636363636,6.06232395,833.569543,6.06817968,834.374706,0.030795597667602353
CN,002049,2020-08-17,137.5,146.5,137.0,143.91,96.5245,102.8425,96.1735,101.0243,23953305.0,3396249633.0,0.701996386630533,6.06232395,872.42904,6.06817968,873.271738,0.03947362514486387
CN,002049,2020-08-18,143.94,150.58,142.0,144.37,101.0454,105.7067,99.6835,101.3473,26153369.0,3836841398.0,0.7019969522754035,6.06232395,875.217709,6.06817968,876.0631,0.04309920005532862
CN,002049,2020-08-19,142.0,143.87,135.5,136.0,99.6835,100.9963,95.1205,95.4715,25768172.0,3564296405.0,0.7019963235294118,6.06232395,824.476057,6.06817968,825.272436,0.04246441825862348
CN,002049,2020-08-20,135.88,138.3,131.0,133.65,95.3873,97.0861,91.9616,93.8219,19359221.0,2620371407.0,0.7019970071081182,6.06040767,809.973485,6.06817968,811.012214,0.03190284734614186
CN,002049,2020-08-21,134.12,135.45,123.97,128.42,94.1518,95.0854,87.0265,90.1504,31722431.0,4099970756.0,0.7019965737424079,6.06040767,778.277553,6.06817968,779.275635,0.052276683738540844
CN,002049,2020-08-24,127.58,129.83,125.19,126.68,89.5607,91.1402,87.883,88.9289,17027617.0,2170120125.0,0.7019963688032839,6.06040767,767.732444,6.06817968,768.717002,0.028060502321842914
CN,002049,2020-08-25,127.2,127.88,121.3,121.98,89.294,89.7713,85.1522,85.6296,21931253.0,2712937101.0,0.7019970486965076,6.06040767,739.248528,6.06817968,740.196557,0.036141403446379165
CN,002049,2020-08-26,123.34,125.5,120.21,120.96,86.5843,88.1006,84.387,84.9135,17274420.0,2117323913.0,0.7019965277777778,6.06040767,733.066912,6.06817968,734.007014,0.028467219019460543
CN,002049,2020-08-27,121.01,128.8,117.33,126.37,84.9486,90.4172,82.3653,88.7113,25969641.0,3236328445.0,0.7019965181609559,6.06040767,765.853717,6.06817968,766.835866,0.04279642721456132
CN,002049,2020-08-28,124.6,128.89,123.12,127.69,87.4688,90.4803,86.4298,89.638,16749557.0,2117927808.0,0.7019970240426032,6.06040767,773.853455,6.06817968,774.845863,0.02760227594315401
CN,002049,2020-08-31,129.0,129.4,125.3,125.3,90.5576,90.83840000000001,87.9602,87.9602,12915212.0,1650964628.0,0.7019968076616121,6.06040767,759.369081,6.06817968,760.342914,0.021283502930157138
CN,002049,2020-09-01,124.9,129.56,124.0,128.22,87.6794,90.9507,87.0476,90.01,15668842.0,2001820789.0,0.7019965683980659,6.06040767,777.065471,6.06817968,778.061999,0.02582132175756536
CN,002049,2020-09-02,128.96,128.98,124.5,125.64,90.5295,90.5435,87.3986,88.1989,11648738.0,1467161225.0,0.7019969754855141,6.06040767,761.42962,6.06817968,762.406095,0.019196428936329717
CN,002049,2020-09-03,125.0,125.56,121.46,123.3,87.7496,88.1427,85.2645,86.5562,12162004.0,1499698505.0,0.7019967558799676,6.06040767,747.248266,6.06817968,748.206555,0.020042260844853558
CN,002049,2020-09-04,121.48,128.5,121.0,124.42,85.2786,90.2066,84.9416,87.3424,16212327.0,2033883581.0,0.7019964635910625,6.06040767,754.035922,6.06817968,755.002916,0.026716952784759992
CN,002049,2020-09-07,122.38,124.8,113.61,115.71,85.9104,87.6092,79.7538,81.228,25733025.0,3054081190.0,0.7019963702359346,6.06040767,701.249771,6.06817968,702.149071,0.04240649808840202
CN,002049,2020-09-08,116.06,116.79,111.12,113.28,81.4737,81.9862,78.0059,79.5222,14882996.0,1688013791.0,0.7019968220338982,6.06040767,686.522981,6.06817968,687.403394,0.024526294185145157
CN,002049,2020-09-09,110.55,114.37,108.44,110.9,77.6057,80.2874,76.1245,77.8514,14748334.0,1638838261.0,0.7019963931469793,6.06040767,672.099211,6.06817968,672.961127,0.02430437920058425
CN,002049,2020-09-10,112.99,116.6,111.74,112.2,79.3186,81.8528,78.4411,78.764,13490938.0,1538221193.0,0.7019964349376113,6.06040767,679.977741,6.06817968,680.84976,0.022232265212028132
CN,002049,2020-09-11,112.3,114.98,112.0,114.2,78.8342,80.7156,78.6236,80.168,11008300.0,1252575624.0,0.7019964973730298,6.06040767,692.098556,6.06817968,692.986119,0.01814102511875522
CN,002049,2020-09-14,114.96,115.8,111.32,112.05,80.7015,81.2912,78.1463,78.6587,11578175.0,1307931798.0,0.7019964301651048,6.06040767,679.068679,6.06817968,679.939533,0.01908014529985045
CN,002049,2020-09-15,112.05,116.28,110.91,113.92,78.6587,81.6282,77.8584,79.9715,13040959.0,1484739471.0,0.7019970154494383,6.06040767,690.401642,6.06817968,691.287029,0.0214907265237736
CN,002049,2020-09-16,112.92,113.6,111.39,111.95,79.2695,79.7468,78.1954,78.5885,7977673.0,895297280.0,0.7019964269763287,6.06040767,678.462639,6.06817968,679.332715,0.013146731673574965
CN,002049,2020-09-17,112.0,115.2,109.01,112.93,78.6236,80.87,76.5247,79.2765,14059950.0,1573757973.0,0.701996812184539,6.06040767,684.401838,6.06817968,685.279531,0.0231699632203376
CN,002049,2020-09-18,112.5,115.15,110.74,114.7,78.9746,80.8349,77.7391,80.519,14030832.0,1596474998.0,0.701996512641674,6.06040767,695.12876,6.06817968,696.020209,0.0231219784843286
CN,002049,2020-09-21,117.45,125.0,116.08,120.67,82.4495,87.7496,81.4878,84.7099,27010151.0,3267340049.0,0.701996353691887,6.06040767,731.309394,6.06817968,732.247242,0.04451112594609262
CN,002049,2020-09-22,119.1,122.14,118.25,119.23,83.6078,85.7419,83.0111,83.6991,12432516.0,1493909433.0,0.7019969806256815,6.06040767,722.582406,6.06817968,723.509063,0.02048804856747419
CN,002049,2020-09-23,120.7,121.0,115.66,118.3,84.731,84.9416,81.1929,83.0462,10752967.0,1269879006.0,0.7019966187658495,6.06040767,716.946227,6.06817968,717.865656,0.017720251487345542
CN,002049,2020-09-24,116.98,118.28,115.46,115.48,82.1196,83.0322,81.0525,81.0666,6895355.0,803329502.0,0.7019968825770695,6.06040767,699.855878,6.06817968,700.753389,0.01136313583911543
CN,002049,2020-09-25,116.3,116.98,114.8,115.2,81.6422,82.1196,80.5892,80.87,6103042.0,706436226.0,0.7019965277777778,6.06040767,698.158964,6.06817968,699.054299,0.010057451034475631
CN,002049,2020-09-28,114.76,116.56,111.9,113.99,80.5611,81.8247,78.5534,80.0206,8327243.0,948399866.0,0.7019966663742434,6.06040767,690.82587,6.06817968,691.711802,0.013722802288543967
CN,002049,2020-09-29,115.19,120.83,114.55,117.89,80.863,84.8223,80.4137,82.7584,13142840.0,1555566991.0,0.7019967766562049,6.06040767,714.46146,6.06817968,715.377702,0.021658620365704134
CN,002049,2020-09-30,118.2,119.45,116.77,118.78,82.976,83.8535,81.9721,83.3832,8503801.0,1006884203.0,0.7019969691867318,6.06040767,719.855223,6.06817968,720.778382,0.014013759394810801
CN,002049,2020-10-09,121.16,121.85,118.57,119.59,85.0539,85.5383,83.2357,83.9518,11595224.0,1388195656.0,0.7019968224767957,6.06040767,724.764153,6.06817968,725.693608,0.01910824104008733
CN,002049,2020-10-12,120.8,126.38,120.7,124.54,84.8012,88.7183,84.731,87.4267,17910597.0,2224995176.0,0.701996948771479,6.06040767,754.763171,6.06817968,755.731097,0.02951560096190164
CN,002049,2020-10-13,124.01,130.33,123.05,129.63,87.0546,91.4912,86.3807,90.9998,20894007.0,2682124190.0,0.7019964514387101,6.06040767,785.610646,6.06817968,786.618132,0.03443208359314766
CN,002049,2020-10-14,128.02,131.7,126.0,126.49,89.8696,92.453,88.4516,88.7956,14088769.0,1807324174.0,0.7019969958099455,6.06040767,766.580966,6.06817968,767.564048,0.02321745522209059
CN,002049,2020-10-15,127.0,128.3,124.03,124.65,89.1536,90.0662,87.0686,87.5039,8663183.0,1093613278.0,0.7019967910148416,6.06040767,755.429816,6.06817968,756.398597,0.014276411472377496
CN,002049,2020-10-16,124.64,125.53,121.03,122.0,87.4969,88.1216,84.9627,85.6436,9085852.0,1113968375.0,0.7019967213114755,6.06040767,739.369736,6.06817968,740.317921,0.0149729449013283
CN,002049,2020-10-19,123.98,125.5,122.0,124.11,87.0335,88.1006,85.6436,87.1248,8162974.0,1010323582.0,0.7019966159052453,6.06040767,752.157196,6.06817968,753.12178,0.013452096724993482
CN,002049,2020-10-20,123.88,126.68,123.88,126.28,86.9633,88.9289,86.9633,88.6481,9106377.0,1144504349.0,0.7019963573012353,6.06040767,765.308281,6.06817968,766.28973,0.015006768883283957
CN,002049,2020-10-21,124.36,124.36,113.65,113.65,87.3003,87.3003,79.7819,79.7819,26154296.0,3018640421.0,0.7019964804223492,6.06040767,688.765332,6.06817968,689.648621,0.043100727696316336
CN,002049,2020-10-22,109.0,114.58,107.0,110.58,76.5176,80.4348,75.1136,77.6268,17199731.0,1913229938.0,0.7019967444384156,6.06040767,670.15988,6.06817968,671.019309,0.028344135979836378
CN,002049,2020-10-23,111.0,112.94,107.55,108.7,77.9216,79.2835,75.4997,76.307,10239513.0,1124914756.0,0.7019963201471942,6.06040767,658.766314,6.06817968,659.611131,0.016874109765978453
CN,002049,2020-10-26,108.7,108.7,102.0,103.4,76.307,76.307,71.6037,72.5865,16970346.0,1762355021.0,0.7019970986460348,6.06040767,626.646153,6.06817968,627.449779,0.02796612311255754
CN,002049,2020-10-27,102.25,104.79,100.33,102.3,71.7792,73.5622,70.4313,71.8143,14285819.0,1456653426.0,0.7019970674486804,6.06040767,619.979705,6.06817968,620.774781,0.023542181928271445
CN,002049,2020-10-28,103.66,107.43,102.28,105.6,72.769,75.4155,71.8002,74.1308,13895782.0,1451347744.0,0.7019962121212121,6.06040767,639.97905,6.06817968,640.799774,0.02289942409879333
CN,002049,2020-10-29,103.13,107.88,102.58,105.02,72.3969,75.7314,72.0108,73.7237,12049551.0,1267485040.0,0.7019967625214245,6.06040767,636.464013,6.06817968,637.28023,0.019856944974312295
CN,002049,2020-10-30,105.4,111.61,105.21,107.32,73.9904,78.3498,73.8571,75.3383,19065194.0,2064655788.0,0.7019968319045845,6.06040767,650.402951,6.06817968,651.237043,0.03141830829900541
CN,002049,2020-11-02,107.82,108.5,100.28,103.19,75.6893,76.1666,70.3962,72.439,19218683.0,1982234169.0,0.7019963174726233,6.06040767,625.373467,6.06817968,626.175461,0.03167124906228881
CN,002049,2020-11-03,103.18,108.31,101.99,108.3,72.432,76.0333,71.5966,76.0262,14786640.0,1573475179.0,0.7019963065558634,6.06040767,656.342151,6.06817968,657.183859,0.02436750521533667
CN,002049,2020-11-04,108.5,109.26,106.03,107.35,76.1666,76.7002,74.4327,75.3593,9086603.0,977488161.0,0.7019962738705171,6.06040767,650.584763,6.06817968,651.419089,0.014974182504760637
CN,002049,2020-11-05,109.0,109.93,104.33,106.66,76.5176,77.1705,73.2393,74.875,14975254.0,1591769985.0,0.7019969998124883,6.06040767,646.403082,6.06817968,647.232045,0.024678329894147102
CN,002049,2020-11-06,107.7,108.27,104.4,105.7,75.605,76.0052,73.2885,74.201,11280500.0,1195721998.0,0.7019962157048248,6.06040767,640.585091,6.06817968,641.406592,0.01858959456520246
CN,002049,2020-11-09,106.5,116.27,106.5,116.27,74.7626,81.6212,74.7626,81.6212,26408346.0,2997900396.0,0.7019970757719103,6.06040767,704.6436,6.06817968,705.547251,0.04351938701986491
CN,002049,2020-11-10,113.2,116.34,109.17,109.98,79.466,81.6703,76.637,77.2056,30695823.0,3463774736.0,0.7019967266775777,6.06040767,666.523636,6.06817968,667.378401,0.05058489467800334
CN,002049,2020-11-11,108.0,108.9,102.36,103.69,75.8156,76.4474,71.8564,72.79,20996236.0,2194245072.0,0.7019963352300126,6.06040767,628.403671,6.06817968,629.209551,0.03460055091842633
CN,002049,2020-11-12,104.7,104.99,102.0,103.02,73.499,73.7026,71.6037,72.3197,13443788.0,1383095711.0,0.701996699669967,6.06040767,624.343198,6.06817968,625.143871,0.022154564810117818
CN,002049,2020-11-13,100.01,100.16,92.72,95.38,70.2067,70.312,65.0891,66.9564,41050789.0,3876335116.0,0.7019962256238206,6.06040767,578.041684,6.06817968,578.782978,0.06764926413648978
CN,002049,2020-11-16,92.1,102.54,92.05,99.24,64.6539,71.9827,64.6188,69.6661,28682716.0,2786839865.0,0.7019961708988312,6.06040767,601.434857,6.06817968,602.206151,0.04726741380868274
CN,002049,2020-11-17,97.1,99.96,95.31,98.25,68.1639,70.1716,66.9073,68.9712,13440656.0,1315109408.0,0.7019969465648854,6.06040767,595.435054,6.06817968,596.198654,0.02214940345998456
CN,002049,2020-11-18,97.76,98.98,95.92,97.7,68.6272,69.4836,67.3355,68.5851,9683452.0,944806479.0,0.7019969293756396,6.06040767,592.101829,6.06817968,592.861155,0.01595775423709932
CN,002049,2020-11-19,96.5,101.35,96.1,99.65,67.7427,71.1474,67.4619,69.954,11611288.0,1154655254.0,0.7019969894631208,6.06040767,603.919624,6.06817968,604.694105,0.01913471355877847
CN,002049,2020-11-20,99.89,107.47,99.78,104.72,70.1224,75.4436,70.0452,73.5131,18934586.0,1992895247.0,0.7019967532467531,6.06040767,634.645891,6.06817968,635.459776,0.031203074065862202
CN,002049,2020-11-23,103.73,105.6,101.8,103.95,72.8181,74.1308,71.4633,72.9726,10070135.0,1042666216.0,0.701997113997114,6.06040767,629.979377,6.06817968,630.787278,0.01659498487361864
CN,002049,2020-11-24,103.29,105.6,102.6,104.05,72.5092,74.1308,72.0249,73.0428,7907501.0,826360620.0,0.7019971167707832,6.06040767,630.585418,6.06817968,631.394096,0.013031092381892028
CN,002049,2020-11-25,103.8,105.13,100.08,100.92,72.8673,73.8009,70.2558,70.8455,10881181.0,1109927783.0,0.7019966309948474,6.06040767,611.616342,6.06817968,612.400693,0.017931540550559306
CN,002049,2020-11-26,100.1,104.27,100.1,101.5,70.2699,73.1972,70.2699,71.2527,6942319.0,707798371.0,0.7019970443349755,6.06040767,615.131379,6.06817968,615.920238,0.011440529724063807
CN,002049,2020-11-27,100.85,102.36,99.2,100.69,70.7964,71.8564,69.6381,70.684,6021914.0,606702085.0,0.7019962260403217,6.06040767,610.222448,6.06817968,611.005012,0.009923756904970223
CN,002049,2020-11-30,100.16,102.2,98.2,100.45,70.312,71.7441,68.9361,70.5156,8356268.0,839953734.0,0.7019970134395221,6.06040767,608.76795,6.06817968,609.548649,0.013770633766072002
CN,002049,2020-12-01,100.01,102.12,98.68,102.0,70.2067,71.6879,69.273,71.6037,9998652.0,1007604844.0,0.7019970588235295,6.06040767,618.161582,6.06817968,618.954327,0.016477185131736245
CN,002049,2020-12-02,102.8,108.95,102.31,108.0,72.1653,76.4825,71.8213,75.8156,21191873.0,2257669276.0,0.7019962962962963,6.06040767,654.524028,6.06817968,655.363405,0.034922949084460864
CN,002049,2020-12-03,108.0,110.4,106.81,107.2,75.8156,77.5004,74.9803,75.254,12829351.0,1391492241.0,0.7019962686567165,6.06040767,649.675702,6.06817968,650.508862,0.021142009097528898
CN,002049,2020-12-04,107.61,109.29,106.22,108.47,75.5419,76.7212,74.5661,76.1456,9450137.0,1020354858.0,0.701996865492763,6.06040767,657.37242,6.06817968,658.21545,0.015573264963044073
CN,002049,2020-12-07,111.3,113.0,108.51,110.8,78.1322,79.3256,76.1737,77.7812,11404510.0,1260490713.0,0.7019963898916968,6.06040767,671.49317,6.06817968,672.354309,0.018793955685900192
CN,002049,2020-12-08,110.0,111.66,106.6,111.3,77.2196,78.3849,74.8328,78.1322,12190616.0,1334957562.0,0.7019964061096137,6.06040767,674.523374,6.06817968,675.388398,0.020089411722890842
CN,002049,2020-12-09,110.0,116.9,109.8,112.59,77.2196,82.0634,77.0792,79.0378,16815356.0,1918104837.0,0.7019966249222844,6.06040767,682.3413,6.06817968,683.21635,0.027710708790350123
CN,002049,2020-12-10,111.27,113.5,108.27,113.08,78.1112,79.6766,76.0052,79.3818,12816273.0,1423062648.0,0.7019968164131588,6.06040767,685.310899,6.06817968,686.189758,0.0211204573296353
CN,002049,2020-12-11,112.3,113.0,108.57,109.24,78.8342,79.3256,76.2158,76.6861,15372265.0,1694558510.0,0.701996521420725,6.06040767,662.038934,6.06817968,662.887948,0.025332580461757192
CN,002049,2020-12-14,109.5,113.0,108.5,112.97,76.8686,79.3256,76.1666,79.3046,12181155.0,1357855575.0,0.7019969903514207,6.06040767,684.644254,6.06817968,685.522258,0.020073820556348456
CN,002049,2020-12-15,112.2,115.86,111.4,114.9,78.764,81.3333,78.2024,80.6594,10945377.0,1249668936.0,0.7019965187119234,6.06040767,696.340841,6.06817968,697.233845,0.018037331748884534
CN,002049,2020-12-16,114.4,114.46,111.2,114.02,80.3084,80.3505,78.062,80.0417,9190455.0,1037278801.0,0.7019970180670059,6.06040767,691.007683,6.06817968,691.893847,0.015145324437723307
CN,002049,2020-12-17,115.02,117.95,112.8,113.0,80.7437,82.8005,79.1852,79.3256,11416185.0,1316281135.0,0.7019964601769911,6.06040767,684.826067,6.06817968,685.704304,0.018813195393054018
CN,002049,2020-12-18,114.8,115.88,112.6,115.0,80.5892,81.3474,79.0448,80.7296,9713093.0,1114658064.0,0.7019965217391305,6.06040767,696.946882,6.06817968,697.840663,0.016006600846071188
CN,002049,2020-12-21,114.98,124.34,114.5,120.73,80.7156,87.2863,80.3786,84.7521,16474025.0,1987512195.0,0.7019970181396504,6.06040767,731.673018,6.06817968,732.611333,0.027148215558442396
CN,002049,2020-12-22,120.6,123.24,118.53,118.98,84.6608,86.5141,83.2077,83.5236,12781007.0,1542054563.0,0.7019969742813919,6.06040767,721.067305,6.06817968,721.992018,0.02106234105447583
CN,002049,2020-12-23,119.06,128.7,117.78,127.1,83.5797,90.347,82.6812,89.2238,21384252.0,2663014161.0,0.7019968528717545,6.06040767,770.277815,6.06817968,771.265637,0.03523997825983953
CN,002049,2020-12-24,127.8,136.39,127.73,131.7,89.7152,95.7453,89.666,92.453,19488806.0,2573927326.0,0.7019969627942294,6.06040767,798.15569,6.06817968,799.179264,0.032116395735994424
CN,002049,2020-12-25,131.92,132.5,125.56,130.12,92.6074,93.0146,88.1427,91.3438,13435067.0,1726428869.0,0.7019966185059945,6.06040767,788.580246,6.06817968,789.59154,0.022140193119660558
CN,002049,2020-12-28,129.9,130.75,126.8,127.17,91.1894,91.7861,89.0132,89.2729,9721640.0,1244725364.0,0.7019965400644806,6.06040767,770.702043,6.06817968,771.69041,0.01602068579485438
CN,002049,2020-12-29,125.83,130.45,122.28,127.51,88.3322,91.5755,85.8402,89.5116,12108229.0,1535679182.0,0.7019967061406949,6.06040767,772.762582,6.06817968,773.753591,0.019953642836100068
CN,002049,2020-12-30,126.09,135.05,125.0,132.0,88.5148,94.8046,87.7496,92.6636,13905882.0,1820023721.0,0.7019969696969697,6.06040767,799.973812,6.06817968,800.999718,0.022916068299414626
CN,002049,2020-12-31,131.46,136.36,130.0,133.81,92.2845,95.7243,91.2596,93.9342,13240339.0,1757205845.0,0.7019968612211345,6.06040767,810.94315,6.06817968,811.983123,0.021819292931681944
CN,002049,2021-01-04,137.05,144.5,137.05,141.85,96.2086,101.4385,96.2086,99.5782,16287178.0,2310161242.0,0.7019964751498061,6.06040767,859.668828,6.06817968,860.771288,0.026840302790770362
CN,002049,2021-01-05,140.0,149.0,139.9,144.65,98.2795,104.5975,98.2093,101.5438,16095408.0,2337484947.0,0.7019965433805738,6.06040767,876.637969,6.06817968,877.762191,0.026524277211250936
CN,002049,2021-01-06,144.57,147.79,142.01,143.96,101.4877,103.7481,99.6905,101.0594,12565925.0,1815405761.0,0.7019963878855237,6.06040767,872.456288,6.06817968,873.575147,0.020707898682393665
CN,002049,2021-01-07,143.97,151.88,142.5,149.5,101.0573,106.6096,100.0255,104.939,16653377.0,2461862522.0,0.701933110367893,6.06040767,906.030947,6.06817968,907.192862,0.027443777010900904
CN,002049,2021-01-08,149.0,150.88,139.89,140.76,104.588,105.9077,98.1934,98.8041,17095286.0,2466259246.0,0.7019330775788577,6.06040767,853.062984,6.06817968,854.156972,0.028172016818064954
CN,002049,2021-01-11,144.0,150.48,141.0,143.63,101.0784,105.6269,98.9726,100.8186,17040922.0,2489262570.0,0.7019327438557404,6.06040767,870.456354,6.06817968,871.572647,0.028082428172265327
CN,002049,2021-01-12,144.8,148.66,141.99,144.0,101.6399,104.3494,99.6675,101.0784,14176379.0,2057101083.0,0.7019333333333333,6.06040767,872.698704,6.06817968,873.817874,0.023361831302925427
CN,002049,2021-01-13,144.02,150.5,143.66,145.87,101.0924,105.6409,100.8397,102.391,18134927.0,2668533783.0,0.7019332282169055,6.06040767,884.031667,6.06817968,885.16537,0.029885283489166557
CN,002049,2021-01-14,142.4,142.4,131.28,131.28,99.9553,99.9553,92.1498,92.1498,28729915.0,3866111554.0,0.7019332723948811,6.06040767,795.610319,6.06817968,796.630628,0.04734519495968518
CN,002049,2021-01-15,128.7,132.23,124.79,127.74,90.3388,92.8166,87.5942,89.6649,21434450.0,2743593020.0,0.7019328323156412,6.06040767,774.156476,6.06817968,775.149272,0.035322701584868034
CN,002049,2021-01-18,127.75,133.51,122.38,132.3,89.6719,93.7151,85.9026,92.8657,20393299.0,2649699351.0,0.7019327286470143,6.06040767,801.791935,6.06817968,802.820172,0.033606946523376514
CN,002049,2021-01-19,131.1,131.5,127.3,128.81,92.0234,92.3042,89.3561,90.416,14042746.0,1815080552.0,0.7019330797298347,6.06040767,780.641112,6.06817968,781.642225,0.02314161204929911
CN,002049,2021-01-20,129.59,131.58,128.05,129.94,90.9635,92.3603,89.8825,91.2092,10396798.0,1346486869.0,0.7019331999384331,6.06040767,787.489373,6.06817968,788.499268,0.017133306111990407
CN,002049,2021-01-21,130.0,134.55,128.06,131.51,91.2513,94.4451,89.8895,92.3112,16973890.0,2225285939.0,0.701932932856817,6.06040767,797.004213,6.06817968,798.02631,0.02797196341424089
CN,002049,2021-01-22,131.8,135.8,129.86,131.96,92.5148,95.3225,91.153,92.6271,14928595.0,1976915070.0,0.7019331615641102,6.06040767,799.731396,6.06817968,800.756991,0.024601438631098677
CN,002049,2021-01-25,129.37,135.57,127.0,130.08,90.8091,95.1611,89.1455,91.3074,14979506.0,1988098656.0,0.7019326568265682,6.06040767,788.33783,6.06817968,789.348813,0.024685336937814602
CN,002049,2021-01-26,130.08,133.33,126.12,130.45,91.3074,93.5887,88.5278,91.5672,13476009.0,1752714808.0,0.701933307780759,6.06040767,790.580181,6.06817968,791.594039,0.022207663105981067
CN,002049,2021-01-27,129.33,129.6,121.88,128.15,90.781,90.9705,85.5516,89.9527,13400472.0,1691816149.0,0.7019328911431915,6.06040767,776.641243,6.06817968,777.637226,0.022083182612680975
CN,002049,2021-01-28,126.5,127.25,122.05,122.11,88.7945,89.321,85.6709,85.713,8880439.0,1105608579.0,0.701932683645893,6.06040767,740.036381,6.06817968,740.985421,0.01463443646744488
CN,002049,2021-01-29,122.31,126.5,118.6,120.86,85.8534,88.7945,83.2493,84.8356,9985209.0,1228952366.0,0.7019328148270726,6.06040767,732.460871,6.06817968,733.400196,0.016455031865503362
CN,002049,2021-02-01,120.2,124.2,120.0,121.33,84.3723,87.1801,84.232,85.1655,7124566.0,867863463.0,0.7019327454050935,6.06040767,735.309263,6.06817968,736.252241,0.011740861964720201
CN,002049,2021-02-02,121.88,122.9,118.7,120.55,85.5516,86.2676,83.3195,84.618,8711641.0,1048244050.0,0.7019328079635005,6.06040767,730.582145,6.06817968,731.51906,0.0143562673806653
CN,002049,2021-02-03,120.03,123.43,115.6,117.67,84.253,86.6396,81.1435,82.5965,12263077.0,1458181107.0,0.7019333729922665,6.06040767,713.128171,6.06817968,714.042703,0.02020882315073439
CN,002049,2021-02-04,116.11,118.8,113.75,116.2,81.5014,83.3896,79.8449,81.5646,10983000.0,1271792910.0,0.7019328743545611,6.06040767,704.219371,6.06817968,705.122479,0.018099332220169195
CN,002049,2021-02-05,117.5,117.69,111.0,111.06,82.4771,82.6105,77.9146,77.9567,9915564.0,1124550637.0,0.7019331892670628,6.06040767,673.068876,6.06817968,673.932035,0.01634026103854591
CN,002049,2021-02-08,111.09,115.53,111.09,113.44,77.9777,81.0943,77.9777,79.6273,7785775.0,883207831.0,0.7019331805359662,6.06040767,687.492646,6.06817968,688.374303,0.012830495157651627
CN,002049,2021-02-09,114.11,118.46,112.61,116.42,80.0976,83.151,79.0447,81.719,10018428.0,1159590951.0,0.7019326576189657,6.06040767,705.552661,6.06817968,706.457478,0.016509774806140874
CN,002049,2021-02-10,116.5,117.08,114.35,116.0,81.7752,82.1823,80.266,81.4242,6730352.0,780282299.0,0.7019327586206896,6.06040767,703.00729,6.06817968,703.908843,0.011091220687123754
CN,002049,2021-02-18,119.11,122.89,116.08,117.82,83.6072,86.2605,81.4804,82.7017,13926154.0,1656815791.0,0.701932609064675,6.06040767,714.037232,6.06817968,714.95293,0.022949475352384424
CN,002049,2021-02-19,116.01,116.91,106.6,110.95,81.4313,82.063,74.8261,77.8795,19497347.0,2148070765.0,0.7019333032897701,6.06040767,672.402231,6.06817968,673.264536,0.03213047079713368
CN,002049,2021-02-22,112.0,116.38,110.32,110.43,78.6165,81.691,77.4373,77.5145,11159526.0,1264057497.0,0.7019333514443539,6.06040767,669.250819,6.06817968,670.109082,0.01839023659233505
CN,002049,2021-02-23,108.12,112.37,105.68,110.6,75.893,78.8762,74.1803,77.6338,10863551.0,1185133150.0,0.7019330922242314,6.06040767,670.281088,6.06817968,671.140673,0.017902487356801538
CN,002049,2021-02-24,110.6,113.5,109.5,111.76,77.6338,79.6694,76.8617,78.448,11039737.0,1234951364.0,0.7019327129563349,6.06040767,677.311161,6.06817968,678.179761,0.018192831429144497
CN,002049,2021-02-25,112.66,117.57,112.66,114.45,79.0798,82.5263,79.0798,80.3362,11987333.0,1382016420.0,0.7019327217125383,6.06040767,693.613658,6.06817968,694.503164,0.019754413402603792
CN,002049,2021-02-26,111.13,114.09,109.12,111.0,78.0058,80.0835,76.5949,77.9146,7958258.0,885579069.0,0.7019333333333333,6.06040767,672.705251,6.06817968,673.567944,0.013114736905746997
CN,002049,2021-03-01,112.0,120.0,111.36,119.96,78.6165,84.232,78.1673,84.2039,14789389.0,1725865688.0,0.7019331443814606,6.06040767,727.006504,6.06817968,727.938834,0.02437203540419884
CN,002049,2021-03-02,120.02,121.23,115.01,117.42,84.246,85.0953,80.7293,82.421,14018729.0,1638432551.0,0.7019332311360927,6.06040767,711.613069,6.06817968,712.525658,0.023102033458574187
CN,002049,2021-03-03,116.0,117.19,114.08,117.19,81.4242,82.2595,80.0765,82.2595,8468195.0,981897265.0,0.701932758767813,6.06040767,710.219175,6.06817968,711.129977,0.013955082819828433
CN,002049,2021-03-04,117.0,119.0,111.93,112.85,82.1262,83.53,78.5674,79.2131,10886699.0,1253915204.0,0.7019326539654409,6.06040767,683.917006,6.06817968,684.794077,0.017940633887096765
CN,002049,2021-03-05,110.03,114.45,108.49,113.28,77.2337,80.3362,76.1527,79.515,6838456.0,766349786.0,0.7019332627118644,6.06040767,686.522981,6.06817968,687.403394,0.011269369663753925
CN,002049,2021-03-08,113.45,115.14,102.88,104.2,79.6343,80.8206,72.2149,73.1414,14129671.0,1530027505.0,0.701932821497121,6.06040767,631.494479,6.06817968,632.304323,0.023284859290784877
CN,002049,2021-03-09,103.0,104.66,96.91,97.0,72.2991,73.4643,68.0243,68.0875,13387795.0,1339519541.0,0.7019329896907217,6.06040767,587.859544,6.06817968,588.613429,0.022062291668990264
CN,002049,2021-03-10,99.74,100.58,97.03,97.49,70.0108,70.6004,68.1086,68.4314,7174138.0,707156129.0,0.7019325058980408,6.06040767,590.829144,6.06817968,591.586837,0.011822553678898316
CN,002049,2021-03-11,97.79,102.25,97.36,101.95,68.642,71.7727,68.3402,71.5621,9113469.0,911372793.0,0.7019333006375674,6.06040767,617.858562,6.06817968,618.650918,0.015018456078413287
CN,002049,2021-03-12,102.5,104.8,100.5,101.19,71.9481,73.5626,70.5443,71.0286,6981608.0,712709233.0,0.7019329973317522,6.06040767,613.252652,6.06817968,614.039102,0.011505275664480653
CN,002049,2021-03-15,99.49,101.43,97.05,98.0,69.8353,71.1971,68.1226,68.7894,6416230.0,633216641.0,0.7019326530612245,6.06040767,593.919952,6.06817968,594.681609,0.010573566272513539
CN,002049,2021-03-16,98.68,99.12,95.2,97.01,69.2668,69.5756,66.824,68.0945,5715166.0,554120857.0,0.7019327904339758,6.06040767,587.920148,6.06817968,588.674111,0.009418254404754212
CN,002049,2021-03-17,97.02,103.61,96.02,101.05,68.1015,72.7273,67.3996,70.9303,9657337.0,972631539.0,0.7019327065809006,6.06040767,612.404195,6.06817968,613.189557,0.015914718266879006
CN,002049,2021-03-18,100.8,102.14,100.13,101.36,70.7548,71.6954,70.2846,71.1479,4870977.0,492972852.0,0.7019327150749803,6.06040767,614.282921,6.06817968,615.070692,0.008027081030665855
CN,002049,2021-03-19,99.37,105.66,99.0,103.52,69.7511,74.1662,69.4914,72.6641,9711327.0,1003063032.0,0.7019329598145286,6.06040767,627.373402,6.06817968,628.17796,0.016003690582873445
CN,002049,2021-03-22,103.52,103.9,101.23,102.68,72.6641,72.9308,71.0567,72.0745,6029791.0,616790205.0,0.7019331904947409,6.06040767,622.28266,6.06817968,623.08069,0.00993673773351418
CN,002049,2021-03-23,102.9,104.24,101.2,101.59,72.2289,73.1695,71.0356,71.3094,4565412.0,467370336.0,0.7019332611477507,6.06040767,615.676815,6.06817968,616.466374,0.0075235280442453875
CN,002049,2021-03-24,100.78,103.5,99.62,100.01,70.7408,72.6501,69.9266,70.2003,4638323.0,468034262.0,0.701932806719328,6.06040767,606.101371,6.06817968,606.87865,0.0076436810453839425
CN,002049,2021-03-25,99.0,102.94,98.5,102.8,69.4914,72.257,69.1404,72.1587,4944440.0,501810723.0,0.7019328793774319,6.06040767,623.009908,6.06817968,623.808871,0.008148143695046288
CN,002049,2021-03-26,102.28,104.5,101.8,103.65,71.7937,73.352,71.4568,72.7554,6322862.0,654489646.0,0.7019334298118668,6.06040767,628.161255,6.06817968,628.966824,0.010419701349383905
CN,002049,2021-03-29,104.02,111.5,104.02,107.9,73.0151,78.2655,73.0151,75.7386,11616047.0,1259701722.0,0.7019332715477294,6.06040767,653.917988,6.06817968,654.756587,0.019142556108358348
CN,002049,2021-03-30,108.0,111.57,108.0,108.72,75.8088,78.3147,75.8088,76.3142,8398998.0,922436424.0,0.7019334069168506,6.06040767,658.887522,6.06817968,659.732495,0.013841050270284679
CN,002049,2021-03-31,108.7,108.78,106.21,106.99,76.3001,76.3563,74.5523,75.0998,5265528.0,563892740.0,0.7019328909243855,6.06040767,648.403017,6.06817968,649.234544,0.00867727766426323
CN,002049,2021-04-01,107.7,112.0,107.49,110.5,75.5982,78.6165,75.4508,77.5636,8664777.0,959286581.0,0.7019330316742081,6.06040767,669.675048,6.06817968,670.533855,0.01427903828978248
CN,002049,2021-04-02,111.66,115.06,111.66,113.96,78.3778,80.7644,78.3778,79.9923,10464725.0,1188265993.0,0.7019331344331344,6.06040767,690.644058,6.06817968,691.529756,0.017245245776901584
CN,002049,2021-04-06,115.25,115.99,110.42,110.95,80.8978,81.4172,77.5074,77.8795,8292468.0,924265321.0,0.7019333032897701,6.06040767,672.402231,6.06817968,673.264536,0.013665495152246382
CN,002049,2021-04-07,111.64,111.64,105.78,108.81,78.3638,78.3638,74.2505,76.3773,9707409.0,1046867719.0,0.7019327267714365,6.06040767,659.432959,6.06817968,660.278631,0.015997233951384908
CN,002049,2021-04-08,107.5,110.58,107.38,109.08,75.4578,77.6198,75.3736,76.5669,4906791.0,536070062.0,0.7019334433443345,6.06040767,661.069269,6.06817968,661.917039,0.008086100377304582
CN,002049,2021-04-09,109.2,112.59,108.44,109.35,76.6511,79.0306,76.1176,76.7564,5228494.0,576352696.0,0.7019332418838592,6.06040767,662.705579,6.06817968,663.555448,0.008616247830024704
CN,002049,2021-04-12,108.15,109.2,100.19,101.4,75.9141,76.6511,70.3267,71.176,10133513.0,1049021775.0,0.7019329388560157,6.06040767,614.525338,6.06817968,615.31342,0.01669942805648761
CN,002049,2021-04-13,101.4,104.62,101.4,102.66,71.176,73.4362,71.176,72.0604,5145821.0,530805045.0,0.7019325930255211,6.06040767,622.161451,6.06817968,622.959326,0.008480007632206434
CN,002049,2021-04-14,103.18,104.74,101.54,101.94,72.4254,73.5205,71.2743,71.5551,6583811.0,675930081.0,0.7019334902884049,6.06040767,617.797958,6.06817968,618.590237,0.010849729815515284
CN,002049,2021-04-15,101.05,105.7,99.85,104.22,70.9303,74.1943,70.088,73.1555,12001847.0,1236715540.0,0.7019334100940319,6.06040767,631.615687,6.06817968,632.425686,0.019778331613278795
CN,002049,2021-04-16,105.11,108.08,104.58,105.99,73.7802,75.8649,73.4082,74.3979,10728327.0,1142138475.0,0.7019332012454006,6.06040767,642.342609,6.06817968,643.166364,0.0176796462295922
CN,002049,2021-04-19,105.2,107.92,105.2,107.34,73.8434,75.7526,73.8434,75.3455,9147676.0,977853206.0,0.7019331097447363,6.06040767,650.524159,6.06817968,651.358407,0.015074827184418507
CN,002049,2021-04-20,108.0,108.0,106.24,106.45,75.8088,75.8088,74.5734,74.7208,6144194.0,657297484.0,0.7019333020197275,6.06040767,645.130396,6.06817968,645.957727,0.010125267088333811
CN,002049,2021-04-21,105.79,112.25,104.6,112.0,74.2575,78.792,73.4222,78.6165,12805012.0,1403521522.0,0.7019330357142858,6.06040767,678.765659,6.06817968,679.636124,0.02110189986991288
CN,002049,2021-04-22,112.55,113.23,107.62,108.87,79.0026,79.4799,75.542,76.4194,15379749.0,1674958819.0,0.701932580141453,6.06817968,660.642722,6.06817968,660.642722,0.025344913649623508
CN,002049,2021-04-23,108.13,108.66,106.57,107.44,75.9,76.272,74.805,75.4157,8620641.0,927636653.0,0.7019331720029784,6.06817968,651.965225,6.06817968,651.965225,0.014206304781008067
CN,002049,2021-04-26,107.49,112.88,107.48,110.32,75.4508,79.2342,75.4438,77.4373,12511439.0,1386580738.0,0.7019334662799129,6.06817968,669.441582,6.06817968,669.441582,0.020618108987834057
CN,002049,2021-04-27,111.13,111.98,107.8,111.22,78.0058,78.6025,75.6684,78.069,7743078.0,851044871.0,0.7019331055565546,6.06817968,674.902944,6.06817968,674.902944,0.012760133035480584
CN,002049,2021-04-28,111.22,112.98,109.78,112.55,78.069,79.3044,77.0582,79.0026,7617275.0,852304127.0,0.7019333629498001,6.06817968,682.973623,6.06817968,682.973623,0.012552817157187408
CN,002049,2021-04-29,112.38,115.54,111.68,113.25,78.8832,81.1013,78.3919,79.4939,10479230.0,1191717948.0,0.7019328918322295,6.06817968,687.221349,6.06817968,687.221349,0.017269149156110684
CN,002049,2021-04-30,116.0,123.21,113.45,117.11,81.4242,86.4852,79.6343,82.2034,23058612.0,2720099013.0,0.7019332251729143,6.06817968,710.644522,6.06817968,710.644522,0.037999224175906406
CN,002049,2021-05-06,120.0,123.85,118.5,122.81,84.232,86.9344,83.1791,86.2044,18381844.0,2234000395.0,0.7019330673397932,6.06817968,745.233146,6.06817968,745.233146,0.03029218805201892
CN,002049,2021-05-07,122.11,126.99,120.61,121.5,85.713,89.1385,84.6601,85.2849,17285647.0,2144972498.0,0.7019333333333333,6.06817968,737.283831,6.06817968,737.283831,0.028485720449200672
CN,002049,2021-05-10,119.88,120.6,115.66,117.0,84.1477,84.6531,81.1856,82.1262,13651526.0,1606781429.0,0.7019333333333333,6.06817968,709.977023,6.06817968,709.977023,0.022496904706025448
CN,002049,2021-05-11,116.81,122.71,114.51,121.19,81.9928,86.1342,80.3783,85.0673,13928608.0,1653651959.0,0.7019333278323294,6.06817968,735.402695,6.06817968,735.402695,0.022953519398753203
CN,002049,2021-05-12,120.7,123.59,119.5,123.09,84.7233,86.7519,83.881,86.4009,9937789.0,1214498412.0,0.7019327321472093,6.06817968,746.932237,6.06817968,746.932237,0.016376886519616045
CN,002049,2021-05-13,120.96,122.71,118.6,119.0,84.9058,86.1342,83.2493,83.53,8070025.0,972555203.0,0.7019327731092437,6.06817968,722.113382,6.06817968,722.113382,0.013298922288998535
CN,002049,2021-05-14,120.2,129.61,117.66,128.05,84.3723,90.9775,82.5894,89.8825,17088940.0,2148924509.0,0.7019328387348691,6.06817968,777.030408,6.06817968,777.030408,0.02816155898666468
CN,002049,2021-05-17,128.68,133.32,126.61,126.98,90.3247,93.5817,88.8717,89.1315,16211879.0,2103497598.0,0.7019333753346984,6.06817968,770.537456,6.06817968,770.537456,0.026716214507346295
CN,002049,2021-05-18,126.99,130.79,126.01,127.45,89.1385,91.8058,88.4506,89.4614,10850929.0,1391558405.0,0.7019333071792859,6.06817968,773.3895,6.06817968,773.3895,0.017881687049846884
CN,002049,2021-05-19,128.34,131.11,126.66,129.96,90.0861,92.0304,88.9068,91.2232,11085107.0,1432893603.0,0.7019329024315174,6.06817968,788.620631,6.06817968,788.620631,0.018267598496687888
CN,002049,2021-05-20,128.72,129.72,125.81,127.49,90.3528,91.0548,88.3102,89.4894,10363557.0,1323271518.0,0.701932700603969,6.06817968,773.632227,6.06817968,773.632227,0.01707852691665847
CN,002049,2021-05-21,127.49,129.33,126.11,127.56,89.4894,90.781,88.5208,89.5386,7707114.0,985122737.0,0.7019332079021637,6.06817968,774.057,6.06817968,774.057,0.012700866497743522
CN,002049,2021-05-24,127.6,133.5,126.5,133.2,89.6682,93.8143,88.8952,93.6034,12705565.0,1672084936.0,0.7027282282282282,6.06817968,808.281533,6.06817968,808.281533,0.020938017115538016
CN,002049,2021-05-25,132.91,135.52,131.5,135.02,93.3996,95.2338,92.4088,94.8824,11469603.0,1537056010.0,0.7027284846689379,6.06817968,819.32562,6.06817968,819.32562,0.01890122508699347
CN,002049,2021-05-26,135.43,136.49,131.8,132.12,95.1705,95.9154,92.6196,92.8445,8662335.0,1159866505.0,0.7027285800787163,6.06817968,801.727899,6.06817968,801.727899,0.014275014018701569
CN,002049,2021-05-27,132.13,136.5,131.78,134.7,92.8515,95.9224,92.6056,94.6575,9831439.0,1319078503.0,0.702728285077951,6.06817968,817.383803,6.06817968,817.383803,0.01620162803089575
CN,002049,2021-05-28,133.33,136.65,132.77,133.2,93.6948,96.0279,93.3013,93.6034,7998971.0,1072173741.0,0.7027282282282282,6.06817968,808.281533,6.06817968,808.281533,0.013181829513657381
CN,002049,2021-05-31,133.2,140.66,133.0,139.16,93.6034,98.8458,93.4629,97.7917,13023949.0,1786753941.0,0.7027285139407876,6.06817968,844.447884,6.06817968,844.447884,0.021462695053222288
CN,002049,2021-06-01,138.0,144.26,137.7,140.3,96.9765,101.3756,96.7657,98.5928,10542815.0,1489418072.0,0.7027284390591588,6.06817968,851.365609,6.06817968,851.365609,0.017373933462695355
CN,002049,2021-06-02,141.3,141.79,135.0,136.0,99.2955,99.6399,94.8683,95.5711,10149418.0,1397538329.0,0.7027286764705882,6.06817968,825.272436,6.06817968,825.272436,0.016725638552614514
CN,002049,2021-06-03,137.5,137.8,132.0,132.36,96.6252,96.836,92.7602,93.0131,9453637.0,1268569963.0,0.7027281656089451,6.06817968,803.184262,6.06817968,803.184262,0.015579032755338583
CN,002049,2021-06-04,132.0,134.4,128.0,132.4,92.7602,94.4467,89.9492,93.0413,11507990.0,1511740478.0,0.7027288519637462,6.06817968,803.42699,6.06817968,803.42699,0.018964484584938986
CN,002049,2021-06-07,133.8,140.0,133.8,138.19,94.0251,98.382,94.0251,97.1101,12560210.0,1730539901.0,0.7027288515811564,6.06817968,838.56175,6.06817968,838.56175,0.02069848070154706
CN,002049,2021-06-08,138.98,140.98,135.16,137.57,97.6652,99.0707,94.9808,96.6744,9720399.0,1343255965.0,0.7027287926146689,6.06817968,834.799479,6.06817968,834.799479,0.016018640700500814
CN,002049,2021-06-09,139.0,143.88,139.0,143.8,97.6793,101.1086,97.6793,101.0524,13089367.0,1859536806.0,0.7027287899860918,6.06817968,872.604238,6.06817968,872.604238,0.021570500035028625
CN,002049,2021-06-10,141.88,142.91,140.09,142.31,99.7031,100.4269,98.4452,100.0053,8829003.0,1250338020.0,0.7027285503478322,6.06817968,863.56265,6.06817968,863.56265,0.014549672991884775
CN,002049,2021-06-11,143.31,143.38,137.08,140.4,100.708,100.7572,96.33,98.6631,10149297.0,1415810418.0,0.7027286324786325,6.06817968,851.972427,6.06817968,851.972427,0.01672543915179519
CN,002049,2021-06-15,139.68,141.29,135.53,140.83,98.1571,99.2885,95.2408,98.9653,9843715.0,1364004230.0,0.7027288219839523,6.06817968,854.581744,6.06817968,854.581744,0.016221858150383576
CN,002049,2021-06-16,142.3,142.81,130.83,132.11,99.9983,100.3567,91.938,92.8375,11153847.0,1513336012.0,0.7027287866172129,6.06817968,801.667218,6.06817968,801.667218,0.018380877937352047
CN,002049,2021-06-17,132.11,141.0,132.02,140.6,92.8375,99.0847,92.7742,98.8036,14164542.0,1948939425.0,0.7027283072546231,6.06817968,853.186063,6.06817968,853.186063,0.0233423246293854
CN,002049,2021-06-18,142.01,145.58,140.2,142.01,99.7945,102.3032,98.5225,99.7945,13177958.0,1883496123.0,0.7027286810787973,6.06817968,861.742196,6.06817968,861.742196,0.021716492745646583
CN,002049,2021-06-21,141.8,149.68,138.4,148.7,99.6469,105.1844,97.2576,104.4957,15735805.0,2295049586.0,0.7027283120376597,6.06817968,902.338318,6.06817968,902.338318,0.02593167280768456
CN,002049,2021-06-22,148.5,149.95,145.77,146.6,104.3552,105.3741,102.4367,103.02,10390104.0,1534060626.0,0.7027285129604366,6.06817968,889.595141,6.06817968,889.595141,0.017122274797241994
CN,002049,2021-06-23,146.8,152.5,146.25,149.62,103.1605,107.1661,102.774,105.1422,11255364.0,1694847702.0,0.7027282448870472,6.06817968,907.921044,6.06817968,907.921044,0.01854817192888395
CN,002049,2021-06-24,148.78,150.85,146.88,147.7,104.5519,106.0066,103.2168,103.793,7687025.0,1141026133.0,0.7027285037237645,6.06817968,896.270139,6.06817968,896.270139,0.012667761017913694
CN,002049,2021-06-25,148.68,150.5,143.66,146.92,104.4817,105.7606,100.954,103.2449,9897007.0,1449944366.0,0.7027286958889192,6.06817968,891.536959,6.06817968,891.536959,0.016309680203800424
CN,002049,2021-06-28,149.01,152.0,147.54,151.5,104.7136,106.8147,103.6806,106.4634,10298677.0,1548506152.0,0.7027287128712871,6.06817968,919.329222,6.06817968,919.329222,0.016971608526924833
CN,002049,2021-06-29,150.0,151.12,146.46,149.66,105.4093,106.1963,102.9216,105.1703,8167575.0,1215274083.0,0.7027281838834692,6.06817968,908.163771,6.06817968,908.163771,0.013459678899949779
CN,002049,2021-06-30,150.88,156.0,149.0,154.19,106.0277,109.6256,104.7065,108.3537,12303485.0,1888758584.0,0.7027284519099812,6.06817968,935.652625,6.06817968,935.652625,0.020275413136744823
CN,002049,2021-07-01,155.38,156.89,150.0,150.0,109.19,110.2511,105.4093,105.4093,9415148.0,1444586110.0,0.7027286666666667,6.06817968,910.226952,6.06817968,910.226952,0.015515605167446196
CN,002049,2021-07-02,148.28,150.0,145.0,147.0,104.2006,105.4093,101.8956,103.3011,9309640.0,1374776835.0,0.7027285714285715,6.06817968,892.022413,6.06817968,892.022413,0.015341734244757894
CN,002049,2021-07-05,148.0,161.2,147.65,157.16,104.0038,113.2798,103.7579,110.4408,17093732.0,2677289270.0,0.702728429625859,6.06817968,953.675119,6.06817968,953.675119,0.02816945591828619
CN,002049,2021-07-06,159.0,163.4,150.0,154.87,111.7338,114.8258,105.4093,108.8316,14072119.0,2196564795.0,0.7027287402337443,6.06817968,939.778987,6.06817968,939.778987,0.02319001701017528
CN,002049,2021-07-07,153.0,170.36,152.0,170.36,107.5175,119.7168,106.8147,119.7168,17249798.0,2838537927.0,0.7027283399859122,6.06817968,1033.77509,6.06817968,1033.77509,0.028426643424639002
CN,002049,2021-07-08,175.0,175.0,167.8,171.18,122.9775,122.9775,117.9178,120.2931,14695318.0,2502905217.0,0.7027287066246056,6.06817968,1038.750998,6.06817968,1038.750998,0.024217011978788342
CN,002049,2021-07-09,171.18,175.57,166.99,170.33,120.2931,123.378,117.3486,119.6957,11886778.0,2026814273.0,0.7027282334292256,6.06817968,1033.593045,6.06817968,1033.593045,0.019588704729982552
CN,002049,2021-07-12,165.52,172.0,162.02,167.85,116.3156,120.8693,113.8561,117.953,20650648.0,3449379854.0,0.7027286267500745,6.06817968,1018.543959,6.06817968,1018.543959,0.034031042403147825
CN,002049,2021-07-13,166.01,167.5,154.1,157.5,116.66,117.707,108.2905,110.6797,20427268.0,3240336168.0,0.702728253968254,6.06817968,955.7383,6.06817968,955.7383,0.033662925419505704
CN,002049,2021-07-14,157.99,162.9,157.2,158.07,111.0241,114.4745,110.4689,111.0803,10639493.0,1703663861.0,0.7027285379894983,6.06817968,959.197162,6.06817968,959.197162,0.01753325306939494
CN,002049,2021-07-15,156.3,161.61,154.2,160.08,109.8365,113.568,108.3607,112.4928,10584916.0,1672084569.0,0.7027286356821589,6.06817968,971.394203,6.06817968,971.394203,0.017443313412235678
CN,002049,2021-07-16,158.0,170.07,157.8,165.27,111.0311,119.513,110.8906,116.1399,12548891.0,2084196063.0,0.7027282628426211,6.06817968,1002.888056,6.06817968,1002.888056,0.020679827661266616
CN,002049,2021-07-19,164.98,175.0,160.61,161.97,115.9361,122.9775,112.8652,113.8209,12282502.0,2046367546.0,0.7027282830153732,6.06817968,982.863063,6.06817968,982.863063,0.020240834397968914
CN,002049,2021-07-20,159.98,169.02,157.6,168.38,112.4225,118.7752,110.75,118.3254,8202266.0,1356145442.0,0.7027283525359307,6.06817968,1021.760095,6.06817968,1021.760095,0.013516847609232297
CN,002049,2021-07-21,167.96,174.3,166.4,172.5,118.0303,122.4856,116.934,121.2207,9527377.0,1635446279.0,0.7027286956521739,6.06817968,1046.760995,6.06817968,1046.760995,0.01570055189928061
CN,002049,2021-07-22,172.8,176.75,169.0,174.15,121.4315,124.2073,118.7611,122.3802,6750406.0,1173053401.0,0.7027286821705426,6.06817968,1056.773491,6.06817968,1056.773491,0.011124268489030635
CN,002049,2021-07-23,174.0,174.7,165.37,171.03,122.2748,122.7667,116.2102,120.1877,9063597.0,1540785516.0,0.7027287610360756,6.06817968,1037.840771,6.06817968,1037.840771,0.014936269982038501
CN,002049,2021-07-26,172.5,186.1,171.0,180.64,121.2207,130.7778,120.1666,126.9409,14202872.0,2556097471.0,0.7027286315323296,6.06817968,1096.155977,6.06817968,1096.155977,0.02340549019471355
CN,002049,2021-07-27,183.22,196.11,175.88,177.52,128.7539,137.8121,123.5959,124.7484,19715129.0,3698086373.0,0.7027287066246056,6.06817968,1077.223257,6.06817968,1077.223257,0.0324893626089859
CN,002049,2021-07-28,177.02,185.4,164.0,179.45,124.397,130.2859,115.2475,126.1046,14046538.0,2510045344.0,0.7027283365840068,6.06817968,1088.934844,6.06817968,1088.934844,0.023147861040265044
CN,002049,2021-07-29,186.65,190.0,180.15,189.69,131.1643,133.5184,126.5965,133.3006,12388819.0,2312329748.0,0.7027286625546946,6.06817968,1151.073003,6.06817968,1151.073003,0.020416038504647575
CN,002049,2021-07-30,190.0,195.68,185.99,191.07,133.5184,137.5099,130.7005,134.2703,10699778.0,2037290770.0,0.7027283194640708,6.06817968,1159.447091,6.06817968,1159.447091,0.017632599171816216
CN,002049,2021-08-02,190.99,195.7,185.58,191.98,134.2141,137.524,130.4124,134.9098,9633990.0,1841428935.0,0.7027284092092926,6.06817968,1164.969135,6.06817968,1164.969135,0.01587624379639332
CN,002049,2021-08-03,190.0,190.0,177.0,179.01,133.5184,133.5184,124.3829,125.7954,11402571.0,2084759242.0,0.7027283391989275,6.06817968,1086.264845,6.06817968,1086.264845,0.018790760328969033
CN,002049,2021-08-04,178.5,189.0,178.5,187.37,125.437,132.8157,125.437,131.6702,8945073.0,1670734062.0,0.7027282916155201,6.06817968,1136.994827,6.06817968,1136.994827,0.014740949463777249
CN,002049,2021-08-05,188.5,205.0,185.5,199.0,132.4643,144.0593,130.3561,139.843,13758985.0,2699699492.0,0.7027286432160803,6.06817968,1207.567756,6.06817968,1207.567756,0.022673990760932773
CN,002049,2021-08-06,201.5,203.89,190.54,195.69,141.5998,143.2793,133.8979,137.5169,10211089.0,1998884785.0,0.7027282947519035,6.06817968,1187.482082,6.06817968,1187.482082,0.016827268700784416
CN,002049,2021-08-09,194.2,197.6,189.6,193.04,136.4699,138.8592,133.2373,135.6547,8099772.0,1556385668.0,0.7027284500621632,6.06817968,1171.401405,6.06817968,1171.401405,0.013347943579679895
CN,002049,2021-08-10,192.5,205.5,192.0,199.99,135.2752,144.4107,134.9239,140.5387,11715753.0,2347541867.0,0.7027286364318216,6.06817968,1213.575254,6.06817968,1213.575254,0.019306865679363006
CN,002049,2021-08-11,201.38,201.39,192.49,199.0,141.5155,141.5225,135.2682,139.843,7010503.0,1381393732.0,0.7027286432160803,6.06817968,1207.567756,6.06817968,1207.567756,0.011552892909723464
CN,002049,2021-08-12,198.0,199.98,192.66,194.6,139.1402,140.5316,135.3877,136.751,6750685.0,1321353403.0,0.7027286742034944,6.06817968,1180.867766,6.06817968,1180.867766,0.011124728264473539
CN,002049,2021-08-13,193.97,195.9,187.56,191.84,136.3082,137.6645,131.8038,134.8114,8040487.0,1539533572.0,0.7027283152627188,6.06817968,1164.11959,6.06817968,1164.11959,0.01325024541791419
CN,002049,2021-08-16,190.0,194.65,187.58,188.97,133.5184,136.7861,131.8178,132.7946,6106286.0,1159380140.0,0.7027284754193788,6.06817968,1146.703914,6.06817968,1146.703914,0.010062796953962313
CN,002049,2021-08-17,188.0,194.39,181.9,183.86,132.113,136.6034,127.8263,129.2037,11446288.0,2135864825.0,0.7027287066246056,6.06817968,1115.695516,6.06817968,1115.695516,0.01886280335060876
CN,002049,2021-08-18,184.0,192.6,182.08,186.74,129.302,135.3455,127.9528,131.2275,9665787.0,1811002220.0,0.7027283924172646,6.06817968,1133.171873,6.06817968,1133.171873,0.015928643365418604
CN,002049,2021-08-19,186.0,199.49,182.75,196.32,130.7075,140.1873,128.4236,137.9597,10504600.0,2028021266.0,0.7027287082314588,6.06817968,1191.305035,6.06817968,1191.305035,0.017310957410542595
CN,002049,2021-08-20,200.0,215.95,200.0,215.95,140.5457,151.7542,140.5457,151.7542,23646661.0,5023848764.0,0.7027284093540171,6.06817968,1310.423402,6.06817968,1310.423402,0.03896829403047604
CN,002049,2021-08-23,214.0,228.42,210.33,226.56,150.3839,160.5172,147.8049,159.2102,17617223.0,3910386200.0,0.7027286370056497,6.06817968,1374.806788,6.06817968,1374.806788,0.029032138020013278
CN,002049,2021-08-24,217.95,233.04,215.0,226.23,153.1597,163.7638,151.0866,158.9783,16722068.0,3745852619.0,0.7027286389957124,6.06817968,1372.804289,6.06817968,1372.804289,0.02755697570247294
CN,002049,2021-08-25,240.0,248.85,225.06,229.99,168.6548,174.874,158.1561,161.6205,20363280.0,4803337684.0,0.7027283794947606,6.06817968,1395.620645,6.06817968,1395.620645,0.033557476992836836
CN,002049,2021-08-26,235.0,245.72,230.0,237.72,165.1412,172.6744,161.6276,167.0526,13172787.0,3132784347.0,0.7027284199899041,6.06817968,1442.527674,6.06817968,1442.527674,0.021707971244516608
CN,002049,2021-08-27,236.0,243.3,227.0,230.5,165.8439,170.9738,159.5194,161.9789,13168074.0,3050273310.0,0.7027284164859002,6.06817968,1398.715416,6.06817968,1398.715416,0.02170020450020689
CN,002049,2021-08-30,238.0,239.4,223.0,224.0,167.2494,168.2332,156.7085,157.4112,14051066.0,3208555864.0,0.7027285714285715,6.06817968,1359.272248,6.06817968,1359.272248,0.023155322915553483
CN,002049,2021-08-31,226.62,232.5,220.63,223.7,159.2523,163.3844,155.043,157.2004,10677598.0,2410221571.0,0.7027286544479213,6.06817968,1357.451794,6.06817968,1357.451794,0.017596047848075586
CN,002049,2021-09-01,230.08,230.51,211.6,223.8,161.6838,161.9859,148.6974,157.2706,12877162.0,2845408345.0,0.7027283288650581,6.06817968,1358.058612,6.06817968,1358.058612,0.021220798788212546
CN,002049,2021-09-02,220.0,225.43,214.78,222.09,154.6003,158.4161,150.932,156.069,9762027.0,2151471381.0,0.7027286235310009,6.06817968,1347.682025,6.06817968,1347.682025,0.016087241174111047
CN,002049,2021-09-03,222.03,224.0,211.01,216.09,156.0268,157.4112,148.2827,151.8526,11023842.0,2384389874.0,0.7027284927576473,6.06817968,1311.272947,6.06817968,1311.272947,0.01816663741242415
CN,002049,2021-09-06,214.08,220.65,206.86,218.71,150.4401,155.057,145.3664,153.6938,9328322.0,2010872701.0,0.7027287275387499,6.06817968,1327.171578,6.06817968,1327.171578,0.015372521072085327
CN,002049,2021-09-07,220.39,228.65,216.44,220.88,154.8743,160.6789,152.0986,155.2187,8820350.0,1970900180.0,0.7027286309308223,6.06817968,1340.339528,6.06817968,1340.339528,0.014535413361392094
CN,002049,2021-09-08,220.66,222.4,212.51,215.15,155.0641,156.2868,149.3368,151.192,8126819.0,1754690699.0,0.70272832907274,6.06817968,1305.568858,6.06817968,1305.568858,0.013392515430591206
CN,002049,2021-09-09,215.8,217.33,210.15,214.98,151.6488,152.724,147.6784,151.0726,7397621.0,1576545557.0,0.7027286259186901,6.06817968,1304.537268,6.06817968,1304.537268,0.012190840400427958
CN,002049,2021-09-10,215.0,228.25,210.01,223.39,151.0866,160.3978,147.58,156.9825,11089867.0,2450095314.0,0.7027284121939209,6.06817968,1355.570659,6.06817968,1355.570659,0.018275442694208423
CN,002049,2021-09-13,223.99,224.0,201.05,201.05,157.4042,157.4112,141.2836,141.2836,17501877.0,3564799910.0,0.7027286744590898,6.06817968,1220.007525,6.06817968,1220.007525,0.02884205465715544
CN,002049,2021-09-14,202.39,209.0,197.83,200.4,142.2252,146.8703,139.0208,140.8268,12735134.0,2588617211.0,0.7027285429141716,6.06817968,1216.063208,6.06817968,1216.063208,0.020986745072782684
CN,002049,2021-09-15,200.64,210.3,187.01,208.6,140.9954,147.7838,131.4173,146.5892,15474460.0,3070833141.0,0.7027286673058486,6.06817968,1265.822281,6.06817968,1265.822281,0.025500991757053573
CN,002049,2021-09-16,204.0,204.9,192.68,196.9,143.3566,143.9891,135.4017,138.3672,10826461.0,2141077934.0,0.7027282884713052,6.06817968,1194.824579,6.06817968,1194.824579,0.0178413652378863
CN,002049,2021-09-17,195.58,203.65,193.0,200.6,137.4396,143.1107,135.6266,140.9673,7448426.0,1479602373.0,0.7027283150548355,6.06817968,1217.276844,6.06817968,1217.276844,0.012274564025434396
CN,002049,2021-09-22,197.0,211.83,195.0,206.21,138.4375,148.859,137.0321,144.9096,9518412.0,1958425544.0,0.7027282866980263,6.06817968,1251.319332,6.06817968,1251.319332,0.015685778111303388
CN,002049,2021-09-23,206.95,214.0,200.88,208.5,145.4297,150.3839,141.1641,146.5189,9154249.0,1899130363.0,0.7027285371702638,6.06817968,1265.215463,6.06817968,1265.215463,0.015085659098347595
CN,002049,2021-09-24,206.0,213.9,205.0,209.3,144.7621,150.3136,144.0593,147.0811,5761252.0,1203296061.0,0.70272861920688,6.06817968,1270.070007,6.06817968,1270.070007,0.009494201397806995
CN,002049,2021-09-27,208.7,211.0,198.0,205.86,146.6594,148.2757,139.1402,144.6637,6773943.0,1390694845.0,0.7027285533857962,6.06817968,1249.195469,6.06817968,1249.195469,0.01116305606824088
CN,002049,2021-09-28,201.99,215.0,201.9,209.05,141.9441,151.0866,141.8809,146.9054,6070118.0,1273975208.0,0.702728533843578,6.06817968,1268.552962,6.06817968,1268.552962,0.010003194236331512
CN,002049,2021-09-29,207.18,211.78,201.1,202.25,145.5913,148.8238,141.3187,142.1268,5833118.0,1196263161.0,0.7027283065512979,6.06817968,1227.28934,6.06817968,1227.28934,0.009612632300960475
CN,002049,2021-09-30,202.26,209.8,202.22,206.8,142.1339,147.4324,142.1058,145.3243,5666035.0,1169172316.0,0.7027287234042553,6.06817968,1254.899558,6.06817968,1254.899558,0.009337289432405206
CN,002049,2021-10-08,208.5,211.76,189.99,192.96,146.5189,148.8098,133.5114,135.5985,12475749.0,2450243400.0,0.7027285447761193,6.06817968,1170.915951,6.06817968,1170.915951,0.020559293985836623
CN,002049,2021-10-11,192.97,205.2,192.8,199.9,135.6055,144.1999,135.4861,140.4754,8779462.0,1752062826.0,0.7027283641820911,6.06817968,1213.029118,6.06817968,1213.029118,0.014468032363866984
CN,002049,2021-10-12,199.45,200.7,190.11,193.0,140.1592,141.0376,133.5957,135.6266,6256774.0,1221965583.0,0.7027284974093264,6.06817968,1171.158678,6.06817968,1171.158678,0.010310792247338331
CN,002049,2021-10-13,193.0,193.0,181.77,189.92,135.6266,135.6266,127.735,133.4622,12652517.0,2365545932.0,0.7027285172704297,6.06817968,1152.468685,6.06817968,1152.468685,0.020850597159641125
CN,002049,2021-10-14,191.66,200.92,188.0,195.33,134.6849,141.1922,132.113,137.264,8381290.0,1642239139.0,0.7027287155070906,6.06817968,1185.297537,6.06817968,1185.297537,0.013811868537155774
CN,002049,2021-10-15,196.67,207.78,193.3,206.21,138.2056,146.0129,135.8374,144.9096,8186605.0,1658781800.0,0.7027282866980263,6.06817968,1251.319332,6.06817968,1251.319332,0.013491039210625352
CN,002049,2021-10-18,205.95,206.01,200.18,203.36,144.7269,144.7691,140.6722,142.9069,5645429.0,1145562983.0,0.7027286585365854,6.06817968,1234.02502,6.06817968,1234.02502,0.009303331967256448
CN,002049,2021-10-19,205.17,212.2,202.5,210.85,144.1788,149.119,142.3025,148.1703,6369719.0,1325771469.0,0.7027284799620583,6.06817968,1279.475686,6.06817968,1279.475686,0.010496918904682137
CN,002049,2021-10-20,210.96,214.19,206.2,208.21,148.2476,150.5174,144.9026,146.3151,6584229.0,1379891915.0,0.7027284952691993,6.06817968,1263.455691,6.06817968,1263.455691,0.010850418654709315
CN,002049,2021-10-21,208.0,208.0,201.0,202.0,146.1675,146.1675,141.2484,141.9512,4508060.0,917546303.0,0.7027287128712871,6.06817968,1225.772295,6.06817968,1225.772295,0.007429015351766908
CN,002049,2021-10-22,204.56,204.56,200.0,200.8,143.7501,143.7501,140.5457,141.1079,5698958.0,1152779844.0,0.7027285856573705,6.06817968,1218.49048,6.06817968,1218.49048,0.009391544582608668
CN,002049,2021-10-25,199.5,209.52,199.49,208.58,140.1943,147.2357,140.1873,146.5751,6675816.0,1373923754.0,0.7027284495157733,6.06817968,1265.700918,6.06817968,1265.700918,0.01100134859553137
CN,002049,2021-10-26,210.0,211.98,195.99,197.1,147.573,148.9644,137.7278,138.5078,11821925.0,2373734603.0,0.702728564180619,6.06817968,1196.038215,6.06817968,1196.038215,0.01948183083464661
CN,002049,2021-10-27,197.13,199.13,193.6,197.2,138.5289,139.9343,136.0482,138.5781,7868130.0,1544064045.0,0.7027287018255579,6.06817968,1196.645033,6.06817968,1196.645033,0.012966211310341423
CN,002049,2021-10-28,197.2,199.29,195.01,198.13,138.5781,140.0468,137.0391,139.2316,6053533.0,1197458631.0,0.7027285115833038,6.06817968,1202.28844,6.06817968,1202.28844,0.009975863140558818
CN,002049,2021-10-29,197.58,203.7,196.51,202.65,138.8451,143.1458,138.0932,142.4079,9035909.0,1811098510.0,0.7027283493708365,6.06817968,1229.716612,6.06817968,1229.716612,0.01489064180116697
CN,002049,2021-11-01,204.56,209.75,202.67,206.86,143.7501,147.3973,142.422,145.3664,7594557.0,1573105550.0,0.702728415353379,6.06817968,1255.263649,6.06817968,1255.263649,0.012515379241374079
CN,002049,2021-11-02,208.0,220.77,208.0,220.13,146.1675,155.1414,146.1675,154.6916,12848416.0,2797455672.0,0.7027283877708627,6.06817968,1335.788393,6.06817968,1335.788393,0.021173427086127416
CN,002049,2021-11-03,220.77,221.75,213.4,215.95,155.1414,155.83,149.9623,151.7542,6963358.0,1510993671.0,0.7027284093540171,6.06817968,1310.423402,6.06817968,1310.423402,0.011475200747516429
CN,002049,2021-11-04,219.08,225.62,217.2,222.4,153.9538,158.5496,152.6326,156.2868,8975702.0,1991488539.0,0.7027284172661871,6.06817968,1349.563161,6.06817968,1349.563161,0.014791424238116826
CN,002049,2021-11-05,223.8,228.1,215.2,216.66,157.2706,160.2924,151.2272,152.2532,6809418.0,1502265374.0,0.7027286993445951,6.06817968,1314.731809,6.06817968,1314.731809,0.011221516762997368
CN,002049,2021-11-08,214.59,219.34,209.33,218.25,150.7985,154.1365,147.1022,153.3705,5872700.0,1261405126.0,0.7027285223367697,6.06817968,1324.380215,6.06817968,1324.380215,0.009677861087989405
CN,002049,2021-11-09,217.99,225.55,216.08,224.42,153.1878,158.5004,151.8456,157.7063,7855741.0,1743196634.0,0.7027283664557527,6.06817968,1361.820884,6.06817968,1361.820884,0.012945794973559518
CN,002049,2021-11-10,225.0,228.78,221.83,224.3,158.1139,160.7702,155.8863,157.622,7553802.0,1701098537.0,0.7027284886312974,6.06817968,1361.092702,6.06817968,1361.092702,0.012448217419956161
CN,002049,2021-11-11,222.5,228.25,217.4,221.41,156.3571,160.3978,152.7732,155.5911,8056441.0,1786172555.0,0.702728422383813,6.06817968,1343.555663,6.06817968,1343.555663,0.013276536663133219
CN,002049,2021-11-12,220.15,227.5,218.41,224.95,154.7057,159.8707,153.4829,158.0788,6403691.0,1434205860.0,0.7027286063569682,6.06817968,1365.037019,6.06817968,1365.037019,0.010552902744633297
CN,002049,2021-11-15,226.5,227.89,212.9,213.3,159.168,160.1448,149.6109,149.892,8796694.0,1919591563.0,0.7027285513361462,6.06817968,1294.342726,6.06817968,1294.342726,0.014496429677243836
CN,002049,2021-11-16,213.3,221.7,213.02,214.79,149.892,155.7949,149.6952,150.9391,8274643.0,1801593397.0,0.7027287117649798,6.06817968,1303.384313,6.06817968,1303.384313,0.013636120610060776
CN,002049,2021-11-17,215.04,216.5,204.9,213.02,151.1147,152.1407,143.9891,149.6952,7845174.0,1646302287.0,0.70272838231152,6.06817968,1292.643635,6.06817968,1292.643635,0.012928381184652067
CN,002049,2021-11-18,210.15,213.68,207.36,210.82,147.6784,150.159,145.7178,148.1492,6418761.0,1352495829.0,0.7027283938905228,6.06817968,1279.29364,6.06817968,1279.29364,0.010577737210312797
CN,002049,2021-11-19,212.0,212.5,205.0,208.7,148.9784,149.3298,144.0593,146.6594,6517933.0,1359300954.0,0.7027283181600384,6.06817968,1266.429099,6.06817968,1266.429099,0.010741166781007382
CN,002049,2021-11-22,208.7,219.3,208.69,217.94,146.6594,154.1084,146.6524,153.1526,9206565.0,1989105900.0,0.7027282738368359,6.06817968,1322.499079,6.06817968,1322.499079,0.015171872761684604
CN,002049,2021-11-23,215.51,216.0,208.0,209.1,151.445,151.7894,146.1675,146.9405,8028860.0,1693273361.0,0.7027283596365375,6.06817968,1268.856371,6.06817968,1268.856371,0.013231084811911832
CN,002049,2021-11-24,209.17,210.5,203.9,203.95,146.9897,147.9244,143.2863,143.3215,6807292.0,1406173416.0,0.7027286099534199,6.06817968,1237.605246,6.06817968,1237.605246,0.011218013241163617
CN,002049,2021-11-25,203.0,206.49,201.51,203.18,142.6539,145.1064,141.6068,142.7804,5043045.0,1031022617.0,0.7027286150211635,6.06817968,1232.932747,6.06817968,1232.932747,0.00831063888338916
CN,002049,2021-11-26,202.4,205.8,202.2,205.36,142.2322,144.6215,142.0917,144.3123,4293889.0,875716608.0,0.7027283794312427,6.06817968,1246.161379,6.06817968,1246.161379,0.007076074253621969
CN,002049,2021-11-29,203.05,212.2,202.1,209.9,142.689,149.119,142.0214,147.5027,7479070.0,1563053652.0,0.702728442115293,6.06817968,1273.710915,6.06817968,1273.710915,0.012325063518883805
CN,002049,2021-11-30,210.01,230.89,210.01,230.89,147.58,162.253,147.58,162.253,18033336.0,4088526431.0,0.7027285720472952,6.06817968,1401.082006,6.06817968,1401.082006,0.029717867550026138
CN,002049,2021-12-01,231.88,238.79,229.28,232.2,162.9487,167.8045,161.1216,163.1736,17604882.0,4118615563.0,0.7027286821705426,6.06817968,1409.031322,6.06817968,1409.031322,0.029011800784382837
CN,002049,2021-12-02,232.34,236.94,225.1,227.56,163.2719,166.5045,158.1842,159.9129,7977152.0,1828020043.0,0.7027285111618914,6.06817968,1380.874968,6.06817968,1380.874968,0.013145873096493411
CN,002049,2021-12-03,228.99,232.0,226.61,230.3,160.9178,163.033,159.2453,161.8384,6584064.0,1512920731.0,0.7027286148501954,6.06817968,1397.50178,6.06817968,1397.50178,0.010850146744501145
CN,002049,2021-12-06,228.7,233.26,225.31,227.32,160.714,163.9185,158.3318,159.7442,5799119.0,1327906779.0,0.7027283125109978,6.06817968,1379.418605,6.06817968,1379.418605,0.009556603966611616
CN,002049,2021-12-07,231.0,231.5,215.81,218.98,162.3303,162.6816,151.6558,153.8835,7663513.0,1687493301.0,0.702728559685816,6.06817968,1328.809986,6.06817968,1328.809986,0.012629014637219839
CN,002049,2021-12-08,219.09,223.68,216.81,218.65,153.9608,157.1863,152.3586,153.6516,6024497.0,1319840762.0,0.7027285616281729,6.06817968,1326.807487,6.06817968,1326.807487,0.009928013535683572
CN,002049,2021-12-09,216.28,222.0,213.49,220.0,151.9861,156.0057,150.0255,154.6003,7996527.0,1743131997.0,0.7027286363636364,6.06817968,1334.99953,6.06817968,1334.99953,0.013177801946695157
CN,002049,2021-12-10,218.01,227.88,215.88,220.44,153.2018,160.1378,151.705,154.9095,12188224.0,2720729347.0,0.7027286336418074,6.06817968,1337.669529,6.06817968,1337.669529,0.02008546984884271
CN,002049,2021-12-13,223.0,231.03,220.31,226.7,156.7085,162.3514,154.8181,159.3086,9576752.0,2160655576.0,0.7027287163652405,6.06817968,1375.656333,6.06817968,1375.656333,0.015781918969149576
CN,002049,2021-12-14,227.6,228.41,219.0,226.0,159.941,160.5102,153.8975,158.8166,6278386.0,1408659691.0,0.7027283185840708,6.06817968,1371.408608,6.06817968,1371.408608,0.010346407540786598
CN,002049,2021-12-15,225.89,227.2,222.89,223.59,158.7393,159.6599,156.6312,157.1231,5136099.0,1153583854.0,0.702728655127689,6.06817968,1356.784295,6.06817968,1356.784295,0.008463986353152944
CN,002049,2021-12-16,220.44,223.5,206.59,215.95,154.9095,157.0598,145.1767,151.7542,12966785.0,2779417040.0,0.7027284093540171,6.06817968,1310.423402,6.06817968,1310.423402,0.021368492173587054
CN,002049,2021-12-17,218.03,218.5,208.91,208.97,153.2159,153.5462,146.807,146.8492,5812952.0,1227469519.0,0.7027286213332057,6.06817968,1268.067508,6.06817968,1268.067508,0.00957939992970017
CN,002049,2021-12-20,206.32,211.41,203.69,204.8,144.9869,148.5638,143.1388,143.9188,6270401.0,1296736411.0,0.7027285156249999,6.06817968,1242.763198,6.06817968,1242.763198,0.010333248734651839
CN,002049,2021-12-21,204.01,207.95,201.68,204.77,143.3636,146.1324,141.7263,143.8977,5021280.0,1025377221.0,0.7027284270156761,6.06817968,1242.581153,6.06817968,1242.581153,0.008274771455020594
CN,002049,2021-12-22,205.58,205.69,200.18,202.6,144.4669,144.5442,140.6722,142.3728,7669821.0,1555349932.0,0.7027285291214216,6.06817968,1229.413203,6.06817968,1229.413203,0.0126394098468752
CN,002049,2021-12-23,202.0,207.51,200.61,202.42,141.9512,145.8232,140.9744,142.2463,7271847.0,1481681886.0,0.7027284853275368,6.06817968,1228.320931,6.06817968,1228.320931,0.011983572312413794
CN,002049,2021-12-24,201.02,206.82,201.0,206.08,141.2625,145.3383,141.2484,144.8183,6268914.0,1284573900.0,0.7027285520186335,6.06817968,1250.530468,6.06817968,1250.530468,0.010330798246897
CN,002049,2021-12-27,206.12,209.97,202.05,202.48,144.8464,147.5519,141.9863,142.2885,5209648.0,1066265122.0,0.7027286645594627,6.06817968,1228.685022,6.06817968,1228.685022,0.008585190740429755
CN,002049,2021-12-28,203.9,210.59,199.38,209.07,143.2863,147.9876,140.11,146.9194,8505108.0,1743599036.0,0.7027282728272828,6.06817968,1268.674326,6.06817968,1268.674326,0.014015913253247636
CN,002049,2021-12-29,207.71,215.57,207.65,212.4,145.9637,151.4872,145.9216,149.2595,7023826.0,1494303197.0,0.7027283427495292,6.06817968,1288.881364,6.06817968,1288.881364,0.011574848423077676
CN,002049,2021-12-30,213.66,233.64,213.66,233.64,150.145,164.1855,150.145,164.1855,14109420.0,3234330114.0,0.7027285567539805,6.06817968,1417.7695,6.06817968,1417.7695,0.023251486844568847
CN,002049,2021-12-31,230.0,231.99,219.97,225.0,161.6276,163.026,154.5792,158.1139,11380434.0,2563718727.0,0.7027284444444445,6.06817968,1365.340428,6.06817968,1365.340428,0.01875427986667659
CN,002049,2022-01-04,224.0,229.06,219.02,228.09,157.4112,160.967,153.9116,160.2853,7461562.0,1671436346.0,0.702728309000833,6.06817968,1384.091103,6.06817968,1384.091103,0.012296211373886015
CN,002049,2022-01-05,224.95,226.5,214.48,216.5,158.0788,159.168,150.7212,152.1407,7878959.0,1722757882.0,0.7027284064665128,6.06837179,1313.802493,6.06837179,1313.802493,0.012983645815807868
CN,002049,2022-01-06,215.5,217.17,208.0,213.5,151.438,152.6115,146.1675,150.0325,6756022.0,1436609358.0,0.7027283372365339,6.06837179,1295.597377,6.06837179,1295.597377,0.011133170863283576
CN,002049,2022-01-07,214.51,221.69,209.67,210.98,150.7423,155.7879,147.3411,148.2617,4724196.0,1015715234.0,0.7027286946630013,6.06837179,1280.30508,6.06837179,1280.30508,0.007784948192833123
CN,002049,2022-01-10,206.9,210.51,201.0,205.0,145.3945,147.9314,141.2484,144.0593,7845896.0,1614459692.0,0.7027282926829269,6.06837179,1244.016217,6.06837179,1244.016217,0.012929161678803466
CN,002049,2022-01-11,204.98,207.0,198.5,199.77,144.0453,145.4648,139.4916,140.3841,6336166.0,1281221238.0,0.7027286379336236,6.06837179,1212.278632,6.06837179,1212.278632,0.01044129499520991
CN,002049,2022-01-12,202.01,215.1,198.18,213.68,141.9582,151.1569,139.2667,150.159,9102687.0,1893791355.0,0.7027283788843129,6.06837179,1296.689684,6.06837179,1296.689684,0.015000213096699536
CN,002049,2022-01-13,215.12,216.59,206.11,212.1,151.171,152.204,144.8394,149.0487,4987211.0,1055750570.0,0.7027284299858557,6.06837179,1287.101657,6.06837179,1287.101657,0.008218367582913043
CN,002049,2022-01-14,210.0,222.18,209.0,217.85,147.573,156.1322,146.8703,153.0894,6157596.0,1344223820.0,0.7027284829010788,6.06837179,1321.994794,6.06837179,1321.994794,0.01014703154830927
CN,002049,2022-01-17,217.85,226.95,216.3,220.31,153.0894,159.4842,152.0002,154.8181,4755497.0,1049437717.0,0.702728428124007,6.06837179,1336.922989,6.06837179,1336.922989,0.007836528750325629
CN,002049,2022-01-18,220.32,225.0,219.2,221.06,154.8251,158.1139,154.0381,155.3452,4322770.0,959277214.0,0.7027286709490637,6.06837179,1341.474268,6.06837179,1341.474268,0.0071234429095518555
CN,002049,2022-01-19,226.89,238.56,225.0,227.35,159.4421,167.6429,158.1139,159.7653,10479500.0,2424755390.0,0.7027283923466021,6.06837179,1379.644326,6.06837179,1379.644326,0.017269047386432465
CN,002049,2022-01-20,229.0,234.64,221.5,222.45,160.9248,164.8882,155.6544,156.322,7081109.0,1604460934.0,0.7027287030793438,6.06837179,1349.909305,6.06837179,1349.909305,0.011668877987451063
CN,002049,2022-01-21,220.23,222.2,215.08,216.89,154.7619,156.1463,151.1428,152.4148,5377141.0,1175612730.0,0.7027285720872333,6.06837179,1316.169158,6.06837179,1316.169158,0.008860928740162113
CN,002049,2022-01-24,218.3,229.78,216.9,226.19,153.4056,161.473,152.4218,158.9502,5927467.0,1334038241.0,0.7027286794287988,6.06837179,1372.605015,6.06837179,1372.605015,0.009767804618971773
CN,002049,2022-01-25,223.39,232.5,223.39,223.39,156.9825,163.3844,156.9825,156.9825,4291711.0,971858166.0,0.7027284121939209,6.06837179,1355.613574,6.06837179,1355.613574,0.007072261141072901
CN,002049,2022-01-26,222.5,227.0,217.77,220.8,156.3571,159.5194,153.0332,155.1625,3865841.0,855566322.0,0.7027287137681159,6.06837179,1339.896491,6.06837179,1339.896491,0.006370474871645925
CN,002049,2022-01-27,222.0,224.65,213.8,215.7,156.0057,157.868,150.2434,151.5785,3456572.0,754786821.0,0.7027283263792304,6.06837179,1308.947795,6.06837179,1308.947795,0.005696045198970909
CN,002049,2022-01-28,213.8,222.17,208.91,214.5,150.2434,156.1252,146.807,150.7353,5062465.0,1092781889.0,0.7027286713286713,6.06837179,1301.665749,6.06837179,1301.665749,0.008342377783019784
CN,002049,2022-02-07,216.98,219.72,208.65,209.51,152.478,154.4035,146.6243,147.2286,4154380.0,880831197.0,0.7027282707269343,6.06837179,1271.384574,6.06837179,1271.384574,0.006845954967436166
CN,002049,2022-02-08,208.17,209.5,191.1,194.06,146.287,147.2216,134.2914,136.3715,11375037.0,2230941770.0,0.7027285375657013,6.06837179,1177.62823,6.06837179,1177.62823,0.018744792497296874
CN,002049,2022-02-09,194.5,198.7,188.1,198.02,136.6807,139.6322,132.1832,139.1543,7968779.0,1547007840.0,0.7027285122714877,6.06837179,1201.658982,6.06837179,1201.658982,0.013131659159598064
CN,002049,2022-02-10,198.2,202.99,195.01,196.63,139.2808,142.6469,137.0391,138.1775,5016195.0,993171928.0,0.7027284748003866,6.06837179,1193.223945,6.06837179,1193.223945,0.008266129982784065
CN,002049,2022-02-11,196.42,199.69,193.8,195.68,138.0299,140.3279,136.1888,137.5099,4707232.0,927269853.0,0.7027284341782501,6.06837179,1187.458992,6.06837179,1187.458992,0.007756993412560835
CN,002049,2022-02-14,193.03,194.0,186.31,188.81,135.6477,136.3293,130.9253,132.6822,9638333.0,1827409790.0,0.7027286690323605,6.06837179,1145.769278,6.06837179,1145.769278,0.015882897972538362
CN,002049,2022-02-15,186.73,196.98,186.73,196.9,131.2205,138.4235,131.2205,138.3672,6200920.0,1199212955.0,0.7027282884713052,6.06837179,1194.862405,6.06837179,1194.862405,0.010218424669065968
CN,002049,2022-02-16,197.0,198.8,192.32,194.1,138.4375,139.7024,135.1487,136.3996,4450823.0,866076888.0,0.7027284904688305,6.06837179,1177.870964,6.06837179,1177.870964,0.0073344599738177875
CN,002049,2022-02-17,193.01,197.0,191.15,196.05,135.6336,138.4375,134.3266,137.7699,4402371.0,857585167.0,0.7027283856159143,6.06837179,1189.704289,6.06837179,1189.704289,0.007254616480906157
CN,002049,2022-02-18,193.05,197.92,192.8,196.01,135.6617,139.084,135.4861,137.7418,2896374.0,566910983.0,0.7027284322228459,6.06837179,1189.461555,6.06837179,1189.461555,0.00477290136502991
CN,002049,2022-02-21,195.17,200.5,195.17,199.58,137.1515,140.8971,137.1515,140.2506,4952331.0,985497656.0,0.7027287303337006,6.06837179,1211.125642,6.06837179,1211.125642,0.008160889232530033
CN,002049,2022-02-22,198.69,201.75,193.21,199.9,139.6251,141.7755,135.7742,140.4754,4596652.0,908359513.0,0.7027283641820911,6.06837179,1213.067521,6.06837179,1213.067521,0.007574769903806438
CN,002049,2022-02-23,199.5,211.6,198.66,209.51,140.1943,148.6974,139.604,147.2286,9003483.0,1872152641.0,0.7027282707269343,6.06837179,1271.384574,6.06837179,1271.384574,0.014836735967359047
CN,002049,2022-02-24,209.42,216.61,207.55,212.77,147.1654,152.218,145.8513,149.5195,8567526.0,1815309031.0,0.7027282981623348,6.06837179,1291.167466,6.06837179,1291.167466,0.014118327446776296
CN,002049,2022-02-25,212.7,215.28,209.7,212.29,149.4704,151.2834,147.3622,149.1822,4477757.0,951283897.0,0.7027283433039709,6.06837179,1288.254647,6.06837179,1288.254647,0.007378844202293017
CN,002049,2022-02-28,212.5,226.3,212.3,221.31,149.3298,159.0275,149.1893,155.5208,8675097.0,1912741360.0,0.7027282996701459,6.06837179,1342.991361,6.06837179,1342.991361,0.014295592459077067
CN,002049,2022-03-01,219.76,225.47,217.59,222.0,154.4316,158.4442,152.9067,156.0057,4963586.0,1101092350.0,0.7027283783783783,6.06837179,1347.178537,6.06837179,1347.178537,0.008179436217437165
CN,002049,2022-03-02,220.0,223.49,217.32,221.81,154.6003,157.0528,152.717,155.8722,4801415.0,1059923624.0,0.7027284612957035,6.06837179,1346.025547,6.06837179,1346.025547,0.007912196493814364
CN,002049,2022-03-03,221.05,223.5,214.4,215.9,155.3381,157.0598,150.665,151.7191,4776589.0,1037951617.0,0.7027285780453913,6.06837179,1310.161469,6.06837179,1310.161469,0.0078712860142671
CN,002049,2022-03-04,214.96,225.0,213.7,219.32,151.0585,158.1139,150.1731,154.1224,5033001.0,1113782775.0,0.7027284333394127,6.06837179,1330.915301,6.06837179,1330.915301,0.008293824396675604
CN,002049,2022-03-07,218.9,223.5,213.12,214.57,153.8273,157.0598,149.7655,150.7845,4160152.0,900997188.0,0.7027287132404344,6.06837179,1302.090535,6.06837179,1302.090535,0.006855466579775924
CN,002049,2022-03-08,214.9,217.88,208.68,212.0,151.0164,153.1105,146.6454,148.9784,4614333.0,984072039.0,0.7027283018867925,6.06837179,1286.494819,6.06837179,1286.494819,0.007603906220123009
CN,002049,2022-03-09,213.56,215.3,199.81,208.8,150.0747,151.2974,140.4122,146.7297,6780690.0,1401355473.0,0.7027284482758621,6.06837179,1267.07603,6.06837179,1267.07603,0.011173820976450094
CN,002049,2022-03-10,214.9,215.29,207.0,207.81,151.0164,151.2904,145.4648,146.034,5018745.0,1057055625.0,0.7027284538761368,6.06837179,1261.068342,6.06837179,1261.068342,0.00827033209842273
CN,002049,2022-03-11,205.0,211.22,203.42,210.48,144.0593,148.4303,142.949,147.9103,5333314.0,1102381969.0,0.7027285252755607,6.06837179,1277.270894,6.06837179,1277.270894,0.008788706731497082
CN,002049,2022-03-14,208.0,213.39,206.01,209.05,146.1675,149.9552,144.7691,146.9054,4500075.0,947820075.0,0.702728533843578,6.06837179,1268.593123,6.06837179,1268.593123,0.0074156217775180186
CN,002049,2022-03-15,207.0,211.98,200.45,200.8,145.4648,148.9644,140.8619,141.1079,5569624.0,1142186472.0,0.7027285856573705,6.06837179,1218.529055,6.06837179,1218.529055,0.00917811925956501
CN,002049,2022-03-16,205.0,210.98,196.68,210.0,144.0593,148.2617,138.2126,147.573,6325702.0,1288843434.0,0.7027285714285715,6.06837179,1274.358076,6.06837179,1274.358076,0.010424051490095006
CN,002049,2022-03-17,213.9,217.19,211.37,214.6,150.3136,152.6256,148.5357,150.8055,7026381.0,1507134478.0,0.7027283317800559,6.06837179,1302.272586,6.06837179,1302.272586,0.011578692346402856
CN,002049,2022-03-18,213.1,214.6,201.0,205.98,149.7514,150.8055,141.2484,144.748,8201868.0,1692924323.0,0.7027284202349743,6.06837179,1249.963221,6.06837179,1249.963221,0.013515763838853388
CN,002049,2022-03-21,208.18,214.25,206.28,213.89,146.294,150.5596,144.9588,150.3066,6336972.0,1338381983.0,0.702728505306466,6.06837179,1297.964042,6.06837179,1297.964042,0.010442623193329425
CN,002049,2022-03-22,213.89,216.83,202.77,203.77,150.3066,152.3726,142.4923,143.195,7481127.0,1549932292.0,0.7027285665210776,6.06837179,1236.55212,6.06837179,1236.55212,0.012328063043744392
CN,002049,2022-03-23,204.95,207.96,200.0,205.67,144.0242,146.1394,140.5457,144.5302,6972635.0,1433266376.0,0.702728642971751,6.06837179,1248.082026,6.06837179,1248.082026,0.011490124931847657
CN,002049,2022-03-24,205.67,206.68,200.2,202.0,144.5302,145.2399,140.6862,141.9512,3366997.0,681039746.0,0.7027287128712871,6.06837179,1225.811102,6.06837179,1225.811102,0.005548435587859722
CN,002049,2022-03-25,202.13,205.0,195.95,199.88,142.0425,144.0593,137.6996,140.4614,6168490.0,1231723614.0,0.7027286371823094,6.06837179,1212.946153,6.06837179,1212.946153,0.010164983645473047
CN,002049,2022-03-28,197.0,203.61,196.2,200.28,138.4375,143.0825,137.8753,140.7425,3618226.0,727835443.0,0.7027286798482125,6.06837179,1215.373502,6.06837179,1215.373502,0.005962432964246576
CN,002049,2022-03-29,200.28,209.97,200.28,206.16,140.7425,147.5519,140.7425,144.8745,4666799.0,965887133.0,0.7027284633294529,6.06837179,1251.055528,6.06837179,1251.055528,0.007690364337416445
CN,002049,2022-03-30,207.0,207.79,201.81,206.19,145.4648,146.02,141.8176,144.8956,4387283.0,900692479.0,0.7027285513361463,6.06837179,1251.237579,6.06837179,1251.237579,0.00722975313943314
CN,002049,2022-03-31,206.19,206.19,202.07,204.54,144.8956,144.8956,142.0003,143.7361,2702891.0,551199885.0,0.7027285616505329,6.06837179,1241.224766,6.06837179,1241.224766,0.004454062957141259
CN,002049,2022-04-01,203.63,209.9,202.5,205.94,143.0966,147.5027,142.3025,144.7199,3433100.0,710221588.0,0.7027284646013402,6.06837179,1249.720486,6.06837179,1249.720486,0.00565736596043335
CN,002049,2022-04-06,204.79,204.79,199.19,200.93,143.9118,143.9118,139.9765,141.1992,3246891.0,651964355.0,0.7027283133429552,6.06859157,1219.362104,6.06859157,1219.362104,0.005350320519263417
CN,002049,2022-04-07,200.49,202.22,192.95,195.5,140.89,142.1058,135.5915,137.3834,5341200.0,1048419818.0,0.702728388746803,6.06859157,1186.409652,6.06859157,1186.409652,0.008801383217819682
CN,002049,2022-04-08,195.5,196.0,188.51,191.07,137.3834,137.7348,132.4714,134.2703,6633316.0,1271660658.0,0.7027283194640708,6.06859157,1159.525791,6.06859157,1159.525791,0.010930569183122666
CN,002049,2022-04-11,190.0,190.85,173.38,173.89,133.5184,134.1157,121.8391,122.1975,13469402.0,2409399663.0,0.7027287365575939,6.06859157,1055.267388,6.06859157,1055.267388,0.022195268613208054
CN,002049,2022-04-12,177.38,185.36,176.74,180.1,124.65,130.2578,124.2002,126.5614,9436407.0,1698542295.0,0.7027284841754582,6.06859157,1092.953342,6.06859157,1092.953342,0.01554958327834872
CN,002049,2022-04-13,178.77,178.77,172.03,174.1,125.6268,125.6268,120.8904,122.345,6235353.0,1093093245.0,0.7027283170591614,6.06859157,1056.541792,6.06859157,1056.541792,0.010274794288059165
CN,002049,2022-04-14,175.92,176.73,165.37,172.35,123.624,124.1932,116.2102,121.1153,12195418.0,2074528833.0,0.7027287496373659,6.06859157,1045.921757,6.06859157,1045.921757,0.02009596107981279
CN,002049,2022-04-15,170.5,178.0,169.5,173.9,119.8152,125.0857,119.1125,122.2045,6679107.0,1163170216.0,0.7027285796434732,6.06859157,1055.328074,6.06859157,1055.328074,0.011006024911971462
CN,002049,2022-04-18,172.15,181.99,171.12,181.57,120.9747,127.8896,120.2509,127.5944,5381636.0,962708417.0,0.7027284242991684,6.06859157,1101.874171,6.06859157,1101.874171,0.008868014823413137
CN,002049,2022-04-19,181.95,181.99,177.76,178.48,127.8615,127.8896,124.917,125.423,4743215.0,851456610.0,0.7027285970416854,6.06859157,1083.122223,6.06859157,1083.122223,0.00781600630935194
CN,002049,2022-04-20,179.06,181.0,173.76,174.05,125.8306,127.1939,122.1061,122.3099,3616820.0,636369034.0,0.70272852628555,6.06859157,1056.238363,6.06859157,1056.238363,0.005959900181583649
CN,002049,2022-04-21,174.17,175.9,167.09,168.0,122.3942,123.6099,117.4189,118.0584,6783783.0,1157506652.0,0.7027285714285715,6.06860085,1019.524943,6.06860085,1019.524943,0.011178495946063086
CN,002049,2022-04-22,168.0,169.8,163.2,169.0,118.0584,119.3233,114.6853,118.7611,6240882.0,1046385378.0,0.7027284023668638,6.06860085,1025.593544,6.06860085,1025.593544,0.010283889407555945
CN,002049,2022-04-25,166.0,170.8,158.35,158.56,116.6529,120.026,111.2771,111.4246,7196961.0,1175194757.0,0.7027283047426841,6.06860085,962.237351,6.06860085,962.237351,0.011859341515268714
CN,002049,2022-04-26,158.56,170.92,155.54,163.0,111.4246,120.1104,109.3024,114.5447,9941079.0,1633797493.0,0.7027282208588957,6.06860085,989.181939,6.06860085,989.181939,0.016381171287612368
CN,002049,2022-04-27,162.35,176.36,161.58,174.9,114.088,123.9332,113.5469,122.9072,10546249.0,1794561161.0,0.7027284162378502,6.06860085,1061.398289,6.06860085,1061.398289,0.017378386321123755
CN,002049,2022-04-28,172.51,178.08,169.2,174.93,121.2277,125.1419,118.9017,122.9283,6382966.0,1111005058.0,0.7027285199794203,6.06860085,1061.580347,6.06860085,1061.580347,0.010518019157578967
CN,002049,2022-04-29,176.0,185.0,173.2,183.0,123.6802,130.0048,121.7126,128.5993,8613567.0,1547969592.0,0.7027284153005464,6.06860085,1110.553956,6.06860085,1110.553956,0.014193662119003922
CN,002049,2022-05-05,183.47,197.88,180.63,190.06,128.9296,139.0559,126.9338,133.5606,8932128.0,1709405794.0,0.7027286120172577,6.06860085,1153.398278,6.06860085,1153.398278,0.01471859530850509
CN,002049,2022-05-06,185.0,188.88,183.03,186.05,130.0048,132.7314,128.6204,130.7426,3248277.0,604081806.0,0.7027282988443967,6.06860085,1129.063188,6.06860085,1129.063188,0.005352596224877766
CN,002049,2022-05-09,185.98,194.56,183.35,189.96,130.6934,136.7229,128.8453,133.4903,4778752.0,909131960.0,0.7027284691514002,6.06860085,1152.791417,6.06860085,1152.791417,0.00787455315997591
CN,002049,2022-05-10,187.9,193.2,182.0,185.22,132.0427,135.7671,127.8966,130.1594,6961482.0,1300832782.0,0.7027286470143613,6.06860085,1124.026249,6.06860085,1124.026249,0.01147131302926275
CN,002049,2022-05-11,183.35,190.99,182.35,185.15,128.8453,134.2141,128.1425,130.1102,6701275.0,1259048877.0,0.7027285984337024,6.06860085,1123.601447,6.06860085,1123.601447,0.011042537094856057
CN,002049,2022-05-12,183.8,192.88,181.01,190.0,129.1615,135.5423,127.2009,133.5184,5206994.0,978971170.0,0.7027284210526317,6.06860085,1153.034161,6.06860085,1153.034161,0.00858022158435416
CN,002049,2022-05-13,191.0,193.16,186.85,188.86,134.2211,135.739,131.3048,132.7173,4179677.0,790112309.0,0.7027284761198771,6.06860085,1146.115957,6.06860085,1146.115957,0.00688738162767782
CN,002049,2022-05-16,189.97,191.0,185.0,187.35,133.4973,134.2211,130.0048,131.6562,3135738.0,589017284.0,0.7027285828662931,6.06860085,1136.952369,6.06860085,1136.952369,0.005167151502475237
CN,002049,2022-05-17,187.5,191.08,185.15,189.87,131.7616,134.2774,130.1102,133.4271,5466874.0,1031625330.0,0.7027287091167641,6.06860085,1152.245243,6.06860085,1152.245243,0.009008458679565323
CN,002049,2022-05-18,190.0,190.41,185.5,188.7,133.5184,133.8065,130.3561,132.6049,3921975.0,738094696.0,0.7027286698463169,6.06860085,1145.14498,6.06860085,1145.14498,0.00646273349811761
CN,002049,2022-05-19,186.0,190.0,183.61,188.7,130.7075,133.5184,129.028,132.6049,5086262.0,951024134.0,0.7027286698463169,6.06860085,1145.14498,6.06860085,1145.14498,0.00838127622119026
CN,002049,2022-05-20,189.1,189.7,184.01,186.11,132.886,133.3076,129.3091,130.7848,6480696.0,1202316151.0,0.702728493901456,6.06860085,1129.427304,6.06860085,1129.427304,0.010679061220511809
CN,002049,2022-05-23,185.86,188.0,182.37,187.0,130.6091,132.113,128.1566,131.4102,4487726.0,830534832.0,0.7027283422459893,6.06860085,1134.828359,6.06860085,1134.828359,0.007394992867260334
CN,002049,2022-05-24,186.0,189.0,178.75,179.0,130.7075,132.8157,125.6127,125.7884,5940534.0,1092791545.0,0.7027284916201118,6.06860085,1086.279552,6.06860085,1086.279552,0.009788968078202079
CN,002049,2022-05-25,178.0,183.88,176.0,179.93,125.0857,129.2177,123.6802,126.4419,4496502.0,806149129.0,0.7027282832212527,6.06860085,1091.923351,6.06860085,1091.923351,0.007409454190746455
CN,002049,2022-05-26,179.98,187.56,177.11,182.49,126.4771,131.8038,124.4602,128.2409,6090783.0,1115609330.0,0.7027283686777358,6.06860085,1107.458969,6.06860085,1107.458969,0.010036552329850464
CN,002049,2022-05-27,184.42,187.36,182.01,183.0,129.5972,131.6632,127.9036,128.5993,3598598.0,665418256.0,0.7027284153005464,6.06860085,1110.553956,6.06860085,1110.553956,0.005929864377222964
CN,002049,2022-05-30,183.0,183.95,177.67,180.5,128.5993,129.2669,124.8538,126.8425,6844832.0,1231019384.0,0.7027285318559557,6.06860085,1095.382453,6.06860085,1095.382453,0.011279094092998388
CN,002049,2022-05-31,179.17,180.0,168.99,177.4,125.9079,126.4911,118.7541,124.664,12962366.0,2274372773.0,0.702728297632469,6.06860085,1076.569791,6.06860085,1076.569791,0.021359727423826202
CN,002049,2022-06-01,175.18,179.18,171.1,175.68,123.104,125.9149,120.2368,123.4553,11195418.0,1951087333.0,0.7027282559198542,6.06860085,1066.131797,6.06860085,1066.131797,0.01844810406339379
CN,002049,2022-06-02,175.68,186.43,174.0,185.3,123.4553,131.0097,122.2748,130.2156,9987296.0,1826043130.0,0.7027285483000539,6.06860085,1124.511738,6.06860085,1124.511738,0.016457328875073403
CN,002049,2022-06-06,184.17,197.74,183.08,193.92,129.4215,138.9575,128.6555,136.2731,10662846.0,2048017392.0,0.702728444719472,6.06860085,1176.823077,6.06860085,1176.823077,0.01757051792259496
CN,002049,2022-06-07,193.86,193.88,187.25,189.66,136.2309,136.245,131.5859,133.2795,7644070.0,1451011967.0,0.702728566909206,6.06860085,1150.970837,6.06860085,1150.970837,0.012596099478185322
CN,002049,2022-06-08,189.56,189.86,184.86,187.93,133.2092,133.42,129.9064,132.0638,6821970.0,1277118785.0,0.7027286755706911,6.06860085,1140.472158,6.06860085,1140.472158,0.011241421488447374
CN,002049,2022-06-09,189.8,190.0,183.41,184.0,133.3779,133.5184,128.8874,129.302,7680215.0,1427308170.0,0.7027282608695652,6.06860085,1116.622556,6.06860085,1116.622556,0.012655660159293555
CN,002049,2022-06-10,184.1,202.4,183.06,202.4,129.3723,142.2322,128.6415,142.2322,19815725.0,3841443384.0,0.7027282608695652,6.06860085,1228.284812,6.06860085,1228.284812,0.03265287253156549
CN,002049,2022-06-13,202.18,204.02,196.68,199.7,142.0776,143.3707,138.2126,140.3349,10537337.0,2102950788.0,0.7027285928893341,6.06860085,1211.89959,6.06860085,1211.89959,0.017363700893262737
CN,002049,2022-06-14,198.0,198.8,190.02,196.0,139.1402,139.7024,133.5325,137.7348,11307950.0,2202479168.0,0.7027285714285715,6.06860085,1189.445767,6.06860085,1189.445767,0.018633537251012314
CN,002049,2022-06-15,195.01,197.97,192.28,194.03,137.0391,139.1192,135.1206,136.3504,8043897.0,1568808345.0,0.7027284440550431,6.06860085,1177.490623,6.06860085,1177.490623,0.01325494491864628
CN,002049,2022-06-16,194.5,201.0,192.11,196.14,136.6807,141.2484,135.0012,137.8332,5708079.0,1126079262.0,0.7027286631997554,6.06860085,1190.295371,6.06860085,1190.295371,0.009405922618885043
CN,002049,2022-06-17,195.24,198.5,192.0,197.39,137.2007,139.4916,134.9239,138.7116,5501409.0,1075495547.0,0.7027286083388217,6.06860085,1197.881122,6.06860085,1197.881122,0.009065366360353062
CN,002049,2022-06-20,197.41,202.0,190.99,193.1,138.7256,141.9512,134.2141,135.6969,10011362.0,1958827980.0,0.7027286380113931,6.06860085,1171.846824,6.06860085,1171.846824,0.016496985462472788
CN,002049,2022-06-21,192.0,192.5,186.28,189.23,134.9239,135.2752,130.9043,132.9773,7396036.0,1395287847.0,0.7027284257253079,6.06860085,1148.361339,6.06860085,1148.361339,0.012187382533158363
CN,002049,2022-06-22,187.5,188.47,182.0,182.1,131.7616,132.4432,127.8966,127.9669,9978392.0,1843823448.0,0.702728720483251,6.06860085,1105.092215,6.06860085,1105.092215,0.016442656629822673
CN,002049,2022-06-23,181.2,191.81,180.7,191.5,127.3344,134.7904,126.983,134.5725,11202223.0,2096908675.0,0.702728459530026,6.06860085,1162.137063,6.06860085,1162.137063,0.018459317521270162
CN,002049,2022-06-24,189.0,190.0,177.65,184.35,132.8157,133.5184,124.8397,129.548,26391595.0,4826470685.0,0.7027285055600759,6.06860085,1118.746567,6.06860085,1118.746567,0.043488763971023074
CN,002049,2022-06-27,181.52,195.88,181.0,191.9,127.5593,137.6505,127.1939,134.8536,17209064.0,3260587710.0,0.7027285044293903,6.06860085,1164.564503,6.06860085,1164.564503,0.02835754801701944
CN,002049,2022-06-28,191.89,196.94,187.0,195.34,134.8466,138.3954,131.4102,137.271,9174387.0,1771288271.0,0.7027285758165249,6.06860085,1185.44049,6.06860085,1185.44049,0.015117796056730276
CN,002049,2022-06-29,195.18,196.06,188.57,188.78,137.1585,137.7769,132.5135,132.6611,7344192.0,1407492219.0,0.7027285729420489,6.06860085,1145.630468,6.06860085,1145.630468,0.012101952627185886
CN,002049,2022-06-30,182.8,192.83,182.8,189.72,128.4588,135.5071,128.4588,133.3217,8512557.0,1608235588.0,0.7027287581699346,6.06860085,1151.334953,6.06860085,1151.334953,0.01402721518585293
CN,002049,2022-07-01,196.5,208.22,196.5,201.8,138.0862,146.3221,138.0862,141.8106,17365212.0,3522009207.0,0.7027284440039643,6.06860085,1224.643652,6.06860085,1224.643652,0.028614852795929065
CN,002049,2022-07-04,202.0,213.2,198.0,209.77,141.9512,149.8217,139.1402,147.4114,12922690.0,2688676891.0,0.7027287028650425,6.06862574,1273.015621,6.06862574,1273.015621,0.02129426093097644
CN,002049,2022-07-05,210.19,211.23,205.5,209.56,147.7065,148.4373,144.4107,147.2638,6486678.0,1349265757.0,0.7027285741553732,6.06862574,1271.74121,6.06862574,1271.74121,0.010688874677580628
CN,002049,2022-07-06,208.0,212.88,207.0,208.95,146.1675,149.5968,145.4648,146.8351,5155204.0,1080225595.0,0.702728403924384,6.06862574,1268.039348,6.06862574,1268.039348,0.008494845819903864
CN,002049,2022-07-07,208.93,210.29,203.85,208.15,146.8211,147.7768,143.2512,146.2729,5450838.0,1130860128.0,0.7027283209224117,6.06862574,1263.184448,6.06862574,1263.184448,0.00898199729812305
CN,002049,2022-07-08,209.12,211.88,206.0,206.21,146.9546,148.8941,144.7621,144.9096,4832274.0,1007238034.0,0.7027282866980263,6.06862574,1251.411314,6.06862574,1251.411314,0.007962715459859616
CN,002049,2022-07-11,205.0,205.66,199.77,203.46,144.0593,144.5231,140.3841,142.9771,5075487.0,1025258917.0,0.7027283004030276,6.06862574,1234.722593,6.06862574,1234.722593,0.00836348659062307
CN,002049,2022-07-12,203.01,206.0,198.18,200.7,142.6609,144.7621,139.2667,141.0376,4826164.0,970510782.0,0.7027284504235177,6.06862574,1217.973186,6.06862574,1217.973186,0.007952647282546048
CN,002049,2022-07-13,200.66,202.0,197.07,199.21,141.0095,141.9512,138.4867,139.9905,4599924.0,917288098.0,0.702728276692937,6.06862574,1208.930934,6.06862574,1208.930934,0.007579844592624359
CN,002049,2022-07-14,199.21,210.71,199.0,207.18,139.9905,148.0719,139.843,145.5913,5307472.0,1101882804.0,0.7027285452263732,6.06862574,1257.297881,6.06862574,1257.297881,0.008745756003730756
CN,002049,2022-07-15,207.0,209.18,205.45,205.74,145.4648,146.9967,144.3756,144.5794,4275964.0,886790227.0,0.7027286866919412,6.06862574,1248.55906,6.06862574,1248.55906,0.0070460169784666935
CN,002049,2022-07-18,204.91,207.81,198.5,201.01,143.9961,146.034,139.4916,141.2555,6216474.0,1247852630.0,0.702728719964181,6.06862574,1219.85446,6.06862574,1219.85446,0.010243627249948026
CN,002049,2022-07-19,200.42,204.68,198.68,200.86,140.8408,143.8345,139.6181,141.15,3672593.0,738404620.0,0.7027282684456836,6.06862574,1218.944166,6.06862574,1218.944166,0.006051770462285914
CN,002049,2022-07-20,200.93,207.77,200.93,206.0,141.1992,146.0059,141.1992,144.7621,4903900.0,1008979281.0,0.702728640776699,6.06862574,1250.136902,6.06862574,1250.136902,0.008080742181342691
CN,002049,2022-07-21,205.98,217.49,204.46,213.0,144.748,152.8364,143.6799,149.6812,7242497.0,1548244665.0,0.7027286384976525,6.06862574,1292.617283,6.06862574,1292.617283,0.011934327985103263
CN,002049,2022-07-22,214.86,222.28,210.5,219.39,150.9882,156.2025,147.9244,154.1716,6835255.0,1486220793.0,0.7027284744063085,6.06862574,1331.395801,6.06862574,1331.395801,0.011263266665048947
CN,002049,2022-07-25,217.9,226.4,216.0,217.23,153.1245,159.0977,151.7894,152.6537,5500286.0,1209818863.0,0.7027284445058233,6.06862574,1318.28757,6.06862574,1318.28757,0.009063478678123262
CN,002049,2022-07-26,217.0,219.77,214.99,219.53,152.4921,154.4386,151.0796,154.27,3344756.0,726839284.0,0.7027285564615315,6.06862574,1332.245409,6.06862574,1332.245409,0.0055115542518197865
CN,002049,2022-07-27,219.42,221.5,215.88,216.5,154.1927,155.6544,151.705,152.1407,4123855.0,899240435.0,0.7027284064665128,6.06862574,1313.857473,6.06862574,1313.857473,0.006795368797944689
CN,002049,2022-07-28,217.38,224.25,215.54,223.9,152.7591,157.5869,151.4661,157.3409,5226016.0,1160049787.0,0.7027284502009826,6.06862574,1358.765303,6.06862574,1358.765303,0.008611531216291483
CN,002049,2022-07-29,222.8,223.47,210.48,210.97,156.5679,157.0387,147.9103,148.2546,7905542.0,1688967152.0,0.7027283500023701,6.06862574,1280.297972,6.06862574,1280.297972,0.013026906483773375
CN,002049,2022-08-01,209.4,217.66,206.0,213.93,147.1513,152.9559,144.7621,150.3347,5706853.0,1215974954.0,0.7027284625812181,6.06862574,1298.261105,6.06862574,1298.261105,0.009403863814478696
CN,002049,2022-08-02,213.19,216.6,210.3,211.95,149.8147,152.211,147.7838,148.9433,4945742.0,1054067470.0,0.7027284736966266,6.06862574,1286.245226,6.06862574,1286.245226,0.008149690246016061
CN,002049,2022-08-03,215.98,225.3,212.0,220.85,151.7753,158.3247,148.9784,155.1976,7190596.0,1578839062.0,0.7027285487887707,6.06862574,1340.255995,6.06862574,1340.255995,0.011848804503801878
CN,002049,2022-08-04,223.56,226.0,217.6,218.5,157.102,158.8166,152.9137,153.5462,7355820.0,1625299851.0,0.7027286041189932,6.06862574,1325.994724,6.06862574,1325.994724,0.012121063837428208
CN,002049,2022-08-05,221.17,228.0,218.0,220.18,155.4225,160.2221,153.1948,154.7268,7565379.0,1678102463.0,0.7027286765373785,6.06862574,1336.190015,6.06862574,1336.190015,0.012466379249810188
CN,002049,2022-08-08,220.0,234.58,218.8,233.98,154.6003,164.8461,153.757,164.4244,9982536.0,2288599753.0,0.7027284383280622,6.06862574,1419.937051,6.06862574,1419.937051,0.016449417755658138
CN,002049,2022-08-09,234.0,236.24,226.86,235.0,164.4385,166.0126,159.421,165.1412,6164270.0,1429935577.0,0.7027285106382979,6.06862574,1426.127049,6.06862574,1426.127049,0.01015760447932978
CN,002049,2022-08-10,233.0,250.5,232.3,241.08,163.7357,176.0335,163.2438,169.4138,7703922.0,1871840371.0,0.7027285548365688,6.06862574,1463.024293,6.06862574,1463.024293,0.012694673110620922
CN,002049,2022-08-11,243.49,244.44,236.01,238.72,171.1074,171.775,165.851,167.7553,5836787.0,1396610071.0,0.7027283009383378,6.06862574,1448.702337,6.06862574,1448.702337,0.00961797159697642
CN,002049,2022-08-12,239.24,241.8,231.66,233.0,168.1208,169.9198,162.7941,163.7357,5271678.0,1239826434.0,0.7027283261802576,6.06862574,1413.989797,6.06862574,1413.989797,0.008686773951560242
CN,002049,2022-08-15,234.99,236.6,230.0,234.6,165.1342,166.2656,161.6276,164.8601,5426204.0,1265404856.0,0.702728473998295,6.06862574,1423.699599,6.06862574,1423.699599,0.008941404911880429
CN,002049,2022-08-16,233.52,242.11,233.52,236.08,164.1012,170.1376,164.1012,165.9001,4164005.0,989306330.0,0.7027283124364622,6.06862574,1432.681165,6.06862574,1432.681165,0.006861528751977379
CN,002049,2022-08-17,234.98,236.0,230.3,235.2,165.1271,165.8439,161.8384,165.2817,3436600.0,802843578.0,0.7027283163265307,6.06862574,1427.340774,6.06862574,1427.340774,0.005662896588511652
CN,002049,2022-08-18,236.44,237.45,231.65,234.49,166.1531,166.8629,162.7871,164.7828,4092169.0,958321396.0,0.702728474561815,6.06863738,1423.034779,6.06863738,1423.034779,0.006743143054627528
CN,002049,2022-08-19,235.37,235.38,226.68,227.65,165.4012,165.4082,159.2945,159.9761,4341489.0,994389314.0,0.7027283110037338,6.06863738,1381.5253,6.06863738,1381.5253,0.007153976631241724
CN,002049,2022-08-22,227.0,232.35,224.8,229.99,159.5194,163.279,157.9734,161.6205,4297109.0,982390984.0,0.7027283794947606,6.06863738,1395.725911,6.06863738,1395.725911,0.007080846540875375
CN,002049,2022-08-23,235.0,244.85,233.96,242.0,165.1412,172.0631,164.4104,170.0603,7564595.0,1815985608.0,0.7027285123966943,6.06863738,1468.610246,6.06863738,1468.610246,0.012465063450536898
CN,002049,2022-08-24,177.1,177.5,160.0,161.5,174.4627,174.8568,157.6174,159.095,9365983.0,1562401160.0,0.9851083591331269,8.49607776,1372.116558,8.49607776,1372.116558,0.011023890393394893
CN,002049,2022-08-25,162.1,169.56,162.0,164.49,159.6861,167.035,159.5876,162.0405,6924102.0,1146253261.0,0.9851085172350903,8.49607776,1397.519831,8.49607776,1397.519831,0.00814976297957047
CN,002049,2022-08-26,164.49,165.53,157.07,157.55,162.0405,163.065,154.731,155.2039,8301054.0,1327305670.0,0.985108854331958,8.49607776,1338.557051,8.49607776,1338.557051,0.009770454360813195
CN,002049,2022-08-29,154.93,161.45,154.47,158.1,152.6229,159.0458,152.1697,155.7457,6708154.0,1065468110.0,0.9851087919038584,8.49607776,1343.229894,8.49607776,1343.229894,0.007895589223044022
CN,002049,2022-08-30,157.94,158.5,151.0,154.5,155.5881,156.1397,148.7514,152.1993,11323751.0,1741272951.0,0.9851087378640776,8.49607776,1312.644014,8.49607776,1312.644014,0.013328210169300522
CN,002049,2022-08-31,153.4,158.91,153.02,156.01,151.1157,156.5436,150.7413,153.6868,8778497.0,1371072664.0,0.9851086468816103,8.49607776,1325.473091,8.49607776,1325.473091,0.010332411317290015
CN,002049,2022-09-01,156.6,162.56,155.16,155.85,154.268,160.1393,152.8494,153.5292,6924656.0,1098905237.0,0.9851087584215592,8.49607776,1324.113719,8.49607776,1324.113719,0.0081504150451655
CN,002049,2022-09-02,155.8,156.8,151.55,154.72,153.4799,154.465,149.2932,152.416,5091143.0,786771802.0,0.9851085832471561,8.49607776,1314.513151,8.49607776,1314.513151,0.00599234510772651
CN,002049,2022-09-05,153.83,156.5,152.33,154.61,151.5393,154.1695,150.0616,152.3076,4210009.0,649582479.0,0.9851083371062673,8.49607776,1313.578582,8.49607776,1313.578582,0.004955238309871589
CN,002049,2022-09-06,154.65,160.5,152.5,159.05,152.347,158.1099,150.2291,156.6815,7721542.0,1213514299.0,0.9851084564602326,8.49607776,1351.301168,8.49607776,1351.301168,0.009088360792027402
CN,002049,2022-09-07,158.88,164.47,158.15,163.24,156.5141,162.0208,155.7949,160.8091,6609742.0,1074475928.0,0.9851084293065424,8.49607776,1386.899734,8.49607776,1386.899734,0.007779756949870478
CN,002049,2022-09-08,161.58,166.48,159.58,163.57,159.1738,164.0009,157.2036,161.1342,6075326.0,989416524.0,0.9851085162315828,8.49607776,1389.703439,8.49607776,1389.703439,0.007150741991325654
CN,002049,2022-09-09,165.0,166.0,160.5,162.52,162.5429,163.528,158.1099,160.0998,3482783.0,565177294.0,0.9851082943637705,8.49607776,1380.782558,8.49607776,1380.782558,0.0040992833380093735
CN,002049,2022-09-13,162.88,166.0,160.28,162.88,160.4545,163.528,157.8932,160.4545,4463083.0,730909281.0,0.9851086689587426,8.49607776,1383.841146,8.49607776,1383.841146,0.005253109877374757
CN,002049,2022-09-14,160.51,168.2,159.01,166.73,158.1198,165.6953,156.6421,164.2472,8301449.0,1368550562.0,0.9851088586337192,8.49607776,1416.551045,8.49607776,1416.551045,0.009770919281228424
CN,002049,2022-09-15,167.77,170.0,158.01,162.5,165.2717,167.4685,155.657,160.0801,8757454.0,1424520356.0,0.9851083076923076,8.49607776,1380.612636,8.49607776,1380.612636,0.01030764341780224
CN,002049,2022-09-16,161.01,164.68,159.5,159.6,158.6123,162.2277,157.1248,157.2233,7204165.0,1168021383.0,0.9851083959899749,8.49607776,1355.974011,8.49607776,1355.974011,0.00847940097007775
CN,002049,2022-09-19,159.6,160.95,153.65,155.59,157.2233,158.5532,151.3619,153.273,7740776.0,1207981366.0,0.9851082974484221,8.49607776,1321.904739,8.49607776,1321.904739,0.009110999473714798
CN,002049,2022-09-20,156.01,156.7,151.5,155.97,153.6868,154.3665,149.244,153.6474,6038502.0,931867128.0,0.9851086747451433,8.49607776,1325.133248,8.49607776,1325.133248,0.007107399638489185
CN,002049,2022-09-21,155.7,156.16,152.0,153.9,153.3814,153.8346,149.7365,151.6082,3804374.0,584400500.0,0.9851085120207927,8.49607776,1307.546367,8.49607776,1307.546367,0.004477800353842336
CN,002049,2022-09-22,153.0,156.5,147.96,150.9,150.7216,154.1695,145.7567,148.6529,9227810.0,1398499912.0,0.985108681245858,8.49607776,1282.058134,8.49607776,1282.058134,0.010861258878120249
CN,002049,2022-09-23,150.55,152.8,148.08,149.99,148.3081,150.5246,145.8749,147.7564,7196546.0,1081285465.0,0.9851083405560371,8.49607776,1274.326703,8.49607776,1274.326703,0.008470433302625516
CN,002049,2022-09-26,148.0,151.74,146.5,146.52,145.7961,149.4804,144.3184,144.3381,8480541.0,1259074278.0,0.9851085176085175,8.49607776,1244.845313,8.49607776,1244.845313,0.0099817130204797
CN,002049,2022-09-27,146.5,151.3,145.8,150.85,144.3184,149.0469,143.6288,148.6036,5976524.0,895024971.0,0.9851083858137223,8.49607776,1281.63333,8.49607776,1281.63333,0.007034450682805427
CN,002049,2022-09-28,151.2,151.21,146.25,147.83,148.9484,148.9583,144.0721,145.6286,5003035.0,741165254.0,0.9851085706554826,8.49607776,1255.975175,8.49607776,1255.975175,0.005888640783815048
CN,002049,2022-09-29,148.8,150.0,140.13,143.86,146.5842,147.7663,138.0433,141.7177,13057304.0,1882654654.0,0.9851084387599054,8.49607776,1222.245747,8.49607776,1222.245747,0.015368625816343752
CN,002049,2022-09-30,143.8,147.74,143.0,144.0,141.6586,145.5399,140.8705,141.8556,5658343.0,822944947.0,0.9851083333333334,8.49607776,1223.435197,8.49607776,1223.435197,0.006659947283721659
CN,002049,2022-10-10,141.0,141.28,130.01,136.4,138.9003,139.1761,128.074,134.3688,9441623.0,1284706297.0,0.9851085043988269,8.49607776,1158.865006,8.49607776,1158.865006,0.011112919710377039
CN,002049,2022-10-11,135.9,142.39,135.9,139.78,133.8763,140.2696,133.8763,137.6985,6634519.0,926528734.0,0.9851087423093432,8.49608288,1187.582465,8.49608288,1187.582465,0.007808915112654833
CN,002049,2022-10-12,139.81,145.8,138.28,145.09,137.728,143.6288,136.2208,142.9294,7258116.0,1030690794.0,0.9851085533117374,8.49608288,1232.696665,8.49608288,1232.696665,0.008542896888501163
CN,002049,2022-10-13,145.44,149.03,143.1,147.28,143.2742,146.8107,140.969,145.0868,8081375.0,1189511741.0,0.9851086366105378,8.49608288,1251.303087,8.49608288,1251.303087,0.009511883433980814
CN,002049,2022-10-14,148.0,150.0,144.44,148.6,145.7961,147.7663,142.2891,146.3871,5924884.0,875116784.0,0.9851083445491252,8.49608288,1262.517916,8.49608288,1262.517916,0.00697366549230273
CN,002049,2022-10-17,147.99,154.55,146.82,152.0,145.7862,152.2485,144.6336,149.7365,7529501.0,1143459350.0,0.985108552631579,8.49608288,1291.404598,8.49608288,1291.404598,0.008862320561543298
CN,002049,2022-10-18,153.0,155.82,149.64,153.59,150.7216,153.4996,147.4116,151.3028,5520663.0,845941256.0,0.9851084054951493,8.49608288,1304.91337,8.49608288,1304.91337,0.006497892120374419
CN,002049,2022-10-19,153.1,155.5,152.1,152.5,150.8201,153.1844,149.835,150.2291,3363251.0,515566321.0,0.9851088524590164,8.49608288,1295.652639,8.49608288,1295.652639,0.00395859014972321
CN,002049,2022-10-20,151.83,156.35,149.7,155.0,149.569,154.0217,147.4708,152.6918,5685289.0,873763292.0,0.9851083870967742,8.49608288,1316.892846,8.49608288,1316.892846,0.006691659062534946
CN,002049,2022-10-21,153.99,155.35,150.8,154.5,151.6969,153.0366,148.5544,152.1993,4497834.0,690459726.0,0.9851087378640776,8.49608288,1312.644805,8.49608288,1312.644805,0.005294009090457461
CN,002049,2022-10-24,157.0,166.35,155.36,163.0,154.662,163.8728,153.0465,160.5727,11217996.0,1808488227.0,0.9851085889570552,8.49608288,1384.861509,8.49608288,1384.861509,0.013203727127483012
CN,002049,2022-10-25,162.01,164.5,160.18,161.1,159.5974,162.0504,157.7947,158.701,6052330.0,981467884.0,0.9851086281812539,8.49608288,1368.718952,8.49608288,1368.718952,0.007123671091118169
CN,002049,2022-10-26,162.0,163.04,157.03,161.61,159.5876,160.6121,154.6916,159.2034,6450745.0,1039354732.0,0.9851085947651753,8.49608288,1373.051954,8.49608288,1373.051954,0.007592610725567686
CN,002049,2022-10-27,161.0,162.9,157.68,157.68,158.6025,160.4742,155.3319,155.3319,6545382.0,1044776775.0,0.9851084474885844,8.49608288,1339.662349,8.49608288,1339.662349,0.0077039997048616365
CN,002049,2022-10-28,160.0,167.51,159.34,163.29,157.6174,165.0155,156.9672,160.8584,13220084.0,2176986299.0,0.9851087023087758,8.49608288,1387.325373,8.49608288,1387.325373,0.015560210730900968
CN,002049,2022-10-31,162.2,166.99,161.0,164.11,159.7846,164.5033,158.6025,161.6662,7710851.0,1261837792.0,0.9851087685089269,8.49608288,1394.292161,8.49608288,1394.292161,0.009075771869118112
CN,002049,2022-11-01,163.13,164.5,158.11,161.08,160.7008,162.0504,155.7555,158.6813,8651077.0,1388181962.0,0.9851086416687359,8.49608288,1368.54903,8.49608288,1368.54903,0.010182430094184769
CN,002049,2022-11-02,161.48,162.75,156.6,157.2,159.0753,160.3264,154.268,154.8591,9768221.0,1551840665.0,0.9851087786259544,8.49608288,1335.584229,8.49608288,1335.584229,0.011497323105209633
CN,002049,2022-11-03,156.0,162.28,155.92,160.2,153.6769,159.8634,153.5981,157.8144,6206986.0,992723872.0,0.9851086142322099,8.49608288,1361.072477,8.49608288,1361.072477,0.007305703213667331
CN,002049,2022-11-04,160.99,162.16,158.5,161.6,158.5926,159.7452,156.1397,159.1935,6330322.0,1020389973.0,0.9851082920792079,8.49608288,1372.966993,8.49608288,1372.966993,0.007450871289052209
CN,002049,2022-11-07,160.35,162.3,153.0,155.45,157.9622,159.8831,150.7216,153.1351,12182243.0,1902977423.0,0.9851083949823095,8.49608288,1320.716084,8.49608288,1320.716084,0.014338658381825955
CN,002049,2022-11-08,156.18,156.18,152.91,155.93,153.8543,153.8543,150.633,153.608,4022642.0,623594916.0,0.9851087026229718,8.49608288,1324.794203,8.49608288,1324.794203,0.004734701928896437
CN,002049,2022-11-09,158.76,158.8,153.5,153.85,156.3958,156.4352,151.2142,151.559,4390573.0,681994491.0,0.9851088722781931,8.49608288,1307.122351,8.49608288,1307.122351,0.005167761499049783
CN,002049,2022-11-10,152.5,153.79,149.63,150.1,150.2291,151.4998,147.4018,147.8648,3978147.0,601028558.0,0.9851085942704864,8.49608288,1275.26204,8.49608288,1275.26204,0.004682330735455349
CN,002049,2022-11-11,153.55,154.0,148.15,148.74,151.2634,151.7067,145.9438,146.5251,8883544.0,1333065550.0,0.9851089148850343,8.49608288,1263.707368,8.49608288,1263.707368,0.010456046775287579
CN,002049,2022-11-14,148.3,149.2,144.5,148.76,146.0916,146.9782,142.3482,146.5448,7277696.0,1073100476.0,0.9851089002420007,8.49608288,1263.877289,8.49608288,1263.877289,0.008565942803043841
CN,002049,2022-11-15,147.5,152.54,146.2,151.49,145.3035,150.2685,144.0229,149.2341,14499935.0,2177988481.0,0.9851085880256123,8.49608288,1287.071595,8.49608288,1287.071595,0.017066611996139097
CN,002049,2022-11-16,151.0,151.0,141.8,143.21,148.7514,148.7514,139.6884,141.0774,20743987.0,3002909989.0,0.9851085818029467,8.49608288,1216.724029,8.49608288,1216.724029,0.0244159423736695
CN,002049,2022-11-17,143.2,146.79,141.58,145.46,141.0675,144.6041,139.4717,143.2939,12362644.0,1786506043.0,0.9851086209267153,8.49608288,1235.840216,8.49608288,1235.840216,0.01455099270406364
CN,002049,2022-11-18,145.0,147.5,141.24,141.44,142.8407,145.3035,139.1367,139.3338,8143298.0,1170450759.0,0.9851088800904977,8.49608288,1201.685963,8.49608288,1201.685963,0.009584767609988287
CN,002049,2022-11-21,140.59,143.99,140.05,142.85,138.4964,141.8458,137.9645,140.7228,7589696.0,1082200668.0,0.9851088554427723,8.49608288,1213.665439,8.49608288,1213.665439,0.008933170859086535
CN,002049,2022-11-22,142.85,144.33,140.59,141.2,140.7228,142.1807,138.4964,139.0973,4880522.0,692593057.0,0.9851083569405099,8.49608288,1199.646903,8.49608288,1199.646903,0.005744437841453826
CN,002049,2022-11-23,141.0,142.49,137.31,140.56,138.9003,140.3681,135.2653,138.4669,8873880.0,1239298275.0,0.9851088503130336,8.49608288,1194.20941,8.49608288,1194.20941,0.010444672121654256
CN,002049,2022-11-24,140.58,141.62,138.7,140.68,138.4866,139.5111,136.6346,138.5851,5362832.0,752323701.0,0.9851087574637476,8.49608288,1195.22894,8.49608288,1195.22894,0.006312122981549822
CN,002049,2022-11-25,140.5,141.2,136.38,136.8,138.4078,139.0973,134.3491,134.7629,7717802.0,1065228632.0,0.9851089181286549,8.49608288,1162.264138,8.49608288,1162.264138,0.009083953286482064
CN,002049,2022-11-28,134.0,136.99,131.0,134.98,132.0045,134.95,129.0492,132.97,9595592.0,1290113261.0,0.9851089050229664,8.49608288,1146.801267,8.49608288,1146.801267,0.011294136528009011
CN,002049,2022-11-29,135.8,136.0,131.03,131.7,133.7777,133.9748,129.0788,129.7388,12799382.0,1692219905.0,0.9851085801063023,8.49608288,1118.934115,8.49608288,1118.934115,0.015065039007717402
CN,002049,2022-11-30,131.03,132.49,130.08,131.49,129.0788,130.517,128.1429,129.5319,9564865.0,1253465439.0,0.985108373260324,8.49608288,1117.149938,8.49608288,1117.149938,0.011257970449553806
CN,002049,2022-12-01,131.55,137.2,130.45,137.18,129.591,135.1569,128.5074,135.1372,18715593.0,2512813597.0,0.9851086164163873,8.49608288,1165.492649,8.49608288,1165.492649,0.022028496266269945
CN,002049,2022-12-02,136.0,139.6,135.03,137.03,133.9748,137.5212,133.0192,134.9894,10068014.0,1384345906.0,0.9851083704298328,8.49608288,1164.218237,8.49608288,1164.218237,0.011850183363559655
CN,002049,2022-12-05,137.49,138.48,134.61,135.95,135.4426,136.4178,132.6055,133.9255,7441808.0,1014083266.0,0.985108495770504,8.49608288,1155.042468,8.49608288,1155.042468,0.008759104760522298
CN,002049,2022-12-06,135.0,138.0,133.23,137.0,132.9897,135.945,131.246,134.9599,8661467.0,1177860984.0,0.9851087591240876,8.49608288,1163.963355,8.49608288,1163.963355,0.01019465925925619
CN,002049,2022-12-07,136.29,139.0,135.59,137.41,134.2604,136.9301,133.5709,135.3638,7919407.0,1089347527.0,0.985108798486282,8.49608288,1167.446749,8.49608288,1167.446749,0.00932124499237465
CN,002049,2022-12-08,137.08,138.97,134.67,135.3,135.0387,136.9005,132.6646,133.2852,6971633.0,952604453.0,0.9851086474501108,8.49608288,1149.520014,8.49608288,1149.520014,0.008205702673182963
CN,002049,2022-12-09,136.01,136.28,133.6,135.8,133.9846,134.2506,131.6105,133.7777,8863709.0,1198445723.0,0.9851082474226804,8.49608288,1153.768055,8.49608288,1153.768055,0.010432700722429864
CN,002049,2022-12-12,135.0,138.65,132.5,136.96,132.9897,136.5853,130.5269,134.9205,12509380.0,1691454118.0,0.9851087908878504,8.49608288,1163.623511,8.49608288,1163.623511,0.01472370288365172
CN,002049,2022-12-13,137.24,137.5,130.65,131.02,135.1963,135.4524,128.7044,129.0689,11471738.0,1523242586.0,0.985108380399939,8.49608288,1113.156779,8.49608288,1113.156779,0.013502384760163733
CN,002049,2022-12-14,133.68,134.24,128.37,129.4,131.6893,132.241,126.4584,127.4731,15160371.0,1981047585.0,0.9851089644513137,8.49608288,1099.393125,8.49608288,1099.393125,0.017843953753897468
CN,002049,2022-12-15,128.81,132.3,127.11,130.45,126.8918,130.3299,125.2172,128.5074,8967663.0,1167586234.0,0.9851084706784209,8.49608288,1108.314012,8.49608288,1108.314012,0.010555055931846089
CN,002049,2022-12-16,129.92,131.68,128.02,129.64,127.9853,129.7191,126.1136,127.7095,6491369.0,841964015.0,0.9851087627275533,8.49608288,1101.432185,8.49608288,1101.432185,0.007640425701685246
CN,002049,2022-12-19,128.99,129.02,124.88,127.14,127.0692,127.0987,123.0204,125.2467,14295007.0,1809032846.0,0.9851085417649835,8.49608288,1080.191977,8.49608288,1080.191977,0.016825409076047054
CN,002049,2022-12-20,127.0,130.98,126.2,128.16,125.1088,129.0295,124.3207,126.2515,8674494.0,1118939490.0,0.9851084581772783,8.49608288,1088.857982,8.49608288,1088.857982,0.010209992207608973
CN,002049,2022-12-21,128.3,130.23,125.7,126.12,126.3894,128.2907,123.8281,124.2419,6055103.0,771682322.0,0.9851086267047257,8.49608288,1071.525973,8.49608288,1071.525973,0.007126934948167549
CN,002049,2022-12-22,126.66,126.99,123.74,124.0,124.7739,125.0989,121.8973,122.1535,6565672.0,820093816.0,0.9851088709677419,8.49608288,1053.514277,8.49608288,1053.514277,0.007727881298634412
CN,002049,2022-12-23,122.66,124.79,121.71,122.68,120.8334,122.9317,119.8976,120.8531,6388230.0,784124288.0,0.9851084121291164,8.49608288,1042.299448,8.49608288,1042.299448,0.0075190297578641326
CN,002049,2022-12-26,122.71,126.45,122.5,125.92,120.8827,124.567,120.6758,124.0449,11127442.0,1382667258.0,0.9851087992376112,8.49608288,1069.826756,8.49608288,1069.826756,0.013097143892268622
CN,002049,2022-12-27,125.5,134.74,125.06,133.65,123.6311,132.7335,123.1977,131.6598,14213657.0,1861083706.0,0.9851088664421996,8.49608288,1135.501477,8.49608288,1135.501477,0.016729659068485923
CN,002049,2022-12-28,133.0,135.5,132.18,133.85,131.0194,133.4822,130.2117,131.8568,9218155.0,1236026768.0,0.9851087037728801,8.49608288,1137.200693,8.49608288,1137.200693,0.010849888272276365
CN,002049,2022-12-29,133.0,135.53,132.98,133.93,131.0194,133.5118,130.9997,131.9356,6382221.0,856905549.0,0.9851086388411856,8.49608288,1137.88038,8.49608288,1137.88038,0.00751195708674631
CN,002049,2022-12-30,134.5,136.52,131.51,131.82,132.4971,134.487,129.5516,129.857,7942392.0,1060044242.0,0.9851084812623274,8.49608288,1119.953645,8.49608288,1119.953645,0.009348298636182795
CN,002049,2023-01-03,131.5,134.76,129.62,134.23,129.5418,132.7532,127.6898,132.2311,7269895.0,968924122.0,0.9851083960366536,8.49608288,1140.429205,8.49608288,1140.429205,0.008556760924629776
CN,002049,2023-01-04,133.97,136.39,132.5,134.52,131.975,134.359,130.5269,132.5168,7193823.0,965968356.0,0.9851085340469817,8.49606901,1142.891203,8.49608551,1142.893423,0.008467220570617821
CN,002049,2023-01-05,134.52,138.49,133.82,134.99,132.5168,136.4277,131.8272,132.9798,9500301.0,1292428007.0,0.9851085265575228,8.49606901,1146.884356,8.49608551,1146.886583,0.011181974320783408
CN,002049,2023-01-06,133.0,134.44,125.0,126.8,131.0194,132.438,123.1386,124.9118,27726063.0,3542869451.0,0.985108832807571,8.49606901,1077.30155,8.49608551,1077.303643,0.03263392649163673
CN,002049,2023-01-09,126.0,129.35,125.55,125.9,124.1237,127.4238,123.6804,124.0252,14655596.0,1860549221.0,0.9851088165210484,8.49606901,1069.655088,8.49608551,1069.657166,0.01724982167699487
CN,002049,2023-01-10,125.9,126.08,123.33,124.05,124.0252,124.2025,121.4934,122.2027,13895871.0,1726331829.0,0.9851084240225715,8.49606901,1053.937361,8.49608551,1053.939408,0.016355615752271308
CN,002049,2023-01-11,124.45,125.68,122.05,122.77,122.5968,123.8084,120.2325,120.9418,10817883.0,1333595355.0,0.985108739920176,8.49606901,1043.062392,8.49608551,1043.064418,0.012732784983469405
CN,002049,2023-01-12,123.0,123.27,119.5,120.35,121.1684,121.4343,117.7205,118.5578,16993037.0,2051501413.0,0.9851084337349398,8.49606901,1022.501905,8.49608551,1022.503891,0.02000101926940234
CN,002049,2023-01-13,120.2,120.28,117.1,118.11,118.4101,118.4889,115.3562,116.3512,17140940.0,2023154089.0,0.9851087968842605,8.49606901,1003.470711,8.49608551,1003.47266,0.0201751029692732
CN,002049,2023-01-16,117.01,120.96,116.8,119.6,115.2676,119.1587,115.0607,117.819,14549272.0,1737452881.0,0.985108695652174,8.49606901,1016.129854,8.49608551,1016.131827,0.01712467698550741
CN,002049,2023-01-17,119.36,126.04,118.98,124.0,117.5826,124.1631,117.2082,122.1535,21027902.0,2600760949.0,0.9851088709677419,8.49606901,1053.512557,8.49608551,1053.514603,0.024750106358098555
CN,002049,2023-01-18,124.02,124.45,122.53,124.0,122.1732,122.5968,120.7054,122.1535,10425085.0,1289345682.0,0.9851088709677419,8.49606901,1053.512557,8.49608551,1053.514603,0.012270456774157397
CN,002049,2023-01-19,123.6,127.49,123.3,126.6,121.7594,125.5915,121.4639,124.7147,14348076.0,1807366239.0,0.985108214849921,8.49606901,1075.602337,8.49608551,1075.604426,0.016887866751237535
CN,002049,2023-01-20,126.38,127.71,125.76,126.0,124.498,125.8082,123.8873,124.1237,8995523.0,1137048090.0,0.9851087301587301,8.49606901,1070.504695,8.49608551,1070.506774,0.01058784423651593
CN,002049,2023-01-30,127.62,129.66,124.01,129.28,125.7196,127.7292,122.1633,127.3548,14545501.0,1859728973.0,0.9851082920792079,8.49606901,1098.371802,8.49608551,1098.373935,0.01712023847085786
CN,002049,2023-01-31,129.0,129.12,125.4,125.8,127.079,127.1972,123.5326,123.9267,11093708.0,1406791404.0,0.9851089030206677,8.49606901,1068.805481,8.49608551,1068.807557,0.013057434493735457
CN,002049,2023-02-01,126.0,128.38,125.86,127.57,124.1237,126.4682,123.9858,125.6703,9036168.0,1149731137.0,0.9851085678451047,8.49606901,1083.843524,8.49608551,1083.845629,0.010635683915097506
CN,002049,2023-02-02,128.88,129.5,126.46,127.01,126.9608,127.5716,124.5768,125.1186,10563069.0,1349428678.0,0.9851082591921896,8.49606901,1079.085725,8.49608551,1079.087821,0.012432865685693881
CN,002049,2023-02-03,126.26,127.48,125.0,127.28,124.3798,125.5816,123.1386,125.3846,7625771.0,962634843.0,0.9851084223758643,8.49606901,1081.379664,8.49608551,1081.381764,0.008975628824620904
CN,002049,2023-02-06,126.49,127.77,125.02,126.1,124.6064,125.8673,123.1583,124.2222,6784275.0,856214921.0,0.9851086439333863,8.49606901,1071.354302,8.49608551,1071.356383,0.007985177399656374
CN,002049,2023-02-07,126.0,126.41,123.1,124.42,124.1237,124.5276,121.2669,122.5672,8134864.0,1012712204.0,0.985108503456036,8.49606901,1057.080906,8.49608551,1057.082959,0.009574837718411805
CN,002049,2023-02-08,124.45,126.1,122.0,122.57,122.5968,124.2222,120.1832,120.7448,6836510.0,845006295.0,0.9851089173533492,8.49606901,1041.363179,8.49608551,1041.365201,0.008046658654686728
CN,002049,2023-02-09,121.8,126.85,121.51,126.85,119.9862,124.961,119.7005,124.961,13350591.0,1668881957.0,0.9851083957430036,8.49606901,1077.726354,8.49608551,1077.728447,0.01571381430222917
CN,002049,2023-02-10,126.7,128.49,123.31,124.0,124.8133,126.5766,121.4737,122.1535,11312486.0,1418482271.0,0.9851088709677419,8.49606901,1053.512557,8.49608551,1053.514603,0.013314938964167746
CN,002049,2023-02-13,123.5,123.79,119.8,120.49,121.6609,121.9466,118.016,118.6957,18926802.0,2299466822.0,0.9851083077433812,8.49606901,1023.691355,8.49608551,1023.693343,0.02227708510904571
CN,002049,2023-02-14,120.48,123.16,120.03,121.55,118.6859,121.326,118.2426,119.7399,12394156.0,1503501063.0,0.9851081859317155,8.49606901,1032.697188,8.49608551,1032.699194,0.014588078221919874
CN,002049,2023-02-15,121.55,121.55,118.16,120.16,119.7399,119.7399,116.4004,118.3706,15047234.0,1796486427.0,0.985108189081225,8.49606901,1020.887652,8.49608551,1020.889635,0.017710784551649362
CN,002049,2023-02-16,119.99,119.99,116.01,116.67,118.2032,118.2032,114.2824,114.9326,17155548.0,2025037590.0,0.9851084254735578,8.49606901,991.236371,8.49608551,991.238296,0.02019229676985678
CN,002049,2023-02-17,116.1,116.3,112.5,112.6,114.3711,114.5681,110.8247,110.9232,17668973.0,2010738120.0,0.9851083481349912,8.49606901,956.657371,8.49608551,956.659228,0.020796604482385912
CN,002049,2023-02-20,112.1,114.13,111.09,114.12,110.4307,112.4304,109.4357,112.4206,11677995.0,1316886596.0,0.9851086575534524,8.49606901,969.571395,8.49608551,969.573278,0.013745147675661753
CN,002049,2023-02-21,113.92,116.38,113.38,115.25,112.2236,114.6469,111.6916,113.5338,9997753.0,1150709394.0,0.9851088937093275,8.49606901,979.171953,8.49608551,979.173855,0.011767481610481108
CN,002049,2023-02-22,114.35,114.88,111.69,112.34,112.6472,113.1693,110.0268,110.6671,13579027.0,1529192096.0,0.9851085988962079,8.49606901,954.448393,8.49608551,954.450246,0.01598268636069789
CN,002049,2023-02-23,112.19,113.0,111.35,111.96,110.5193,111.3173,109.6918,110.2928,11428820.0,1279810665.0,0.9851089674883887,8.49606901,951.219886,8.49608551,951.221734,0.013451865552139435
CN,002049,2023-02-24,112.68,114.5,111.8,112.56,111.002,112.7949,110.1351,110.8838,15762700.0,1781923483.0,0.9851083866382373,8.49606901,956.317528,8.49608551,956.319385,0.01855289707412561
CN,002049,2023-02-27,111.5,113.08,109.8,109.82,109.8396,111.3961,108.1649,108.1846,13361971.0,1481268963.0,0.985108359133127,8.49606901,933.038299,8.49608551,933.040111,0.01572720870602443
CN,002049,2023-02-28,109.51,111.15,104.66,110.9,107.8792,109.4948,103.1015,109.2485,28446023.0,3073243403.0,0.9851082055906222,8.49606901,942.214053,8.49608551,942.215883,0.03348132850889821
CN,002049,2023-03-01,111.01,113.15,110.89,112.32,109.3569,111.465,109.2387,110.6474,18383845.0,2062875546.0,0.9851086182336183,8.49606901,954.278471,8.49608551,954.280324,0.0216380178593565
CN,002049,2023-03-02,112.48,112.5,108.44,108.53,110.805,110.8247,106.8252,106.9138,18780305.0,2067553664.0,0.9851082649958536,8.49606901,922.07837,8.49608551,922.08016,0.022104656288940764
CN,002049,2023-03-03,110.21,111.45,108.45,109.39,108.5688,109.7904,106.835,107.761,14200353.0,1557861341.0,0.9851083280007313,8.49606901,929.384989,8.49608551,929.386794,0.016713994913641117
CN,002049,2023-03-06,109.44,113.6,109.43,113.14,107.8103,111.9083,107.8004,111.4552,26071097.0,2920695759.0,0.9851087148665371,8.49606901,961.245248,8.49608551,961.247115,0.03068601059783825
CN,002049,2023-03-07,113.0,113.14,109.18,109.19,111.3173,111.4552,107.5542,107.564,17618783.0,1955260349.0,0.9851085264218334,8.49606901,927.685775,8.49608551,927.687577,0.020737530218195743
CN,002049,2023-03-08,108.0,109.97,106.88,109.23,106.3917,108.3324,105.2884,107.6034,13983820.0,1518409139.0,0.9851084866794836,8.49606901,928.025618,8.49608551,928.02742,0.01645913283657617
CN,002049,2023-03-09,109.34,110.65,107.86,107.98,107.7118,109.0023,106.2538,106.372,11212261.0,1221873217.0,0.9851083533987776,8.49606901,917.405532,8.49608551,917.407313,0.013196972872745957
CN,002049,2023-03-10,106.4,107.76,105.75,105.81,104.8156,106.1553,104.1752,104.2343,12766007.0,1358843325.0,0.9851082128343257,8.49606901,898.969062,8.49608551,898.970808,0.015025751547550044
CN,002049,2023-03-13,105.2,106.99,104.01,105.86,103.6334,105.3968,102.4611,104.2836,12325322.0,1298821319.0,0.9851086340449651,8.49606901,899.393865,8.49608551,899.395612,0.014507059734148085
CN,002049,2023-03-14,105.3,106.41,102.86,105.86,103.7319,104.8254,101.3283,104.2836,17000763.0,1781560766.0,0.9851086340449651,8.49606901,899.393865,8.49608551,899.395612,0.02001011286902643
CN,002049,2023-03-15,106.69,108.29,104.12,104.42,105.1012,106.6774,102.5695,102.865,14977568.0,1589906416.0,0.9851082168167017,8.49606901,887.159526,8.49608551,887.161249,0.0176287867893646
CN,002049,2023-03-16,103.3,104.45,101.45,101.72,101.7617,102.8946,99.9393,100.2052,13821137.0,1421131675.0,0.9851081399921353,8.49606901,864.22014,8.49608551,864.221818,0.016267652889948372
CN,002049,2023-03-17,102.9,103.77,101.82,102.54,101.3677,102.2247,100.3038,101.013,12924929.0,1327215547.0,0.9851082504388531,8.49606901,871.186916,8.49608551,871.188608,0.015212804749654644
CN,002049,2023-03-20,102.0,102.29,100.0,100.7,100.4811,100.7668,98.5109,99.2004,16034655.0,1619461476.0,0.9851082423038728,8.49606901,855.554149,8.49608551,855.555811,0.018872991545491165
CN,002049,2023-03-21,100.0,101.82,99.58,100.98,98.5109,100.3038,98.0971,99.4763,14754757.0,1486206570.0,0.9851089324618736,8.49606901,857.933049,8.49608551,857.934715,0.01736653542697218
CN,002049,2023-03-22,101.45,101.45,99.0,100.12,99.9393,99.9393,97.5258,98.6291,17272844.0,1726302703.0,0.9851088693567718,8.49606901,850.626429,8.49608551,850.628081,0.020330355643984097
CN,002049,2023-03-23,99.8,110.13,99.38,110.13,98.3138,108.49,97.9001,108.49,53103194.0,5669549759.0,0.9851085081267593,8.49606901,935.67208,8.49608551,935.673897,0.06250313033866817
CN,002049,2023-03-24,110.0,113.9,109.21,112.3,108.3619,112.2039,107.5837,110.6277,63067779.0,7043331932.0,0.9851086375779163,8.49606901,954.10855,8.49608551,954.110403,0.07423157279404548
CN,002049,2023-03-27,112.32,113.77,106.86,107.8,110.6474,112.0758,105.2687,106.1947,48861485.0,5366588834.0,0.9851085343228201,8.49606901,915.876239,8.49608551,915.878018,0.05751058524833515
CN,002049,2023-03-28,105.56,107.44,102.59,102.62,103.9881,105.8401,101.0623,101.0918,35265820.0,3674484608.0,0.985108166049503,8.49606901,871.866602,8.49608551,871.868295,0.04150831575140303
CN,002049,2023-03-29,102.61,106.75,101.63,104.3,101.082,105.1603,100.1166,102.7468,34661600.0,3618746635.0,0.9851083413231064,8.49606901,886.139998,8.49608551,886.141719,0.04079714117660758
CN,002049,2023-03-30,105.81,114.5,105.8,112.08,104.2343,112.7949,104.2245,110.411,60551171.0,6733723847.0,0.9851088508208423,8.49606901,952.239415,8.49608551,952.241264,0.07126949337872189
CN,002049,2023-03-31,114.5,115.18,109.8,111.13,112.7949,113.4648,108.1649,109.4751,49018857.0,5483413716.0,0.9851084315666337,8.49606901,944.168149,8.49608551,944.169983,0.05769581408085428
CN,002049,2023-04-03,112.79,116.35,112.0,116.18,111.1104,114.6174,110.3322,114.4499,56789183.0,6537898869.0,0.985108452401446,8.49606901,987.073298,8.49608551,987.075215,0.06684158596704143
CN,002049,2023-04-04,116.0,119.97,114.09,115.44,114.2726,118.1835,112.391,113.7209,62230597.0,7263224371.0,0.9851082813582814,8.49616257,980.797007,8.49617907,980.798912,0.07324539241379242
CN,002049,2023-04-06,114.0,125.67,113.88,121.0,112.3024,123.7986,112.1842,119.1981,62838666.0,7575793706.0,0.9851082644628099,8.49616257,1028.035671,8.49617907,1028.037667,0.07396108942887429
CN,002049,2023-04-07,122.0,124.97,119.45,123.24,120.1832,123.109,117.6712,121.4048,41656459.0,5088298650.0,0.9851087309315157,8.49616257,1047.067075,8.49617907,1047.069109,0.04902963868439275
CN,002049,2023-04-10,122.3,123.6,116.0,117.3,120.4788,121.7594,114.2726,115.5532,47691957.0,5713801085.0,0.9851082693947145,8.49616257,996.599869,8.49617907,996.601805,0.05613341786592076
CN,002049,2023-04-11,117.3,119.6,115.6,118.41,115.5532,117.819,113.8786,116.6467,30859367.0,3628796108.0,0.9851085212397601,8.49616257,1006.03061,8.49617907,1006.032564,0.03632146491469841
CN,002049,2023-04-12,117.4,120.28,116.01,118.81,115.6517,118.4889,114.2824,117.0408,30382429.0,3592692623.0,0.9851089975591281,8.49616257,1009.429075,8.49617907,1009.431035,0.03576010904393521
CN,002049,2023-04-13,117.8,117.8,112.26,112.97,116.0458,116.0458,110.5883,111.2877,38766217.0,4444212348.0,0.9851084358679295,8.49616257,959.811486,8.49617907,959.81335,0.04562782479112696
CN,002049,2023-04-14,113.98,116.17,111.81,115.95,112.2827,114.4401,110.145,114.2233,32594430.0,3737091768.0,0.9851082363087537,8.49616257,985.13005,8.49617907,985.131963,0.03836363350095916
CN,002049,2023-04-17,115.91,115.96,113.51,114.22,114.1839,114.2332,111.8197,112.5191,21237147.0,2429636393.0,0.9851085624233934,8.49616257,970.431689,8.49617907,970.433573,0.024996115106599326
CN,002049,2023-04-18,113.5,114.17,111.49,113.3,111.8098,112.4698,109.8298,111.6128,22112604.0,2491402367.0,0.985108561341571,8.49616257,962.615219,8.49617907,962.617089,0.026026527710650053
CN,002049,2023-04-19,113.0,115.51,112.3,112.32,111.3173,113.7899,110.6277,110.6474,25507793.0,2906194827.0,0.9851086182336183,8.49616257,954.28898,8.49617907,954.290833,0.030022664058562503
CN,002049,2023-04-20,112.32,114.46,110.75,112.85,110.6474,112.7555,109.1008,111.1695,27679849.0,3122493902.0,0.985108551174125,8.49616257,958.791946,8.49617907,958.793808,0.032579173263588
CN,002049,2023-04-21,112.0,112.18,104.74,104.74,110.3322,110.5095,103.1803,103.1803,38047538.0,4100422459.0,0.9851088409394693,8.49616257,889.888068,8.49617907,889.889796,0.04478193984204714
CN,002049,2023-04-24,104.41,105.88,102.58,103.29,102.8552,104.3033,101.0524,101.7519,23080063.0,2402229367.0,0.9851089166424629,8.49616257,877.568632,8.49617907,877.570336,0.02716522663875539
CN,002049,2023-04-25,105.0,107.79,102.7,104.5,103.4364,106.1849,101.1707,102.9438,26676528.0,2805071402.0,0.9851081339712918,8.49616257,887.848989,8.49617907,887.850713,0.03139826477315526
CN,002049,2023-04-26,103.94,106.37,101.13,105.2,102.3922,104.786,99.624,103.6334,23751128.0,2469402975.0,0.9851083650190113,8.49616257,893.796302,8.49617907,893.798038,0.027955069925332917
CN,002049,2023-04-27,104.37,106.47,103.7,105.65,102.8158,104.8845,102.1558,104.0767,17765106.0,1872902882.0,0.9851083767155703,8.49616257,897.619576,8.49617907,897.621319,0.02090952397970115
CN,002049,2023-04-28,104.99,106.29,104.81,106.0,103.4266,104.7072,103.2492,104.4215,15238074.0,1610819088.0,0.9851084905660377,8.49616257,900.593232,8.49617907,900.594981,0.01793520813821548
CN,002049,2023-05-04,104.8,104.8,101.37,102.91,103.2394,103.2394,99.8605,101.3775,18572459.0,1911954240.0,0.9851083470994073,8.49616257,874.34009,8.49617907,874.341788,0.021859778197918796
CN,002049,2023-05-05,103.01,103.99,100.99,101.21,101.476,102.4414,99.4861,99.7028,13972220.0,1424801166.0,0.9851081908902283,8.49616257,859.896614,8.49617907,859.898284,0.016445298392233628
CN,002049,2023-05-08,101.0,102.21,100.18,100.86,99.496,100.6879,98.6882,99.3581,13046650.0,1318787202.0,0.9851090620662304,8.49616257,856.922957,8.49617907,856.924621,0.015355902803493995
CN,002049,2023-05-09,100.7,102.26,99.08,101.03,99.2004,100.7372,97.6046,99.5255,15033183.0,1515772708.0,0.9851083836484212,8.49616257,858.367304,8.49617907,858.368971,0.017694051497904692
CN,002049,2023-05-10,100.2,100.7,95.61,95.88,98.7079,99.2004,94.1862,94.4522,26712494.0,2599720206.0,0.9851084689194828,8.49616257,814.612067,8.49617907,814.613649,0.03144059674344882
CN,002049,2023-05-11,96.2,97.05,95.18,95.2,94.7674,95.6048,93.7626,93.7823,13224414.0,1267136212.0,0.9851081932773109,8.49616257,808.834677,8.49617907,808.836247,0.015565130973634246
CN,002049,2023-05-12,95.22,95.78,89.45,89.48,93.802,94.3537,88.118,88.1475,36075014.0,3302310514.0,0.9851084041126508,8.49616257,760.236627,8.49617907,760.238103,0.0424602797360767
CN,002049,2023-05-15,89.22,92.63,88.9,92.2,87.8914,91.2506,87.5762,90.827,19761717.0,1793316616.0,0.9851084598698481,8.49616257,783.346189,8.49617907,783.34771,0.023259534476831597
CN,002049,2023-05-16,92.0,92.74,91.1,92.27,90.63,91.359,89.7434,90.896,13286245.0,1221285758.0,0.9851089194754525,8.49616257,783.94092,8.49617907,783.942443,0.015637906040509103
CN,002049,2023-05-17,91.75,94.25,91.1,94.25,90.3837,92.8465,89.7434,92.8465,17726374.0,1653132229.0,0.98510875331565,8.49616257,800.763322,8.49617907,800.764877,0.020863936428307885
CN,002049,2023-05-18,94.0,94.41,92.61,93.22,92.6002,93.0041,91.2309,91.8318,12582093.0,1177117311.0,0.9851083458485304,8.49616257,792.012275,8.49617907,792.013813,0.014809119365700939
CN,002049,2023-05-19,93.21,96.43,93.1,95.12,91.822,94.994,91.7136,93.7035,19231174.0,1823657367.0,0.9851082842724979,8.49616257,808.154984,8.49617907,808.156553,0.02263508553851608
CN,002049,2023-05-22,95.6,96.48,93.73,94.61,94.1764,95.0433,92.3342,93.2011,10891699.0,1031426058.0,0.9851083394989959,8.49616257,803.821941,8.49617907,803.823502,0.012819526177901051
CN,002049,2023-05-23,94.0,96.38,93.85,94.26,92.6002,94.9448,92.4524,92.8563,12480659.0,1188609337.0,0.9851082113303629,8.49616257,800.848284,8.49617907,800.849839,0.014689731580716318
CN,002049,2023-05-24,93.2,95.45,92.83,93.96,91.8121,94.0286,91.4476,92.5608,10213015.0,962601980.0,0.9851085568326948,8.49616257,798.299435,8.49617907,798.300985,0.012020715330803403
CN,002049,2023-05-25,94.07,95.55,93.39,94.86,92.6692,94.1271,91.9993,93.4474,10661747.0,1008085162.0,0.9851085810668354,8.49616257,805.945981,8.49617907,805.947547,0.012548872748747279
CN,002049,2023-05-26,94.9,95.65,94.01,94.66,93.4868,94.2256,92.6101,93.2504,10636480.0,1007862110.0,0.9851088104796113,8.49616257,804.246749,8.49617907,804.248311,0.012519133497971341
CN,002049,2023-05-29,95.3,96.1,93.6,93.63,93.8808,94.6689,92.2062,92.2357,12689809.0,1199819823.0,0.9851084054256114,8.49616257,795.495701,8.49617907,795.497246,0.014935901062640856
CN,002049,2023-05-30,93.01,93.51,91.18,93.25,91.6249,92.1175,89.8222,91.8614,17927055.0,1651660369.0,0.9851088471849866,8.49616257,792.26716,8.49617907,792.268698,0.021100137899988967
CN,002049,2023-05-31,93.6,94.17,91.42,92.15,92.2062,92.7677,90.0586,90.7778,14370478.0,1329853804.0,0.9851090613130764,8.49616257,782.921381,8.49617907,782.922901,0.0169140479286061
CN,002049,2023-06-01,91.57,93.98,90.75,93.01,90.2078,92.582,89.4,91.6264,11950878.0,1107664464.0,0.9851241801956778,8.49616257,790.228081,8.49617907,790.229615,0.014066179516152784
CN,002049,2023-06-02,93.8,96.96,93.26,95.63,92.4047,95.5177,91.8727,94.2075,17694176.0,1683200140.0,0.9851249607863641,8.49616257,812.488027,8.49617907,812.489604,0.020826039392787894
CN,002049,2023-06-05,95.63,96.0,91.04,91.33,94.2075,94.572,89.6857,89.9714,26539071.0,2466064941.0,0.9851242746085624,8.49616257,775.954528,8.49617907,775.956034,0.03123647792889563
CN,002049,2023-06-06,90.7,90.75,88.02,88.36,89.3508,89.4,86.7107,87.0456,18565559.0,1660226870.0,0.9851244907197826,8.49616257,750.720925,8.49617907,750.722383,0.02185165690016465
CN,002049,2023-06-07,88.25,89.28,86.61,86.99,86.9372,87.9519,85.3216,85.696,15629325.0,1369662170.0,0.9851247269801127,8.49616257,739.081182,8.49617907,739.082617,0.018395710437868633
CN,002049,2023-06-08,86.74,87.48,85.64,85.85,85.4497,86.1787,84.3661,84.5729,12487201.0,1078194780.0,0.9851240535818289,8.49616257,729.395557,8.49617907,729.396973,0.014697431512586987
CN,002049,2023-06-09,85.86,87.06,84.54,87.06,84.5828,85.7649,83.2824,85.7649,15937001.0,1365651393.0,0.9851240523776705,8.49616257,739.675913,8.49617907,739.67735,0.018757844989724305
CN,002049,2023-06-12,86.51,86.79,85.75,85.75,85.2231,85.499,84.4744,84.4744,11455503.0,987394154.0,0.9851241982507289,8.49616257,728.54594,8.49617907,728.547355,0.013483123302390565
CN,002049,2023-06-13,85.98,87.93,84.43,87.85,84.701,86.622,83.1741,86.5432,23122402.0,1993495114.0,0.9851246442800228,8.49616257,746.387882,8.49617907,746.389331,0.027215059627974627
CN,002049,2023-06-14,87.6,87.89,86.37,86.5,86.2969,86.5826,85.0852,85.2133,14841392.0,1290703896.0,0.9851248554913296,8.49616257,734.918062,8.49617907,734.91949,0.017468313553330037
CN,002049,2023-06-15,86.3,90.1,86.08,89.53,85.0162,88.7597,84.7995,88.1982,24437047.0,2155842530.0,0.9851245392605831,8.49616257,760.661435,8.49617907,760.662912,0.02876239636507567
CN,002049,2023-06-16,89.49,90.34,88.2,90.05,88.1588,88.9961,86.888,88.7105,16323904.0,1463996592.0,0.9851249305941143,8.49616257,765.079439,8.49617907,765.080925,0.019213229694792673
CN,002049,2023-06-19,90.0,90.37,89.11,89.48,88.6612,89.0257,87.7844,88.1489,12815721.0,1149503342.0,0.9851240500670541,8.49616257,760.236627,8.49617907,760.238103,0.015084099445658224
CN,002049,2023-06-20,89.2,95.45,89.2,93.76,87.8731,94.0301,87.8731,92.3653,34948485.0,3250044045.0,0.9851247866894198,8.49616257,796.600203,8.49617907,796.60175,0.041134355469746475
CN,002049,2023-06-21,92.9,93.99,89.85,89.88,91.5181,92.5919,88.5134,88.543,20958595.0,1926707298.0,0.9851246105919005,8.49616257,763.635092,8.49617907,763.636575,0.024668259493264188
CN,002049,2023-06-26,88.66,89.79,87.65,88.4,87.3411,88.4543,86.3462,87.085,14037810.0,1242729764.0,0.9851244343891401,8.49616257,751.060771,8.49617907,751.06223,0.01652249780088498
CN,002049,2023-06-27,89.0,90.8,88.51,89.65,87.6761,89.4493,87.1934,88.3164,13035655.0,1164512251.0,0.9851243725599553,8.49616257,761.680974,8.49617907,761.682454,0.015342961692072717
CN,002049,2023-06-28,89.1,89.5,87.59,88.67,87.7746,88.1686,86.2871,87.351,11782483.0,1041525575.0,0.9851246193752115,8.49616257,753.354735,8.49617907,753.356198,0.01386797865596305
CN,002049,2023-06-29,88.57,91.64,88.38,89.42,87.2525,90.2768,87.0653,88.0898,12529958.0,1127357932.0,0.9851241333035115,8.49616257,759.726857,8.49617907,759.728332,0.014747756487670169
CN,002049,2023-06-30,88.8,95.19,88.49,93.25,87.4791,93.774,87.1737,91.8629,29712787.0,2759689859.0,0.9851249329758712,8.49616257,792.26716,8.49617907,792.268698,0.034971940627894514
CN,002049,2023-07-03,93.25,94.62,92.66,93.51,91.8629,93.2125,91.2816,92.119,15361420.0,1438630640.0,0.9851245856058175,8.49616257,794.476162,8.49617907,794.477705,0.018080386340068044
CN,002049,2023-07-04,93.56,95.66,92.9,94.04,92.1682,94.237,91.5181,92.6411,16302023.0,1536255265.0,0.9851244151424924,8.49466944,798.838714,8.49618444,798.981185,0.01918746363750079
CN,002049,2023-07-05,94.04,98.23,93.8,96.52,92.6411,96.7688,92.4047,95.0842,33487883.0,3242072616.0,0.9851243265644426,8.49466944,819.905494,8.49618444,820.051722,0.03941520247882001
CN,002049,2023-07-06,95.99,96.0,93.66,94.82,94.5621,94.572,92.2668,93.4095,17648085.0,1673391776.0,0.9851244463193419,8.49466944,805.464556,8.49618444,805.608209,0.020771777172012524
CN,002049,2023-07-07,94.1,94.1,92.22,93.08,92.7002,92.7002,90.8482,91.6954,11848293.0,1103094038.0,0.9851246239793726,8.49466944,790.683831,8.49618444,790.824848,0.013945428190351291
CN,002049,2023-07-10,92.99,95.0,92.99,93.87,91.6067,93.5868,91.6067,92.4736,7981655.0,751038437.0,0.9851241078086715,8.49466944,797.39462,8.49618444,797.536833,0.00939439939936144
CN,002049,2023-07-11,93.89,96.66,93.8,95.6,92.4933,95.2221,92.4047,94.1779,14951399.0,1430929264.0,0.9851244769874477,8.49466944,812.090398,8.49618444,812.235232,0.017597780633867688
CN,002049,2023-07-12,95.61,95.85,93.03,93.52,94.1878,94.4242,91.6461,92.1288,11048618.0,1041627808.0,0.9851240376390077,8.49466944,794.421486,8.49618444,794.563169,0.013004211570529417
CN,002049,2023-07-13,93.9,96.15,93.8,94.98,92.5032,94.7197,92.4047,93.5671,12671022.0,1205557839.0,0.9851242366814066,8.49466944,806.823703,8.49618444,806.967598,0.014913779343519054
CN,002049,2023-07-14,94.98,96.24,92.6,93.5,93.5671,94.8084,91.2225,92.1091,13792454.0,1298485320.0,0.985124064171123,8.49466944,794.251593,8.49618444,794.393245,0.016233703608251705
CN,002049,2023-07-17,93.11,93.46,92.01,92.59,91.7249,92.0697,90.6413,91.2127,7394619.0,684108284.0,0.9851247434928178,8.49466944,786.521443,8.49618444,786.661717,0.008703458655141907
CN,002049,2023-07-18,92.58,93.69,92.47,92.78,91.2028,92.2963,91.0945,91.3999,7101940.0,661154621.0,0.9851250269454624,8.49466944,788.135431,8.49618444,788.275992,0.00835897578513491
CN,002049,2023-07-19,92.78,93.4,90.4,90.81,91.3999,92.0106,89.0553,89.4592,9564181.0,873239920.0,0.9851249862349961,8.49466944,771.400932,8.49618444,771.538509,0.011257030808996892
CN,002049,2023-07-20,90.8,91.95,89.88,90.07,89.4493,90.5822,88.543,88.7302,7871690.0,713954042.0,0.9851249028533363,8.49466944,765.114876,8.49618444,765.251333,0.009264970711958791
CN,002049,2023-07-21,90.06,90.49,88.88,89.02,88.7203,89.1439,87.5579,87.6958,6962008.0,623111598.0,0.9851246910806561,8.49466944,756.195474,8.49618444,756.330339,0.008194275970779184
CN,002049,2023-07-24,88.94,89.47,88.09,88.22,87.617,88.1391,86.7796,86.9077,5542660.0,491159693.0,0.9851246882793018,8.49466944,749.399738,8.49618444,749.533391,0.006523704892640019
CN,002049,2023-07-25,88.85,90.18,88.84,90.08,87.5283,88.8385,87.5185,88.74,7496187.0,672544731.0,0.9851243339253996,8.49466944,765.199823,8.49618444,765.336294,0.008823004082524366
CN,002049,2023-07-26,90.09,90.56,89.62,89.92,88.7499,89.2129,88.2869,88.5824,5305718.0,477657144.0,0.9851245551601424,8.49466944,763.840676,8.49618444,763.976905,0.006244824412027477
CN,002049,2023-07-27,89.8,90.0,88.08,88.35,88.4642,88.6612,86.7698,87.0357,8960645.0,795896665.0,0.9851239388794568,8.49466944,750.504045,8.49618444,750.637895,0.010546669582422577
CN,002049,2023-07-28,88.1,89.5,87.5,89.25,86.7895,88.1686,86.1984,87.9224,7701350.0,682105346.0,0.9851249299719887,8.49466944,758.149248,8.49618444,758.284461,0.009064480714121597
CN,002049,2023-07-31,89.26,95.6,88.88,93.28,87.9322,94.1779,87.5579,91.8924,21336839.0,1985481729.0,0.9851243567753001,8.49466944,792.382765,8.49618444,792.524085,0.02511343668523279
CN,002049,2023-08-01,93.8,96.38,93.13,95.22,92.4047,94.9463,91.7446,93.8036,21367158.0,2032980428.0,0.9851249737450116,8.49466944,808.862424,8.49618444,809.006682,0.025149122115809434
CN,002049,2023-08-02,94.41,95.2,93.98,94.28,93.0056,93.7839,92.582,92.8775,8114836.0,766291107.0,0.9851240984302079,8.49466944,800.877435,8.49618444,801.020269,0.00955115329393673
CN,002049,2023-08-03,93.7,95.0,93.34,94.48,92.3062,93.5868,91.9515,93.0746,6915209.0,652255859.0,0.9851248941574936,8.49466944,802.576369,8.49618444,802.719506,0.008139193597826368
CN,002049,2023-08-04,94.33,95.2,92.94,93.92,92.9268,93.7839,91.5575,92.5229,10364970.0,971833784.0,0.9851245741056218,8.49466944,797.819354,8.49618444,797.961643,0.012199558605627445
CN,002049,2023-08-07,93.6,94.68,93.35,93.63,92.2077,93.2716,91.9614,92.2372,7098008.0,666325142.0,0.9851244259318596,8.49466944,795.3559,8.49618444,795.497749,0.008354347825339819
CN,002049,2023-08-08,93.37,93.85,92.63,93.02,91.9811,92.4539,91.2521,91.6363,6259151.0,582513685.0,0.9851247043646528,8.49466944,790.174151,8.49618444,790.315077,0.007367014033419454
CN,002049,2023-08-09,92.49,93.28,92.11,92.25,91.1142,91.8924,90.7398,90.8777,4716191.0,436600773.0,0.9851241192411925,8.49466944,783.633256,8.49618444,783.773015,0.005550951763471839
CN,002049,2023-08-10,92.3,93.25,92.01,92.7,90.927,91.8629,90.6413,91.321,4023994.0,372392424.0,0.9851240560949298,8.49466944,787.455857,8.49618444,787.596298,0.0047362366347122285
CN,002049,2023-08-11,92.66,92.66,89.49,89.5,91.2816,91.2816,88.1588,88.1686,9579348.0,866124766.0,0.9851240223463686,8.49466944,760.272915,8.49618444,760.408507,0.011274882351777194
CN,002049,2023-08-14,88.8,89.39,87.68,88.8,87.4791,88.0603,86.3757,87.4791,6784032.0,599719012.0,0.985125,8.49466944,754.326646,8.49618444,754.461178,0.007984798409107983
CN,002049,2023-08-15,88.8,89.26,85.68,86.21,87.4791,87.9322,84.4055,84.9276,9628648.0,836516683.0,0.9851246955109616,8.49466944,732.325452,8.49618444,732.456061,0.011332908399055423
CN,002049,2023-08-16,86.22,86.88,84.87,85.07,84.9374,85.5876,83.6075,83.8045,7799874.0,668517554.0,0.9851240155166335,8.49466944,722.641529,8.49618444,722.77041,0.009180443356759332
CN,002049,2023-08-17,84.82,87.2,84.02,86.48,83.5583,85.9029,82.7702,85.1936,8388656.0,719938927.0,0.9851248843663275,8.49466944,734.619013,8.49618444,734.75003,0.009873439141111677
CN,002049,2023-08-18,86.45,89.41,86.22,87.43,85.164,88.08,84.9374,86.1294,12783454.0,1129207573.0,0.9851240992794235,8.49466944,742.688949,8.49618444,742.821406,0.015046111687283474
CN,002049,2023-08-21,87.2,88.5,85.98,86.78,85.9029,87.1835,84.701,85.4891,6765457.0,590665637.0,0.9851244526388568,8.49466944,737.167414,8.49618444,737.298886,0.00796293565397222
CN,002049,2023-08-22,87.1,87.87,84.79,87.08,85.8043,86.5629,83.5287,85.7846,7042057.0,608165644.0,0.9851240238860818,8.49466944,739.715815,8.49618444,739.847741,0.008288493558174214
CN,002049,2023-08-23,86.82,86.85,82.51,82.8,85.5285,85.5581,81.2826,81.5683,11739021.0,988080778.0,0.9851243961352657,8.49466944,703.35863,8.49618444,703.484072,0.013816815163207544
CN,002049,2023-08-24,86.17,91.08,86.0,91.08,84.8882,89.7251,84.7207,89.7251,27901449.0,2507398754.0,0.9851240667545015,8.49466944,773.694493,8.49618444,773.832479,0.03283997563499222
CN,002049,2023-08-25,91.0,92.69,90.02,91.11,89.6463,91.3112,88.6809,89.7547,29760628.0,2720642465.0,0.9851245746899352,8.49466944,773.949333,8.49618444,774.087364,0.03502822732977299
CN,002049,2023-08-28,96.58,96.58,92.75,93.0,95.1433,95.1433,91.3703,91.6166,23649124.0,2232646864.0,0.9851247311827958,8.49466944,790.004258,8.49618444,790.145153,0.027834993657458784
CN,002049,2023-08-29,92.5,95.38,92.4,94.41,91.124,93.9612,91.0255,93.0056,17772715.0,1678435086.0,0.9851244571549624,8.49466944,801.981742,8.49618444,802.124773,0.020918466548732317
CN,002049,2023-08-30,94.88,96.29,92.92,93.73,93.4686,94.8576,91.5378,92.3357,16246300.0,1533907200.0,0.9851242931825456,8.49466944,796.205367,8.49618444,796.347368,0.01912187772609136
CN,002049,2023-08-31,93.0,94.36,92.2,92.73,91.6166,92.9563,90.8285,91.3506,12355676.0,1150346818.0,0.9851245551601423,8.49466944,787.710697,8.49618444,787.851183,0.014542617438752306
CN,002049,2023-09-01,92.87,93.28,91.36,91.85,91.4885,91.8924,90.001,90.4837,10303313.0,948402166.0,0.9851246597713664,8.49466944,780.235388,8.49618444,780.374541,0.01212698838256388
CN,002049,2023-09-04,91.8,93.14,91.36,93.14,90.4344,91.7545,90.001,91.7545,11138093.0,1029265677.0,0.9851245436976593,8.49466944,791.193512,8.49618444,791.334619,0.013109523549844217
CN,002049,2023-09-05,93.15,93.66,91.52,92.01,91.7643,92.2668,90.1586,90.6413,10553202.0,976867213.0,0.9851244429953265,8.49466944,781.594535,8.49618444,781.73393,0.012421107468330807
CN,002049,2023-09-06,91.2,94.12,90.73,94.11,89.8434,92.7199,89.3803,92.7101,16682686.0,1547829760.0,0.9851248538943789,8.49466944,799.433341,8.49618444,799.575918,0.019635503581417073
CN,002049,2023-09-07,94.0,94.0,90.98,90.98,92.6017,92.6017,89.6266,89.6266,11939437.0,1097826849.0,0.9851242031215651,8.49466944,772.845026,8.49618444,772.98286,0.01405270458088125
CN,002049,2023-09-08,90.2,95.58,90.1,94.23,88.8582,94.1582,88.7597,92.8283,19902668.0,1860996971.0,0.9851246948954685,8.49466944,800.452701,8.49618444,800.59546,0.023425418951945446
CN,002049,2023-09-11,94.0,94.76,92.93,93.82,92.6017,93.3504,91.5476,92.4244,12497064.0,1172578182.0,0.9851247068855256,8.49466944,796.969887,8.49618444,797.112024,0.014709030963550975
CN,002049,2023-09-12,93.68,93.68,91.9,91.98,92.2865,92.2865,90.5329,90.6118,9231190.0,852271299.0,0.9851250271798216,8.49466944,781.339695,8.49618444,781.479045,0.010865100758099832
CN,002049,2023-09-13,91.85,92.4,89.02,90.16,90.4837,91.0255,87.6958,88.8188,10440729.0,943769868.0,0.9851242236024844,8.49466944,765.879397,8.49618444,766.015989,0.012288726867610233
CN,002049,2023-09-14,89.94,90.3,88.35,88.88,88.6021,88.9567,87.0357,87.5579,8737387.0,776814147.0,0.9851248874887489,8.49466944,755.00622,8.49618444,755.140873,0.010283895155176269
CN,002049,2023-09-15,89.35,90.37,87.8,89.07,88.0209,89.0257,86.4939,87.745,8738520.0,778695722.0,0.9851240597283037,8.49466944,756.620207,8.49618444,756.755148,0.01028522869496463
CN,002049,2023-09-18,88.7,88.87,87.33,87.9,87.3805,87.548,86.0309,86.5924,8424492.0,741335876.0,0.9851240045506257,8.49466944,746.681444,8.49618444,746.814612,0.009915618074788404
CN,002049,2023-09-19,88.1,88.5,86.56,88.24,86.7895,87.1835,85.2724,86.9274,8476715.0,743468858.0,0.9851246600181325,8.49466944,749.569631,8.49618444,749.703315,0.009977084489940757
CN,002049,2023-09-20,87.99,89.55,86.22,86.3,86.6811,88.2179,84.9374,85.0162,8317804.0,726694644.0,0.9851239860950174,8.49466944,733.089973,8.49618444,733.220717,0.00979004641288131
CN,002049,2023-09-21,85.1,88.56,85.1,86.99,83.8341,87.2426,83.8341,85.696,8289350.0,722181096.0,0.9851247269801127,8.49466944,738.951295,8.49618444,739.083084,0.00975655608531022
CN,002049,2023-09-22,86.46,89.0,86.4,88.64,85.1739,87.6761,85.1148,87.3214,9049630.0,796925556.0,0.9851240974729242,8.49466944,752.967499,8.49618444,753.101789,0.010651404832261386
CN,002049,2023-09-25,88.7,89.0,87.61,88.33,87.3805,87.6761,86.3068,87.016,6213146.0,547623892.0,0.9851239669421489,8.49466944,750.334152,8.49618444,750.467972,0.007312866197617527
CN,002049,2023-09-26,88.19,88.35,86.45,86.73,86.8781,87.0357,85.164,85.4398,7635356.0,665167159.0,0.9851239478842384,8.49466944,736.742681,8.49618444,736.874076,0.008986805846696049
CN,002049,2023-09-27,86.5,87.78,86.4,86.77,85.2133,86.4742,85.1148,85.4793,5534912.0,481328819.0,0.985125043217702,8.49466944,737.082467,8.49618444,737.213924,0.006514585504925785
CN,002049,2023-09-28,86.67,87.5,86.41,87.2,85.3807,86.1984,85.1246,85.9029,6748507.0,586889433.0,0.985125,8.49466944,740.735175,8.49618444,740.867283,0.007942985522098671
CN,002049,2023-10-09,87.2,88.8,86.5,88.49,85.9029,87.4791,85.2133,87.1737,8379920.0,735079721.0,0.9851248728669907,8.49466944,751.693299,8.49618444,751.827361,0.009863156878454018
CN,002049,2023-10-10,88.07,89.18,88.03,88.6,86.7599,87.8534,86.7205,87.282,7285478.0,644814659.0,0.9851241534988714,8.49466931,752.627701,8.49618641,752.762116,0.008574997826583703
CN,002049,2023-10-11,88.73,89.24,80.01,81.43,87.4101,87.9125,78.8198,80.2187,33870547.0,2817611780.0,0.9851246469360185,8.49466931,691.720922,8.49618641,691.844459,0.0398655883540107
CN,002049,2023-10-12,81.5,81.5,79.11,80.69,80.2876,80.2876,77.9332,79.4897,22777039.0,1824627947.0,0.9851245507497831,8.49466931,685.434867,8.49618641,685.557281,0.02680854432900796
CN,002049,2023-10-13,79.98,79.99,77.89,78.48,78.7903,78.8001,76.7313,77.3126,17876686.0,1405341377.0,0.985124872579001,8.49466931,666.661647,8.49618641,666.780709,0.021040835425831954
CN,002049,2023-10-16,78.0,78.11,74.12,74.38,76.8397,76.9481,73.0174,73.2736,22832831.0,1717189060.0,0.9851250336111859,8.49466931,631.833503,8.49618641,631.946345,0.026874211438117447
CN,002049,2023-10-17,74.38,74.7,73.55,74.49,73.2736,73.5888,72.4559,73.3819,12308690.0,913773886.0,0.9851241777419789,8.49466931,632.767917,8.49618641,632.880926,0.014487311607844066
CN,002049,2023-10-18,73.8,74.3,72.28,72.41,72.7022,73.1947,71.2048,71.3329,11840012.0,864809806.0,0.985124982737191,8.49466931,615.099005,8.49618641,615.208858,0.013935678230958213
CN,002049,2023-10-19,71.8,75.99,71.61,73.59,70.7319,74.8596,70.5448,72.4953,20018557.0,1491270921.0,0.9851243375458621,8.49466931,625.122715,8.49618641,625.234358,0.023561814717763474
CN,002049,2023-10-20,73.0,74.06,72.46,72.79,71.9141,72.9583,71.3821,71.7072,9621739.0,703038491.0,0.9851243302651462,8.49466931,618.326979,8.49618641,618.437409,0.011324773887582346
CN,002049,2023-10-23,72.41,72.64,70.58,70.95,71.3329,71.5594,69.5301,69.8946,10509445.0,749752413.0,0.9851247357293869,8.49466931,602.696788,8.49618641,602.804426,0.012369602658000061
CN,002049,2023-10-24,71.5,72.73,70.5,71.78,70.4364,71.6481,69.4513,70.7122,10448898.0,748421792.0,0.9851239899693507,8.49466931,609.747363,8.49618641,609.856261,0.01229833892027329
CN,002049,2023-10-25,72.0,73.73,71.95,72.48,70.929,72.6332,70.8797,71.4018,12024614.0,875246216.0,0.9851241721854304,8.49466931,615.693632,8.49618641,615.803591,0.014152954537163927
CN,002049,2023-10-26,71.99,72.36,70.77,71.82,70.9191,71.2836,69.7173,70.7516,9398554.0,670069409.0,0.9851239209133946,8.49466931,610.08715,8.49618641,610.196108,0.011062085442167222
CN,002049,2023-10-27,71.18,73.98,71.08,73.94,70.1212,72.8795,70.0226,72.8401,13076575.0,952636000.0,0.9851244252096295,8.49466931,628.095849,8.49618641,628.208023,0.01539111122209947
CN,002049,2023-10-30,73.0,76.05,72.7,75.64,71.9141,74.9187,71.6186,74.5148,19771391.0,1479448516.0,0.9851242728714965,8.49466931,642.536787,8.49618641,642.65154,0.02327090066753844
CN,002049,2023-10-31,75.4,75.82,74.35,75.3,74.2784,74.6921,73.244,74.1799,12196462.0,914575887.0,0.9851248339973441,8.49466931,639.648599,8.49618641,639.762837,0.014355219402489546
CN,002049,2023-11-01,75.41,76.5,74.9,74.93,74.2882,75.362,73.7858,73.8154,9020438.0,681476877.0,0.9851247831309221,8.49466931,636.505571,8.49618641,636.619248,0.010617043417718516
CN,002049,2023-11-02,75.19,75.5,73.53,73.62,74.0715,74.3769,72.4362,72.5249,8929632.0,662951463.0,0.9851249660418364,8.49466931,625.377555,8.49618641,625.489243,0.010510164877608894
CN,002049,2023-11-03,73.66,75.93,73.66,75.35,72.5643,74.8005,72.5643,74.2291,12154920.0,910750186.0,0.985124087591241,8.49466931,640.073333,8.49618641,640.187646,0.014306324524252052
CN,002049,2023-11-06,76.12,77.94,75.88,77.79,74.9877,76.7806,74.7512,76.6328,15695002.0,1211657691.0,0.985124051934696,8.49466931,660.800326,8.49618641,660.918341,0.018472996286342074
CN,002049,2023-11-07,77.41,78.07,76.88,77.79,76.2585,76.9087,75.7364,76.6328,10247771.0,795027708.0,0.985124051934696,8.49466931,660.800326,8.49618641,660.918341,0.012061612711249352
CN,002049,2023-11-08,77.61,78.76,76.96,77.76,76.4555,77.58840000000001,75.8152,76.6033,12457642.0,969954423.0,0.9851247427983539,8.49466931,660.545486,8.49618641,660.663455,0.01466262791190336
CN,002049,2023-11-09,77.64,78.3,76.97,77.28,76.4851,77.1352,75.825,76.1304,8896986.0,690004029.0,0.9851242236024844,8.49466931,656.468044,8.49618641,656.585286,0.010471740579430153
CN,002049,2023-11-10,77.15,77.79,76.54,76.84,76.0024,76.6328,75.4014,75.697,7729103.0,595403274.0,0.9851249349297241,8.49466931,652.73039,8.49618641,652.846964,0.009097143856098609
CN,002049,2023-11-13,77.0,78.39,76.87,78.3,75.8546,77.2239,75.7265,77.1352,11927036.0,927540983.0,0.9851238825031928,8.49466931,665.132607,8.49618641,665.251396,0.014038105362144473
CN,002049,2023-11-14,78.31,80.8,78.0,79.58,77.1451,79.5981,76.8397,78.3962,15353683.0,1224867478.0,0.9851244031163608,8.49466931,676.005784,8.49618641,676.126515,0.01807126428150015
CN,002049,2023-11-15,80.25,80.38,78.5,78.74,79.0562,79.1843,77.3323,77.5687,9951021.0,787748574.0,0.9851244602489206,8.49466931,668.870261,8.49618641,668.989718,0.011712338359581732
CN,002049,2023-11-16,78.5,78.5,77.46,77.46,77.3323,77.3323,76.3077,76.3077,7210266.0,561341731.0,0.9851239349341596,8.49466931,657.997085,8.49618641,658.114599,0.008486473403542001
CN,002049,2023-11-17,77.05,78.19,77.03,77.54,75.9038,77.0269,75.8841,76.3866,5277226.0,408787316.0,0.9851250967242713,8.49466931,658.676658,8.49618641,658.794294,0.006211287918293214
CN,002049,2023-11-20,77.57,78.79,76.6,77.71,76.4161,77.618,75.4605,76.554,9138677.0,709375103.0,0.9851241796422597,8.49466931,660.120752,8.49618641,660.238646,0.01075621056200437
CN,002049,2023-11-21,77.72,78.1,76.65,76.76,76.5639,76.9382,75.5098,75.6182,7577300.0,585835962.0,0.9851250651380927,8.49466931,652.050816,8.49618641,652.167269,0.008918471928866259
CN,002049,2023-11-22,76.48,76.84,75.4,75.4,75.3423,75.697,74.2784,74.2784,7494576.0,569261122.0,0.9851246684350132,8.49466931,640.498066,8.49618641,640.612455,0.008821105891908038
CN,002049,2023-11-23,75.4,76.61,74.9,76.2,74.2784,75.4704,73.7858,75.0665,7181173.0,544496417.0,0.9851246719160105,8.49466931,647.293801,8.49618641,647.409404,0.00845223098159401
CN,002049,2023-11-24,75.98,76.2,74.26,74.36,74.8498,75.0665,73.1553,73.2539,7473019.0,559840337.0,0.9851250672404519,8.49466931,631.66361,8.49618641,631.776421,0.008795733331844352
CN,002049,2023-11-27,74.15,74.6,73.21,73.75,73.047,73.4903,72.121,72.6529,7594445.0,560157959.0,0.9851240677966102,8.49466931,626.481862,8.49618641,626.593748,0.008938651570852246
CN,002049,2023-11-28,73.74,74.25,73.26,73.79,72.6431,73.1455,72.1702,72.6923,5377272.0,396465646.0,0.9851240005420788,8.49466931,626.821648,8.49618641,626.933595,0.006329041925999832
CN,002049,2023-11-29,73.78,74.49,73.35,73.4,72.6825,73.3819,72.2589,72.3081,5792702.0,427476426.0,0.9851239782016348,8.49466931,623.508727,8.49618641,623.620082,0.006818002478361347
CN,002049,2023-11-30,73.39,73.39,72.07,72.45,72.2983,72.2983,70.9979,71.3723,6569520.0,476554673.0,0.9851249137336093,8.49466931,615.438792,8.49618641,615.548705,0.007732316221625839
CN,002049,2023-12-01,72.37,73.23,71.24,72.42,71.2935,72.1407,70.1803,71.3427,8752542.0,630914861.0,0.9851242750621374,8.49466931,615.183951,8.49618641,615.29382,0.010301730185319697
CN,002049,2023-12-04,72.45,73.07,71.57,71.57,71.3723,71.983,70.5054,70.5054,8046567.0,581587867.0,0.9851250523962555,8.49466931,607.963483,8.49618641,608.072061,0.009470798557961489
CN,002049,2023-12-05,71.2,71.2,69.01,69.01,70.1409,70.1409,67.9834,67.9834,10997262.0,771753203.0,0.9851238950876684,8.49466931,586.217129,8.49618641,586.321824,0.012943762612195323
CN,002049,2023-12-06,68.94,70.28,68.76,69.27,67.9145,69.2345,67.7372,68.2396,8053411.0,560250972.0,0.9851248736826909,8.49466931,588.425743,8.49618641,588.530833,0.009478853936774676
CN,002049,2023-12-07,69.16,69.39,67.35,67.89,68.1312,68.3578,66.3481,66.8801,10671665.0,725748442.0,0.9851244660480188,8.49466931,576.703099,8.49618641,576.806095,0.012560535380249501
CN,002049,2023-12-08,67.98,68.25,66.59,67.9,66.9688,67.2347,65.5994,66.89,14610189.0,983566552.0,0.9851251840942562,8.49466931,576.788046,8.49618641,576.891057,0.01719617284150431
CN,002049,2023-12-11,67.0,68.42,66.15,68.25,66.0033,67.4022,65.166,67.2347,12661260.0,848837795.0,0.9851238095238096,8.49466931,579.76118,8.49618641,579.864722,0.014902286024583588
CN,002049,2023-12-12,68.1,68.69,67.6,67.85,67.087,67.6682,66.5944,66.8407,9755670.0,662979582.0,0.9851245394252027,8.49466931,576.363313,8.49618641,576.466248,0.011482410494804574
CN,002049,2023-12-13,67.65,68.13,66.26,66.47,66.6437,67.1165,65.2743,65.4812,8282138.0,555701096.0,0.9851241161426207,8.49466931,564.640669,8.49618641,564.741511,0.009748065308750681
CN,002049,2023-12-14,66.81,67.75,66.42,66.47,65.8162,66.7422,65.432,65.4812,7121745.0,476536018.0,0.9851241161426207,8.49466931,564.640669,8.49618641,564.741511,0.008382284305365188
CN,002049,2023-12-15,66.88,67.25,65.8,65.8,65.8851,66.2496,64.8212,64.8212,7558922.0,502569427.0,0.9851246200607904,8.49466931,558.949241,8.49618641,559.049066,0.00889684104753535
CN,002049,2023-12-18,65.48,65.7,63.99,64.17,64.506,64.7227,63.0381,63.2154,9386168.0,606973011.0,0.9851238896680692,8.49466931,545.10293,8.49618641,545.200282,0.011047507136793153
CN,002049,2023-12-19,64.2,65.13,63.85,64.66,63.245,64.1612,62.9002,63.6981,7307007.0,471222218.0,0.9851237240952676,8.49466931,549.265318,8.49618641,549.363413,0.008600337430684975
CN,002049,2023-12-20,64.72,64.88,63.3,63.33,63.7573,63.9149,62.3584,62.3879,6236856.0,399257724.0,0.9851239538923102,8.49466931,537.967407,8.49618641,538.063485,0.007340771140166168
CN,002049,2023-12-21,63.01,64.5,63.01,64.46,62.0727,63.5405,62.0727,63.5011,10826840.0,691240431.0,0.9851241079739375,8.49466931,547.566384,8.49618641,547.664176,0.01274317614695556
CN,002049,2023-12-22,64.4,65.47,63.75,64.69,63.442,64.4961,62.8017,63.7277,9055762.0,584978532.0,0.9851244396351831,8.49466931,549.520158,8.49618641,549.618299,0.010658619718302531
CN,002049,2023-12-25,64.69,66.36,64.67,65.75,63.7277,65.3729,63.708,64.7719,10268163.0,674800351.0,0.9851239543726236,8.49466931,558.524507,8.49618641,558.624256,0.012085614067876838
CN,002049,2023-12-26,65.6,65.6,64.11,64.46,64.6242,64.6242,63.1563,63.5011,6930864.0,448600058.0,0.9851241079739375,8.49466931,547.566384,8.49618641,547.664176,0.008157617624587877
CN,002049,2023-12-27,64.56,64.9,63.71,64.08,63.5996,63.9346,62.7623,63.1268,8774974.0,563731261.0,0.9851248439450687,8.49466931,544.338409,8.49618641,544.435625,0.010328132619208858
CN,002049,2023-12-28,64.05,67.29,63.58,66.96,63.0972,66.289,62.6342,65.9639,18048209.0,1191701709.0,0.9851239545997611,8.49466931,568.803057,8.49618641,568.904642,0.021242717766593824
CN,002049,2023-12-29,67.0,68.08,66.77,67.45,66.0033,67.0673,65.7768,66.4466,12191481.0,822890806.0,0.985123795404003,8.49466931,572.965445,8.49618641,573.067773,0.014349356772175624
CN,002049,2024-01-02,67.44,67.44,66.06,66.06,66.4368,66.4368,65.0773,65.0773,8557094.0,568667175.0,0.9851241295791703,8.49466931,561.157855,8.49618641,561.258074,0.010071688151672746
CN,002049,2024-01-03,66.0,66.01,63.51,64.28,65.0182,65.0281,62.5653,63.3238,12010027.0,773961524.0,0.9851244555071561,8.49469257,546.038838,8.49619317,546.135297,0.014135774410599941
CN,002049,2024-01-04,64.27,64.27,61.1,62.37,63.314,63.314,60.1911,61.4422,11055124.0,693652301.0,0.9851242584575918,8.49469257,529.813976,8.49619317,529.907568,0.013011855755628965
CN,002049,2024-01-05,62.31,63.65,61.23,61.6,61.3831,62.7032,60.3192,60.6837,8732429.0,544023267.0,0.985125,8.49469257,523.273062,8.49619317,523.365499,0.010278049033576764
CN,002049,2024-01-08,61.54,61.66,59.59,59.6,60.6246,60.7428,58.7036,58.7134,10085494.0,606210312.0,0.9851241610738255,8.49469257,506.283677,8.49619317,506.373113,0.011870603455217815
CN,002049,2024-01-09,60.07,60.96,59.43,59.8,59.1764,60.0532,58.5459,58.9104,8491671.0,509603946.0,0.9851237458193981,8.49469257,507.982616,8.49619317,508.072352,0.009994677416215103
CN,002049,2024-01-10,59.7,60.3,58.44,59.21,58.8119,59.403,57.5707,58.3292,8768708.0,520604673.0,0.9851241344367505,8.49469257,502.970747,8.49619317,503.059598,0.010320749333904328
CN,002049,2024-01-11,59.2,60.9,58.75,60.63,58.3194,59.9941,57.8761,59.7281,11115361.0,668550776.0,0.985124525812304,8.49469257,515.033211,8.49619317,515.124192,0.013082754567361137
CN,002049,2024-01-12,60.35,60.68,59.4,59.49,59.4523,59.7774,58.5164,58.6051,8766085.0,526110526.0,0.9851252311312826,8.49469257,505.349261,8.49619317,505.438532,0.010317662068881609
CN,002049,2024-01-15,59.2,59.98,58.32,58.92,58.3194,59.0878,57.4525,58.0435,7717578.0,457165147.0,0.9851238968092328,8.49469257,500.507286,8.49619317,500.595702,0.009083571719215042
CN,002049,2024-01-16,58.9,59.3,58.1,59.11,58.0238,58.4179,57.2357,58.2307,8646706.0,506979937.0,0.9851243444425647,8.49469257,502.121278,8.49619317,502.209978,0.010177153257921984
CN,002049,2024-01-17,59.05,59.09,57.11,57.11,58.1716,58.211,56.2605,56.2605,9227189.0,534683965.0,0.9851251969882683,8.49469257,485.131893,8.49619317,485.217592,0.010860380426119714
CN,002049,2024-01-18,56.85,58.89,56.25,58.7,56.0043,58.014,55.4133,57.8268,14618748.0,838736647.0,0.9851243611584326,8.49469257,498.638454,8.49619317,498.726539,0.01720623308285727
CN,002049,2024-01-19,58.4,59.48,58.12,58.18,57.5313,58.5952,57.2554,57.3145,8952511.0,525207478.0,0.9851237538673084,8.49469257,494.221214,8.49619317,494.308519,0.010537085046054809
CN,002049,2024-01-22,58.3,58.3,55.91,56.23,57.4328,57.4328,55.0783,55.3935,10107560.0,578777433.0,0.9851235995020453,8.49469257,477.656563,8.49619317,477.740942,0.011896575086933906
CN,002049,2024-01-23,56.23,58.03,55.63,57.8,55.3935,57.1668,54.8025,56.9402,11987488.0,685326349.0,0.9851245674740484,8.49469257,490.993231,8.49619317,491.079965,0.014109246058961722
CN,002049,2024-01-24,58.0,58.15,55.27,57.56,57.1372,57.285,54.4478,56.7038,12221591.0,692839114.0,0.9851250868658791,8.49469257,488.954504,8.49619317,489.040879,0.01438478475648877
CN,002049,2024-01-25,57.55,59.04,56.77,58.96,56.6939,58.1617,55.9255,58.0829,15569321.0,907008615.0,0.9851238127544097,8.49469257,500.847074,8.49619317,500.935549,0.018325055337695434
CN,002049,2024-01-26,58.49,58.75,57.92,58.19,57.6199,57.8761,57.0584,57.3244,10381599.0,605543140.0,0.9851245918542705,8.49469257,494.306161,8.49619317,494.393481,0.01221911836545496
CN,002049,2024-01-29,58.06,59.09,56.22,56.22,57.1963,58.211,55.3837,55.3837,8864432.0,506566260.0,0.9851245108502312,8.49469257,477.571616,8.49619317,477.65598,0.01043341626376887
CN,002049,2024-01-30,55.6,56.0,53.58,53.73,54.7729,55.167,52.783,52.9307,11447591.0,626469102.0,0.9851237669830636,8.49469257,456.419832,8.49619317,456.500459,0.013473788520276782
CN,002049,2024-01-31,53.45,55.05,52.3,52.32,52.6549,54.2311,51.522,51.5417,12667730.0,678139110.0,0.9851242354740061,8.49469257,444.442315,8.49619317,444.520827,0.014909889342829054
CN,002049,2024-02-01,52.29,54.3,51.68,52.97,51.5122,53.4923,50.9112,52.182,11902031.0,631688123.0,0.9851236548989994,8.49469257,449.963865,8.49619317,450.043352,0.014008663364700781
CN,002049,2024-02-02,52.9,53.27,48.8,50.2,52.1131,52.4776,48.0741,49.4532,14648207.0,745437736.0,0.9851235059760957,8.49469257,426.433567,8.49619317,426.508897,0.017240906258726225
CN,002049,2024-02-05,49.5,50.1,46.3,48.41,48.7637,49.3547,45.6113,47.6899,15740586.0,762595624.0,0.9851249741788888,8.49469257,411.228067,8.49619317,411.300711,0.01852663385241746
CN,002049,2024-02-06,47.99,52.53,47.93,52.26,47.2761,51.7486,47.217,51.4826,17587019.0,894255845.0,0.9851243781094527,8.49469257,443.932634,8.49619317,444.011055,0.020699881285773544
CN,002049,2024-02-07,52.26,53.87,51.9,52.67,51.4826,53.0687,51.128,51.8865,17505281.0,926319042.0,0.985124359217771,8.49469257,447.415458,8.49619317,447.494494,0.020603675846037763
CN,002049,2024-02-08,53.3,55.53,53.03,54.99,52.5071,54.704,52.2412,54.172,18263465.0,993609325.0,0.9851245681032914,8.49469257,467.123144,8.49619317,467.205662,0.021496056686291187
CN,002049,2024-02-19,56.8,57.15,55.0,56.04,55.9551,56.2999,54.1818,55.2064,17321281.0,968404009.0,0.9851249107780158,8.49469257,476.042572,8.49619317,476.126665,0.020387108265336202
CN,002049,2024-02-20,55.83,56.51,54.71,56.08,54.9995,55.6694,53.8962,55.2458,12442794.0,688702934.0,0.9851248216833096,8.49469257,476.382359,8.49619317,476.466513,0.014645140183412285
CN,002049,2024-02-21,55.59,58.38,55.32,57.26,54.7631,57.5116,54.4971,56.4082,20222909.0,1157965194.0,0.9851239958085924,8.49469257,486.406097,8.49619317,486.492021,0.02380231780911827
CN,002049,2024-02-22,57.36,59.33,57.32,58.49,56.5067,58.4474,56.4673,57.6199,17422195.0,1016208949.0,0.9851239528124466,8.49469257,496.854568,8.49619317,496.942339,0.020505883813373794
CN,002049,2024-02-23,58.71,59.26,57.93,59.06,57.8367,58.3785,57.0683,58.1815,14900618.0,872789346.0,0.9851252963088384,8.49469257,501.696543,8.49619317,501.785169,0.017537993430533076
CN,002049,2024-02-26,59.34,61.57,58.58,60.37,58.4573,60.6541,57.7086,59.472,23491086.0,1413882707.0,0.9851250621169456,8.49469257,512.82459,8.49619317,512.915182,0.027648954690609982
CN,002049,2024-02-27,59.9,66.41,59.27,66.41,59.009,65.4221,58.3883,65.4221,27436048.0,1736576812.0,0.9851242282788737,8.49469257,564.132534,8.49619317,564.232188,0.032292165974846826
CN,002049,2024-02-28,68.84,71.49,65.06,65.08,67.816,70.4266,64.0922,64.1119,60298521.0,4120701155.0,0.9851244622003689,8.49469257,552.834592,8.49619317,552.932252,0.07097122180897872
CN,002049,2024-02-29,65.0,71.59,64.93,71.59,64.0331,70.5251,63.9641,70.5251,60093489.0,4230786660.0,0.985125017460539,8.49469257,608.135041,8.49619317,608.242469,0.07072989961220479
CN,002049,2024-03-01,74.1,77.65,73.26,76.27,72.9977,76.4949,72.1702,75.1354,89763236.0,6750554761.0,0.9851239019273634,8.49469257,647.890202,8.49619317,648.004653,0.10565112421990754
CN,002049,2024-03-04,75.0,76.21,73.36,74.47,73.8843,75.0763,72.2687,73.3622,60031118.0,4479822922.0,0.9851242110917148,8.49469257,632.599756,8.49619317,632.711505,0.07065648908733557
CN,002049,2024-03-05,73.17,75.36,72.16,72.97,72.0816,74.239,71.0866,71.8845,42076414.0,3100391356.0,0.9851240235713308,8.49469257,619.857717,8.49619317,619.967216,0.04952384339444109
CN,002049,2024-03-06,71.99,73.5,70.7,71.8,70.9191,72.4066,69.6483,70.7319,31114348.0,2236755858.0,0.9851239554317549,8.49469257,609.918927,8.49619317,610.02667,0.03662151669275194
CN,002049,2024-03-07,72.0,72.78,69.39,69.79,70.929,71.6974,68.3578,68.7518,32074854.0,2277474931.0,0.9851239432583464,8.49469257,592.844594,8.49619317,592.949321,0.037752030065954824
CN,002049,2024-03-08,70.28,71.56,69.39,71.15,69.2345,70.4955,68.3578,70.0916,29098910.0,2050689163.0,0.9851243851018974,8.49469257,604.397376,8.49619317,604.504144,0.03424935075952375
CN,002049,2024-03-11,69.9,71.13,69.48,70.95,68.8602,70.0719,68.4464,69.8946,25156172.0,1769814963.0,0.9851247357293869,8.49469257,602.698438,8.49619317,602.804905,0.029608757118218865
CN,002049,2024-03-12,70.99,73.58,70.52,71.71,69.934,72.4855,69.471,70.6433,33268495.0,2403070116.0,0.9851248082554734,8.49469257,609.154404,8.49619317,609.262012,0.03915694280289063
CN,002049,2024-03-13,72.0,72.48,70.19,70.56,70.929,71.4018,69.1459,69.5104,25723032.0,1830738251.0,0.985124716553288,8.49469257,599.385508,8.49619317,599.49139,0.03027595004646063
CN,002049,2024-03-14,69.5,70.32,67.63,68.72,68.4662,69.274,66.624,67.6978,27960099.0,1929302007.0,0.9851251455180443,8.49469257,583.755273,8.49619317,583.858395,0.032908972807641566
CN,002049,2024-03-15,68.62,69.4,67.63,69.32,67.5992,68.3676,66.624,68.2888,17934433.0,1228886378.0,0.9851240623196769,8.49469257,588.852089,8.49619317,588.956111,0.02110878677208795
CN,002049,2024-03-18,69.41,71.08,69.41,70.95,68.3775,70.0226,68.3775,69.8946,23366173.0,1645491011.0,0.9851247357293869,8.49469257,602.698438,8.49619317,602.804905,0.027501932374261212
CN,002049,2024-03-19,70.67,72.01,70.0,70.0,69.6187,70.9388,68.9587,68.9587,21526316.0,1526185585.0,0.9851242857142856,8.49469257,594.62848,8.49619317,594.733522,0.025336424877919764
CN,002049,2024-03-20,69.8,70.74,69.16,70.08,68.7617,69.6877,68.1312,69.0375,14725725.0,1029172759.0,0.9851241438356164,8.49469257,595.308055,8.49619317,595.413217,0.017332144768078525
CN,002049,2024-03-21,70.5,71.24,68.7,68.72,69.4513,70.1803,67.6781,67.6978,22427660.0,1562364503.0,0.9851251455180443,8.49469257,583.755273,8.49619317,583.858395,0.02639730471194077
CN,002049,2024-03-22,68.81,69.2,67.01,67.04,67.7864,68.1706,66.0132,66.0427,20172491.0,1368171902.0,0.9851238066825774,8.49469257,569.48419,8.49619317,569.58479,0.0237429759380106
CN,002049,2024-03-25,66.88,67.3,64.98,64.99,65.8851,66.2989,64.0134,64.0232,17266449.0,1140927032.0,0.9851238652100325,8.49469257,552.07007,8.49619317,552.167594,0.020322571126287138
CN,002049,2024-03-26,64.92,65.55,63.59,64.28,63.9543,64.5749,62.6441,63.3238,16452384.0,1061670856.0,0.9851244555071561,8.49469257,546.038838,8.49619317,546.135297,0.019364418476375107
CN,002049,2024-03-27,64.29,64.47,61.28,61.33,63.3337,63.511,60.3684,60.4177,17839636.0,1116705431.0,0.9851247350399479,8.49469257,520.979495,8.49619317,521.071527,0.020997210919110963
CN,002049,2024-03-28,61.29,67.3,61.17,65.56,60.3783,66.2989,60.2601,64.5848,33629360.0,2178766197.0,0.9851250762660159,8.49469257,556.912045,8.49619317,557.010424,0.039581680085552955
CN,002049,2024-03-29,65.31,65.44,64.0,64.9,64.3385,64.4665,63.048,63.9346,14785349.0,956005437.0,0.9851248073959938,8.49469257,551.305548,8.49619317,551.402937,0.0174023220802076
CN,002049,2024-04-01,65.03,65.51,64.45,65.36,64.0626,64.5355,63.4913,64.3877,16271181.0,1058633407.0,0.9851239290085678,8.49469257,555.213106,8.49619317,555.311186,0.01915114295829976
CN,002049,2024-04-02,65.45,65.55,63.85,64.35,64.4764,64.5749,62.9002,63.3928,12889783.0,831607151.0,0.9851250971250972,8.49470685,546.634386,8.49620535,546.730814,0.015171223468604134
CN,002049,2024-04-03,64.0,64.78,62.93,63.59,63.048,63.8164,61.9939,62.6441,12858969.0,820159572.0,0.9851250196571788,8.49470685,540.178409,8.49620535,540.273698,0.015134955512816083
CN,002049,2024-04-08,63.59,63.59,61.66,61.66,62.6441,62.6441,60.7428,60.7428,11759637.0,734946339.0,0.9851248783652288,8.49470685,523.783624,8.49620535,523.876022,0.013841046108896133
CN,002049,2024-04-09,61.66,62.66,61.05,62.26,60.7428,61.7279,60.1418,61.3339,9824788.0,608494176.0,0.9851252810793447,8.49470685,528.880448,8.49620535,528.973745,0.011563736509734902
CN,002049,2024-04-10,62.15,62.15,58.95,59.35,61.2255,61.2255,58.0731,58.4671,16919066.0,1013475593.0,0.9851238416175232,8.49470685,504.160852,8.49620535,504.249788,0.01991367357899371
CN,002049,2024-04-11,59.16,60.77,59.02,59.36,58.28,59.866,58.142,58.477,13214629.0,793136647.0,0.9851246630727762,8.49470685,504.245799,8.49620535,504.33475,0.01555356592222668
CN,002049,2024-04-12,59.68,60.4,58.95,59.18,58.7922,59.5015,58.0731,58.2997,12282988.0,732441687.0,0.9851250422440013,8.49470685,502.716751,8.49620535,502.805433,0.014457028160224494
CN,002049,2024-04-15,59.25,61.75,58.68,60.53,58.3686,60.8314,57.8071,59.6296,18701671.0,1126410084.0,0.9851247315380803,8.49470685,514.184606,8.49620535,514.27531,0.022011792593972554
CN,002049,2024-04-16,59.8,60.82,58.66,58.75,58.9104,59.9153,57.7874,57.8761,14393400.0,856566502.0,0.9851251063829788,8.49470685,499.064027,8.49620535,499.152064,0.01694097471408221
CN,002049,2024-04-17,59.19,62.55,59.19,62.35,58.3095,61.6195,58.3095,61.4225,22779241.0,1393100244.0,0.9851242983159583,8.49470685,529.644972,8.49620535,529.738404,0.02681107631185021
CN,002049,2024-04-18,61.8,61.88,60.3,60.76,60.8807,60.9595,59.403,59.8562,19288208.0,1178483372.0,0.985125082290981,8.49470685,516.138388,8.49620535,516.229437,0.022702144316697807
CN,002049,2024-04-19,60.11,60.75,59.36,59.78,59.2158,59.8463,58.477,58.8907,12979531.0,777319331.0,0.985123787219806,8.49470685,507.813575,8.49620535,507.903156,0.015276856508653007
CN,002049,2024-04-22,58.87,60.64,57.38,60.07,57.9943,59.7379,56.5264,59.1764,13001348.0,774886087.0,0.9851240219743632,8.49470685,510.27704,8.49620535,510.367055,0.015302535031124219
CN,002049,2024-04-23,60.45,60.7,59.27,59.47,59.5508,59.7971,58.3883,58.5854,9050810.0,540959038.0,0.9851252732470153,8.49470685,505.180216,8.49620535,505.269332,0.01065276747342271
CN,002049,2024-04-24,59.56,60.87,59.36,60.6,58.674,59.9645,58.477,59.6985,12999817.0,781932690.0,0.9851237623762377,8.49470685,514.779235,8.49620535,514.870044,0.015300733050196344
CN,002049,2024-04-25,60.1,60.74,59.56,59.63,59.206,59.8365,58.674,58.743,10902012.0,653719919.0,0.9851249371121918,8.49470685,506.539369,8.49620535,506.628725,0.012831624885337782
CN,002049,2024-04-26,55.2,58.28,55.0,57.88,54.3789,57.4131,54.1818,57.019,35642012.0,2025331803.0,0.9851243953006219,8.49470685,491.673632,8.49620535,491.760366,0.04195050676358711
CN,002049,2024-04-29,57.5,60.28,57.4,59.78,56.6447,59.3833,56.5461,58.8907,22861366.0,1360083955.0,0.985123787219806,8.49470685,507.813575,8.49620535,507.903156,0.026907737111132795
CN,002049,2024-04-30,59.78,59.85,57.8,58.5,58.8907,58.9597,56.9402,57.6298,15819290.0,927397627.0,0.9851247863247864,8.49470685,496.940351,8.49620535,497.028013,0.018619241588834715
CN,002049,2024-05-06,59.5,60.44,59.1,59.22,58.6149,59.5409,58.2209,58.3391,15046534.0,898423042.0,0.9851249577845324,8.49470685,503.05654,8.49620535,503.145281,0.017709710841675927
CN,002049,2024-05-07,59.25,59.58,58.3,58.61,58.3686,58.6937,57.4328,57.7381,13139993.0,771908174.0,0.9851236990274698,8.49470685,497.874768,8.49620535,497.962596,0.015465719646241837
CN,002049,2024-05-08,58.71,58.79,56.35,56.68,57.8367,57.9155,55.5118,55.8369,16616669.0,951427030.0,0.9851252646436133,8.49470685,481.479984,8.49620535,481.564919,0.01955775350933579
CN,002049,2024-05-09,56.67,60.95,56.6,60.25,55.827,60.0433,55.758,59.3538,33755462.0,1991494965.0,0.9851253112033195,8.49470685,511.806088,8.49620535,511.896372,0.039730044895866366
CN,002049,2024-05-10,60.0,60.19,58.68,59.42,59.1075,59.2946,57.8071,58.5361,18025385.0,1068618804.0,0.9851245371928643,8.49470685,504.755481,8.49620535,504.844522,0.021215806654202397
CN,002049,2024-05-13,58.64,59.28,57.68,57.81,57.7677,58.3982,56.822,56.95,16105383.0,938145348.0,0.9851236810240442,8.49470685,491.079003,8.49620535,491.165631,0.018955971915156217
CN,002049,2024-05-14,57.98,58.84,57.16,57.5,57.1175,57.9647,56.3097,56.6447,12664248.0,730994248.0,0.9851252173913043,8.49470685,488.445644,8.49620535,488.531808,0.014905769668102479
CN,002049,2024-05-15,57.29,57.45,56.61,56.66,56.4378,56.5954,55.7679,55.8172,11650704.0,663484892.0,0.9851253088598659,8.49470685,481.31009,8.49620535,481.394995,0.013712832399937227
CN,002049,2024-05-16,56.98,59.14,55.81,57.17,56.1324,58.2603,54.9798,56.3196,25897366.0,1491657830.0,0.9851250655938429,8.49470685,485.642391,8.49620535,485.72806,0.03048109706999961
CN,002049,2024-05-17,56.68,58.15,55.91,57.71,55.8369,57.285,55.0783,56.8515,21008711.0,1194933965.0,0.9851238953387628,8.49470685,490.229532,8.49620535,490.316011,0.02472716952398049
CN,002049,2024-05-20,57.71,58.84,57.35,58.17,56.8515,57.9647,56.4969,57.3047,16515799.0,959583604.0,0.9851246346914216,8.49470685,494.137097,8.49620535,494.224265,0.019439029919398075
CN,002049,2024-05-21,58.0,58.06,57.02,57.1,57.1372,57.1963,56.1718,56.2506,11898385.0,683266049.0,0.985124343257443,8.49470685,485.047761,8.49620535,485.133325,0.01400435195460524
CN,002049,2024-05-22,57.09,57.63,56.56,57.5,56.2408,56.7727,55.7186,56.6447,12672407.0,724325678.0,0.9851252173913043,8.49470685,488.445644,8.49620535,488.531808,0.014915372778742924
CN,002049,2024-05-23,57.49,57.54,56.08,56.1,56.6348,56.6841,55.2458,55.2655,13097586.0,741131421.0,0.9851247771836007,8.49470685,476.553054,8.49620535,476.63712,0.015415806775432988
CN,002049,2024-05-24,56.1,56.36,53.74,53.83,55.2655,55.5216,52.9406,53.0293,19670285.0,1078392434.0,0.9851253947612856,8.49470685,457.27007,8.49620535,457.350734,0.023151847430335472
CN,002049,2024-05-27,54.15,54.98,52.7,54.94,53.3445,54.1621,51.9161,54.1227,16503421.0,887988070.0,0.9851237713869677,8.49470685,466.699194,8.49620535,466.781522,0.01942446106249068
CN,002049,2024-05-28,55.0,56.68,54.51,55.09,54.1818,55.8369,53.6991,54.2705,20761242.0,1155725237.0,0.9851243419858413,8.49470685,467.9734,8.49620535,468.055953,0.02443589949247166
CN,002049,2024-05-29,54.19,55.35,54.02,54.76,53.3839,54.5266,53.2164,53.9454,10626298.0,583220976.0,0.9851241782322864,8.49470685,465.170147,8.49620535,465.252205,0.012507110600851945
CN,002049,2024-05-30,54.58,56.38,54.04,55.68,53.7681,55.5413,53.2361,54.8517,17748083.0,985093474.0,0.9851239224137931,8.49470685,472.985277,8.49620535,473.068714,0.020889423300014753
CN,002049,2024-05-31,55.47,56.11,55.3,55.36,54.6449,55.2753,54.4774,54.5365,13720031.0,763214505.0,0.9851246387283237,8.49470685,470.266971,8.49620535,470.349928,0.01614842207174289
CN,002049,2024-06-03,55.36,56.28,55.12,55.93,54.5365,55.4428,54.3001,55.098,15786205.0,881435913.0,0.9851242624709459,8.49470685,475.108954,8.49620535,475.192765,0.018580300675053715
CN,002049,2024-06-04,55.89,55.89,54.9,55.68,55.0586,55.0586,54.0833,54.8517,12756120.0,706527531.0,0.9851239224137931,8.49470685,472.985277,8.49620535,473.068714,0.015013902647727317
CN,002049,2024-06-05,55.7,59.3,55.51,57.86,54.8714,58.4179,54.6843,56.9993,38613492.0,2240622758.0,0.9851244382993433,8.49470685,491.503738,8.49620535,491.590442,0.04544792693834784
CN,002049,2024-06-06,58.32,58.59,56.78,56.93,57.4525,57.7184,55.9354,56.0831,26660132.0,1534509581.0,0.985123836290181,8.49470685,483.603661,8.49620535,483.688971,0.031378869626779916
CN,002049,2024-06-07,57.12,57.73,55.4,55.77,56.2703,56.8712,54.5759,54.9404,20278798.0,1144147833.0,0.9851246189707727,8.49470685,473.749801,8.49620535,473.833372,0.023868064817901324
CN,002049,2024-06-11,55.38,59.5,55.1,59.01,54.5562,58.6149,54.2804,58.1322,37411723.0,2183435631.0,0.9851245551601423,8.49470685,501.272651,8.49620535,501.361078,0.044033449591705076
CN,002049,2024-06-12,58.45,59.1,58.2,58.37,57.5805,58.2209,57.3342,57.5017,24172126.0,1415732091.0,0.9851242076409115,8.49470685,495.836039,8.49620535,495.923506,0.028450496432504423
CN,002049,2024-06-13,58.58,59.35,58.37,58.53,57.7086,58.4671,57.5017,57.6593,26114540.0,1536723951.0,0.9851238681018282,8.49470685,497.195192,8.49620535,497.282899,0.030736710006661973
CN,002049,2024-06-14,58.1,58.14,57.15,57.95,57.2357,57.2751,56.2999,57.088,19307252.0,1112942732.0,0.9851251078515961,8.49470685,492.268262,8.49620535,492.3551,0.022724559029167063
CN,002049,2024-06-17,57.7,59.5,57.5,59.01,56.8417,58.6149,56.6447,58.1322,22582699.0,1327270915.0,0.9851245551601423,8.49470695,501.272657,8.49620545,501.361084,0.026579746844516337
CN,002049,2024-06-18,59.0,59.99,58.67,59.12,58.1223,59.0976,57.7973,58.2406,22181437.0,1311810924.0,0.9851251691474967,8.49470695,502.207075,8.49620545,502.295666,0.026107463067527398
CN,002049,2024-06-19,59.39,59.39,58.12,58.7,58.5065,58.5065,57.2554,57.8268,17030635.0,998490049.0,0.9851243611584326,8.49470695,498.639298,8.49620545,498.72726,0.020044989613569195
CN,002049,2024-06-20,58.41,59.98,58.23,58.6,57.5411,59.0878,57.3638,57.7283,23983605.0,1417128858.0,0.9851245733788395,8.49470695,497.789827,8.49620545,497.877639,0.028228607630951297
CN,002049,2024-06-21,57.84,58.11,56.56,57.3,56.9796,57.2456,55.7186,56.4476,19451087.0,1112153442.0,0.9851239092495637,8.49470695,486.746708,8.49620545,486.832572,0.0228938519842408
CN,002049,2024-06-24,56.02,56.8,53.95,54.04,55.84,56.6175,53.7766,53.8663,18560784.0,1027748640.0,0.9967857142857144,8.49470695,459.053964,8.49620545,459.134943,0.021845968896620785
CN,002049,2024-06-25,54.04,54.3,51.1,51.6,53.8646,54.1238,50.9342,51.4325,23046706.0,1208464570.0,0.9967538759689921,8.49470695,438.326879,8.49620545,438.404201,0.027125881236782005
CN,002049,2024-06-26,51.6,53.37,51.03,52.99,51.4317,53.1959,50.8636,52.8172,15567667.0,811946574.0,0.9967390073598792,8.49470695,450.134521,8.49620545,450.213927,0.018323082100139186
CN,002049,2024-06-27,52.45,52.98,51.67,51.67,52.2789,52.8072,51.5015,51.5015,11465535.0,599018795.0,0.9967389200696729,8.49470695,438.921508,8.49620545,438.998936,0.013494889062504956
CN,002049,2024-06-28,51.45,54.1,51.33,52.6,51.2822,53.9236,51.1626,52.4284,18432742.0,978063900.0,0.9967376425855514,8.49470695,446.821586,8.49620545,446.900407,0.021695263972224214
CN,002049,2024-07-01,52.65,52.82,51.57,52.58,52.4783,52.6477,51.4018,52.4085,10909938.0,569657693.0,0.9967383035374667,8.49470695,446.651691,8.49620545,446.730483,0.012840953604764819
CN,002049,2024-07-02,52.47,52.8,51.52,51.76,52.2989,52.6278,51.352,51.5912,10901001.0,568813906.0,0.9967387944358579,8.49471925,439.686668,8.49621775,439.764231,0.012830416216674767
CN,002049,2024-07-03,51.7,51.99,50.26,50.95,51.5314,51.8204,50.0961,50.7838,14014034.0,714396522.0,0.9967379784102061,8.49471925,432.805946,8.49621775,432.882294,0.016494438363470615
CN,002049,2024-07-04,50.95,51.15,49.52,49.62,50.7838,50.9832,49.3585,49.4582,12554911.0,630244714.0,0.996739218057235,8.49471925,421.507969,8.49621775,421.582325,0.014777058885996654
CN,002049,2024-07-05,49.49,49.92,48.53,49.73,49.3286,49.7572,48.3717,49.5678,11331354.0,557492028.0,0.9967383872913734,8.49471925,422.442388,8.49621775,422.516909,0.01333693925158639
CN,002049,2024-07-08,49.65,50.28,48.54,48.76,49.4881,50.116,48.3817,48.601,10412507.0,515364457.0,0.9967391304347827,8.49471925,414.202511,8.49621775,414.275577,0.012255461555231445
CN,002049,2024-07-09,48.5,51.46,48.39,51.18,48.3418,51.2922,48.2322,51.0131,21737165.0,1093352278.0,0.9967389605314576,8.49471925,434.759731,8.49621775,434.836424,0.025584519652877304
CN,002049,2024-07-10,50.9,51.45,50.7,50.91,50.734,51.2822,50.5346,50.744,11406907.0,583028838.0,0.9967393439402868,8.49471925,432.466157,8.49621775,432.542446,0.013425864703149822
CN,002049,2024-07-11,52.01,52.26,51.25,51.82,51.8404,52.0896,51.0828,51.651,13766395.0,712900524.0,0.9967387109224238,8.49471925,440.196352,8.49621775,440.274004,0.016202968668028783
CN,002049,2024-07-12,51.5,51.99,51.21,51.67,51.332,51.8204,51.043,51.5015,9500342.0,490064676.0,0.9967389200696729,8.49471925,438.922144,8.49621775,438.999571,0.011181848534896602
CN,002049,2024-07-15,51.53,52.15,51.08,51.21,51.3619,51.9799,50.9134,51.043,8124815.0,419070396.0,0.9967389181800429,8.49471925,435.014573,8.49621775,435.091311,0.009562861074270372
CN,002049,2024-07-16,51.1,53.43,50.78,53.05,50.9333,53.2557,50.6144,52.877,21141223.0,1109100404.0,0.9967389255419417,8.49471925,450.644856,8.49621775,450.724352,0.02488309930615891
CN,002049,2024-07-17,52.64,53.55,52.22,52.22,52.4683,53.3753,52.0497,52.0497,14473184.0,764925790.0,0.9967387973956339,8.49471925,443.594239,8.49621775,443.672491,0.017034855303702637
CN,002049,2024-07-18,51.48,52.2,50.42,52.01,51.3121,52.0298,50.2556,51.8404,16106866.0,826373348.0,0.9967390886368007,8.49471925,441.810348,8.49621775,441.888285,0.018957689731998687
CN,002049,2024-07-19,51.76,54.9,51.61,54.09,51.5912,54.7209,51.4417,53.9136,28124004.0,1513738192.0,0.996738768718802,8.49471925,459.479364,8.49621775,459.560418,0.033101792853649496
CN,002049,2024-07-22,54.69,56.16,54.15,55.05,54.5116,55.9768,53.9734,54.8705,26238173.0,1448131530.0,0.9967393278837421,8.49471925,467.634295,8.49621775,467.716787,0.030882180485546053
CN,002049,2024-07-23,54.8,55.35,52.73,52.79,54.6213,55.1695,52.558,52.6178,17513927.0,943565863.0,0.996738018564122,8.49471925,448.436229,8.49621775,448.515335,0.020613792531388453
CN,002049,2024-07-24,52.69,53.72,52.2,52.34,52.5182,53.5448,52.0298,52.1693,14650612.0,776172411.0,0.9967386320213985,8.49471925,444.613606,8.49621775,444.692037,0.017243687051217583
CN,002049,2024-07-25,51.81,52.78,51.62,52.15,51.641,52.6079,51.4516,51.9799,11313020.0,590902133.0,0.9967382550335571,8.49471925,442.999609,8.49621775,443.077756,0.013315360237795223
CN,002049,2024-07-26,52.15,53.38,51.85,52.99,51.9799,53.2059,51.6809,52.8172,13417483.0,706342268.0,0.9967390073598792,8.49471925,450.135173,8.49621775,450.214579,0.01579230122721372
CN,002049,2024-07-29,52.9,53.26,51.84,51.85,52.7275,53.0863,51.6709,51.6809,10261685.0,539201519.0,0.9967386692381871,8.49471925,440.451193,8.49621775,440.52889,0.012077944918490348
CN,002049,2024-07-30,51.62,52.48,50.83,52.46,51.4516,52.3088,50.6642,52.2889,11119498.0,575112875.0,0.9967384674037362,8.49471925,445.632972,8.49621775,445.711583,0.01308758594375715
CN,002049,2024-07-31,52.13,54.05,51.9,53.92,51.96,53.8737,51.7307,53.7441,16272871.0,869667911.0,0.996737759643917,8.49471925,458.035262,8.49621775,458.116061,0.019153076673440954
CN,002049,2024-08-01,54.05,54.79,53.4,54.03,53.8737,54.6113,53.2258,53.8538,17051083.0,923132156.0,0.9967388487877105,8.49471925,458.969681,8.49621775,459.050645,0.020069027774152797
CN,002049,2024-08-02,53.19,53.85,52.06,52.29,53.0165,53.6744,51.8902,52.1195,14634308.0,775120133.0,0.9967393383056035,8.49471925,444.18887,8.49621775,444.267226,0.01722449733588808
CN,002049,2024-08-05,51.51,52.52,49.89,49.89,51.342,52.3487,49.7273,49.7273,19397340.0,988239644.0,0.996738825415915,8.49471925,423.801543,8.49621775,423.876304,0.02283055892723559
CN,002049,2024-08-06,50.57,50.99,50.0,50.96,50.4051,50.8237,49.8369,50.7938,11694640.0,591385898.0,0.9967386185243328,8.49471925,432.890893,8.49621775,432.967257,0.013764524808700907
CN,002049,2024-08-07,50.9,51.56,50.59,50.66,50.734,51.3918,50.425,50.4948,8423232.0,430413880.0,0.996739044611133,8.49471925,430.342477,8.49621775,430.418391,0.009914096187094545
CN,002049,2024-08-08,50.5,51.1,49.8,50.28,50.3353,50.9333,49.6376,50.116,9199510.0,463160260.0,0.9967382657120127,8.49471925,427.114484,8.49621775,427.189828,0.010827770980799074
CN,002049,2024-08-09,50.9,51.1,49.91,49.91,50.734,50.9333,49.7472,49.7472,8686682.0,438110805.0,0.9967381286315368,8.49471925,423.971438,8.49621775,424.046228,0.010224175339668054
CN,002049,2024-08-12,49.76,49.98,49.3,49.77,49.5977,49.817,49.1392,49.6077,5090612.0,252973168.0,0.9967389993972272,8.49471925,422.782177,8.49621775,422.856757,0.005991621389411777
CN,002049,2024-08-13,49.78,50.22,49.58,50.2,49.6176,50.0562,49.4183,50.0363,6137874.0,306423261.0,0.9967390438247011,8.49471925,426.434906,8.49621775,426.510131,0.007224242810867224
CN,002049,2024-08-14,50.22,50.38,49.5,49.52,50.0562,50.2157,49.3386,49.3585,4943934.0,246335066.0,0.9967386914378028,8.49471925,420.658497,8.49621775,420.732703,0.005818982217116552
CN,002049,2024-08-15,49.5,50.3,49.31,49.83,49.3386,50.1359,49.1492,49.6675,6984399.0,348531903.0,0.9967389123018262,8.49471925,423.29186,8.49621775,423.36653,0.00822059792429402
CN,002049,2024-08-16,50.02,50.08,49.44,49.48,49.8569,49.9167,49.2788,49.3186,5873920.0,291772870.0,0.9967380759902993,8.49471925,420.318708,8.49621775,420.392854,0.006913570453158407
CN,002049,2024-08-19,49.48,49.9,48.56,48.62,49.3186,49.7373,48.4016,48.4614,8952461.0,439630752.0,0.9967379679144385,8.49471925,413.01325,8.49621775,413.086107,0.010536995712003732
CN,002049,2024-08-20,48.59,48.72,46.9,46.95,48.4315,48.5611,46.747,46.7969,12264774.0,579932584.0,0.9967390841320554,8.49471925,398.827069,8.49621775,398.897423,0.014435569286109692
CN,002049,2024-08-21,46.54,47.05,46.2,46.26,46.3882,46.8965,46.0493,46.1091,7568503.0,352578719.0,0.9967380025940337,8.49471925,392.965713,8.49621775,393.035033,0.008908085012298561
CN,002049,2024-08-22,46.26,46.5,45.21,45.23,46.1091,46.3483,45.0625,45.0825,9095083.0,414500665.0,0.996738890117179,8.49471925,384.216152,8.49621775,384.283929,0.010704860995352903
CN,002049,2024-08-23,44.11,45.96,43.81,45.86,43.9661,45.8101,43.6671,45.7104,9828856.0,444202389.0,0.9967378979502834,8.49471925,389.567825,8.49621775,389.636546,0.01156850764565209
CN,002049,2024-08-26,45.86,46.81,45.84,46.26,45.7104,46.6573,45.6905,46.1091,6840163.0,316964847.0,0.9967380025940337,8.49471925,392.965713,8.49621775,393.035033,0.008050832972118682
CN,002049,2024-08-27,46.22,46.25,45.3,45.59,46.0693,46.0992,45.1523,45.4413,5804163.0,264696915.0,0.9967383198069751,8.49471925,387.274251,8.49621775,387.342567,0.006831466860651023
CN,002049,2024-08-28,45.3,45.86,44.92,45.72,45.1523,45.7104,44.7735,45.5709,5615288.0,255098715.0,0.9967388451443571,8.49471925,388.378564,8.49621775,388.447076,0.006609162059199813
CN,002049,2024-08-29,45.41,46.46,45.41,46.08,45.2619,46.3085,45.2619,45.9297,6547638.0,301979734.0,0.99673828125,8.49471925,391.436663,8.49621775,391.505714,0.007706532709804901
CN,002049,2024-08-30,46.15,48.08,46.14,47.6,45.9995,47.9232,45.9895,47.4448,13209437.0,624559912.0,0.9967394957983193,8.49471925,404.348636,8.49621775,404.419965,0.015547432267728778
CN,002049,2024-09-02,47.3,47.73,46.35,46.37,47.1457,47.5743,46.1988,46.2188,8078260.0,379815787.0,0.99673927108044,8.49471925,393.900132,8.49621775,393.969617,0.009508066103884872
CN,002049,2024-09-03,46.34,47.25,46.08,47.05,46.1889,47.0959,45.9297,46.8965,6018940.0,282090072.0,0.9967375132837408,8.49471925,399.676541,8.49621775,399.747045,0.007084258168877557
CN,002049,2024-09-04,46.8,47.5,46.51,47.21,46.6474,47.3451,46.3583,47.056,6658090.0,314134294.0,0.9967379792416861,8.49471925,401.035696,8.49621775,401.10644,0.007836534086005506
CN,002049,2024-09-05,47.28,48.05,47.21,47.82,47.1258,47.893299999999996,47.056,47.664,5614355.0,268385395.0,0.9967377666248431,8.49471925,406.217475,8.49621775,406.289133,0.006608063923502903
CN,002049,2024-09-06,47.83,47.96,46.46,46.46,47.674,47.8036,46.3085,46.3085,6626598.0,311557566.0,0.9967391304347827,8.49471925,394.664656,8.49621775,394.734277,0.007799468181003247
CN,002049,2024-09-09,46.15,46.86,45.92,46.26,45.9995,46.7072,45.7702,46.1091,4534995.0,210019636.0,0.9967380025940337,8.49471925,392.965713,8.49621775,393.035033,0.005337663338489647
CN,002049,2024-09-10,46.3,46.86,45.58,46.66,46.149,46.7072,45.4313,46.5078,4912087.0,226941131.0,0.996738105443635,8.49471925,396.3636,8.49621775,396.43352,0.0057814984791320825
CN,002049,2024-09-11,46.58,46.75,46.24,46.38,46.4281,46.5975,46.0892,46.2287,3311227.0,153851216.0,0.9967378180250108,8.49471925,393.985079,8.49621775,394.054579,0.0038972953582786882
CN,002049,2024-09-12,46.82,47.2,45.59,45.68,46.6673,47.0461,45.4413,45.531,5616784.0,260735187.0,0.9967381786339755,8.49471925,388.038775,8.49621775,388.107227,0.0066109228426966815
CN,002049,2024-09-13,45.68,45.86,44.96,45.04,45.531,45.7104,44.8134,44.8931,4905291.0,222581385.0,0.9967384547069271,8.49471925,382.602155,8.49621775,382.669647,0.005773499625759944
CN,002049,2024-09-18,45.3,45.48,44.5,45.19,45.1523,45.3317,44.3549,45.0426,4396870.0,197561805.0,0.996738216419562,8.49471925,383.876363,8.49621775,383.94408,0.005175090998579927
CN,002049,2024-09-19,45.85,46.68,45.24,46.19,45.7005,46.5278,45.0925,46.0394,7326104.0,337484656.0,0.9967395540160209,8.49471925,392.371082,8.49621775,392.440298,0.00862278276707303
CN,002049,2024-09-20,46.2,46.38,45.68,46.06,46.0493,46.2287,45.531,45.9098,5600246.0,257357333.0,0.9967390360399477,8.49471925,391.266769,8.49621775,391.33579,0.00659145771069721
CN,002049,2024-09-23,45.92,46.6,45.73,45.87,45.7702,46.448,45.5809,45.7204,4548634.0,209525648.0,0.9967386091127098,8.49471925,389.652772,8.49621775,389.721508,0.005353716363966778
CN,002049,2024-09-24,46.3,47.66,45.8,47.64,46.149,47.5046,45.6506,47.4846,12403235.0,581469075.0,0.9967380352644836,8.49471925,404.688425,8.49621775,404.759814,0.014598537096109618
CN,002049,2024-09-25,48.02,49.79,48.02,48.54,47.8634,49.6276,47.8634,48.3817,17385191.0,852547096.0,0.9967387721466832,8.49471925,412.333672,8.49621775,412.40641,0.020462270991112485
CN,002049,2024-09-26,48.49,53.39,48.36,53.39,48.3319,53.2159,48.2023,53.2159,35838803.0,1836761728.0,0.9967390897171754,8.49471925,453.533061,8.49621775,453.613066,0.04218206742641454
CN,002049,2024-09-27,55.0,58.0,54.49,56.7,54.8206,57.8108,54.3123,56.5151,41929562.0,2342682956.0,0.9967389770723103,8.49471925,481.650581,8.49621775,481.735546,0.04935085615007925
CN,002049,2024-09-30,60.0,62.37,58.2,62.37,59.8043,62.1666,58.0102,62.1666,54061882.0,3289608779.0,0.9967388167388168,8.49471925,529.81564,8.49621775,529.909101,0.06363052783104577
CN,002049,2024-10-08,68.61,68.61,66.53,68.61,68.3862,68.3862,66.313,68.3862,29446218.0,2014083434.0,0.9967380848272847,8.49471925,582.822688,8.49621775,582.9255,0.0346580312163021
CN,002049,2024-10-09,72.0,75.0,68.63,71.0,71.7652,74.7554,68.4062,70.7684,108698386.0,7856780300.0,0.9967380281690141,8.49472052,603.125157,8.49621902,603.23155,0.12793736336613412
CN,002049,2024-10-10,71.0,71.0,64.98,66.7,70.7684,70.7684,64.7681,66.4825,55961466.0,3790675658.0,0.9967391304347826,8.49472052,566.597859,8.49621902,566.697809,0.06586631755639463
CN,002049,2024-10-11,64.94,65.0,61.5,62.19,64.7282,64.788,61.2994,61.9872,42426028.0,2673453774.0,0.9967390255668115,8.49472052,528.286669,8.49621902,528.379861,0.04993518634598476
CN,002049,2024-10-14,62.2,68.0,61.75,67.0,61.9971,67.7782,61.5486,66.7815,48241963.0,3121758275.0,0.9967388059701492,8.49472052,569.146275,8.49621902,569.246674,0.056780507760497916
CN,002049,2024-10-15,67.02,69.0,65.43,65.78,66.8014,68.775,65.2166,65.5655,38856889.0,2610953741.0,0.9967391304347826,8.49472052,558.782716,8.49621902,558.881287,0.045734330657591735
CN,002049,2024-10-16,64.0,68.36,63.8,66.83,63.7913,68.137,63.5919,66.612,34520976.0,2295832170.0,0.9967379919197964,8.49472052,567.702172,8.49621902,567.802317,0.04063098646437672
CN,002049,2024-10-17,67.6,67.88,65.86,66.15,67.3795,67.6586,65.6452,65.9343,28472311.0,1900129503.0,0.9967392290249432,8.49472052,561.925762,8.49621902,562.024888,0.033511743203625655
CN,002049,2024-10-18,66.15,72.56,65.2,70.83,65.9343,72.3233,64.9874,70.599,61550319.0,4235656605.0,0.9967386700550614,8.49472052,601.681054,8.49621902,601.787193,0.07244436478757348
CN,002049,2024-10-21,71.5,76.8,70.31,72.74,71.2668,76.5495,70.0807,72.5028,73551503.0,5380533143.0,0.996739070662634,8.49472052,617.905971,8.49621902,618.014972,0.0865696880304764
CN,002049,2024-10-22,71.96,72.85,70.17,70.93,71.7253,72.6124,69.9411,70.6987,40594515.0,2891553614.0,0.9967390384886508,8.49472052,602.530526,8.49621902,602.636815,0.04777950627736995
CN,002049,2024-10-23,70.11,71.5,69.56,69.76,69.8813,71.2668,69.3331,69.5325,32335802.0,2283963324.0,0.9967388188073394,8.49472052,592.591703,8.49621902,592.696239,0.038059049471161115
CN,002049,2024-10-24,68.93,70.5,68.68,69.51,68.7052,70.2701,68.456,69.2833,20113740.0,1400913018.0,0.9967385987627678,8.49472052,590.468023,8.49621902,590.572184,0.023673754116569374
CN,002049,2024-10-25,69.62,70.8,69.06,69.73,69.3929,70.5691,68.8348,69.5026,21791069.0,1520113224.0,0.9967388498494192,8.49472052,592.336862,8.49621902,592.441352,0.02564796052067876
CN,002049,2024-10-28,69.74,69.74,68.0,68.87,69.5125,69.5125,67.7782,68.6454,23411338.0,1606441395.0,0.9967387832147523,8.49472052,585.031402,8.49621902,585.134604,0.027555007639151
CN,002049,2024-10-29,68.87,70.83,68.14,68.21,68.6454,70.599,67.9178,67.9875,32910305.0,2281545725.0,0.9967380149538191,8.49472052,579.424887,8.49621902,579.527099,0.038735236135661676
CN,002049,2024-10-30,66.8,67.87,66.1,66.71,66.5821,67.6486,65.8844,66.4924,30620385.0,2047109695.0,0.9967381202218559,8.49472052,566.682806,8.49621902,566.782771,0.036040013714241564
CN,002049,2024-10-31,66.71,67.67,65.68,66.98,66.4924,67.4493,65.4658,66.7615,30203938.0,2020666937.0,0.9967378321887129,8.49472052,568.97638,8.49621902,569.07675,0.03554985803555709
CN,002049,2024-11-01,66.28,66.54,64.16,64.18,66.0638,66.323,63.9507,63.9707,30021864.0,1954232558.0,0.996738859457775,8.49472052,545.191163,8.49621902,545.287337,0.0353355580044828
CN,002049,2024-11-04,64.18,65.77,64.18,65.45,63.9707,65.5555,63.9707,65.2365,16791392.0,1094101374.0,0.9967379679144386,8.49472052,555.979458,8.49621902,556.077535,0.01976336998901895
CN,002049,2024-11-05,65.3,68.22,65.18,68.16,65.087,67.9975,64.9674,67.9377,33885108.0,2282483905.0,0.9967385563380283,8.49472052,579.000151,8.49621902,579.102288,0.039882573554465645
CN,002049,2024-11-06,68.4,70.66,67.8,69.85,68.1769,70.4295,67.5789,69.6222,41739549.0,2899176859.0,0.9967387258410882,8.49472052,593.356228,8.49621902,593.460899,0.04912720458564638
CN,002049,2024-11-07,69.85,71.3,68.88,70.44,69.6222,71.0675,68.6553,70.2103,32019509.0,2237296430.0,0.9967390687109597,8.49472052,598.368113,8.49621902,598.473668,0.03768677446358957
CN,002049,2024-11-08,71.09,73.47,71.08,71.15,70.8581,73.2304,70.8482,70.9179,45844350.0,3310774420.0,0.9967378777231202,8.49472052,604.399365,8.49621902,604.505983,0.053958531309142264
CN,002049,2024-11-11,71.3,78.18,71.3,77.97,71.0675,77.925,71.0675,77.7157,72238217.0,5465291020.0,0.9967384891624984,8.49472052,662.333359,8.49621902,662.450197,0.0850239581041309
CN,002049,2024-11-12,77.89,77.89,73.7,74.88,77.636,77.636,73.4596,74.6358,51384072.0,3879228074.0,0.9967387820512822,8.49472052,636.084673,8.49621902,636.19688,0.060478751641221226
CN,002049,2024-11-13,74.16,75.71,72.71,74.64,73.9181,75.4631,72.4729,74.3966,32613640.0,2412184867.0,0.9967390139335478,8.49472052,634.04594,8.49621902,634.157788,0.03838606316907306
CN,002049,2024-11-14,74.33,74.33,71.0,71.19,74.0876,74.0876,70.7684,70.9578,29529400.0,2135527889.0,0.9967383059418459,8.49472052,604.739154,8.49621902,604.845832,0.034755930762246284
CN,002049,2024-11-15,70.99,71.9,68.01,68.05,70.7585,71.6655,67.7882,67.8281,28427812.0,1984430484.0,0.9967391623806027,8.49472052,578.065731,8.49621902,578.167704,0.033459368141382964
CN,002049,2024-11-18,68.05,68.51,65.0,65.53,67.8281,68.2866,64.788,65.3163,27075420.0,1803924628.0,0.9967388982145582,8.49472052,556.659036,8.49621902,556.757232,0.031867610682192606
CN,002049,2024-11-19,65.76,67.67,65.0,67.66,65.5455,67.4493,64.788,67.4393,25686670.0,1705379298.0,0.9967381022760864,8.49472052,574.75279,8.49621902,574.854179,0.03023306007005455
CN,002049,2024-11-20,67.67,68.14,66.56,67.43,67.4493,67.9178,66.3429,67.2101,20188666.0,1357313223.0,0.9967388402788075,8.49472052,572.799005,8.49621902,572.900049,0.023761941579514508
CN,002049,2024-11-21,67.29,68.44,66.8,67.53,67.0705,68.2168,66.5821,67.3098,16514508.0,1116783405.0,0.9967392270102176,8.49472052,573.648477,8.49621902,573.74967,0.019437479143516713
CN,002049,2024-11-22,67.54,68.1,64.74,64.76,67.3197,67.8779,64.5289,64.5488,21596122.0,1433171091.0,0.9967387276096354,8.49472052,550.118101,8.49621902,550.215144,0.025418509044038275
CN,002049,2024-11-25,64.76,65.17,62.62,63.71,64.5488,64.9574,62.4158,63.5022,18283534.0,1162229821.0,0.9967383456286297,8.49472052,541.198644,8.49621902,541.294114,0.021519612379295748
CN,002049,2024-11-26,63.71,64.37,63.42,63.45,63.5022,64.1601,63.2132,63.2431,11309712.0,721763740.0,0.9967391646966114,8.49472052,538.990017,8.49621902,539.085097,0.013311464750822772
CN,002049,2024-11-27,63.28,65.1,62.44,65.1,63.0736,64.8877,62.2364,64.8877,16890869.0,1080968475.0,0.9967388632872504,8.49472052,553.006306,8.49621902,553.103858,0.019880453835098993
CN,002049,2024-11-28,65.21,66.37,64.81,64.94,64.9973,66.1535,64.5986,64.7282,16097580.0,1052708621.0,0.9967385278718818,8.49472052,551.647151,8.49621902,551.744463,0.018946757330650828
CN,002049,2024-11-29,64.6,66.99,64.36,65.98,64.3893,66.7715,64.1501,65.7648,18917493.0,1243660421.0,0.9967384055774475,8.49472052,560.48166,8.49621902,560.580531,0.02226577840739327
CN,002049,2024-12-02,66.01,66.63,65.5,66.5,65.7947,66.4127,65.2864,66.2831,16156154.0,1070507785.0,0.9967383458646617,8.49472052,564.898915,8.49621902,564.998565,0.019015698585416175
CN,002049,2024-12-03,66.52,66.93,64.8,65.64,66.303,66.7117,64.5887,65.4259,14549029.0,956610805.0,0.9967382693479585,8.49472052,557.593455,8.49621902,557.691816,0.017124121877922116
CN,002049,2024-12-04,67.15,68.0,65.81,65.97,66.931,67.7782,65.5954,65.7548,23168896.0,1553070199.0,0.9967379111717448,8.49472052,560.396713,8.49621902,560.495569,0.027269654825823924
CN,002049,2024-12-05,65.4,65.95,65.01,65.18,65.1867,65.7349,64.798,64.9674,14542173.0,950059854.0,0.9967382632709418,8.49472052,553.685883,8.49621902,553.783556,0.017116052406097225
CN,002049,2024-12-06,65.21,66.49,64.87,66.22,64.9973,66.2731,64.6584,66.004,15798489.0,1040184825.0,0.996738145575355,8.49472052,562.520393,8.49621902,562.619623,0.018594728976278202
CN,002049,2024-12-09,66.0,66.18,64.76,65.18,65.7847,65.9642,64.5488,64.9674,12418068.0,811895898.0,0.9967382632709418,8.49472052,553.685883,8.49621902,553.783556,0.014615993268026652
CN,002049,2024-12-10,67.88,67.88,65.6,65.75,67.6586,67.6586,65.386,65.5356,17696179.0,1177964221.0,0.9967391634980989,8.49472052,558.527874,8.49621902,558.626401,0.02082829898610594
CN,002049,2024-12-11,65.67,66.45,65.5,65.9,65.4558,66.2333,65.2864,65.6851,12533032.0,825416452.0,0.9967389984825493,8.49472052,559.802082,8.49621902,559.900833,0.01475130522235525
CN,002049,2024-12-12,65.89,66.85,65.38,66.81,65.6751,66.632,65.1668,66.5921,14887497.0,983532566.0,0.9967385121987726,8.49472052,567.532278,8.49621902,567.632393,0.017522496730551562
CN,002049,2024-12-13,66.38,66.65,65.22,65.36,66.1635,66.4326,65.0073,65.1468,17933516.0,1180391310.0,0.9967380660954712,8.49472052,555.214933,8.49621902,555.312875,0.02110764324434753
CN,002049,2024-12-16,65.36,67.55,65.01,65.36,65.1468,67.3297,64.798,65.1468,19024874.0,1256882314.0,0.9967380660954712,8.49472052,555.214933,8.49621902,555.312875,0.02239216521515708
CN,002049,2024-12-17,65.01,65.8,64.44,64.75,64.798,65.5854,64.2298,64.5388,12008463.0,780691160.0,0.9967382239382239,8.49472052,550.033154,8.49621902,550.130182,0.014133890583249112
CN,002049,2024-12-18,65.0,66.37,64.2,66.03,64.788,66.1535,63.9906,65.8146,19375983.0,1270693085.0,0.9967378464334393,8.49472052,560.906396,8.49621902,561.005342,0.022805418450712208
CN,002049,2024-12-19,65.11,68.55,65.0,68.19,64.8976,68.3264,64.788,67.9676,38124880.0,2571013413.0,0.9967385247103682,8.49472052,579.254992,8.49621902,579.357175,0.044872760354052174
CN,002049,2024-12-20,68.05,70.55,67.2,68.89,67.8281,70.3199,66.9808,68.6653,37786386.0,2606425651.0,0.9967382784148643,8.49472052,585.201297,8.49621902,585.304528,0.04447435489957508
CN,002049,2024-12-23,68.74,70.88,67.3,67.74,68.5158,70.6488,67.0805,67.5191,34669651.0,2402464283.0,0.9967390020667257,8.49472052,575.432368,8.49621902,575.533876,0.040805976068164024
CN,002049,2024-12-24,67.8,68.25,66.18,67.98,67.5789,68.0274,65.9642,67.7583,23628050.0,1587079379.0,0.996738746690203,8.49472052,577.471101,8.49621902,577.572969,0.027810076393251924
CN,002049,2024-12-25,67.95,68.63,66.88,67.2,67.7284,68.4062,66.6619,66.9808,19110132.0,1293590764.0,0.9967380952380952,8.49472052,570.845219,8.49621902,570.945918,0.022492513381558284
CN,002049,2024-12-26,67.0,69.17,66.66,68.99,66.7815,68.9444,66.4426,68.765,25856672.0,1770245690.0,0.9967386577764894,8.49472052,586.050769,8.49621902,586.15415,0.030433151427868912
CN,002049,2024-12-27,69.07,69.98,67.89,68.12,68.8447,69.7518,67.6686,67.8978,27944993.0,1931497696.0,0.9967381092190253,8.49472052,578.660362,8.49621902,578.76244,0.032891093007628235
CN,002049,2024-12-30,67.9,68.55,67.04,67.31,67.6785,68.3264,66.8214,67.0905,18614061.0,1259262586.0,0.9967389689496361,8.49472052,571.779638,8.49621902,571.880502,0.021908640721458237
CN,002049,2024-12-31,67.3,67.42,64.16,64.37,67.0805,67.2001,63.9507,64.1601,25362368.0,1653949784.0,0.9967391642069287,8.49472052,546.80516,8.49621902,546.901618,0.029851358516414517
CN,002049,2025-01-02,64.04,64.13,60.1,60.81,63.8311,63.9208,59.904,60.6117,24391165.0,1509908570.0,0.9967390231869758,8.49472052,516.563955,8.49621902,516.655079,0.0287082582765151
CN,002049,2025-01-03,60.81,61.18,59.3,59.43,60.6117,60.9805,59.1066,59.2362,15491664.0,933493010.0,0.9967390206966178,8.49473005,504.841807,8.49622855,504.930863,0.01823357729707024
CN,002049,2025-01-06,59.43,59.95,58.59,58.9,59.2362,59.7545,58.3989,58.7079,10542517.0,624480294.0,0.9967385398981324,8.49473005,500.3396,8.49622855,500.427862,0.012408466813195603
CN,002049,2025-01-07,59.17,60.52,58.91,60.36,58.977,60.3226,58.7179,60.1631,12313790.0,734069919.0,0.9967379058979456,8.49473005,512.741906,8.49622855,512.832355,0.014493242416366023
CN,002049,2025-01-08,60.0,60.1,57.36,59.4,59.8043,59.904,57.1729,59.2063,16255234.0,958247028.0,0.9967390572390572,8.49473005,504.586965,8.49622855,504.675976,0.019132293704599082
CN,002049,2025-01-09,59.2,60.86,58.98,60.08,59.0069,60.6615,58.7876,59.8841,14366285.0,863022924.0,0.9967393475366179,8.49473005,510.363381,8.49622855,510.453411,0.016909014294348285
CN,002049,2025-01-10,59.99,61.0,58.55,58.61,59.7943,60.801,58.359,58.4188,13461043.0,806382933.0,0.9967377580617641,8.49473005,497.876128,8.49622855,497.963955,0.015843550960031556
CN,002049,2025-01-13,58.0,58.95,57.48,57.95,57.8108,58.7577,57.2925,57.761,10207968.0,591969883.0,0.9967385677308024,8.49473005,492.269606,8.49622855,492.356444,0.012014705042274317
CN,002049,2025-01-14,57.92,59.95,56.5,59.87,57.7311,59.7545,56.3157,59.6747,24621576.0,1442783886.0,0.9967379321864039,8.49473005,508.579488,8.49622855,508.669203,0.02897941816784107
CN,002049,2025-01-15,59.87,60.15,58.81,58.95,59.6747,59.9538,58.6182,58.7577,14648138.0,869290599.0,0.996737913486005,8.49473005,500.764336,8.49622855,500.852673,0.017240753251629513
CN,002049,2025-01-16,59.4,60.47,58.55,59.22,59.2063,60.2728,58.359,59.0269,14325303.0,852128806.0,0.9967392772711922,8.49473005,503.057914,8.49622855,503.146655,0.016860778774601116
CN,002049,2025-01-17,58.81,61.52,58.72,60.86,58.6182,61.3194,58.5285,60.6615,23329442.0,1411808527.0,0.9967384160368057,8.49473005,516.989271,8.49622855,517.08047,0.027458585727428438
CN,002049,2025-01-20,61.07,61.38,60.11,60.17,60.8708,61.1798,59.914,59.9738,14363877.0,870737266.0,0.9967392388233338,8.49473005,511.127907,8.49622855,511.218072,0.016906180095637845
CN,002049,2025-01-21,60.5,60.6,59.6,60.41,60.3027,60.4024,59.4056,60.213,12402805.0,746171309.0,0.9967389505048834,8.49473005,513.166642,8.49622855,513.257167,0.014598012432233829
CN,002049,2025-01-22,60.0,60.45,59.5,59.68,59.8043,60.2528,59.3059,59.4854,12020294.0,720385536.0,0.9967392761394102,8.49473005,506.965489,8.49622855,507.05492,0.014147799731682124
CN,002049,2025-01-23,60.41,61.26,59.2,59.22,60.213,61.0602,59.0069,59.0269,15545957.0,937112084.0,0.9967392772711922,8.49473005,503.057914,8.49622855,503.146655,0.01829747976824376
CN,002049,2025-01-24,59.21,59.88,59.0,59.82,59.0169,59.6847,58.8076,59.6249,11800618.0,702730630.0,0.9967385489802741,8.49473005,508.154752,8.49622855,508.244392,0.013889242656966895
CN,002049,2025-01-27,60.2,60.38,59.09,59.12,60.0037,60.1831,58.8973,58.9272,12020260.0,716320419.0,0.9967388362652233,8.49473005,502.208441,8.49622855,502.297032,0.014147759713926246
CN,002049,2025-02-05,60.01,61.18,59.6,60.8,59.8143,60.9805,59.4056,60.6017,19929163.0,1207081859.0,0.9967384868421053,8.49473005,516.479587,8.49622855,516.570696,0.02345648175860335
CN,002049,2025-02-06,60.4,62.21,60.24,62.16,60.203,62.0071,60.0435,61.957300000000004,24169838.0,1490047762.0,0.9967390604890606,8.49473005,528.03242,8.49622855,528.125567,0.02844772578534272
CN,002049,2025-02-07,62.18,64.64,61.67,63.27,61.9772,64.4292,61.4689,63.0636,33828384.0,2134056280.0,0.996737790422001,8.49473005,537.46157,8.49622855,537.55638,0.03981576507849474
CN,002049,2025-02-10,63.63,64.5,63.22,63.99,63.4225,64.2896,63.0138,63.7813,22746065.0,1454282012.0,0.9967385528988905,8.49473005,543.577776,8.49622855,543.673665,0.026771955187104755
CN,002049,2025-02-11,63.7,64.99,63.03,63.83,63.4922,64.778,62.8244,63.6218,21432251.0,1372420130.0,0.9967382108726305,8.49473005,542.218619,8.49622855,542.314268,0.025225605542355613
CN,002049,2025-02-12,63.6,65.88,63.23,65.63,63.3926,65.6651,63.0238,65.4159,28224657.0,1823075738.0,0.9967377723602011,8.49473005,557.509133,8.49622855,557.60748,0.03322021863453756
CN,002049,2025-02-13,65.27,65.48,63.63,63.68,65.0571,65.2664,63.4225,63.4723,19699569.0,1268284273.0,0.9967383793969848,8.49473005,540.94441,8.49622855,541.039834,0.023186251269099865
CN,002049,2025-02-14,63.53,65.21,62.94,64.71,63.3228,64.9973,62.7347,64.4989,19733972.0,1264565194.0,0.9967377530520787,8.49473005,549.693982,8.49622855,549.790949,0.023226743353084587
CN,002049,2025-02-17,64.78,66.52,64.77,65.26,64.5687,66.303,64.5588,65.0472,20410160.0,1336321566.0,0.9967391970579221,8.49473005,554.366083,8.49622855,554.463875,0.024022611774020604
CN,002049,2025-02-18,65.0,65.27,61.67,62.23,64.788,65.0571,61.4689,62.027,28264900.0,1792391614.0,0.9967379077615299,8.49473005,528.627051,8.49622855,528.720303,0.03326758435659079
CN,002049,2025-02-19,62.22,64.13,62.2,64.11,62.0171,63.9208,61.9971,63.9009,21868630.0,1391061884.0,0.9967384183434722,8.49473005,544.597144,8.49622855,544.693212,0.02573922049213236
CN,002049,2025-02-20,64.08,64.14,62.9,63.56,63.871,63.9308,62.6949,63.3527,15636832.0,993340526.0,0.9967385147891755,8.49473005,539.925042,8.49622855,540.020287,0.01840443899075667
CN,002049,2025-02-21,63.82,66.15,63.5,65.93,63.6119,65.9343,63.2929,65.715,40011809.0,2607326133.0,0.9967389655695434,8.49473005,560.057552,8.49622855,560.156348,0.04709361190619101
CN,002049,2025-02-24,66.0,66.25,64.78,65.3,65.7847,66.0339,64.5687,65.087,26078797.0,1708626409.0,0.9967381316998469,8.49473005,554.705872,8.49622855,554.803724,0.03069455682192071
CN,002049,2025-02-25,64.3,65.93,64.08,64.74,64.0903,65.715,63.871,64.5289,20720675.0,1344581237.0,0.9967392647513129,8.49473005,549.948823,8.49622855,550.045836,0.024388085699507223
CN,002049,2025-02-26,64.83,66.36,63.84,65.95,64.6186,66.1436,63.6318,65.7349,30154697.0,1968001162.0,0.9967384382107656,8.49473005,560.227447,8.49622855,560.326273,0.0354918618567529
CN,002049,2025-02-27,66.31,66.5,63.56,64.83,66.0937,66.2831,63.3527,64.6186,27329356.0,1771094468.0,0.9967391639672991,8.49473005,550.713349,8.49622855,550.810497,0.03216645578584394
CN,002049,2025-02-28,64.22,64.45,61.58,61.65,64.0105,64.2398,61.3792,61.4489,28188067.0,1769324720.0,0.9967380373073804,8.49473005,523.700108,8.49622855,523.79249,0.033177152467255604
CN,002049,2025-03-03,61.67,63.11,61.14,61.8,61.4689,62.9042,60.9406,61.5984,16303823.0,1013504563.0,0.99673786407767,8.49473005,524.974317,8.49622855,525.066924,0.01918948260872761
CN,002049,2025-03-04,61.39,67.98,61.28,67.98,61.1898,67.7583,61.0801,67.7583,51056248.0,3341970943.0,0.996738746690203,8.49473005,577.471749,8.49622855,577.573617,0.06009283730956131
CN,002049,2025-03-05,70.06,70.88,68.2,68.7,69.8315,70.6488,67.9776,68.4759,91637614.0,6379281154.0,0.9967379912663754,8.49473005,583.587954,8.49622855,583.690901,0.1078568137153043
CN,002049,2025-03-06,69.26,70.5,68.65,69.97,69.0341,70.2701,68.4261,69.7418,57610466.0,4015201183.0,0.9967386022581106,8.49473005,594.376262,8.49622855,594.481112,0.06780710483594513
CN,002049,2025-03-07,69.5,72.23,69.18,69.58,69.2733,71.9944,68.9544,69.3531,61109398.0,4309941624.0,0.9967390054613394,8.49473005,591.063317,8.49622855,591.167583,0.07192532267743669
CN,002049,2025-03-10,69.82,71.28,69.25,70.57,69.5923,71.0475,69.0241,70.3398,42963971.0,3018687971.0,0.9967379906475841,8.49473005,599.4731,8.49622855,599.578849,0.050568285383518784
CN,002049,2025-03-11,69.11,73.0,68.88,71.58,68.8846,72.7619,68.6553,71.3465,46231425.0,3279227220.0,0.996737915618888,8.49473005,608.052777,8.49622855,608.16004,0.054414055281034074
CN,002049,2025-03-12,71.65,72.2,70.66,70.7,71.4163,71.9645,70.4295,70.4694,36432468.0,2597908480.0,0.9967383309759547,8.49473005,600.577415,8.49622855,600.683358,0.04288075324904013
CN,002049,2025-03-13,71.1,71.28,68.8,69.3,70.8681,71.0475,68.5756,69.074,32968626.0,2304840680.0,0.9967388167388167,8.49473005,588.684792,8.49622855,588.788639,0.03880383608560059
CN,002049,2025-03-14,69.06,70.25,68.92,69.9,68.8348,70.0209,68.6952,69.672,27509671.0,1917696088.0,0.9967381974248926,8.49473005,593.781631,8.49622855,593.886376,0.03237868524617314
CN,002049,2025-03-17,69.66,69.8,68.34,68.66,69.4328,69.5723,68.1171,68.4361,25395077.0,1749773947.0,0.9967390037867754,8.49473005,583.248165,8.49622855,583.351052,0.029889823291064835
CN,002049,2025-03-18,68.8,70.66,68.7,68.95,68.5756,70.4295,68.4759,68.7251,24664323.0,1713774317.0,0.9967382160986221,8.49473005,585.711637,8.49622855,585.814959,0.029029731079915452
CN,002049,2025-03-19,68.45,69.27,67.66,67.91,68.2268,69.0441,67.4393,67.6885,20079285.0,1367723008.0,0.9967383301428362,8.49473005,576.877118,8.49622855,576.978881,0.02363317427471981
CN,002049,2025-03-20,67.84,71.0,67.65,68.72,67.6187,70.7684,67.4294,68.4959,36633918.0,2548372335.0,0.9967389406286381,8.49473005,583.757849,8.49622855,583.860826,0.04311785845261896
CN,002049,2025-03-21,68.12,69.4,66.0,66.2,67.8978,69.1737,65.7847,65.9841,28951352.0,1947698961.0,0.996738670694864,8.49473005,562.351129,8.49622855,562.45033,0.034075533431830764
CN,002049,2025-03-24,66.02,66.56,64.56,66.1,65.8047,66.3429,64.3494,65.8844,19290194.0,1266983189.0,0.9967382753403934,8.49473005,561.501656,8.49622855,561.600707,0.022704419833433034
CN,002049,2025-03-25,66.03,69.18,65.55,68.39,65.8146,68.9544,65.3362,68.1669,35359599.0,2404736780.0,0.9967378271677145,8.49473005,580.954588,8.49622855,581.057071,0.04161799413929372
CN,002049,2025-03-26,67.8,69.87,67.5,69.07,67.5789,69.6421,67.2798,68.8447,22634355.0,1553210548.0,0.9967380917909369,8.49473005,586.731005,8.49622855,586.834506,0.026640473319188195
CN,002049,2025-03-27,68.5,69.68,67.75,68.1,68.2766,69.4527,67.529,67.8779,19312768.0,1325081787.0,0.9967386196769457,8.49473005,578.491116,8.49622855,578.593164,0.022730989269350577
CN,002049,2025-03-28,68.0,68.01,66.15,66.67,67.7782,67.7882,65.9343,66.4526,16673743.0,1116671852.0,0.996739163041848,8.49473005,566.343652,8.49622855,566.443557,0.019624875792683332
CN,002049,2025-03-31,66.03,66.63,64.91,65.74,65.8146,66.4127,64.6983,65.5256,14515396.0,953579579.0,0.9967386674779435,8.49473005,558.443553,8.49622855,558.542065,0.017084516870723775
CN,002049,2025-04-01,66.0,67.48,65.75,66.32,65.7847,67.2599,65.5356,66.1037,14364397.0,956449166.0,0.9967385404101329,8.49473005,563.370497,8.49622855,563.469877,0.01690679213190422
CN,002049,2025-04-02,66.2,69.0,65.9,67.53,65.9841,68.775,65.6851,67.3098,18123291.0,1226658475.0,0.9967392270102176,8.49423636,573.615781,8.49623436,573.750706,0.02133096879403877
CN,002049,2025-04-03,66.88,69.2,66.81,67.86,66.6619,68.9743,66.5921,67.6387,18620883.0,1269024131.0,0.9967388741526673,8.49423636,576.418879,8.49623436,576.554464,0.021916630604808314
CN,002049,2025-04-07,64.5,67.45,61.07,63.11,64.2896,67.23,60.8708,62.9042,39877436.0,2583453196.0,0.9967390270955475,8.49423636,536.071257,8.49623436,536.19735,0.046935423754012356
CN,002049,2025-04-08,63.99,64.7,61.41,62.78,63.7813,64.489,61.2097,62.5752,25311517.0,1593084126.0,0.9967378145906339,8.49423636,533.268159,8.49623436,533.393593,0.02979145339865601
CN,002049,2025-04-09,62.0,69.06,61.37,69.06,61.7978,68.8348,61.1698,68.8348,58875644.0,3966993673.0,0.9967390674775557,8.49423636,586.611963,8.49623436,586.749945,0.06929616287091213
CN,002049,2025-04-10,69.49,70.99,68.1,69.31,69.2634,70.7585,67.8779,69.0839,67379125.0,4706884089.0,0.9967378444668878,8.49423636,588.735522,8.49623436,588.874003,0.07930469210832831
CN,002049,2025-04-11,68.8,73.18,68.7,71.7,68.5756,72.9413,68.4759,71.4662,72969284.0,5213899218.0,0.9967391910739191,8.49423636,609.036747,8.49623436,609.180004,0.08588426461437675
CN,002049,2025-04-14,72.15,72.15,70.3,70.59,71.9147,71.9147,70.0707,70.3598,37192640.0,2637692592.0,0.9967389148604618,8.49423636,599.608145,8.49623436,599.749183,0.043775440299883624
CN,002049,2025-04-15,70.44,70.74,68.45,69.39,70.2103,70.5093,68.2268,69.1637,26668880.0,1845820629.0,0.9967387231589567,8.49423636,589.415061,8.49623436,589.553702,0.031389058811226105
CN,002049,2025-04-16,69.09,69.8,68.01,69.09,68.8647,69.5723,67.7882,68.8647,20587288.0,1418133508.0,0.9967390360399478,8.49423636,586.86679,8.49623436,587.004832,0.02423107358822903
CN,002049,2025-04-17,68.86,69.99,68.44,68.47,68.6354,69.7617,68.2168,68.2467,24279578.0,1683153948.0,0.9967387176865782,8.49423636,581.600364,8.49623436,581.737167,0.028576869435602524
CN,002049,2025-04-18,68.16,68.47,66.88,67.57,67.9377,68.2467,66.6619,67.3496,19487219.0,1315806060.0,0.9967381974248928,8.49423636,573.955551,8.49623436,574.090556,0.022936301159187888
CN,002049,2025-04-21,67.7,68.5,67.29,68.25,67.4792,68.2766,67.0705,68.0274,15122439.0,1029571942.0,0.9967384615384616,8.49423636,579.731632,8.49623436,579.867995,0.017798989951590738
CN,002049,2025-04-22,68.0,68.91,67.51,67.68,67.7782,68.6853,67.2898,67.4593,16931975.0,1152747970.0,0.9967390661938533,8.49423636,574.889917,8.49623436,575.025141,0.019928799374597288
CN,002049,2025-04-23,67.8,68.11,66.53,66.7,67.5789,67.8879,66.313,66.4825,22316755.0,1498384623.0,0.9967391304347826,8.49423656,566.565579,8.49623456,566.698845,0.026266641819267286
CN,002049,2025-04-24,66.8,67.33,65.27,65.45,66.5821,67.1104,65.0571,65.2365,17814339.0,1177786028.0,0.9967379679144386,8.49423656,555.947783,8.49623456,556.078552,0.020967334263426927
CN,002049,2025-04-25,65.7,66.33,65.0,65.94,65.4857,66.1137,64.788,65.7249,12492738.0,821381458.0,0.9967379435850775,8.49423656,560.109959,8.49623456,560.241707,0.01470385252640671
CN,002049,2025-04-28,65.97,66.33,65.16,65.45,65.7548,66.1137,64.9475,65.2365,10347774.0,680209492.0,0.9967379679144386,8.49423656,555.947783,8.49623456,556.078552,0.012179247085193468
CN,002049,2025-04-29,63.51,64.76,62.83,64.39,63.3029,64.5488,62.6251,64.18,19529510.0,1251269619.0,0.9967386240099395,8.49423656,546.943892,8.49623456,547.072543,0.022986076787409222
CN,002049,2025-04-30,64.3,64.97,63.9,63.98,64.0903,64.7581,63.6916,63.7713,16498654.0,1061206899.0,0.9967380431384808,8.49423656,543.461255,8.49623456,543.589087,0.01941878356051413
CN,002049,2025-05-06,64.3,65.8,64.2,65.8,64.0903,65.5854,63.9906,65.5854,17296499.0,1128817450.0,0.9967386018237083,8.49423656,558.920766,8.49623456,559.052234,0.02035784073268335
CN,002049,2025-05-07,66.42,66.8,65.38,65.82,66.2034,66.5821,65.1668,65.6053,16322713.0,1075792634.0,0.9967380735338803,8.49423656,559.09065,8.49623456,559.222159,0.019211702413262942
CN,002049,2025-05-08,65.72,66.47,65.3,66.18,65.5057,66.2532,65.087,65.9642,12592902.0,830367233.0,0.9967391961317619,8.49423656,562.148576,8.49623456,562.280803,0.014821744751830393
CN,002049,2025-05-09,66.18,66.18,64.72,64.84,65.9642,65.9642,64.5089,64.6285,12071144.0,787023449.0,0.9967381246144356,8.49423656,550.766299,8.49623456,550.895849,0.01420763976648027
CN,002049,2025-05-12,65.2,67.65,65.2,67.05,64.9874,67.4294,64.9874,66.8313,23209189.0,1549331145.0,0.9967382550335571,8.49423656,569.538561,8.49623456,569.672527,0.02731702948653056
CN,002049,2025-05-13,67.1,67.14,66.03,66.11,66.8812,66.921,65.8146,65.8944,14349176.0,953408958.0,0.9967387687188021,8.49423656,561.553979,8.49623456,561.686067,0.016888865177469865
CN,002049,2025-05-14,66.11,66.44,65.7,66.15,65.8944,66.2233,65.4857,65.9343,10156494.0,670906765.0,0.9967392290249432,8.49423656,561.893748,8.49623456,562.025916,0.011954112057847894
CN,002049,2025-05-15,66.09,66.09,64.31,64.31,65.8744,65.8744,64.1003,64.1003,11793010.0,765524742.0,0.9967392318457472,8.49423656,546.264353,8.49623456,546.392845,0.013880278277063009
CN,002049,2025-05-16,64.2,64.82,63.76,64.35,63.9906,64.6086,63.552,64.1401,9995915.0,641858811.0,0.9967381507381509,8.49423656,546.604123,8.49623456,546.732694,0.0117651118615068
CN,002049,2025-05-19,64.02,64.91,63.83,64.68,63.8112,64.6983,63.6218,64.469,8815900.0,569062511.0,0.9967377860235002,8.49423656,549.407221,8.49623456,549.536451,0.01037624366152151
CN,002049,2025-05-20,64.7,64.97,64.31,64.63,64.489,64.7581,64.1003,64.4192,6640910.0,429139248.0,0.9967383568002477,8.49423656,548.982509,8.49623456,549.11164,0.00781629785889527
CN,002049,2025-05-21,64.62,64.95,64.32,64.39,64.4092,64.7382,64.1102,64.18,5920790.0,382172996.0,0.9967386240099395,8.49423656,546.943892,8.49623456,547.072543,0.006968722388944968
CN,002049,2025-05-22,64.09,65.45,64.06,64.57,63.881,65.2365,63.8511,64.3594,10584219.0,686528427.0,0.9967384234164473,8.49423656,548.472855,8.49623456,548.601866,0.012457540955648945
CN,002049,2025-05-23,64.5,64.73,63.03,63.08,64.2896,64.5189,62.8244,62.8743,10330650.0,659667945.0,0.9967390615091947,8.49423656,535.816442,8.49623456,535.942476,0.012159092274401614
CN,002049,2025-05-26,63.31,64.5,63.1,64.46,63.1035,64.2896,62.8942,64.2498,9283753.0,590431885.0,0.9967390629847968,8.49423656,547.538489,8.49623456,547.66728,0.010926902893792048
CN,002049,2025-05-27,64.42,65.07,63.89,64.15,64.2099,64.8578,63.6816,63.9408,6780534.0,436265255.0,0.9967388932190179,8.49423656,544.905275,8.49623456,545.033447,0.00798063418814087
CN,002049,2025-05-28,64.21,64.41,63.22,63.4,64.0006,64.1999,63.0138,63.1932,6064568.0,386172590.0,0.9967381703470032,8.49423656,538.534598,8.49623456,538.661271,0.007137947942906134
CN,002049,2025-05-29,63.76,64.5,63.5,64.0,63.552,64.2896,63.2929,63.7913,11271354.0,723041907.0,0.9967390625,8.49423656,543.63114,8.49623456,543.759012,0.0132662933448956
CN,002049,2025-05-30,63.97,64.25,63.0,63.97,63.7614,64.0405,62.7945,63.7614,8909869.0,565265332.0,0.9967390964514616,8.49423656,543.376313,8.49623456,543.504125,0.010486844421583388
CN,002049,2025-06-03,63.4,64.44,63.17,64.24,63.1932,64.2298,62.964,64.0305,8053797.0,515581275.0,0.996738792029888,8.49423656,545.669757,8.49623456,545.798108,0.009479254536965138
CN,002049,2025-06-04,64.2,64.5,64.04,64.25,63.9906,64.2896,63.8311,64.0405,6766858.0,435005764.0,0.9967392996108948,8.49423656,545.754699,8.49623456,545.88307,0.007964537645721494
CN,002049,2025-06-05,64.5,65.1,64.06,64.84,64.2896,64.8877,63.8511,64.6285,10403368.0,672380853.0,0.9967381246144356,8.49423656,550.766299,8.49623456,550.895849,0.012244680777739733
CN,002049,2025-06-06,65.01,65.73,64.38,64.45,64.798,65.5156,64.17,64.2398,8743631.0,567746415.0,0.9967385570209465,8.49423656,547.453546,8.49623456,547.582317,0.010291183627585724
CN,002049,2025-06-09,64.45,64.85,64.23,64.54,64.2398,64.6385,64.0205,64.3295,7562680.0,488290721.0,0.9967384567709946,8.49423656,548.218028,8.49623456,548.346978,0.008901213763100251
CN,002049,2025-06-10,64.54,64.54,62.84,63.19,64.3295,64.3295,62.635,62.9839,13617796.0,863642038.0,0.9967384079759456,8.49423656,536.750808,8.49623456,536.877062,0.016028036777741693
CN,002049,2025-06-11,63.2,63.65,63.11,63.19,62.9939,63.4424,62.9042,62.9839,6915152.0,437899098.0,0.9967384079759456,8.49423656,536.750808,8.49623456,536.877062,0.008139078495497658
CN,002049,2025-06-12,63.0,63.2,62.84,62.91,62.7945,62.9939,62.635,62.7048,6482748.0,408390479.0,0.9967381974248928,8.49423656,534.372422,8.49623456,534.498116,0.007630142452187666
CN,002049,2025-06-13,62.93,62.99,61.89,61.97,62.7248,62.7846,61.6881,61.7679,9396704.0,584830799.0,0.9967387445538164,8.49423656,526.38784,8.49623456,526.511656,0.011059845315758326
CN,002049,2025-06-16,61.99,62.93,61.95,62.67,61.7878,62.7248,61.748,62.4656,7154756.0,447531294.0,0.9967384713579065,8.49423656,532.333805,8.49623456,532.45902,0.008421090483641262
CN,002049,2025-06-17,62.6,62.7,62.07,62.52,62.3958,62.4955,61.8676,62.3161,5556408.0,346515879.0,0.9967386436340371,8.49423656,531.05967,8.49623456,531.184585,0.006539847694600372
CN,002049,2025-06-18,62.45,63.08,62.33,62.9,62.2463,62.8743,62.1267,62.6949,7123225.0,447045130.0,0.9967392686804452,8.49423656,534.28748,8.49623456,534.413154,0.008383978749287261
CN,002049,2025-06-19,62.9,63.04,61.95,62.17,62.6949,62.8344,61.748,61.9672,8470215.0,529143062.0,0.9967379765160045,8.49423666,528.086693,8.49623466,528.210909,0.009969375069026164
CN,002049,2025-06-20,62.13,62.46,61.76,61.9,61.9274,62.2563,61.5586,61.6981,5073509.0,314610360.0,0.9967382875605816,8.49423666,525.793249,8.49623466,525.916925,0.005971479370603918
CN,002049,2025-06-23,61.66,62.96,61.52,62.65,61.4589,62.7547,61.3194,62.4457,8109240.0,506212874.0,0.9967390263367918,8.49423666,532.163927,8.49623466,532.289101,0.009544510391383185
CN,002049,2025-06-24,62.65,63.33,62.52,63.25,62.4457,63.1235,62.3161,63.0437,12862880.0,810263399.0,0.9967383399209486,8.49423666,537.260469,8.49623466,537.386842,0.01513950651640782
CN,002049,2025-06-25,63.16,65.33,63.06,64.5,62.954,65.1169,62.8543,64.2896,19168954.0,1229673891.0,0.9967379844961239,8.49423666,547.878265,8.49623466,548.007136,0.02256170499885887
CN,002049,2025-06-26,64.4,64.55,63.69,63.69,64.4,64.55,63.69,63.69,11886776.0,762008496.0,1.0,8.49423666,540.997933,8.49623466,541.125186,0.013990639943082738
CN,002049,2025-06-27,64.09,64.53,63.65,63.87,64.09,64.53,63.65,63.87,11909167.0,763471166.0,1.0,8.49423666,542.526895,8.49623466,542.654508,0.014016993970361923
CN,002049,2025-06-30,64.1,66.42,64.1,65.86,64.1,66.42,64.1,65.86,23581192.0,1547497621.0,1.0,8.49423666,559.430426,8.49623466,559.562015,0.02775487371013832
CN,002049,2025-07-01,65.6,66.2,65.15,65.52,65.6,66.2,65.15,65.52,13190580.0,866525018.0,1.0,8.49423666,556.542386,8.49623466,556.673295,0.015525206786131774
CN,002049,2025-07-02,65.33,65.33,64.55,64.91,65.33,65.33,64.55,64.91,9518944.0,617365458.0,1.0,8.49423768,551.360968,8.49623568,551.490658,0.01120371933938631
CN,002049,2025-07-03,64.71,65.2,64.5,64.78,64.71,65.2,64.5,64.78,7760159.0,503026859.0,1.0,8.49423768,550.256717,8.49623568,550.386147,0.009133643759750319
CN,002049,2025-07-04,64.85,65.28,64.4,64.73,64.85,65.28,64.4,64.73,9122105.0,591360114.0,1.0,8.49423768,549.832005,8.49623568,549.961336,0.010736643077678843
CN,002049,2025-07-07,64.72,64.95,64.01,64.24,64.72,64.95,64.01,64.24,7216011.0,464655130.0,1.0,8.49423768,545.669829,8.49623568,545.79818,0.00849318600822994
CN,002049,2025-07-08,64.24,65.6,64.24,65.5,64.24,65.6,64.24,65.5,12999837.0,847860045.0,1.0,8.49423768,556.372568,8.49623568,556.503437,0.01530070196922786
CN,002049,2025-07-09,65.23,65.72,65.08,65.19,65.23,65.72,65.08,65.19,7678479.0,501937190.0,1.0,8.49423768,553.739354,8.49623568,553.869604,0.009037507066894358
CN,002049,2025-07-10,65.18,66.08,65.0,65.82,65.18,66.08,65.0,65.82,11715461.0,769561860.0,1.0,8.49423768,559.090724,8.49623568,559.222232,0.013789001907724857
CN,002049,2025-07-11,65.82,66.42,65.44,66.11,65.82,66.42,65.44,66.11,11623032.0,767800729.0,1.0,8.49423768,561.554053,8.49623568,561.686141,0.013680213729664336
CN,002049,2025-07-14,66.02,66.79,65.9,66.62,66.02,66.79,65.9,66.62,11206624.0,746208067.0,1.0,8.49423768,565.886114,8.49623568,566.019221,0.0131901049147921
CN,002049,2025-07-15,66.49,67.25,65.7,66.09,66.49,67.25,65.7,66.09,11803035.0,783770649.0,1.0,8.49423798,561.384188,8.49623598,561.516236,0.013892075299914163
CN,002049,2025-07-16,66.1,67.79,66.0,66.37,66.1,67.79,66.0,66.37,13218576.0,885037453.0,1.0,8.49423798,563.762575,8.49623598,563.895182,0.015558155436261788
CN,002049,2025-07-17,66.25,67.97,65.89,67.9,66.25,67.97,65.89,67.9,17876349.0,1203249222.0,1.0,8.49423798,576.758759,8.49623598,576.894423,0.02104031602003597
CN,002049,2025-07-18,67.91,68.19,67.22,67.65,67.91,68.19,67.22,67.65,10749101.0,727745161.0,1.0,8.49423798,574.635199,8.49623598,574.770364,0.012651603634013
CN,002049,2025-07-21,67.33,68.0,67.23,67.57,67.33,68.0,67.23,67.57,8875228.0,599675194.0,1.0,8.49423798,573.95566,8.49623598,574.090665,0.010446070496266984
CN,002049,2025-07-22,67.56,67.83,66.7,67.26,67.56,67.83,66.7,67.26,10816417.0,727582397.0,1.0,8.49423798,571.322447,8.49623598,571.456832,0.012730834013393305
CN,002049,2025-07-23,66.91,68.24,66.84,67.4,66.91,68.24,66.84,67.4,13297743.0,896173774.0,1.0,8.49423798,572.51164,8.49623598,572.646305,0.015651334345353245
CN,002049,2025-07-24,67.4,68.5,67.26,67.98,67.4,68.5,67.26,67.98,11421559.0,775349883.0,1.0,8.49423798,577.438298,8.49623598,577.574122,0.013443081179579007
CN,002049,2025-07-25,68.0,68.59,67.6,68.49,68.0,68.59,67.6,68.49,12159741.0,828581204.0,1.0,8.49423798,581.770359,8.49623598,581.907202,0.014311915333594584
CN,002049,2025-07-28,68.69,69.25,68.22,68.48,68.69,69.25,68.22,68.48,11158222.0,764922076.0,1.0,8.49423798,581.685417,8.49623598,581.82224,0.013133135692401049
CN,002049,2025-07-29,68.3,73.5,68.18,73.2,68.3,73.5,68.18,73.2,51678514.0,3700716215.0,1.0,8.49423798,621.77822,8.49623598,621.924474,0.06082518673168962
CN,002049,2025-07-30,73.01,73.09,70.92,71.58,73.01,73.09,70.92,71.58,27483236.0,1983150972.0,1.0,8.49423798,608.017555,8.49623598,608.160571,0.03234754315286803
CN,002049,2025-07-31,70.68,71.6,69.28,69.54,70.68,71.6,69.28,69.54,22150157.0,1560393523.0,1.0,8.49423798,590.689309,8.49623598,590.82825,0.026070552950908033
CN,002049,2025-08-01,69.55,73.57,69.54,72.12,69.55,73.57,69.54,72.12,38265253.0,2761103364.0,1.0,8.49423798,612.604443,8.49623598,612.748539,0.04503788864866251
CN,002049,2025-08-04,71.64,74.0,71.61,73.98,71.64,74.0,71.61,73.98,29072976.0,2119842757.0,1.0,8.49423798,628.403726,8.49623598,628.551538,0.03421865408215745
CN,002049,2025-08-05,73.33,75.49,73.2,73.98,73.33,75.49,73.2,73.98,33361518.0,2484426813.0,1.0,8.49423798,628.403726,8.49623598,628.551538,0.03926623281007315
CN,002049,2025-08-06,74.82,78.0,74.11,76.9,74.82,78.0,74.11,76.9,41792341.0,3172221835.0,1.0,8.49423798,653.206901,8.49623598,653.360547,0.049189242269610314
CN,002049,2025-08-07,77.51,78.47,76.27,76.7,77.51,78.47,76.27,76.7,39978171.0,3091153367.0,1.0,8.49423798,651.508053,8.49623598,651.6613,0.04705397907274228
CN,002049,2025-08-08,76.69,77.6,75.62,76.2,76.69,77.6,75.62,76.2,25862527.0,1973544972.0,1.0,8.49423798,647.260934,8.49623598,647.413182,0.030439981964813553
CN,002049,2025-08-11,76.22,76.23,74.91,75.07,76.22,76.23,74.91,75.07,25336319.0,1911866291.0,1.0,8.49423798,637.662445,8.49623598,637.812435,0.029820639468632084
CN,002049,2025-08-12,75.1,75.97,73.58,74.59,75.1,75.97,73.58,74.59,25745883.0,1914832018.0,1.0,8.49423798,633.585211,8.49623598,633.734242,0.030302692934383396
CN,002049,2025-08-13,74.79,75.67,74.38,75.25,74.79,75.67,74.38,75.25,23213490.0,1742188242.0,1.0,8.49423798,639.191408,8.49623598,639.341757,0.027322087162649642
CN,002049,2025-08-14,74.92,76.2,73.44,73.57,74.92,76.2,73.44,73.57,27852714.0,2082151740.0,1.0,8.49423798,624.921088,8.49623598,625.068081,0.0327824157256988
CN,002049,2025-08-15,73.45,77.98,73.41,77.42,73.45,77.98,73.41,77.42,35929544.0,2750172931.0,1.0,8.49423798,657.623904,8.49623598,657.77859,0.04228877833028362
CN,002049,2025-08-18,78.0,83.19,77.78,80.84,78.0,83.19,77.78,80.84,41745201.0,3355328764.0,1.0,8.49423798,686.674198,8.49623598,686.835717,0.04913375887659843
CN,002049,2025-08-19,83.0,86.77,81.97,82.2,83.0,86.77,81.97,82.2,59163196.0,4972772564.0,1.0,8.49423798,698.226362,8.49623598,698.390598,0.06963459600141662
CN,002049,2025-08-20,82.04,82.2,79.11,81.86,82.04,82.2,79.11,81.86,34664632.0,2794062758.0,1.0,8.49423798,695.338321,8.49623598,695.501877,0.04079998729037185
CN,002049,2025-08-21,82.02,83.88,80.12,80.45,82.02,83.88,80.12,80.45,30965205.0,2535869418.0,1.0,8.49423798,683.361445,8.49623598,683.522185,0.03644579208121289
CN,002049,2025-08-22,80.7,84.48,80.7,82.68,80.7,84.48,80.7,82.68,44526442.0,3668761019.0,1.0,8.49423798,702.303596,8.49623598,702.468791,0.052407256701455227
CN,002049,2025-08-25,83.68,84.5,80.21,81.89,83.68,84.5,80.21,81.89,54726807.0,4485993983.0,1.0,8.49423798,695.593148,8.49623598,695.756764,0.06441300256822668
CN,002049,2025-08-26,81.0,81.9,80.02,81.13,81.0,81.9,80.02,81.13,28203887.0,2286545293.0,1.0,8.49423798,689.137527,8.49623598,689.299625,0.03319574346380148
CN,002049,2025-08-27,81.12,86.0,80.8,81.93,81.12,86.0,80.8,81.93,65292539.0,5438572332.0,1.0,8.49423798,695.932918,8.49623598,696.096614,0.07684878239457751
CN,002049,2025-08-28,82.01,83.78,80.8,83.52,82.01,83.78,80.8,83.52,53913438.0,4454108340.0,1.0,8.49423798,709.438756,8.49623598,709.605629,0.0634556739324465
CN,002049,2025-08-29,83.0,83.0,80.61,81.57,83.0,83.0,80.61,81.57,36762649.0,2990561622.0,1.0,8.49423798,692.874992,8.49623598,693.037969,0.04326933607604435
CN,002049,2025-09-01,82.25,83.66,80.88,82.21,82.25,83.66,80.88,82.21,34338772.0,2821496051.0,1.0,8.49423798,698.311304,8.49623598,698.47556,0.040416452745466236
CN,002049,2025-09-02,81.87,82.09,77.06,77.55,81.87,82.09,77.06,77.55,43371527.0,3423015000.0,1.0,8.49423798,658.728155,8.49623598,658.8831,0.05104793122754107
CN,002049,2025-09-03,77.88,79.25,75.38,75.85,77.88,79.25,75.38,75.85,30139738.0,2326460816.0,1.0,8.49423798,644.287951,8.49623598,644.439499,0.035474224198749245
CN,002049,2025-09-04,76.0,77.28,71.85,72.98,76.0,77.28,71.85,72.98,33975586.0,2524967232.0,1.0,8.49423798,619.909488,8.49623598,620.055302,0.039988985804982315
CN,002049,2025-09-05,73.0,74.76,72.01,74.61,73.0,74.76,72.01,74.61,22960697.0,1689881195.0,1.0,8.49423798,633.755096,8.49623598,633.904166,0.02702455187691244
CN,002049,2025-09-08,74.78,75.39,74.0,75.12,74.78,75.39,74.0,75.12,17108574.0,1276508653.0,1.0,8.49423798,638.087157,8.49623598,638.237247,0.020136651147959286
CN,002049,2025-09-09,74.77,74.77,73.24,73.7,74.77,74.77,73.24,73.7,15584224.0,1153130351.0,1.0,8.49423798,626.025339,8.49623598,626.172592,0.018342503711861354
CN,002049,2025-09-10,74.91,76.85,74.68,75.38,74.91,76.85,74.68,75.38,26754752.0,2023793893.0,1.0,8.49423798,640.295659,8.49623598,640.446268,0.03149012346523831
CN,002049,2025-09-11,75.0,77.68,74.21,77.6,75.0,77.68,74.21,77.6,28849608.0,2206447663.0,1.0,8.49423798,659.152867,8.49623598,659.307912,0.03395575177986052
CN,002049,2025-09-12,77.6,79.21,77.01,78.33,77.6,79.21,77.01,78.33,28016627.0,2200430276.0,1.0,8.49423798,665.353661,8.49623598,665.510164,0.03297533998108183
CN,002049,2025-09-15,80.0,80.68,78.38,78.64,80.0,80.68,78.38,78.64,27581951.0,2181931809.0,1.0,8.49423798,667.986875,8.49623598,668.143997,0.032463729897483376
CN,002049,2025-09-16,78.0,79.22,77.72,78.43,78.0,79.22,77.72,78.43,18988890.0,1488304800.0,1.0,8.49423798,666.203085,8.49623598,666.359788,0.022349767643812548
CN,002049,2025-09-17,78.0,78.89,76.93,77.67,78.0,78.89,76.93,77.67,21234247.0,1651277708.0,1.0,8.49423798,659.747464,8.49623598,659.902649,0.024992534399921412
CN,002049,2025-09-18,77.67,81.49,77.61,78.66,77.67,81.49,77.61,78.66,42449997.0,3380563980.0,1.0,8.49423798,668.15676,8.49623598,668.313922,0.04996329798269092
CN,002049,2025-09-19,78.66,81.3,78.66,79.45,78.66,81.3,78.66,79.45,31567226.0,2528835957.0,1.0,8.49423798,674.867208,8.49623598,675.025949,0.03715436585601992
CN,002049,2025-09-22,79.25,80.8,78.9,80.18,79.25,80.8,78.9,80.18,21798876.0,1746316713.0,1.0,8.49423798,681.068001,8.49623598,681.228201,0.025657098097691962
CN,002049,2025-09-23,80.07,80.18,77.46,79.26,80.07,80.18,77.46,79.26,25247676.0,1985271342.0,1.0,8.49423798,673.253302,8.49623598,673.411664,0.029716307385332298
CN,002049,2025-09-24,78.78,82.0,78.41,81.79,78.78,82.0,78.41,81.79,41042923.0,3324296193.0,1.0,8.49423798,694.743724,8.49623598,694.907141,0.048307183435834844
CN,002049,2025-09-25,81.16,85.32,80.81,84.0,81.16,85.32,80.81,84.0,43818246.0,3648226349.0,1.0,8.49423798,713.51599,8.49623598,713.683822,0.05157371582327448
CN,002049,2025-09-26,86.0,92.4,86.0,89.0,86.0,92.4,86.0,89.0,85167386.0,7695987308.0,1.0,8.49423798,755.98718,8.49623598,756.165002,0.10024131415427094
CN,002049,2025-09-29,87.52,88.79,85.29,87.4,87.52,88.79,85.29,87.4,48348969.0,4204093602.0,1.0,8.49423798,742.396399,8.49623598,742.571025,0.05690633960004487
CN,002049,2025-09-30,88.1,91.5,88.1,90.31,88.1,91.5,88.1,90.31,45453023.0,4106619291.0,1.0,8.49423798,767.114632,8.49623598,767.295071,0.053497834931840016
CN,002049,2025-10-09,91.8,94.83,89.58,92.78,91.8,94.83,89.58,92.78,52131432.0,4819032515.0,1.0,8.49423798,788.0954,8.49623598,788.280774,0.06135826749953337
CN,002049,2025-10-10,90.89,91.42,86.08,86.24,90.89,91.42,86.08,86.24,39747456.0,3498299235.0,1.0,8.49472307,732.584918,8.49624032,732.715765,0.046782405514631205
CN,002049,2025-10-13,82.62,88.45,82.6,88.22,82.62,88.45,82.6,88.22,33855541.0,2940811805.0,1.0,8.49472307,749.404469,8.49624032,749.538321,0.03984767347070522
CN,002049,2025-10-14,91.26,91.55,83.18,83.89,91.26,91.55,83.18,83.89,42541763.0,3688030993.0,1.0,8.49472307,712.622318,8.49624032,712.7496,0.05007128023422012
CN,002049,2025-10-15,83.93,86.45,82.82,85.53,83.93,86.45,82.82,85.53,24503513.0,2066418513.0,1.0,8.49472307,726.553664,8.49624032,726.683435,0.02884041891131441
CN,002049,2025-10-16,85.0,87.25,83.68,84.21,85.0,87.25,83.68,84.21,28270978.0,2413795799.0,1.0,8.49472307,715.34063,8.49624032,715.468397,0.03327469202283581
CN,002049,2025-10-17,84.11,84.3,79.23,79.44,84.11,84.3,79.23,79.44,29255610.0,2373807431.0,1.0,8.49472307,674.820801,8.49624032,674.941331,0.03443359521167593
CN,002049,2025-10-20,80.8,82.56,79.87,80.57,80.8,82.56,79.87,80.57,22493446.0,1823327446.0,1.0,8.49472307,684.419838,8.49624032,684.542083,0.026474587762131473
CN,002049,2025-10-21,81.23,82.58,81.03,81.97,81.23,82.58,81.03,81.97,20340690.0,1667544048.0,1.0,8.49472307,696.31245,8.49624032,696.436819,0.023940812917118616
CN,002049,2025-10-22,81.34,81.89,80.11,80.88,81.34,81.89,80.11,80.88,13743153.0,1111991633.0,1.0,8.49472307,687.053202,8.49624032,687.175917,0.016175569996118
CN,002049,2025-10-23,80.44,81.09,78.1,79.72,80.44,81.09,78.1,79.72,18620075.0,1472302198.0,1.0,8.49472307,677.199323,8.49624032,677.320278,0.0219156642217013
CN,002049,2025-10-24,80.9,83.07,80.6,82.4,80.9,83.07,80.6,82.4,27256380.0,2234660560.0,1.0,8.49472307,699.965181,8.49624032,700.090202,0.03208051911601295
CN,002049,2025-10-27,83.68,84.74,82.71,84.74,83.68,84.74,82.71,84.74,30212416.0,2533358548.0,1.0,8.49472307,719.842833,8.49624032,719.971405,0.035559747443678714
CN,002049,2025-10-28,86.08,88.72,85.18,86.92,86.08,88.72,85.18,86.92,47271496.0,4128768589.0,1.0,8.49472307,738.361329,8.49624032,738.493209,0.055638134303621016
CN,002049,2025-10-29,86.93,88.55,86.5,87.42,86.93,88.55,86.5,87.42,28965978.0,2530852710.0,1.0,8.49472307,742.608691,8.49624032,742.741329,0.03409270089949622
CN,002049,2025-10-30,87.42,87.43,85.06,85.13,87.42,87.43,85.06,85.13,25525408.0,2194706192.0,1.0,8.49472307,723.155775,8.49624032,723.284938,0.030043180322846613
CN,002049,2025-10-31,85.0,85.13,81.64,81.74,85.0,85.13,81.64,81.74,31468681.0,2604032985.0,1.0,8.49472307,694.358664,8.49624032,694.482684,0.03703836028027983
CN,002049,2025-11-03,81.6,83.56,79.29,83.51,81.6,83.56,79.29,83.51,32658591.0,2660175821.0,1.0,8.49472307,709.394324,8.49624032,709.521029,0.0384388738665057
CN,002049,2025-11-04,82.83,83.48,80.51,80.99,82.83,83.48,80.51,80.99,20928839.0,1708973601.0,1.0,8.49472307,687.987621,8.49624032,688.110504,0.024633059108196225
CN,002049,2025-11-05,79.0,80.3,78.8,79.79,79.0,80.3,78.8,79.79,23855778.0,1895817613.0,1.0,8.49472307,677.793954,8.49624032,677.915015,0.028078040523222866
CN,002049,2025-11-06,80.7,82.18,80.2,81.18,80.7,82.18,80.2,81.18,22400651.0,1818833409.0,1.0,8.49472307,689.601619,8.49624032,689.724789,0.02636536886470744
CN,002049,2025-11-07,80.02,80.22,78.93,79.18,80.02,80.22,78.93,79.18,18999071.0,1510212519.0,1.0,8.49472307,672.612173,8.49624032,672.732309,0.022361739174534084
CN,002049,2025-11-10,79.3,80.35,77.7,78.83,79.3,80.35,77.7,78.83,23530445.0,1851820671.0,1.0,8.49472307,669.63902,8.49624032,669.758624,0.02769512644858897
CN,002049,2025-11-11,79.0,79.78,77.23,77.26,79.0,79.78,77.23,77.26,17944429.0,1406398920.0,1.0,8.49472307,656.302304,8.49624032,656.419527,0.02112043483252131
CN,002049,2025-11-12,77.0,77.19,75.15,76.02,77.0,77.19,75.15,76.02,18507707.0,1408352473.0,1.0,8.49472307,645.768848,8.49624032,645.884189,0.02178340807572637
CN,002049,2025-11-13,76.03,77.59,75.6,77.55,76.03,77.59,75.6,77.55,18189536.0,1400355775.0,1.0,8.49472307,658.765774,8.49624032,658.883437,0.02140892361199124
CN,002049,2025-11-14,76.15,76.4,74.85,74.85,76.15,76.4,74.85,74.85,19415976.0,1468897518.0,1.0,8.49472307,635.830022,8.49624032,635.943588,0.022852432686367326
CN,002049,2025-11-17,75.42,76.29,75.18,75.6,75.42,76.29,75.18,75.6,12896981.0,976641239.0,1.0,8.49472307,642.201064,8.49624032,642.315768,0.015179633007367663
CN,002049,2025-11-18,75.25,77.11,75.18,76.23,75.25,77.11,75.18,76.23,16656048.0,1272246553.0,1.0,8.49472307,647.55274,8.49624032,647.6684,0.019604021746880154
CN,002049,2025-11-19,76.01,76.22,74.76,75.22,76.01,76.22,74.76,75.22,14245191.0,1074511224.0,1.0,8.49472307,638.973069,8.49624032,639.087197,0.01676646429888179
CN,002049,2025-11-20,75.91,76.15,74.33,74.65,75.91,76.15,74.33,74.65,13899928.0,1040494223.0,1.0,8.49472307,634.131077,8.49624032,634.24434,0.016360092789842365
CN,002049,2025-11-21,73.16,73.85,71.92,72.23,73.16,73.85,71.92,72.23,19720447.0,1436406269.0,1.0,8.49472307,613.573847,8.49624032,613.683438,0.02321079237080714
CN,002049,2025-11-24,73.06,73.76,72.2,73.11,73.06,73.76,72.2,73.11,13788677.0,1004331154.0,1.0,8.49472307,621.049204,8.49624032,621.16013,0.016229151343026042
CN,002049,2025-11-25,73.9,76.35,73.68,75.02,73.9,76.35,73.68,75.02,21026418.0,1579876224.0,1.0,8.49472307,637.274125,8.49624032,637.387949,0.024747908731470532
CN,002049,2025-11-26,74.75,76.32,74.51,75.5,74.75,76.32,74.51,75.5,17546441.0,1329574245.0,1.0,8.49472307,641.351592,8.49624032,641.466144,0.020652006463018693
CN,002049,2025-11-27,75.3,76.51,74.9,75.02,75.3,76.51,74.9,75.02,14359511.0,1085804809.0,1.0,8.49472307,637.274125,8.49624032,637.387949,0.016901017931658505
CN,002049,2025-11-28,74.8,76.16,74.61,76.06,74.8,76.16,74.61,76.06,13011189.0,984923496.0,1.0,8.49472307,646.108637,8.49624032,646.224039,0.015314054817131162
CN,002049,2025-12-01,76.5,77.7,75.99,77.69,76.5,77.7,75.99,77.69,17782741.0,1371047819.0,1.0,8.49472307,659.955035,8.49624032,660.07291,0.020930129481083228
CN,002049,2025-12-02,77.99,77.99,75.9,76.22,77.99,77.99,75.9,76.22,13872171.0,1060719572.0,1.0,8.49472307,647.467792,8.49624032,647.583437,0.016327423045397096
CN,002049,2025-12-03,76.2,77.13,75.87,76.06,76.2,77.13,75.87,76.06,11472832.0,876039413.0,1.0,8.49472307,646.108637,8.49624032,646.224039,0.013503422181918696
CN,002049,2025-12-04,75.68,76.73,75.29,76.41,75.68,76.73,75.29,76.41,9860780.0,749827612.0,1.0,8.49472307,649.08179,8.49624032,649.197723,0.011606051181000492
CN,002049,2025-12-05,76.1,76.88,75.33,76.73,76.1,76.88,75.33,76.73,10016637.0,762946207.0,1.0,8.49472307,651.800101,8.49624032,651.91652,0.011789493496812953
CN,002049,2025-12-08,77.01,77.75,76.73,77.41,77.01,77.75,76.73,77.41,16066267.0,1241735858.0,1.0,8.49472307,657.576513,8.49624032,657.693963,0.01890985470618138
CN,002049,2025-12-09,77.01,77.9,76.81,77.04,77.01,77.9,76.81,77.04,12068746.0,931523719.0,1.0,8.49472307,654.433465,8.49624032,654.550354,0.0142048077095823
CN,002049,2025-12-10,76.64,77.8,75.8,77.23,76.64,77.8,75.8,77.23,11844214.0,911524438.0,1.0,8.49472307,656.047463,8.49624032,656.16464,0.013940535523835089
CN,002049,2025-12-11,77.4,77.6,75.81,75.95,77.4,77.6,75.81,75.95,13630957.0,1045299533.0,1.0,8.49472307,645.174217,8.49624032,645.289452,0.016043516292627655
CN,002049,2025-12-12,76.02,77.41,75.36,77.02,76.02,77.41,75.36,77.02,16741733.0,1281176093.0,1.0,8.49472307,654.263571,8.49624032,654.380429,0.019704872236947273
CN,002049,2025-12-15,76.25,76.79,74.9,75.15,76.25,76.79,74.9,75.15,13675726.0,1035596999.0,1.0,8.49472307,638.378439,8.49624032,638.49246,0.01609620901118767
CN,002049,2025-12-16,75.12,75.39,73.2,73.72,75.12,75.39,73.2,73.72,13060889.0,966657573.0,1.0,8.49472307,626.230985,8.49624032,626.342836,0.015372551279246301
CN,002049,2025-12-17,73.66,75.42,73.0,75.06,73.66,75.42,73.0,75.06,12214212.0,906929497.0,1.0,8.49472307,637.613914,8.49624032,637.727798,0.014376019909945296
CN,002049,2025-12-18,74.48,77.5,74.33,76.49,74.48,77.5,74.33,76.49,21826028.0,1668299419.0,1.0,8.49472307,649.761368,8.49624032,649.877422,0.025689042656458192
CN,002049,2025-12-19,76.93,77.13,75.81,75.85,76.93,77.13,75.81,75.85,14104775.0,1077242464.0,1.0,8.49472307,644.324745,8.49624032,644.439828,0.016601195904025465
CN,002049,2025-12-22,76.15,77.58,76.14,77.16,76.15,77.58,76.14,77.16,16624782.0,1281715565.0,1.0,8.49472307,655.452832,8.49624032,655.569903,0.01956722194035114
CN,002049,2025-12-23,77.0,77.48,76.16,76.51,77.0,77.48,76.16,76.51,14701416.0,1128255034.0,1.0,8.49472307,649.931262,8.49624032,650.047347,0.01730343710428379
CN,002049,2025-12-24,76.42,77.98,76.3,77.92,76.42,77.98,76.3,77.92,20291531.0,1571851391.0,1.0,8.49472307,661.908822,8.49624032,662.027046,0.023882953207236962
CN,002049,2025-12-25,77.88,79.47,77.36,79.17,77.88,79.47,77.36,79.17,24613006.0,1933961274.0,1.0,8.49472307,672.527225,8.49624032,672.647346,0.0289692912076197
CN,002049,2025-12-26,79.78,82.0,79.22,80.22,79.78,82.0,79.22,80.22,29654547.0,2388729267.0,1.0,8.49472307,681.446685,8.49624032,681.568398,0.03490314054581733
CN,002049,2025-12-29,79.8,80.79,78.62,78.81,79.8,80.79,78.62,78.81,23558638.0,1869326613.0,1.0,8.49472307,669.469125,8.49624032,669.5887,0.027728309361192836
CN,002049,2026-01-15,86.69,86.69,86.69,86.69,86.69,86.69,86.69,86.69,12036853.0,1043474787.0,1.0,8.49472932,736.408085,8.49624657,736.539615,0.014167259507865248
CN,002049,2026-01-16,91.99,91.99,83.85,86.04,91.99,91.99,83.85,86.04,99071521.0,8602744595.0,1.0,8.49472932,730.886511,8.49624657,731.017055,0.11660622156355333
CN,002049,2026-01-19,85.01,86.36,82.95,84.5,85.01,86.36,82.95,84.5,47255787.0,3997477701.0,1.0,8.49472932,717.804628,8.49624657,717.932835,0.05561960403416117
CN,002049,2026-01-20,83.87,85.3,81.4,82.05,83.87,85.3,81.4,82.05,40015319.0,3324543087.0,1.0,8.49472932,696.992541,8.49624657,697.117031,0.04709764325966354
CN,002049,2026-01-21,81.11,88.0,81.11,86.36,81.11,88.0,81.11,86.36,61749302.0,5332802085.0,1.0,8.49472932,733.604824,8.49624657,733.735854,0.07267833094443726
CN,002049,2026-01-22,87.6,87.99,84.74,85.02,87.6,87.99,84.74,85.02,40634782.0,3484262489.0,1.0,8.49472932,722.221887,8.49624657,722.350883,0.047826745216505644
CN,002049,2026-01-23,85.01,88.23,84.68,87.92,85.01,88.23,84.68,87.92,52023925.0,4529965546.0,1.0,8.49472932,746.856602,8.49624657,746.989998,0.06123165632185743
CN,002049,2026-01-26,87.93,87.95,84.03,84.29,87.93,87.95,84.03,84.29,40731755.0,3479119429.0,1.0,8.49472932,716.020734,8.49624657,716.148623,0.04794088149915828
CN,002049,2026-01-27,83.83,86.4,82.12,85.8,83.83,86.4,82.12,85.8,38149907.0,3229153052.0,1.0,8.49472932,728.847776,8.49624657,728.977956,0.044902071386094436
CN,002049,2026-01-28,86.11,89.11,86.11,87.91,86.11,89.11,86.11,87.91,49527629.0,4351487653.0,1.0,8.49472932,746.771655,8.49624657,746.905036,0.05829354008496013
CN,002049,2026-01-29,87.28,87.86,84.08,84.26,87.28,87.86,84.08,84.26,36445633.0,3121600117.0,1.0,8.49472932,715.765892,8.49624657,715.893736,0.0428961573792932
CN,002049,2026-01-30,83.39,85.38,81.79,84.11,83.39,85.38,81.79,84.11,31168241.0,2611849197.0,1.0,8.49472932,714.491683,8.49624657,714.619299,0.03668471806133093
CN,002049,2026-02-02,83.08,83.85,79.76,79.78,83.08,83.85,79.76,79.78,33307646.0,2712423551.0,1.0,8.49472932,677.709505,8.49624657,677.830551,0.03920277704464031
CN,002049,2026-02-03,81.1,81.3,79.69,81.29,81.1,81.3,79.69,81.29,21118806.0,1703146452.0,1.0,8.49472932,690.536546,8.49624657,690.659884,0.02485663030845867
CN,002049,2026-02-04,80.3,80.35,77.8,78.8,80.3,80.35,77.8,78.8,26993092.0,2129928995.0,1.0,8.49472932,669.38467,8.49624657,669.50423,0.0317706080886492
CN,002049,2026-02-05,77.53,78.2,76.5,77.48,77.53,78.2,76.5,77.48,17751844.0,1371213326.0,1.0,8.49472932,658.171628,8.49624657,658.289184,0.02089374861445435
CN,002049,2026-02-06,76.88,77.56,76.02,76.56,76.88,77.56,76.02,76.56,16690283.0,1281956560.0,1.0,8.49472932,650.356477,8.49624657,650.472637,0.01964430158951943
CN,002049,2026-02-09,77.7,78.07,77.09,78.0,77.7,78.07,77.09,78.0,17575942.0,1365680688.0,1.0,8.49472932,662.588887,8.49624657,662.707232,0.02068671366254852
CN,002049,2026-02-10,77.99,78.93,77.55,77.94,77.99,78.93,77.55,77.94,14852510.0,1162282190.0,1.0,8.49472932,662.079203,8.49624657,662.197458,0.01748126055150492
CN,002049,2026-02-11,77.79,77.97,77.21,77.31,77.79,77.97,77.21,77.31,12023703.0,932184596.0,1.0,8.49472932,656.727524,8.49624657,656.844822,0.014151782085109614
CN,002049,2026-02-12,77.41,78.66,77.41,78.51,77.41,78.66,77.41,78.51,16352958.0,1277353558.0,1.0,8.49472932,666.921199,8.49624657,667.040318,0.019247273328603504
CN,002049,2026-02-13,77.86,78.85,77.49,77.49,77.86,78.85,77.49,77.49,13679498.0,1069260672.0,1.0,8.49472932,658.256575,8.49624657,658.374147,0.016100636778011965
CN,002049,2026-02-24,78.28,79.15,77.6,78.83,78.28,79.15,77.6,78.83,16378614.0,1286158581.0,1.0,8.49472932,669.639512,8.49624657,669.759117,0.01927747019234636
CN,002049,2026-02-25,78.83,79.41,78.07,78.72,78.83,79.41,78.07,78.72,18420215.0,1450077307.0,1.0,8.49472932,668.705092,8.49624657,668.82453,0.021680414814044174
CN,002049,2026-02-26,79.3,80.51,78.57,80.18,79.3,80.51,78.57,80.18,21159965.0,1685549104.0,1.0,8.49472932,681.107397,8.49624657,681.22905,0.024905074053188644
CN,002049,2026-02-27,79.38,80.0,78.52,79.7,79.38,80.0,78.52,79.7,15507415.0,1228318435.0,1.0,8.49472932,677.029927,8.49624657,677.150852,0.01825207739939685
CN,002049,2026-03-02,78.8,80.45,78.4,79.95,78.8,80.45,78.4,79.95,21559526.0,1714520861.0,1.0,8.49472932,679.153609,8.49624657,679.274913,0.025375353483885532
CN,002049,2026-03-03,79.94,80.17,75.08,75.13,79.94,80.17,75.08,75.13,27968519.0,2160778239.0,1.0,8.49472932,638.209014,8.49624657,638.323005,0.032918676229049225
CN,002049,2026-03-04,74.6,76.38,73.99,74.48,74.6,76.38,73.99,74.48,16249095.0,1222844931.0,1.0,8.49472932,632.68744,8.49624657,632.800445,0.01912502758262111
CN,002049,2026-03-05,75.88,76.18,74.67,74.91,75.88,76.18,74.67,74.91,14419134.0,1089526136.0,1.0,8.49472932,636.340173,8.49624657,636.453831,0.01697118119301474
CN,002049,2026-03-06,74.6,75.5,74.48,75.16,74.6,75.5,74.48,75.16,10806888.0,810908246.0,1.0,8.49472932,638.463856,8.49624657,638.577892,0.012719602604471024
CN,002049,2026-03-09,73.98,74.35,72.0,73.82,73.98,74.35,72.0,73.82,17739067.0,1292579542.0,1.0,8.49472932,627.080918,8.49624657,627.192922,0.020878710209089425
CN,002049,2026-03-10,74.97,75.86,74.8,75.29,74.97,75.86,74.8,75.29,13434059.0,1010339725.0,1.0,8.49472932,639.56817,8.49624657,639.682404,0.015811757449972406
CN,002049,2026-03-11,75.0,75.95,74.88,75.53,75.0,75.95,74.88,75.53,11535409.0,870695155.0,1.0,8.49472932,641.606906,8.49624657,641.721503,0.013577064772026737
CN,002049,2026-03-12,75.01,76.34,74.42,75.21,75.01,76.34,74.42,75.21,13671175.0,1029425422.0,1.0,8.49472932,638.888592,8.49624657,639.002705,0.016090840687548454
CN,002049,2026-03-13,74.53,74.95,73.62,73.74,74.53,74.95,73.62,73.74,12647437.0,937615813.0,1.0,8.49472932,626.40134,8.49624657,626.513222,0.014885910967623907
CN,002049,2026-03-16,73.74,74.66,72.7,74.57,73.74,74.66,72.7,74.57,14241824.0,1049461265.0,1.0,8.49472932,633.451965,8.49624657,633.565107,0.016762489038733255
CN,002049,2026-03-17,74.63,74.7,72.6,72.71,74.63,74.7,72.6,72.71,12438041.0,914982416.0,1.0,8.49472932,617.651769,8.49624657,617.762088,0.01463945390181867
CN,002049,2026-03-18,73.2,74.78,72.6,74.6,73.2,74.78,72.6,74.6,14970293.0,1101458970.0,1.0,8.49472932,633.706807,8.49624657,633.819994,0.017619890002792137
CN,002049,2026-03-19,73.23,73.37,72.06,72.5,73.23,73.37,72.06,72.5,13845863.0,1007753489.0,1.0,8.49472932,615.867876,8.49624657,615.977876,0.016296446773201405
CN,002049,2026-03-20,72.51,73.0,70.3,70.36,72.51,73.0,70.3,70.36,14502320.0,1037908350.0,1.0,8.49472932,597.689155,8.49624657,597.795909,0.017069090310075592
CN,002049,2026-03-23,69.0,69.0,66.41,66.48,69.0,69.0,66.41,66.48,18827290.0,1273826792.0,1.0,8.49472932,564.729605,8.49624657,564.830472,0.022159538150032763
CN,002049,2026-03-24,67.5,67.6,66.0,67.4,67.5,67.6,66.0,67.4,11517091.0,769446675.0,1.0,8.49472932,572.544756,8.49624657,572.647019,0.013555504663278622
CN,002049,2026-03-25,67.9,69.35,67.82,68.98,67.9,69.35,67.82,68.98,12357408.0,849611517.0,1.0,8.49472932,585.966428,8.49624657,586.071088,0.014544549641054026
CN,002049,2026-03-26,68.6,68.76,67.49,67.72,68.6,68.76,67.49,67.72,9169740.0,624177018.0,1.0,8.49472932,575.26307,8.49624657,575.365818,0.01079269525013326
CN,002049,2026-03-27,66.73,68.54,66.63,67.89,66.73,68.54,66.63,67.89,8676752.0,587143711.0,1.0,8.49472932,576.707174,8.49624657,576.81018,0.010212453144471301
CN,002049,2026-03-30,66.8,67.65,66.0,67.63,66.8,67.65,66.0,67.63,11458517.0,766011330.0,1.0,8.49472932,574.498544,8.49624657,574.601156,0.013486563632062763
CN,002049,2026-03-31,67.4,68.18,65.9,66.04,67.4,68.18,65.9,66.04,12649762.0,846177154.0,1.0,8.49472932,560.991924,8.49624657,561.092123,0.014888647470126328
CN,002049,2026-04-01,67.3,67.67,66.93,67.4,67.3,67.67,66.93,67.4,10350853.0,696413059.0,1.0,8.49472932,572.544756,8.49624657,572.647019,0.012182853822237882
CN,002049,2026-04-02,67.4,67.4,65.42,65.9,67.4,67.4,65.42,65.9,11357588.0,753353061.0,1.0,8.4951448,559.830042,8.49628292,559.905044,0.0133677139837994
CN,002049,2026-04-03,66.22,66.38,64.8,64.92,66.22,66.38,64.8,64.92,8873197.0,579647697.0,1.0,8.4951448,551.5048,8.49628292,551.578687,0.010443622327021097
CN,002049,2026-04-07,65.0,66.17,65.0,65.58,65.0,66.17,65.0,65.58,8340714.0,548462686.0,1.0,8.4951448,557.111596,8.49628292,557.186234,0.009816897669881267
CN,002049,2026-04-08,67.21,69.02,67.18,69.01,67.21,69.02,67.18,69.01,16849631.0,1147489534.0,1.0,8.4951448,586.249943,8.49628292,586.328484,0.019831767796169388
CN,002049,2026-04-09,68.29,68.79,67.66,68.48,68.29,68.79,67.66,68.48,13250152.0,905049327.0,1.0,8.4951448,581.747516,8.49628292,581.825454,0.015595233968503487
CN,002049,2026-04-10,69.33,70.36,69.22,69.38,69.33,70.36,69.22,69.38,13598515.0,947944539.0,1.0,8.4951448,589.393146,8.49628292,589.472109,0.01600525209440648
CN,002049,2026-04-13,68.69,70.68,68.55,70.27,68.69,70.68,68.55,70.27,15127451.0,1059818529.0,1.0,8.4951448,596.953825,8.49628292,597.033801,0.017804787272785404
CN,002049,2026-04-14,70.55,71.5,70.32,71.04,70.55,71.5,70.32,71.04,16167700.0,1147151890.0,1.0,8.4951448,603.495087,8.49628292,603.575939,0.01902914504170019
CN,002049,2026-04-15,71.4,71.57,70.08,70.18,71.4,71.57,70.08,70.18,14810653.0,1050238425.0,1.0,8.4951448,596.189262,8.49628292,596.269135,0.017431920687499894
CN,002049,2026-04-16,70.47,71.35,70.1,70.99,70.47,71.35,70.1,70.99,12478392.0,884546168.0,1.0,8.4951448,603.070329,8.49628292,603.151124,0.014686883802593522
CN,002049,2026-04-17,70.9,73.71,70.61,72.89,70.9,73.71,70.61,72.89,21277009.0,1548504670.0,1.0,8.4951448,619.211104,8.49628292,619.294062,0.025042726566831416
CN,002049,2026-04-20,72.89,73.31,72.65,73.12,72.89,73.31,72.65,73.12,16922431.0,1234382790.0,1.0,8.4951448,621.164988,8.49628292,621.248207,0.01991745232513985
CN,002049,2026-04-21,72.0,72.0,69.86,70.27,72.0,72.0,69.86,70.27,24995543.0,1760623394.0,1.0,8.495145,596.953839,8.49628312,597.033815,0.02941938568544312
CN,002049,2026-04-22,69.89,72.64,69.81,72.43,69.89,72.64,69.81,72.43,24573291.0,1761253522.0,1.0,8.495145,615.303352,8.49628312,615.385786,0.02892240130528984
CN,002049,2026-04-23,73.0,73.4,71.08,71.36,73.0,73.4,71.08,71.36,19525702.0,1408738234.0,1.0,8.495145,606.213547,8.49628312,606.294763,0.022981463451985346
CN,002049,2026-04-24,71.0,72.35,70.86,71.1,71.0,72.35,70.86,71.1,15449481.0,1104142043.0,1.0,8.495145,604.004809,8.49628312,604.08573,0.018183811417056453
CN,002049,2026-04-27,71.79,73.59,71.31,73.36,71.79,73.59,71.31,73.36,26136960.0,1899542723.0,1.0,8.495145,623.203837,8.49628312,623.28733,0.03076281667035597
CN,002049,2026-04-28,76.45,76.6,74.27,74.43,76.45,76.6,74.27,74.43,37880347.0,2852944173.0,1.0,8.495145,632.293642,8.49628312,632.378353,0.04458461007594107
CN,002049,2026-04-29,73.75,76.18,73.22,75.88,73.75,76.18,73.22,75.88,30984350.0,2322960989.0,1.0,8.495145,644.611603,8.49628312,644.697963,0.03646812325152367
CN,002049,2026-04-30,75.51,77.68,75.24,77.32,75.51,77.68,75.24,77.32,34271829.0,2622650615.0,1.0,8.495145,656.844611,8.49628312,656.932611,0.040337437578233624
CN,002049,2026-05-06,78.91,81.76,78.9,79.05,78.91,81.76,78.9,79.05,51569453.0,4132220642.0,1.0,8.495145,671.541212,8.49628312,671.631181,0.060696486065309
CN,002049,2026-05-07,79.2,79.36,78.08,79.01,79.2,79.36,78.08,79.01,31651512.0,2490874087.0,1.0,8.495145,671.201406,8.49628312,671.291329,0.037253363091789254
CN,002049,2026-05-08,78.05,78.05,76.09,77.36,78.05,78.05,76.09,77.36,36697905.0,2823869430.0,1.0,8.495145,657.184417,8.49628312,657.272462,0.04319289327072237
CN,002049,2026-05-11,78.75,82.76,78.75,81.94,78.75,82.76,78.75,81.94,59476649.0,4816447575.0,1.0,8.495145,696.092181,8.49628312,696.185439,0.070003139208007
CN,002049,2026-05-12,81.13,81.13,79.07,79.59,81.13,81.13,79.07,79.59,37019152.0,2953019598.0,1.0,8.495145,676.128591,8.49628312,676.219174,0.04357099625465401
CN,002049,2026-05-13,78.16,82.05,77.53,82.0,78.16,82.05,77.53,82.0,42034311.0,3374391872.0,1.0,8.495145,696.60189,8.49628312,696.695216,0.049473764475965354
CN,002049,2026-05-14,82.6,82.76,78.7,78.8,82.6,82.76,78.7,78.8,33572278.0,2700644458.0,1.0,8.495145,669.417426,8.49628312,669.50711,0.039514076362370566
CN,002049,2026-05-15,79.01,80.48,76.68,77.27,79.01,80.48,76.68,77.27,38241859.0,2992488335.0,1.0,8.495145,656.419854,8.49628312,656.507797,0.0450101043713807
CN,002049,2026-05-18,77.0,79.77,76.89,78.33,77.0,79.77,76.89,78.33,27186824.0,2135281102.0,1.0,8.495145,665.424708,8.49628312,665.513857,0.031998491123728
CN,002049,2026-05-19,77.55,81.0,76.21,80.97,77.55,81.0,76.21,80.97,39339309.0,3095262804.0,1.0,8.495145,687.851891,8.49628312,687.944044,0.046301786845351744
CN,002049,2026-05-20,79.95,81.99,79.68,81.3,79.95,81.99,79.68,81.3,37656968.0,3050320660.0,1.0,8.495145,690.655288,8.49628312,690.747818,0.044321696285469364
CN,002049,2026-05-21,82.5,82.96,77.41,77.89,82.5,82.96,77.41,77.89,50167593.0,4055723717.0,1.0,8.495145,661.686844,8.49628312,661.775492,0.059046517508234836
CN,002049,2026-05-22,78.4,79.98,77.55,79.73,78.4,79.98,77.55,79.73,31882842.0,2512936785.0,1.0,8.495145,677.317911,8.49628312,677.408653,0.037525635092066
CN,002049,2026-05-25,82.14,85.07,81.66,85.02,82.14,85.07,81.66,85.02,68019923.0,5696259638.0,1.0,8.495145,722.257228,8.49628312,722.353991,0.08005844678113788
CN,002049,2026-05-26,84.46,84.46,80.89,82.95,84.46,84.46,80.89,82.95,52802575.0,4348656694.0,1.0,8.495145,704.672278,8.49628312,704.766685,0.06214785248352224
CN,002049,2026-05-27,83.5,89.53,83.45,85.06,83.5,89.53,83.45,85.06,82776050.0,7192128113.0,1.0,8.495145,722.597034,8.49628312,722.693842,0.09742619075998966
CN,002049,2026-05-28,84.51,86.73,83.38,86.3,84.51,86.73,83.38,86.3,61267617.0,5232115444.0,1.0,8.495145,733.131013,8.49628312,733.229233,0.07211108214576542
CN,002049,2026-05-29,86.39,86.53,78.51,79.3,86.39,86.53,78.51,79.3,66266590.0,5439198150.0,1.0,8.495145,673.664999,8.49628312,673.755251,0.07799479968365274
CN,002049,2026-06-01,79.0,81.05,76.5,76.51,79.0,81.05,76.5,76.51,44971375.0,3508820253.0,1.0,8.495145,649.963544,8.49628312,650.050622,0.05293064551266979
CN,002049,2026-06-02,76.55,77.66,75.0,76.19,76.55,77.66,75.0,76.19,31463231.0,2407967086.0,1.0,8.495145,647.245098,8.49628312,647.331811,0.037031759129985305
CN,002049,2026-06-03,76.22,78.92,76.02,77.09,76.22,78.92,76.02,77.09,38249245.0,2973909150.0,1.0,8.495145,654.890728,8.49628312,654.978466,0.045018797584513645
CN,002049,2026-06-04,75.66,78.16,75.36,77.27,75.66,78.16,75.36,77.27,26657691.0,2058183986.0,1.0,8.495145,656.419854,8.49628312,656.507797,0.031375709381963254
CN,002049,2026-06-05,76.07,77.75,73.03,75.14,76.07,77.75,73.03,75.14,37981645.0,2856025747.0,1.0,8.495145,638.325195,8.49628312,638.410714,0.044703836328844
CN,002049,2026-06-08,72.3,73.39,69.61,69.98,72.3,73.39,69.61,69.98,33953970.0,2429782297.0,1.0,8.495145,594.490247,8.49628312,594.569893,0.039963322220364056
CN,002049,2026-06-09,71.73,73.78,70.91,73.68,71.73,73.78,70.91,73.68,28540491.0,2068243732.46,1.0,8.495145,625.922284,8.49628312,626.00614,0.033591737230150125
CN,002049,2026-06-10,72.75,75.33,71.93,73.0,72.75,75.33,71.93,73.0,24024411.0,1762873609.56,1.0,8.495145,620.145585,8.49628312,620.228668,0.028276377635588965
CN,002049,2026-06-11,72.08,73.2,70.6,71.42,72.08,73.2,70.6,71.42,22463031.0,1609137030.32,1.0,8.495145,606.723256,8.49628312,606.80454,0.026438656389783776
CN,002049,2026-06-12,73.24,74.0,70.86,71.51,73.24,74.0,70.86,71.51,25920488.0,1878109611.52,1.0,8.495145,607.487819,8.49628312,607.569206,0.030508032317077497
CN,002049,2026-06-15,72.08,74.76,71.22,74.76,72.08,74.76,71.22,74.76,28567822.0,2101659434.15,1.0,8.495145,635.09704,8.49628312,635.182126,0.03362390541430075
CN,002049,2026-06-16,74.88,78.08,74.46,76.71,74.88,78.08,74.46,76.71,32213260.0,2469671086.01,1.0,8.495145,651.662573,8.49628312,651.749878,0.03791453220782031
CN,002049,2026-06-17,76.71,80.82,76.05,80.0,76.71,80.82,76.05,80.0,39638842.0,3142258293.5,1.0,8.495145,679.6116,8.49628312,679.70265,0.04665433277134014
CN,002049,2026-06-18,79.9,81.88,79.56,80.39,79.9,81.88,79.56,80.39,39328204.0,3174724330.04,1.0,8.495145,682.924707,8.49628312,683.0162,0.04628871642403556
