country,code,time,pct_chg,ma5,ma10,ma20,ma60,ema12,ema26,macd,macd_signal,macd_hist,rsi14,boll_upper,boll_lower,atr14,vol_ma5
HK,01209,2020-12-09,,,,,,23.5063,23.5063,0.0,0.0,0.0,,,,4.7433,
HK,01209,2020-12-10,7.142766,,,,,23.764608,23.63067,0.133937,0.026787,0.2143,,,,4.575393,
HK,01209,2020-12-11,-3.999952,,,,,23.828191,23.671206,0.156985,0.052827,0.208316,95.588235,,,4.350522,
HK,01209,2020-12-14,3.124754,,,,,23.998223,23.764702,0.233522,0.088966,0.289111,95.740023,,,4.144713,
HK,01209,2020-12-15,4.208812,24.75714,,,,24.303543,23.929005,0.374537,0.14608,0.456914,95.948534,,,4.052548,45404705.4
HK,01209,2020-12-16,0.484551,25.27762,,,,24.581259,24.090464,0.490795,0.215023,0.551544,95.973994,,,3.85303,12654412.2
HK,01209,2020-12-17,2.090108,25.57144,,,,24.900204,24.280385,0.619819,0.295982,0.647673,96.088726,,,3.679757,8716697.6
HK,01209,2020-12-18,2.047317,26.17588,,,,25.254034,24.496661,0.757374,0.388261,0.738226,96.205188,,,3.524853,7569086.2
HK,01209,2020-12-21,11.728266,27.26724,,,,26.044214,24.933219,1.110995,0.532807,1.156374,96.804252,,,3.524927,8544236.6
HK,01209,2020-12-22,0.967088,28.2075,26.48232,,,26.758042,25.35921,1.398832,0.706012,1.385639,96.853533,,,3.432054,6813403.6
HK,01209,2020-12-23,1.914998,29.2401,27.25886,,,27.452451,25.797172,1.655279,0.895866,1.518826,96.954649,,,3.333822,6979894.6
HK,01209,2020-12-24,-3.75835,29.9285,27.74997,,,27.859212,26.115634,1.743579,1.065408,1.356341,90.677724,,,3.188634,6641048.0
HK,01209,2020-12-28,-3.626347,30.28948,28.23268,,,28.035487,26.329661,1.705827,1.193492,1.02467,85.163891,,,3.06881,6477482.4
HK,01209,2020-12-29,3.039131,30.18874,28.72799,,,28.320259,26.59313,1.727128,1.300219,0.853818,85.90916,,,2.954545,4805291.0
HK,01209,2020-12-30,0.281063,30.04602,29.12676,,,28.574142,26.843306,1.730836,1.386343,0.688987,85.981426,,,2.809464,3931638.4
HK,01209,2020-12-31,0.700355,29.82776,29.53393,,,28.821259,27.090498,1.73076,1.455226,0.551069,86.172267,,,2.680745,3363249.6
HK,01209,2021-01-04,3.755086,30.07122,29.99986,,,29.204711,27.403328,1.801383,1.524458,0.553851,87.18653,,,2.588206,4212360.4
HK,01209,2021-01-05,-1.206501,30.4574,30.37344,,,29.471048,27.665,1.806048,1.580776,0.450545,84.949549,,,2.487284,4166329.6
HK,01209,2021-01-06,8.412556,31.18778,30.68826,,,30.096794,28.100067,1.996728,1.663966,0.665523,87.356157,,,2.531492,5706427.2
HK,01209,2021-01-07,6.508062,32.3379,31.19196,28.83714,,30.962072,28.664588,2.297485,1.79067,1.01363,88.951799,35.150943,22.523337,2.623514,7046216.6
HK,01209,2021-01-08,2.937759,33.65592,31.74184,29.50035,,31.855676,29.265025,2.590651,1.950666,1.27997,89.629426,36.209209,22.791491,2.595028,7698613.4
HK,01209,2021-01-11,-2.625474,34.5542,32.31271,30.03134,,32.46328,29.749475,2.713805,2.103294,1.221022,84.495119,36.967263,23.095417,2.583568,7467590.6
HK,01209,2021-01-12,0.0,35.52804,32.99272,30.6127,,32.977406,30.19804,2.779366,2.238508,1.081716,84.495119,37.436908,23.788492,2.464992,7261722.0
HK,01209,2021-01-13,0.820553,36.04014,33.61396,31.170975,,33.457636,30.635141,2.822495,2.355306,0.934379,84.802389,37.871119,24.470831,2.345893,5688485.0
HK,01209,2021-01-14,-0.930222,36.04854,34.19322,31.65999,,33.812323,31.01499,2.797333,2.443711,0.707244,82.783061,38.199827,25.120153,2.250286,4399810.4
HK,01209,2021-01-15,-3.286348,35.612,34.63396,32.083945,,33.931627,31.279642,2.651985,2.485366,0.333238,75.964937,38.215957,25.951933,2.227473,4686321.6
HK,01209,2021-01-18,-0.728291,35.31816,34.93618,32.46802,,33.993823,31.506032,2.487791,2.485851,0.00388,74.547767,38.136334,26.799706,2.155318,4515586.4
HK,01209,2021-01-19,9.046508,35.64556,35.5868,32.98012,,34.524327,31.945741,2.578586,2.504398,0.148377,79.601321,38.50089,27.45935,2.295195,6279959.6
HK,01209,2021-01-20,3.13898,36.14926,36.0947,33.39148,,35.154031,32.439938,2.714093,2.546337,0.335512,81.128147,39.292012,27.490948,2.338138,7105848.4
HK,01209,2021-01-21,-4.565041,36.36754,36.20804,33.7,,35.415641,32.766942,2.648699,2.566809,0.163779,72.377238,39.647105,27.752895,2.315043,7143760.0
HK,01209,2021-01-22,-4.783676,36.46828,36.04014,33.89099,,35.365773,32.939132,2.426642,2.538776,-0.224268,64.844326,39.758705,28.023275,2.377554,6697361.4
HK,01209,2021-01-25,2.033541,36.76212,36.04014,34.176425,,35.433362,33.151426,2.281936,2.487408,-0.410943,66.370044,39.829492,28.523358,2.288679,6407894.8
HK,01209,2021-01-26,-1.993012,36.292,35.96878,34.48075,,35.380768,33.295135,2.085633,2.407053,-0.64284,63.406591,39.619374,29.342126,2.218151,4182378.6
HK,01209,2021-01-27,0.478463,35.6204,35.88483,34.749395,,35.362096,33.440636,1.92146,2.309934,-0.776949,63.815968,39.441581,30.057209,2.230612,3569689.8
HK,01209,2021-01-28,-5.952455,34.88162,35.62458,34.9089,,35.023404,33.419893,1.603512,2.16865,-1.130276,55.463198,39.134078,30.683722,2.251176,4203138.2
HK,01209,2021-01-29,3.291255,34.71372,35.591,35.11248,,34.904727,33.48153,1.423197,2.019559,-1.192725,58.504762,38.759521,31.465439,2.240292,5841077.2
HK,01209,2021-02-01,3.798902,34.66334,35.71273,35.324455,,35.004492,33.634987,1.369505,1.889548,-1.040087,61.849931,38.529744,32.119166,2.236178,5896245.4
HK,01209,2021-02-02,-0.354117,34.7305,35.51125,35.549025,,35.069539,33.767751,1.301788,1.771996,-0.940416,61.334712,38.043495,33.054555,2.217365,6700413.8
HK,01209,2021-02-03,4.62073,35.09148,35.35594,35.72532,,35.376425,34.01194,1.364486,1.690494,-0.652017,65.373653,38.122975,33.327665,2.226882,6757714.2
HK,01209,2021-02-04,0.33995,35.89742,35.38952,35.79878,,35.655483,34.247374,1.408109,1.634017,-0.451816,65.670899,38.279988,33.317572,2.20574,5963902.6
HK,01209,2021-02-05,2.934367,36.70334,35.70853,35.874335,,36.059501,34.546206,1.513296,1.609873,-0.193154,68.21584,38.553438,33.195232,2.207095,4028515.0
HK,01209,2021-02-08,8.552673,37.90384,36.28359,36.161865,,36.90507,35.065427,1.839643,1.655827,0.367632,74.357755,39.80899,32.51474,2.310295,4098204.2
HK,01209,2021-02-09,-1.818282,38.9784,36.85445,36.411615,,37.504306,35.490218,2.014088,1.727479,0.573217,70.950286,40.574452,32.248778,2.322167,3183914.0
HK,01209,2021-02-10,-1.851711,39.57446,37.33297,36.6089,,37.89512,35.82758,2.06754,1.795491,0.544098,67.613955,41.057909,32.159891,2.336191,3133424.6
HK,01209,2021-02-11,0.104883,40.15372,38.02557,36.825075,,38.232271,36.143063,2.089208,1.854235,0.469947,67.704873,41.502955,32.147195,2.25627,2652046.8
HK,01209,2021-02-16,0.523367,40.55668,38.63001,37.110505,,38.549829,36.450717,2.099112,1.90321,0.391804,68.185338,41.902751,32.318259,2.209043,2356682.4
HK,01209,2021-02-17,2.083313,40.47272,39.18828,37.450505,,38.947686,36.797768,2.149918,1.952552,0.394733,70.102088,42.370291,32.530719,2.189176,2371751.6
HK,01209,2021-02-18,-2.550813,40.33002,39.65421,37.58273,,39.122904,37.041385,2.081519,1.978345,0.206347,64.843509,42.634872,32.530588,2.167728,2589384.0
HK,01209,2021-02-19,6.387421,40.85052,40.21249,37.784215,,39.665088,37.456623,2.208465,2.024369,0.368191,70.632626,43.286689,32.281741,2.285733,2370229.6
HK,01209,2021-02-22,-1.574785,41.2283,40.69101,38.040265,,40.020536,37.791355,2.229181,2.065331,0.327699,67.493289,43.815685,32.264845,2.347331,3062881.6
HK,01209,2021-02-23,-3.900132,41.2367,40.89669,38.30261,,40.069438,37.980025,2.089413,2.070148,0.038531,60.441242,43.994483,32.610737,2.329578,3506560.2
HK,01209,2021-02-24,-8.324574,40.4056,40.43916,38.361375,,39.594201,37.905978,1.688223,1.993763,-0.61108,49.10709,43.97259,32.75016,2.486994,3652121.4
HK,01209,2021-02-25,6.810364,40.28806,40.30904,38.581745,,39.57954,38.023973,1.555567,1.906124,-0.701113,55.801457,44.005015,33.158475,2.531223,4308089.2
HK,01209,2021-02-26,1.700301,39.79274,40.32163,38.8273,,39.670457,38.182975,1.487482,1.822395,-0.669827,57.410288,44.068283,33.586317,2.635257,4905629.6
HK,01209,2021-03-01,1.985288,39.59124,40.40977,39.21767,,39.870079,38.389273,1.480806,1.754077,-0.546543,59.304604,43.838554,34.596786,2.56096,4725231.4
HK,01209,2021-03-02,0.307557,39.74236,40.48953,39.55977,,40.058374,38.589623,1.468751,1.697012,-0.456522,59.610267,43.641068,35.478472,2.473985,4596735.2
HK,01209,2021-03-03,-0.102205,40.55668,40.48114,39.83471,,40.21124,38.772021,1.439218,1.645453,-0.41247,59.449975,43.521097,36.148323,2.357243,3973346.2
HK,01209,2021-03-04,-7.975494,40.21248,40.25027,39.95224,,39.83688,38.698383,1.138497,1.544062,-0.81113,48.501072,43.191876,36.712604,2.521675,3873484.8
HK,01209,2021-03-05,-5.66654,39.30582,39.54928,39.880885,,39.190775,38.471628,0.719147,1.379079,-1.319865,42.933523,43.420765,36.341005,2.626392,4179476.6
HK,01209,2021-03-08,-14.723379,37.19026,38.39075,39.54088,34.7256,37.836841,37.873004,-0.036164,1.096031,-2.264388,32.949573,44.892058,34.189702,2.921506,6024554.6
HK,01209,2021-03-09,2.762404,35.2174,37.47988,39.188285,34.854323,36.820357,37.380907,-0.56055,0.764714,-2.650529,35.532665,45.640866,32.735704,3.009656,7711293.4
HK,01209,2021-03-10,4.704496,33.54678,37.05173,38.745445,34.97955,36.186287,37.034092,-0.847805,0.442211,-2.580031,39.896638,45.684671,31.806219,2.917609,8131662.8
HK,01209,2021-03-11,5.263174,32.87518,36.54383,38.426435,35.15025,35.914535,36.840448,-0.925913,0.168586,-2.188998,44.625301,45.542862,31.310008,2.904101,7946675.0
HK,01209,2021-03-12,-0.487799,32.59814,35.95198,38.136805,35.30556,35.658761,36.648711,-0.989951,-0.063122,-1.853659,44.259453,45.4354,30.83821,2.879558,7209913.4
HK,01209,2021-03-15,4.044143,33.64754,35.4189,37.914335,35.466467,35.655444,36.573785,-0.918341,-0.234165,-1.368351,48.043896,45.232858,30.595812,2.919733,5865257.4
HK,01209,2021-03-16,2.473258,34.70532,34.96136,37.725445,35.639965,35.788237,36.569697,-0.78146,-0.343624,-0.875671,50.353638,44.98305,30.46784,2.816116,4348423.4
HK,01209,2021-03-17,5.402452,35.86384,34.70531,37.593225,35.83725,36.204123,36.712053,-0.507929,-0.376485,-0.262888,55.158928,44.6921,30.49435,2.764872,4139601.8
HK,01209,2021-03-18,1.635686,36.80408,34.83963,37.54495,36.035933,36.652889,36.890501,-0.237611,-0.348711,0.222198,56.602509,44.588259,30.501641,2.786253,4066507.8
HK,01209,2021-03-19,-0.643642,37.72754,35.16284,37.35606,36.177252,36.993875,37.037078,-0.043203,-0.287609,0.488812,55.828411,44.035123,30.676997,2.69817,3649041.8
HK,01209,2021-03-22,-3.239832,38.1221,35.88482,37.137785,36.292683,37.088664,37.079517,0.009147,-0.228258,0.474809,51.99833,43.475321,30.800249,2.706322,3101515.4
HK,01209,2021-03-23,1.339271,38.44112,36.57322,37.02655,36.406717,37.246362,37.156123,0.090239,-0.164559,0.509594,53.376137,43.211739,30.841361,2.599964,3031826.4
HK,01209,2021-03-24,-6.497664,37.87026,36.86705,36.95939,36.499063,36.998798,37.04361,-0.044812,-0.140609,0.191595,46.334304,43.174223,30.744557,2.633123,3191243.0
HK,01209,2021-03-25,3.180104,37.40014,37.10211,36.82297,36.628488,36.963676,37.02338,-0.059704,-0.124428,0.129448,49.6105,42.927642,30.718298,2.720879,3349624.4
HK,01209,2021-03-26,7.990917,37.56804,37.64779,36.799885,36.792193,37.386002,37.2223,0.163702,-0.066802,0.461009,56.948783,42.857054,30.742716,2.754395,3804800.6
HK,01209,2021-03-29,5.073938,38.39076,38.25643,36.837665,36.988078,38.053325,37.55573,0.497596,0.046077,0.903036,61.129016,43.006745,30.668585,2.875467,4277393.6
HK,01209,2021-03-30,-3.521029,38.81892,38.63002,36.79569,37.15598,38.391967,37.755638,0.636329,0.164128,0.944402,56.798348,42.858872,30.732508,2.870962,4384879.8
HK,01209,2021-03-31,-3.441106,39.46534,38.6678,36.686555,37.281907,38.465403,37.838132,0.627271,0.256756,0.74103,52.98664,42.513327,30.859783,2.806814,4311063.2
HK,01209,2021-04-01,-2.267857,39.7088,38.55447,36.69705,37.399438,38.391926,37.849218,0.542707,0.313947,0.457521,50.656851,42.532397,30.861703,2.825199,4644140.0
HK,01209,2021-04-07,4.972386,39.74238,38.65521,36.909025,37.505077,38.620353,37.999402,0.62095,0.375347,0.491206,55.202305,42.881371,30.936679,2.818285,4635263.0
HK,01209,2021-04-08,-2.105239,39.2051,38.79793,37.341375,37.560345,38.684483,38.076276,0.608207,0.421919,0.372575,52.871179,42.568996,32.113754,2.724915,4103920.0
HK,01209,2021-04-09,-4.086102,38.64262,38.73077,37.651995,37.571538,38.493347,38.0293,0.464047,0.430345,0.067404,48.665985,42.064885,33.239105,2.764142,4036163.0
HK,01209,2021-04-12,-1.793703,38.22286,38.8441,37.855575,37.587628,38.228294,37.936056,0.292238,0.402723,-0.220971,46.971985,41.670885,34.040265,2.677639,3746664.8
HK,01209,2021-04-13,0.456616,38.01298,38.86089,37.9815,37.606517,38.029849,37.862155,0.167693,0.355717,-0.376048,47.464327,41.488726,34.474274,2.582329,2841814.4
HK,01209,2021-04-14,4.090865,37.72754,38.73496,38.191375,37.645693,38.09441,37.905662,0.188748,0.322324,-0.267151,51.801642,41.255101,35.127649,2.568784,2477527.4
HK,01209,2021-04-15,0.109234,37.6184,38.41175,38.33409,37.691167,38.155501,37.949058,0.206443,0.299147,-0.185408,51.920456,41.165732,35.502448,2.439271,2281129.6
HK,01209,2021-04-16,-1.09063,37.74432,38.19347,38.411745,37.749232,38.142609,37.958142,0.184466,0.276211,-0.18349,50.578376,41.122583,35.700907,2.36098,1887549.6
HK,01209,2021-04-19,3.197388,38.24802,38.23544,38.45162,37.831783,38.318976,38.056724,0.262252,0.273419,-0.022335,54.269712,41.189307,35.713933,2.297275,1839444.8
HK,01209,2021-04-20,0.0,38.71814,38.36556,38.460015,37.862565,38.468211,38.148004,0.320207,0.282777,0.07486,54.269712,41.206876,35.713154,2.238126,1761965.2
HK,01209,2021-04-21,-1.175138,38.7937,38.26062,38.457915,37.866063,38.523455,38.198322,0.325133,0.291248,0.06777,52.543411,41.203585,35.712245,2.16221,1452656.4
HK,01209,2021-04-22,0.108171,38.86926,38.24383,38.52088,37.899643,38.576662,38.248024,0.328638,0.298726,0.059824,52.690839,41.243545,35.798215,2.109709,1443564.2
HK,01209,2021-04-23,-0.324163,39.00358,38.37395,38.55236,37.960507,38.602299,38.284711,0.317587,0.302498,0.030178,52.167256,41.27002,35.8347,2.033973,1693141.2
HK,01209,2021-04-26,2.275232,39.07074,38.65938,38.75174,38.024168,38.759607,38.383977,0.375629,0.317125,0.11701,55.498893,41.151127,36.352353,2.029611,1875428.2
HK,01209,2021-04-27,0.0,39.1379,38.92802,38.894455,38.099723,38.892713,38.47589,0.416823,0.337064,0.159518,55.498893,41.140111,36.648799,1.968589,1994468.2
HK,01209,2021-04-28,1.906887,39.44852,39.12111,38.928035,38.185073,39.121588,38.616965,0.504623,0.370576,0.268094,58.380709,41.240488,36.615582,1.890939,2141639.2
HK,01209,2021-04-29,-4.261969,39.40654,39.1379,38.774825,38.27672,39.050482,38.620108,0.430374,0.382536,0.095677,50.378432,40.699647,36.850003,1.929772,2152849.2
HK,01209,2021-04-30,-0.434306,39.35618,39.17988,38.686675,38.347378,38.964485,38.610582,0.353903,0.376809,-0.045812,49.663221,40.490012,36.883338,1.884881,1857717.6
HK,01209,2021-05-03,-0.65443,39.07914,39.07494,38.65519,38.392152,38.852964,38.583102,0.269863,0.35542,-0.171114,48.549602,40.466644,36.843736,1.840197,1537393.6
HK,01209,2021-05-04,1.536888,38.91964,39.02877,38.697165,38.448818,38.849016,38.60119,0.247826,0.333901,-0.172151,51.293698,40.483547,36.910783,1.81669,1313904.2
HK,01209,2021-05-05,-1.729711,38.4747,38.96161,38.611115,38.467008,38.742352,38.568191,0.174161,0.301953,-0.255584,48.134296,40.326317,36.895913,1.791869,1195093.6
HK,01209,2021-05-06,2.09012,38.53346,38.97,38.606915,38.49639,38.77479,38.59671,0.17808,0.277178,-0.198197,51.92132,40.31833,36.8955,1.765822,1243380.4
HK,01209,2021-05-07,-5.603391,38.18926,38.77272,38.573335,38.471205,38.466438,38.461435,0.005002,0.222743,-0.435482,42.726153,40.397494,36.749176,1.810591,1551092.2
HK,01209,2021-05-10,-2.96814,37.67716,38.37815,38.518765,38.373262,38.037617,38.255336,-0.21772,0.134651,-0.704741,39.00632,40.602253,36.435277,1.888142,2196132.2
HK,01209,2021-05-11,-0.352868,37.02234,37.97099,38.449505,38.285813,37.655399,38.055178,-0.39978,0.027765,-0.855088,38.588952,40.811948,36.087062,1.897189,2504418.6
HK,01209,2021-05-12,0.236266,36.51864,37.49667,38.30889,38.212357,37.344907,37.876069,-0.531162,-0.084021,-0.894283,39.057488,40.970442,35.647338,1.899597,3142384.0
HK,01209,2021-05-13,-0.942274,35.78828,37.16087,38.149385,38.132603,37.030521,37.685353,-0.654832,-0.198183,-0.913297,37.815404,41.113238,35.185532,1.838869,3222578.0
HK,01209,2021-05-14,0.356643,35.51964,36.85445,38.017165,38.051452,36.783872,37.518089,-0.734218,-0.30539,-0.857656,38.603752,41.210163,34.824167,1.806464,3087437.8
HK,01209,2021-05-17,2.488194,35.64558,36.66137,37.868155,37.971,36.710784,37.428512,-0.717729,-0.387858,-0.659742,43.96061,41.087877,34.648433,1.764381,2740518.4
HK,01209,2021-05-18,2.196437,35.9562,36.48927,37.75902,37.921328,36.771632,37.404645,-0.633012,-0.436889,-0.392248,48.351188,40.926242,34.591798,1.719303,2542223.8
HK,01209,2021-05-20,-1.357451,36.14928,36.33396,37.647785,37.820587,36.745627,37.345234,-0.599607,-0.469432,-0.260349,45.90487,40.813384,34.482186,1.698439,2367555.0
HK,01209,2021-05-21,4.816598,36.76212,36.2752,37.6226,37.760422,36.994854,37.420817,-0.425963,-0.460738,0.069551,54.56897,40.756784,34.488416,1.709043,2616887.2
HK,01209,2021-05-24,3.829212,37.6436,36.58162,37.67717,37.752027,37.431753,37.599623,-0.16787,-0.402165,0.46859,60.278205,40.923504,34.430836,1.715897,3078623.2
HK,01209,2021-05-25,-2.528951,38.1473,36.89644,37.637295,37.782808,37.646453,37.690562,-0.044109,-0.330554,0.572889,55.159276,40.805612,34.468978,1.734255,3483412.6
HK,01209,2021-05-26,3.135165,38.73496,37.34558,37.658285,37.791903,38.015399,37.864935,0.150463,-0.23435,0.769627,59.621481,40.884034,34.432536,1.733308,4202584.2
HK,01209,2021-05-27,-3.983309,39.10434,37.62681,37.56174,37.76322,38.082183,37.908236,0.173947,-0.152691,0.653276,52.279943,40.563639,34.559841,1.747422,9792357.8
HK,01209,2021-05-28,-2.947503,38.89446,37.82829,37.49458,37.702357,37.96434,37.864382,0.099958,-0.102161,0.404238,47.778437,40.45506,34.5341,1.784506,10231361.8
HK,01209,2021-05-31,5.061877,38.76854,38.20607,37.53026,37.670875,38.155226,37.963694,0.191532,-0.043422,0.469908,54.768938,40.554455,34.506065,1.812948,9900127.0
HK,01209,2021-06-01,-2.141303,38.6762,38.41175,37.53656,37.626102,38.187591,37.993465,0.194126,0.004087,0.380078,51.471179,40.567157,34.505963,1.779395,9306862.6
HK,01209,2021-06-02,0.218685,38.35718,38.54607,37.51767,37.637295,38.227885,38.027245,0.20064,0.043398,0.314483,51.783646,40.520433,34.514907,1.751238,8776642.6
HK,01209,2021-06-03,-4.366767,38.02138,38.56286,37.44841,37.656183,38.003672,37.934153,0.069519,0.048622,0.041794,45.473531,40.453012,34.443808,1.79705,3510812.4
HK,01209,2021-06-04,-2.054908,37.76112,38.32779,37.301495,37.749928,37.697707,37.791986,-0.094279,0.020042,-0.228642,42.93776,40.284682,34.318308,1.767632,3189455.4
HK,01209,2021-06-07,1.631825,37.24062,38.00458,37.2931,37.839477,37.529229,37.703884,-0.174655,-0.018898,-0.311514,45.484136,40.283154,34.303046,1.767301,3274312.0
HK,01209,2021-06-08,0.688202,36.9384,37.8073,37.35187,37.908737,37.425424,37.640966,-0.215542,-0.058226,-0.314631,46.584406,40.257741,34.445999,1.731015,3844361.8
HK,01209,2021-06-09,0.11369,36.62778,37.49248,37.41903,37.950012,37.344036,37.585813,-0.241777,-0.094937,-0.293681,46.776825,40.215544,34.622516,1.715307,3874287.8
HK,01209,2021-06-10,-0.113561,36.64458,37.33298,37.479895,37.993387,37.268723,37.531642,-0.262919,-0.128533,-0.268772,46.59606,40.169584,34.790206,1.652756,3259024.0
HK,01209,2021-06-11,2.505528,36.99718,37.37915,37.60372,38.029065,37.347058,37.549883,-0.202825,-0.143391,-0.118868,51.082552,40.102057,35.105383,1.60666,2945920.8
HK,01209,2021-06-15,0.111176,37.24064,37.24063,37.72335,38.050753,37.419803,37.569884,-0.150082,-0.14473,-0.010704,51.283026,40.013859,35.432841,1.548862,2814621.4
HK,01209,2021-06-16,-1.553944,37.31618,37.12729,37.76952,38.029765,37.390941,37.544871,-0.15393,-0.14657,-0.014721,48.300159,39.97994,35.5591,1.528179,2358666.0
HK,01209,2021-06-17,3.156676,37.6184,37.12309,37.83458,38.017872,37.547335,37.608769,-0.061435,-0.129543,0.136216,54.055505,40.039678,35.629482,1.535952,2537470.6
HK,01209,2021-06-18,3.088459,38.16624,37.40541,37.984135,38.029945,37.86216,37.755801,0.106359,-0.082362,0.377442,59.014629,40.239869,35.728401,1.56512,5736791.2
HK,01209,2021-06-21,1.170136,38.62206,37.80962,38.068705,38.070728,38.199828,37.92626,0.273567,-0.011176,0.569488,60.794574,40.495633,35.641777,1.576676,6010007.4
HK,01209,2021-06-22,0.946401,39.1453,38.19297,38.098775,38.109435,38.54387,38.112174,0.431695,0.077398,0.708595,62.239648,40.625339,35.572211,1.53927,6120070.2
HK,01209,2021-06-23,3.958344,40.1062,38.71119,38.259245,38.216093,39.081228,38.40288,0.678348,0.197588,0.96152,67.65968,41.304869,35.213621,1.667008,7231221.6
HK,01209,2021-06-24,6.01189,41.33748,39.47794,38.48521,38.345983,39.924716,38.859252,1.065464,0.371163,1.388602,74.004338,42.532903,34.437517,1.836765,7744966.6
HK,01209,2021-06-25,-0.850464,42.25572,40.21098,38.77198,38.420585,40.580129,39.253744,1.326385,0.562208,1.528354,71.731553,43.520865,34.023095,1.822903,4857506.8
HK,01209,2021-06-28,0.0,43.0813,40.85168,39.115415,38.461607,41.134709,39.619015,1.515694,0.752905,1.525578,71.731553,44.361004,33.869826,1.885246,4401519.4
HK,01209,2021-06-29,3.336434,44.1259,41.6356,39.438115,38.551683,41.830769,40.066429,1.764341,0.955192,1.618297,75.171406,45.409883,33.466347,1.904021,4447204.6
HK,01209,2021-06-30,-1.937401,44.67346,42.38983,39.75856,38.650103,42.283651,40.415175,1.868476,1.137849,1.461255,69.691268,46.139518,33.377602,1.921455,3677461.6
HK,01209,2021-07-02,-3.856883,44.3702,42.85384,39.988465,38.734433,42.401182,40.610169,1.791012,1.268482,1.045062,60.42952,46.49431,33.48262,2.061001,3649767.6
HK,01209,2021-07-05,-5.185887,43.69626,42.97599,40.1907,38.750075,42.157184,40.625357,1.531828,1.321151,0.421354,50.994782,46.53326,33.84814,2.106337,4100511.4
HK,01209,2021-07-06,-2.88961,42.78644,42.93387,40.371745,38.760052,41.769279,40.552056,1.217223,1.300365,-0.166285,46.834521,46.42741,34.31608,2.064198,4903019.6
HK,01209,2021-07-07,0.743772,41.64074,42.88332,40.538145,38.801527,41.486405,40.506022,0.980383,1.236369,-0.511972,47.976982,46.348304,34.727986,2.016041,5450830.0
HK,01209,2021-07-08,-4.324753,40.32658,42.50002,40.605605,38.825413,40.981374,40.33548,0.645894,1.118274,-0.94476,42.249571,46.272688,34.938522,2.100696,5924235.6
HK,01209,2021-07-09,2.756278,39.5684,41.9693,40.72362,38.864052,40.716039,40.25557,0.460469,0.986713,-1.052488,46.447643,46.170857,35.276383,2.203374,5871330.6
HK,01209,2021-07-12,4.720978,39.62736,41.66181,40.936395,38.908393,40.776649,40.318861,0.457787,0.880928,-0.846281,52.932729,46.086845,35.785945,2.214476,5341791.8
HK,01209,2021-07-13,-1.024568,39.83796,41.3122,41.08194,38.945015,40.763134,40.346264,0.416869,0.788116,-0.742494,51.409014,46.027589,36.136291,2.149571,4528483.6
HK,01209,2021-07-14,2.484467,40.19178,40.91626,41.27593,39.005482,40.907221,40.446519,0.460702,0.722633,-0.523863,54.77392,45.993669,36.558191,2.080273,3972715.4
HK,01209,2021-07-15,0.0,40.89098,40.60878,41.499305,39.04566,41.029141,40.539347,0.489794,0.676065,-0.372543,54.77392,45.837858,37.160752,2.061053,3244450.4
HK,01209,2021-07-16,2.424238,41.58176,40.57508,41.71446,39.102687,41.287827,40.700181,0.587646,0.658381,-0.141471,58.136138,45.839926,37.588994,2.02215,2475521.2
HK,01209,2021-07-19,-0.591656,41.85134,40.73935,41.85767,39.163197,41.467838,40.830382,0.637456,0.654196,-0.033481,56.995471,45.876183,37.839157,2.01611,2164923.4
HK,01209,2021-07-20,-4.464187,41.82608,40.83202,41.882945,39.191417,41.328555,40.810539,0.518016,0.62696,-0.217888,49.198204,45.862003,37.903887,2.10076,2351979.4
HK,01209,2021-07-21,-1.350015,41.48912,40.84045,41.861885,39.21261,41.126454,40.751603,0.374852,0.576539,-0.403374,47.189594,45.875658,37.848112,2.134234,2196042.8
HK,01209,2021-07-22,2.000005,41.31222,41.1016,41.80081,39.23245,41.078569,40.756314,0.322255,0.525682,-0.406853,50.378145,45.839182,37.762438,2.057003,1958503.8
HK,01209,2021-07-23,-3.921578,40.61302,41.09739,41.533345,39.225613,40.791805,40.642113,0.149692,0.450484,-0.601584,44.580715,45.512423,37.554267,2.069531,2157450.4
HK,01209,2021-07-26,-14.071035,38.86078,40.35606,41.008935,39.114218,39.70025,40.127638,-0.427388,0.27491,-1.404594,31.235673,46.069517,35.948353,2.400079,5488427.6
HK,01209,2021-07-27,0.0,37.48762,39.65685,40.484525,39.031507,38.776627,39.651272,-0.874645,0.044999,-1.839287,31.235673,46.245243,34.723807,2.460309,9658936.2
HK,01209,2021-07-28,11.87505,37.02428,39.2567,40.08648,39.018285,38.610715,39.5066,-0.895885,-0.143178,-1.505414,45.066001,45.448345,34.724615,2.570394,11311226.4
HK,01209,2021-07-29,5.251444,36.79682,39.05452,39.83165,39.042257,38.774897,39.519289,-0.744391,-0.263421,-0.961941,50.382939,44.743648,34.919652,2.600409,12287038.4
HK,01209,2021-07-30,-0.106104,36.88106,38.74704,39.66106,39.055732,38.907344,39.527919,-0.620575,-0.334852,-0.571447,50.271507,44.346198,34.975922,2.52598,12511020.2
HK,01209,2021-08-02,-3.825834,37.7656,38.31319,39.52627,39.055127,38.786122,39.423584,-0.637463,-0.395374,-0.484178,46.299426,44.225928,34.826612,2.577217,9749731.8
HK,01209,2021-08-03,-4.088207,38.33846,37.91304,39.37253,39.015257,38.443795,39.211541,-0.767746,-0.469848,-0.595795,42.57625,44.245764,34.499296,2.534537,5723679.6
HK,01209,2021-08-04,-1.958644,37.9678,37.49604,39.168245,38.99983,38.043965,38.96216,-0.918195,-0.559518,-0.717355,40.946814,44.268051,34.068439,2.497913,4380936.6
HK,01209,2021-08-05,-1.527693,37.09168,36.94425,39.022925,38.993467,37.621401,38.690689,-1.069288,-0.661472,-0.815632,39.695725,44.383366,33.662484,2.436826,5194827.4
HK,01209,2021-08-06,2.506141,36.4009,36.64098,38.869185,39.003945,37.39994,38.504853,-1.104913,-0.75016,-0.709507,42.739359,44.368561,33.369809,2.45231,5972347.0
HK,01209,2021-08-09,-0.116357,36.00498,36.88529,38.620675,39.012322,37.206072,38.329664,-1.123592,-0.824846,-0.597491,42.629086,44.141704,33.099646,2.415538,6257284.8
HK,01209,2021-08-10,2.563932,36.10606,37.22226,38.439555,39.041738,37.184584,38.236089,-1.051505,-0.870178,-0.362653,45.935443,43.914797,32.964313,2.381392,7016830.8
HK,01209,2021-08-11,3.068277,36.57782,37.27281,38.264755,39.088012,37.341371,38.23369,-0.892318,-0.874606,-0.035425,49.762406,43.531772,32.997738,2.379779,7461956.0
HK,01209,2021-08-12,-2.094823,36.99904,37.04536,38.04994,39.106255,37.350914,38.172187,-0.821273,-0.863939,0.085334,47.228955,43.084372,33.015508,2.357216,7000145.0
HK,01209,2021-08-13,-2.928076,37.0243,36.7126,37.72982,39.092953,37.190496,38.034114,-0.843617,-0.859875,0.032516,43.932676,42.333946,33.125694,2.336265,6070129.6
HK,01209,2021-08-16,-0.115952,37.04956,36.52727,37.42023,39.087345,37.048282,37.90315,-0.854868,-0.858874,0.008011,43.806108,41.51561,33.32485,2.271682,5462056.8
HK,01209,2021-08-17,-2.090658,36.73786,36.42196,37.1675,39.039717,36.8113,37.725724,-0.914424,-0.869984,-0.088881,41.487944,41.075604,33.259396,2.289933,5409449.4
HK,01209,2021-08-18,0.474542,36.2324,36.40511,36.950575,38.970412,36.6367,37.573922,-0.937222,-0.883431,-0.107582,42.21974,40.679944,33.221206,2.228659,4785585.0
HK,01209,2021-08-19,-3.069536,35.66798,36.33351,36.63888,38.899645,36.320484,37.352246,-1.031762,-0.913097,-0.237329,38.82149,40.052852,33.224908,2.195833,3668905.2
HK,01209,2021-08-20,-6.090286,34.90138,35.96284,36.30191,38.773488,35.728902,36.990984,-1.262081,-0.982894,-0.558374,33.274458,39.954497,32.649323,2.264638,5576493.0
HK,01209,2021-08-23,2.464342,34.30326,35.67641,36.28085,38.687255,35.351456,36.715763,-1.364307,-1.059177,-0.61026,36.960496,39.997572,32.564128,2.205171,6015840.2
HK,01209,2021-08-24,4.303767,34.1432,35.44053,36.331395,38.643778,35.252401,36.56701,-1.314609,-1.110263,-0.408691,43.025781,39.931848,32.730942,2.174023,5466014.8
HK,01209,2021-08-25,1.213855,34.0337,35.13305,36.20293,38.575842,35.233401,36.460483,-1.227082,-1.133627,-0.186911,44.711089,39.782429,32.623431,2.1451,5789159.4
HK,01209,2021-08-26,-2.757843,33.94946,34.80872,35.92704,38.50575,35.068278,36.290084,-1.221807,-1.151263,-0.141088,41.659393,39.232778,32.621302,2.15735,6147855.0
HK,01209,2021-08-27,2.466035,34.45492,34.67815,35.695375,38.4483,35.058158,36.194708,-1.13655,-1.14832,0.023541,45.164162,38.547252,32.843498,2.141654,4371377.8
HK,01209,2021-08-30,0.481394,34.83402,34.56864,35.547955,38.421642,35.075518,36.118878,-1.043359,-1.127328,0.167938,45.864705,38.179701,32.916209,2.139107,4513410.6
HK,01209,2021-08-31,-2.155753,34.77506,34.45913,35.440545,38.39494,34.973562,35.992501,-1.01894,-1.10565,0.173421,43.19089,38.07349,32.8076,2.112678,7501287.4
HK,01209,2021-09-01,1.713607,34.74978,34.39174,35.398425,38.368272,34.978014,35.919168,-0.941154,-1.072751,0.263194,45.83572,38.031101,32.765749,2.043001,7783465.8
HK,01209,2021-09-02,-1.083065,34.84244,34.39595,35.36473,38.331087,34.923458,35.823185,-0.899727,-1.038146,0.276838,44.404476,38.018883,32.710577,2.014408,7656337.6
HK,01209,2021-09-03,-1.094924,34.6908,34.57286,35.26785,38.286885,34.818972,35.706231,-0.887259,-1.007969,0.24142,42.959844,37.937027,32.598673,1.918657,7374552.2
HK,01209,2021-09-06,-1.107046,34.42964,34.63183,35.15412,38.237063,34.672238,35.569858,-0.89762,-0.985899,0.176558,41.50565,37.858596,32.449644,1.829746,6581441.8
HK,01209,2021-09-07,-1.119438,34.2443,34.50968,34.975105,38.165533,34.489755,35.415506,-0.925751,-0.973869,0.096238,40.045822,37.622953,32.327257,1.759221,3295031.0
HK,01209,2021-09-08,1.635305,34.05054,34.40016,34.766605,38.10243,34.419593,35.31315,-0.893557,-0.957807,0.1285,43.155919,36.986897,32.546313,1.720813,2803591.6
HK,01209,2021-09-09,-7.425581,33.42716,34.1348,34.47176,38.007002,33.971425,35.031176,-1.059751,-0.978196,-0.16311,34.310112,36.77764,32.16588,1.808505,4117448.6
HK,01209,2021-09-10,2.40617,33.03122,33.86101,34.26958,37.90462,33.708836,34.826244,-1.117408,-1.006038,-0.222739,38.38975,36.604828,31.934332,1.751533,4511165.8
HK,01209,2021-09-13,1.174972,32.78692,33.60828,34.08846,37.788787,33.544969,34.664574,-1.119605,-1.028752,-0.181707,40.383637,36.336491,31.840429,1.734738,5268615.2
HK,01209,2021-09-14,-3.999853,32.3573,33.3008,33.879965,37.64347,33.205435,34.418161,-1.212726,-1.065546,-0.294359,36.055568,36.327373,31.432557,1.731171,5967841.2
HK,01209,2021-09-15,-0.403344,31.79288,32.92171,33.656725,37.489728,32.898691,34.180638,-1.281947,-1.108826,-0.34624,35.657164,36.219743,31.093707,1.712816,6151510.8
HK,01209,2021-09-16,-4.85813,31.43064,32.4289,33.412425,37.284038,32.405862,33.848391,-1.442529,-1.175567,-0.533924,31.202959,36.461678,30.363172,1.789043,5626573.8
HK,01209,2021-09-17,4.822649,31.2032,32.11721,33.345035,37.060097,32.209176,33.646836,-1.43766,-1.227986,-0.41935,38.958648,36.530685,30.159385,1.823719,9211976.6
HK,01209,2021-09-20,-3.653694,30.67248,31.7297,33.180765,36.823517,31.867779,33.375967,-1.508187,-1.284026,-0.448323,35.532812,36.686557,29.674973,1.858932,9604275.0
HK,01209,2021-09-21,4.634863,30.6809,31.5191,33.01439,36.610103,31.792752,33.228125,-1.435373,-1.314295,-0.242155,42.220292,36.530366,29.498414,1.873579,8938763.8
HK,01209,2021-09-23,8.053512,31.22004,31.50646,32.95331,36.41424,32.118067,33.278434,-1.160367,-1.28351,0.246285,51.974745,36.361006,29.545614,1.935309,10179945.8
HK,01209,2021-09-24,-0.248324,32.0456,31.73812,32.93646,36.231717,32.38038,33.31878,-0.9384,-1.214488,0.552176,51.66181,36.32339,29.54953,1.911402,9693376.4
HK,01209,2021-09-27,-0.622651,32.54262,31.87291,32.86696,36.074465,32.569937,33.340537,-0.7706,-1.12571,0.71022,50.837338,36.136467,29.597453,1.838051,5825524.6
HK,01209,2021-09-28,3.258014,33.48612,32.0793,32.84379,35.972672,32.898808,33.441801,-0.542993,-1.009167,0.932348,54.870509,36.053681,29.633899,1.863212,5711833.0
HK,01209,2021-09-29,2.184536,34.30326,32.49208,32.89644,35.903172,33.29373,33.591727,-0.297997,-0.866933,1.137872,57.47188,36.239334,29.553546,1.90764,5913513.4
HK,01209,2021-09-30,2.731646,34.80872,33.01438,32.968045,35.844905,33.776941,33.80231,-0.025369,-0.69862,1.346502,60.597262,36.541705,29.394385,1.885708,4641647.4
HK,01209,2021-10-04,1.271593,35.42368,33.73464,33.08177,35.823142,34.257088,34.031613,0.225475,-0.513801,1.478553,62.034182,36.988179,29.175361,1.868358,4244379.2
HK,01209,2021-10-05,0.342567,36.10604,34.32433,33.22077,35.785935,34.682813,34.253293,0.42952,-0.325137,1.509313,62.436658,37.465903,28.975637,1.840204,3958832.2
HK,01209,2021-10-06,-0.455107,36.53568,35.0109,33.3703,35.715032,35.017119,34.446072,0.571047,-0.1459,1.433894,61.500682,37.897037,28.843563,1.780968,2964250.6
HK,01209,2021-10-07,4.114413,37.11696,35.71011,33.614605,35.676422,35.533285,34.736896,0.796389,0.042558,1.507663,66.384535,38.639914,28.589296,1.771099,2758008.2
HK,01209,2021-10-08,-5.268919,37.10012,35.95442,33.73044,35.587267,35.658995,34.856415,0.80258,0.194562,1.216036,56.155973,38.893951,28.566929,1.822099,2881131.6
HK,01209,2021-10-11,0.810995,37.04958,36.23663,33.987375,35.503025,35.810719,34.988917,0.821802,0.32001,1.003583,57.19171,39.193887,28.780863,1.797249,2768851.0
HK,01209,2021-10-12,0.0,36.97376,36.5399,34.206405,35.401935,35.939101,35.111605,0.827496,0.421507,0.811977,57.19171,39.472816,28.939994,1.759138,2667247.8
HK,01209,2021-10-15,0.5747,36.97376,36.75472,34.41701,35.308567,36.080131,35.240805,0.839327,0.505071,0.668511,58.013478,39.753031,29.080989,1.732771,3565506.8
HK,01209,2021-10-18,-2.742852,36.4683,36.79263,34.642355,35.22994,36.043942,35.285552,0.75839,0.555735,0.405309,52.776327,39.81746,29.46725,1.79253,3585706.8
HK,01209,2021-10-19,-1.880044,36.23242,36.66627,34.840325,35.149208,35.909643,35.277067,0.632576,0.571103,0.122946,49.564107,39.772547,29.908103,1.796871,3157675.8
HK,01209,2021-10-20,0.479088,35.97128,36.51043,35.122535,35.057947,35.821929,35.281692,0.540237,0.56493,-0.049386,50.377377,39.454258,30.790812,1.74073,3061261.2
HK,01209,2021-10-21,3.337059,35.946,36.45988,35.392105,35.013017,35.92914,35.373329,0.55581,0.563106,-0.014591,55.75476,39.350747,31.433463,1.739742,3570947.6
HK,01209,2021-10-22,0.461406,35.9123,36.44303,35.726965,35.06286,36.04578,35.47066,0.575119,0.565509,0.019221,56.480425,38.844896,32.609034,1.726796,2907581.0
HK,01209,2021-10-25,2.181409,36.24084,36.35457,36.03234,35.126042,36.267598,35.620063,0.647535,0.581914,0.131242,59.848695,38.52019,33.54449,1.741847,3228881.2
HK,01209,2021-10-26,-5.39325,36.2998,36.26611,36.110265,35.088835,36.144245,35.608636,0.535608,0.572653,-0.074089,49.438525,38.418109,33.802421,1.800958,3313239.6
HK,01209,2021-10-27,-1.187623,36.24082,36.10605,36.17134,35.011613,35.975069,35.566856,0.408213,0.539765,-0.263104,47.581672,38.290804,34.051876,1.747539,3277925.6
HK,01209,2021-10-28,-1.442162,35.8449,35.89545,36.217675,34.92667,35.754166,35.490733,0.263432,0.484498,-0.442132,45.379247,38.142976,34.292374,1.731022,2940373.0
HK,01209,2021-10-29,-0.12218,35.40684,35.65957,36.207145,34.866297,35.560756,35.417123,0.143632,0.416325,-0.545386,45.191153,38.167354,34.246936,1.682592,2793451.4
HK,01209,2021-11-01,-4.395455,34.50546,35.37315,36.08289,34.806625,35.163824,35.236648,-0.072824,0.318495,-0.782638,38.944804,38.481376,33.684404,1.691778,2629220.4
HK,01209,2021-11-02,-2.043316,33.87366,35.08673,35.8765,34.747657,34.724282,35.019622,-0.29534,0.195728,-0.982137,36.528249,38.776393,32.976607,1.724373,2508100.4
HK,01209,2021-11-03,3.129063,33.52828,34.88455,35.69749,34.714663,34.507885,34.893554,-0.385669,0.079449,-0.930236,42.311037,38.760501,32.634479,1.682432,2504231.0
HK,01209,2021-11-04,-3.287142,33.06494,34.45492,35.4574,34.648673,34.156287,34.695698,-0.539411,-0.044323,-0.990175,38.245592,38.806205,32.108595,1.703665,2734808.6
HK,01209,2021-11-05,1.437815,32.7027,34.05477,35.2489,34.591107,33.930058,34.546816,-0.616758,-0.15881,-0.915896,40.835413,38.739724,31.758076,1.666218,2612312.6
HK,01209,2021-11-08,0.515514,32.67742,33.59144,34.973005,34.520905,33.764557,34.421445,-0.656888,-0.258426,-0.796924,41.791529,38.301248,31.644762,1.622416,2080479.8
HK,01209,2021-11-09,2.435906,32.94698,33.41032,34.838215,34.445087,33.747641,34.364642,-0.617001,-0.330141,-0.573721,46.235599,38.150725,31.525705,1.584758,1985108.8
HK,01209,2021-11-10,1.251538,33.0986,33.31344,34.709745,34.389627,33.798127,34.343246,-0.545119,-0.373136,-0.343966,48.465635,37.929981,31.489509,1.664111,2586215.6
HK,01209,2021-11-11,2.595977,33.64618,33.35556,34.625505,34.367163,33.976938,34.388961,-0.412023,-0.380914,-0.062219,52.885556,37.724683,31.526327,1.665589,2573584.2
HK,01209,2021-11-12,-1.445922,34.0,33.35135,34.50546,34.336977,34.050471,34.393845,-0.343375,-0.373406,0.060062,50.234154,37.430907,31.580013,1.691033,2549751.6
HK,01209,2021-11-15,-2.567124,34.14322,33.41032,34.391735,34.304685,33.976614,34.332849,-0.356236,-0.369972,0.027472,45.898102,37.276618,31.506852,1.681566,2741473.8
HK,01209,2021-11-16,3.76403,34.3791,33.66304,34.374885,34.290645,34.108519,34.369972,-0.261453,-0.348268,0.173631,52.240476,37.245266,31.504504,1.675783,2668436.6
HK,01209,2021-11-17,-2.297468,34.37068,33.73464,34.309595,34.281518,34.097008,34.345063,-0.248054,-0.328225,0.160342,48.372648,37.148471,31.470719,1.697491,2224385.6
HK,01209,2021-11-18,-4.45529,33.88208,33.76413,34.109525,34.282222,33.853992,34.20968,-0.355688,-0.333718,-0.043941,42.024088,36.860049,31.359001,1.69057,2251967.6
HK,01209,2021-11-19,5.440164,33.84838,33.92419,33.98948,34.29907,33.920516,34.215363,-0.294847,-0.325944,0.062193,50.230707,36.476448,31.502512,1.741308,3015980.8
HK,01209,2021-11-22,-4.299664,33.69674,33.91998,33.75571,34.26748,33.750006,34.111425,-0.361419,-0.333039,-0.056761,44.568821,35.704106,31.807314,1.755322,3141571.4
HK,01209,2021-11-23,0.513529,33.32608,33.85259,33.631455,34.231677,33.631651,34.027668,-0.396017,-0.345634,-0.100764,45.327381,35.439696,31.823214,1.69312,3105363.6
HK,01209,2021-11-24,-0.766206,33.06494,33.71781,33.515625,34.207808,33.492628,33.931396,-0.438768,-0.364261,-0.149014,44.347232,35.24187,31.78938,1.605283,2671775.8
HK,01209,2021-11-25,2.059093,33.24184,33.56196,33.45876,34.181132,33.47867,33.892174,-0.413504,-0.37411,-0.078789,47.601303,35.120094,31.797426,1.541763,2248516.4
HK,01209,2021-11-26,-1.261006,32.9807,33.41454,33.382945,34.144627,33.402059,33.824658,-0.422598,-0.383808,-0.077582,45.798816,34.985181,31.780709,1.488801,1437694.2
HK,01209,2021-11-29,-0.894159,32.95542,33.32608,33.3682,34.115843,33.291865,33.740298,-0.448432,-0.396732,-0.1034,44.527502,34.990276,31.746124,1.448651,1071696.6
HK,01209,2021-11-30,-0.515208,32.86276,33.09442,33.37873,34.074425,33.172717,33.649713,-0.476996,-0.412785,-0.128421,43.780146,34.975648,31.781812,1.444462,1526300.2
HK,01209,2021-12-01,-2.072736,32.68584,32.87539,33.305015,34.028092,32.968207,33.515912,-0.547705,-0.439769,-0.215872,40.826592,35.03681,31.57322,1.419515,1806301.2
HK,01209,2021-12-02,1.322723,32.45838,32.85011,33.30712,33.995097,32.859959,33.423222,-0.563263,-0.464468,-0.197589,43.396537,35.033741,31.580499,1.402363,2026653.4
HK,01209,2021-12-03,4.177644,32.58474,32.78272,33.353455,33.990885,32.975735,33.437243,-0.461508,-0.463876,0.004736,50.765713,35.060522,31.646388,1.425552,2551772.6
HK,01209,2021-12-06,-2.50621,32.6016,32.77851,33.349245,33.978952,32.944099,33.387825,-0.443726,-0.459846,0.03224,46.675809,35.061622,31.636868,1.44407,2858055.2
HK,01209,2021-12-07,3.341766,32.87116,32.86696,33.359775,33.976143,33.085807,33.423186,-0.337379,-0.435353,0.195947,52.080547,35.082095,31.637455,1.437193,2594176.8
HK,01209,2021-12-08,1.492683,33.37662,33.03123,33.37452,34.02388,33.283483,33.493372,-0.209889,-0.39026,0.360741,54.379159,35.125911,31.623129,1.412758,2737019.0
HK,01209,2021-12-09,1.715706,33.91578,33.18708,33.37452,34.06881,33.54147,33.602041,-0.060571,-0.324322,0.527502,56.972134,35.125911,31.623129,1.420154,2786582.2
HK,01209,2021-12-10,-2.409869,34.01686,33.3008,33.35767,34.09338,33.630151,33.640253,-0.010101,-0.261478,0.502754,52.390591,35.073279,31.642061,1.439057,2403663.0
HK,01209,2021-12-13,-2.715876,34.1011,33.35135,33.338715,34.124268,33.562636,33.606997,-0.044361,-0.218055,0.347387,47.83445,35.05288,31.62455,1.453603,2240826.2
HK,01209,2021-12-14,-3.045678,33.76414,33.31765,33.206035,34.140415,33.349984,33.501323,-0.151339,-0.204711,0.106745,43.400052,34.845885,31.566185,1.452067,2083222.0
HK,01209,2021-12-15,-4.581049,33.03124,33.20393,33.03966,34.157263,32.943248,33.294277,-0.351029,-0.233975,-0.234108,37.884507,34.960914,31.118406,1.531877,2252024.0
HK,01209,2021-12-16,4.389342,32.44996,33.18287,33.01649,34.172707,32.806441,33.202404,-0.395964,-0.266373,-0.259182,44.792473,34.973228,31.059752,1.527757,2748500.2
HK,01209,2021-12-17,-1.839708,31.91924,32.96805,32.875385,34.197277,32.599958,33.073656,-0.473698,-0.307838,-0.331721,42.562167,34.852379,30.898391,1.517917,2774606.8
HK,01209,2021-12-20,-5.220838,31.2453,32.6732,32.725855,34.171302,32.172518,32.832763,-0.660245,-0.378319,-0.563852,37.030781,35.109841,30.341869,1.559923,3087009.4
HK,01209,2021-12-21,0.988881,30.83252,32.29833,32.582645,34.108122,31.856207,32.631558,-0.775351,-0.457726,-0.635251,38.574125,35.218951,29.946339,1.529728,3308695.2
HK,01209,2021-12-22,-1.958063,30.59664,31.81394,32.422585,34.036517,31.497837,32.401576,-0.903739,-0.546928,-0.713622,36.640227,35.374033,29.471137,1.504705,3012470.8
HK,01209,2021-12-23,0.71325,30.13332,31.29164,32.23936,33.971932,31.227001,32.20423,-0.977229,-0.632988,-0.688481,37.838812,35.374163,29.104557,1.45439,2344279.2
HK,01209,2021-12-24,-0.566627,29.75424,30.83674,32.06877,33.886287,30.971908,32.00902,-1.037112,-0.713813,-0.646598,37.23194,35.389454,28.748086,1.40767,2080183.2
HK,01209,2021-12-28,0.284759,29.72054,30.48292,31.917135,33.789408,30.769015,31.834508,-1.065493,-0.784149,-0.562688,37.769049,35.384975,28.449295,1.364286,1860316.6
HK,01209,2021-12-29,-3.835012,29.40042,30.11647,31.71706,33.65743,30.422382,31.588685,-1.166303,-0.86058,-0.611447,33.588578,35.473044,27.961076,1.408244,1734330.8
HK,01209,2021-12-30,2.806504,29.3583,29.97747,31.5907,33.531068,30.2522,31.420353,-1.168153,-0.922094,-0.492117,38.728411,35.488543,27.692857,1.376848,1562042.4
HK,01209,2021-12-31,4.453851,29.5352,29.83426,31.508565,33.424362,30.309077,31.361208,-1.052131,-0.948102,-0.208059,46.062888,35.415364,27.601766,1.416902,1922284.0
HK,01209,2022-01-03,-2.476006,29.59416,29.6742,31.321125,33.307827,30.240557,31.250281,-1.009724,-0.960426,-0.098596,42.854881,35.165387,27.476863,1.45108,3403722.6
HK,01209,2022-01-04,-1.128125,29.5689,29.64472,31.15896,33.160403,30.130748,31.122616,-0.991868,-0.966715,-0.050306,41.47275,35.018646,27.299274,1.44371,3792064.0
HK,01209,2022-01-05,-8.41676,29.27404,29.33723,30.81778,33.005257,29.655495,30.820319,-1.164824,-1.006336,-0.316975,33.014223,34.862202,26.773358,1.623402,5099029.4
HK,01209,2022-01-06,0.7788,28.86124,29.10977,30.461855,32.848707,29.285757,30.556014,-1.270256,-1.05912,-0.422272,34.238239,34.445401,26.478309,1.687959,6375491.6
HK,01209,2022-01-07,9.737562,28.71804,29.12662,30.20913,32.736385,29.381164,30.507857,-1.126693,-1.072635,-0.108117,47.304616,33.619056,26.799204,1.784012,7920717.2
HK,01209,2022-01-10,7.042089,29.14768,29.37092,30.10383,32.655653,29.785892,30.619268,-0.833375,-1.024783,0.382816,54.954042,33.133276,27.074384,1.807011,9867966.8
HK,01209,2022-01-11,-0.789394,29.59416,29.58153,30.032225,32.587558,30.089478,30.703707,-0.614229,-0.942672,0.656887,53.942191,32.824821,27.239629,1.765189,10064052.0
HK,01209,2022-01-12,1.989345,30.66404,29.96904,30.042755,32.541225,30.443558,30.828692,-0.385133,-0.831164,0.892062,56.117721,32.869056,27.216454,1.735376,9281472.0
HK,01209,2022-01-13,-2.990954,31.49804,30.17964,30.078555,32.475937,30.594119,30.872655,-0.278537,-0.720639,0.884205,52.0572,32.955254,27.201856,1.752827,8287234.8
HK,01209,2022-01-14,-3.753397,31.56542,30.14173,29.987995,32.371337,30.54007,30.825999,-0.28593,-0.633697,0.695535,47.546804,32.720669,27.255321,1.781061,7644988.6
HK,01209,2022-01-17,-3.899771,30.97572,30.0617,29.86795,32.244272,30.31289,30.695436,-0.382547,-0.583467,0.40184,43.488941,32.540953,27.194947,1.840378,5532592.2
HK,01209,2022-01-18,2.174212,30.56294,30.07855,29.861635,32.1144,30.217876,30.621352,-0.403476,-0.547469,0.287985,46.141134,32.535643,27.187627,1.793165,5120313.0
HK,01209,2022-01-19,7.375578,30.46184,30.56294,29.950085,32.054728,30.474433,30.714993,-0.240559,-0.486087,0.491055,54.169803,32.765265,27.134905,1.833561,5568139.4
HK,01209,2022-01-20,5.944708,30.9336,31.21582,30.162795,32.033668,30.983136,30.942104,0.041032,-0.380663,0.84339,59.760474,33.425249,26.900341,1.862049,7036862.8
HK,01209,2022-01-21,3.740564,31.89396,31.72969,30.428155,32.042092,31.607977,31.245993,0.361984,-0.232134,1.188235,63.000706,34.313017,26.543293,1.903546,7528684.2
HK,01209,2022-01-24,3.726109,33.35136,32.16354,30.76723,32.072982,32.33758,31.624097,0.713483,-0.04301,1.512987,66.043664,35.403953,26.130507,1.924028,7660492.0
HK,01209,2022-01-25,1.274539,34.77504,32.66899,31.12526,32.136865,33.026214,32.008512,1.017702,0.169132,1.69714,67.078224,36.4215,25.82902,1.909948,7917493.4
HK,01209,2022-01-26,0.34335,35.78596,33.1239,31.54647,32.214087,33.62835,32.373815,1.254535,0.386213,1.736645,67.370315,37.268464,25.824476,1.899887,7543375.0
HK,01209,2022-01-27,0.341905,36.44304,33.68832,31.93398,32.276565,34.157281,32.721414,1.435867,0.596144,1.679447,67.67889,38.036411,25.831549,1.866474,6129374.0
HK,01209,2022-01-28,-0.56817,36.80528,34.34962,32.245675,32.353787,34.572438,33.027665,1.544773,0.785869,1.517807,66.548761,38.676196,25.815154,1.835447,4737939.4
HK,01209,2022-01-31,4.342871,37.22648,35.28892,32.67531,32.449963,35.16997,33.429793,1.740177,0.976731,1.526892,70.570933,39.545034,25.805586,1.833715,3522719.2
HK,01209,2022-02-04,1.42395,37.66454,36.21979,33.14917,32.552458,35.759821,33.842697,1.917124,1.16481,1.504628,71.819364,40.382618,25.915722,1.802021,3039137.8
HK,01209,2022-02-07,0.432007,38.11102,36.94849,33.755715,32.644423,36.284849,34.237498,2.047351,1.341318,1.412066,72.210022,40.872372,26.639058,1.769577,2633832.6
HK,01209,2022-02-08,-4.301232,38.19526,37.31915,34.267485,32.701287,36.469887,34.478246,1.991641,1.471383,1.040518,62.830588,40.895111,27.639859,1.796614,2984851.6
HK,01209,2022-02-09,0.78666,38.3806,37.59294,34.661315,32.748322,36.671828,34.723006,1.948822,1.56687,0.763903,63.718859,41.139849,28.182781,1.761549,3053916.2
HK,01209,2022-02-10,1.895057,38.38902,37.80775,34.985645,32.815715,36.952854,35.002672,1.950182,1.643533,0.613299,65.852594,41.550061,28.421229,1.731995,3281941.2
HK,01209,2022-02-11,0.547034,38.33004,37.99729,35.33314,32.90136,37.223046,35.277222,1.945824,1.703991,0.483666,66.477092,41.913366,28.752914,1.710574,3913220.4
HK,01209,2022-02-14,-1.632174,38.111,38.11101,35.617455,32.955415,37.35447,35.484635,1.869834,1.73716,0.265349,62.768403,42.155871,29.079039,1.678648,3773405.4
HK,01209,2022-02-15,0.331956,38.25422,38.22474,35.95653,33.024915,37.48512,35.686047,1.799073,1.749542,0.099061,63.210607,42.289673,29.623387,1.615908,3005825.4
HK,01209,2022-02-16,0.330596,38.36372,38.37216,36.36089,33.121792,37.615102,35.881896,1.733206,1.746275,-0.026138,63.674865,42.196299,30.525481,1.560665,2610597.8
HK,01209,2022-02-17,-1.867989,38.18682,38.28792,36.78842,33.177252,37.614932,36.0102,1.604733,1.717967,-0.226468,59.120094,41.58261,31.99423,1.608646,2734832.8
HK,01209,2022-02-18,-1.007869,37.89198,38.11101,37.1654,33.250963,37.556466,36.100918,1.455548,1.665483,-0.419871,56.803248,40.685798,33.645002,1.574978,2446671.8
HK,01209,2022-02-21,-0.565598,37.68138,37.89619,37.42234,33.318357,37.474594,36.169317,1.305277,1.593442,-0.576329,55.502001,39.983129,34.861551,1.591851,2682832.4
HK,01209,2022-02-22,-0.568816,37.40338,37.8288,37.573975,33.386452,37.372918,36.217049,1.155869,1.505927,-0.700116,54.165725,39.545747,35.602203,1.571419,3405632.4
HK,01209,2022-02-23,-0.91542,37.03272,37.69822,37.64558,33.437698,37.235038,36.236282,0.998756,1.404493,-0.811474,52.007916,39.327433,35.963727,1.516339,3473489.6
HK,01209,2022-02-24,-6.466594,36.3335,37.26016,37.533955,33.456652,36.755479,36.079365,0.676113,1.258817,-1.165407,39.997305,39.75481,35.3131,1.594565,3866272.8
HK,01209,2022-02-25,-2.962961,35.50792,36.69995,37.34862,33.463672,36.194174,35.85919,0.334984,1.07405,-1.478132,36.144799,40.283008,34.414232,1.661189,5128064.2
HK,01209,2022-02-28,2.29015,34.8761,36.27874,37.194875,33.486135,35.835871,35.711487,0.124383,0.884117,-1.519467,40.754061,40.497835,33.891915,1.650847,5338007.8
HK,01209,2022-03-01,-0.372949,34.26114,35.83226,37.0285,33.517727,35.51326,35.56537,-0.05211,0.696872,-1.497963,40.233079,40.659516,33.397484,1.605136,4878349.0
HK,01209,2022-03-02,-2.871463,33.51982,35.27627,36.824215,33.526152,35.091235,35.358313,-0.267077,0.504082,-1.542319,36.390241,40.903207,32.745223,1.583755,5562057.2
HK,01209,2022-03-03,2.184919,33.39346,34.86348,36.5757,33.524045,34.844291,35.21963,-0.375339,0.328198,-1.407073,40.884266,40.828574,32.322826,1.55788,4852164.0
HK,01209,2022-03-04,-1.635007,33.35978,34.43385,36.27243,33.526853,34.551108,35.050665,-0.499557,0.162647,-1.324407,38.636431,40.652546,31.892314,1.563938,3844676.2
HK,01209,2022-03-07,-2.557789,33.00596,33.94103,35.91861,33.497368,34.173414,34.831808,-0.658394,-0.001561,-1.313665,35.41012,40.4453,31.39192,1.566557,3458088.0
HK,01209,2022-03-08,-5.511573,32.3236,33.29237,35.560585,33.429975,33.581674,34.498126,-0.916452,-0.18454,-1.463826,29.785897,40.633932,30.487238,1.638182,3963315.8
HK,01209,2022-03-09,-1.944466,31.71706,32.61844,35.15833,33.342925,32.990247,34.14548,-1.155233,-0.378678,-1.553109,28.179138,40.715859,29.600801,1.66859,3453378.4
HK,01209,2022-03-10,3.115942,31.15264,32.27305,34.766605,33.28536,32.632363,33.887592,-1.25523,-0.553988,-1.402482,34.186717,40.430595,29.102615,1.639662,3962402.2
HK,01209,2022-03-11,-2.88449,30.52082,31.9403,34.320125,33.228497,32.193461,33.583289,-1.389828,-0.721156,-1.337344,31.479822,40.077642,28.562608,1.724122,5018039.8
HK,01209,2022-03-14,-13.154351,29.27404,31.14,33.70937,33.123193,31.219421,33.011357,-1.791936,-0.935312,-1.713247,22.850404,40.277546,27.141194,1.919885,6024424.2
HK,01209,2022-03-15,-4.559937,28.1452,30.2344,33.03333,33.022805,30.213802,32.394434,-2.180632,-1.184376,-1.992511,20.985365,40.352377,25.714283,1.999372,7836691.2
HK,01209,2022-03-16,25.597073,28.39792,30.05749,32.66688,33.005255,30.33491,32.291217,-1.956307,-1.338762,-1.235089,46.281921,39.612846,25.720914,2.319888,9594319.4
HK,01209,2022-03-17,5.298861,28.79386,29.97325,32.418365,33.024912,30.690108,32.317327,-1.627218,-1.396454,-0.46153,50.701156,38.983783,25.852947,2.370803,10077496.4
HK,01209,2022-03-18,-3.225737,29.1561,29.83846,32.136155,33.054397,30.828661,32.263502,-1.434842,-1.404131,-0.061421,47.97651,38.323508,25.948802,2.372953,8922576.2
HK,01209,2022-03-21,-3.999911,30.04908,29.66156,31.801295,33.057907,30.751497,32.120065,-1.368568,-1.397019,0.056902,44.861014,37.607375,25.995215,2.368928,8048517.8
HK,01209,2022-03-22,3.749782,31.40536,29.77528,31.533825,33.090198,30.861159,32.07149,-1.210331,-1.359681,0.298701,48.125851,36.865079,26.202571,2.32909,5768203.6
HK,01209,2022-03-23,-0.936935,31.43906,29.91849,31.268465,33.114067,30.908596,32.004676,-1.096079,-1.306961,0.421762,47.343258,36.093478,26.443452,2.268026,3833870.8
HK,01209,2022-03-24,1.351321,31.22846,30.01116,31.142105,33.147763,31.013535,31.974011,-0.960476,-1.237664,0.554376,48.628617,35.791169,26.493041,2.229374,3135712.8
HK,01209,2022-03-25,-3.866644,30.98416,30.07013,31.005215,33.159698,30.914407,31.855136,-0.940729,-1.178277,0.475095,45.18397,35.575352,26.435078,2.217555,2838867.8
HK,01209,2022-03-28,-0.277584,30.97572,30.5124,30.8262,33.189182,30.81756,31.738822,-0.921263,-1.126874,0.411223,44.947337,35.210928,26.441472,2.15543,2388047.6
HK,01209,2022-03-29,0.973753,30.79882,31.10209,30.668245,33.210242,30.780981,31.652969,-0.871988,-1.075897,0.407818,46.0125,34.844537,26.491953,2.148892,2285797.8
HK,01209,2022-03-30,5.785192,31.0347,31.23688,30.647185,33.239025,31.0222,31.704519,-0.68232,-0.997181,0.629723,52.010991,34.784938,26.509432,2.196978,2574730.6
HK,01209,2022-03-31,0.911314,31.2453,31.23688,30.605065,33.285358,31.271661,31.774088,-0.502427,-0.89823,0.791607,52.949149,34.642296,26.567834,2.178444,2462330.8
HK,01209,2022-04-01,0.516179,31.7339,31.35903,30.598745,33.340115,31.508667,31.850985,-0.342318,-0.787048,0.889459,53.508603,34.621715,26.575775,2.125134,2284085.8
HK,01209,2022-04-04,7.317095,32.71954,31.84763,30.754595,33.476307,32.07858,32.100031,-0.021451,-0.633929,1.224955,60.682305,35.215219,26.293971,2.198988,2547748.2
HK,01209,2022-04-06,-1.076588,33.57038,32.1846,30.97994,33.60267,32.502491,32.302547,0.199944,-0.467154,1.334195,59.130815,35.774292,26.185588,2.174296,2799346.6
HK,01209,2022-04-07,-0.725441,34.01686,32.52578,31.222135,33.680593,32.822307,32.471344,0.350964,-0.303531,1.308989,58.065107,36.225769,26.218501,2.115268,2487448.0
HK,01209,2022-04-08,0.974226,34.47176,32.85853,31.434845,33.729032,33.144752,32.652592,0.49216,-0.144392,1.273105,59.122863,36.681296,26.188394,2.033377,2449389.8
HK,01209,2022-04-11,-5.548682,34.50546,33.11968,31.594905,33.74939,33.119514,32.676897,0.442617,-0.026991,0.939215,51.134635,36.824883,26.364927,2.077679,2944206.2
HK,01209,2022-04-12,-1.02181,33.99158,33.35556,31.93398,33.753602,33.046312,32.674438,0.371874,0.052782,0.638183,49.872435,36.466087,27.401873,2.037588,2701657.0
HK,01209,2022-04-13,-0.645147,33.5114,33.54089,32.32149,33.77045,32.951971,32.656561,0.295411,0.101308,0.388205,49.057483,35.3994,29.24358,2.003367,2581226.6
HK,01209,2022-04-14,2.20793,33.22498,33.62092,32.4289,33.81889,32.982314,32.693052,0.289262,0.138899,0.300726,51.933639,35.464631,29.393169,1.944512,2563904.4
HK,01209,2022-04-19,-2.922544,32.67742,33.57459,32.405735,33.87084,32.858943,32.655078,0.203865,0.151892,0.103945,47.986384,35.441627,29.369843,1.977111,2489759.6
HK,01209,2022-04-20,-2.486918,32.3573,33.43138,32.395205,33.89892,32.631428,32.560635,0.070793,0.135672,-0.129758,44.947231,35.443766,29.346644,1.920132,2034714.0
HK,01209,2022-04-21,-3.087307,31.91082,32.9512,32.399415,33.87435,32.28987,32.401425,-0.111555,0.086227,-0.395564,41.519164,35.436752,29.362078,1.891294,2390200.8
HK,01209,2022-04-22,0.692506,31.54858,32.52999,32.357295,33.821698,32.033259,32.269609,-0.236349,0.021712,-0.516121,42.545012,35.467817,29.246773,1.849466,2189759.6
HK,01209,2022-04-25,-1.788263,30.9336,32.07929,32.302535,33.73886,31.731881,32.106993,-0.375112,-0.057653,-0.634918,40.553043,35.531094,29.073976,1.810625,2203556.8
HK,01209,2022-04-26,1.680837,30.61348,31.64545,32.25199,33.642683,31.554638,31.993868,-0.43923,-0.133969,-0.610523,43.196961,35.554352,28.949628,1.768545,2186317.2
HK,01209,2022-04-27,0.964035,30.51238,31.43484,32.27726,33.543698,31.450017,31.910959,-0.460942,-0.199363,-0.523158,44.740495,35.528952,29.025568,1.756549,2139044.0
HK,01209,2022-04-28,3.001496,30.79038,31.3506,32.35308,33.458052,31.50406,31.902836,-0.398776,-0.239246,-0.31906,49.395599,35.483881,29.222279,1.757438,1838065.0
HK,01209,2022-04-29,1.059705,31.09366,31.32112,32.431005,33.375917,31.601636,31.920278,-0.318642,-0.255125,-0.127034,51.011778,35.457215,29.404795,1.725178,1886215.0
HK,01209,2022-05-03,3.669765,31.74234,31.33797,32.479445,33.316948,31.865645,32.023791,-0.158145,-0.235729,0.155168,56.274948,35.529766,29.429124,1.776451,1888680.4
HK,01209,2022-05-04,-1.390852,32.19724,31.40536,32.489975,33.22358,32.017746,32.08531,-0.067564,-0.202096,0.269065,53.827898,35.543943,29.436007,1.706726,1551535.8
HK,01209,2022-05-05,-1.923036,32.46682,31.4896,32.46049,33.110555,32.049247,32.095472,-0.046225,-0.170922,0.249393,50.597438,35.512832,29.408148,1.684103,1373834.6
HK,01209,2022-05-06,-4.183102,32.28148,31.53593,32.243565,32.972257,31.868532,32.005037,-0.136505,-0.164039,0.055067,44.46618,35.09246,29.39467,1.699196,1468265.0
HK,01209,2022-05-10,-1.364228,31.9445,31.51908,32.024535,32.85502,31.650819,31.890101,-0.239282,-0.179087,-0.120389,42.723941,34.712131,29.336939,1.737282,1732461.0
HK,01209,2022-05-11,-0.829792,31.3211,31.53172,31.805505,32.728657,31.427724,31.76496,-0.337236,-0.210717,-0.253038,41.669084,34.33318,29.27783,1.742562,2006167.2
HK,01209,2022-05-12,-1.53407,30.69772,31.44748,31.546465,32.582638,31.167674,31.614771,-0.447096,-0.257993,-0.378207,39.732188,33.791096,29.301834,1.711364,2426046.4
HK,01209,2022-05-13,8.215244,30.6893,31.57806,31.50645,32.473827,31.323478,31.656669,-0.333191,-0.273033,-0.120317,52.318263,33.674614,29.338286,1.802738,3297107.0
HK,01209,2022-05-16,1.832482,31.0684,31.67494,31.51277,32.385373,31.546035,31.739145,-0.19311,-0.257048,0.127876,54.773483,33.694849,29.330691,1.752193,3424130.8
HK,01209,2022-05-17,0.899601,31.5907,31.7676,31.54436,32.299727,31.779707,31.837349,-0.057643,-0.217167,0.319049,55.993419,33.796003,29.292717,1.687208,3294878.2
HK,01209,2022-05-18,0.764557,32.2141,31.7676,31.552785,32.216188,32.016321,31.947005,0.069316,-0.15987,0.458373,57.06299,33.829506,29.276064,1.641907,2962481.4
HK,01209,2022-05-19,-0.505737,32.89646,31.79709,31.601225,32.141775,32.19061,32.036057,0.154554,-0.096986,0.503078,56.084531,33.968713,29.233737,1.629928,2820089.6
HK,01209,2022-05-20,0.381005,33.11548,31.90239,31.695995,32.075785,32.357516,32.127867,0.229649,-0.031659,0.522616,56.684079,34.169845,29.222145,1.57969,2092246.6
HK,01209,2022-05-23,-0.759418,33.16602,32.11721,31.82657,32.009093,32.459868,32.194158,0.265709,0.027815,0.475788,55.064273,34.291064,29.362076,1.557112,1844598.4
HK,01209,2022-05-24,-1.147995,33.08178,32.33624,31.92766,31.939593,32.48815,32.227458,0.260692,0.07439,0.372603,52.634286,34.351737,29.503583,1.545169,1768128.8
HK,01209,2022-05-25,-1.032052,32.8796,32.54685,32.039285,31.870095,32.46025,32.233335,0.226915,0.104895,0.244039,50.501393,34.312624,29.765946,1.497985,1664574.6
HK,01209,2022-05-26,0.782188,32.76166,32.82906,32.13827,31.844122,32.475519,32.257495,0.218023,0.127521,0.181005,52.070289,34.31932,29.95722,1.463193,1584052.2
HK,01209,2022-05-27,-1.293632,32.53422,32.82485,32.201455,31.827977,32.423639,32.248666,0.174973,0.137011,0.075923,49.267261,34.304224,30.098686,1.436901,1641448.2
HK,01209,2022-05-30,0.786289,32.40786,32.78694,32.23094,31.803407,32.418618,32.259209,0.159408,0.141491,0.035835,50.972475,34.326965,30.134915,1.388422,1789948.6
HK,01209,2022-05-31,0.650181,32.39944,32.74061,32.254105,31.784452,32.446769,32.284572,0.162197,0.145632,0.03313,52.408166,34.355756,30.152454,1.370485,3901244.4
HK,01209,2022-06-01,0.775115,32.50894,32.69427,32.230935,31.785855,32.509466,32.326774,0.182692,0.153044,0.059296,54.143386,34.295055,30.166815,1.332772,4130507.6
HK,01209,2022-06-02,-1.794894,32.44996,32.60581,32.20145,31.765497,32.471794,32.322168,0.149626,0.15236,-0.005469,49.598709,34.245863,30.157037,1.342874,4025393.8
HK,01209,2022-06-06,1.566733,32.57632,32.55527,32.22883,31.762688,32.517687,32.355348,0.162339,0.154356,0.015966,53.223322,34.288249,30.169411,1.334204,4067208.8
HK,01209,2022-06-07,-1.413789,32.55948,32.48367,32.30044,31.7662,32.485243,32.351752,0.133491,0.150183,-0.033384,49.695832,34.263887,30.336993,1.30209,3813146.2
HK,01209,2022-06-08,1.434063,32.59318,32.49631,32.416275,31.806917,32.529067,32.382741,0.146326,0.149412,-0.006171,53.047113,34.19483,30.63772,1.272269,1537298.2
HK,01209,2022-06-09,2.184919,32.71954,32.61424,32.580545,31.869395,32.676303,32.464471,0.211832,0.161896,0.099872,57.733504,34.097934,31.063156,1.283685,1479589.4
HK,01209,2022-06-10,-0.880365,32.90488,32.67742,32.75324,31.911517,32.755533,32.51831,0.237223,0.176961,0.120524,55.286717,33.553918,31.952562,1.258187,1455113.8
HK,01209,2022-06-13,-6.725859,32.54264,32.55948,32.692165,31.931173,32.479128,32.402799,0.07633,0.156835,-0.16101,41.086461,33.789647,31.594683,1.339809,1591838.8
HK,01209,2022-06-14,-0.135987,32.26464,32.41206,32.5995,32.015417,32.23877,32.292725,-0.053954,0.114677,-0.337263,40.87325,33.940876,31.258124,1.292251,1615370.8
HK,01209,2022-06-15,1.907377,32.01192,32.30255,32.52158,32.129143,32.126113,32.234486,-0.108373,0.070067,-0.356879,45.165621,33.925365,31.117795,1.296226,1706225.8
HK,01209,2022-06-16,-1.738054,31.50648,32.11301,32.40364,32.128442,31.946542,32.139998,-0.193456,0.017362,-0.421637,42.108583,33.912483,30.894797,1.287881,1503319.6
HK,01209,2022-06-17,-1.224527,30.98418,31.94453,32.27517,32.094043,31.736274,32.024428,-0.288154,-0.043741,-0.488826,40.085759,33.937907,30.612433,1.250047,1944606.4
HK,01209,2022-06-20,6.504294,31.30616,31.9244,32.239835,32.110345,31.864355,32.064752,-0.200397,-0.075072,-0.25065,52.876382,33.84508,30.63459,1.311936,1946428.2
HK,01209,2022-06-21,0.652772,31.67908,31.97186,32.227765,32.15125,32.005439,32.117837,-0.112398,-0.082537,-0.059722,54.00662,33.812783,30.642747,1.288077,1989683.4
HK,01209,2022-06-22,-3.113046,31.72996,31.87094,32.183625,32.156193,31.967817,32.091397,-0.123579,-0.090746,-0.065668,48.049275,33.769021,30.598229,1.284143,1905023.2
HK,01209,2022-06-23,2.008129,32.01792,31.7622,32.18822,32.17668,32.034107,32.11416,-0.080053,-0.088607,0.017108,51.639739,33.775549,30.600891,1.259232,1946897.6
HK,01209,2022-06-24,-0.787377,32.33068,31.65743,32.167425,32.185895,32.050952,32.116341,-0.065389,-0.083963,0.037149,50.146898,33.745624,30.589226,1.233066,1594314.0
HK,01209,2022-06-27,3.174504,32.44972,31.87794,32.21871,32.232475,32.22219,32.193945,0.028245,-0.061522,0.179534,55.667614,33.855369,30.582051,1.269504,1593293.6
HK,01209,2022-06-28,1.666868,32.6368,32.15794,32.285,32.289673,32.45213,32.306749,0.145381,-0.020141,0.331044,58.358014,34.046815,30.523185,1.260825,1683761.6
HK,01209,2022-06-29,-1.639539,32.91742,32.32369,32.31312,32.332743,32.561649,32.370249,0.191399,0.022167,0.338465,54.777985,34.111817,30.514423,1.27098,2020735.4
HK,01209,2022-06-30,-0.256302,33.05348,32.5357,32.324355,32.344912,32.641241,32.422749,0.218492,0.061432,0.31412,54.227129,34.139168,30.509542,1.250046,2104735.0
HK,01209,2022-07-04,0.256961,33.25756,32.79412,32.369325,32.353583,32.721666,32.477657,0.244009,0.097947,0.292123,54.717525,34.220201,30.518449,1.239721,2114732.6
HK,01209,2022-07-05,0.512906,33.29158,32.87065,32.397525,32.362282,32.815886,32.541097,0.274789,0.133316,0.282947,55.739466,34.288714,30.506336,1.224056,1917471.2
HK,01209,2022-07-06,-1.148074,33.1385,32.88765,32.429755,32.324587,32.836735,32.57149,0.265245,0.159701,0.211086,52.849611,34.335575,30.523935,1.221659,1873677.0
HK,01209,2022-07-07,-0.77417,33.04496,32.98119,32.426065,32.288958,32.815129,32.580735,0.234394,0.17464,0.119508,50.953246,34.329519,30.522611,1.195133,1449956.8
HK,01209,2022-07-08,-0.259968,32.95142,33.00245,32.382325,32.256125,32.783771,32.582999,0.200772,0.179866,0.041811,50.305524,34.225587,30.539063,1.167467,1282014.2
HK,01209,2022-07-11,-4.432819,32.55176,32.90466,32.281045,32.193583,32.534837,32.478014,0.056823,0.155258,-0.19687,40.805059,34.157672,30.404418,1.187333,1310181.4
HK,01209,2022-07-12,0.0,32.11808,32.70483,32.291385,32.163333,32.3242,32.380806,-0.056605,0.112885,-0.33898,40.805059,34.140841,30.441929,1.151117,1350171.6
HK,01209,2022-07-13,-1.637056,31.6589,32.3987,32.27832,32.130197,32.067477,32.253005,-0.185528,0.053203,-0.477461,37.877083,34.169651,30.386989,1.150894,1670849.2
HK,01209,2022-07-14,0.138637,31.25924,32.1521,32.237895,32.101278,31.856788,32.13782,-0.281031,-0.013644,-0.534774,38.274414,34.225591,30.250199,1.202316,2062055.2
HK,01209,2022-07-15,-4.293765,30.61296,31.78219,32.158945,32.038457,31.475729,31.933529,-0.457801,-0.102475,-0.71065,31.537368,34.446403,29.871487,1.216658,2363849.6
HK,01209,2022-07-18,3.039153,30.43438,31.49307,32.143595,32.006663,31.290663,31.810512,-0.519849,-0.18595,-0.667798,39.32825,34.476896,29.810294,1.205682,2460896.2
HK,01209,2022-07-19,-1.404561,30.17076,31.14442,32.007535,31.981122,31.068653,31.665111,-0.596458,-0.268052,-0.656813,37.159648,34.535064,29.480006,1.177262,2268924.0
HK,01209,2022-07-20,-0.42717,29.98368,30.82129,31.85447,31.969602,30.861183,31.521036,-0.659853,-0.346412,-0.626882,36.509544,34.541733,29.167207,1.147836,1921709.6
HK,01209,2022-07-21,0.143001,29.7966,30.52792,31.754555,31.95528,30.692171,31.390782,-0.698611,-0.416852,-0.563519,36.90579,34.592668,28.916442,1.156962,1916587.6
HK,01209,2022-07-22,0.0,29.87314,30.24305,31.62275,31.950085,30.54916,31.270176,-0.721016,-0.477685,-0.486663,36.90579,34.571646,28.673854,1.128986,1702816.4
HK,01209,2022-07-25,1.857029,29.88164,30.15801,31.531335,31.945677,30.513181,31.199444,-0.686263,-0.5194,-0.333725,42.333875,34.523022,28.539648,1.154637,1682747.2
HK,01209,2022-07-26,2.664991,30.13676,30.15376,31.429295,31.94982,30.60703,31.193797,-0.586766,-0.532874,-0.107785,49.212015,34.329077,28.529513,1.142013,1819478.2
HK,01209,2022-07-27,0.0,30.41738,30.20053,31.299615,31.938518,30.686441,31.188567,-0.502126,-0.526724,0.049196,49.212015,34.003995,28.595235,1.124219,1888648.8
HK,01209,2022-07-28,-1.366183,30.60446,30.20053,31.176315,31.914513,30.688219,31.152229,-0.46401,-0.514181,0.100343,45.872326,33.751206,28.601424,1.110732,1661820.2
HK,01209,2022-07-29,-7.756206,30.31534,30.09424,30.938215,31.831168,30.323416,30.942212,-0.618796,-0.535104,-0.167383,32.550944,33.642728,28.233702,1.250058,2779999.6
HK,01209,2022-08-01,6.156019,30.26432,30.07298,30.783025,31.7846,30.282922,30.876878,-0.593956,-0.546874,-0.094163,45.117233,33.309171,28.256879,1.30654,3492071.4
HK,01209,2022-08-02,-1.272779,29.9752,30.05598,30.6002,31.742185,30.189795,30.788042,-0.598247,-0.557149,-0.082196,43.214226,32.878469,28.321931,1.295216,3623242.4
HK,01209,2022-08-03,-3.725032,29.46498,29.94118,30.381235,31.70381,29.940919,30.623898,-0.682979,-0.582315,-0.201329,38.200451,32.552809,28.209661,1.357586,3991705.8
HK,01209,2022-08-04,2.827234,29.20136,29.90291,30.215415,31.685918,29.854608,30.53175,-0.677142,-0.60128,-0.151723,43.370674,32.147869,28.282961,1.321351,4156110.6
HK,01209,2022-08-05,0.578967,29.44796,29.88165,30.06235,31.675073,29.807746,30.459028,-0.651283,-0.611281,-0.080003,44.425033,31.668951,28.455749,1.278598,2927613.8
HK,01209,2022-08-08,-2.733672,29.18436,29.72434,29.941175,31.658487,29.643815,30.331856,-0.68804,-0.626633,-0.122815,40.562632,31.562136,28.320214,1.269269,1969108.2
HK,01209,2022-08-09,2.662635,29.15034,29.56277,29.858265,31.613938,29.622844,30.270792,-0.647948,-0.630896,-0.034105,45.405381,31.387232,28.329298,1.257564,1779092.6
HK,01209,2022-08-10,-3.458104,29.13334,29.29916,29.749845,31.542555,29.448114,30.138667,-0.690553,-0.642827,-0.095451,40.649696,31.343465,28.156225,1.270995,1357289.6
HK,01209,2022-08-11,1.641796,29.04832,29.12484,29.662685,31.474053,29.37222,30.050973,-0.678754,-0.650013,-0.057482,43.567248,31.229802,28.095568,1.213617,1294790.6
HK,01209,2022-08-12,0.14678,28.93778,29.19287,29.643555,31.402047,29.31454,29.972923,-0.658384,-0.651687,-0.013394,43.837425,31.233192,28.053918,1.205895,1406653.2
HK,01209,2022-08-15,-2.05295,28.86974,29.02705,29.550015,31.322927,29.174149,29.856559,-0.68241,-0.657831,-0.049157,40.884782,31.199575,27.900455,1.195688,1461006.4
HK,01209,2022-08-16,1.946342,28.7592,28.95477,29.505375,31.250915,29.140403,29.789762,-0.649359,-0.656137,0.013556,44.615328,31.168572,27.842178,1.234803,1715902.0
HK,01209,2022-08-17,-1.028154,28.7932,28.96327,29.452225,31.178153,29.066049,29.705861,-0.639812,-0.652872,0.026119,43.040105,31.152112,27.752338,1.207346,1599682.0
HK,01209,2022-08-18,-1.483751,28.64862,28.84847,29.37569,31.104623,28.937718,29.596678,-0.65896,-0.65409,-0.009742,40.823119,31.149037,27.602343,1.178814,1416100.4
HK,01209,2022-08-19,-0.150539,28.48704,28.71241,29.29703,31.036,28.822592,29.492436,-0.669843,-0.65724,-0.025206,40.598019,31.133201,27.460859,1.170534,1488304.0
HK,01209,2022-08-22,-1.206482,28.3765,28.62312,29.17373,30.957497,28.672855,29.370722,-0.697867,-0.665366,-0.065003,38.75634,31.050569,27.296891,1.15981,1724667.8
HK,01209,2022-08-23,-1.832003,28.05336,28.40628,28.984525,30.87751,28.467662,29.220231,-0.752569,-0.682806,-0.139526,36.109946,30.799027,27.170023,1.152888,1528247.6
HK,01209,2022-08-24,-2.332922,27.6622,28.2277,28.76343,30.782682,28.195914,29.033644,-0.83773,-0.713791,-0.247878,33.069944,30.559181,26.967679,1.20721,1907596.8
HK,01209,2022-08-25,2.229479,27.47514,28.06188,28.59336,30.694265,28.057558,28.904974,-0.847416,-0.740516,-0.2138,38.291812,30.263938,26.922782,1.17261,1918318.4
HK,01209,2022-08-26,5.139834,27.57718,28.03211,28.61249,30.62502,28.156334,28.889761,-0.733427,-0.739098,0.011342,48.491562,30.278728,26.946252,1.213373,2014229.0
HK,01209,2022-08-29,-1.33312,27.67072,28.02361,28.52533,30.559227,28.181052,28.847334,-0.666283,-0.724535,0.116505,46.246652,30.056425,26.994235,1.202625,1740909.0
HK,01209,2022-08-30,1.651658,27.95984,28.0066,28.480685,30.492803,28.273921,28.842695,-0.568774,-0.693383,0.249218,49.334476,29.924357,27.037013,1.192652,1798432.2
HK,01209,2022-08-31,5.465056,28.69114,28.17667,28.56997,30.46032,28.594517,28.954925,-0.360407,-0.626788,0.532761,58.060956,30.229893,26.910047,1.274498,2515365.2
HK,01209,2022-09-01,-0.139997,29.29488,28.38501,28.61674,30.419407,28.859253,29.055693,-0.19644,-0.540718,0.688556,57.77145,30.412466,26.821014,1.265463,2627465.2
HK,01209,2022-09-02,-3.50615,29.40544,28.49131,28.60186,30.348845,28.919737,29.070264,-0.150527,-0.46268,0.624306,50.931575,30.371143,26.832577,1.30263,2580985.2
HK,01209,2022-09-05,0.0,29.59252,28.63162,28.62737,30.283197,28.970916,29.083756,-0.11284,-0.392712,0.559745,50.931575,30.418588,26.836152,1.30677,2561039.0
HK,01209,2022-09-06,1.453556,29.7711,28.86547,28.635875,30.261842,29.079637,29.127744,-0.048107,-0.323791,0.551367,53.486533,30.445252,26.826498,1.255944,2379937.2
HK,01209,2022-09-07,-0.286748,29.61804,29.15459,28.691145,30.23977,29.158539,29.162171,-0.003632,-0.259759,0.512255,52.892924,30.545929,26.836361,1.236084,1262759.8
HK,01209,2022-09-08,-1.436851,29.38844,29.34166,28.70177,30.200783,29.159887,29.16255,-0.002664,-0.20834,0.411353,49.91227,30.56489,26.83865,1.238906,1192819.0
HK,01209,2022-09-09,2.624172,29.5245,29.46497,28.74854,30.18368,29.278781,29.219599,0.059182,-0.154836,0.428036,54.845127,30.684524,26.812556,1.229377,1172836.0
HK,01209,2022-09-13,0.99423,29.72008,29.6563,28.839955,30.177855,29.425169,29.294465,0.130703,-0.097728,0.456862,56.633471,30.872124,26.807786,1.229643,1159449.6
HK,01209,2022-09-14,-0.155473,29.82122,29.79616,28.90138,30.138097,29.541804,29.360305,0.181499,-0.041882,0.446763,56.254545,31.016303,26.786457,1.227197,1389260.6
HK,01209,2022-09-15,2.54611,30.09308,29.85556,29.016115,30.107603,29.758727,29.478193,0.280533,0.022601,0.515865,60.86531,31.307218,26.725012,1.221876,1779143.4
HK,01209,2022-09-16,-1.793111,30.33898,29.86371,29.12436,30.084868,29.856892,29.546238,0.310653,0.080211,0.460884,56.253972,31.46114,26.78758,1.201685,1916694.6
HK,01209,2022-09-19,-3.511225,30.21834,29.87142,29.181365,30.033715,29.775755,29.530184,0.245571,0.113283,0.264575,48.624559,31.479436,26.883294,1.225629,1977729.2
HK,01209,2022-09-20,-0.291174,30.0211,29.87059,29.251105,29.98539,29.693962,29.508992,0.184969,0.12762,0.114698,48.06286,31.466412,27.035798,1.22957,2080467.6
HK,01209,2022-09-21,-4.817382,29.5515,29.68636,29.275915,29.896578,29.408014,29.385015,0.022998,0.106696,-0.167395,39.878842,31.41481,27.13702,1.248472,2305331.6
HK,01209,2022-09-22,-1.380621,28.85134,29.47221,29.3134,29.792148,29.106935,29.241755,-0.13482,0.058393,-0.386426,37.979047,31.290667,27.336133,1.226388,2052401.8
HK,01209,2022-09-23,-2.33252,28.13412,29.23655,29.289105,29.68626,28.753668,29.061677,-0.308009,-0.014888,-0.586243,34.988267,31.373914,27.204296,1.193675,2160613.6
HK,01209,2022-09-26,-0.31853,27.61328,28.91581,29.19039,29.580365,28.441611,28.888612,-0.447001,-0.10131,-0.691381,34.596943,31.546778,26.834002,1.205991,2097525.0
HK,01209,2022-09-27,2.236458,27.22906,28.62508,29.14069,29.483015,28.269517,28.77264,-0.503123,-0.181673,-0.642901,39.68174,31.607986,26.673394,1.205234,2377722.2
HK,01209,2022-09-28,-3.75032,26.92166,28.23658,29.01637,29.365752,27.966253,28.589356,-0.623103,-0.269959,-0.706288,34.700781,31.77612,26.25662,1.222832,2437207.2
HK,01209,2022-09-29,-4.220425,26.46914,27.66024,28.7579,29.236368,27.538891,28.337433,-0.798542,-0.375676,-0.845734,30.268876,31.907468,25.608332,1.281858,2890455.0
HK,01209,2022-09-30,2.203395,26.25568,27.1949,28.529305,29.120487,27.262662,28.145283,-0.882621,-0.477065,-0.811113,34.756169,31.852421,25.206189,1.263483,2743946.2
HK,01209,2022-10-03,5.140735,26.32398,26.96863,28.420025,29.028078,27.232529,28.065395,-0.832866,-0.548225,-0.569282,44.00871,31.784329,25.055721,1.301305,2858204.0
HK,01209,2022-10-05,1.419451,26.34958,26.78932,28.329955,28.966167,27.26614,28.019884,-0.753744,-0.589329,-0.328831,46.385835,31.696752,24.963158,1.293741,2694588.2
HK,01209,2022-10-06,-1.399585,26.50328,26.71247,28.199415,28.897852,27.235472,27.949285,-0.713813,-0.614226,-0.199175,44.357752,31.549496,24.849334,1.268423,2315782.4
HK,01209,2022-10-07,-1.892725,26.7765,26.62282,28.047515,28.829502,27.130707,27.845968,-0.715261,-0.634433,-0.161656,41.737299,31.406646,24.688384,1.235765,1726474.4
HK,01209,2022-10-10,-0.804007,26.89602,26.57585,27.9062,28.756885,27.009214,27.734489,-0.725275,-0.652601,-0.145348,40.659284,31.3026,24.5098,1.229831,1565248.0
HK,01209,2022-10-11,-2.755021,26.60572,26.46485,27.69033,28.694142,26.794766,27.577512,-0.782746,-0.67863,-0.208232,37.147159,31.092894,24.287766,1.227372,1508843.0
HK,01209,2022-10-12,0.0,26.23858,26.29408,27.45958,28.616517,26.613309,27.432163,-0.818854,-0.706675,-0.224357,37.147159,30.766439,24.152721,1.212888,1484227.2
HK,01209,2022-10-13,-3.500252,25.76896,26.13612,27.18635,28.531035,26.321831,27.231166,-0.909335,-0.747207,-0.324256,33.055788,30.450619,23.922081,1.211632,1422511.2
HK,01209,2022-10-14,3.627213,25.58112,26.17881,26.919525,28.462622,26.213134,27.111472,-0.898338,-0.777433,-0.24181,40.154205,29.753001,24.086049,1.231823,1731885.0
HK,01209,2022-10-17,0.666399,25.47012,26.18307,26.688985,28.396345,26.147421,27.013289,-0.865868,-0.79512,-0.141496,41.427594,29.066942,24.311028,1.213971,2043666.8
HK,01209,2022-10-18,0.662375,25.53842,26.07207,26.52035,28.332915,26.118095,26.93503,-0.816936,-0.799483,-0.034905,42.740442,28.582796,24.457904,1.169952,1909701.6
HK,01209,2022-10-19,-1.315648,25.53842,25.8885,26.33891,28.254582,26.040742,26.837273,-0.796531,-0.798893,0.004724,40.772656,28.012846,24.664974,1.135176,1861831.8
HK,01209,2022-10-20,-0.666789,25.68358,25.72627,26.21937,28.159937,25.949012,26.734104,-0.785092,-0.796133,0.022081,39.786033,27.786872,24.651868,1.096785,1974712.0
HK,01209,2022-10-21,0.167816,25.65796,25.61954,26.12118,28.066003,25.877964,26.641741,-0.763777,-0.789661,0.051769,40.175781,27.611928,24.630432,1.076386,1787369.4
HK,01209,2022-10-24,-13.232917,24.92366,25.19689,25.88637,27.922945,25.29897,26.30639,-1.00742,-0.833213,-0.348414,25.910144,28.148536,23.624204,1.261752,2998745.4
HK,01209,2022-10-25,1.737774,24.23206,24.88524,25.675045,27.825975,24.868174,26.024346,-1.156172,-0.897805,-0.516734,29.003577,28.338338,23.011752,1.369841,4038111.4
HK,01209,2022-10-26,2.84593,23.73682,24.63762,25.46585,27.710623,24.602163,25.810624,-1.208461,-0.959936,-0.49705,33.951709,28.233724,22.697976,1.369581,4195031.2
HK,01209,2022-10-27,-7.564253,22.92568,24.30463,25.220375,27.572477,24.107799,25.483082,-1.375282,-1.043005,-0.664554,28.171667,28.477056,21.963694,1.479111,4834651.0
HK,01209,2022-10-28,-5.389269,21.87546,23.76671,24.97276,27.433543,23.512153,25.094416,-1.582263,-1.150857,-0.862812,25.136624,28.888001,21.057519,1.528981,6546902.2
HK,01209,2022-10-31,-2.953632,21.38024,23.15195,24.66751,27.271185,22.916191,24.690267,-1.774076,-1.275501,-0.99715,23.710229,29.198371,20.136649,1.547847,6102839.2
HK,01209,2022-11-01,10.869521,21.23508,22.73357,24.40282,27.141568,22.740316,24.474173,-1.733857,-1.367172,-0.733371,37.377481,28.960537,19.845103,1.617201,5677886.2
HK,01209,2022-11-02,4.117485,21.14116,22.43899,24.163745,27.040357,22.729421,24.340494,-1.611073,-1.415952,-0.390241,42.071308,28.555413,19.772077,1.632815,6033568.2
HK,01209,2022-11-03,-3.201217,21.25216,22.08892,23.907595,26.914295,22.608556,24.162961,-1.554405,-1.443643,-0.221524,39.490918,28.188294,19.626896,1.586321,5260783.6
HK,01209,2022-11-04,8.365461,21.96084,21.91815,23.768845,26.835835,22.788701,24.134556,-1.345855,-1.424085,0.15646,48.153511,27.873652,19.664038,1.668177,4129949.0
HK,01209,2022-11-07,1.97481,22.88298,22.13161,23.66425,26.757407,23.013378,24.143041,-1.129663,-1.365201,0.471076,50.120755,27.604886,19.723614,1.698443,3478243.8
HK,01209,2022-11-08,1.760478,23.46358,22.34933,23.617285,26.685385,23.269166,24.182519,-0.913353,-1.274831,0.722956,51.907248,27.485514,19.749056,1.653361,3037197.0
HK,01209,2022-11-09,-0.172637,23.85636,22.49876,23.56819,26.622575,23.479048,24.215918,-0.73687,-1.167239,0.860738,51.708223,27.357866,19.778514,1.63895,2942032.8
HK,01209,2022-11-10,-0.346684,24.3772,22.81468,23.559655,26.549128,23.643502,24.240517,-0.597014,-1.053194,0.912359,51.283707,27.339684,19.779626,1.65606,3142087.2
HK,01209,2022-11-11,11.825811,25.1115,23.53617,23.65144,26.529027,24.229271,24.47833,-0.249059,-0.892367,1.286616,62.541597,27.705858,19.597022,1.769527,3471108.6
HK,01209,2022-11-14,5.754253,26.0678,24.47539,23.81367,26.542338,24.967937,24.815535,0.152402,-0.683413,1.67163,67.009072,28.418975,19.208365,1.829154,4240384.6
HK,01209,2022-11-15,2.205948,27.0668,25.26519,23.99938,26.567032,25.691485,25.175199,0.516286,-0.443473,1.919519,68.641939,29.196874,18.801886,1.893664,4819250.8
HK,01209,2022-11-16,-3.021469,27.89502,25.87569,24.15734,26.582452,26.165795,25.441814,0.723981,-0.209983,1.867927,63.875701,29.720815,18.593865,1.843788,4763303.0
HK,01209,2022-11-17,1.038419,28.80008,26.58864,24.33878,26.611355,26.613104,25.710813,0.90229,0.012472,1.779637,64.754136,30.282057,18.395503,1.800525,4781260.6
HK,01209,2022-11-18,-0.14687,29.116,27.11375,24.51595,26.650177,26.985026,25.956723,1.028303,0.215638,1.625329,64.512708,30.78778,18.24412,1.787795,4012808.2
HK,01209,2022-11-21,1.029603,29.17578,27.62179,24.8767,26.684058,27.345714,26.206559,1.139156,0.400342,1.477628,65.482854,31.380233,18.373167,1.782066,3591293.2
HK,01209,2022-11-22,-2.183467,28.9794,28.0231,25.186215,26.683883,27.552389,26.390451,1.161939,0.552661,1.218555,61.597442,31.795961,18.576469,1.804197,3095433.0
HK,01209,2022-11-23,1.636859,29.05624,28.47563,25.487195,26.697912,27.799514,26.595506,1.204008,0.68293,1.042155,63.316315,32.243257,18.731133,1.760712,2913341.6
HK,01209,2022-11-24,2.342697,29.20994,29.00501,25.909845,26.71553,28.113712,26.835972,1.277739,0.801892,0.951694,65.719938,32.645051,19.174639,1.723375,3053657.2
HK,01209,2022-11-25,1.430544,29.45756,29.28678,26.411475,26.714045,28.445248,27.090248,1.355,0.912514,0.884972,67.167777,32.870431,19.952519,1.64907,3282042.8
HK,01209,2022-11-28,-2.679666,29.48318,29.32948,26.902435,26.69975,28.600995,27.265608,1.335387,0.997088,0.676597,61.824903,32.684719,21.120151,1.653258,2930724.4
HK,01209,2022-11-30,7.101393,30.05526,29.51733,27.39126,26.738035,29.054611,27.582933,1.471678,1.092006,0.759343,68.732908,33.006938,21.775582,1.687639,3748225.2
HK,01209,2022-12-01,1.353112,30.6188,29.83752,27.856605,26.783435,29.504117,27.908375,1.595742,1.192753,0.805977,69.928803,33.371616,22.341594,1.679922,3899459.2
HK,01209,2022-12-02,-0.934439,30.98596,30.09795,28.343295,26.816768,29.838499,28.187577,1.650922,1.284387,0.73307,67.969249,33.382703,23.303887,1.648364,6657257.4
HK,01209,2022-12-05,0.269275,31.2848,30.37118,28.742465,26.852942,30.134561,28.452416,1.682145,1.363939,0.636413,68.242836,33.531137,23.953793,1.597709,7699271.2
HK,01209,2022-12-06,3.226091,31.9508,30.71699,29.16939,26.91328,30.542721,28.773541,1.76918,1.444987,0.648386,71.402817,33.799387,24.539393,1.593365,7587384.0
HK,01209,2022-12-07,-2.213642,32.05326,31.05426,29.53868,26.948765,30.776425,29.017115,1.75931,1.507852,0.502917,66.3656,33.842919,25.234441,1.607625,7081844.2
HK,01209,2022-12-08,1.464671,32.16426,31.39153,29.93358,26.987117,31.046421,29.277433,1.768989,1.560079,0.417819,67.94145,33.791249,26.075911,1.535488,6923030.2
HK,01209,2022-12-09,4.199327,32.60824,31.7971,30.401055,27.04902,31.485049,29.61966,1.865389,1.621141,0.488496,72.044755,33.769899,27.032211,1.563038,4604909.6
HK,01209,2022-12-12,-6.800797,32.5741,31.92945,30.608115,27.059693,31.501534,29.765774,1.73576,1.644065,0.18339,58.449171,33.725938,27.490292,1.625207,3552804.4
HK,01209,2022-12-13,1.216123,32.41186,32.18133,30.755405,27.08602,31.57459,29.929524,1.645066,1.644265,0.001602,59.810377,33.839359,27.671451,1.585357,3477450.2
HK,01209,2022-12-14,0.934439,32.45454,32.2539,30.885615,27.135115,31.682376,30.103278,1.579098,1.631232,-0.104267,60.883651,33.995232,27.775998,1.545303,3002127.0
HK,01209,2022-12-15,-0.26429,32.38624,32.27525,31.056385,27.184212,31.760457,30.257842,1.502614,1.605508,-0.205788,60.387859,34.056709,28.056061,1.54166,2964002.8
HK,01209,2022-12-16,2.121784,32.18132,32.39478,31.246365,27.268172,31.931602,30.45155,1.480051,1.580417,-0.200731,62.986886,34.20119,28.29154,1.513877,2557677.0
HK,01209,2022-12-19,1.428837,32.5314,32.55275,31.461965,27.366365,32.148678,30.665702,1.482976,1.560929,-0.155905,64.70209,34.367473,28.556457,1.488078,2428621.4
HK,01209,2022-12-20,-4.481654,32.50578,32.45882,31.587905,27.450325,32.102466,30.753302,1.349164,1.518576,-0.338823,55.836981,34.326317,28.849493,1.512916,2276103.6
HK,01209,2022-12-21,0.402219,32.44602,32.45028,31.75227,27.537843,32.083072,30.843902,1.23917,1.462695,-0.44705,56.388628,34.148185,29.356355,1.481086,2102123.0
HK,01209,2022-12-22,3.070702,32.5997,32.49297,31.94225,27.631765,32.217722,31.000524,1.217198,1.413595,-0.392794,60.465115,34.073358,29.811142,1.45153,1835328.0
HK,01209,2022-12-23,-1.683946,32.50578,32.34355,32.070325,27.733515,32.246273,31.104433,1.141839,1.359244,-0.43481,57.209983,33.977193,30.163457,1.399685,1434785.8
HK,01209,2022-12-28,1.18599,32.39478,32.46309,32.19627,27.860168,32.329554,31.229112,1.100441,1.307484,-0.414084,58.861468,33.935931,30.456609,1.34545,1418842.4
HK,01209,2022-12-29,1.302017,32.66802,32.5869,32.384115,27.984687,32.465699,31.376178,1.089521,1.263891,-0.34874,60.677061,33.646087,31.122143,1.343882,1437162.4
HK,01209,2022-12-30,1.928074,33.04372,32.74487,32.499385,28.097822,32.679422,31.559787,1.119635,1.23504,-0.230809,63.29413,33.853176,31.145594,1.357669,1450157.8
HK,01209,2023-01-03,4.539668,33.53042,33.06506,32.670155,28.230168,33.096711,31.84364,1.253071,1.238646,0.02885,68.681206,34.496247,30.844063,1.4955,1777849.4
HK,01209,2023-01-04,7.358202,34.64896,33.57737,32.986075,28.412322,33.850448,32.29937,1.551078,1.301133,0.49989,75.296985,35.886296,30.085854,1.580793,2307518.2
HK,01209,2023-01-05,0.809296,35.75214,34.07346,33.313105,28.608138,34.535533,32.744121,1.791412,1.399188,0.784448,75.943189,36.9654,29.66081,1.603715,3112307.2
HK,01209,2023-01-06,-1.687313,36.64068,34.65435,33.556585,28.796742,35.015789,33.108052,1.907737,1.500898,0.813678,71.69797,37.657942,29.455228,1.664585,3794173.8
HK,01209,2023-01-09,-1.144004,37.31498,35.17935,33.814815,28.99026,35.355883,33.413115,1.942768,1.589272,0.706992,68.931933,38.15083,29.4788,1.671865,4335001.6
HK,01209,2023-01-10,2.314755,37.85424,35.69233,34.09265,29.19814,35.776224,33.75941,2.016814,1.674781,0.684067,71.315683,38.763305,29.421995,1.71556,4457238.0
HK,01209,2023-01-11,-1.923173,37.72616,36.18756,34.265555,29.408755,36.019205,34.025795,1.99341,1.738507,0.509808,66.635243,39.145841,29.385269,1.713049,4101869.6
HK,01209,2023-01-12,-0.230488,37.51936,36.63575,34.54942,29.602992,36.211558,34.266069,1.945489,1.779903,0.331172,66.086218,39.435138,29.663702,1.716867,3162168.2
HK,01209,2023-01-13,0.462308,37.47628,37.05848,34.82269,29.797255,36.400826,34.501309,1.899518,1.803826,0.191383,66.677899,39.713562,29.931818,1.671169,2569104.8
HK,01209,2023-01-16,-1.150586,37.4332,37.37409,35.05948,29.981492,36.494699,34.687212,1.807487,1.804558,0.005858,63.686106,39.8923,30.22666,1.64105,2285521.6
HK,01209,2023-01-17,0.931075,37.2867,37.57047,35.317765,30.177163,36.627145,34.88487,1.742275,1.792102,-0.099653,65.037483,40.060848,30.574682,1.576146,2083692.8
HK,01209,2023-01-18,0.0,37.2867,37.50643,35.5419,30.375682,36.739215,35.067887,1.671328,1.767947,-0.193237,65.037483,40.224952,30.858848,1.537429,2015278.8
HK,01209,2023-01-19,2.76826,37.51074,37.51505,35.794255,30.590723,36.993136,35.313947,1.679189,1.750195,-0.142013,69.046437,40.519808,31.068702,1.535327,1914266.2
HK,01209,2023-01-20,-0.11227,37.6917,37.58399,36.11917,30.861258,37.201361,35.538588,1.662773,1.732711,-0.139876,68.692896,40.602177,31.636163,1.524139,1840892.2
HK,01209,2023-01-26,3.370833,38.21734,37.82527,36.50231,31.146932,37.576413,35.842337,1.734076,1.732984,0.002184,73.135596,40.809952,32.194668,1.507601,1685871.6
HK,01209,2023-01-27,0.760863,38.73438,38.01054,36.851435,31.42696,37.940165,36.145927,1.794238,1.745235,0.098007,74.060544,41.08474,32.61813,1.473779,1455876.6
HK,01209,2023-01-30,-2.373262,39.06184,38.17427,37.180915,31.720362,38.102124,36.356814,1.74531,1.74525,0.000121,66.330709,40.981788,33.380042,1.466988,1777454.8
HK,01209,2023-01-31,-0.221066,39.16524,38.33799,37.48687,32.031538,38.225905,36.545694,1.680211,1.732242,-0.104063,65.659573,40.774365,34.199375,1.494539,2307950.4
HK,01209,2023-02-01,0.885966,39.3462,38.51895,37.788715,32.358422,38.383674,36.746117,1.637557,1.713305,-0.151497,67.093403,40.511813,35.065617,1.473957,2307034.2
HK,01209,2023-02-02,-3.292876,39.01014,38.61374,37.993915,32.628187,38.318324,36.835953,1.482371,1.667118,-0.369494,57.413327,40.032946,35.954884,1.488703,2456653.4
HK,01209,2023-02-03,-1.475807,38.50172,38.61805,38.09426,32.873673,38.176843,36.877638,1.299205,1.593536,-0.58866,53.790858,39.777717,36.410803,1.465467,2879460.2
HK,01209,2023-02-06,-3.341025,37.93298,38.49741,38.00192,33.11043,37.864898,36.823679,1.041219,1.483072,-0.883707,46.711504,39.887296,36.116544,1.480812,2700247.0
HK,01209,2023-02-07,0.59614,37.42458,38.29491,37.90498,33.320183,37.634098,36.789681,0.844417,1.355341,-1.021848,47.983032,39.913701,35.896259,1.448904,2261062.4
HK,01209,2023-02-08,-0.355565,36.82138,38.08379,37.83389,33.519955,37.418914,36.748623,0.670291,1.218331,-1.096081,47.254462,39.969298,35.698482,1.400811,2266730.6
HK,01209,2023-02-09,1.189169,36.56286,37.7865,37.805885,33.719793,37.303127,36.742525,0.560602,1.086785,-1.052366,49.980224,39.986636,35.625134,1.346918,2020732.0
HK,01209,2023-02-10,-1.997747,36.26988,37.3858,37.69817,33.908133,37.092462,36.68262,0.409842,0.951397,-1.083109,45.660476,40.020728,35.375612,1.333809,1813627.6
HK,01209,2023-02-13,2.158414,36.38192,37.15745,37.66586,34.110823,37.033529,36.684603,0.348926,0.830903,-0.963954,50.535417,40.024283,35.307437,1.37703,1689475.6
HK,01209,2023-02-14,3.40376,36.70076,37.06267,37.70033,34.285955,37.175894,36.778996,0.396898,0.744102,-0.694407,57.197445,40.054722,35.345938,1.432549,1889626.0
HK,01209,2023-02-15,-3.63235,36.7697,36.79554,37.657245,34.41178,37.084233,36.764263,0.319971,0.659275,-0.67861,49.305921,40.060025,35.254465,1.444096,1923140.8
HK,01209,2023-02-16,4.711305,37.09714,36.83,37.72187,34.555655,37.271813,36.87828,0.393532,0.606127,-0.425189,57.246088,40.121172,35.322568,1.500982,2371442.2
HK,01209,2023-02-17,-2.474709,37.3815,36.82569,37.72187,34.698673,37.284703,36.913637,0.371066,0.559115,-0.376098,52.385953,40.121172,35.322568,1.486097,2187594.8
HK,01209,2023-02-20,2.76826,37.71756,37.04974,37.773575,34.853947,37.454703,37.022975,0.431727,0.533637,-0.20382,56.70443,40.183622,35.363528,1.561526,2112101.6
HK,01209,2023-02-21,-1.010167,37.72616,37.21346,37.754185,35.003468,37.538887,37.095488,0.443399,0.515589,-0.144382,54.700793,40.150291,35.358079,1.560781,1786937.6
HK,01209,2023-02-22,-0.793645,37.9502,37.35995,37.72187,35.142982,37.56372,37.140289,0.423431,0.497158,-0.147454,53.128484,40.102529,35.341211,1.544697,1632955.4
HK,01209,2023-02-23,0.914316,37.8985,37.49782,37.64216,35.298913,37.637763,37.207305,0.430458,0.483818,-0.106719,54.730064,39.862019,35.422301,1.511297,1099048.8
HK,01209,2023-02-24,-2.491523,37.8468,37.61415,37.499975,35.43122,37.554584,37.199141,0.355443,0.458143,-0.2054,49.700753,39.462009,35.537941,1.480283,1030158.2
HK,01209,2023-02-27,0.348545,37.61414,37.66585,37.41165,35.554297,37.504094,37.201161,0.302934,0.427101,-0.248335,50.370701,39.252187,35.571113,1.46072,1027586.8
HK,01209,2023-02-28,-0.463112,37.42456,37.57536,37.319015,35.667385,37.434849,37.19026,0.244589,0.390599,-0.292019,49.425435,39.031265,35.606765,1.427169,1164970.8
HK,01209,2023-03-01,3.023425,37.51936,37.73478,37.26516,35.812663,37.548611,37.263152,0.285459,0.369571,-0.168223,55.296289,38.788209,35.742111,1.460642,1301989.2
HK,01209,2023-03-02,-0.564254,37.50214,37.70032,37.26516,35.919487,37.611732,37.314689,0.297043,0.355065,-0.116043,53.998375,38.788209,35.742111,1.433246,1462725.2
HK,01209,2023-03-03,1.475543,37.78652,37.81666,37.321175,36.02853,37.751312,37.403897,0.347415,0.353535,-0.01224,56.835516,38.939193,35.703157,1.4232,1443326.6
HK,01209,2023-03-06,0.78299,38.10536,37.85975,37.454745,36.14758,37.915818,37.508838,0.40698,0.364224,0.085512,58.325987,39.104463,35.805027,1.404636,1336012.6
HK,01209,2023-03-07,-0.887931,38.38974,37.90715,37.560305,36.259463,38.001984,37.580472,0.421512,0.375682,0.091661,55.948175,39.187545,35.933065,1.415098,1345253.2
HK,01209,2023-03-08,-2.351602,38.2691,37.89423,37.62709,36.339188,37.935694,37.579778,0.355916,0.371729,-0.031624,50.16684,39.136731,36.117449,1.400191,1184976.4
HK,01209,2023-03-09,-4.702018,37.83822,37.67018,37.584,36.401567,37.607818,37.448276,0.159542,0.329291,-0.339498,41.212365,39.242714,35.925286,1.478677,1508726.8
HK,01209,2023-03-10,-2.165929,37.14022,37.46337,37.53876,36.443193,37.211077,37.26907,-0.057993,0.251834,-0.619655,38.005382,39.410689,35.666831,1.502314,2028096.0
HK,01209,2023-03-13,0.984042,36.45084,37.2781,37.471975,36.467797,36.928404,37.128672,-0.200269,0.161414,-0.723365,40.231685,39.542291,35.401659,1.471942,2145688.4
HK,01209,2023-03-14,-1.705222,35.70976,37.04975,37.312555,36.520768,36.596418,36.953993,-0.357574,0.057616,-0.830381,37.681546,39.678295,34.946815,1.456053,2012464.8
HK,01209,2023-03-15,2.106383,35.29612,36.78261,37.258695,36.579543,36.428185,36.846505,-0.41832,-0.037571,-0.761497,42.451369,39.735142,34.782248,1.490542,2151000.2
HK,01209,2023-03-16,-2.305727,35.07208,36.45515,37.077735,36.619695,36.159895,36.686341,-0.526446,-0.135346,-0.782201,38.870309,39.744003,34.411467,1.470246,2079183.2
HK,01209,2023-03-17,3.602495,35.25304,36.19663,37.006645,36.682093,36.125111,36.630597,-0.505486,-0.209374,-0.592225,46.31463,39.714974,34.298316,1.497565,1942520.2
HK,01209,2023-03-20,-3.836778,35.08932,35.77008,36.814915,36.71013,35.883571,36.476857,-0.593286,-0.286157,-0.614259,40.459794,39.644659,33.985171,1.495231,1857204.6
HK,01209,2023-03-21,0.498624,35.0807,35.39523,36.65119,36.73321,35.705698,36.347267,-0.641569,-0.357239,-0.56866,41.455842,39.564948,33.737432,1.440751,1992588.0
HK,01209,2023-03-22,2.729545,35.11518,35.20565,36.54994,36.796993,35.701022,36.297492,-0.59647,-0.405085,-0.38277,46.735102,39.451547,33.648333,1.448633,2054423.2
HK,01209,2023-03-23,-0.483248,35.2789,35.17549,36.422835,36.855768,35.670541,36.238633,-0.568092,-0.437687,-0.260811,45.923975,39.27361,33.57206,1.428252,1917402.8
HK,01209,2023-03-24,-4.24754,34.89112,35.07208,36.267725,36.873045,35.41275,36.072431,-0.65968,-0.482085,-0.35519,39.470846,39.287448,33.248002,1.443177,1974946.8
HK,01209,2023-03-27,-2.914849,34.5809,34.83511,36.056605,36.883057,35.042173,35.84514,-0.802966,-0.546262,-0.513409,35.900992,39.356152,32.757058,1.472428,2868557.2
HK,01209,2023-03-28,1.827657,34.35686,34.71878,35.884265,36.896717,34.821408,35.679366,-0.857958,-0.608601,-0.498714,39.488775,39.314886,32.453644,1.456498,3364407.0
HK,01209,2023-03-29,4.999821,34.2793,34.69724,35.739925,36.931267,34.893115,35.650339,-0.757225,-0.638326,-0.237798,48.188598,39.012264,32.467586,1.561734,4015442.4
HK,01209,2023-03-30,1.953666,34.3741,34.8265,35.640825,36.966633,35.059851,35.674529,-0.614678,-0.633596,0.037836,51.283318,38.754565,32.527085,1.564053,4186527.0
HK,01209,2023-03-31,-1.197713,34.68432,34.78772,35.492175,36.969203,35.134643,35.665008,-0.530365,-0.61295,0.165169,49.301139,38.312106,32.672244,1.55082,4717606.2
HK,01209,2023-04-03,2.545434,35.37368,34.97729,35.373685,36.94345,35.337129,35.723215,-0.386086,-0.567577,0.362982,53.376209,37.795247,32.952123,1.541612,4087206.8
HK,01209,2023-04-04,-1.181867,35.85624,35.10655,35.25089,36.905392,35.442186,35.745199,-0.303013,-0.514664,0.423302,51.263438,37.241479,33.260301,1.499204,3813467.2
HK,01209,2023-04-06,-2.392282,35.8304,35.05485,35.13025,36.863743,35.398511,35.701725,-0.303214,-0.472374,0.338321,47.235881,36.812293,33.448207,1.472139,3106083.2
HK,01209,2023-04-11,5.391899,36.04582,35.20996,35.192725,36.86087,35.653202,35.801894,-0.148692,-0.407638,0.517892,55.515991,37.053611,33.331839,1.594722,3194281.2
HK,01209,2023-04-12,1.162897,36.4336,35.55896,35.31552,36.850817,35.935001,35.926561,0.008441,-0.324422,0.665726,57.161584,37.424556,33.206484,1.57622,2339521.0
HK,01209,2023-04-13,0.229959,36.65766,36.01567,35.42539,36.854408,36.186709,36.048379,0.13833,-0.231872,0.740404,57.500288,37.752749,33.098031,1.540576,2451670.8
HK,01209,2023-04-14,0.458597,37.00234,36.42929,35.574035,36.862307,36.4262,36.173936,0.252264,-0.135044,0.774617,58.211511,38.087414,33.060656,1.482849,2105425.2
HK,01209,2023-04-17,0.0,37.51936,36.67488,35.68606,36.867333,36.628846,36.290192,0.338654,-0.040305,0.757917,58.211511,38.370663,33.001457,1.463103,2201353.6
HK,01209,2023-04-18,-1.483968,37.54522,36.79552,35.81101,36.870205,36.714147,36.356348,0.357798,0.039316,0.636965,54.756831,38.529886,33.092134,1.429381,1783443.6
HK,01209,2023-04-19,-3.36038,37.235,36.8343,35.81101,36.846508,36.594093,36.325049,0.269045,0.085262,0.367566,47.923907,38.529886,33.092134,1.42884,1732583.6
HK,01209,2023-04-20,-0.239886,36.8903,36.77398,35.875635,36.821375,36.479248,36.289682,0.189566,0.106123,0.166887,47.483688,38.532774,33.218496,1.406801,1288641.0
HK,01209,2023-04-21,0.0,36.51114,36.75674,35.931645,36.779007,36.382072,36.256935,0.125136,0.109925,0.030422,47.483688,38.536315,33.326975,1.367865,1329979.0
HK,01209,2023-04-25,-2.283556,35.96826,36.74381,35.89933,36.723713,36.173907,36.165977,0.00793,0.089526,-0.163193,43.121139,38.531808,33.266852,1.365568,1274723.6
HK,01209,2023-04-26,1.352879,35.63218,36.5887,35.89933,36.654775,36.070675,36.11686,-0.046185,0.062384,-0.217138,46.202601,38.531808,33.266852,1.332656,1273108.0
HK,01209,2023-04-27,0.0,35.546,36.3905,35.97473,36.58081,35.983325,36.071382,-0.088057,0.032296,-0.240705,46.202601,38.467371,33.482089,1.302095,1389940.2
HK,01209,2023-04-28,0.606993,35.52016,36.20523,36.11045,36.526235,35.942567,36.045235,-0.102668,0.005303,-0.215941,47.696986,38.205127,34.015773,1.276795,1861828.8
HK,01209,2023-05-02,0.0,35.49432,36.00273,36.21601,36.473097,35.90808,36.021025,-0.112945,-0.018347,-0.189197,47.696986,37.982529,34.449491,1.311774,1810039.4
HK,01209,2023-05-03,-1.930098,35.49432,35.73129,36.203085,36.402723,35.772837,35.947542,-0.174705,-0.049618,-0.250173,43.240567,38.000109,34.406061,1.291933,1573982.0
HK,01209,2023-05-04,-1.47592,35.29614,35.46416,36.12984,36.345275,35.578862,35.841205,-0.262343,-0.092163,-0.34036,40.206694,38.071375,34.188305,1.264281,1861035.6
HK,01209,2023-05-05,2.371929,35.26168,35.40384,36.11907,36.310807,35.540668,35.803383,-0.262715,-0.126273,-0.272882,46.595895,38.07577,34.16237,1.238603,1807758.6
HK,01209,2023-05-08,-2.316972,35.0204,35.27028,36.02213,36.28352,35.382411,35.707725,-0.325313,-0.166081,-0.318464,41.787253,38.092302,33.951958,1.282468,1597211.4
HK,01209,2023-05-09,-1.872682,34.64986,35.07209,35.914415,36.24187,35.149071,35.571278,-0.422207,-0.217307,-0.409801,38.416409,38.188011,33.640819,1.25857,2515531.8
HK,01209,2023-05-10,-1.908421,34.28794,34.89113,35.81747,36.191603,34.852199,35.397065,-0.544867,-0.282819,-0.524096,35.345846,38.361075,33.273865,1.230222,3019979.0
HK,01209,2023-05-11,-2.72371,33.84846,34.5723,35.5805,36.119075,34.461799,35.168734,-0.706936,-0.367642,-0.678587,31.544574,38.477658,32.683342,1.268528,3524549.2
HK,01209,2023-05-12,-0.799948,33.19356,34.22762,35.30906,36.054447,34.091691,34.938169,-0.846478,-0.463409,-0.766137,30.534228,38.448763,32.169357,1.224083,3460514.0
HK,01209,2023-05-15,3.62895,32.93504,33.97772,35.091475,35.99628,33.957493,34.810853,-0.85336,-0.541399,-0.623921,39.868183,38.176655,32.006295,1.272055,3407731.0
HK,01209,2023-05-16,-1.297134,32.7196,33.68473,34.84373,35.910107,33.777648,34.661049,-0.883401,-0.6098,-0.547203,37.839963,37.831542,31.855918,1.258137,2573127.8
HK,01209,2023-05-17,-2.23371,32.48694,33.38744,34.559365,35.834707,33.512794,34.46809,-0.955295,-0.678899,-0.552793,34.616463,37.470744,31.647986,1.25752,2220509.6
HK,01209,2023-05-18,-0.537807,32.40076,33.12461,34.294385,35.72771,33.262164,34.276653,-1.014489,-0.746017,-0.536944,33.884726,37.166684,31.422086,1.213854,1755775.2
HK,01209,2023-05-19,0.0,32.36628,32.77992,34.09188,35.636512,33.050093,34.099398,-1.049305,-0.806674,-0.485261,33.884726,37.043288,31.140472,1.170236,1845217.0
HK,01209,2023-05-22,-0.810759,32.04744,32.49124,33.88076,35.52377,32.830879,33.916124,-1.085245,-0.862389,-0.445713,32.683318,36.902831,30.858689,1.145127,2131762.4
HK,01209,2023-05-23,1.089954,31.88372,32.30166,33.686875,35.423237,32.69842,33.771959,-1.073539,-0.904619,-0.33784,35.94474,36.676714,30.697036,1.106418,2512485.6
HK,01209,2023-05-24,-0.269629,31.84924,32.16809,33.52961,35.326293,32.573079,33.632088,-1.059009,-0.935497,-0.247025,35.481783,36.551238,30.507982,1.061238,2784658.4
HK,01209,2023-05-25,0.0,31.84924,32.125,33.34865,35.223605,32.46702,33.502578,-1.035557,-0.955509,-0.160097,35.481783,36.308764,30.388536,1.016214,2850611.4
HK,01209,2023-05-29,-1.756697,31.73722,32.05175,33.139685,35.12738,32.29111,33.341172,-1.050062,-0.974419,-0.151286,32.342659,36.051664,30.227706,1.032877,3008939.4
HK,01209,2023-05-30,0.550064,31.71136,31.8794,32.92856,35.031872,32.16877,33.204485,-1.035715,-0.986679,-0.098074,34.269192,35.669322,30.187798,1.063736,3424308.2
HK,01209,2023-05-31,-2.462225,31.46146,31.67259,32.67866,34.926312,31.945944,33.020479,-1.074535,-1.00425,-0.14057,30.112991,35.263332,30.093988,1.077005,4280242.8
HK,01209,2023-06-01,-1.823218,31.11678,31.48301,32.435225,34.792745,31.671229,32.808614,-1.137385,-1.030877,-0.213015,27.517224,35.005652,29.864798,1.077011,4228046.0
HK,01209,2023-06-02,10.285707,31.39254,31.62089,32.37275,34.714472,31.91604,32.842235,-0.926195,-1.00994,0.167491,52.130133,34.794683,29.950817,1.240132,4516463.0
HK,01209,2023-06-05,-2.20218,31.63382,31.68552,32.23272,34.614655,32.010495,32.819106,-0.808611,-0.969675,0.322127,47.986602,34.243316,30.222124,1.228494,4293576.2
HK,01209,2023-06-06,1.19213,31.9182,31.81478,32.15301,34.516275,32.150081,32.826417,-0.676336,-0.911007,0.469341,50.241535,33.905701,30.400319,1.270002,3639135.8
HK,01209,2023-06-07,1.439647,32.45246,31.95696,32.12931,34.431538,32.341099,32.86829,-0.527191,-0.834244,0.614106,52.927201,33.799605,30.459015,1.268537,2559379.4
HK,01209,2023-06-08,-0.257849,33.08152,32.09915,32.13362,34.360447,32.489484,32.900683,-0.411199,-0.749635,0.676871,52.374102,33.815549,30.451691,1.273335,2335001.4
HK,01209,2023-06-09,-0.112293,33.08266,32.2376,32.1813,34.318175,32.609286,32.927907,-0.31862,-0.663432,0.689623,52.119316,33.93364,30.42896,1.225868,1593341.2
HK,01209,2023-06-12,-0.653777,33.1868,32.41031,32.23103,34.285203,32.677196,32.937002,-0.259806,-0.582707,0.645801,50.57834,34.022353,30.439707,1.21907,1701744.2
HK,01209,2023-06-13,1.447473,33.30906,32.61363,32.246515,34.25446,32.808258,32.980862,-0.172603,-0.500686,0.656166,53.813034,34.076679,30.416351,1.212758,1576103.8
HK,01209,2023-06-14,0.259476,33.35394,32.9032,32.287895,34.23522,32.932542,33.027916,-0.095375,-0.419624,0.648498,54.397578,34.200761,30.375029,1.185154,1467796.8
HK,01209,2023-06-15,2.845958,33.60738,33.34445,32.41373,34.219718,33.184889,33.142352,0.042537,-0.327192,0.739457,60.341519,34.565271,30.262189,1.184364,1512241.4
HK,01209,2023-06-16,0.0,33.8683,33.47548,32.548185,34.21786,33.398414,33.248311,0.150103,-0.231733,0.763671,60.341519,34.879053,30.217317,1.180531,1783893.2
HK,01209,2023-06-19,0.377175,34.1988,33.6928,32.68916,34.19735,33.59915,33.356081,0.243069,-0.136772,0.759684,61.142158,35.177927,30.200393,1.149015,1640427.8
HK,01209,2023-06-20,-1.879654,34.30316,33.80611,32.810445,34.188947,33.66865,33.407549,0.261101,-0.057198,0.636598,55.144806,35.316355,30.304535,1.135278,1545509.4
HK,01209,2023-06-21,-2.809617,34.19878,33.77636,32.86666,34.161727,33.580273,33.384338,0.195935,-0.006571,0.405013,47.74737,35.344915,30.388405,1.141158,1444795.8
HK,01209,2023-06-23,-0.262886,33.88566,33.74652,32.922835,34.117258,33.492108,33.356402,0.135706,0.021884,0.227644,47.128234,35.360012,30.485658,1.100032,1427253.0
HK,01209,2023-06-26,-0.790434,33.52036,33.69433,32.965965,34.071315,33.377368,33.311209,0.066159,0.030739,0.07084,45.233969,35.358174,30.573756,1.102223,1199861.2
HK,01209,2023-06-27,3.32007,33.34642,33.77261,33.09146,34.068625,33.447542,33.349897,0.097645,0.044121,0.107049,53.602907,35.387265,30.795655,1.147743,1479717.2
HK,01209,2023-06-28,0.385712,33.32904,33.8161,33.214865,34.084625,33.526997,33.395386,0.131611,0.061619,0.139985,54.50166,35.417796,31.011934,1.124775,1562815.0
HK,01209,2023-06-29,-2.304793,33.34644,33.77261,33.337905,34.077525,33.473798,33.379521,0.094277,0.06815,0.052254,48.440159,35.221547,31.454263,1.125199,1705902.4
HK,01209,2023-06-30,1.965872,33.5117,33.69868,33.521565,34.053292,33.529137,33.413149,0.115988,0.077718,0.07654,53.119101,34.722761,32.320369,1.125592,2183031.6
HK,01209,2023-07-03,0.513988,33.76392,33.64214,33.55881,34.020467,33.602716,33.457167,0.145548,0.091284,0.108529,54.309517,34.771702,32.345918,1.141485,2164546.8
HK,01209,2023-07-04,2.429765,33.96396,33.65519,33.673995,34.008595,33.792098,33.559133,0.232965,0.11962,0.22669,59.563612,34.911498,32.436492,1.165565,1972550.2
HK,01209,2023-07-05,-2.372128,33.97264,33.65084,33.728475,33.967872,33.825221,33.592338,0.232884,0.142273,0.181221,53.000137,34.923217,32.533733,1.172389,2017081.0
HK,01209,2023-07-06,-2.813211,33.94654,33.64649,33.711425,33.918383,33.706064,33.552216,0.153848,0.144588,0.01852,46.597768,34.934306,32.488544,1.191154,1897204.6
HK,01209,2023-07-07,-1.315857,33.703,33.60735,33.676935,33.876008,33.538331,33.482852,0.055479,0.126766,-0.142574,43.995962,34.979939,32.373931,1.152664,1342239.2
HK,01209,2023-07-10,-0.799919,33.3725,33.56821,33.63127,33.79769,33.356265,33.3993,-0.043035,0.092806,-0.271682,42.464164,35.047469,32.215071,1.172838,1463704.0
HK,01209,2023-07-11,0.940816,32.93762,33.45079,33.6117,33.717263,33.249039,33.344485,-0.095446,0.055155,-0.301203,44.875665,35.069651,32.153749,1.151185,1577884.0
HK,01209,2023-07-12,0.665967,32.7115,33.34207,33.579085,33.639025,33.191772,33.309842,-0.11807,0.02051,-0.277161,46.597955,35.07174,32.08643,1.124872,1582714.2
HK,01209,2023-07-13,1.984074,32.80718,33.37686,33.574735,33.568787,33.243669,33.326083,-0.082415,-7.5e-05,-0.16468,51.492829,35.06744,32.08203,1.119074,1640630.4
HK,01209,2023-07-14,-1.945474,32.85938,33.28119,33.489935,33.487677,33.187227,33.292803,-0.105576,-0.021175,-0.168802,46.866555,34.938244,32.041626,1.104369,1975796.4
HK,01209,2023-07-18,-4.894333,32.64194,33.00722,33.32468,33.389083,32.891915,33.142795,-0.25088,-0.067116,-0.367528,37.836071,34.98043,31.66893,1.199443,2560434.2
HK,01209,2023-07-19,1.251771,32.4419,32.68976,33.172475,33.317838,32.702251,33.032892,-0.330641,-0.119821,-0.42164,40.82299,34.852835,31.492115,1.244232,2619923.2
HK,01209,2023-07-20,-0.137401,32.18966,32.45058,33.05071,33.247305,32.535074,32.927907,-0.392833,-0.174423,-0.43682,40.589562,34.8099,31.29152,1.205059,2446243.2
HK,01209,2023-07-21,0.550361,31.84176,32.32447,32.98548,33.179672,32.420386,32.843588,-0.423202,-0.224179,-0.398047,42.017757,34.82815,31.14281,1.212169,2334621.6
HK,01209,2023-07-24,-3.556824,31.39818,32.12878,32.868065,33.106837,32.149388,32.68176,-0.532372,-0.285818,-0.493108,35.966977,34.971107,30.765023,1.221885,2083634.0
HK,01209,2023-07-25,7.801324,31.75478,32.19836,32.883285,33.065967,32.288051,32.709089,-0.421037,-0.312862,-0.216351,51.784195,34.986988,30.779582,1.327193,2006956.2
HK,01209,2023-07-26,-0.263232,32.0157,32.2288,32.839795,33.023647,32.391997,32.727949,-0.335951,-0.317479,-0.036944,51.287922,34.898608,30.780982,1.291415,1822127.2
HK,01209,2023-07-27,3.430137,32.51146,32.35056,32.846315,32.99658,32.653905,32.829167,-0.175262,-0.289036,0.227548,57.049063,34.920099,30.772531,1.311,2424624.8
HK,01209,2023-07-28,-0.892815,32.91154,32.37665,32.876755,32.96444,32.828689,32.90034,-0.071651,-0.245559,0.347816,55.157763,34.986863,30.766647,1.298121,2877118.2
HK,01209,2023-07-31,-3.474993,33.30292,32.35055,32.81587,32.92422,32.795937,32.879263,-0.083326,-0.213112,0.259573,48.481005,34.88185,30.74989,1.366927,3474847.6
HK,01209,2023-08-01,1.466774,33.31162,32.5332,32.77021,32.90059,32.841824,32.895184,-0.053361,-0.181162,0.255603,51.079283,34.768079,30.772341,1.378011,3181527.6
HK,01209,2023-08-02,-0.919799,33.27684,32.64627,32.668015,32.858243,32.83382,32.887378,-0.053558,-0.155641,0.204166,49.373019,34.42818,30.90785,1.375874,3291387.6
HK,01209,2023-08-03,-0.663316,32.97242,32.74194,32.59626,32.825915,32.793586,32.864039,-0.070453,-0.138604,0.136302,48.135739,34.245693,30.946827,1.345933,2849762.0
HK,01209,2023-08-04,0.801294,32.78108,32.84631,32.58539,32.808708,32.799696,32.861762,-0.062066,-0.123296,0.12246,49.762677,34.22554,30.94524,1.333659,2414293.8
HK,01209,2023-08-07,-1.457057,32.7289,33.01591,32.572345,32.7943,32.731266,32.824217,-0.092951,-0.117227,0.048552,46.860996,34.215467,30.929223,1.303627,1644301.0
HK,01209,2023-08-08,-3.09134,32.381,32.84631,32.522335,32.778302,32.519486,32.715364,-0.195877,-0.132957,-0.12584,41.42268,34.247711,30.796959,1.294382,1677101.0
HK,01209,2023-08-09,1.109563,32.16356,32.7202,32.4745,32.77241,32.393812,32.640344,-0.246532,-0.155672,-0.181721,43.863041,34.23473,30.71427,1.251626,1461716.4
HK,01209,2023-08-10,0.274425,32.00702,32.48972,32.42014,32.74858,32.300856,32.577326,-0.27647,-0.179832,-0.193277,44.485882,34.194411,30.645869,1.227453,1433183.4
HK,01209,2023-08-11,-0.273674,31.78088,32.28098,32.328815,32.730482,32.208817,32.512531,-0.303715,-0.204608,-0.198213,43.960619,34.052675,30.604955,1.195692,1536424.2
HK,01209,2023-08-14,-2.331985,31.50256,32.11573,32.23314,32.712268,32.017199,32.397774,-0.380575,-0.239802,-0.281547,39.673714,34.035346,30.430934,1.200371,1879803.6
HK,01209,2023-08-15,-1.545055,31.3286,31.8548,32.194,32.688955,31.78146,32.256079,-0.474619,-0.286765,-0.375708,37.149162,34.108856,30.279144,1.16123,1511088.8
HK,01209,2023-08-16,-0.71314,31.04158,31.60257,32.12442,32.662018,31.548543,32.108777,-0.560234,-0.341459,-0.43755,36.027233,34.205853,30.042987,1.149728,1595273.4
HK,01209,2023-08-17,-0.574874,30.70236,31.35469,32.048315,32.63649,31.324691,31.959497,-0.634807,-0.400128,-0.469357,35.113201,34.30272,29.79391,1.148362,1743654.4
HK,01209,2023-08-18,-2.745443,30.2153,30.99809,31.9222,32.591447,31.008169,31.760075,-0.751906,-0.470484,-0.562845,31.08097,34.481916,29.362484,1.128457,1903492.8
HK,01209,2023-08-21,-1.040069,29.81522,30.65889,31.8374,32.542767,30.693512,31.552877,-0.859365,-0.54826,-0.62221,29.726519,34.657983,29.016817,1.10066,1853318.6
HK,01209,2023-08-22,0.0,29.51082,30.41971,31.63301,32.494087,30.427264,31.361027,-0.933763,-0.625361,-0.616804,29.726519,34.657364,28.608656,1.059313,2143722.4
HK,01209,2023-08-23,-0.450576,29.2238,30.13269,31.426445,32.452567,30.1819,31.173721,-0.991821,-0.698653,-0.586336,29.096087,34.618713,28.234177,1.058198,2505614.6
HK,01209,2023-08-24,2.111513,29.09334,29.89785,31.193785,32.418322,30.067947,31.045386,-0.97744,-0.75441,-0.446059,35.923299,34.249713,28.137857,1.054055,2839102.6
HK,01209,2023-08-25,0.443256,29.15422,29.68476,30.98287,32.399177,29.991601,30.936224,-0.944623,-0.792453,-0.304341,37.316604,33.870589,28.095151,1.019151,2966543.0
HK,01209,2023-08-28,-0.1471,29.26728,29.54125,30.82849,32.388642,29.920308,30.831926,-0.911618,-0.816286,-0.190664,37.027579,33.680421,27.976559,1.039548,2930517.2
HK,01209,2023-08-29,2.356392,29.5195,29.51516,30.68498,32.338,29.96703,30.786895,-0.819864,-0.817002,-0.005726,44.440222,33.349098,28.020862,1.10818,3691028.2
HK,01209,2023-08-30,-1.151072,29.72824,29.47602,30.539295,32.293768,29.953041,30.719428,-0.766387,-0.806879,0.080983,41.791334,33.04078,28.03781,1.106681,3947536.0
HK,01209,2023-08-31,-1.455679,29.72824,29.41079,30.38274,32.235825,29.874296,30.624745,-0.750449,-0.795593,0.090288,38.686976,32.743658,28.021822,1.114604,4305107.8
HK,01209,2023-09-04,8.86275,30.224,29.68911,30.3436,32.213472,30.209097,30.730356,-0.52126,-0.740726,0.438933,58.571157,32.562393,28.124807,1.252432,5173654.0
HK,01209,2023-09-05,-3.392147,30.51102,29.88915,30.27402,32.174433,30.325128,30.747611,-0.422483,-0.677078,0.509188,51.130592,32.316424,28.231616,1.256159,5271534.0
HK,01209,2023-09-06,0.561956,30.69368,30.10659,30.26315,32.138918,30.450078,30.776477,-0.3264,-0.606942,0.561085,52.177666,32.284639,28.241661,1.250304,4385694.0
HK,01209,2023-09-07,-2.095236,30.81544,30.27184,30.202265,32.096155,30.455435,30.754879,-0.299444,-0.545442,0.491997,48.022975,32.117212,28.287318,1.216911,3989574.0
HK,01209,2023-09-11,0.428081,31.05028,30.38926,30.143555,32.047593,30.480045,30.744547,-0.264502,-0.489254,0.449504,48.899492,31.927776,28.359334,1.223182,3412047.8
HK,01209,2023-09-12,-0.019925,30.76204,30.49302,30.08889,31.99748,30.49993,30.734529,-0.234599,-0.438323,0.407449,48.858017,31.740783,28.436997,1.239033,2188709.0
HK,01209,2023-09-13,0.428955,30.7175,30.61426,30.077755,31.93361,30.536956,30.734979,-0.198022,-0.390263,0.384482,49.844128,31.708792,28.446718,1.206831,1958960.0
HK,01209,2023-09-14,-2.564036,30.48052,30.5871,30.05113,31.856603,30.447025,30.67701,-0.229985,-0.358207,0.256445,44.319539,31.672067,28.430193,1.183186,2033256.4
HK,01209,2023-09-15,0.0,30.37402,30.59473,30.035375,31.777423,30.370929,30.623335,-0.252406,-0.337047,0.169282,44.319539,31.653716,28.417034,1.148715,2008471.4
HK,01209,2023-09-18,-1.900682,30.12756,30.58892,29.999855,31.699627,30.218955,30.531466,-0.312511,-0.33214,0.039258,40.554264,31.642535,28.357175,1.13235,1754457.8
HK,01209,2023-09-19,2.384704,30.02246,30.39225,30.04068,31.649453,30.198162,30.498305,-0.300143,-0.325741,0.051194,46.570915,31.648727,28.432633,1.129668,2089009.8
HK,01209,2023-09-20,-1.746787,29.786,30.25175,30.07045,31.591972,30.099722,30.428675,-0.328954,-0.326383,-0.005141,43.051671,31.618509,28.522391,1.099027,2075950.4
HK,01209,2023-09-21,-3.85171,29.47948,29.98,30.043295,31.519863,29.841272,30.27987,-0.438598,-0.348826,-0.179543,36.598882,31.684371,28.402219,1.108104,1992214.0
HK,01209,2023-09-22,1.540827,29.26054,29.81728,30.04456,31.436933,29.689953,30.174524,-0.48457,-0.375975,-0.217191,40.305022,31.681936,28.407184,1.113404,2079173.2
HK,01209,2023-09-25,-4.249126,28.91022,29.51889,29.954075,31.331392,29.373268,29.986152,-0.612883,-0.423357,-0.379054,34.264904,31.887986,28.020164,1.127711,2284703.8
HK,01209,2023-09-26,-1.742938,28.32344,29.17295,29.832985,31.23087,29.031212,29.776059,-0.744847,-0.487655,-0.514385,32.222439,32.118767,27.547203,1.106588,1911232.4
HK,01209,2023-09-27,-0.967959,27.7892,28.7876,29.70093,31.115097,28.701348,29.562062,-0.860714,-0.562267,-0.596894,31.131917,32.322402,27.079458,1.093232,1999069.2
HK,01209,2023-09-28,-2.280276,27.36004,28.41976,29.50343,30.986207,28.32791,29.318502,-0.990592,-0.647932,-0.68532,28.692246,32.505119,26.501741,1.090215,2358806.8
HK,01209,2023-09-29,5.333409,27.12356,28.19205,29.39339,30.8669,28.227508,29.196783,-0.969275,-0.7122,-0.514149,40.222695,32.492154,26.294626,1.140586,2444112.6
HK,01209,2023-10-03,-3.955513,26.91338,27.9118,29.25036,30.74312,27.974138,29.002992,-1.028854,-0.775531,-0.506646,35.406138,32.582388,25.918332,1.171715,2202596.0
HK,01209,2023-10-04,-0.988691,26.74696,27.5352,28.963725,30.630905,27.719317,28.804089,-1.084772,-0.837379,-0.494786,34.342931,32.269114,25.658336,1.1412,2178373.6
HK,01209,2023-10-05,-0.166427,26.62434,27.20677,28.72926,30.525208,27.49696,28.616675,-1.119714,-0.893846,-0.451736,34.158822,32.098676,25.359844,1.103471,1909385.2
HK,01209,2023-10-06,1.667047,26.71194,27.03599,28.507995,30.43116,27.376197,28.475588,-1.099391,-0.934955,-0.328871,37.752544,31.796044,25.219946,1.074702,1274687.6
HK,01209,2023-10-09,-1.147799,26.45796,26.79076,28.30402,30.326928,27.226844,28.322241,-1.095397,-0.967043,-0.256707,36.26056,31.582342,25.025698,1.076138,908647.6
HK,01209,2023-10-10,0.497625,26.4492,26.68129,28.10009,30.221262,27.120683,28.189986,-1.069302,-0.987495,-0.163614,37.402344,31.283981,24.916199,1.068085,945673.6
HK,01209,2023-10-11,3.300323,26.66816,26.70756,27.940255,30.11932,27.165593,28.132402,-0.966808,-0.983358,0.033099,44.534092,30.918555,24.961955,1.079372,1180500.8
HK,01209,2023-10-12,1.917002,27.00098,26.81266,27.80013,30.037008,27.284441,28.118009,-0.833568,-0.9534,0.239663,48.337442,30.487759,25.112501,1.071088,1376660.8
HK,01209,2023-10-13,-3.134787,27.07104,26.89149,27.655625,29.966918,27.250265,28.039808,-0.789543,-0.920629,0.262171,43.040401,30.170033,25.141217,1.066525,1532474.0
HK,01209,2023-10-16,-0.809244,27.15862,26.80829,27.50017,29.886655,27.187655,27.951178,-0.763523,-0.889207,0.251369,41.806673,29.80289,25.19745,1.037259,1448154.0
HK,01209,2023-10-17,-1.794489,27.12358,26.78639,27.349095,29.799088,27.06057,27.833431,-0.772862,-0.865938,0.186153,39.148546,29.53116,25.16703,1.013212,1415805.4
HK,01209,2023-10-18,0.664603,26.94842,26.80829,27.171745,29.711542,26.97999,27.737385,-0.757395,-0.84423,0.173669,40.627178,28.980568,25.362922,0.978375,1229690.8
HK,01209,2023-10-19,-3.63043,26.47548,26.73823,26.9725,29.626783,26.763591,27.577089,-0.813498,-0.838083,0.04917,35.516522,28.548843,25.396157,1.039862,1755578.4
HK,01209,2023-10-20,-1.541054,26.09888,26.58496,26.810475,29.495593,26.519854,27.399475,-0.879621,-0.846391,-0.066461,33.651642,28.424175,25.196775,1.056294,1949712.8
HK,01209,2023-10-24,2.608492,25.89744,26.52803,26.659395,29.3768,26.414661,27.28367,-0.869009,-0.850914,-0.036188,39.365766,28.024819,25.293971,1.121601,2273769.0
HK,01209,2023-10-25,3.051157,25.95,26.53679,26.60904,29.2523,26.446929,27.234835,-0.787906,-0.838313,0.100813,45.439312,27.899577,25.318503,1.119687,2477247.6
HK,01209,2023-10-26,-3.947507,25.75732,26.35287,26.530215,29.115357,26.31254,27.111766,-0.799226,-0.830495,0.062539,39.725917,27.870602,25.189828,1.127295,2505781.4
HK,01209,2023-10-27,7.020576,26.1164,26.29594,26.5543,29.027907,26.475041,27.130805,-0.655764,-0.795549,0.27957,51.049054,27.936143,25.172457,1.200038,2289913.2
HK,01209,2023-10-30,0.160036,26.56306,26.33097,26.61123,28.933213,26.619281,27.151679,-0.532398,-0.742919,0.421042,51.289466,28.03536,25.1871,1.167493,1993559.0
HK,01209,2023-10-31,-2.555759,26.73824,26.31784,26.563065,28.831917,26.633546,27.11911,-0.485565,-0.691448,0.411767,47.288781,27.902636,25.223494,1.149786,1790450.6
HK,01209,2023-11-01,-2.459194,26.62438,26.28719,26.53679,28.723297,26.544554,27.040295,-0.495741,-0.652307,0.313132,43.836134,27.894447,25.179133,1.127087,1846156.6
HK,01209,2023-11-02,1.680669,26.8083,26.28281,26.54555,28.617625,26.536623,26.999754,-0.463132,-0.614472,0.30268,46.63334,27.899698,25.191402,1.118524,1875476.6
HK,01209,2023-11-03,1.487563,26.71196,26.41418,26.576205,28.526495,26.590542,26.99141,-0.400867,-0.571751,0.341767,49.090765,27.932133,25.220277,1.082422,1391549.4
HK,01209,2023-11-06,3.257324,26.78202,26.67254,26.62875,28.466632,26.770905,27.048557,-0.277652,-0.512931,0.470558,54.144211,28.07977,25.17773,1.086435,1536196.0
HK,01209,2023-11-07,-3.15457,26.81704,26.77764,26.652835,28.386373,26.788781,27.036597,-0.247816,-0.459908,0.424184,48.9152,28.104217,25.201453,1.096418,1502282.4
HK,01209,2023-11-08,0.162903,26.9922,26.80829,26.67254,28.305395,26.810646,27.028768,-0.218122,-0.411551,0.386857,49.179538,28.127782,25.217298,1.071281,1461523.0
HK,01209,2023-11-09,-5.691232,26.77324,26.79077,26.57182,28.200322,26.593346,26.907985,-0.314639,-0.392168,0.155059,41.154404,28.085888,25.057752,1.116747,1957320.4
HK,01209,2023-11-10,0.862266,26.51926,26.61561,26.455775,28.11122,26.44317,26.812371,-0.369201,-0.387575,0.036747,42.595799,27.886667,25.024883,1.108922,2216308.2
HK,01209,2023-11-13,0.683915,26.12516,26.45359,26.39228,28.033012,26.343051,26.736818,-0.393766,-0.388813,-0.009906,43.782163,27.822582,24.961978,1.073506,2109373.4
HK,01209,2023-11-14,-1.018905,25.85366,26.33535,26.326595,27.954047,26.217905,26.647394,-0.429489,-0.396949,-0.065081,42.367721,27.788328,24.864862,1.065641,2360724.2
HK,01209,2023-11-15,7.032621,25.93248,26.46234,26.374765,27.907905,26.388227,26.697587,-0.30936,-0.379431,0.140142,53.435565,27.900052,24.849478,1.117767,2755446.8
HK,01209,2023-11-16,-3.846295,26.10764,26.44044,26.361625,27.858017,26.370654,26.66621,-0.295557,-0.362656,0.134199,47.664945,27.88563,24.83762,1.128634,2411924.2
HK,01209,2023-11-17,-2.666514,26.09888,26.30907,26.361625,27.801525,26.247999,26.585262,-0.337262,-0.357577,0.04063,44.235563,27.88563,24.83762,1.104317,2393564.2
HK,01209,2023-11-20,2.739565,26.1952,26.16018,26.41636,27.75671,26.252,26.562205,-0.310206,-0.348103,0.075795,48.245602,27.84204,24.99068,1.091123,2771115.0
HK,01209,2023-11-21,1.667047,26.43168,26.14267,26.460155,27.72137,26.322769,26.573301,-0.250532,-0.328589,0.156113,50.635581,27.865513,25.054797,1.128921,3000610.0
HK,01209,2023-11-22,-0.655885,26.27404,26.10326,26.455775,27.672963,26.355697,26.570597,-0.214901,-0.305851,0.181901,49.647954,27.859603,25.051947,1.11397,2354341.2
HK,01209,2023-11-23,3.300323,26.50176,26.3047,26.547735,27.636978,26.518297,26.632968,-0.114671,-0.267615,0.305889,54.43257,27.949268,25.146202,1.137622,2340246.4
HK,01209,2023-11-24,-0.159781,26.86084,26.47986,26.547735,27.600988,26.649144,26.687474,-0.03833,-0.221758,0.366856,54.155413,27.949268,25.146202,1.103285,2337606.4
HK,01209,2023-11-27,-2.240142,26.95718,26.57619,26.51489,27.543183,26.665537,26.692528,-0.026991,-0.182805,0.311628,50.295002,27.863604,25.166176,1.096421,2274433.4
HK,01209,2023-11-28,-1.636661,26.87834,26.65501,26.49518,27.483878,26.612039,26.66477,-0.052731,-0.15679,0.208118,47.680661,27.843317,25.147043,1.071284,1789066.6
HK,01209,2023-11-29,-2.994931,26.6769,26.47547,26.468905,27.418685,26.44551,26.580683,-0.135173,-0.152467,0.034586,43.31617,27.869779,25.068031,1.123007,2179329.4
HK,01209,2023-11-30,1.372133,26.37036,26.43606,26.43825,27.315842,26.358493,26.528774,-0.170281,-0.156029,-0.028502,45.695295,27.862314,25.014186,1.092842,2208710.6
HK,01209,2023-12-01,-3.553337,25.88866,26.37475,26.34191,27.215792,26.143386,26.41259,-0.269204,-0.178664,-0.181079,40.84827,27.887033,24.796787,1.096103,2333221.4
HK,01209,2023-12-04,-1.22795,25.46828,26.21273,26.186455,27.107733,25.914219,26.28231,-0.36809,-0.216549,-0.303082,39.350085,27.753887,24.619023,1.161696,2940754.2
HK,01209,2023-12-05,-4.262629,24.9253,25.90182,26.022245,26.993033,25.558632,26.083835,-0.525203,-0.27828,-0.493846,34.656619,27.915853,24.128637,1.21321,3183209.8
HK,01209,2023-12-06,0.370717,24.55746,25.61718,25.86022,26.877617,25.271211,25.906543,-0.635332,-0.349691,-0.571283,35.348069,27.95858,23.76186,1.182853,2994916.4
HK,01209,2023-12-07,0.36977,24.13708,25.25372,25.77921,26.763762,25.041487,25.748873,-0.707387,-0.42123,-0.572314,36.07735,28.059846,23.498574,1.142156,2866194.2
HK,01209,2023-12-08,-2.210026,23.79552,24.84209,25.660975,26.63896,24.766258,25.563957,-0.797699,-0.496524,-0.602351,33.62686,28.194152,23.127798,1.138766,2877163.4
HK,01209,2023-12-11,-1.883238,23.42768,24.44798,25.512085,26.519997,24.466003,25.360301,-0.894298,-0.576079,-0.636439,31.694915,28.330813,22.693357,1.110597,2942659.8
HK,01209,2023-12-12,3.071279,23.41016,24.16773,25.41137,26.412712,24.319741,25.223634,-0.903893,-0.641641,-0.524504,37.848161,28.361289,22.461451,1.115719,2928553.4
HK,01209,2023-12-13,-3.538122,23.20874,23.8831,25.179285,26.301048,24.067981,25.035461,-0.96748,-0.706809,-0.521342,33.938656,28.219457,22.139113,1.111096,2912199.4
HK,01209,2023-12-14,1.544308,23.05986,23.59847,25.017265,26.183545,23.908845,24.887175,-0.97833,-0.761113,-0.434433,36.894267,28.150754,21.883776,1.097418,2793367.4
HK,01209,2023-12-15,2.66133,23.13868,23.4671,24.920925,26.085017,23.8685,24.795281,-0.926781,-0.794247,-0.265068,41.801292,28.098269,21.743581,1.141016,3138166.0
HK,01209,2023-12-18,-3.888508,23.12118,23.27443,24.74358,25.990138,23.6929,24.642082,-0.949182,-0.825234,-0.247897,37.136557,27.994137,21.493023,1.131451,2447267.6
HK,01209,2023-12-19,-1.926775,22.87596,23.14306,24.52244,25.880663,23.476946,24.467795,-0.990849,-0.858357,-0.264983,35.126186,27.808832,21.236048,1.088162,2356780.0
HK,01209,2023-12-20,-0.196508,22.78838,22.99856,24.30787,25.790895,23.287477,24.303173,-1.015695,-0.889825,-0.251742,34.922545,27.600538,21.015202,1.088636,2726673.6
HK,01209,2023-12-21,2.755626,22.75334,22.9066,24.08016,25.71937,23.221465,24.196153,-0.974687,-0.906797,-0.13578,40.151973,27.101183,21.059137,1.089076,2946379.0
HK,01209,2023-12-22,-0.957635,22.55192,22.8453,23.843695,25.648577,23.131932,24.080845,-0.948913,-0.91522,-0.067385,38.948371,26.518576,21.168814,1.080099,2756930.0
HK,01209,2023-12-27,0.57996,22.56066,22.84092,23.64445,25.59019,23.076374,23.983805,-0.907431,-0.913662,0.012463,40.108077,25.996143,21.292757,1.040485,2586549.4
HK,01209,2023-12-28,3.46189,22.81464,22.8453,23.506515,25.521587,23.150639,23.952345,-0.801706,-0.891271,0.17913,46.65928,25.513117,21.499913,1.03185,2724447.0
HK,01209,2023-12-29,3.531544,23.24378,23.01608,23.44959,25.485095,23.341479,23.984845,-0.643366,-0.84169,0.396648,52.557691,25.280277,21.618903,1.026961,2401533.8
HK,01209,2024-01-02,-3.231507,23.39268,23.07301,23.33574,25.439847,23.381698,23.956553,-0.574855,-0.788323,0.426936,47.229417,24.792787,21.878693,1.047442,2502126.0
HK,01209,2024-01-03,-0.556711,23.55908,23.0555,23.2613,25.393138,23.395514,23.920623,-0.52511,-0.73568,0.421141,46.385163,24.516954,22.005646,1.028925,2233797.6
HK,01209,2024-01-04,0.559828,23.7255,23.14308,23.208755,25.34132,23.427419,23.897088,-0.469669,-0.682478,0.425618,47.397789,24.304725,22.112785,1.005473,2231468.4
HK,01209,2024-01-05,-2.411992,23.6204,23.21752,23.18029,25.285123,23.366832,23.833126,-0.466295,-0.639241,0.345894,43.559177,24.26333,22.09725,0.983697,2063217.6
HK,01209,2024-01-08,-3.612114,23.1825,23.21314,23.10585,25.21287,23.187565,23.712272,-0.524707,-0.616335,0.183255,38.634695,24.241779,21.969921,1.013525,2236005.6
HK,01209,2024-01-09,0.197283,22.911,23.15184,23.02922,25.12675,23.042617,23.603615,-0.560998,-0.605267,0.088538,39.025504,24.180117,21.878323,0.988045,2054341.0
HK,01209,2024-01-10,-0.787579,22.63074,23.09491,22.970105,25.028952,22.893014,23.490029,-0.597015,-0.603617,0.013204,37.983473,24.188529,21.751681,0.958135,1880619.0
HK,01209,2024-01-11,0.396915,22.34172,23.03361,22.937265,24.94721,22.779904,23.391345,-0.611441,-0.605182,-0.012519,38.862485,24.205088,21.669442,0.946004,2077915.0
HK,01209,2024-01-12,-1.186038,22.114,22.8672,22.85625,24.864738,22.643765,23.280505,-0.63674,-0.611493,-0.050493,37.160803,24.172138,21.540362,0.934732,2000068.4
HK,01209,2024-01-15,-0.399635,22.03518,22.60884,22.81246,24.788837,22.515109,23.171393,-0.656284,-0.620451,-0.071666,36.586376,24.204539,21.420381,0.930523,1751124.8
HK,01209,2024-01-16,-5.622836,21.70236,22.30668,22.689845,24.689578,22.2176,22.979535,-0.761935,-0.648748,-0.226373,29.665782,24.382056,20.997634,0.967278,2622973.6
HK,01209,2024-01-17,-4.893277,21.20316,21.91695,22.486225,24.589592,21.810923,22.727288,-0.916365,-0.702271,-0.428186,25.413816,24.597175,20.375275,1.004537,4030885.4
HK,01209,2024-01-18,-0.671292,20.66016,21.50094,22.32201,24.493983,21.446596,22.483992,-1.037396,-0.769296,-0.536199,24.912107,24.809805,19.834215,1.014113,4625069.0
HK,01209,2024-01-19,0.0,20.16972,21.14186,22.17969,24.387428,21.13832,22.258719,-1.120399,-0.839517,-0.561764,24.912107,24.966419,19.392961,0.985462,5334296.6
HK,01209,2024-01-22,-6.30619,19.45156,20.74337,21.978255,24.2473,20.68884,21.95931,-1.27047,-0.925707,-0.689525,20.526773,25.256021,18.700489,1.033936,6761686.0
HK,01209,2024-01-23,5.768882,19.18882,20.44559,21.798715,24.142203,20.470188,21.759924,-1.289736,-0.998513,-0.582446,31.635031,25.252613,18.344817,1.082069,7211536.2
HK,01209,2024-01-24,4.772779,19.31142,20.25729,21.6761,24.02251,20.426651,21.643426,-1.216775,-1.042165,-0.349219,39.591906,25.175712,18.176488,1.086107,6833086.0
HK,01209,2024-01-25,1.735258,19.53036,20.09526,21.564435,23.907925,20.443705,21.561505,-1.117801,-1.057293,-0.121016,42.344702,25.05972,18.06915,1.077342,6833477.0
HK,01209,2024-01-26,-0.42605,19.7318,19.95076,21.40898,23.803558,20.444673,21.479172,-1.034498,-1.052734,0.036471,41.831912,24.810892,18.007068,1.059818,6785664.4
HK,01209,2024-01-29,2.355501,20.2748,19.86318,21.23601,23.718168,20.5196,21.438618,-0.919018,-1.025991,0.213945,45.728338,24.353747,18.118273,1.062309,6899593.6
HK,01209,2024-01-30,-3.138302,20.47624,19.83253,21.069605,23.614532,20.481939,21.35241,-0.870471,-0.994887,0.248832,41.632683,24.014749,18.124461,1.083394,6627189.8
HK,01209,2024-01-31,-2.591887,20.38866,19.85004,20.883495,23.495568,20.369225,21.233661,-0.864435,-0.968796,0.208722,38.650392,23.663809,18.103181,1.068566,5921818.8
HK,01209,2024-02-01,0.88712,20.26606,19.89821,20.699575,23.364928,20.300806,21.136686,-0.83588,-0.942213,0.212666,40.188706,23.209504,18.189646,1.057926,5148673.8
HK,01209,2024-02-02,-0.43966,20.14344,19.93762,20.53974,23.247425,20.229436,21.040405,-0.81097,-0.915964,0.20999,39.653319,22.832524,18.246956,1.076195,4707374.0
HK,01209,2024-02-05,-2.649103,19.81938,20.04709,20.39523,23.120433,20.0882,20.912331,-0.824131,-0.897598,0.146933,36.511067,22.613954,18.176506,1.071267,3722348.8
HK,01209,2024-02-06,1.813954,19.69676,20.0865,20.266045,23.024825,20.022584,20.819692,-0.797107,-0.8775,0.160785,39.928367,22.334612,18.197478,1.079205,4079573.6
HK,01209,2024-02-07,-2.6722,19.57416,19.98141,20.11935,22.91681,19.886233,20.694996,-0.808763,-0.863752,0.109979,36.734655,22.06798,18.17072,1.077191,4883143.0
HK,01209,2024-02-08,2.288321,19.5041,19.88508,19.99017,22.813173,19.838228,20.611974,-0.773746,-0.845751,0.14401,40.972437,21.710284,18.270056,1.069063,5137057.4
HK,01209,2024-02-09,-3.355948,19.32018,19.73181,19.841285,22.702968,19.696547,20.486443,-0.789896,-0.83458,0.089368,36.971608,21.382278,18.300292,1.067772,4808502.0
HK,01209,2024-02-14,0.694602,19.26764,19.54351,19.703345,22.56503,19.596878,20.379943,-0.783065,-0.824277,0.082424,38.270086,20.988253,18.418437,1.05406,4227388.2
HK,01209,2024-02-15,-2.528781,19.0487,19.37273,19.60263,22.43658,19.438435,20.245651,-0.807216,-0.820865,0.027298,35.391597,20.912022,18.293238,1.03507,2767281.2
HK,01209,2024-02-16,8.726235,19.25888,19.41652,19.63328,22.34681,19.55363,20.241321,-0.687692,-0.79423,0.213077,49.225067,20.967047,18.299513,1.083122,2038016.6
HK,01209,2024-02-19,-4.121423,19.21508,19.35959,19.6289,22.231497,19.523102,20.175683,-0.652581,-0.7659,0.226639,44.01351,20.965712,18.292088,1.087078,2106321.0
HK,01209,2024-02-20,1.131479,19.34646,19.33332,19.63547,22.112533,19.530963,20.131128,-0.600165,-0.732753,0.265176,45.644787,20.969848,18.301092,1.068858,2320686.0
HK,01209,2024-02-21,4.250493,19.61796,19.4428,19.744945,22.010357,19.665615,20.151504,-0.485889,-0.68338,0.394983,51.434254,20.948627,18.541263,1.092604,2784272.2
HK,01209,2024-02-22,2.360557,20.08214,19.56542,19.82596,21.901612,19.853659,20.206052,-0.352393,-0.617183,0.52958,54.458668,21.105918,18.546002,1.083375,3141512.4
HK,01209,2024-02-23,0.418903,20.23978,19.74933,19.86537,21.795055,20.026234,20.263041,-0.236806,-0.541108,0.608603,55.006786,21.232931,18.497809,1.062298,3202149.0
HK,01209,2024-02-26,4.801815,20.76526,19.99017,19.937625,21.715503,20.327214,20.390415,-0.063202,-0.445526,0.764649,60.848136,21.567202,18.308048,1.086513,3922150.8
HK,01209,2024-02-27,-2.390527,21.14184,20.24415,19.98798,21.634492,20.501042,20.469429,0.031613,-0.350098,0.763424,56.711218,21.735731,18.240229,1.087097,4734296.0
HK,01209,2024-02-28,-3.26512,21.2119,20.41493,19.97922,21.55494,20.540344,20.490694,0.04965,-0.270149,0.639597,51.667729,21.709633,18.248807,1.05949,4549528.8
HK,01209,2024-02-29,0.0,21.18562,20.63388,20.003305,21.46955,20.573598,20.510383,0.063215,-0.203476,0.533383,51.667729,21.762671,18.243939,1.046377,4440713.6
HK,01209,2024-03-01,-2.320719,21.0455,20.64264,20.02958,21.391458,20.527629,20.492932,0.034697,-0.155841,0.381077,48.246341,21.788684,18.270476,1.046707,4580249.6
HK,01209,2024-03-04,-1.511729,20.64264,20.70395,20.03177,21.313367,20.441579,20.454071,-0.012492,-0.127171,0.229359,46.152163,21.790454,18.273086,1.034499,3999877.4
HK,01209,2024-03-05,-3.070367,20.22226,20.68205,20.007685,21.242572,20.274444,20.372673,-0.098229,-0.121383,0.046307,42.205719,21.789427,18.225943,1.029421,3504218.8
HK,01209,2024-03-06,2.715033,20.0471,20.6295,20.03615,21.179077,20.213868,20.33623,-0.122363,-0.121579,-0.001568,46.433688,21.790466,18.281834,1.034084,3663889.6
HK,01209,2024-03-07,-3.083895,19.74932,20.46747,20.016445,21.103903,20.068288,20.257073,-0.188785,-0.13502,-0.107529,42.524971,21.795817,18.237073,1.044671,3925897.0
HK,01209,2024-03-08,-1.136104,19.5041,20.2748,20.012065,21.03384,19.911428,20.167564,-0.256135,-0.159243,-0.193784,41.191725,21.800489,18.223641,1.026351,3948789.8
HK,01209,2024-03-11,5.516912,19.53036,20.0865,20.038335,20.98859,19.940378,20.162529,-0.222151,-0.171825,-0.100653,49.394555,21.815661,18.261009,1.03749,4366848.6
HK,01209,2024-03-12,8.497184,20.02082,20.12154,20.182845,20.960127,20.227627,20.284379,-0.056752,-0.14881,0.184117,59.324445,22.040263,18.325427,1.116648,5662349.4
HK,01209,2024-03-13,-2.008025,20.3186,20.18285,20.29889,20.938232,20.403315,20.364766,0.03855,-0.111338,0.299776,56.275406,22.148365,18.449415,1.074423,5560091.0
HK,01209,2024-03-14,2.663597,20.85284,20.30108,20.46748,20.919985,20.639544,20.481361,0.158183,-0.057434,0.431234,59.210061,22.268823,18.666137,1.060236,5609639.8
HK,01209,2024-03-15,-1.796361,21.35204,20.42807,20.535355,20.884953,20.778799,20.560127,0.218672,-0.002213,0.441769,56.388137,22.390828,18.679882,1.056448,5654548.8
HK,01209,2024-03-18,-3.048546,21.5097,20.52003,20.61199,20.8543,20.795583,20.584406,0.211177,0.040465,0.341424,51.944857,22.391201,18.832779,1.062309,5162302.0
HK,01209,2024-03-19,-1.886738,21.24696,20.63389,20.65797,20.824377,20.749155,20.577695,0.171461,0.066664,0.209593,49.428064,22.373933,18.942007,1.048987,3935589.6
HK,01209,2024-03-20,0.854405,21.10682,20.71271,20.671105,20.798102,20.736808,20.584451,0.152358,0.083803,0.137109,50.573909,22.383175,18.959035,1.02723,3769577.2
HK,01209,2024-03-21,2.75438,20.9667,20.90977,20.68862,20.771098,20.813945,20.632876,0.181069,0.103256,0.155626,54.206834,22.416299,18.960941,1.022671,3876610.2
HK,01209,2024-03-22,-3.093012,20.77402,21.06303,20.668915,20.736795,20.778154,20.629056,0.149098,0.112425,0.073347,49.670151,22.392045,18.945785,1.037202,3629135.0
HK,01209,2024-03-25,3.617361,20.8616,21.18565,20.636075,20.712712,20.862407,20.680667,0.18174,0.126288,0.110905,54.334808,22.28107,18.99108,1.069466,3629645.0
HK,01209,2024-03-26,-3.080306,20.89662,21.07179,20.596665,20.664542,20.832637,20.679795,0.152842,0.131599,0.042486,49.937005,22.198288,18.995042,1.11819,4017926.8
HK,01209,2024-03-27,5.932101,21.14184,21.12433,20.65359,20.62294,20.996077,20.76981,0.226267,0.150532,0.15147,56.942209,22.351901,18.955279,1.175948,4983334.6
HK,01209,2024-03-28,-0.999772,21.22942,21.09806,20.69957,20.590827,21.100696,20.836943,0.263753,0.173176,0.181154,55.4504,22.455358,18.943782,1.145123,4822603.4
HK,01209,2024-04-02,8.484921,21.81622,21.29512,20.861595,20.591557,21.472174,21.03534,0.436834,0.225908,0.421852,63.987336,22.989355,18.733835,1.213464,5922825.0
HK,01209,2024-04-03,0.186262,22.26288,21.56224,21.041135,20.590827,21.793239,21.222285,0.570954,0.294917,0.552074,64.163458,23.427374,18.654896,1.186217,6615980.0
HK,01209,2024-04-05,-2.974222,22.70078,21.7987,21.216295,20.587907,21.95711,21.343479,0.613632,0.35866,0.509943,59.177398,23.596091,18.836499,1.22973,6097425.6
HK,01209,2024-04-08,2.107322,22.9898,22.06582,21.389265,20.606882,22.169878,21.491376,0.678501,0.422628,0.511746,61.398184,23.856875,18.921655,1.254492,5408203.6
HK,01209,2024-04-09,0.938299,23.3664,22.29791,21.60384,20.628777,22.383604,21.644541,0.739063,0.485915,0.506296,62.399681,24.042338,19.165342,1.230564,5256874.8
HK,01209,2024-04-10,-0.371831,23.35764,22.58693,21.82498,20.652132,22.550973,21.779871,0.771101,0.542953,0.456298,61.71001,24.092698,19.557262,1.211481,4144772.2
HK,01209,2024-04-11,0.93262,23.3839,22.82339,22.00452,20.677675,22.726269,21.921392,0.804877,0.595338,0.41908,62.815978,24.265975,19.743065,1.209404,3520209.2
HK,01209,2024-04-12,-2.772431,23.41894,23.05986,22.065825,20.696652,22.773551,22.003778,0.769773,0.630225,0.279097,57.453722,24.368689,19.762961,1.210596,3817875.2
HK,01209,2024-04-15,0.380314,23.37516,23.18248,22.153405,20.718547,22.827035,22.08655,0.740486,0.652277,0.176418,57.969072,24.476833,19.829977,1.180425,3868876.8
HK,01209,2024-04-16,-3.030552,23.14744,23.25692,22.17749,20.7492,22.764492,22.111287,0.653205,0.652462,0.001484,52.492025,24.501507,19.853473,1.180566,4237432.8
HK,01209,2024-04-17,1.172142,22.9898,23.17372,22.23442,20.801018,22.752001,22.153658,0.598342,0.641638,-0.086592,54.238368,24.549409,19.919431,1.158797,4239019.0
HK,01209,2024-04-18,-1.158562,22.73582,23.05986,22.31105,20.850647,22.701,22.173424,0.527576,0.618826,-0.1825,52.173018,24.542639,20.079461,1.126069,4594721.4
HK,01209,2024-04-19,-1.757766,22.53438,22.97666,22.38768,20.893707,22.597216,22.162534,0.434682,0.581997,-0.29463,49.150422,24.46427,20.31109,1.142599,4254213.8
HK,01209,2024-04-22,2.186921,22.41176,22.89346,22.47964,20.96523,22.583506,22.188131,0.395375,0.544673,-0.298596,52.753384,24.400697,20.558583,1.114164,4113953.6
HK,01209,2024-04-23,2.140118,22.52562,22.83653,22.56722,21.027267,22.646012,22.247514,0.398498,0.515438,-0.233879,56.102978,24.412103,20.722337,1.140931,4245097.0
HK,01209,2024-04-24,2.856919,22.71828,22.85404,22.720485,21.084923,22.799949,22.35115,0.448799,0.50211,-0.106622,60.241908,24.379964,21.061006,1.140764,4741611.2
HK,01209,2024-04-25,0.926137,23.0073,22.87156,22.847475,21.140392,22.963895,22.463331,0.500564,0.501801,-0.002474,61.543916,24.448285,21.246665,1.149988,4754797.6
HK,01209,2024-04-26,3.486189,23.54154,23.03796,23.04891,21.211185,23.230619,22.628833,0.601786,0.521798,0.159977,66.087623,24.510294,21.587526,1.174196,5575962.0
HK,01209,2024-04-29,0.532036,24.00572,23.20874,23.19561,21.27614,23.476524,22.791808,0.684716,0.554381,0.260668,66.755689,24.750281,21.640939,1.187289,5897214.8
HK,01209,2024-04-30,-1.763663,24.28598,23.4058,23.33136,21.344745,23.617228,22.910274,0.706954,0.584896,0.244115,62.34765,24.803551,21.859169,1.16504,5562905.4
HK,01209,2024-05-02,5.026834,24.6801,23.69919,23.436455,21.442543,23.924916,23.110787,0.814129,0.630742,0.366772,68.59975,25.214492,21.658418,1.219451,5180375.6
HK,01209,2024-05-03,1.538419,25.10924,24.05827,23.559065,21.54399,24.245898,23.32564,0.920258,0.688646,0.463225,70.306465,25.662452,21.455678,1.204291,4641158.0
HK,01209,2024-05-06,0.168388,25.38074,24.46114,23.7189,21.647627,24.524237,23.527822,0.996415,0.750199,0.49243,70.498387,26.057682,21.380118,1.158934,4416821.2
HK,01209,2024-05-07,-1.176353,25.56466,24.78519,23.839325,21.754913,24.7126,23.692324,1.020276,0.804215,0.432123,67.224004,26.330736,21.347914,1.129325,4317887.2
HK,01209,2024-05-08,-3.741563,25.64348,24.96473,23.90063,21.840305,24.72377,23.773278,0.950491,0.83347,0.234043,58.090885,26.421608,21.379652,1.136237,4708198.4
HK,01209,2024-05-09,1.236625,25.53838,25.10924,23.98164,21.939562,24.780374,23.870939,0.909435,0.848663,0.121544,59.954913,26.546007,21.417273,1.123892,4794328.4
HK,01209,2024-05-10,2.617997,25.48584,25.29754,24.08455,22.042468,24.929332,24.010025,0.919307,0.862792,0.11303,63.683167,26.75683,21.41227,1.131192,5231188.8
HK,01209,2024-05-13,0.680037,25.45956,25.42015,24.229055,22.159242,25.082312,24.151779,0.930533,0.87634,0.108386,64.628492,26.970067,21.488043,1.094186,4677180.6
HK,01209,2024-05-14,2.027103,25.59968,25.58217,24.395455,22.282583,25.292602,24.321958,0.970644,0.895201,0.150887,67.373334,27.249003,21.541907,1.084844,5160984.0
HK,01209,2024-05-16,5.629282,26.23026,25.93687,24.671335,22.438768,25.699602,24.58982,1.109781,0.938117,0.343329,73.619626,27.764597,21.578073,1.132469,6260847.4
HK,01209,2024-05-17,3.76153,27.00972,26.27405,24.98662,22.585465,26.205663,24.915686,1.289978,1.008489,0.562977,76.97088,28.466368,21.506872,1.151671,7611977.0
HK,01209,2024-05-20,-1.057298,27.5965,26.54117,25.29972,22.74092,26.586715,25.194709,1.392006,1.085193,0.613627,74.017531,28.923451,21.675989,1.160116,8103551.0
HK,01209,2024-05-21,-2.289898,28.0169,26.73823,25.599685,22.881778,26.808097,25.404412,1.403685,1.148891,0.509589,67.996609,29.080314,22.119056,1.152322,8512621.6
HK,01209,2024-05-22,0.624784,28.36722,26.98345,25.88432,23.011688,27.022359,25.611552,1.410807,1.201274,0.419066,68.726968,29.235781,22.532859,1.120056,7813182.0
HK,01209,2024-05-23,-3.72649,28.20958,27.21992,26.092325,23.116055,27.041981,25.725503,1.316477,1.224315,0.184325,59.892641,29.207436,22.977214,1.127631,6442265.8
HK,01209,2024-05-24,-2.580857,27.70162,27.35567,26.232455,23.207285,26.950784,25.779111,1.171673,1.213787,-0.084227,54.831677,29.140122,23.324788,1.159686,5238043.8
HK,01209,2024-05-27,-0.827624,27.21118,27.40384,26.35069,23.27808,26.83994,25.812532,1.027408,1.176511,-0.298206,53.31597,29.048506,23.652874,1.167558,4564050.6
HK,01209,2024-05-28,-1.001895,26.79954,27.40822,26.414185,23.353253,26.705719,25.824011,0.881707,1.11755,-0.471686,51.476236,29.011282,23.817088,1.174868,4482119.2
HK,01209,2024-05-29,-3.204005,26.18648,27.27685,26.42951,23.426237,26.464147,25.77301,0.691136,1.032267,-0.682263,46.057694,28.992402,23.866618,1.169142,4934248.0
HK,01209,2024-05-30,-2.43918,25.66098,26.93528,26.436075,23.489002,26.165416,25.680373,0.485044,0.922823,-0.875558,42.506882,28.97864,23.89351,1.157575,4477283.0
HK,01209,2024-05-31,-2.85698,25.1355,26.41856,26.346305,23.548118,25.80486,25.542701,0.262159,0.79069,-1.057061,38.823525,29.11491,23.5777,1.174984,4474380.8
HK,01209,2024-06-03,2.941004,24.79392,26.00255,26.27186,23.62402,25.607558,25.467123,0.140436,0.660639,-1.040407,44.045165,29.150382,23.393338,1.150485,4134829.0
HK,01209,2024-06-04,2.500163,24.62752,25.71353,26.22588,23.720358,25.534934,25.442558,0.092376,0.546987,-0.909221,48.211034,29.145862,23.305898,1.152757,3939449.0
HK,01209,2024-06-05,-2.43918,24.5049,25.34569,26.16457,23.79772,25.37916,25.374398,0.004761,0.438541,-0.86756,44.63251,29.172239,23.156901,1.132975,3097400.0
HK,01209,2024-06-06,-1.42849,24.43484,25.04791,26.133915,23.879462,25.193458,25.285339,-0.091881,0.332457,-0.848676,42.683083,29.208938,23.058892,1.127112,3217869.4
HK,01209,2024-06-07,2.173994,24.61,24.87275,26.11421,23.97361,25.117172,25.241803,-0.124631,0.241039,-0.73134,46.460924,29.220586,23.007834,1.115419,3131531.6
HK,01209,2024-06-11,-0.177345,24.63628,24.7151,26.05947,24.049513,25.045884,25.198247,-0.152363,0.162359,-0.629444,46.187666,29.227657,22.891283,1.098303,3482785.6
HK,01209,2024-06-12,0.648176,24.5719,24.59971,26.003965,24.099615,25.010148,25.169755,-0.159607,0.097966,-0.515145,47.403103,29.218283,22.789647,1.05811,4041646.4
HK,01209,2024-06-13,-1.258987,24.56766,24.53628,25.906565,24.151808,24.931848,25.120232,-0.188384,0.040696,-0.458159,45.251309,29.178553,22.634577,1.059038,4043187.6
HK,01209,2024-06-14,2.003575,24.73166,24.58325,25.759265,24.202697,24.941118,25.110741,-0.169623,-0.001368,-0.33651,49.156949,28.915361,22.603169,1.075835,4019797.4
HK,01209,2024-06-17,-1.785764,24.7013,24.65565,25.537105,24.252715,24.8803,25.068893,-0.188594,-0.038813,-0.299561,45.947718,28.360539,22.713671,1.056368,3476556.4
HK,01209,2024-06-18,-0.908913,24.63508,24.63568,25.319115,24.309962,24.794515,25.01362,-0.219105,-0.074871,-0.288467,44.387677,27.788519,22.849711,1.025542,3191153.4
HK,01209,2024-06-19,3.119308,24.68864,24.63027,25.1719,24.386422,24.838651,25.018641,-0.179989,-0.095895,-0.168189,50.538012,27.306718,23.037082,1.019232,2157823.6
HK,01209,2024-06-20,-3.914853,24.6083,24.58798,24.966835,24.443598,24.724936,24.950556,-0.22562,-0.12184,-0.207561,43.788537,26.635488,23.298182,1.032501,2470710.6
HK,01209,2024-06-21,-2.222038,24.32268,24.52717,24.78754,24.482362,24.54633,24.847848,-0.301518,-0.157776,-0.287485,40.603651,26.235383,23.339697,1.025694,2692031.4
HK,01209,2024-06-24,-1.893991,24.03706,24.36918,24.620965,24.524635,24.326541,24.719689,-0.393148,-0.20485,-0.376596,38.115445,26.031891,23.210039,1.009808,3380479.2
HK,01209,2024-06-25,2.509765,23.9121,24.27359,24.494345,24.56417,24.229827,24.644001,-0.414174,-0.246715,-0.334918,43.005252,25.750928,23.237762,1.007808,3579333.6
HK,01209,2024-06-26,2.259694,23.7425,24.21557,24.40764,24.623578,24.230377,24.613586,-0.383209,-0.274014,-0.218391,47.155514,25.469953,23.345327,1.015522,3729709.6
HK,01209,2024-06-27,-3.314846,23.60862,24.10846,24.32237,24.649163,24.107257,24.52592,-0.418663,-0.302944,-0.231439,42.192158,25.410757,23.233983,1.013113,3391732.6
HK,01209,2024-06-28,-1.523681,23.51044,23.91656,24.249905,24.672447,23.948156,24.418304,-0.470148,-0.336385,-0.267527,40.168648,25.461398,23.038412,1.020441,3355189.2
HK,01209,2024-07-02,-1.934287,23.41226,23.72466,24.190155,24.657638,23.744871,24.2856,-0.54073,-0.377254,-0.326952,37.732348,25.584312,22.795998,1.024059,3288524.8
HK,01209,2024-07-03,1.183552,23.2516,23.58185,24.108765,24.646563,23.61406,24.182563,-0.568503,-0.415504,-0.306,40.080781,25.602348,22.615182,1.011483,3499602.0
HK,01209,2024-07-04,-3.119076,22.84102,23.29176,23.961015,24.635265,23.393512,24.034262,-0.64075,-0.460553,-0.360394,36.164033,25.596948,22.325082,1.025306,4012587.4
HK,01209,2024-07-05,-1.207367,22.53754,23.07308,23.83053,24.611475,23.165695,23.877109,-0.711415,-0.510725,-0.401379,34.790965,25.670165,21.990895,1.025391,4211721.4
HK,01209,2024-07-08,-1.018131,22.26084,22.88564,23.706405,24.580317,22.938603,23.715072,-0.776468,-0.563874,-0.425189,33.644903,25.759698,21.653112,0.999963,3897043.6
HK,01209,2024-07-09,-0.617347,22.04662,22.72944,23.54931,24.548387,22.725849,23.555118,-0.829269,-0.616953,-0.424633,32.943485,25.750653,21.347967,0.976352,3364239.4
HK,01209,2024-07-10,-0.206906,21.76992,22.51076,23.392175,24.512065,22.538964,23.403709,-0.864745,-0.666511,-0.396467,32.698956,25.701726,21.082624,0.948055,2894821.8
HK,01209,2024-07-11,2.904547,21.761,22.30101,23.25829,24.497103,22.476955,23.309798,-0.832843,-0.699778,-0.266131,39.476549,25.532906,20.983674,0.934523,2239495.0
HK,01209,2024-07-12,4.031912,21.98414,22.26084,23.18465,24.495557,22.561792,23.288953,-0.727161,-0.705254,-0.043813,47.595083,25.387783,20.981517,0.982528,2287431.0
HK,01209,2024-07-15,-3.100519,22.1091,22.18497,23.050765,24.493788,22.523732,23.216764,-0.693032,-0.70281,0.019555,42.664531,25.119626,20.981904,0.972912,2309180.0
HK,01209,2024-07-16,-3.200176,22.11802,22.08232,22.90349,24.475738,22.381666,23.097026,-0.715361,-0.70532,-0.020081,38.381946,24.944854,20.862126,0.983118,2871367.4
HK,01209,2024-07-17,1.859696,22.2162,21.99306,22.787455,24.468763,22.323255,23.015913,-0.692658,-0.702788,0.02026,41.914081,24.755453,20.819457,0.951153,3130117.8
HK,01209,2024-07-18,2.43387,22.29652,22.02876,22.66026,24.477282,22.356216,22.980475,-0.624259,-0.687082,0.125646,46.330773,24.3241,20.99642,0.956527,3764453.0
HK,01209,2024-07-19,-5.346644,21.95734,21.97074,22.52191,24.457688,22.198721,22.858403,-0.659682,-0.681602,0.043841,39.122026,24.14367,20.90015,0.990211,4192708.0
HK,01209,2024-07-22,-0.836751,21.72526,21.91718,22.40141,24.427092,22.037995,22.732151,-0.694156,-0.684113,-0.020086,38.174482,24.0534,20.74942,0.970489,4626770.2
HK,01209,2024-07-23,-2.742271,21.51998,21.819,22.27422,24.37588,21.81275,22.57228,-0.759531,-0.699196,-0.120669,35.191409,24.071358,20.477082,0.952168,4528826.8
HK,01209,2024-07-24,-1.952474,21.15402,21.68511,22.097935,24.314323,21.560357,22.394497,-0.834139,-0.726185,-0.215909,33.253591,23.991008,20.204862,0.941542,5403877.8
HK,01209,2024-07-25,-2.654644,20.57386,21.43519,21.8681,24.229975,21.26441,22.190215,-0.925805,-0.766109,-0.319393,30.817383,23.784326,19.951874,0.922103,5954273.2
HK,01209,2024-07-26,0.909012,20.2704,21.11387,21.687355,24.146412,21.041455,22.014288,-0.972834,-0.807454,-0.33076,32.590194,23.661224,19.713486,0.904053,6133783.2
HK,01209,2024-07-29,0.450159,20.02048,20.87287,21.52892,24.071633,20.866523,21.858,-0.991477,-0.844259,-0.294437,33.507156,23.540755,19.517085,0.887292,6308689.8
HK,01209,2024-07-30,-3.81172,19.73484,20.62741,21.354865,23.963775,20.601781,21.657089,-1.055308,-0.886468,-0.337679,29.79473,23.550583,19.159147,0.894043,8931306.2
HK,01209,2024-07-31,2.331072,19.6188,20.38641,21.189735,23.856787,20.44643,21.50412,-1.057689,-0.920713,-0.273954,34.399113,23.39416,18.98531,0.877997,8710747.2
HK,01209,2024-08-01,-2.049816,19.52954,20.0517,21.04023,23.742375,20.253195,21.332733,-1.079538,-0.952478,-0.254121,32.343505,23.358252,18.722208,0.866283,8230586.8
HK,01209,2024-08-02,-0.697745,19.3778,19.8241,20.89742,23.63084,20.069088,21.164123,-1.095035,-0.980989,-0.228092,31.664095,23.331849,18.462991,0.833098,8074533.8
HK,01209,2024-08-05,-0.468607,19.19036,19.60542,20.7613,23.533873,19.899567,21.001388,-1.101821,-1.005156,-0.193331,31.193482,23.305306,18.217294,0.837348,7712740.8
HK,01209,2024-08-06,1.176768,19.1993,19.46707,20.643035,23.435518,19.790464,20.867241,-1.076777,-1.01948,-0.114594,33.840264,23.247522,18.038548,0.809416,4887763.4
HK,01209,2024-08-07,0.0,19.11898,19.36889,20.527,23.326215,19.698147,20.74303,-1.044884,-1.024561,-0.040646,33.840264,23.172906,17.881094,0.808979,4144190.2
HK,01209,2024-08-08,1.16256,19.1636,19.34657,20.39088,23.217712,19.654355,20.644547,-0.990192,-1.017687,0.05499,36.66456,22.97099,17.81077,0.830888,4034960.8
HK,01209,2024-08-09,1.609189,19.29748,19.33764,20.225755,23.105657,19.665362,20.576499,-0.911137,-0.996377,0.17048,40.495143,22.51596,17.93555,0.835296,3877815.2
HK,01209,2024-08-12,-1.131,19.4046,19.29748,20.085175,22.965068,19.640352,20.496966,-0.856613,-0.968424,0.223622,38.695241,22.182324,17.988026,0.813882,3651944.2
HK,01209,2024-08-13,0.228685,19.476,19.33765,19.98253,22.807708,19.626052,20.426627,-0.800575,-0.934854,0.268558,39.276305,21.97115,17.99391,0.806755,4089642.0
HK,01209,2024-08-14,0.228163,19.55632,19.33765,19.86203,22.6562,19.620813,20.364803,-0.74399,-0.896682,0.305383,39.889872,21.625941,18.098119,0.784201,4029652.0
HK,01209,2024-08-15,1.822683,19.66344,19.41352,19.73261,22.52159,19.671319,20.33401,-0.662691,-0.849884,0.374384,44.707263,21.00315,18.46207,0.798315,3973595.0
HK,01209,2024-08-16,-0.671208,19.6813,19.48939,19.656745,22.38183,19.693454,20.29558,-0.602125,-0.800332,0.396413,43.305787,20.696304,18.617186,0.769978,3772089.6
HK,01209,2024-08-19,1.350983,19.79732,19.60096,19.60319,22.264047,19.753369,20.279826,-0.526457,-0.745557,0.4382,46.890328,20.413855,18.792525,0.762801,4059326.4
HK,01209,2024-08-20,-1.999711,19.8241,19.65005,19.55856,22.151248,19.742282,20.235491,-0.493209,-0.695087,0.403757,42.544539,20.238248,18.878872,0.772065,3645615.4
HK,01209,2024-08-21,-1.813905,19.77056,19.66344,19.516165,22.036148,19.677977,20.167995,-0.490018,-0.654073,0.32811,39.077407,20.141026,18.891304,0.755175,3611423.4
HK,01209,2024-08-22,-0.462112,19.62774,19.64559,19.49608,21.92394,19.609826,20.098884,-0.489058,-0.62107,0.264025,38.237968,20.129911,18.862249,0.752234,3369886.8
HK,01209,2024-08-23,0.0,19.5117,19.5965,19.46707,21.825598,19.552161,20.034893,-0.482732,-0.593403,0.221341,38.237968,20.092882,18.841258,0.739946,3322494.6
HK,01209,2024-08-26,1.855992,19.41352,19.60542,19.45145,21.743425,19.55829,20.002086,-0.443796,-0.563481,0.239371,43.83216,20.047718,18.855182,0.725343,3708526.6
HK,01209,2024-08-27,2.505615,19.49384,19.65897,19.49831,21.68111,19.638999,20.008072,-0.369073,-0.5246,0.311053,50.474946,20.136903,18.859717,0.727725,3739444.8
HK,01209,2024-08-28,3.333682,19.77946,19.77501,19.55633,21.618277,19.810292,20.063208,-0.252916,-0.470263,0.434694,57.804404,20.397239,18.715421,0.825573,5682724.0
HK,01209,2024-08-29,2.36551,20.18112,19.90443,19.658975,21.553407,20.030754,20.150622,-0.119867,-0.400184,0.560633,62.219514,20.757782,18.560168,0.830361,6489110.6
HK,01209,2024-08-30,8.823488,20.95766,20.23468,19.862035,21.529995,20.505669,20.370405,0.135264,-0.293094,0.856716,73.584835,21.695721,18.028349,0.962321,10017333.4
HK,01209,2024-09-02,-7.143012,21.33254,20.37303,19.986995,21.4849,20.653474,20.45159,0.201884,-0.194099,0.791965,57.246392,21.898695,18.075295,1.017905,11068391.6
HK,01209,2024-09-03,-0.623766,21.58246,20.53815,20.0941,21.428815,20.757939,20.516843,0.241097,-0.10706,0.696313,56.157538,22.05468,18.13352,0.999383,11660343.0
HK,01209,2024-09-04,0.41861,21.71634,20.7479,20.20567,21.374948,20.860072,20.583877,0.276195,-0.030409,0.613208,56.748391,22.201492,18.209848,0.969442,9674955.0
HK,01209,2024-09-05,1.875193,21.83238,21.00675,20.32617,21.325113,21.008292,20.675701,0.332591,0.042191,0.580799,59.399061,22.405399,18.246941,0.951203,8996516.4
HK,01209,2024-09-09,-0.393612,21.55636,21.25701,20.426755,21.279053,21.120493,20.75436,0.366133,0.10698,0.518307,58.572409,22.573633,18.279877,0.921996,5998100.6
HK,01209,2024-09-10,-1.455542,21.54732,21.43993,20.522675,21.219538,21.166755,20.803755,0.363,0.158184,0.409633,55.508136,22.667279,18.378071,0.917475,4267994.2
HK,01209,2024-09-11,-0.421545,21.547,21.56473,20.61185,21.165957,21.192008,20.842803,0.349205,0.196388,0.305635,54.629721,22.735039,18.488661,0.880991,3720731.0
HK,01209,2024-09-12,-0.847597,21.49266,21.6045,20.689755,21.11308,21.185561,20.865566,0.319995,0.221109,0.197771,52.827139,22.77148,18.60803,0.860027,4162195.0
HK,01209,2024-09-13,2.777765,21.47548,21.65393,20.77918,21.05735,21.27049,20.930161,0.340329,0.244953,0.190751,57.710238,22.879531,18.678829,0.869611,4094502.8
HK,01209,2024-09-16,-1.247608,21.42124,21.4888,20.86174,21.013465,21.30063,20.969882,0.330748,0.262112,0.137271,54.885814,22.93365,18.78983,0.897881,3666207.0
HK,01209,2024-09-17,1.052808,21.47548,21.5114,20.942215,20.982272,21.360902,21.023402,0.3375,0.27719,0.120621,56.783943,23.011898,18.872532,0.882169,3496943.2
HK,01209,2024-09-19,7.083126,21.85508,21.70104,21.119595,20.984125,21.648287,21.186772,0.461514,0.314055,0.294919,66.961466,23.32992,18.90927,0.941821,4585194.2
HK,01209,2024-09-20,2.723762,22.39738,21.94502,21.34646,20.986853,21.988796,21.384908,0.603889,0.372022,0.463734,70.085584,23.699919,18.993001,0.961705,6005906.8
HK,01209,2024-09-23,-2.840547,22.68662,22.08105,21.5439,20.96936,22.172643,21.518159,0.654484,0.428514,0.45194,63.191827,23.81686,19.27094,0.951112,5937347.2
HK,01209,2024-09-24,5.45769,23.28316,22.3522,21.804605,20.986343,22.522867,21.735266,0.787601,0.500331,0.57454,69.268755,24.153288,19.455922,0.973554,6715520.4
HK,01209,2024-09-25,0.739496,23.87066,22.67307,22.0565,21.01229,22.847026,21.949683,0.897343,0.579734,0.635218,70.030156,24.481339,19.631661,1.023457,7996798.2
HK,01209,2024-09-26,16.330152,24.95528,23.40518,22.484955,21.11271,23.740099,22.446151,1.293948,0.722577,1.142743,81.193283,26.099738,18.870172,1.244103,9652930.0
HK,01209,2024-09-27,1.577551,26.00376,24.20057,22.902535,21.2162,24.565315,22.939325,1.62599,0.903259,1.445461,82.004497,27.433668,18.371402,1.329553,10722402.2
HK,01209,2024-09-30,8.540407,27.68492,25.18577,23.41985,21.373018,25.645974,23.580086,2.065888,1.135785,1.860206,85.666055,29.251069,17.588631,1.454092,14038611.2
HK,01209,2024-10-02,7.439157,29.58302,26.43309,23.960945,21.573467,26.921916,24.347458,2.574459,1.42352,2.301878,88.125975,31.373552,16.548338,1.608471,14557899.0
HK,01209,2024-10-03,-3.462033,31.20996,27.54031,24.525855,21.75805,27.820791,24.97095,2.849841,1.708784,2.282114,80.671294,32.767613,16.284097,1.709859,15188191.2
HK,01209,2024-10-04,5.103374,32.3669,28.66109,25.181065,21.972733,28.838623,25.672116,3.166507,2.000329,2.332356,82.889478,34.336109,16.026021,1.774955,12905602.4
HK,01209,2024-10-07,3.543313,33.67748,29.84062,25.89282,22.208497,29.887589,26.41173,3.475859,2.295435,2.360848,84.304978,35.93825,15.84739,1.757929,10748375.0
HK,01209,2024-10-08,-19.264995,33.11708,30.401,26.241025,22.319358,29.71836,26.58772,3.130639,2.462476,1.336328,56.145357,36.180329,16.301721,2.14562,10832773.0
HK,01209,2024-10-09,0.157012,32.09572,30.83937,26.595785,22.416098,29.58212,26.754022,2.828097,2.5356,0.584995,56.248913,36.371962,16.819608,2.202183,10988314.4
HK,01209,2024-10-10,3.291737,31.49918,31.35457,27.01382,22.540557,29.612855,26.97831,2.634545,2.555389,0.158313,58.466663,36.581976,17.445664,2.180463,11968341.8
HK,01209,2024-10-14,1.972675,30.68572,31.52631,27.465745,22.686708,29.729247,27.229502,2.499745,2.54426,-0.08903,59.824251,36.767655,18.163835,2.160294,12281619.0
HK,01209,2024-10-15,-4.910864,29.32994,31.50371,27.85214,22.801308,29.598286,27.351613,2.246673,2.484743,-0.476139,54.916887,36.703679,19.000601,2.16093,12380434.6
HK,01209,2024-10-16,1.564859,29.4384,31.27774,28.231755,22.914515,29.556996,27.498152,2.058843,2.399563,-0.681439,56.092179,36.64202,19.82149,2.155064,9505018.2
HK,01209,2024-10-17,-3.852042,29.31186,30.70379,28.56844,23.028975,29.348242,27.550148,1.798094,2.279269,-0.96235,52.413286,36.386709,20.750171,2.127023,8076257.2
HK,01209,2024-10-18,3.686157,29.2034,30.35129,28.9458,23.163735,29.331528,27.675293,1.656235,2.154662,-0.996854,55.317069,36.100507,21.791093,2.094529,5398142.4
HK,01209,2024-10-21,-0.61834,28.94128,29.8135,29.237295,23.30515,29.28957,27.777775,1.511795,2.026089,-1.028588,54.691953,35.894315,22.580275,2.012713,4610353.2
HK,01209,2024-10-22,0.46664,29.00456,29.16725,29.503935,23.45552,29.274928,27.88271,1.392218,1.899315,-1.014193,55.101757,35.688777,23.319093,1.939969,3829565.8
HK,01209,2024-10-23,2.012372,29.09496,29.26668,29.83384,23.624607,29.352924,28.023391,1.329533,1.785358,-0.91165,56.919831,35.296766,24.370914,1.914378,3598467.4
HK,01209,2024-10-24,-3.945349,29.17632,29.24409,30.04173,23.771135,29.238151,28.066614,1.171537,1.662594,-0.982114,52.35374,34.958302,25.125158,1.87448,4545346.0
HK,01209,2024-10-25,1.895696,29.15824,29.18082,30.267695,23.925215,29.224466,28.146805,1.077661,1.545608,-0.935893,54.180647,34.542058,25.993332,1.798688,4573249.8
HK,01209,2024-10-28,-0.699162,29.13556,29.03842,30.282365,24.088543,29.181533,28.205961,0.975572,1.4316,-0.912056,53.352717,34.536412,26.028318,1.736053,4928959.4
HK,01209,2024-10-29,1.751574,29.18716,29.09586,30.299785,24.252883,29.223205,28.298289,0.924915,1.330263,-0.810696,55.187306,34.537209,26.062361,1.671307,4886282.2
HK,01209,2024-10-30,-0.156184,29.11206,29.10351,30.190625,24.42315,29.251389,28.380372,0.871017,1.238414,-0.734794,54.976044,34.401919,25.979331,1.611192,4577677.4
HK,01209,2024-10-31,0.469966,29.2996,29.23796,29.970875,24.597952,29.296498,28.466611,0.829887,1.156709,-0.653643,55.526869,33.819816,26.121934,1.578414,3475408.8
HK,01209,2024-11-01,1.71605,29.48008,29.31916,29.835225,24.782692,29.412668,28.584017,0.82865,1.091097,-0.524894,57.577336,33.465799,26.204651,1.53152,3684542.8
HK,01209,2024-11-04,-1.687098,29.59992,29.36774,29.59062,24.955262,29.432965,28.655172,0.777793,1.028436,-0.501286,54.853721,32.544248,26.636992,1.514304,3318032.0
HK,01209,2024-11-05,3.432099,29.82116,29.50416,29.335705,25.144732,29.60614,28.796166,0.809973,0.984744,-0.349541,59.028126,30.47212,28.19929,1.504904,3244071.8
HK,01209,2024-11-06,-0.904819,29.9963,29.55418,29.41043,25.325875,29.710133,28.906236,0.803898,0.948575,-0.289353,57.467717,30.588628,28.232232,1.473132,3410037.4
HK,01209,2024-11-07,4.261924,30.40192,29.85076,29.547425,25.523322,29.996682,29.103751,0.892931,0.937446,-0.08903,62.456509,31.024392,28.070458,1.48643,3857113.2
HK,01209,2024-11-08,-1.168098,30.63238,30.05623,29.618525,25.71834,30.182408,29.259318,0.92309,0.934575,-0.022969,60.280612,31.261388,27.975662,1.462556,4511849.0
HK,01209,2024-11-11,-1.329321,30.88128,30.2406,29.63951,25.905702,30.275745,29.372635,0.90311,0.928282,-0.050343,57.839878,31.330227,27.948793,1.407474,5177036.4
HK,01209,2024-11-12,-1.496958,30.8352,30.32818,29.71202,26.084638,30.283815,29.443418,0.840397,0.910705,-0.140615,55.167026,31.390225,28.033815,1.422169,5838507.8
HK,01209,2024-11-13,-3.191419,30.65084,30.32357,29.71354,26.241492,30.141736,29.437261,0.704475,0.869459,-0.329968,49.947078,31.390412,28.036668,1.432521,6410946.2
HK,01209,2024-11-14,-4.395732,29.95024,30.17608,29.70702,26.379067,29.822961,29.33596,0.487001,0.792967,-0.611932,43.972422,31.408217,28.005823,1.432262,7204488.4
HK,01209,2024-11-15,0.985404,29.37872,30.00555,29.662355,26.51679,29.595783,29.262652,0.333131,0.701,-0.735739,45.477719,31.454758,27.869952,1.402386,6805998.8
HK,01209,2024-11-18,0.487542,28.9178,29.89954,29.63364,26.66351,29.424816,29.205011,0.219805,0.604761,-0.769912,46.254683,31.481347,27.785933,1.361473,6077571.2
HK,01209,2024-11-19,-2.588776,28.40158,29.61839,29.561275,26.80389,29.166706,29.097018,0.069688,0.497746,-0.856116,42.753769,31.577781,27.544769,1.339946,6020351.6
HK,01209,2024-11-20,0.166143,28.08816,29.3695,29.46184,26.946527,28.955397,29.000439,-0.045041,0.389189,-0.86846,43.044003,31.616423,27.307257,1.283743,5493492.2
HK,01209,2024-11-21,-0.82934,27.98676,28.9685,29.40963,27.085322,28.741136,28.893939,-0.152803,0.28079,-0.867187,41.900147,31.691403,27.127857,1.241426,4231542.8
HK,01209,2024-11-22,-3.009865,27.66412,28.52142,29.288825,27.20434,28.432207,28.733877,-0.30167,0.164298,-0.931936,37.987411,31.851501,26.726149,1.23506,4106030.2
HK,01209,2024-11-25,1.896525,27.41524,28.16652,29.20356,27.323627,28.248806,28.623227,-0.374421,0.056555,-0.861951,41.577997,31.915404,26.491716,1.206098,4262801.2
HK,01209,2024-11-26,-3.045877,27.1479,27.77474,29.05146,27.417927,27.965975,28.459314,-0.493339,-0.053424,-0.87983,37.728107,32.019544,26.083376,1.182505,3793488.8
HK,01209,2024-11-27,2.792461,27.01884,27.5535,28.938535,27.516337,27.840117,28.362172,-0.522055,-0.14715,-0.74981,42.798245,32.013925,25.863145,1.183641,3739492.8
HK,01209,2024-11-28,-0.849053,26.88978,27.43827,28.807175,27.579665,27.698161,28.255152,-0.556991,-0.229119,-0.655746,41.656666,31.99034,25.62401,1.141895,3947413.6
HK,01209,2024-11-29,0.171265,26.93586,27.29999,28.65277,27.671283,27.585136,28.159474,-0.574338,-0.298163,-0.552351,41.989938,31.878802,25.426738,1.116295,3907560.4
HK,01209,2024-12-02,-0.170972,26.87132,27.14328,28.52141,27.764365,27.482407,28.067469,-0.585061,-0.355542,-0.459038,41.73321,31.804928,25.237892,1.089239,4361776.4
HK,01209,2024-12-03,1.712275,27.0649,27.1064,28.362395,27.86364,27.466391,28.016419,-0.550028,-0.39444,-0.311178,45.331961,31.542279,25.182511,1.077279,4327093.8
HK,01209,2024-12-04,-0.673161,27.07412,27.04648,28.20799,27.953148,27.424484,27.955499,-0.531015,-0.421755,-0.21852,44.1575,31.298665,25.117315,1.076052,4005592.0
HK,01209,2024-12-05,-2.203427,27.0096,26.94969,27.959095,28.034102,27.296841,27.854707,-0.557866,-0.448977,-0.217778,40.485019,30.708768,25.209422,1.048576,3670929.2
HK,01209,2024-12-06,1.213019,27.00038,26.96812,27.74477,28.125705,27.238465,27.785276,-0.546811,-0.468544,-0.156535,43.222846,30.087468,25.402072,1.039521,3266901.4
HK,01209,2024-12-09,6.164414,27.33224,27.10178,27.63415,28.246468,27.444347,27.8439,-0.399553,-0.454746,0.110385,54.752566,29.563947,25.704353,1.11342,3554249.0
HK,01209,2024-12-10,0.483961,27.59958,27.33224,27.55349,28.37255,27.639832,27.908426,-0.268594,-0.417515,0.297843,55.56255,29.128342,25.978638,1.297268,4458747.8
HK,01209,2024-12-11,-1.444541,27.82082,27.44747,27.500485,28.481927,27.741427,27.937447,-0.196019,-0.373216,0.354394,52.525488,28.888838,26.112132,1.362635,4550003.8
HK,01209,2024-12-12,2.279843,28.29094,27.65027,27.54427,28.606577,27.926654,28.01211,-0.085456,-0.315664,0.460416,56.507698,29.051788,26.036752,1.410161,6467121.8
HK,01209,2024-12-13,-6.369233,28.32782,27.6641,27.482045,28.696733,27.799753,27.944679,-0.144926,-0.281516,0.273181,44.914415,28.954332,26.009758,1.447706,7320663.8
HK,01209,2024-12-16,-0.850497,27.98674,27.65949,27.401385,28.75744,27.656914,27.86517,-0.208255,-0.266864,0.117217,43.707049,28.82097,25.9818,1.436477,6688902.0
HK,01209,2024-12-17,-1.372096,27.54426,27.57192,27.33916,28.801457,27.479328,27.764239,-0.284911,-0.270474,-0.028875,41.772708,28.801143,25.877177,1.399715,6274270.8
HK,01209,2024-12-18,0.521836,27.2124,27.51661,27.281545,28.859075,27.350339,27.681028,-0.33069,-0.282517,-0.096346,42.795403,28.758162,25.804928,1.352414,6508686.8
HK,01209,2024-12-19,-1.903089,26.6501,27.47052,27.210105,28.887155,27.163194,27.566426,-0.403232,-0.30666,-0.193144,40.020352,28.761747,25.658463,1.298613,4611178.8
HK,01209,2024-12-20,-0.352798,26.43808,27.38295,27.175535,28.910685,26.990657,27.453484,-0.462827,-0.337893,-0.249867,39.518493,28.797367,25.553703,1.242069,3530955.4
HK,01209,2024-12-23,-0.354048,26.25372,27.12023,27.111005,28.865643,26.830479,27.342077,-0.511599,-0.372634,-0.277929,38.991918,28.817897,25.404113,1.202735,3073077.2
HK,01209,2024-12-24,3.019711,26.29982,26.92204,27.12714,28.826128,26.815497,27.296968,-0.481471,-0.394402,-0.174138,45.623529,28.81321,25.44107,1.189254,2359560.6
HK,01209,2024-12-27,-2.068971,26.20764,26.71002,27.078745,28.735968,26.717729,27.21423,-0.496501,-0.414822,-0.163359,42.141476,28.814485,25.343005,1.216243,2190266.0
HK,01209,2024-12-30,0.175707,26.22606,26.43808,27.044175,28.607408,26.642078,27.141027,-0.498949,-0.431647,-0.134605,42.534297,28.818504,25.269846,1.168876,2047247.8
HK,01209,2024-12-31,1.582018,26.3459,26.39199,27.028045,28.505347,26.641897,27.103981,-0.462084,-0.437735,-0.048699,46.089545,28.810859,25.245231,1.141356,2076752.8
HK,01209,2025-01-02,-3.460469,26.2998,26.27676,26.968125,28.360052,26.499913,27.00139,-0.501477,-0.450483,-0.101988,40.146203,28.840112,25.096138,1.138845,1952195.4
HK,01209,2025-01-03,0.71698,26.13386,26.21684,26.89438,28.197493,26.408141,26.920057,-0.511916,-0.46277,-0.098292,41.763846,28.811581,24.977179,1.11347,2053313.4
HK,01209,2025-01-06,-2.31321,25.9587,26.08317,26.79989,28.139437,26.238304,26.800364,-0.56206,-0.482628,-0.158864,38.15523,28.831571,24.768209,1.093201,2225085.6
HK,01209,2025-01-07,0.54655,25.802,26.01403,26.742275,28.082932,26.115873,26.699782,-0.583909,-0.502884,-0.16205,39.455548,28.857586,24.626964,1.067794,2763322.2
HK,01209,2025-01-08,-1.087157,25.507,25.92645,26.6547,28.005998,25.969723,26.586161,-0.616437,-0.525595,-0.181686,37.746184,28.876123,24.433277,1.050787,3354807.0
HK,01209,2025-01-09,1.099106,25.4517,25.87575,26.49799,27.923883,25.888612,26.501445,-0.612833,-0.543042,-0.139582,40.521248,28.593594,24.402386,1.058038,3543253.8
HK,01209,2025-01-10,0.0,25.35952,25.74669,26.334365,27.866625,25.819979,26.423005,-0.603025,-0.555039,-0.095973,40.521248,28.211663,24.457067,1.048314,3789949.6
HK,01209,2025-01-13,1.992729,25.48858,25.72364,26.21683,27.810285,25.839906,26.38793,-0.548025,-0.553636,0.011223,45.669672,27.867803,24.565857,1.052449,3645483.4
HK,01209,2025-01-14,1.953795,25.69138,25.74669,26.092385,27.781225,25.934766,26.39301,-0.458243,-0.534558,0.152628,50.30236,27.18153,25.00324,1.026659,3672221.8
HK,01209,2025-01-15,-1.567857,25.86654,25.68677,26.03938,27.727927,25.951218,26.366987,-0.415769,-0.5108,0.190062,46.787289,27.025143,25.053617,1.009298,3385767.6
HK,01209,2025-01-16,1.946878,26.08778,25.76974,26.02325,27.686092,26.043138,26.380447,-0.337309,-0.476102,0.277585,51.269577,26.963543,25.082957,1.006341,3309767.6
HK,01209,2025-01-17,0.694573,26.3459,25.85271,26.034775,27.64507,26.149286,26.406569,-0.257283,-0.432338,0.350109,52.82599,27.003507,25.066043,1.000302,3163757.8
HK,01209,2025-01-20,0.689408,26.53948,26.01403,26.0486,27.597328,26.267457,26.444409,-0.176951,-0.381261,0.408619,54.393815,27.058553,25.038647,0.981524,2880422.8
HK,01209,2025-01-21,3.938345,26.84368,26.26753,26.14078,27.586838,26.530541,26.557971,-0.02743,-0.310495,0.566129,62.179965,27.455578,24.825982,1.006893,2712038.2
HK,01209,2025-01-22,-2.635689,27.08336,26.47495,26.2007,27.55502,26.639704,26.608499,0.031205,-0.242155,0.546719,55.129409,27.59858,24.80282,1.000815,2828291.4
HK,01209,2025-01-23,-4.230161,26.99118,26.53948,26.207615,27.507393,26.554796,26.569929,-0.015133,-0.19675,0.363234,46.2954,27.60182,24.81341,1.061014,3109308.4
HK,01209,2025-01-24,0.70646,26.89898,26.62244,26.184565,27.454388,26.511304,26.547867,-0.036563,-0.164713,0.256299,47.737868,27.55835,24.81078,1.03132,3064015.4
HK,01209,2025-01-27,2.280746,26.88976,26.71462,26.21913,27.412137,26.566688,26.571825,-0.005137,-0.132798,0.255321,52.230269,27.625126,24.813134,1.056419,3164413.4
HK,01209,2025-01-28,0.857793,26.71462,26.77915,26.26292,27.371423,26.649013,26.611083,0.03793,-0.098652,0.273165,53.872868,27.720646,24.805194,1.013882,2561039.2
HK,01209,2025-02-03,-1.020596,26.63164,26.8575,26.272135,27.31765,26.676119,26.626943,0.049175,-0.069087,0.236524,51.580773,27.741585,24.802685,1.046812,2162138.8
HK,01209,2025-02-04,2.233721,26.89896,26.94507,26.357405,27.282313,26.791239,26.686014,0.105225,-0.034224,0.278898,55.952822,27.885329,24.829481,1.057639,1842543.8
HK,01209,2025-02-05,-0.672029,27.09256,26.99577,26.42424,27.227005,26.860294,26.727058,0.133237,-0.000732,0.267938,54.327915,27.983499,24.864981,1.038065,1805279.8
HK,01209,2025-02-06,-0.169236,27.1571,27.02343,26.51873,27.175537,26.911634,26.761646,0.149988,0.029412,0.241152,53.906213,28.023118,25.014342,1.016596,1733194.0
HK,01209,2025-02-07,2.203427,27.29538,27.005,26.636265,27.112545,27.047259,26.838057,0.209202,0.06537,0.287664,58.423578,28.153211,25.119319,0.999947,2342033.8
HK,01209,2025-02-10,0.663112,27.52584,27.07874,26.776845,27.058772,27.190373,26.92246,0.267913,0.105878,0.324069,59.730813,28.24295,25.31074,0.984486,2637066.0
HK,01209,2025-02-11,-1.976946,27.52584,27.2124,26.87594,27.002693,27.226377,26.959641,0.266736,0.13805,0.257372,54.220996,28.231652,25.520228,0.996473,2568036.4
HK,01209,2025-02-12,5.042225,27.83926,27.46591,27.044175,26.977343,27.469581,27.096497,0.373083,0.185057,0.376054,63.328642,28.479356,25.608994,1.040525,3230080.0
HK,01209,2025-02-13,-1.920006,28.05128,27.60419,27.159405,26.958907,27.590276,27.182246,0.40803,0.229651,0.356758,58.329908,28.594589,25.724221,1.058387,3880007.2
HK,01209,2025-02-14,-1.468459,28.06048,27.67793,27.22854,26.955065,27.628572,27.230909,0.397663,0.263254,0.268819,54.833437,28.65481,25.80227,1.074974,4189307.0
HK,01209,2025-02-17,0.0,28.03282,27.77933,27.318415,26.946613,27.660976,27.275968,0.385009,0.287605,0.194808,54.833437,28.658116,25.978714,1.136461,4737432.6
HK,01209,2025-02-18,0.165594,28.125,27.82542,27.385245,26.936627,27.695488,27.321103,0.374384,0.304961,0.138847,55.179648,28.697766,26.072724,1.121128,5021304.0
HK,01209,2025-02-19,-0.826242,27.89454,27.8669,27.431335,26.93509,27.689243,27.345829,0.343414,0.312651,0.061526,52.993341,28.713403,26.149267,1.100312,4824156.0
HK,01209,2025-02-20,-4.500107,27.5258,27.78854,27.405985,26.912043,27.492498,27.276538,0.21596,0.293313,-0.154706,43.067283,28.74642,26.06555,1.117197,4946533.6
HK,01209,2025-02-21,0.523657,27.2677,27.66409,27.334545,26.895143,27.347299,27.222624,0.124675,0.259585,-0.269822,44.315533,28.697634,25.971456,1.099947,5544439.0
HK,01209,2025-02-24,7.812435,27.42442,27.72862,27.40368,26.926638,27.54353,27.326341,0.217189,0.251106,-0.067835,58.877284,28.876443,25.930917,1.21233,5305999.8
HK,01209,2025-02-25,-1.771315,27.47052,27.79776,27.50508,26.941233,27.631571,27.384819,0.246752,0.250235,-0.006967,55.085205,28.877311,26.132849,1.184999,5457305.0
HK,01209,2025-02-26,5.573734,27.87612,27.88533,27.67562,26.995775,27.94716,27.555047,0.392113,0.278611,0.227004,63.0145,29.228428,26.122812,1.24192,5436790.6
HK,01209,2025-02-27,5.124162,28.83482,28.18031,27.89225,27.063375,28.448197,27.825333,0.622864,0.347461,0.550806,68.776172,30.033246,25.751254,1.294776,6117010.2
HK,01209,2025-02-28,-4.578915,29.4801,28.3739,28.025915,27.111003,28.652336,27.96976,0.682576,0.414484,0.536183,59.412955,30.283449,25.768381,1.310935,6125351.4
HK,01209,2025-03-03,1.702765,29.81196,28.61819,28.19876,27.166313,28.903069,28.141044,0.762024,0.483992,0.556064,61.420059,30.587628,25.809892,1.375325,6314627.8
HK,01209,2025-03-04,-0.30447,30.22678,28.84865,28.337035,27.220855,29.101043,28.292812,0.808231,0.54884,0.518782,60.830924,30.847655,25.826415,1.346223,6159719.0
HK,01209,2025-03-05,0.1527,30.3374,29.10676,28.48683,27.268483,29.275652,28.436751,0.8389,0.606852,0.464096,61.032188,31.07411,25.89955,1.348829,5753438.0
HK,01209,2025-03-06,5.945231,30.50334,29.66908,28.72881,27.349143,29.699951,28.703185,0.996767,0.684835,0.623863,67.948136,31.668442,25.789178,1.38747,5164025.4
HK,01209,2025-03-07,0.287823,30.97348,30.22679,28.94544,27.441327,30.073159,28.956712,1.116447,0.771158,0.690579,68.259297,32.199139,25.691741,1.416765,4820145.0
HK,01209,2025-03-10,-2.152164,31.20394,30.50795,29.118285,27.51661,30.282581,29.140244,1.142336,0.845393,0.593886,63.296841,32.5122,25.72437,1.424217,4869352.8
HK,01209,2025-03-11,-0.879928,31.39752,30.81215,29.304955,27.559628,30.41723,29.289693,1.127537,0.901822,0.45143,61.3745,32.716311,25.893599,1.457473,5317089.8
HK,01209,2025-03-12,-2.514619,31.42518,30.88129,29.38331,27.587283,30.410625,29.370034,1.040591,0.929576,0.222031,56.170601,32.817249,25.949371,1.438968,5298449.6
HK,01209,2025-03-13,-0.910638,31.038,30.77067,29.47549,27.617242,30.362483,29.423935,0.938548,0.93137,0.014355,54.416442,32.882101,26.068879,1.441535,4664741.4
HK,01209,2025-03-14,1.99085,30.75222,30.86285,29.618375,27.646433,30.413932,29.518229,0.895703,0.924237,-0.057068,57.511944,32.977871,26.258879,1.453796,4298618.8
HK,01209,2025-03-17,1.501455,30.6969,30.95042,29.784305,27.714033,30.528373,29.639679,0.888694,0.917128,-0.056868,59.774719,33.103485,26.465125,1.419089,3754653.2
HK,01209,2025-03-18,2.07107,30.82596,31.11174,29.980195,27.79623,30.724485,29.799932,0.924553,0.918613,0.011879,62.764704,33.29038,26.67001,1.37699,3211384.4
HK,01209,2025-03-19,0.579818,31.1486,31.28689,30.196825,27.887645,30.918795,29.961974,0.956821,0.926255,0.061132,63.5974,33.43628,26.95737,1.344477,3423046.4
HK,01209,2025-03-20,-5.475576,31.17626,31.10713,30.388105,27.947563,30.813749,29.982272,0.831477,0.907299,-0.151644,51.757707,33.123177,27.653033,1.3933,3809799.8
HK,01209,2025-03-21,-2.134211,30.95502,30.85362,30.540205,28.005177,30.625588,29.953267,0.672321,0.860304,-0.375965,48.197603,32.67727,28.40314,1.376085,3518705.0
HK,01209,2025-03-24,-0.622831,30.60474,30.65082,30.579385,28.061255,30.438021,29.912758,0.525262,0.793295,-0.536066,47.199054,32.599959,28.558811,1.333765,4082072.6
HK,01209,2025-03-25,-2.351189,29.98712,30.40654,30.609345,28.107347,30.172941,29.824035,0.348905,0.704417,-0.711024,43.553561,32.496265,28.722425,1.324096,4114708.0
HK,01209,2025-03-26,10.75431,29.95024,30.54942,30.715355,28.191847,30.423734,29.970633,0.453101,0.654154,-0.402105,58.84356,32.620313,28.810397,1.479725,6064190.0
HK,01209,2025-03-27,0.724772,30.30976,30.74301,30.75684,28.289407,30.671406,30.123445,0.547961,0.632915,-0.169909,59.720598,32.737193,28.776487,1.466216,6498110.0
HK,01209,2025-03-28,1.007068,30.86286,30.90894,30.885895,28.391577,30.930605,30.288834,0.641771,0.634686,0.014168,60.974062,32.928933,28.842857,1.447086,6996009.2
HK,01209,2025-03-31,-2.136839,31.31454,30.95964,30.95503,28.475308,31.043558,30.390758,0.6528,0.638309,0.028982,56.88805,33.005228,28.904832,1.435909,6821606.4
HK,01209,2025-04-01,0.145588,31.91372,30.95042,31.03108,28.575173,31.146226,30.488546,0.65768,0.642183,0.030993,57.094504,33.074939,28.987221,1.389315,6829619.2
HK,01209,2025-04-02,1.598819,31.99668,30.97346,31.130175,28.680415,31.311099,30.616646,0.694453,0.652637,0.083631,59.397386,33.202217,29.058133,1.369093,5027812.6
HK,01209,2025-04-03,1.430882,32.12574,31.21775,31.16244,28.803327,31.52153,30.769406,0.752124,0.672535,0.159179,61.42481,33.308522,29.016358,1.360193,4713645.6
HK,01209,2025-04-07,-9.309065,31.58186,31.22236,31.03799,28.873232,31.231571,30.685509,0.546062,0.64724,-0.202356,45.336902,33.234264,28.841716,1.516544,6208250.0
HK,01209,2025-04-08,4.354721,31.43438,31.37446,31.01264,28.969257,31.184776,30.703427,0.481349,0.614062,-0.265426,51.178957,33.201719,28.823561,1.526741,6975399.8
HK,01209,2025-04-09,5.663263,31.62798,31.77085,31.088695,29.089863,31.414641,30.849758,0.564883,0.604226,-0.078687,57.774485,33.395208,28.782182,1.641559,8809807.4
HK,01209,2025-04-10,3.10292,31.92298,31.95983,31.254625,29.22737,31.765142,31.060361,0.704781,0.624337,0.160888,61.054753,33.797099,28.712151,1.679041,9328747.0
HK,01209,2025-04-11,-1.094593,32.05202,32.08888,31.415945,29.35028,32.004982,31.228046,0.776936,0.654857,0.244159,59.251844,34.052027,28.779863,1.631538,9375077.2
HK,01209,2025-04-14,0.83003,32.8448,32.21333,31.561135,29.46935,32.250477,31.403798,0.846679,0.693221,0.306916,60.201074,34.338874,28.783396,1.561085,7700277.6
HK,01209,2025-04-15,0.411599,33.40712,32.42075,31.690195,29.597638,32.479481,31.576776,0.902705,0.735118,0.335174,60.694108,34.616847,28.763543,1.518715,6968221.4
HK,01209,2025-04-16,3.005424,33.82194,32.72496,31.83769,29.734377,32.829253,31.812052,1.017201,0.791535,0.451333,64.19625,35.055123,28.620257,1.591314,6038636.4
HK,01209,2025-04-17,-3.978937,33.7574,32.84019,31.906825,29.844995,32.912476,31.92747,0.985005,0.830229,0.309553,56.76801,35.192854,28.620796,1.586298,6062674.4
HK,01209,2025-04-22,1.105178,33.84038,32.9462,32.081975,29.958688,33.039633,32.061658,0.977976,0.859778,0.236395,58.158599,35.366533,28.797417,1.542134,5802888.4
HK,01209,2025-04-23,1.77569,33.98786,33.41633,32.319345,30.064698,33.239397,32.230283,1.009114,0.889645,0.238938,60.387636,35.534881,29.103809,1.510989,5897522.4
HK,01209,2025-04-24,0.805519,34.163,33.78506,32.57976,30.187608,33.450982,32.406906,1.044076,0.920531,0.247089,61.409812,35.649791,29.509729,1.508411,6446952.0
HK,01209,2025-04-25,-1.597876,34.02472,33.92333,32.84709,30.320505,33.544923,32.529476,1.015447,0.939515,0.151865,58.176987,35.414408,30.279772,1.486267,6331329.0
HK,01209,2025-04-28,0.0,34.163,33.9602,32.960015,30.45033,33.624412,32.642967,0.981445,0.947901,0.067089,58.176987,35.532395,30.387635,1.47887,5928978.4
HK,01209,2025-04-29,0.135343,34.23674,34.03856,33.06372,30.570937,33.698764,32.751466,0.947298,0.94778,-0.000964,58.388736,35.645562,30.481878,1.422622,5938566.2
HK,01209,2025-04-30,0.810667,34.24596,34.11691,33.16512,30.69231,33.804216,32.872409,0.931807,0.944586,-0.025558,59.70645,35.786836,30.543404,1.406606,5951187.2
HK,01209,2025-05-02,2.681173,34.38424,34.27362,33.347185,30.833658,34.035275,33.052682,0.982593,0.952187,0.060811,63.8203,36.03184,30.66253,1.401613,4788174.4
HK,01209,2025-05-06,-3.916604,34.35658,34.19065,33.457805,30.941973,34.018048,33.117173,0.900875,0.941925,-0.082098,54.785138,36.044177,30.871433,1.456233,4290300.0
HK,01209,2025-05-07,0.815369,34.38424,34.27362,33.556905,31.05797,34.046025,33.197375,0.848651,0.92327,-0.149238,56.12324,36.097123,31.016687,1.48391,4359776.8
HK,01209,2025-05-08,-0.134796,34.39346,34.3151,33.63065,31.173967,34.062606,33.268221,0.794385,0.897493,-0.206216,55.8267,36.15018,31.11112,1.427302,4007835.0
HK,01209,2025-05-09,-0.404933,34.31972,34.28284,33.849585,31.277672,34.055359,33.323575,0.731784,0.864351,-0.265134,54.889705,35.58041,32.11876,1.391194,3428624.0
HK,01209,2025-05-12,1.490497,34.163,34.27362,34.02934,31.386755,34.127227,33.412384,0.714843,0.834449,-0.239214,57.693056,35.147033,32.911647,1.360959,3787849.4
HK,01209,2025-05-13,-1.067999,34.2091,34.28284,34.103085,31.498912,34.131315,33.467304,0.664011,0.800362,-0.272701,55.01551,35.033593,33.172577,1.329591,3676595.8
HK,01209,2025-05-14,0.944551,34.2644,34.32432,34.14226,31.593398,34.184405,33.542052,0.642353,0.76876,-0.252814,56.900303,35.066342,33.218178,1.293877,3142351.6
HK,01209,2025-05-15,0.668573,34.37502,34.38424,34.2114,31.700945,34.264789,33.628337,0.636452,0.742298,-0.211693,58.246428,35.085867,33.336933,1.280471,3265107.4
HK,01209,2025-05-16,-1.726458,34.39346,34.35659,34.23675,31.80542,34.240621,33.663845,0.576776,0.709194,-0.264836,53.563021,35.067221,33.406279,1.264731,3360453.4
HK,01209,2025-05-19,1.080988,34.38424,34.27362,34.27362,31.91604,34.276895,33.724034,0.552861,0.677927,-0.250134,55.912102,35.077473,33.469767,1.256693,3235640.8
HK,01209,2025-05-20,1.604286,34.55938,34.38424,34.287445,32.03511,34.39268,33.820736,0.571945,0.656731,-0.169572,59.242931,35.132268,33.442622,1.245943,3064042.2
HK,01209,2025-05-21,-0.789335,34.6147,34.43955,34.356585,32.153412,34.448114,33.889792,0.558322,0.637049,-0.157454,56.927503,35.11136,33.60181,1.252419,3100551.2
HK,01209,2025-05-22,-0.397951,34.59626,34.48564,34.40037,32.29015,34.473743,33.943489,0.530254,0.61569,-0.170873,55.75374,35.106811,33.693929,1.209046,3251292.2
HK,01209,2025-05-23,-1.464696,34.59626,34.49486,34.38885,32.416133,34.417428,33.955653,0.461776,0.584907,-0.246263,51.556962,35.106404,33.671296,1.2017,3550538.4
HK,01209,2025-05-26,-2.702616,34.33816,34.3612,34.31741,32.492185,34.227963,33.898634,0.329328,0.533791,-0.408926,44.934289,35.197004,33.437816,1.204757,4036902.8
HK,01209,2025-05-27,4.027614,34.23676,34.39807,34.340455,32.598963,34.273276,33.944846,0.32843,0.492719,-0.328579,54.134214,35.216175,33.464735,1.22076,4083624.8
HK,01209,2025-05-28,-0.800927,34.13536,34.37503,34.349675,32.675015,34.26908,33.967154,0.301926,0.45456,-0.305269,52.191619,35.217303,33.482047,1.199413,3891205.6
HK,01209,2025-05-29,1.884016,34.19066,34.39346,34.38885,32.73647,34.364791,34.035602,0.329189,0.429486,-0.200595,56.146208,35.27968,33.49802,1.225676,3634369.6
HK,01209,2025-05-30,-1.320963,34.25518,34.42572,34.391155,32.814057,34.374869,34.064839,0.31003,0.405595,-0.191129,52.787113,35.282164,33.500146,1.210557,3399333.2
HK,01209,2025-06-02,0.133894,34.51328,34.42572,34.34967,32.883962,34.390489,34.095325,0.295164,0.383509,-0.176689,53.089423,35.137732,33.561608,1.193224,2535313.2
HK,01209,2025-06-03,0.534859,34.54094,34.38885,34.386545,32.958477,34.432075,34.137212,0.294863,0.36578,-0.141832,54.348608,35.16024,33.61285,1.170551,2376222.8
HK,01209,2025-06-04,1.462748,34.7253,34.43033,34.43494,33.040673,34.545264,34.213552,0.331712,0.358966,-0.054508,57.709779,35.27419,33.59569,1.139619,2425357.2
HK,01209,2025-06-05,2.097089,34.92812,34.55939,34.522515,33.105202,34.7545,34.338866,0.415634,0.3703,0.090668,62.083071,35.566664,33.478366,1.140524,2713319.4
HK,01209,2025-06-06,0.0,35.22312,34.73915,34.617005,33.168193,34.931546,34.454899,0.476648,0.391569,0.170157,62.083071,35.794094,33.439916,1.108444,2794243.0
HK,01209,2025-06-09,0.256508,35.52732,35.0203,34.69075,33.244243,35.095524,34.569158,0.526366,0.418529,0.215675,62.642587,36.011014,33.370486,1.104998,3159966.2
HK,01209,2025-06-10,1.5365,35.90526,35.2231,34.810585,33.334122,35.319366,34.715924,0.603442,0.455511,0.295862,65.89719,36.33365,33.28752,1.098498,3264851.8
HK,01209,2025-06-11,1.260995,36.27398,35.49964,34.937335,33.44474,35.579679,34.885959,0.69372,0.503153,0.381134,68.370091,36.726705,33.147965,1.066127,3448382.8
HK,01209,2025-06-12,0.314768,36.5185,35.72331,35.058385,33.56191,35.817867,35.052029,0.765838,0.55569,0.420296,68.982343,37.081335,33.035435,1.061554,3322798.8
HK,01209,2025-06-13,1.670981,36.8871,36.05511,35.240415,33.679433,36.114857,35.251753,0.863104,0.617173,0.491862,72.081568,37.526494,32.954336,1.087985,3191282.0
HK,01209,2025-06-16,4.04548,37.5427,36.53501,35.480365,33.814727,36.601094,35.549801,1.051293,0.703997,0.694593,77.927738,38.332615,32.628115,1.160251,3785389.6
HK,01209,2025-06-17,-2.794625,37.86816,36.88671,35.63778,33.920972,36.843664,35.744467,1.099197,0.783037,0.63232,67.058576,38.711993,32.563567,1.210311,3945640.0
HK,01209,2025-06-18,-1.625028,37.97736,37.12567,35.778,34.013803,36.95347,35.878759,1.074711,0.841372,0.466679,61.81074,38.932768,32.623232,1.181811,3829526.4
HK,01209,2025-06-19,-3.176737,37.82464,37.17157,35.86548,34.115942,36.862828,35.914725,0.948104,0.862718,0.170771,53.18998,38.983179,32.747781,1.332596,4064304.2
HK,01209,2025-06-20,-1.049656,37.4715,37.1793,35.959225,34.222473,36.727409,35.919752,0.807656,0.851706,-0.088099,50.751279,38.970816,32.947634,1.291946,4165846.2
HK,01209,2025-06-23,1.723889,36.937,37.23985,36.130075,34.342415,36.708253,35.970356,0.737897,0.828944,-0.182093,54.40948,38.868235,33.391915,1.27125,3253683.4
HK,01209,2025-06-24,1.434313,36.72702,37.29759,36.260345,34.48263,36.772814,36.0561,0.716714,0.806498,-0.179567,57.300416,38.927161,33.593529,1.248625,3089916.2
HK,01209,2025-06-25,1.799455,36.77474,37.37605,36.437845,34.582512,36.930228,36.184981,0.745246,0.794248,-0.098003,60.71442,39.015831,33.859859,1.231023,2878698.2
HK,01209,2025-06-26,-2.398931,36.87974,37.35219,36.53775,34.66344,36.923931,36.237153,0.686778,0.772754,-0.171952,54.361956,39.021382,34.054118,1.235129,2613218.2
HK,01209,2025-06-27,-1.681788,36.937,37.20425,36.62968,34.728652,36.823157,36.239505,0.583652,0.734933,-0.302562,50.47076,38.923326,34.336034,1.218491,2574829.0
HK,01209,2025-06-30,-0.131518,36.86066,36.89883,36.71692,34.804592,36.730548,36.238149,0.492399,0.686427,-0.388055,50.173393,38.799327,34.634513,1.203041,3100893.4
HK,01209,2025-07-02,0.131691,36.68886,36.70794,36.797325,34.880558,36.659525,36.240427,0.419099,0.632961,-0.427725,50.487554,38.669536,34.925114,1.250053,3145836.6
HK,01209,2025-07-03,-0.789382,36.32618,36.55046,36.838065,34.943303,36.555383,36.221328,0.334055,0.57318,-0.47825,48.510519,38.59881,35.07732,1.249392,3273906.6
HK,01209,2025-07-04,0.795662,36.2021,36.54092,36.856245,35.003137,36.511309,36.224852,0.286456,0.515835,-0.458757,50.594022,38.585314,35.127176,1.2181,3034112.6
HK,01209,2025-07-07,-0.263311,36.183,36.56,36.86965,35.11208,36.459323,36.221041,0.238282,0.460324,-0.444085,49.869129,38.572987,35.166313,1.175407,2711118.4
HK,01209,2025-07-08,1.187337,36.25934,36.56,36.899925,35.206672,36.481412,36.249327,0.232085,0.414676,-0.365184,53.122151,38.561177,35.238673,1.142585,2136601.4
HK,01209,2025-07-09,-1.825265,36.19252,36.44069,36.86914,35.260937,36.397317,36.226029,0.171289,0.365999,-0.38942,47.913744,38.577309,35.160971,1.135957,2022132.4
HK,01209,2025-07-10,2.523459,36.36432,36.34525,36.86065,35.313415,36.465669,36.271626,0.194042,0.331608,-0.275131,54.442676,38.567594,35.153706,1.170718,2338971.8
HK,01209,2025-07-11,-2.331603,36.30706,36.25458,36.803385,35.357723,36.39135,36.250217,0.141133,0.293513,-0.304759,48.270137,38.547073,35.059697,1.189359,2890101.8
HK,01209,2025-07-14,-0.928504,36.20208,36.19254,36.698395,35.391853,36.277066,36.205645,0.07142,0.249094,-0.355348,46.081763,38.45468,34.94211,1.145312,4215496.0
HK,01209,2025-07-15,1.204819,36.0971,36.17822,36.538525,35.430837,36.24644,36.19619,0.05025,0.209325,-0.318151,49.266056,37.854234,35.222816,1.13509,5050093.4
HK,01209,2025-07-16,-2.380952,35.95394,36.07323,36.390585,35.438603,36.088372,36.123806,-0.035433,0.160374,-0.391614,43.706524,37.596541,35.184629,1.132412,5445423.2
HK,01209,2025-07-17,-1.084074,35.55306,35.95869,36.254575,35.463053,35.895884,36.028502,-0.132617,0.101775,-0.468785,41.466683,37.515782,34.993368,1.140154,5985437.6
HK,01209,2025-07-18,1.643932,35.43852,35.87279,36.206855,35.490902,35.821118,35.982679,-0.161562,0.049108,-0.42134,45.941838,37.519037,34.894673,1.103029,6339435.8
HK,01209,2025-07-21,0.134708,35.40034,35.80121,36.180605,35.50956,35.765192,35.943785,-0.178593,0.003568,-0.364321,46.31003,37.530155,34.831055,1.078777,6032313.2
HK,01209,2025-07-22,0.53839,35.31444,35.70577,36.132885,35.52679,35.747239,35.921912,-0.174672,-0.03208,-0.285184,47.841163,37.486819,34.778951,1.049443,6123241.2
HK,01209,2025-07-23,0.535506,35.43852,35.69623,36.06846,35.55642,35.761418,35.9158,-0.154382,-0.05654,-0.195683,49.395321,37.347424,34.789496,1.05629,7290230.4
HK,01209,2025-07-24,3.595205,35.89666,35.72486,36.035055,35.607525,35.971646,36.005585,-0.033939,-0.05202,0.036162,58.404355,37.157058,34.913052,1.089919,7384814.8
HK,01209,2025-07-25,-1.542506,36.12572,35.78212,36.01835,35.648317,36.061423,36.046297,0.015126,-0.038591,0.107434,53.818244,37.098136,34.938564,1.066603,6715100.8
HK,01209,2025-07-28,0.0,36.34524,35.87279,36.032665,35.6845,36.137389,36.083994,0.053395,-0.020194,0.147178,53.818244,37.132758,34.932572,1.038139,5742119.6
HK,01209,2025-07-29,-0.652712,36.47886,35.89665,36.037435,35.701342,36.16496,36.101224,0.063736,-0.003408,0.134288,51.850953,37.141576,34.933294,1.011707,5161153.6
HK,01209,2025-07-30,0.0,36.5743,36.00641,36.03982,35.74123,36.188289,36.117177,0.071112,0.011496,0.119231,51.850953,37.146155,34.933485,1.014435,3675539.4
HK,01209,2025-07-31,-4.073619,36.11616,36.00641,35.98255,35.751852,35.980429,36.022364,-0.041935,0.00081,-0.08549,41.05837,37.207075,34.758025,1.054461,3125472.4
HK,01209,2025-08-01,0.274132,35.79166,35.95869,35.91574,35.764833,35.81924,35.941648,-0.122408,-0.023834,-0.197149,41.899095,37.214064,34.617416,1.057543,3361948.0
HK,01209,2025-08-04,3.44262,35.70768,36.02646,35.913835,35.800163,35.867865,35.955993,-0.088128,-0.036693,-0.102871,51.316226,37.210752,34.616918,1.08699,3867746.2
HK,01209,2025-08-05,-0.422578,35.64088,36.05987,35.88282,35.824498,35.885516,35.957964,-0.072448,-0.043844,-0.057208,50.20354,37.141442,34.624198,1.077519,3645901.8
HK,01209,2025-08-06,0.0,35.57408,36.07419,35.88521,35.854978,35.900452,35.959789,-0.059337,-0.046942,-0.024789,50.20354,37.144399,34.626021,1.052368,3365606.4
HK,01209,2025-08-07,0.636419,35.84896,35.98256,35.85371,35.883898,35.948321,35.978441,-0.03012,-0.043578,0.026915,52.013234,37.04533,34.66209,1.023556,2848077.6
HK,01209,2025-08-08,1.581537,36.21928,36.00547,35.893795,35.918522,36.076933,36.038135,0.038799,-0.027103,0.131802,56.291331,37.15213,34.63546,1.007716,2561733.6
HK,01209,2025-08-11,1.297293,36.44452,36.0761,35.974445,35.971085,36.259174,36.128754,0.13042,0.004402,0.252036,59.52899,37.359898,34.588992,1.001186,2355103.8
HK,01209,2025-08-12,1.383197,36.80338,36.22213,36.05939,36.026093,36.492671,36.250839,0.241831,0.051888,0.379887,62.739275,37.652576,34.466204,0.989666,2300844.6
HK,01209,2025-08-13,0.808431,37.22332,36.3987,36.202555,36.076973,36.737229,36.386503,0.350726,0.111655,0.478141,64.534484,37.972707,34.432403,0.963975,2476102.0
HK,01209,2025-08-14,0.100309,37.6051,36.72703,36.36672,36.133098,36.95004,36.514947,0.435093,0.176343,0.5175,64.76317,38.207508,34.525932,0.961927,2738424.4
HK,01209,2025-08-15,-0.250259,37.85326,37.03627,36.49748,36.189938,37.115434,36.62681,0.488623,0.238799,0.499649,63.659183,38.41765,34.57731,1.007754,2773342.6
HK,01209,2025-08-18,-2.058377,37.84944,37.14698,36.58672,36.242183,37.134967,36.67241,0.462557,0.283551,0.358013,55.326234,38.47084,34.7026,1.023036,2523453.8
HK,01209,2025-08-19,1.076461,37.82272,37.31305,36.68646,36.316473,37.213172,36.744327,0.468845,0.320609,0.29647,58.334651,38.572551,34.800369,1.052226,2664900.2
HK,01209,2025-08-20,0.304171,37.75782,37.49057,36.78238,36.370395,37.296961,36.819399,0.477562,0.352,0.251123,59.180146,38.681482,34.883278,1.05751,2548021.6
HK,01209,2025-08-21,-0.101171,37.67764,37.64137,36.811965,36.428288,37.361982,36.886081,0.475901,0.37678,0.198242,58.751795,38.749718,34.874212,1.035152,2272860.0
HK,01209,2025-08-22,1.923138,37.76162,37.80744,36.906455,36.487518,37.5286,37.001556,0.527044,0.406833,0.240422,64.070157,38.965422,34.847488,1.063477,2107841.4
HK,01209,2025-08-25,4.121212,38.31902,38.08423,37.080165,36.580837,37.913339,37.225841,0.687498,0.462966,0.449064,72.431233,39.538727,34.621603,1.145679,2317609.2
HK,01209,2025-08-26,-0.762939,38.73516,38.27894,37.250535,36.668297,38.191902,37.41089,0.781012,0.526575,0.508874,69.093637,39.93564,34.56543,1.127923,2246573.6
HK,01209,2025-08-27,-9.082167,38.40684,38.08233,37.240515,36.692553,37.872563,37.314987,0.557576,0.532775,0.049602,43.558473,39.940938,34.540092,1.307786,4741540.6
HK,01209,2025-08-28,-1.162913,38.00216,37.8399,37.283465,36.70136,37.537738,37.195077,0.342661,0.494753,-0.304182,41.629639,39.853816,34.713114,1.311179,6219778.6
HK,01209,2025-08-29,3.583014,37.7082,37.73491,37.38559,36.719192,37.451194,37.17879,0.272404,0.450283,-0.355757,49.031336,39.726267,35.044913,1.342967,7181527.0
HK,01209,2025-09-01,-0.309937,37.07444,37.69673,37.421855,36.735113,37.360333,37.15522,0.205113,0.401249,-0.392272,48.438643,39.705709,35.138001,1.322026,7444414.0
HK,01209,2025-09-02,-0.31063,36.47886,37.60701,37.46003,36.747592,37.265836,37.124915,0.140921,0.349183,-0.416525,47.816714,39.670731,35.249329,1.272589,7475118.8
HK,01209,2025-09-03,-0.311598,36.58194,37.49439,37.49248,36.748943,37.168261,37.088373,0.079888,0.295324,-0.430872,47.164561,39.633434,35.351526,1.223954,5026431.2
HK,01209,2025-09-04,0.833706,36.8301,37.41613,37.52875,36.747703,37.132682,37.07716,0.055522,0.247364,-0.383683,49.156401,39.605286,35.452214,1.210157,3854398.2
HK,01209,2025-09-05,2.118743,36.97898,37.34359,37.575515,36.757565,37.222977,37.124748,0.098229,0.217537,-0.238616,53.947527,39.624832,35.526198,1.185074,3039927.6
HK,01209,2025-09-08,3.188263,37.3913,37.23287,37.65855,36.77713,37.484396,37.257893,0.226503,0.21933,0.014346,60.160275,39.783429,35.533671,1.22314,3312665.4
HK,01209,2025-09-09,6.093438,38.30086,37.38986,37.8344,36.810772,38.070474,37.556856,0.513617,0.278188,0.470859,69.032938,40.486149,35.182651,1.329902,4501786.8
HK,01209,2025-09-10,0.615587,39.28416,37.93305,38.00769,36.866943,38.605493,37.852504,0.752989,0.373148,0.759682,69.809034,41.11537,34.90001,1.320095,4714036.0
HK,01209,2025-09-11,-0.188216,40.19074,38.51042,38.17516,36.932152,39.046171,38.120459,0.925712,0.483661,0.884102,69.234187,41.630637,34.719683,1.284459,4411704.0
HK,01209,2025-09-12,1.084401,41.03074,39.00486,38.369885,37.02474,39.488237,38.401877,1.08636,0.604201,0.964319,70.727009,42.18935,34.55042,1.256955,4387664.8
HK,01209,2025-09-15,-2.611905,41.41124,39.40127,38.549,37.105442,39.693847,38.581346,1.112501,0.705861,0.813281,62.744304,42.47468,34.62332,1.284487,3959549.8
HK,01209,2025-09-16,1.676191,41.45426,39.87756,38.742285,37.18721,39.973101,38.798209,1.174892,0.799667,0.750451,65.374666,42.847135,34.637435,1.254188,3402401.0
HK,01209,2025-09-17,-1.224795,41.34476,40.31446,38.904425,37.251755,40.131178,38.961349,1.169829,0.873699,0.592259,61.879153,43.096177,34.712673,1.238617,3555472.6
HK,01209,2025-09-18,-0.333654,41.22354,40.70714,39.061635,37.302885,40.243889,39.102271,1.141618,0.927283,0.428669,60.935019,43.299441,34.823829,1.21718,3796611.6
HK,01209,2025-09-19,-0.670031,40.95762,40.99418,39.168885,37.364563,40.297137,39.212473,1.084664,0.958759,0.251809,58.994868,43.447216,34.890554,1.186096,4196531.4
HK,01209,2025-09-22,-0.91525,40.83638,41.12381,39.17834,37.43039,40.285039,39.286994,0.998045,0.966616,0.062857,56.372198,43.465064,34.891616,1.176789,3960152.8
HK,01209,2025-09-23,-0.777752,40.51572,40.98499,39.187425,37.491798,40.226679,39.332824,0.893855,0.952064,-0.116418,54.18784,43.479503,34.895347,1.200276,3689778.6
HK,01209,2025-09-24,0.195962,40.31238,40.82857,39.38081,37.553715,40.189328,39.381052,0.808277,0.923307,-0.23006,54.660836,43.444396,35.317224,1.20532,3520329.0
HK,01209,2025-09-25,-0.684526,40.08166,40.6526,39.58151,37.615842,40.115616,39.405433,0.710183,0.880682,-0.340997,52.613332,43.277189,35.885831,1.184862,3631856.0
HK,01209,2025-09-26,-0.196927,39.89006,40.42384,39.71435,37.671893,40.041214,39.422216,0.618998,0.828345,-0.418694,52.013839,43.211405,36.217295,1.17425,3563058.6
HK,01209,2025-09-29,2.022608,39.93308,40.38473,39.893,37.742897,40.101581,39.497133,0.604448,0.783566,-0.358236,57.375323,43.14514,36.64086,1.158804,3752066.6
HK,01209,2025-09-30,-0.048227,40.03476,40.27524,40.0764,37.806417,40.149661,39.565057,0.584604,0.743773,-0.318338,57.207872,42.994548,37.158252,1.129103,3441059.2
HK,01209,2025-10-02,-2.902947,39.88616,40.09927,40.206865,37.861518,40.009851,39.541045,0.468806,0.68878,-0.439947,48.110372,42.699612,37.714118,1.133646,3157463.4
HK,01209,2025-10-03,-2.540971,39.59288,39.83727,40.272205,37.884888,39.738151,39.444953,0.293198,0.609664,-0.632931,41.997552,42.46971,38.0747,1.150436,3101224.2
HK,01209,2025-10-06,-0.05125,39.31132,39.60069,40.297435,37.922248,39.505236,39.354527,0.150709,0.517873,-0.734328,41.884894,42.386021,38.208849,1.119933,2472173.4
HK,01209,2025-10-08,-1.99481,38.71694,39.32501,40.22441,37.952468,39.190846,39.214317,-0.023472,0.409604,-0.866151,37.653248,42.584682,37.864138,1.122331,2282620.6
HK,01209,2025-10-09,3.288158,38.37282,39.20379,40.09439,37.99606,39.114331,39.175738,-0.061407,0.315402,-0.753618,46.97354,42.490895,37.697885,1.141321,2659503.6
HK,01209,2025-10-10,1.819169,38.40412,39.14514,39.986855,38.0657,39.15788,39.192158,-0.034278,0.245466,-0.559487,51.440814,42.304502,37.669208,1.163148,3169586.0
HK,01209,2025-10-13,1.240691,38.7326,39.16274,39.90767,38.14985,39.269929,39.243568,0.026361,0.201645,-0.350568,54.318823,42.123194,37.692146,1.198781,3516537.0
HK,01209,2025-10-14,-3.823628,38.75998,39.03565,39.729745,38.199037,39.130109,39.1782,-0.048091,0.151698,-0.399577,45.297906,41.839419,37.620071,1.268175,4240756.8
HK,01209,2025-10-15,2.803361,39.15494,38.93594,39.660335,38.265352,39.177246,39.197333,-0.020087,0.117341,-0.274856,51.423935,41.711887,37.608783,1.265577,4807731.2
HK,01209,2025-10-16,3.371242,39.56944,38.97113,39.623185,38.350643,39.42167,39.313531,0.108139,0.1155,-0.014723,57.726866,41.563373,37.682997,1.291093,4978020.2
HK,01209,2025-10-17,-1.726684,39.70238,39.05325,39.57626,38.421022,39.520198,39.368981,0.151217,0.122644,0.057147,53.750298,41.424123,37.728397,1.318972,4964257.4
HK,01209,2025-10-20,1.024909,39.81968,39.27614,39.556705,38.476768,39.666736,39.450738,0.215999,0.141315,0.149368,55.668674,41.357326,37.756084,1.335088,4488552.6
HK,01209,2025-10-21,-1.883986,40.0895,39.42474,39.512715,38.529352,39.673423,39.469957,0.203466,0.153745,0.099442,51.404531,41.25216,37.77327,1.320725,3843220.8
HK,01209,2025-10-22,-0.935528,40.06994,39.61244,39.468725,38.575743,39.621927,39.460234,0.161693,0.155335,0.012717,49.418376,41.178801,37.758649,1.319959,3515050.4
HK,01209,2025-10-23,1.540722,39.9057,39.73757,39.47068,38.636213,39.6716,39.496128,0.175472,0.159362,0.03222,52.633884,41.182838,37.758522,1.306683,2906386.6
HK,01209,2025-10-24,2.055837,40.04648,39.87443,39.509785,38.71037,39.839969,39.590193,0.249777,0.177445,0.144663,56.65448,41.300946,37.718624,1.311106,2474886.0
HK,01209,2025-10-27,1.199038,40.2029,40.01129,39.587015,38.81733,40.057636,39.713497,0.344139,0.210784,0.26671,58.891262,41.532621,37.641409,1.290077,2450201.0
HK,01209,2025-10-28,-0.33184,40.48444,40.28697,39.66131,38.920417,40.220753,39.817527,0.403226,0.249272,0.307908,57.988694,41.7184,37.60422,1.245407,2408109.8
HK,01209,2025-10-30,-3.851607,40.52354,40.29674,39.61634,38.977065,40.11513,39.79654,0.31859,0.263136,0.110908,48.691782,41.643031,37.589649,1.349178,2593906.0
HK,01209,2025-10-31,0.445184,40.47662,40.19116,39.581145,39.039192,40.052833,39.790144,0.262689,0.263046,-0.000715,49.657728,41.575387,37.586903,1.326822,2569160.2
HK,01209,2025-11-03,0.098463,40.27328,40.15988,39.606565,39.10197,40.006135,39.787119,0.219017,0.25424,-0.070447,49.883461,41.595765,37.617365,1.280928,2539271.4
HK,01209,2025-11-04,-2.705456,39.7571,39.98,39.62807,39.143008,39.801176,39.704658,0.096518,0.222696,-0.252356,44.035035,41.566527,37.689613,1.295569,2536769.4
HK,01209,2025-11-05,1.061698,39.35042,39.91743,39.671085,39.181345,39.690918,39.65872,0.032198,0.184596,-0.304797,46.608895,41.519094,37.823076,1.314757,2627788.8
HK,01209,2025-11-06,0.400159,39.29176,39.90765,39.760045,39.214335,39.621685,39.627771,-0.006086,0.14646,-0.305092,47.597501,41.323444,38.196646,1.27671,2058266.8
HK,01209,2025-11-07,-0.896768,39.12752,39.80207,39.76982,39.23287,39.508964,39.573047,-0.064083,0.104351,-0.336869,45.55367,41.308675,38.230965,1.248366,2355048.2
HK,01209,2025-11-10,4.9775,39.3426,39.80794,39.841185,39.278577,39.711385,39.665762,0.045623,0.092606,-0.093965,56.594647,41.435712,38.246658,1.310026,2490707.8
HK,01209,2025-11-11,3.879269,40.0895,39.9233,39.967295,39.350042,40.12631,39.86892,0.25739,0.125563,0.263655,63.174383,41.915786,38.018804,1.371474,2913124.0
HK,01209,2025-11-12,6.316202,41.29,40.32021,40.30359,39.46774,40.889493,40.255445,0.634049,0.22726,0.813578,71.142324,43.14446,37.46272,1.494169,4198845.2
HK,01209,2025-11-13,-3.512542,42.14248,40.71712,40.50693,39.572088,41.291617,40.496027,0.795591,0.340926,0.90933,62.528015,43.637811,37.376049,1.682121,20134131.6
HK,01209,2025-11-14,0.853958,43.13964,41.13358,40.66237,39.675947,41.68903,40.746306,0.942724,0.461286,0.962877,63.640218,44.120817,37.203923,1.680677,20915807.6
HK,01209,2025-11-17,-1.515221,43.6167,41.47965,40.819765,39.766817,41.923025,40.928802,0.994224,0.567873,0.852701,60.196964,44.437469,37.202061,1.669557,22187082.8
HK,01209,2025-11-18,-0.407313,43.74182,41.91566,40.94783,39.85539,42.093945,41.084743,1.009202,0.656139,0.706126,59.282493,44.686634,37.209026,1.622924,22715106.8
HK,01209,2025-11-19,-1.090301,43.23738,42.26369,41.09056,39.924053,42.166384,41.194376,0.972007,0.719313,0.50539,56.805001,44.847386,37.333734,1.621522,21893285.4
HK,01209,2025-11-20,0.780927,43.11616,42.62932,41.268485,39.97185,42.278817,41.320512,0.958306,0.767111,0.382389,58.139678,45.013628,37.523342,1.600671,6334509.0
HK,01209,2025-11-21,-0.63827,42.86588,43.00276,41.402415,40.020173,42.33183,41.417022,0.914808,0.796651,0.236315,56.588617,45.140205,37.664625,1.578516,6146308.8
HK,01209,2025-11-24,0.917571,42.82678,43.22174,41.51484,40.135145,42.436856,41.535353,0.901503,0.817621,0.167763,58.29994,45.304204,37.725476,1.550957,5549929.8
HK,01209,2025-11-25,0.818096,42.89326,43.31754,41.62042,40.262982,42.579863,41.670987,0.908876,0.835872,0.146008,59.834206,45.491702,37.749138,1.533746,4752528.0
HK,01209,2025-11-26,1.082174,43.14744,43.19241,41.75631,40.377323,42.773069,41.831336,0.941733,0.857044,0.169377,61.850125,45.736755,37.775865,1.468886,4842033.0
HK,01209,2025-11-27,2.00704,43.5111,43.31363,42.015375,40.508238,43.071904,42.044978,1.026927,0.891021,0.271812,65.360155,46.057564,37.973186,1.52178,5070006.2
HK,01209,2025-11-28,-3.104516,43.65188,43.25888,42.19623,40.617925,43.111196,42.139964,0.971231,0.907063,0.128337,56.523296,46.131954,38.260506,1.533188,4602973.6
HK,01209,2025-12-01,2.211308,43.90606,43.36642,42.423035,40.745488,43.291843,42.298886,0.992957,0.924242,0.137431,60.493367,46.290798,38.555272,1.499089,4056598.6
HK,01209,2025-12-02,0.132324,44.10158,43.49742,42.70654,40.868938,43.453713,42.450375,1.003338,0.940061,0.126553,60.729567,46.251242,39.161838,1.447876,4077351.4
HK,01209,2025-12-03,-0.705394,44.14068,43.64406,42.953875,40.974132,43.542557,42.567474,0.975084,0.947065,0.056036,58.711723,46.123626,39.784124,1.451992,3569303.8
HK,01209,2025-12-04,0.044287,44.00772,43.75941,43.194365,41.059607,43.620733,42.677342,0.943391,0.94633,-0.005879,58.80362,45.896096,40.492634,1.388778,3065083.8
HK,01209,2025-12-05,0.39954,44.1876,43.91974,43.46125,41.108487,43.713959,42.792109,0.921849,0.941434,-0.03917,59.675986,45.337509,41.584991,1.345444,2818401.4
HK,01209,2025-12-08,-1.016807,44.08592,43.99599,43.608865,41.145635,43.723657,42.865064,0.858593,0.924866,-0.132546,56.390208,45.045127,42.172603,1.338726,2648970.6
HK,01209,2025-12-09,-3.706969,43.64796,43.87477,43.596155,41.15704,43.482202,42.812408,0.669795,0.873852,-0.408114,46.450836,45.078447,42.113863,1.370189,2782505.6
HK,01209,2025-12-10,-1.066798,43.18262,43.66165,43.42703,41.153455,43.20871,42.73034,0.478369,0.794755,-0.632772,44.129557,44.96128,41.89278,1.319804,3039972.0
HK,01209,2025-12-11,0.703281,42.77204,43.38988,43.351755,41.173007,43.022416,42.676078,0.346338,0.705072,-0.717468,46.024113,45.006637,41.696873,1.271618,3172973.8
HK,01209,2025-12-12,2.513941,42.53742,43.36251,43.310695,41.19875,43.027213,42.704043,0.323171,0.628692,-0.611042,52.295186,44.952327,41.669063,1.278545,3156282.2
HK,01209,2025-12-15,-0.726536,42.33018,43.20805,43.287235,41.227753,42.98315,42.706766,0.276384,0.55823,-0.563692,50.425943,44.947259,41.627211,1.241685,3050860.6
HK,01209,2025-12-16,-2.561955,42.2285,42.93823,43.217825,41.240787,42.777404,42.628176,0.149228,0.47643,-0.654403,44.437841,45.024049,41.411601,1.250757,2886148.8
HK,01209,2025-12-17,1.87798,42.37318,42.7779,43.21098,41.271418,42.723634,42.61334,0.110294,0.403202,-0.585818,49.088199,45.028056,41.393904,1.254989,2947032.4
HK,01209,2025-12-18,-0.69129,42.40054,42.58629,43.17285,41.303353,42.633013,42.577878,0.055135,0.333589,-0.556908,47.483175,45.04581,41.29989,1.214225,2589556.6
HK,01209,2025-12-19,1.067294,42.30668,42.42205,43.170895,41.347997,42.625519,42.578354,0.047165,0.276304,-0.458278,50.173239,45.046225,41.295565,1.181959,2700346.8
HK,01209,2025-12-22,-0.504881,42.23238,42.28128,43.138635,41.387753,42.586101,42.562868,0.023232,0.22569,-0.404915,48.884007,45.045548,41.231722,1.192498,2877557.4
HK,01209,2025-12-23,1.199689,42.47874,42.35362,43.114195,41.440543,42.630947,42.586182,0.044765,0.189505,-0.28948,52.022784,45.021335,41.207055,1.19112,3042582.0
HK,01209,2025-12-24,-0.273569,42.54522,42.4592,43.060425,41.492682,42.650847,42.599079,0.051768,0.161957,-0.220379,51.240828,44.943654,41.177196,1.196818,2469692.0
HK,01209,2025-12-29,-1.554713,42.5374,42.46897,42.929425,41.52038,42.565409,42.561777,0.003632,0.130292,-0.253321,46.93494,44.694721,41.164129,1.257974,3167610.6
HK,01209,2025-12-30,0.789633,42.50612,42.4064,42.884455,41.553943,42.544254,42.55186,-0.007606,0.102713,-0.220638,49.232096,44.652738,41.116172,1.26029,3023185.4
HK,01209,2025-12-31,-1.059916,42.4279,42.33014,42.769095,41.599565,42.457169,42.509367,-0.052198,0.07173,-0.247857,46.31121,44.455903,41.082287,1.283391,2843222.8
HK,01209,2026-01-02,0.279431,42.27148,42.37511,42.65667,41.66376,42.401527,42.47871,-0.077183,0.041948,-0.238261,47.191309,44.202453,41.110887,1.307641,2407517.0
HK,01209,2026-01-05,2.043686,42.31058,42.4279,42.6029,41.74262,42.4868,42.51405,-0.02725,0.028108,-0.110717,53.244904,44.023432,41.182368,1.303624,2732727.2
HK,01209,2026-01-06,2.776575,42.72118,42.62929,42.60779,41.854067,42.742446,42.635121,0.107326,0.043952,0.126748,60.077579,44.04875,41.16683,1.334801,2558147.8
HK,01209,2026-01-07,0.708518,43.12786,42.81699,42.61952,41.950197,43.006885,42.770393,0.236492,0.08246,0.308065,61.660043,44.115762,41.123278,1.33443,2803047.0
HK,01209,2026-01-08,0.087942,43.6323,43.0301,42.65569,42.035247,43.236657,42.898542,0.338115,0.133591,0.409048,61.863537,44.290651,41.020729,1.342456,3153711.4
HK,01209,2026-01-09,2.153014,44.3049,43.28819,42.820905,42.128118,43.578479,43.088168,0.490311,0.204935,0.570751,66.54877,44.841985,40.799825,1.389016,3565615.6
HK,01209,2026-01-12,-0.129129,44.7937,43.55214,43.00567,42.24543,43.858682,43.2594,0.599282,0.283804,0.630955,66.013668,45.248231,40.763109,1.407115,3633940.8
HK,01209,2026-01-13,-3.316094,44.74286,43.73202,43.100495,42.319727,43.864162,43.30643,0.557732,0.33859,0.438284,54.017143,45.324879,40.876111,1.489557,4047833.6
HK,01209,2026-01-14,-3.42983,44.32836,43.72811,43.067255,42.346773,43.637183,43.238457,0.398726,0.350617,0.096218,45.175903,45.313213,40.821297,1.581474,5026124.6
HK,01209,2026-01-15,-2.260031,43.71444,43.67337,43.001755,42.369585,43.297739,43.104557,0.193183,0.31913,-0.251895,40.619846,45.355783,40.647727,1.55789,5689107.0
HK,01209,2026-01-16,0.188748,42.92454,43.61472,42.994915,42.386857,43.022549,42.986367,0.036181,0.26254,-0.452718,41.14166,45.365401,40.624429,1.534598,5970775.8
HK,01209,2026-01-19,-0.848009,42.07598,43.43484,42.93137,42.41097,42.735541,42.850859,-0.115317,0.186969,-0.604572,39.460689,45.424227,40.438513,1.485041,6249208.2
HK,01209,2026-01-20,2.850548,41.76316,43.25301,42.94115,42.460828,42.673181,42.812291,-0.13911,0.121753,-0.521727,47.203484,45.422937,40.459363,1.529795,6220100.8
HK,01209,2026-01-21,0.323174,41.7788,43.05358,42.935285,42.502865,42.641461,42.786714,-0.145253,0.068352,-0.42721,48.03802,45.420969,40.449601,1.500131,5373223.2
HK,01209,2026-01-22,-2.347941,41.78662,42.75053,42.890315,42.514597,42.461221,42.689172,-0.227952,0.009091,-0.474085,42.735682,45.446863,40.333767,1.489343,4981561.2
HK,01209,2026-01-23,-1.41452,41.66148,42.29301,42.7906,42.508405,42.218464,42.555404,-0.33694,-0.060115,-0.55365,39.942462,45.492776,40.088424,1.477933,5157500.0
HK,01209,2026-01-26,1.24354,41.70842,41.8922,42.72217,42.512968,42.091269,42.469204,-0.377934,-0.123679,-0.508511,43.395592,45.492409,39.951931,1.435209,5536043.0
HK,01209,2026-01-27,-0.047352,41.5168,41.63998,42.686,42.5436,41.980628,42.387937,-0.407309,-0.180405,-0.453808,43.292247,45.506458,39.865542,1.42068,6046107.4
HK,01209,2026-01-28,4.016958,41.6302,41.7045,42.716305,42.598997,42.142685,42.435793,-0.293108,-0.202946,-0.180325,53.421245,45.538044,39.894566,1.447689,6582214.2
HK,01209,2026-01-29,3.725659,42.26368,42.02515,42.84926,42.680463,42.526472,42.598868,-0.072396,-0.176836,0.20888,60.712086,45.768264,39.930256,1.532825,7199740.8
HK,01209,2026-01-30,1.445428,43.14352,42.4025,43.00861,42.790607,42.950476,42.797656,0.152821,-0.110904,0.527451,63.20788,46.089116,39.928104,1.515509,7402977.4
HK,01209,2026-02-02,-3.454094,43.60886,42.65864,43.04674,42.867838,43.068618,42.865859,0.20276,-0.048172,0.501863,54.216326,46.142528,39.950952,1.523173,6846321.6
HK,01209,2026-02-03,2.817349,44.32446,42.92063,43.08682,42.962992,43.358077,43.020247,0.33783,0.029029,0.617603,59.145038,46.258454,39.915186,1.524703,6292566.4
HK,01209,2026-02-04,3.436477,45.01662,43.32341,43.188495,43.089755,43.84065,43.277621,0.563029,0.135829,0.8544,64.331087,46.647243,39.729747,1.555453,5912610.2
HK,01209,2026-02-05,-0.336597,45.35682,43.81025,43.28039,43.181648,44.224904,43.504338,0.720565,0.252776,0.935579,63.452279,46.964028,39.596752,1.532328,5190148.2
HK,01209,2026-02-06,-2.194081,45.36464,44.25408,43.273545,43.230202,44.393626,43.63895,0.754676,0.353156,0.80304,57.916969,46.941443,39.605647,1.512254,4489763.0
HK,01209,2026-02-09,2.761156,45.93556,44.77221,43.332205,43.254968,44.728915,43.856287,0.872627,0.45705,0.831154,62.278795,47.167932,39.496478,1.524343,4227289.4
HK,01209,2026-02-10,-0.881627,46.17802,45.25124,43.44561,43.299287,44.949451,44.02711,0.92234,0.550108,0.744464,60.078466,47.470554,39.420666,1.479705,3546818.4
HK,01209,2026-02-11,1.948339,46.29142,45.65402,43.67926,43.352403,45.274428,44.251902,1.022525,0.644592,0.755867,63.149662,47.965727,39.392793,1.480154,3161518.0
HK,01209,2026-02-12,2.284868,46.65118,46.004,44.014575,43.434522,45.714839,44.539695,1.175144,0.750702,0.848884,66.470786,48.584849,39.444301,1.48615,3284576.0
HK,01209,2026-02-13,-2.477715,46.97574,46.17019,44.286345,43.499695,45.904002,44.717821,1.186181,0.837798,0.696766,60.010427,48.874718,39.697972,1.502897,3518055.6
HK,01209,2026-02-16,0.208332,47.06958,46.50257,44.580605,43.574318,46.079109,44.889997,1.189112,0.908061,0.562103,60.350721,49.082515,40.078695,1.448618,3167679.2
HK,01209,2026-02-20,-0.291015,47.21816,46.69809,44.80936,43.64112,46.206216,45.039279,1.166937,0.959836,0.414202,59.586352,49.295545,40.323175,1.396824,3798011.2
HK,01209,2026-02-23,1.709189,47.3472,46.81931,45.07136,43.725847,46.437106,45.236888,1.200218,1.007912,0.384611,62.57564,49.591671,40.551049,1.359894,3589332.8
HK,01209,2026-02-24,0.491752,47.3081,46.97964,45.394945,43.807965,46.668566,45.437237,1.231329,1.052596,0.357467,63.428127,49.76163,41.02826,1.340966,3500338.8
HK,01209,2026-02-25,-0.285556,47.48016,47.22795,45.741015,43.881937,46.843356,45.612605,1.230751,1.088227,0.285049,62.532964,49.700722,41.781308,1.372968,3247655.2
HK,01209,2026-02-26,-1.308658,47.50754,47.28856,46.030385,43.93766,46.895009,45.728641,1.166368,1.103855,0.125025,58.471848,49.490825,42.569945,1.372663,3761379.0
HK,01209,2026-02-27,-1.367555,47.43326,47.32571,46.288475,43.967967,46.839454,45.78829,1.051164,1.093317,-0.084306,54.537997,49.012257,43.564693,1.355616,3515908.2
HK,01209,2026-03-02,0.798128,47.27292,47.31006,46.48204,44.0276,46.849584,45.871032,0.978552,1.070364,-0.183623,56.358144,48.768279,44.195801,1.373308,3679063.0
HK,01209,2026-03-03,-2.125773,46.86624,47.08717,46.545585,44.054647,46.704756,45.873785,0.830971,1.022485,-0.383029,50.511222,48.689409,44.401761,1.356214,3316296.0
HK,01209,2026-03-04,-1.149904,46.38136,46.93076,46.550475,44.071918,46.500993,45.83723,0.663763,0.950741,-0.573956,47.690256,48.68317,44.41778,1.387828,3228221.2
HK,01209,2026-03-05,-1.594084,45.87692,46.69223,46.5974,44.082347,46.217287,45.749798,0.467488,0.85409,-0.773204,44.059005,48.508572,44.686228,1.440926,3209554.0
HK,01209,2026-03-06,2.014022,45.6814,46.55733,46.62771,44.10744,46.115596,45.735465,0.380131,0.759298,-0.758335,49.234526,48.450609,44.804811,1.452524,2739694.6
HK,01209,2026-03-09,-1.716777,45.25518,46.26405,46.54168,44.116565,45.909228,45.66426,0.244967,0.656432,-0.82293,45.308962,48.535902,44.547458,1.505186,2482613.0
HK,01209,2026-03-10,1.70299,45.18088,46.02356,46.5016,44.145893,45.851916,45.654811,0.197104,0.564567,-0.734925,49.533667,48.542242,44.460958,1.498223,2398692.8
HK,01209,2026-03-11,-1.588609,45.06748,45.72442,46.476185,44.190212,45.692129,45.592477,0.099651,0.471584,-0.743864,45.910289,48.586452,44.365918,1.481979,2255464.0
HK,01209,2026-03-12,-2.006993,44.91888,45.3979,46.34323,44.227035,45.418555,45.468138,-0.049583,0.36735,-0.833867,41.814832,48.729379,43.957081,1.482266,2112575.4
HK,01209,2026-03-13,-1.024049,44.50046,45.09093,46.20832,44.251475,45.117885,45.319698,-0.201813,0.253517,-0.910662,39.898361,48.905008,43.511632,1.482533,2443487.8
HK,01209,2026-03-16,1.034645,44.3284,44.79179,46.050925,44.265813,44.932657,45.215565,-0.282909,0.146232,-0.858282,42.725318,48.893498,43.208352,1.466023,2408243.2
HK,01209,2026-03-17,4.407716,44.39096,44.78592,45.936545,44.317625,45.073709,45.262523,-0.188814,0.079223,-0.536074,52.977494,48.613405,43.259685,1.519121,2797213.8
HK,01209,2026-03-18,0.213307,44.61776,44.84262,45.88669,44.389317,45.208108,45.313247,-0.10514,0.042351,-0.29498,53.431078,48.52345,43.24993,1.536298,2786624.2
HK,01209,2026-03-19,-3.57453,44.69596,44.80742,45.749825,44.4206,45.069153,45.238555,-0.169402,-0.0,-0.338804,45.494467,48.416461,43.083189,1.550856,2672376.2
HK,01209,2026-03-20,0.61799,44.91886,44.70966,45.633495,44.461335,44.993699,45.189677,-0.195978,-0.039196,-0.313565,46.910232,48.291333,42.975657,1.530859,2928247.2
HK,01209,2026-03-23,-4.122821,44.68424,44.50632,45.385185,44.463943,44.647099,45.008279,-0.36118,-0.103593,-0.515175,39.49441,48.147633,42.622737,1.57514,3553540.2
HK,01209,2026-03-24,3.933946,44.39878,44.39487,45.209215,44.498158,44.612499,44.964865,-0.352366,-0.153347,-0.398038,47.648162,47.736205,42.682225,1.607873,3861649.6
HK,01209,2026-03-25,1.804728,44.2541,44.43593,45.080175,44.537263,44.706561,44.984053,-0.277492,-0.178176,-0.198632,51.036305,47.30993,42.85042,1.624304,4159453.0
HK,01209,2026-03-26,-2.896698,44.1759,44.43593,44.916915,44.55649,44.584613,44.904783,-0.32017,-0.206575,-0.227189,45.81821,46.979955,42.853875,1.635375,4350733.0
HK,01209,2026-03-27,-1.202125,43.93736,44.42811,44.75952,44.577998,44.400211,44.79228,-0.392069,-0.243674,-0.296791,43.87159,46.78507,42.73397,1.626098,4203779.2
HK,01209,2026-03-30,-0.495782,44.02338,44.35381,44.5728,44.590382,44.211086,44.672178,-0.461092,-0.287157,-0.347869,43.06866,46.456218,42.689382,1.64402,4168503.4
HK,01209,2026-03-31,6.521754,44.33622,44.3675,44.57671,44.657185,44.484211,44.769528,-0.285316,-0.286789,0.002946,54.744019,46.471491,42.681929,1.77239,4398582.2
HK,01209,2026-04-01,-1.317998,44.3675,44.3108,44.57671,44.711932,44.622071,44.81477,-0.192699,-0.267971,0.150544,52.259417,46.471491,42.681929,1.865055,4246080.8
HK,01209,2026-04-02,0.904798,44.7429,44.4594,44.63341,44.759183,44.801891,44.887076,-0.085185,-0.231414,0.292458,53.789518,46.600871,42.665949,1.808651,4081771.2
HK,01209,2026-04-08,-0.170776,45.20824,44.5728,44.64123,44.785253,44.942015,44.948233,-0.006218,-0.186375,0.360314,53.438235,46.624481,42.657979,1.821911,3919001.2
HK,01209,2026-04-09,3.549998,46.04116,45.03227,44.769295,44.833157,45.310244,45.125068,0.185176,-0.112065,0.594481,59.368392,47.074933,42.463657,1.869139,3828793.8
HK,01209,2026-04-10,-1.94146,46.12718,45.2317,44.813285,44.865092,45.480437,45.22073,0.259708,-0.03771,0.594835,55.089414,47.207674,42.418896,1.854336,2925785.2
HK,01209,2026-04-13,-1.347797,46.2093,45.2884,44.862165,44.870632,45.528201,45.262964,0.265236,0.022879,0.484714,52.324656,47.294178,42.430152,1.793105,2637782.0
HK,01209,2026-04-14,4.611397,46.63162,45.68726,45.061595,44.912343,45.893477,45.458486,0.434992,0.105302,0.65938,59.680087,47.786386,42.336804,1.818648,2960187.0
HK,01209,2026-04-15,-1.591775,46.91708,46.06266,45.245385,44.966438,46.08525,45.583042,0.502208,0.184683,0.63505,56.302145,48.009981,42.480789,1.792094,2852906.2
HK,01209,2026-04-16,0.0,46.87798,46.45957,45.40669,45.045625,46.247519,45.698372,0.549147,0.257576,0.583142,56.302145,48.217785,42.595595,1.722745,2376810.4
HK,01209,2026-04-17,-0.290412,46.9953,46.56124,45.46437,45.138497,46.363763,45.795019,0.568744,0.319809,0.497869,55.646314,48.355639,42.573101,1.698849,2165133.0
HK,01209,2026-04-20,-0.166372,47.2221,46.7157,45.51325,45.228762,46.450091,45.878714,0.571378,0.370123,0.402509,55.25041,48.467884,42.558616,1.650124,2183332.6
HK,01209,2026-04-21,0.208418,47.04614,46.83888,45.64914,45.326523,46.538185,45.963453,0.574732,0.411045,0.327374,55.675145,48.618932,42.679348,1.596501,1714382.8
HK,01209,2026-04-22,-1.829542,46.85062,46.88385,45.728325,45.390393,46.480372,45.97819,0.502182,0.429272,0.145819,51.082168,48.663986,42.792664,1.569058,1699488.8
HK,01209,2026-04-23,-0.211861,46.63554,46.75676,45.894515,45.450353,46.416407,45.984591,0.431816,0.429781,0.00407,50.571414,48.491664,43.297366,1.512846,1496796.2
HK,01209,2026-04-24,-0.763927,46.37746,46.68638,45.95904,45.521067,46.308144,45.964451,0.343693,0.412563,-0.13774,48.685144,48.469338,43.448742,1.452272,1628859.2
HK,01209,2026-04-27,0.0,46.13502,46.67856,45.98348,45.601557,46.216538,45.945803,0.270735,0.384198,-0.226926,48.685144,48.474114,43.492846,1.414181,1708966.0
HK,01209,2026-04-28,-1.668245,45.7205,46.38332,46.03529,45.660863,46.021701,45.872047,0.149654,0.337289,-0.37527,44.512356,48.39102,43.67956,1.405347,1727293.2
HK,01209,2026-04-29,3.914786,45.82998,46.3403,46.20148,45.749825,46.127562,45.934103,0.19346,0.308523,-0.230127,54.255428,48.232793,44.170167,1.443229,1726435.2
HK,01209,2026-04-30,-1.967253,45.77524,46.20539,46.33248,45.795773,46.075768,45.923495,0.152273,0.277273,-0.25,49.379466,47.833953,44.831007,1.425334,2179153.2
HK,01209,2026-05-04,-0.042803,45.78696,46.08221,46.321725,45.814673,46.028927,45.912221,0.116706,0.24516,-0.256908,49.277738,47.835987,44.807463,1.412903,2037758.6
HK,01209,2026-05-05,-0.128028,45.78696,45.96099,46.338345,45.821843,45.980277,45.897442,0.082835,0.212695,-0.25972,48.953025,47.817808,44.858882,1.349688,1752488.0
HK,01209,2026-05-06,4.148738,46.31878,46.01964,46.42926,45.88669,46.23088,46.024239,0.206641,0.211484,-0.009685,58.486982,47.984516,44.874004,1.408296,1855446.0
HK,01209,2026-05-07,1.601581,46.65116,46.24057,46.56221,45.943717,46.560237,46.198125,0.362112,0.24161,0.241005,61.592877,48.294273,44.830147,1.381725,1973717.6
HK,01209,2026-05-08,1.45519,47.3081,46.54167,46.649215,45.98673,46.947216,46.411271,0.535945,0.300477,0.470936,64.251837,48.677415,44.621015,1.431073,1939820.6
HK,01209,2026-05-11,-0.099642,47.95918,46.87307,46.779725,46.031537,47.267137,46.605007,0.66213,0.372807,0.578645,63.920764,49.052415,44.507035,1.41614,2085520.0
HK,01209,2026-05-12,0.199483,48.64154,47.21425,46.946405,46.094918,47.552885,46.791636,0.761249,0.450496,0.621507,64.316784,49.387312,44.505498,1.39878,2439951.2
HK,01209,2026-05-13,0.0,48.9446,47.63169,47.007505,46.137443,47.794672,46.964441,0.830231,0.526443,0.607577,64.316784,49.597696,44.417314,1.360317,2576082.4
HK,01209,2026-05-14,-1.253753,48.97198,47.81157,47.075935,46.176547,47.904507,47.078823,0.825684,0.586291,0.478786,59.543315,49.747546,44.404324,1.407694,2369651.8
HK,01209,2026-05-15,-1.612291,48.70216,48.00513,47.10526,46.187625,47.877121,47.126799,0.750322,0.619097,0.26245,54.056796,49.791874,44.418646,1.404902,2170870.8
HK,01209,2026-05-18,-6.185872,47.85166,47.90542,46.993815,46.131577,47.399749,46.952532,0.447216,0.584721,-0.275009,39.325992,49.8666,44.12103,1.668359,3249811.6
HK,01209,2026-05-19,-0.043775,46.97768,47.80961,46.8853,46.09508,46.992803,46.789722,0.20308,0.508393,-0.610625,39.249522,49.919712,43.850888,1.638569,3526731.2
HK,01209,2026-05-20,-0.567986,46.05286,47.49873,46.759185,46.052717,46.609356,46.620143,-0.010787,0.404557,-0.830688,38.211726,49.965088,43.553282,1.599735,3520248.2
HK,01209,2026-05-21,-1.713468,45.09872,47.03535,46.63796,45.999927,46.167594,46.406644,-0.23905,0.275836,-1.029771,35.204764,50.098225,43.177695,1.57764,3607696.4
HK,01209,2026-05-22,-1.743339,44.1485,46.42533,46.4835,45.921067,45.676487,46.152477,-0.47599,0.12547,-1.202922,32.454403,50.290746,42.676254,1.606001,3772430.4
HK,01209,2026-05-26,-0.910056,43.71052,45.78109,46.32708,45.831778,45.200766,45.888168,-0.687402,-0.037104,-1.300596,31.111805,50.488712,42.165448,1.565301,2923285.6
HK,01209,2026-05-27,-2.571135,43.05748,45.01758,46.115915,45.726523,44.629787,45.562333,-0.932547,-0.216193,-1.432708,27.661769,50.779171,41.452659,1.55963,3159448.0
HK,01209,2026-05-28,-3.91136,42.13072,44.09179,45.86174,45.604648,43.896989,45.140427,-1.243438,-0.421642,-1.643593,23.501924,51.249364,40.474116,1.624192,4002161.6
HK,01209,2026-05-29,2.010706,41.51678,43.30775,45.55966,45.506887,43.400252,44.809151,-1.408899,-0.619093,-1.579612,29.168262,51.38308,39.73624,1.604543,5267749.4
HK,01209,2026-06-01,2.163607,41.23132,42.68991,45.34752,45.4176,43.115305,44.567592,-1.452286,-0.785732,-1.333109,34.871039,51.425351,39.269689,1.637975,6247942.0
HK,01209,2026-06-02,1.364683,41.13748,42.424,45.16471,45.354382,42.961428,44.385926,-1.424498,-0.913485,-1.022026,38.317361,51.3985,38.93092,1.60617,6860606.0
HK,01209,2026-06-03,-4.596214,40.87548,41.96648,44.888045,45.2677,42.533423,44.074331,-1.540908,-1.03897,-1.003876,32.076935,51.480812,38.295278,1.675793,7563503.6
HK,01209,2026-06-04,0.681444,40.9928,41.56176,44.530245,45.197638,42.213389,43.806099,-1.59271,-1.149718,-0.885985,33.721206,51.268577,37.791913,1.691565,7683345.8
HK,01209,2026-06-05,2.271514,41.13358,41.32518,44.180265,45.127902,42.08396,43.625803,-1.541843,-1.228143,-0.6274,39.053615,50.810393,37.550137,1.717382,7572245.6
HK,01209,2026-06-08,-0.756065,41.03582,41.13357,43.77945,45.065987,41.92632,43.435692,-1.509372,-1.284389,-0.449966,37.934771,50.141149,37.417751,1.724591,6884441.6
HK,01209,2026-06-09,-1.000017,40.74254,40.94001,43.36055,44.98452,41.729763,43.229248,-1.499485,-1.327408,-0.344154,36.458246,49.379096,37.342004,1.689391,6446183.6
HK,01209,2026-06-10,3.511305,41.12186,40.99867,43.008125,44.938898,41.78303,43.143822,-1.360792,-1.334085,-0.053414,44.539329,48.43136,37.58489,1.726535,5782731.6
HK,01209,2026-06-11,1.579998,41.57938,41.28609,42.68894,44.919347,41.930379,43.113969,-1.183589,-1.303985,0.240793,47.865151,47.329656,38.048224,1.721918,5830389.4
HK,01209,2026-06-12,-0.228821,41.83356,41.48357,42.39566,44.90566,42.040013,43.079082,-1.039069,-1.251002,0.423867,47.414688,46.192886,38.598434,1.746959,5935689.0
HK,01209,2026-06-15,-1.648571,42.0097,41.52276,42.106335,44.872762,42.024627,42.994706,-0.970079,-1.194817,0.449477,44.194998,45.011854,39.200816,1.743605,5876088.0
HK,01209,2026-06-16,-5.102527,41.83996,41.29125,41.857625,44.771937,41.682376,42.758061,-1.075684,-1.170991,0.190613,36.14808,44.656723,39.058527,1.856205,6829127.6
HK,01209,2026-06-17,-2.211055,41.20876,41.16531,41.565895,44.654815,41.257395,42.47376,-1.216364,-1.180066,-0.072598,33.450854,44.312158,38.819632,1.857905,6805290.4
HK,01209,2026-06-18,-0.20555,40.4286,41.00399,41.282875,44.563733,40.885488,42.204593,-1.319104,-1.207873,-0.222462,33.208266,43.925865,38.639885,1.773768,6146671.2
