country,code,time,raw_open,raw_high,raw_low,raw_close,adj_open,adj_high,adj_low,adj_close,volume,amount,adj_factor,float_shares,float_market_cap,total_shares,total_market_cap,turnover_rate
CN,001896,2016-06-23,8.56,8.61,8.47,8.54,8.5594,8.6094,8.4694,8.5394,6019231.0,51381677.2,0.999929742388759,6.61921546,56.5281,8.55275976,73.040568,0.007037764615055666
CN,001896,2016-06-24,8.53,8.61,8.08,8.33,8.5294,8.6094,8.0794,8.3294,9533672.0,80169485.6,0.9999279711884753,6.61921546,55.138065,8.55275976,71.244489,0.011146895584028422
CN,001896,2016-06-27,8.22,8.44,8.22,8.44,8.2194,8.4394,8.2194,8.4394,6814077.0,57224745.2,0.9999289099526066,6.61921546,55.866178,8.55275976,72.185292,0.00796710908666982
CN,001896,2016-06-28,8.36,8.65,8.36,8.62,8.3594,8.6494,8.3594,8.6194,9303343.0,79006779.4,0.9999303944315547,6.61921546,57.057637,8.55275976,73.724789,0.010877591866324091
CN,001896,2016-06-29,8.65,8.75,8.61,8.64,8.6494,8.7494,8.6094,8.6394,9832278.0,85284417.1,0.9999305555555555,6.61921546,57.190022,8.55275976,73.895844,0.011496029674519934
CN,001896,2016-06-30,8.67,8.71,8.58,8.62,8.6694,8.7094,8.5794,8.6194,6421444.0,55421795.3,0.9999303944315547,6.61921546,57.057637,8.55275976,73.724789,0.007508037382310384
CN,001896,2016-07-01,8.64,8.75,8.6,8.62,8.6394,8.7494,8.5994,8.6194,7387438.0,63934312.0,0.9999303944315547,6.61921546,57.057637,8.55275976,73.724789,0.008637490362525977
CN,001896,2016-07-04,8.6,8.77,8.55,8.74,8.5994,8.7694,8.5494,8.7394,10284923.0,89590703.4,0.9999313501144165,6.61921546,57.851943,8.55275976,74.75112,0.012025268204189567
CN,001896,2016-07-05,8.76,8.85,8.74,8.8,8.7594,8.8494,8.7394,8.7994,9819580.0,86387867.2,0.9999318181818181,6.61921546,58.249096,8.55275976,75.264286,0.011481183004724078
CN,001896,2016-07-06,8.81,8.83,8.7,8.83,8.8094,8.8294,8.6994,8.8294,9373150.0,82085479.6,0.9999320498301245,6.61921546,58.447673,8.55275976,75.520869,0.01095921113537743
CN,001896,2016-07-07,8.82,8.82,8.65,8.7,8.8194,8.8194,8.6494,8.6994,10239743.0,89370463.3,0.9999310344827588,6.61921546,57.587174,8.55275976,74.40901,0.011972443149741878
CN,001896,2016-07-08,8.7,8.72,8.65,8.67,8.6994,8.7194,8.6494,8.6694,6714153.0,58323150.6,0.9999307958477508,6.61921546,57.388598,8.55275976,74.152427,0.007850276622291095
CN,001896,2016-07-11,8.64,8.73,8.62,8.63,8.6394,8.7294,8.6194,8.6294,7651201.0,66460388.6,0.9999304750869061,6.61921546,57.123829,8.55275976,73.810317,0.008945885555892194
CN,001896,2016-07-12,8.78,9.49,8.78,9.49,8.7794,9.4893,8.7794,9.4893,41171678.0,379083675.3,0.9999262381454163,6.61921546,62.816355,8.55275976,81.16569,0.04813847127164016
CN,001896,2016-07-13,9.67,9.68,9.27,9.39,9.6693,9.6793,9.2693,9.3893,34867355.0,329030349.7,0.9999254526091587,6.61921546,62.154433,8.55275976,80.310414,0.04076737331389745
CN,001896,2016-07-14,9.35,9.43,9.25,9.32,9.3493,9.4293,9.2493,9.3193,16832676.0,156745301.9,0.9999248927038626,6.61921546,61.691088,8.55275976,79.711721,0.019680987742370537
CN,001896,2016-07-15,9.35,9.49,9.3,9.44,9.3493,9.4893,9.2993,9.4393,19819128.0,186257701.7,0.9999258474576271,6.61921546,62.485394,8.55275976,80.738052,0.023172786978878028
CN,001896,2016-07-18,9.49,9.64,9.41,9.45,9.4893,9.6393,9.4093,9.4493,20429832.0,194460579.5,0.9999259259259259,6.61921546,62.551586,8.55275976,80.82358,0.023886830184974117
CN,001896,2016-07-19,9.36,9.59,9.26,9.38,9.3593,9.5893,9.2593,9.3793,13218616.0,124145979.8,0.9999253731343284,6.61921546,62.088241,8.55275976,80.224887,0.01545538091905904
CN,001896,2016-07-20,9.36,9.43,9.3,9.33,9.3593,9.4293,9.2993,9.3293,8147016.0,76158228.3,0.999924973204716,6.61921546,61.75728,8.55275976,79.797249,0.00952559902138535
CN,001896,2016-07-21,9.33,9.4,9.31,9.32,9.3293,9.3993,9.3093,9.3193,9353518.0,87514171.8,0.9999248927038626,6.61921546,61.691088,8.55275976,79.711721,0.01093625714093482
CN,001896,2016-07-22,9.32,9.35,9.04,9.12,9.3193,9.3493,9.0393,9.1193,11294258.0,103857425.6,0.9999232456140352,6.61921546,60.367245,8.55275976,78.001169,0.013205396055693722
CN,001896,2016-07-25,9.12,9.23,9.1,9.16,9.1193,9.2293,9.0993,9.1593,5889814.0,53977182.1,0.9999235807860262,6.61921546,60.632014,8.55275976,78.343279,0.006886448544416965
CN,001896,2016-07-26,9.22,9.49,9.16,9.48,9.2193,9.4893,9.1593,9.4793,14252791.0,133728312.1,0.9999261603375528,6.61921546,62.750163,8.55275976,81.080163,0.016664552027590214
CN,001896,2016-07-27,9.43,9.56,8.88,9.02,9.4293,9.5593,8.8794,9.0193,19360277.0,177442623.1,0.9999223946784922,6.61921546,59.705323,8.55275976,77.145893,0.022636292311804626
CN,001896,2016-07-28,9.0,9.12,8.82,9.11,8.9994,9.1193,8.8194,9.1093,11959752.0,107477091.6,0.9999231613611416,6.61921546,60.301053,8.55275976,77.915641,0.013983500455530155
CN,001896,2016-07-29,9.07,9.09,8.9,8.97,9.0693,9.0893,8.8994,8.9694,6887678.0,61963044.6,0.9999331103678929,6.61921546,59.374363,8.55275976,76.718255,0.008053164350777929
CN,001896,2016-08-01,8.91,8.95,8.66,8.7,8.9094,8.9494,8.6594,8.6994,9747113.0,85208137.0,0.9999310344827588,6.61921546,57.587174,8.55275976,74.40901,0.011396453628436769
CN,001896,2016-08-02,8.69,8.76,8.66,8.76,8.6894,8.7594,8.6594,8.7594,6104975.0,53227618.8,0.999931506849315,6.61921546,57.984327,8.55275976,74.922175,0.007138017635608181
CN,001896,2016-08-03,8.73,8.85,8.69,8.84,8.7294,8.8494,8.6894,8.8394,7137799.0,62552659.8,0.9999321266968325,6.61921546,58.513865,8.55275976,75.606396,0.008345609137044204
CN,001896,2016-08-04,8.82,8.86,8.73,8.85,8.8194,8.8594,8.7294,8.8494,5981870.0,52634051.3,0.9999322033898305,6.61921546,58.580057,8.55275976,75.691924,0.006994081638977311
CN,001896,2016-08-05,8.84,8.85,8.71,8.79,8.8394,8.8494,8.7094,8.7894,6396180.0,56258783.5,0.9999317406143347,6.61921546,58.182904,8.55275976,75.178758,0.007478498378867126
CN,001896,2016-08-08,8.74,8.93,8.68,8.93,8.7394,8.9294,8.6794,8.9294,8441338.0,74467696.8,0.99993281075028,6.61921546,59.109594,8.55275976,76.376145,0.009869724202331622
CN,001896,2016-08-09,8.92,8.95,8.87,8.95,8.9194,8.9494,8.8694,8.9494,7025665.0,62694296.0,0.9999329608938549,6.61921546,59.241978,8.55275976,76.5472,0.008214500578933599
CN,001896,2016-08-10,8.96,8.99,8.85,8.86,8.9594,8.9894,8.8494,8.8594,7043033.0,62800896.2,0.9999322799097067,6.61921546,58.646249,8.55275976,75.777451,0.008234807474587593
CN,001896,2016-08-11,8.85,8.87,8.73,8.73,8.8494,8.8694,8.7294,8.7294,7229176.0,63514165.2,0.9999312714776631,6.61921546,57.785751,8.55275976,74.665593,0.008452448335810615
CN,001896,2016-08-12,8.74,8.98,8.72,8.98,8.7394,8.9794,8.7194,8.9794,8364521.0,74065052.6,0.9999331848552339,6.61921546,59.440555,8.55275976,76.803783,0.009779908748424847
CN,001896,2016-08-15,8.99,9.27,8.94,9.24,8.9894,9.2693,8.9394,9.2393,17413682.0,158770096.0,0.9999242424242424,6.61921546,61.161551,8.55275976,79.0275,0.02036030765349125
CN,001896,2016-08-16,9.23,9.28,9.16,9.25,9.2293,9.2793,9.1593,9.2493,12021213.0,110757093.9,0.9999243243243243,6.61921546,61.227743,8.55275976,79.113028,0.014055361470833595
CN,001896,2016-08-17,9.2,9.25,9.14,9.2,9.1993,9.2493,9.1393,9.1993,9499338.0,87270276.5,0.9999239130434783,6.61921546,60.896782,8.55275976,78.68539,0.011106751816445267
CN,001896,2016-08-18,9.19,9.29,9.15,9.23,9.1893,9.2893,9.1493,9.2293,8702981.0,80237607.3,0.9999241603466955,6.61921546,61.095359,8.55275976,78.941973,0.010175640663616628
CN,001896,2016-08-19,9.25,9.46,9.14,9.45,9.2493,9.4593,9.1393,9.4493,15461414.0,143794537.2,0.9999259259259259,6.61921546,62.551586,8.55275976,80.82358,0.018077690048434143
CN,001896,2016-08-22,9.38,9.43,9.17,9.19,9.3793,9.4293,9.1693,9.1893,11669407.0,108420629.1,0.999923830250272,6.61921546,60.83059,8.55275976,78.599862,0.013644025235662645
CN,001896,2016-08-23,9.15,9.29,9.13,9.23,9.1493,9.2893,9.1293,9.2293,6040163.0,55565217.6,0.9999241603466955,6.61921546,61.095359,8.55275976,78.941973,0.0070622385867178845
CN,001896,2016-08-24,9.24,9.24,9.15,9.22,9.2393,9.2393,9.1493,9.2193,5689450.0,52285000.6,0.9999240780911063,6.61921546,61.029167,8.55275976,78.856445,0.006652180301624653
CN,001896,2016-08-25,9.15,9.25,9.08,9.21,9.1493,9.2493,9.0793,9.2093,7236965.0,66430331.7,0.9999239956568947,6.61921546,60.962974,8.55275976,78.770917,0.008461555337782572
CN,001896,2016-08-26,9.2,9.25,9.14,9.15,9.1993,9.2493,9.1393,9.1493,6971947.0,64211171.7,0.9999234972677595,6.61921546,60.565821,8.55275976,78.257752,0.008151692781792808
CN,001896,2016-08-29,9.15,9.22,9.1,9.19,9.1493,9.2193,9.0993,9.1893,4828581.0,44275095.2,0.999923830250272,6.61921546,60.83059,8.55275976,78.599862,0.005645640863879473
CN,001896,2016-08-30,9.21,9.41,9.21,9.35,9.2093,9.4093,9.2093,9.3493,12260850.0,114454031.7,0.9999251336898396,6.61921546,61.889665,8.55275976,79.968304,0.014335548225430336
CN,001896,2016-08-31,9.32,9.37,9.25,9.37,9.3193,9.3693,9.2493,9.3693,6794878.0,63256842.2,0.9999252934898615,6.61921546,62.022049,8.55275976,80.139359,0.007944661361562667
CN,001896,2016-09-01,9.39,9.58,9.37,9.37,9.3893,9.5793,9.3693,9.3693,17018067.0,161582619.2,0.9999252934898615,6.61921546,62.022049,8.55275976,80.139359,0.019897749355232676
CN,001896,2016-09-02,9.32,9.4,9.27,9.29,9.3193,9.3993,9.2693,9.2893,8252212.0,76924030.6,0.9999246501614641,6.61921546,61.492512,8.55275976,79.455138,0.009648595577996218
CN,001896,2016-09-05,9.33,9.35,9.22,9.33,9.3293,9.3493,9.2193,9.3293,6406539.0,59495868.0,0.999924973204716,6.61921546,61.75728,8.55275976,79.797249,0.007490610258880929
CN,001896,2016-09-06,9.3,9.48,9.2,9.45,9.2993,9.4793,9.1993,9.4493,9731826.0,90922950.1,0.9999259259259259,6.61921546,62.551586,8.55275976,80.82358,0.011378579865547397
CN,001896,2016-09-07,9.42,9.7,9.42,9.55,9.4193,9.699300000000001,9.4193,9.5493,17869454.0,170929513.5,0.9999267015706806,6.61921546,63.213508,8.55275976,81.678856,0.02089320231298067
CN,001896,2016-09-08,9.55,9.6,9.47,9.56,9.5493,9.5993,9.4693,9.5593,8479700.0,80846185.9,0.9999267782426778,6.61921546,63.2797,8.55275976,81.764383,0.009914577560869076
CN,001896,2016-09-09,9.57,9.6,9.32,9.34,9.5693,9.5993,9.3193,9.3393,9748056.0,92348934.4,0.9999250535331906,6.61921546,61.823472,8.55275976,79.882776,0.01139755619652761
CN,001896,2016-09-12,9.21,9.21,8.93,8.96,9.2093,9.2093,8.9294,8.9594,11654841.0,105813752.2,0.9999330357142857,6.61921546,59.308171,8.55275976,76.632727,0.013626994475523534
CN,001896,2016-09-13,9.0,9.16,8.99,9.14,8.9994,9.1593,8.9894,9.1393,6954597.0,63108282.1,0.9999234135667396,6.61921546,60.499629,8.55275976,78.172224,0.00813140693197724
CN,001896,2016-09-26,9.3,9.95,9.24,9.45,9.2993,9.949300000000001,9.2393,9.4493,29655416.0,283942254.7,0.9999259259259259,6.61921546,62.551586,8.55275976,80.82358,0.03467350519851384
CN,001896,2016-09-27,9.4,9.52,9.1,9.34,9.3993,9.5193,9.0993,9.3393,16753717.0,155422710.3,0.9999250535331906,6.61921546,61.823472,8.55275976,79.882776,0.01958866783369114
CN,001896,2016-09-28,9.33,9.33,9.13,9.18,9.3293,9.3293,9.1293,9.1793,6575253.0,60415139.7,0.9999237472766884,6.61921546,60.764398,8.55275976,78.514335,0.007687872902441959
CN,001896,2016-09-29,9.18,9.24,9.08,9.09,9.1793,9.2393,9.0793,9.0893,8751468.0,80185426.7,0.9999229922992299,6.61921546,60.168669,8.55275976,77.744586,0.010232332306268356
CN,001896,2016-09-30,9.07,9.1,9.0,9.02,9.0693,9.0993,8.9994,9.0193,8804468.0,79522855.2,0.9999223946784922,6.61921546,59.705323,8.55275976,77.145893,0.010294300608298623
CN,001896,2016-10-10,9.12,9.19,9.03,9.19,9.1193,9.1893,9.0293,9.1893,10350775.0,94370432.3,0.999923830250272,6.61921546,60.83059,8.55275976,78.599862,0.01210226323485555
CN,001896,2016-10-11,9.2,9.23,9.17,9.23,9.1993,9.2293,9.1693,9.2293,9857366.0,90679096.0,0.9999241603466955,6.61921546,61.095359,8.55275976,78.941973,0.01152536289643192
CN,001896,2016-10-12,9.2,9.22,9.15,9.19,9.1993,9.2193,9.1493,9.1893,6952306.0,63858275.7,0.999923830250272,6.61921546,60.83059,8.55275976,78.599862,0.008128728264430988
CN,001896,2016-10-13,9.21,9.53,9.18,9.44,9.2093,9.5293,9.1793,9.4393,16976854.0,158897319.5,0.9999258474576271,6.61921546,62.485394,8.55275976,80.738052,0.01984956256973129
CN,001896,2016-10-14,9.39,9.48,9.29,9.44,9.3893,9.4793,9.2893,9.4393,10617941.0,99582827.2,0.9999258474576271,6.61921546,62.485394,8.55275976,80.738052,0.012414637260897409
CN,001896,2016-10-17,9.43,9.54,9.28,9.3,9.4293,9.5393,9.2793,9.2993,9502383.0,89403509.9,0.9999247311827957,6.61921546,61.558704,8.55275976,79.540666,0.011110312070778892
CN,001896,2016-10-18,9.3,9.48,9.25,9.48,9.2993,9.4793,9.2493,9.4793,9508500.0,89279826.7,0.9999261603375528,6.61921546,62.750163,8.55275976,81.080163,0.011117464148203783
CN,001896,2016-10-19,9.48,9.64,9.42,9.45,9.4793,9.6393,9.4193,9.4493,12290160.0,117072582.2,0.9999259259259259,6.61921546,62.551586,8.55275976,80.82358,0.01436981786566632
CN,001896,2016-10-20,9.43,9.49,9.35,9.38,9.4293,9.4893,9.3493,9.3793,8275641.0,77846366.8,0.9999253731343284,6.61921546,62.088241,8.55275976,80.224887,0.009675989075133333
CN,001896,2016-10-21,9.4,9.46,9.3,9.43,9.3993,9.4593,9.2993,9.4293,8265675.0,77531556.0,0.9999257688229056,6.61921546,62.419202,8.55275976,80.652525,0.009664336695925152
CN,001896,2016-10-24,9.43,9.58,9.35,9.54,9.4293,9.5793,9.3493,9.5393,12976169.0,123389374.7,0.9999266247379457,6.61921546,63.147315,8.55275976,81.593328,0.015171908675241451
CN,001896,2016-10-25,9.85,10.29,9.75,9.97,9.8493,10.2893,9.7493,9.9693,36406513.0,361403082.0,0.9999297893681043,6.61921546,65.993578,8.55275976,85.271015,0.042566977234959766
CN,001896,2016-10-26,9.86,9.95,9.66,9.72,9.8593,9.949300000000001,9.6593,9.7193,19461227.0,190190328.5,0.9999279835390946,6.61921546,64.338774,8.55275976,83.132825,0.0227543243889736
CN,001896,2016-10-27,9.73,9.79,9.62,9.72,9.7293,9.7893,9.619299999999999,9.7193,11444642.0,110928117.9,0.9999279835390946,6.61921546,64.338774,8.55275976,83.132825,0.013381227020458247
CN,001896,2016-10-28,9.76,9.87,9.62,9.73,9.7593,9.869299999999999,9.619299999999999,9.7293,18603950.0,181523879.5,0.9999280575539569,6.61921546,64.404966,8.55275976,83.218352,0.021751984765207524
CN,001896,2016-10-31,9.66,9.7,9.53,9.64,9.6593,9.699300000000001,9.5293,9.6393,10910261.0,104809885.0,0.9999273858921162,6.61921546,63.809237,8.55275976,82.448604,0.012756421676925481
CN,001896,2016-11-01,9.63,9.85,9.58,9.78,9.6293,9.8493,9.5793,9.7793,11905722.0,115567534.0,0.9999284253578732,6.61921546,64.735927,8.55275976,83.64599,0.013920327863856658
CN,001896,2016-11-02,9.71,9.76,9.59,9.59,9.7093,9.7593,9.5893,9.5893,12402591.0,119866588.0,0.9999270072992701,6.61921546,63.478276,8.55275976,82.020966,0.014501273680110942
CN,001896,2016-11-03,9.57,9.73,9.53,9.65,9.5693,9.7293,9.5293,9.6493,9089744.0,87704201.0,0.9999274611398964,6.61921546,63.875429,8.55275976,82.534132,0.0106278490862229
CN,001896,2016-11-04,9.64,9.68,9.52,9.55,9.6393,9.6793,9.5193,9.5493,9797072.0,93889060.0,0.9999267015706806,6.61921546,63.213508,8.55275976,81.678856,0.011454866352986395
CN,001896,2016-11-07,9.55,9.58,9.45,9.56,9.5493,9.5793,9.4493,9.5593,5685186.0,54136124.0,0.9999267782426778,6.61921546,63.2797,8.55275976,81.764383,0.00664719477634433
CN,001896,2016-11-08,9.61,9.64,9.53,9.57,9.6093,9.6393,9.5293,9.5693,8195370.0,78550415.0,0.999926854754441,6.61921546,63.345892,8.55275976,81.849911,0.009582135158675379
CN,001896,2016-11-09,9.57,9.57,9.31,9.4,9.5693,9.5693,9.3093,9.3993,11707017.0,110435557.0,0.9999255319148936,6.61921546,62.220625,8.55275976,80.395942,0.013687999345839218
CN,001896,2016-11-10,9.48,9.65,9.46,9.64,9.4793,9.6493,9.4593,9.6393,10186466.0,97542387.0,0.9999273858921162,6.61921546,63.809237,8.55275976,82.448604,0.011910150975642509
CN,001896,2016-11-11,9.61,9.8,9.61,9.73,9.6093,9.7993,9.6093,9.7293,14344548.0,139596564.0,0.9999280575539569,6.61921546,64.404966,8.55275976,83.218352,0.016771835527390047
CN,001896,2016-11-14,9.73,9.86,9.65,9.75,9.7293,9.8593,9.6493,9.7493,11675116.0,113861041.0,0.9999282051282051,6.61921546,64.537351,8.55275976,83.389408,0.013650700274083225
CN,001896,2016-11-15,9.76,9.85,9.68,9.82,9.7593,9.8493,9.6793,9.8193,9835785.0,96099889.0,0.999928716904277,6.61921546,65.000696,8.55275976,83.988101,0.011500130105373143
CN,001896,2016-11-16,9.84,9.85,9.71,9.73,9.8393,9.8493,9.7093,9.7293,8690384.0,84808447.0,0.9999280575539569,6.61921546,64.404966,8.55275976,83.218352,0.010160912084358603
CN,001896,2016-11-17,9.71,9.91,9.68,9.91,9.7093,9.9093,9.6793,9.9093,13207586.0,129520416.0,0.9999293642785065,6.61921546,65.596425,8.55275976,84.757849,0.01544248449695727
CN,001896,2016-11-18,9.94,9.97,9.72,9.74,9.9393,9.9693,9.7193,9.7393,11650871.0,114367736.0,0.9999281314168378,6.61921546,64.471159,8.55275976,83.30388,0.013622352698937494
CN,001896,2016-11-21,9.72,9.89,9.71,9.77,9.7193,9.8893,9.7093,9.7693,9712311.0,95143102.0,0.9999283520982599,6.61921546,64.669735,8.55275976,83.560463,0.011355762669054553
CN,001896,2016-11-22,9.81,9.99,9.78,9.99,9.8093,9.9893,9.7793,9.9893,15156623.0,150140024.0,0.9999299299299299,6.61921546,66.125962,8.55275976,85.44207,0.017721324374017022
CN,001896,2016-11-23,10.03,10.07,9.87,9.9,10.0293,10.0693,9.869299999999999,9.8993,13051070.0,129563956.0,0.9999292929292929,6.61921546,65.530233,8.55275976,84.672322,0.015259483916569169
CN,001896,2016-11-24,9.89,10.04,9.86,10.04,9.8893,10.0393,9.8593,10.0393,16055740.0,159960549.0,0.9999302788844623,6.61921546,66.456923,8.55275976,85.869708,0.01877258387998963
CN,001896,2016-11-25,10.05,10.24,9.91,10.22,10.0493,10.2393,9.9093,10.2193,23536646.0,237995711.0,0.9999315068493151,6.61921546,67.648382,8.55275976,87.409205,0.0275193582661791
CN,001896,2016-11-28,10.29,10.36,10.07,10.13,10.2893,10.3593,10.0693,10.1293,14813631.0,150647751.0,0.9999308983218164,6.61921546,67.052653,8.55275976,86.639456,0.01732029358439503
CN,001896,2016-11-29,10.16,10.21,9.96,9.96,10.1593,10.2093,9.9593,9.9593,19722249.0,198256122.0,0.999929718875502,6.61921546,65.927386,8.55275976,85.185487,0.023059514768832928
CN,001896,2016-11-30,9.91,9.96,9.8,9.83,9.9093,9.9593,9.7993,9.8293,13197975.0,130042973.0,0.9999287894201424,6.61921546,65.066888,8.55275976,84.073628,0.015431247188451366
CN,001896,2016-12-01,9.85,9.95,9.8,9.88,9.8493,9.949300000000001,9.7993,9.8793,10037668.0,99006144.0,0.9999291497975709,6.61921546,65.397849,8.55275976,84.501266,0.011736174383085909
CN,001896,2016-12-02,9.93,9.94,9.65,9.65,9.9293,9.9393,9.6493,9.6493,12717778.0,124406828.0,0.9999274611398964,6.61921546,63.875429,8.55275976,82.534132,0.014869794495431961
CN,001896,2016-12-05,9.58,9.74,9.53,9.72,9.5793,9.7393,9.5293,9.7193,8113002.0,78385621.0,0.9999279835390946,6.61921546,64.338774,8.55275976,83.132825,0.009485829402040867
CN,001896,2016-12-06,9.72,9.74,9.63,9.67,9.7193,9.7393,9.6293,9.6693,4629003.0,44833914.0,0.9999276111685625,6.61921546,64.007813,8.55275976,82.705187,0.005412291622698402
CN,001896,2016-12-07,9.69,9.8,9.64,9.8,9.6893,9.7993,9.6393,9.7993,6287637.0,61210634.0,0.9999285714285714,6.61921546,64.868312,8.55275976,83.817046,0.007351588465522384
CN,001896,2016-12-08,9.79,9.79,9.66,9.67,9.7893,9.7893,9.6593,9.6693,6116356.0,59509634.0,0.9999276111685625,6.61921546,64.007813,8.55275976,82.705187,0.007151324451559246
CN,001896,2016-12-09,9.66,9.75,9.64,9.68,9.6593,9.7493,9.6393,9.6793,5973921.0,57942253.0,0.9999276859504133,6.61921546,64.074006,8.55275976,82.790714,0.0069847875628860166
CN,001896,2016-12-12,9.69,10.17,9.59,9.66,9.6893,10.1693,9.5893,9.6593,25330930.0,249281985.0,0.999927536231884,6.61921546,63.941621,8.55275976,82.619659,0.02961725888580319
CN,001896,2016-12-13,9.61,9.98,9.18,9.94,9.6093,9.9793,9.1793,9.9393,18310918.0,175806265.0,0.9999295774647887,6.61921546,65.795002,8.55275976,85.014432,0.021409367869348404
CN,001896,2016-12-14,9.83,10.4,9.8,10.24,9.8293,10.3993,9.7993,10.2393,43454775.0,441611686.0,0.999931640625,6.61921546,67.780766,8.55275976,87.58026,0.05080789852560993
CN,001896,2016-12-15,10.16,10.43,10.03,10.42,10.1593,10.4292,10.0293,10.4192,31402088.0,321409399.0,0.9999232245681382,6.61921546,68.972225,8.55275976,89.119757,0.03671573723707632
CN,001896,2016-12-16,10.32,10.49,10.18,10.22,10.3193,10.4892,10.1793,10.2193,21115914.0,217794244.0,0.9999315068493151,6.61921546,67.648382,8.55275976,87.409205,0.024689006347116193
CN,001896,2016-12-19,10.25,10.43,10.17,10.4,10.2493,10.4292,10.1693,10.3993,19998363.0,206006265.0,0.9999326923076923,6.61921546,68.839841,8.55275976,88.948701,0.02338235091499869
CN,001896,2016-12-20,10.36,10.38,10.08,10.14,10.3593,10.3793,10.0793,10.1393,15740383.0,160474034.0,0.999930966469428,6.61921546,67.118845,8.55275976,86.724984,0.018403864298416818
CN,001896,2016-12-21,10.17,10.55,10.08,10.48,10.1693,10.5492,10.0793,10.4792,21399153.0,220264070.0,0.9999236641221374,6.61921546,69.369378,8.55275976,89.632922,0.025020173137658665
CN,001896,2016-12-22,10.5,10.52,10.28,10.32,10.4992,10.5192,10.2793,10.3193,23207641.0,241132413.0,0.9999321705426356,6.61921546,68.310304,8.55275976,88.264481,0.02713468126222687
CN,001896,2016-12-23,10.32,10.55,10.12,10.14,10.3193,10.5492,10.1193,10.1393,35669153.0,370036300.0,0.999930966469428,6.61921546,67.118845,8.55275976,86.724984,0.04170484615599678
CN,001896,2016-12-26,10.0,10.15,9.9,10.1,9.9993,10.1493,9.8993,10.0993,17564094.0,176054092.0,0.9999306930693069,6.61921546,66.854076,8.55275976,86.382874,0.020536171356226658
CN,001896,2016-12-27,10.08,10.18,9.96,10.12,10.0793,10.1793,9.9593,10.1193,12570280.0,126619854.0,0.9999308300395259,6.61921546,66.98646,8.55275976,86.553929,0.014697337880094972
CN,001896,2016-12-28,10.07,10.16,9.96,9.97,10.0693,10.1593,9.9593,9.9693,10265924.0,103415766.0,0.9999297893681043,6.61921546,65.993578,8.55275976,85.271015,0.012003054321731583
CN,001896,2016-12-29,9.95,10.04,9.87,9.89,9.949300000000001,10.0393,9.869299999999999,9.8893,8801021.0,87585455.0,0.9999292214357938,6.61921546,65.464041,8.55275976,84.586794,0.010290270330240164
CN,001896,2016-12-30,9.91,10.07,9.91,10.01,9.9093,10.0693,9.9093,10.0093,8655790.0,86631168.0,0.9999300699300699,6.61921546,66.258347,8.55275976,85.613125,0.010120464321331527
CN,001896,2017-01-03,10.07,10.45,10.07,10.31,10.0693,10.4492,10.0693,10.3093,20725659.0,213283798.0,0.9999321047526673,6.61921546,68.244111,8.55275976,88.178953,0.0242327150318554
CN,001896,2017-01-04,10.29,10.45,10.24,10.39,10.2893,10.4492,10.2393,10.3893,17524322.0,181612996.0,0.9999326275264677,6.61921546,68.773649,8.55275976,88.863174,0.020489669407012547
CN,001896,2017-01-05,10.4,10.58,10.27,10.31,10.3993,10.5792,10.2693,10.3093,32551138.0,339135356.0,0.9999321047526673,6.61921546,68.244111,8.55275976,88.178953,0.038059221717224985
CN,001896,2017-01-06,10.31,10.75,10.26,10.61,10.3093,10.7492,10.2593,10.6092,56769577.0,599752412.0,0.9999245994344957,6.61921546,70.229876,8.55275976,90.744781,0.0663757413899347
CN,001896,2017-01-09,10.64,10.98,10.5,10.92,10.6392,10.9792,10.4992,10.9192,52464082.0,565728881.0,0.99992673992674,6.61921546,72.281833,8.55275976,93.396137,0.06134169960597606
CN,001896,2017-01-10,10.84,10.88,10.64,10.7,10.8392,10.8792,10.6392,10.6992,30480762.0,327786731.0,0.9999252336448599,6.61921546,70.825605,8.55275976,91.514529,0.035638510674126544
CN,001896,2017-01-11,10.76,10.85,10.5,10.66,10.7592,10.8492,10.4992,10.6592,27668259.0,295155659.0,0.9999249530956849,6.61921546,70.560837,8.55275976,91.172419,0.03235009491252212
CN,001896,2017-01-12,10.6,10.82,10.56,10.73,10.5992,10.8192,10.5592,10.7292,19953046.0,213204033.0,0.9999254426840634,6.61921546,71.024182,8.55275976,91.771112,0.02332936567833632
CN,001896,2017-01-13,10.65,10.75,10.22,10.33,10.6492,10.7492,10.2193,10.3293,25210846.0,264162488.0,0.9999322362052275,6.61921546,68.376496,8.55275976,88.350008,0.029476855082388047
CN,001896,2017-01-16,10.27,10.43,9.75,10.19,10.2693,10.4292,9.7493,10.1893,29781288.0,301986817.0,0.9999313052011776,6.61921546,67.449806,8.55275976,87.152622,0.034820676408195986
CN,001896,2017-01-17,10.1,10.36,9.96,10.33,10.0993,10.3593,9.9593,10.3293,17870086.0,181826230.0,0.9999322362052275,6.61921546,68.376496,8.55275976,88.350008,0.020893941255752047
CN,001896,2017-01-18,10.34,10.54,10.24,10.35,10.3393,10.5392,10.2393,10.3493,18545904.0,193032268.0,0.9999323671497584,6.61921546,68.50888,8.55275976,88.521064,0.02168411661313868
CN,001896,2017-01-19,10.3,10.35,10.08,10.13,10.2993,10.3493,10.0793,10.1293,14522303.0,148192866.0,0.9999308983218164,6.61921546,67.052653,8.55275976,86.639456,0.016979669027906846
CN,001896,2017-01-20,10.13,10.43,10.1,10.41,10.1293,10.4292,10.0993,10.4093,17102170.0,176254083.0,0.9999327569644573,6.61921546,68.906033,8.55275976,89.034229,0.019996083696848743
CN,001896,2017-01-23,10.39,10.67,10.39,10.6,10.3893,10.6692,10.3893,10.5992,19578018.0,206051101.0,0.9999245283018868,6.61921546,70.163684,8.55275976,90.659253,0.022890877973170146
CN,001896,2017-01-24,10.54,10.61,10.48,10.56,10.5392,10.6092,10.4792,10.5592,12086900.0,127421935.0,0.9999242424242424,6.61921546,69.898915,8.55275976,90.317143,0.014132163581314014
CN,001896,2017-01-25,10.54,10.75,10.51,10.68,10.5392,10.7492,10.5092,10.6792,14706179.0,156729819.0,0.9999250936329588,6.61921546,70.693221,8.55275976,91.343474,0.017194659282701516
CN,001896,2017-01-26,10.7,10.74,10.56,10.63,10.6992,10.7392,10.5592,10.6292,11385400.0,121016897.0,0.9999247412982126,6.61921546,70.36226,8.55275976,90.915836,0.013311960489347357
CN,001896,2017-02-03,10.63,10.64,10.47,10.63,10.6292,10.6392,10.4692,10.6292,11167710.0,117675945.0,0.9999247412982126,6.61921546,70.36226,8.55275976,90.915836,0.013057434457857377
CN,001896,2017-02-06,10.63,10.81,10.53,10.8,10.6292,10.8092,10.5292,10.7992,17419336.0,186176910.0,0.9999259259259259,6.61921546,71.487527,8.55275976,92.369805,0.020366918385183307
CN,001896,2017-02-07,10.78,10.83,10.61,10.73,10.7792,10.8292,10.6092,10.7292,16649801.0,178466736.0,0.9999254426840634,6.61921546,71.024182,8.55275976,91.771112,0.019467167870034968
CN,001896,2017-02-08,10.73,10.76,10.53,10.75,10.7292,10.7592,10.5292,10.7492,17819149.0,189533965.0,0.9999255813953488,6.61921546,71.156566,8.55275976,91.942167,0.020834385040647975
CN,001896,2017-02-09,10.76,11.1,10.68,11.02,10.7592,11.0992,10.6792,11.0192,35242219.0,383848476.0,0.9999274047186933,6.61921546,72.943754,8.55275976,94.251413,0.041205669268091306
CN,001896,2017-02-10,11.02,11.06,10.85,10.91,11.0192,11.0592,10.8492,10.9092,26192011.0,286499277.0,0.9999266727772685,6.61921546,72.215641,8.55275976,93.310609,0.03062404619675649
CN,001896,2017-02-13,10.89,10.97,10.68,10.77,10.8892,10.9692,10.6792,10.7692,33395000.0,360411185.0,0.9999257195914577,6.61921546,71.28895,8.55275976,92.113223,0.03904587634529792
CN,001896,2017-02-14,10.76,10.85,10.66,10.84,10.7592,10.8492,10.6592,10.8392,21826955.0,234279605.0,0.9999261992619927,6.61921546,71.752296,8.55275976,92.711916,0.025520364902661543
CN,001896,2017-02-15,10.77,10.98,10.62,10.65,10.7692,10.9792,10.6192,10.6492,30498310.0,330676630.0,0.999924882629108,6.61921546,70.494645,8.55275976,91.086891,0.03565902802816479
CN,001896,2017-02-16,10.6,10.71,10.55,10.7,10.5992,10.7092,10.5492,10.6992,17664015.0,187917593.0,0.9999252336448599,6.61921546,70.825605,8.55275976,91.514529,0.020653000312965644
CN,001896,2017-02-17,10.66,10.83,10.58,10.65,10.6592,10.8292,10.5792,10.6492,17316402.0,185010710.0,0.999924882629108,6.61921546,70.494645,8.55275976,91.086891,0.02024656658893456
CN,001896,2017-02-20,10.65,11.1,10.65,11.1,10.6492,11.0992,10.6492,11.0992,37113635.0,406211115.0,0.999927927927928,6.61921546,73.473292,8.55275976,94.935633,0.043393753643794615
CN,001896,2017-02-21,11.14,11.19,10.95,11.02,11.1392,11.1892,10.9492,11.0192,21729131.0,239501555.0,0.9999274047186933,6.61921546,72.943754,8.55275976,94.251413,0.02540598778609911
CN,001896,2017-02-22,11.04,12.12,11.01,12.12,11.0392,12.1191,11.0092,12.1191,28483014.0,333013080.0,0.9999257425742575,6.61921546,80.224891,8.55275976,103.659448,0.03330271725064799
CN,001896,2017-02-23,12.4,13.09,11.94,11.97,12.3991,13.0891,11.9391,11.9691,115307790.0,1427888367.0,0.9999248120300751,6.61921546,79.232009,8.55275976,102.376534,0.13481939541816382
CN,001896,2017-02-24,11.79,12.45,11.71,12.14,11.7891,12.4491,11.7092,12.1391,59816028.0,724707922.0,0.9999258649093903,6.61921546,80.357276,8.55275976,103.830503,0.06993769225198018
CN,001896,2017-02-27,12.0,12.09,11.53,11.56,11.9991,12.0891,11.5292,11.5592,41833915.0,493259666.0,0.9999307958477509,6.61921546,76.518131,8.55275976,98.869903,0.048912767543934844
CN,001896,2017-02-28,11.53,12.7,11.48,12.53,11.5292,12.6991,11.4792,12.5291,73373216.0,894083900.0,0.999928172386273,6.61921546,82.93877,8.55275976,107.16608,0.08578893603811455
CN,001896,2017-03-01,12.4,12.47,12.17,12.3,12.3991,12.4691,12.1691,12.2991,43336119.0,533200315.0,0.9999268292682926,6.61921546,81.41635,8.55275976,105.198945,0.05066916435870986
CN,001896,2017-03-02,12.2,12.83,12.14,12.19,12.1991,12.8291,12.1391,12.1891,50976659.0,635001119.0,0.9999261689909762,6.61921546,80.688236,8.55275976,104.258141,0.05960258493218801
CN,001896,2017-03-03,12.04,12.65,11.97,12.45,12.0391,12.6491,11.9691,12.4491,37393598.0,460784995.0,0.9999277108433735,6.61921546,82.409232,8.55275976,106.481859,0.043721090091743665
CN,001896,2017-03-06,12.55,12.64,12.26,12.5,12.5491,12.6391,12.2591,12.4991,28234255.0,350974414.0,0.999928,6.61921546,82.740193,8.55275976,106.909497,0.03301186493282257
CN,001896,2017-03-07,12.41,12.43,12.13,12.19,12.4091,12.4291,12.1291,12.1891,28628421.0,350995150.0,0.9999261689909762,6.61921546,80.688236,8.55275976,104.258141,0.0334727290410879
CN,001896,2017-03-08,12.1,12.1,11.8,11.83,12.0991,12.0991,11.7991,11.8291,31388002.0,373686831.0,0.9999239222316145,6.61921546,78.305319,8.55275976,101.179148,0.03669926769929522
CN,001896,2017-03-09,11.85,12.03,11.71,11.88,11.8491,12.0291,11.7092,11.8791,22336189.0,265561029.0,0.9999242424242423,6.61921546,78.63628,8.55275976,101.606786,0.026115768040700815
CN,001896,2017-03-10,11.87,11.96,11.68,11.69,11.8691,11.9591,11.6792,11.6892,19770976.0,232722447.0,0.9999315654405475,6.61921546,77.378629,8.55275976,99.981762,0.02311648702266366
CN,001896,2017-03-13,11.74,11.98,11.39,11.98,11.7392,11.9791,11.3892,11.9791,23808199.0,279503532.0,0.9999248747913189,6.61921546,79.298201,8.55275976,102.462062,0.02783686163073052
CN,001896,2017-03-14,11.96,12.06,11.78,12.02,11.9591,12.0591,11.7792,12.0191,20774737.0,247777129.0,0.9999251247920133,6.61921546,79.56297,8.55275976,102.804172,0.024290097679535428
CN,001896,2017-03-15,12.01,12.32,11.88,12.04,12.0091,12.3191,11.8791,12.0391,23021506.0,279114387.0,0.9999252491694353,6.61921546,79.695354,8.55275976,102.975228,0.026917049754709814
CN,001896,2017-03-16,12.07,12.24,12.03,12.17,12.0691,12.2391,12.0291,12.1691,18123666.0,219695061.0,0.9999260476581758,6.61921546,80.555852,8.55275976,104.087086,0.021190430350635732
CN,001896,2017-03-17,12.21,12.35,11.7,11.72,12.2091,12.3491,11.6992,11.7192,27673966.0,331792971.0,0.9999317406143344,6.61921546,77.577205,8.55275976,100.238344,0.03235676761251621
CN,001896,2017-03-20,11.65,11.77,11.42,11.62,11.6492,11.7692,11.4192,11.6192,20518719.0,237991963.0,0.9999311531841653,6.61921546,76.915284,8.55275976,99.383068,0.02399075804275835
CN,001896,2017-03-21,11.62,11.8,11.52,11.75,11.6192,11.7991,11.5192,11.7492,15359910.0,179294138.0,0.999931914893617,6.61921546,77.775782,8.55275976,100.494927,0.017959010227126967
CN,001896,2017-03-22,11.67,11.84,11.6,11.63,11.6692,11.8391,11.5992,11.6292,12340997.0,144124383.0,0.9999312123817713,6.61921546,76.981476,8.55275976,99.468596,0.014429257159445805
CN,001896,2017-03-23,11.62,11.66,11.21,11.51,11.6192,11.6592,11.2092,11.5092,19751565.0,226840181.0,0.9999304952215465,6.61921546,76.18717,8.55275976,98.442265,0.02309379142434839
CN,001896,2017-03-24,11.5,11.63,11.4,11.6,11.4992,11.6292,11.3992,11.5992,11995104.0,138276676.0,0.9999310344827587,6.61921546,76.782899,8.55275976,99.212013,0.014024834482197589
CN,001896,2017-03-27,11.61,11.75,11.45,11.67,11.6092,11.7492,11.4492,11.6692,16132283.0,187277030.0,0.9999314481576692,6.61921546,77.246244,8.55275976,99.810706,0.018862078969467042
CN,001896,2017-03-28,11.71,11.87,11.6,11.67,11.7092,11.8691,11.5992,11.6692,13653213.0,160157382.0,0.9999314481576692,6.61921546,77.246244,8.55275976,99.810706,0.0159635174880675
CN,001896,2017-03-29,11.65,11.73,11.42,11.43,11.6492,11.7292,11.4192,11.4292,13273045.0,153348092.0,0.9999300087489064,6.61921546,75.657633,8.55275976,97.758044,0.015519020026817635
CN,001896,2017-03-30,11.41,11.85,11.25,11.77,11.4092,11.8491,11.2492,11.7692,29744091.0,346292742.0,0.9999320305862363,6.61921546,77.908166,8.55275976,100.665982,0.03477718518308995
CN,001896,2017-03-31,11.69,12.3,11.68,11.86,11.6892,12.2991,11.6792,11.8591,34783723.0,417927566.0,0.9999241146711636,6.61921546,78.503895,8.55275976,101.435731,0.04066958967172018
CN,001896,2017-04-05,11.53,11.53,10.67,11.02,11.5292,11.5292,10.6692,11.0192,42565955.0,465879271.0,0.9999274047186933,6.61921546,72.943754,8.55275976,94.251413,0.049768678408429884
CN,001896,2017-04-06,10.94,11.11,10.81,10.86,10.9392,11.1092,10.8092,10.8592,23237319.0,254270708.0,0.999926335174954,6.61921546,71.88468,8.55275976,92.882971,0.027169381172937327
CN,001896,2017-04-07,10.84,10.84,10.62,10.73,10.8392,10.8392,10.6192,10.7292,20062288.0,214997920.0,0.9999254426840634,6.61921546,71.024182,8.55275976,91.771112,0.02345709287173991
CN,001896,2017-04-10,10.72,10.88,10.66,10.77,10.7192,10.8792,10.6592,10.7692,14878646.0,159950724.0,0.9999257195914577,6.61921546,71.28895,8.55275976,92.113223,0.017396309983574235
CN,001896,2017-04-11,10.77,10.77,10.2,10.48,10.7692,10.7692,10.1993,10.4792,26645699.0,278668119.0,0.9999236641221374,6.61921546,69.369378,8.55275976,89.632922,0.03115450421584155
CN,001896,2017-04-12,10.43,10.62,10.3,10.42,10.4292,10.6192,10.2993,10.4192,13882454.0,145273538.0,0.9999232245681382,6.61921546,68.972225,8.55275976,89.119757,0.01623154910176034
CN,001896,2017-04-13,10.4,10.55,10.36,10.45,10.3993,10.5492,10.3593,10.4492,9353462.0,97639592.0,0.9999234449760765,6.61921546,69.170802,8.55275976,89.376339,0.010936191664993053
CN,001896,2017-04-14,10.18,10.19,9.41,9.41,10.1793,10.1893,9.4093,9.4093,43174538.0,413661586.0,0.9999256110520722,6.61921546,62.286817,8.55275976,80.481469,0.05048024171323151
CN,001896,2017-04-17,9.1,9.12,8.66,8.95,9.0993,9.1193,8.6594,8.9494,21093652.0,187584197.0,0.9999329608938549,6.61921546,59.241978,8.55275976,76.5472,0.02466297732183699
CN,001896,2017-04-18,8.99,9.03,8.63,8.66,8.9894,9.0293,8.6294,8.6594,14656842.0,129523726.0,0.9999307159353348,6.61921546,57.322406,8.55275976,74.0669,0.017136973808790812
CN,001896,2017-04-19,8.67,8.84,8.56,8.81,8.6694,8.8394,8.5594,8.8094,14388826.0,125403933.0,0.9999318955732123,6.61921546,58.315288,8.55275976,75.349813,0.016823605951489976
CN,001896,2017-04-20,8.81,8.83,8.37,8.55,8.8094,8.8294,8.3694,8.5494,15162926.0,130645397.0,0.9999298245614034,6.61921546,56.594292,8.55275976,73.126096,0.01772869392510564
CN,001896,2017-04-21,8.55,8.57,8.33,8.38,8.5494,8.5694,8.3294,8.3794,12050664.0,101454509.0,0.9999284009546539,6.61921546,55.469026,8.55275976,71.672127,0.014089795970137244
CN,001896,2017-04-24,8.37,8.37,7.95,8.0,8.3694,8.3694,7.9494,7.9994,12198310.0,98617943.0,0.999925,6.61921546,52.953724,8.55275976,68.422078,0.01426242562903462
CN,001896,2017-04-25,7.97,8.15,7.97,8.03,7.9694,8.1494,7.9694,8.0294,8212603.0,66310388.0,0.999925280199253,6.61921546,53.1523,8.55275976,68.678661,0.009602284210541183
CN,001896,2017-04-26,8.19,8.36,8.12,8.18,8.1894,8.3594,8.1194,8.1794,11468717.0,94573477.0,0.9999266503667481,6.61921546,54.145182,8.55275976,69.961575,0.013409375829352184
CN,001896,2017-04-27,8.13,8.34,7.9,8.28,8.1294,8.3394,7.8994,8.2794,14450898.0,117164318.0,0.9999275362318842,6.61921546,54.807104,11.50587847,95.268674,0.012559578164916946
CN,001896,2017-04-28,8.26,8.27,8.15,8.24,8.2594,8.2694,8.1494,8.2394,8071095.0,66346172.0,0.9999271844660194,6.61921546,54.542335,11.50587847,94.808439,0.0070147577353995814
CN,001896,2017-05-02,8.21,8.34,8.17,8.28,8.2094,8.3394,8.1694,8.2794,6786561.0,56085585.0,0.9999275362318842,6.61921546,54.807104,11.50587847,95.268674,0.005898342327963073
CN,001896,2017-05-03,8.27,8.29,8.07,8.14,8.2694,8.2894,8.0694,8.1394,8140153.0,66315935.0,0.9999262899262898,6.61921546,53.880414,11.50587847,93.657851,0.007074777489806044
CN,001896,2017-05-04,8.12,8.21,8.02,8.08,8.1194,8.2094,8.0194,8.0794,7345583.0,59659610.0,0.9999257425742574,6.61921546,53.483261,11.50587847,92.967498,0.006384200058389805
CN,001896,2017-05-05,8.05,8.12,7.82,7.87,8.0494,8.1194,7.8194,7.8694,9048586.0,72263789.0,0.9999237611181703,6.61921546,52.093226,11.50587847,90.551264,0.00786431563969057
CN,001896,2017-05-08,7.8,7.98,7.7,7.8,7.7994,7.9794,7.6994,7.7994,7937390.0,62465633.0,0.999923076923077,6.61921546,51.629881,11.50587847,89.745852,0.006898551919086974
CN,001896,2017-05-09,7.79,8.09,7.79,7.97,7.7894,8.0894,7.7894,7.9694,8955823.0,71154987.0,0.9999247176913426,6.61921546,52.755147,11.50587847,91.701851,0.007783693373218811
CN,001896,2017-05-10,7.99,8.03,7.58,7.58,7.9894,8.0294,7.5795,7.5795,9162716.0,71929440.0,0.999934036939314,6.61921546,50.173653,11.50587847,87.214559,0.007963508413451894
CN,001896,2017-05-11,7.59,7.59,7.12,7.39,7.5895,7.5895,7.1195,7.3895,15188596.0,111543918.0,0.9999323410013532,6.61921546,48.916002,11.50587847,85.028442,0.01320072694979543
CN,001896,2017-05-12,7.35,7.45,7.24,7.34,7.3495,7.4495000000000005,7.2395,7.3395,8569219.0,63024463.0,0.9999318801089918,6.61921546,48.585041,11.50587847,84.453148,0.007447687738353107
CN,001896,2017-05-15,7.36,7.39,7.23,7.24,7.3595,7.3895,7.2295,7.2395,5712400.0,41800030.0,0.9999309392265192,6.61921546,47.92312,11.50587847,83.30256,0.004964766501657652
CN,001896,2017-05-16,7.2,7.37,7.0,7.35,7.1995000000000005,7.3695,6.9995,7.3495,9797250.0,70366981.0,0.9999319727891157,6.61921546,48.651234,11.50587847,84.568207,0.008514995204881562
CN,001896,2017-05-17,7.33,7.47,7.3,7.37,7.3295,7.4695,7.2995,7.3695,9186538.0,67880430.0,0.999932157394844,6.61921546,48.783618,11.50587847,84.798324,0.00798421261266807
CN,001896,2017-05-18,7.3,7.42,7.23,7.31,7.2995,7.4195,7.2295,7.3095,5921356.0,43418225.0,0.9999316005471957,6.61921546,48.386465,11.50587847,84.107972,0.005146374538405845
CN,001896,2017-05-19,7.28,7.44,7.28,7.39,7.2795,7.4395,7.2795,7.3895,7399958.0,54529172.0,0.9999323410013532,6.61921546,48.916002,11.50587847,85.028442,0.006431458509921146
CN,001896,2017-05-22,7.37,7.37,7.01,7.05,7.3695,7.3695,7.0095,7.0495,8691052.0,62538572.0,0.9999290780141844,6.61921546,46.665469,11.50587847,81.116443,0.0075535753507745855
CN,001896,2017-05-23,7.02,7.08,6.59,6.6,7.0195,7.0795,6.5895,6.5995,15563301.0,105898747.0,0.9999242424242425,6.61921546,43.686822,11.50587847,75.938798,0.01352639091450442
CN,001896,2017-05-24,6.55,6.79,6.55,6.72,6.5495,6.7895,6.5495,6.7195,10215727.0,68325616.0,0.9999255952380953,6.61921546,44.481128,11.50587847,77.319503,0.008878702331713399
CN,001896,2017-05-25,6.7,6.88,6.65,6.82,6.6995000000000005,6.8795,6.6495,6.8195,8729674.0,59066265.0,0.9999266862170088,6.61921546,45.143049,11.50587847,78.470091,0.007587142540016764
CN,001896,2017-05-26,6.8,6.95,6.8,6.8,6.7995,6.9495000000000005,6.7995,6.7995,6294741.0,43262028.0,0.9999264705882354,6.61921546,45.010665,11.50587847,78.239974,0.0054708912634638665
CN,001896,2017-05-31,6.92,6.9399999999999995,6.73,6.75,6.9195,6.9395,6.7295,6.7495,7948184.0,54324805.0,0.999925925925926,6.61921546,44.679704,11.50587847,77.66468,0.006907933210596478
CN,001896,2017-06-01,6.71,6.74,6.42,6.44,6.7095,6.7395,6.4195,6.4395,11812698.0,77739917.0,0.9999223602484472,6.61921546,42.627748,11.50587847,74.097857,0.010266663280687337
CN,001896,2017-06-02,6.44,6.66,6.3,6.58,6.4395,6.6594999999999995,6.2995,6.5795,7996384.0,51904656.0,0.9999240121580547,6.61921546,43.554438,11.50587847,75.70868,0.0069498248402757555
CN,001896,2017-06-05,6.63,6.71,6.58,6.63,6.6295,6.7095,6.5795,6.6295,7192415.0,47838237.0,0.9999245852187029,6.61921546,43.885399,11.50587847,76.283974,0.006251078541072058
CN,001896,2017-06-06,6.6,6.84,6.6,6.8100000000000005,6.5995,6.8395,6.5995,6.8095,11555775.0,77565349.0,0.9999265785609397,6.61921546,45.076857,11.50587847,78.355032,0.010043366119440683
CN,001896,2017-06-07,6.76,6.92,6.71,6.9,6.7595,6.9195,6.7095,6.8995,12943262.0,88523093.0,0.999927536231884,6.61921546,45.672587,11.50587847,79.390561,0.01124926013580604
CN,001896,2017-06-08,6.86,6.95,6.79,6.85,6.8595,6.9495000000000005,6.7895,6.8495,10000648.0,68310660.0,0.9999270072992701,6.61921546,45.341626,11.50587847,78.815268,0.008691772667402422
CN,001896,2017-06-09,6.84,6.85,6.75,6.82,6.8395,6.8495,6.7495,6.8195,7284403.0,49489036.0,0.9999266862170088,6.61921546,45.143049,11.50587847,78.470091,0.006331027238809346
CN,001896,2017-06-12,6.77,6.82,6.57,6.59,6.7695,6.8195,6.5695,6.5895,9458708.0,63161480.0,0.9999241274658573,6.61921546,43.62063,11.50587847,75.823739,0.00822076126100435
CN,001896,2017-06-13,6.5600000000000005,6.77,6.5600000000000005,6.73,6.5595,6.7695,6.5595,6.7295,7908101.0,53076490.0,0.9999257057949479,6.61921546,44.54732,11.50587847,77.434562,0.006873096235649706
CN,001896,2017-06-14,6.73,6.84,6.71,6.8,6.7295,6.8395,6.7095,6.7995,9320236.0,63295605.0,0.9999264705882354,6.61921546,45.010665,11.50587847,78.239974,0.008100412345134044
CN,001896,2017-06-15,6.84,7.1,6.8100000000000005,7.02,6.8395,7.0995,6.8095,7.0195,19211192.0,134501759.0,0.999928774928775,6.61921546,46.466893,11.50587847,80.771267,0.01669684939754105
CN,001896,2017-06-16,7.02,7.1,6.9399999999999995,6.97,7.0195,7.0995,6.9395,6.9695,11694436.0,82022929.0,0.9999282639885223,6.61921546,46.135932,11.50587847,80.195973,0.010163879299170104
CN,001896,2017-06-19,6.95,7.08,6.9399999999999995,7.05,6.9495000000000005,7.0795,6.9395,7.0495,7315984.0,51367588.0,0.9999290780141844,6.61921546,46.665469,11.50587847,81.116443,0.006358474947458749
CN,001896,2017-06-20,7.09,7.16,7.02,7.02,7.0895,7.1595,7.0195,7.0195,10009314.0,70975793.0,0.999928774928775,6.61921546,46.466893,11.50587847,80.771267,0.008699304469535214
CN,001896,2017-06-21,7.04,7.09,6.91,6.99,7.0395,7.0895,6.9094999999999995,6.9895,9539704.0,66488645.0,0.9999284692417739,6.61921546,46.268316,11.50587847,80.426091,0.008291156581284488
CN,001896,2017-06-22,7.01,7.07,6.82,6.84,7.0095,7.0695,6.8195,6.8395,9712866.0,67647820.0,0.9999269005847954,6.61921546,45.275434,11.50587847,78.700209,0.008441655302830605
CN,001896,2017-06-23,6.8100000000000005,6.89,6.64,6.82,6.8095,6.8895,6.6395,6.8195,10259613.0,69485238.0,0.9999266862170088,6.61921546,45.143049,11.50587847,78.470091,0.008916844573624285
CN,001896,2017-06-26,6.8,6.92,6.79,6.91,6.7995,6.9195,6.7895,6.9094999999999995,7284521.0,50050390.0,0.9999276410998552,6.61921546,45.738779,11.50587847,79.50562,0.006331129795081175
CN,001896,2017-06-27,6.9399999999999995,7.07,6.92,7.01,6.9395,7.0695,6.9195,7.0095,10456684.0,73261942.0,0.9999286733238232,6.61921546,46.4007,11.50587847,80.656208,0.00908812310790903
CN,001896,2017-06-28,7.0,7.08,6.96,7.02,6.9995,7.0795,6.9595,7.0195,7923846.0,55585088.0,0.999928774928775,6.61921546,46.466893,11.50587847,80.771267,0.006886780544971287
CN,001896,2017-06-29,7.11,7.15,7.01,7.04,7.1095,7.1495,7.0095,7.0395,10082398.0,71276045.0,0.9999289772727273,6.61921546,46.599277,11.50587847,81.001384,0.008762823304877128
CN,001896,2017-06-30,7.03,7.06,6.96,7.02,7.0295,7.0595,6.9595,7.0195,4671178.0,32773199.0,0.999928774928775,6.61921546,46.466893,11.50587847,80.771267,0.004059818650248615
CN,001896,2017-07-03,7.04,7.08,7.0,7.08,7.0395,7.0795,6.9995,7.0795,5678446.0,39912150.0,0.9999293785310734,6.61921546,46.864045,11.50587847,81.46162,0.00493525636899935
CN,001896,2017-07-04,7.06,7.12,6.99,7.03,7.0595,7.1195,6.9895,7.0295,5846200.0,41208695.0,0.9999288762446656,6.61921546,46.533085,11.50587847,80.886326,0.005081054884460291
CN,001896,2017-07-05,7.02,7.08,7.01,7.06,7.0195,7.0795,7.0095,7.0595,6140822.0,43292382.0,0.999929178470255,6.61921546,46.731661,11.50587847,81.231502,0.005337117036314395
CN,001896,2017-07-06,7.06,7.11,7.01,7.06,7.0595,7.1095,7.0095,7.0595,7632798.0,53909897.0,0.999929178470255,6.61921546,46.731661,11.50587847,81.231502,0.006633824631384274
CN,001896,2017-07-07,7.05,7.1,7.02,7.09,7.0495,7.0995,7.0195,7.0895,6025561.0,42634564.0,0.9999294781382229,6.61921546,46.930238,11.50587847,81.576678,0.005236941286761218
CN,001896,2017-07-10,7.09,7.12,7.04,7.06,7.0895,7.1195,7.0395,7.0595,7430938.0,52588109.0,0.999929178470255,6.61921546,46.731661,11.50587847,81.231502,0.00645838387688098
CN,001896,2017-07-11,7.14,7.24,7.11,7.13,7.1395,7.2395,7.1095,7.1295,14998105.0,107595817.0,0.9999298737727911,6.61921546,47.195006,11.50587847,82.036913,0.013035167231346569
CN,001896,2017-07-12,7.07,7.08,6.85,6.97,7.0695,7.0795,6.8495,6.9695,10966589.0,76470742.0,0.9999282639885223,6.61921546,46.135932,11.50587847,80.195973,0.009531292224747443
CN,001896,2017-07-13,7.0,7.03,6.91,7.03,6.9995,7.0295,6.9094999999999995,7.0295,5843029.0,40795084.0,0.9999288762446656,6.61921546,46.533085,11.50587847,80.886326,0.005078298901935126
CN,001896,2017-07-14,7.04,7.04,6.95,6.98,7.0395,7.0395,6.9495000000000005,6.9795,4009700.0,27999859.0,0.9999283667621776,6.61921546,46.202124,11.50587847,80.311032,0.0034849142640040417
CN,001896,2017-07-17,6.91,6.91,6.4,6.4,6.9094999999999995,6.9094999999999995,6.3995,6.3995,12867966.0,84956359.0,0.999921875,6.61921546,42.362979,11.50587847,73.637622,0.011183818804927808
CN,001896,2017-07-18,6.39,6.46,6.18,6.37,6.3895,6.4595,6.1796,6.3695,11508266.0,72563880.0,0.9999215070643642,6.61921546,42.164402,11.50587847,73.292446,0.010002075052336268
CN,001896,2017-07-19,6.33,6.44,6.28,6.42,6.3295,6.4395,6.2795,6.4195,8543101.0,54555153.0,0.9999221183800624,6.61921546,42.495363,11.50587847,73.86774,0.007424988037441004
CN,001896,2017-07-20,6.43,6.66,6.4,6.61,6.4295,6.6594999999999995,6.3995,6.6095,10735292.0,70218157.0,0.9999243570347957,6.61921546,43.753014,11.50587847,76.053857,0.009330267156906621
CN,001896,2017-07-21,6.57,6.65,6.53,6.61,6.5695,6.6495,6.5295,6.6095,6085019.0,40118012.0,0.9999243570347957,6.61921546,43.753014,11.50587847,76.053857,0.005288617480069734
CN,001896,2017-07-24,6.59,6.6899999999999995,6.54,6.63,6.5895,6.6895,6.5395,6.6295,6364196.0,42160481.0,0.9999245852187029,6.61921546,43.885399,11.50587847,76.283974,0.005531256058886567
CN,001896,2017-07-25,6.61,6.68,6.52,6.5600000000000005,6.6095,6.6795,6.5195,6.5595,6259979.0,41187331.0,0.9999237804878048,6.61921546,43.422053,11.50587847,75.478563,0.005440678881079821
CN,001896,2017-07-26,6.58,6.58,6.52,6.53,6.5795,6.5795,6.5195,6.5295,3815200.0,24985883.0,0.9999234303215926,6.61921546,43.223477,11.50587847,75.133386,0.003315870239675841
CN,001896,2017-07-27,6.5600000000000005,6.66,6.51,6.65,6.5595,6.6594999999999995,6.5095,6.6495,6812871.0,44949486.0,0.9999248120300751,6.61921546,44.017783,11.50587847,76.514092,0.005921208900097135
CN,001896,2017-07-28,6.64,6.71,6.62,6.67,6.6395,6.7095,6.6195,6.6695,6844967.0,45655080.0,0.9999250374812594,6.61921546,44.150167,11.50587847,76.744209,0.0059491042060346045
CN,001896,2017-07-31,6.67,6.7,6.64,6.68,6.6695,6.6995000000000005,6.6395,6.6795,5383723.0,35923188.0,0.9999251497005989,6.61921546,44.216359,11.50587847,76.859268,0.004679106435929529
CN,001896,2017-08-01,6.6899999999999995,6.7,6.6,6.65,6.6895,6.6995000000000005,6.5995,6.6495,6784064.0,45110884.0,0.9999248120300751,6.61921546,44.017783,11.50587847,76.514092,0.005896172132956659
CN,001896,2017-08-02,6.64,6.6899999999999995,6.58,6.6,6.6395,6.6895,6.5795,6.5995,6746300.0,44763685.0,0.9999242424242425,6.61921546,43.686822,11.50587847,75.938798,0.005863350649487609
CN,001896,2017-08-03,6.6,6.67,6.55,6.65,6.5995,6.6695,6.5495,6.6495,5761400.0,38140350.0,0.9999248120300751,6.61921546,44.017783,11.50587847,76.514092,0.005007353428095091
CN,001896,2017-08-04,6.64,6.75,6.64,6.6899999999999995,6.6395,6.7495,6.6395,6.6895,8304620.0,55740725.0,0.9999252615844545,6.61921546,44.282551,11.50587847,76.974327,0.007217719204711885
CN,001896,2017-08-07,6.68,6.79,6.61,6.72,6.6795,6.7895,6.6095,6.7195,6388194.0,42756344.0,0.9999255952380953,6.61921546,44.481128,11.50587847,77.319503,0.0055521132233895395
CN,001896,2017-08-08,6.72,6.73,6.66,6.6899999999999995,6.7195,6.7295,6.6594999999999995,6.6895,5722012.0,38270780.0,0.9999252615844545,6.61921546,44.282551,11.50587847,76.974327,0.0049731204922069715
CN,001896,2017-08-09,6.7,6.7,6.64,6.67,6.6995000000000005,6.6995000000000005,6.6395,6.6695,4781254.0,31913587.0,0.9999250374812594,6.61921546,44.150167,11.50587847,76.744209,0.0041554880076879516
CN,001896,2017-08-10,6.6899999999999995,6.75,6.6,6.72,6.6895,6.7495,6.5995,6.7195,8899700.0,59539845.0,0.9999255952380953,6.61921546,44.481128,11.50587847,77.319503,0.007734915698270886
CN,001896,2017-08-11,6.7,6.7,6.48,6.51,6.6995000000000005,6.6995000000000005,6.4795,6.5095,7585197.0,49900865.0,0.9999231950844855,6.61921546,43.091093,11.50587847,74.903269,0.006592453605152671
CN,001896,2017-08-14,6.51,6.6,6.48,6.58,6.5095,6.5995,6.4795,6.5795,4878527.0,31926530.0,0.9999240121580547,6.61921546,43.554438,11.50587847,75.70868,0.004240030009633849
CN,001896,2017-08-15,6.58,6.6,6.54,6.57,6.5795,6.5995,6.5395,6.5695,4999961.0,32865280.0,0.9999238964992389,6.61921546,43.488246,11.50587847,75.593622,0.004345570842797195
CN,001896,2017-08-16,6.58,6.65,6.5600000000000005,6.62,6.5795,6.6495,6.5595,6.6195,6498464.0,42944162.0,0.9999244712990937,6.61921546,43.819206,11.50587847,76.168915,0.00564795119029273
CN,001896,2017-08-17,6.61,6.73,6.61,6.6899999999999995,6.6095,6.7295,6.6095,6.6895,7757402.0,51762837.0,0.9999252615844545,6.61921546,44.282551,11.50587847,76.974327,0.006742120577951837
CN,001896,2017-08-18,6.67,6.71,6.65,6.68,6.6695,6.7095,6.6495,6.6795,6280290.0,41957429.0,0.9999251497005989,6.61921546,44.216359,11.50587847,76.859268,0.005458331596648613
CN,001896,2017-08-21,6.67,6.76,6.66,6.73,6.6695,6.7595,6.6594999999999995,6.7295,7205400.0,48468616.0,0.9999257057949479,6.61921546,44.54732,11.50587847,77.434562,0.006262364076577979
CN,001896,2017-08-22,6.71,7.03,6.7,6.87,6.7095,7.0295,6.6995000000000005,6.8695,20283943.0,139667157.0,0.9999272197962155,6.61921546,45.47401,11.50587847,79.045385,0.017629199763310205
CN,001896,2017-08-23,6.83,6.86,6.6899999999999995,6.73,6.8295,6.8595,6.6895,6.7295,10542378.0,71466167.0,0.9999257057949479,6.61921546,44.54732,11.50587847,77.434562,0.009162601558401477
CN,001896,2017-08-24,6.71,6.74,6.63,6.63,6.7095,6.7395,6.6295,6.6295,5786797.0,38641776.0,0.9999245852187029,6.61921546,43.885399,11.50587847,76.283974,0.0050294264928039
CN,001896,2017-08-25,6.63,6.7,6.63,6.6899999999999995,6.6295,6.6995000000000005,6.6295,6.6895,4635086.0,30947835.0,0.9999252615844545,6.61921546,44.282551,11.50587847,76.974327,0.0040284503370041245
CN,001896,2017-08-28,6.71,6.77,6.68,6.74,6.7095,6.7695,6.6795,6.7395,5805769.0,39105578.0,0.9999258160237388,6.61921546,44.613512,11.50587847,77.549621,0.005045915455423718
CN,001896,2017-08-29,6.76,6.88,6.74,6.76,6.7595,6.8795,6.7395,6.7595,8499444.0,57715855.0,0.9999260355029587,6.61921546,44.745897,11.50587847,77.779738,0.007387044824227141
CN,001896,2017-08-30,6.79,6.86,6.76,6.84,6.7895,6.8595,6.7595,6.8395,8016139.0,54614092.0,0.9999269005847954,6.61921546,45.275434,11.50587847,78.700209,0.006966994324597625
CN,001896,2017-08-31,6.84,6.84,6.73,6.79,6.8395,6.8395,6.7295,6.7895,7871349.0,53279806.0,0.9999263622974963,6.61921546,44.944473,11.50587847,78.124915,0.006841154302579732
CN,001896,2017-09-01,6.8100000000000005,6.85,6.73,6.76,6.8095,6.8495,6.7295,6.7595,8829001.0,59746560.0,0.9999260355029587,6.61921546,44.745897,11.50587847,77.779738,0.0076734697163892435
CN,001896,2017-09-04,6.76,6.78,6.73,6.75,6.7595,6.7795,6.7295,6.7495,6941100.0,46855626.0,0.999925925925926,6.61921546,44.679704,11.50587847,77.66468,0.006032655410100121
CN,001896,2017-09-05,6.75,6.76,6.7,6.72,6.7495,6.7595,6.6995000000000005,6.7195,7289101.0,49059243.0,0.9999255952380953,6.61921546,44.481128,11.50587847,77.319503,0.006335110369021654
CN,001896,2017-09-06,6.72,6.74,6.65,6.73,6.7195,6.7395,6.6495,6.7295,6884069.0,46120011.0,0.9999257057949479,6.61921546,44.54732,11.50587847,77.434562,0.005983088573331681
CN,001896,2017-09-07,6.73,6.75,6.6899999999999995,6.7,6.7295,6.7495,6.6895,6.6995000000000005,6693529.0,44989420.0,0.9999253731343284,6.61921546,44.348744,11.50587847,77.089386,0.005817486267956383
CN,001896,2017-09-08,6.6899999999999995,6.74,6.68,6.7,6.6895,6.7395,6.6795,6.6995000000000005,4144161.0,27781281.0,0.9999253731343284,6.61921546,44.348744,11.50587847,77.089386,0.0036017771357531123
CN,001896,2017-09-11,6.7,6.74,6.66,6.74,6.6995000000000005,6.7395,6.6594999999999995,6.7395,5213806.0,34966175.0,0.9999258160237388,6.61921546,44.613512,11.50587847,77.549621,0.004531428011858707
CN,001896,2017-09-12,6.74,6.76,6.65,6.66,6.7395,6.7595,6.6495,6.6594999999999995,10144074.0,67959106.0,0.9999249249249248,6.61921546,44.083975,11.50587847,76.629151,0.008816427208447648
CN,001896,2017-09-13,6.67,6.67,6.6,6.63,6.6695,6.6695,6.5995,6.6295,7977706.0,52840926.0,0.9999245852187029,6.61921546,43.885399,11.50587847,76.283974,0.006933591399214562
CN,001896,2017-09-14,6.63,6.65,6.59,6.63,6.6295,6.6495,6.5895,6.6295,5525511.0,36579335.0,0.9999245852187029,6.61921546,43.885399,11.50587847,76.283974,0.0048023373568624175
CN,001896,2017-09-15,6.62,6.64,6.57,6.59,6.6195,6.6395,6.5695,6.5895,5871810.0,38749626.0,0.9999241274658573,6.61921546,43.62063,11.50587847,75.823739,0.00510331307193096
CN,001896,2017-09-18,6.59,6.61,6.58,6.6,6.5895,6.6095,6.5795,6.5995,4746440.0,31287170.0,0.9999242424242425,6.61921546,43.686822,11.50587847,75.938798,0.004125230431014626
CN,001896,2017-09-19,6.59,6.63,6.57,6.57,6.5895,6.6295,6.5695,6.5695,5137900.0,33922653.0,0.9999238964992389,6.61921546,43.488246,11.50587847,75.593622,0.004465456517202376
CN,001896,2017-09-20,6.6,6.6899999999999995,6.59,6.65,6.5995,6.6895,6.5895,6.6495,9236720.0,61341923.0,0.9999248120300751,6.61921546,44.017783,11.50587847,76.514092,0.008027826840065694
CN,001896,2017-09-21,6.65,6.67,6.6,6.6,6.6495,6.6695,6.5995,6.5995,5051554.0,33529887.0,0.9999242424242425,6.61921546,43.686822,11.50587847,75.938798,0.004390411399852027
CN,001896,2017-09-22,6.59,6.61,6.54,6.55,6.5895,6.6095,6.5395,6.5495,5087008.0,33409394.0,0.9999236641221374,6.61921546,43.355861,11.50587847,75.363504,0.0044212252139318835
CN,001896,2017-09-25,6.54,6.5600000000000005,6.41,6.43,6.5395,6.5595,6.4094999999999995,6.4295,5653330.0,36579279.0,0.9999222395023328,6.61921546,42.561555,11.50587847,73.982799,0.004913427527276846
CN,001896,2017-09-26,6.42,6.46,6.41,6.43,6.4195,6.4595,6.4094999999999995,6.4295,3672897.0,23613746.0,0.9999222395023328,6.61921546,42.561555,11.50587847,73.982799,0.003192191721454885
CN,001896,2017-09-27,6.43,6.45,6.4,6.42,6.4295,6.4495000000000005,6.3995,6.4195,3253497.0,20894530.0,0.9999221183800624,6.61921546,42.495363,11.50587847,73.86774,0.002827682395988318
CN,001896,2017-09-28,6.42,6.44,6.38,6.38,6.4195,6.4395,6.3795,6.3795,4923400.0,31608683.0,0.9999216300940439,6.61921546,42.230595,11.50587847,73.407505,0.004279030073920119
CN,001896,2017-09-29,6.39,6.42,6.38,6.38,6.3895,6.4195,6.3795,6.3795,4066108.0,26013415.0,0.9999216300940439,6.61921546,42.230595,11.50587847,73.407505,0.003533939638422063
CN,001896,2017-10-09,6.43,6.52,6.43,6.48,6.4295,6.5195,6.4295,6.4795,6228400.0,40410704.0,0.9999228395061728,6.61921546,42.892516,11.50587847,74.558092,0.005413232910672313
CN,001896,2017-10-10,6.48,6.58,6.46,6.54,6.4795,6.5795,6.4595,6.5395,6046905.0,39466189.0,0.9999235474006116,6.61921546,43.289669,11.50587847,75.248445,0.0052554918042689875
CN,001896,2017-10-11,6.54,6.74,6.53,6.68,6.5395,6.7395,6.5295,6.6795,12958860.0,86108934.0,0.9999251497005989,6.61921546,44.216359,11.50587847,76.859268,0.011262816684348309
CN,001896,2017-10-12,6.64,6.6899999999999995,6.57,6.64,6.6395,6.6895,6.5695,6.6395,9446109.0,62591317.0,0.9999246987951808,6.61921546,43.951591,11.50587847,76.399033,0.008209811206184242
CN,001896,2017-10-13,6.65,6.82,6.63,6.76,6.6495,6.8195,6.6295,6.7595,20951214.0,141644472.0,0.9999260355029587,6.61921546,44.745897,11.50587847,77.779738,0.018209138967204823
CN,001896,2017-10-16,6.75,6.75,6.5600000000000005,6.58,6.7495,6.7495,6.5595,6.5795,10904101.0,72558264.0,0.9999240121580547,6.61921546,43.554438,11.50587847,75.70868,0.009476982594967388
CN,001896,2017-10-17,6.58,6.65,6.53,6.63,6.5795,6.6495,6.5295,6.6295,5312192.0,34968304.0,0.9999245852187029,6.61921546,43.885399,11.50587847,76.283974,0.004616937345419398
CN,001896,2017-10-18,6.6,6.63,6.51,6.53,6.5995,6.6295,6.5095,6.5295,5462267.0,35912432.0,0.9999234303215926,6.61921546,43.223477,11.50587847,75.133386,0.0047473706716459
CN,001896,2017-10-19,6.5,6.53,6.4,6.42,6.4995,6.5295,6.3995,6.4195,5020861.0,32384035.0,0.9999221183800624,6.61921546,42.495363,11.50587847,73.86774,0.004363735470604184
CN,001896,2017-10-20,6.43,6.47,6.4,6.47,6.4295,6.4695,6.3995,6.4695,3139100.0,20205057.0,0.9999227202472952,6.61921546,42.826324,11.50587847,74.443034,0.0027282575669339572
CN,001896,2017-10-23,6.46,6.5,6.44,6.49,6.4595,6.4995,6.4395,6.4895,3646800.0,23597604.0,0.9999229583975345,6.61921546,42.958708,11.50587847,74.673151,0.0031695102720826845
CN,001896,2017-10-24,6.46,6.48,6.38,6.4,6.4595,6.4795,6.3795,6.3995,4640875.0,29798579.0,0.999921875,6.61921546,42.362979,11.50587847,73.637622,0.004033481678170376
CN,001896,2017-10-25,6.39,6.43,6.38,6.43,6.3895,6.4295,6.3795,6.4295,3719601.0,23835891.0,0.9999222395023328,8.55268476,54.993763,11.50587847,73.982799,0.0032327831461963982
CN,001896,2017-10-26,6.43,6.47,6.41,6.46,6.4295,6.4695,6.4094999999999995,6.4595,3634905.0,23424957.0,0.9999226006191951,8.55268476,55.250344,11.50587847,74.327975,0.003159172078409759
CN,001896,2017-10-27,6.45,6.48,6.39,6.39,6.4495000000000005,6.4795,6.3895,6.3895,3181286.0,20433148.0,0.9999217527386542,8.55268476,54.651656,11.50587847,73.522563,0.002764922303233749
CN,001896,2017-10-30,6.39,6.42,6.14,6.16,6.3895,6.4195,6.1396,6.1596,9129004.0,56895912.0,0.9999350649350649,8.55268476,52.684538,11.50587847,70.876211,0.007934208608062935
CN,001896,2017-10-31,6.17,6.2,6.15,6.18,6.1696,6.1996,6.1496,6.1796,4139465.0,25541694.0,0.9999352750809062,8.55268476,52.855592,11.50587847,71.106329,0.0035976957437826996
CN,001896,2017-11-01,6.18,6.23,6.17,6.18,6.1796,6.2296,6.1696,6.1796,2893300.0,17922521.0,0.9999352750809062,8.55268476,52.855592,11.50587847,71.106329,0.002514627637988601
CN,001896,2017-11-02,6.19,6.21,6.08,6.11,6.1896,6.2096,6.0796,6.1096,4042200.0,24791933.0,0.9999345335515548,8.55268476,52.256904,11.50587847,70.300917,0.0035131606948043837
CN,001896,2017-11-03,6.11,6.15,6.02,6.07,6.1096,6.1496,6.0196,6.0696,3705132.0,22524664.0,0.9999341021416804,8.55268476,51.914796,11.50587847,69.840682,0.0032202078352040857
CN,001896,2017-11-06,6.08,6.1,6.03,6.09,6.0796,6.0996,6.0296,6.0896,2584133.0,15667807.0,0.9999343185550083,8.55268476,52.08585,11.50587847,70.0708,0.00224592412195016
CN,001896,2017-11-07,6.09,6.15,6.05,6.15,6.0896,6.1496,6.0496,6.1496,2706932.0,16520902.0,0.9999349593495935,8.55268476,52.599011,11.50587847,70.761153,0.00235265130520712
CN,001896,2017-11-08,6.14,6.19,6.08,6.13,6.1396,6.1896,6.0796,6.1296,3634200.0,22325009.0,0.9999347471451876,8.55268476,52.427958,11.50587847,70.531035,0.003158559348141629
CN,001896,2017-11-09,6.15,6.23,6.15,6.18,6.1496,6.2296,6.1496,6.1796,4124200.0,25511206.0,0.9999352750809062,8.55268476,52.855592,11.50587847,71.106329,0.003584428612516016
CN,001896,2017-11-10,6.16,6.18,6.11,6.14,6.1596,6.1796,6.1096,6.1396,3130461.0,19230804.0,0.9999348534201955,8.55268476,52.513484,11.50587847,70.646094,0.0027207492310667523
CN,001896,2017-11-13,6.13,6.18,6.09,6.14,6.1296,6.1796,6.0896,6.1396,3831700.0,23477686.0,0.9999348534201955,8.55268476,52.513484,11.50587847,70.646094,0.003330210735312938
CN,001896,2017-11-14,6.14,6.15,6.03,6.05,6.1396,6.1496,6.0296,6.0496,4655527.0,28334509.0,0.9999338842975206,8.55268476,51.743743,11.50587847,69.610565,0.004046216038296118
CN,001896,2017-11-15,6.05,6.08,6.01,6.03,6.0496,6.0796,6.0096,6.0296,3820679.0,23110721.0,0.9999336650082918,8.55268476,51.572689,11.50587847,69.380447,0.003320632153348305
CN,001896,2017-11-16,6.03,6.06,5.99,6.0,6.0296,6.0596,5.9896,5.9996,3071559.0,18510684.0,0.9999333333333333,8.55268476,51.316109,11.50587847,69.035271,0.00266955626900516
CN,001896,2017-11-17,6.0,6.01,5.77,5.79,5.9996,6.0096,5.7696,5.7896,7907509.0,46555306.0,0.9999309153713298,8.55268476,49.520045,11.50587847,66.619036,0.006872581716048666
CN,001896,2017-11-20,5.77,5.8,5.6899999999999995,5.79,5.7696,5.7996,5.6896,5.7896,4167696.0,23926403.0,0.9999309153713298,8.55268476,49.520045,11.50587847,66.619036,0.003622231897257298
CN,001896,2017-11-21,5.79,5.82,5.76,5.8,5.7896,5.8196,5.7596,5.7996,3264442.0,18906187.0,0.9999310344827587,8.55268476,49.605572,11.50587847,66.734095,0.0028371949247609253
CN,001896,2017-11-22,5.8100000000000005,5.82,5.75,5.79,5.8096,5.8196,5.7496,5.7896,3718600.0,21530092.0,0.9999309153713298,8.55268476,49.520045,11.50587847,66.619036,0.0032319131561277478
CN,001896,2017-11-23,5.78,5.8,5.6,5.64,5.7796,5.7996,5.5996,5.6396,4138600.0,23681787.0,0.9999290780141844,8.55268476,48.237142,11.50587847,64.893155,0.0035969439541629366
CN,001896,2017-11-24,5.64,5.66,5.61,5.64,5.6396,5.6596,5.6096,5.6396,2603661.0,14674709.0,0.9999290780141844,8.55268476,48.237142,11.50587847,64.893155,0.0022628963158169008
CN,001896,2017-11-27,5.65,5.68,5.61,5.62,5.6495999999999995,5.6796,5.6096,5.6196,2573032.0,14514952.0,0.9999288256227759,8.55268476,48.066088,11.50587847,64.663037,0.0022362760103097107
CN,001896,2017-11-28,5.62,5.68,5.61,5.67,5.6196,5.6796,5.6096,5.6696,1953049.0,11029059.0,0.9999294532627866,8.55268476,48.493723,11.50587847,65.238331,0.0016974357977900666
CN,001896,2017-11-29,5.6899999999999995,5.6899999999999995,5.63,5.68,5.6896,5.6896,5.6296,5.6796,2862201.0,16239875.0,0.9999295774647887,8.55268476,48.579249,11.50587847,65.35339,0.0024875988456359906
CN,001896,2017-11-30,5.67,5.71,5.64,5.64,5.6696,5.7096,5.6396,5.6396,2963501.0,16809629.0,0.9999290780141844,8.55268476,48.237142,11.50587847,64.893155,0.0025756407976382876
CN,001896,2017-12-01,5.65,5.71,5.62,5.7,5.6495999999999995,5.7096,5.6196,5.6996,3065242.0,17416736.0,0.9999298245614036,8.55268476,48.750303,11.50587847,65.583507,0.0026640660319785215
CN,001896,2017-12-04,5.7,5.7,5.58,5.59,5.6996,5.6996,5.5796,5.5896,3332700.0,18780334.0,0.9999284436493739,8.55268476,47.809508,11.50587847,64.317861,0.002896519382409225
CN,001896,2017-12-05,5.58,5.59,5.41,5.43,5.5796,5.5896,5.4096,5.4296,6514700.0,35790171.0,0.999926335174954,8.55268476,46.441078,11.50587847,62.47692,0.005662062237999634
CN,001896,2017-12-06,5.41,5.46,5.41,5.46,5.4096,5.4596,5.4096,5.4596,2822601.0,15343157.0,0.99992673992674,8.55268476,46.697659,11.50587847,62.822096,0.0024531816561069587
CN,001896,2017-12-07,5.45,5.52,5.44,5.46,5.4496,5.5196,5.4396,5.4596,3605601.0,19774138.0,0.99992673992674,8.55268476,46.697659,11.50587847,62.822096,0.0031337033581582754
CN,001896,2017-12-08,5.46,5.52,5.45,5.51,5.4596,5.5196,5.4496,5.5096,2579901.0,14168069.0,0.9999274047186933,8.55268476,47.125293,11.50587847,63.39739,0.0022422460020994814
CN,001896,2017-12-11,5.5,5.55,5.49,5.53,5.4996,5.5496,5.4896,5.5296,2671100.0,14747065.0,0.9999276672694394,8.55268476,47.296347,11.50587847,63.627508,0.002321508963409032
CN,001896,2017-12-12,5.51,5.53,5.46,5.48,5.5096,5.5296,5.4596,5.4796,3018800.0,16624869.0,0.9999270072992699,8.55268476,46.868712,11.50587847,63.052214,0.0026237023169253066
CN,001896,2017-12-13,5.46,5.5,5.46,5.5,5.4596,5.4996,5.4596,5.4996,2183353.0,11965100.0,0.9999272727272728,8.55268476,47.039766,11.50587847,63.282332,0.0018975978285298194
CN,001896,2017-12-14,5.5,5.52,5.47,5.5,5.4996,5.5196,5.4696,5.4996,2872200.0,15773188.0,0.9999272727272728,8.55268476,47.039766,11.50587847,63.282332,0.002496289185992071
CN,001896,2017-12-15,5.5,5.54,5.46,5.53,5.4996,5.5396,5.4596,5.5296,3590400.0,19741309.0,0.9999276672694394,8.55268476,47.296347,11.50587847,63.627508,0.0031204918506322447
CN,001896,2017-12-18,5.53,5.58,5.49,5.53,5.5296,5.5796,5.4896,5.5296,3761400.0,20823808.0,0.9999276672694394,8.55268476,47.296347,11.50587847,63.627508,0.003269111532689429
CN,001896,2017-12-19,5.52,5.5600000000000005,5.51,5.54,5.5196,5.5596,5.5096,5.5396,3061500.0,16948263.0,0.999927797833935,8.55268476,47.381874,11.50587847,63.742567,0.002660813781392217
CN,001896,2017-12-20,5.54,5.5600000000000005,5.44,5.46,5.5396,5.5596,5.4396,5.4596,2848300.0,15660589.0,0.99992673992674,8.55268476,46.697659,11.50587847,62.822096,0.002475517195341974
CN,001896,2017-12-21,5.46,5.47,5.36,5.42,5.4596,5.4696,5.3596,5.4196,3081600.0,16692615.0,0.9999261992619927,8.55268476,46.355551,11.50587847,62.361861,0.0026782831124410444
CN,001896,2017-12-22,5.42,5.45,5.4,5.42,5.4196,5.4496,5.3996,5.4196,2301105.0,12496426.0,0.9999261992619927,8.55268476,46.355551,11.50587847,62.361861,0.001999938558363723
CN,001896,2017-12-25,5.42,5.45,5.29,5.31,5.4196,5.4496,5.2896,5.3096,3401100.0,18190491.0,0.999924670433145,8.55268476,45.414756,11.50587847,61.096215,0.002955967255232099
CN,001896,2017-12-26,5.29,5.35,5.25,5.33,5.2896,5.3496,5.2496,5.3296,2415859.0,12810564.0,0.9999249530956849,8.55268476,45.58581,11.50587847,61.326332,0.0020996736635964137
CN,001896,2017-12-27,5.36,5.41,5.32,5.35,5.3596,5.4096,5.3196,5.3496,2869000.0,15407257.0,0.9999252336448599,8.55268476,45.756863,11.50587847,61.55645,0.0024935079989594224
CN,001896,2017-12-28,5.35,5.4,5.32,5.39,5.3496,5.3996,5.3196,5.3896,2454508.0,13181315.0,0.999925788497217,8.55268476,46.098971,11.50587847,62.016685,0.0021332643191041803
CN,001896,2017-12-29,5.39,5.45,5.37,5.42,5.3896,5.4496,5.3696,5.4196,2991800.0,16194368.0,0.9999261992619927,8.55268476,46.355551,11.50587847,62.361861,0.00260023605133733
CN,001896,2018-01-02,5.44,5.49,5.42,5.49,5.4396,5.4896,5.4196,5.4896,2941800.0,16076543.0,0.9999271402550091,8.55268476,46.954239,11.50587847,63.167273,0.0025567800039521887
CN,001896,2018-01-03,5.49,5.5600000000000005,5.47,5.5600000000000005,5.4896,5.5596,5.4696,5.5596,4066994.0,22492121.0,0.9999280575539566,8.55268476,47.552927,11.50587847,63.972684,0.0035347096795817277
CN,001896,2018-01-04,5.55,5.62,5.52,5.55,5.5496,5.6196,5.5196,5.5496,4289479.0,23872489.0,0.999927927927928,8.55268476,47.4674,11.50587847,63.857626,0.003728076053631392
CN,001896,2018-01-05,5.5600000000000005,5.73,5.53,5.63,5.5596,5.7296,5.5296,5.6296,8940487.0,50484979.0,0.9999289520426288,8.55268476,48.151615,11.50587847,64.778096,0.007770364534364841
CN,001896,2018-01-08,5.62,5.64,5.57,5.62,5.6196,5.6396,5.5696,5.6196,3830560.0,21489946.0,0.9999288256227759,8.55268476,48.066088,11.50587847,64.663037,0.0033292199374325565
CN,001896,2018-01-09,5.63,5.67,5.53,5.5600000000000005,5.6296,5.6696,5.5296,5.5596,4762551.0,26697484.0,0.9999280575539566,8.55268476,47.552927,11.50587847,63.972684,0.004139232838603066
CN,001896,2018-01-10,5.5600000000000005,5.61,5.49,5.55,5.5596,5.6096,5.4896,5.5496,4401427.0,24382251.0,0.999927927927928,8.55268476,47.4674,11.50587847,63.857626,0.0038253724054848285
CN,001896,2018-01-11,5.53,5.58,5.5,5.5600000000000005,5.5296,5.5796,5.4996,5.5596,2728479.0,15137242.0,0.9999280575539566,8.55268476,47.552927,11.50587847,63.972684,0.002371378254267273
CN,001896,2018-01-12,5.57,5.74,5.54,5.66,5.5696,5.7396,5.5396,5.6596,10031796.0,56931390.0,0.9999293286219081,8.55268476,48.408196,11.50587847,65.123272,0.00871884404668147
CN,001896,2018-01-15,5.64,5.65,5.48,5.52,5.6396,5.6495999999999995,5.4796,5.5196,5954912.0,33000230.0,0.999927536231884,8.55268476,47.21082,11.50587847,63.512449,0.0051755387609269616
CN,001896,2018-01-16,5.51,5.55,5.49,5.55,5.5096,5.5496,5.4896,5.5496,3782300.0,20866909.0,0.999927927927928,8.55268476,47.4674,11.50587847,63.857626,0.003287276160496418
CN,001896,2018-01-17,5.53,5.55,5.48,5.52,5.5296,5.5496,5.4796,5.5196,3947438.0,21794822.0,0.999927536231884,8.55268476,47.21082,11.50587847,63.512449,0.003430801055558168
CN,001896,2018-01-18,5.51,5.59,5.5,5.58,5.5096,5.5896,5.4996,5.5796,4111928.0,22776861.0,0.9999283154121864,8.55268476,47.723981,11.50587847,64.202802,0.0035737627602458067
CN,001896,2018-01-19,5.57,5.58,5.5,5.57,5.5696,5.5796,5.4996,5.5696,3918754.0,21728187.0,0.9999281867145422,8.55268476,47.638454,11.50587847,64.087743,0.00340587119029426
CN,001896,2018-01-22,5.54,5.6899999999999995,5.54,5.64,5.5396,5.6896,5.5396,5.6396,5312082.0,29868858.0,0.9999290780141844,8.55268476,48.237142,11.50587847,64.893155,0.004616841742115151
CN,001896,2018-01-23,5.62,5.65,5.5600000000000005,5.61,5.6196,5.6495999999999995,5.5596,5.6096,5011132.0,28054108.0,0.9999286987522281,8.55268476,47.980562,11.50587847,64.547978,0.004355279792903983
CN,001896,2018-01-24,5.6,5.62,5.55,5.6,5.5996,5.6196,5.5496,5.5996,5514400.0,30790921.0,0.9999285714285714,8.55268476,47.895035,11.50587847,64.432919,0.004792680554012492
CN,001896,2018-01-25,5.6,5.65,5.5600000000000005,5.61,5.5996,5.6495999999999995,5.5596,5.6096,6890900.0,38632461.0,0.9999286987522281,8.55268476,47.980562,11.50587847,64.547978,0.005989025538525439
CN,001896,2018-01-26,5.6,5.61,5.5600000000000005,5.58,5.5996,5.6096,5.5596,5.5796,4172954.0,23294579.0,0.9999283154121864,8.55268476,47.723981,11.50587847,64.202802,0.0036268017352003197
CN,001896,2018-01-29,5.58,5.84,5.5600000000000005,5.66,5.5796,5.8396,5.5596,5.6596,13174925.0,75007449.0,0.9999293286219081,8.55268476,48.408196,11.50587847,65.123272,0.011450603301913722
CN,001896,2018-01-30,5.65,5.66,5.61,5.65,5.6495999999999995,5.6596,5.6096,5.6495999999999995,5240001.0,29514504.0,0.9999292035398228,8.55268476,48.322669,11.50587847,65.008213,0.0045541946350837826
CN,001896,2018-01-31,5.59,5.59,5.29,5.32,5.5896,5.5896,5.2896,5.3196,10025300.0,54233712.0,0.9999248120300752,8.55268476,45.500283,11.50587847,61.211273,0.008713198237005192
CN,001896,2018-02-01,5.3,5.35,5.0,5.02,5.2996,5.3496,4.9996,5.0196,10876298.0,55706016.0,0.9999203187250996,8.55268476,42.934477,11.50587847,57.75951,0.009452818425258407
CN,001896,2018-02-02,5.03,5.05,4.9,5.02,5.0296,5.0496,4.8995999999999995,5.0196,4616578.0,23017298.0,0.9999203187250996,8.55268476,42.934477,11.50587847,57.75951,0.0040123646465040404
CN,001896,2018-02-05,4.95,5.02,4.9399999999999995,4.97,4.9496,5.0196,4.9396,4.9696,4316561.0,21519718.0,0.9999195171026157,8.55268476,42.506843,11.50587847,57.184216,0.0037516135871370803
CN,001896,2018-02-06,4.87,4.99,4.77,4.77,4.8696,4.9896,4.7697,4.7697,5989450.0,29264401.0,0.9999371069182391,8.55268476,40.796306,11.50587847,54.88304,0.005205556460218722
CN,001896,2018-02-07,4.85,4.87,4.6899999999999995,4.77,4.8496,4.8696,4.6897,4.7697,4263309.0,20407859.0,0.9999371069182391,8.55268476,40.796306,11.50587847,54.88304,0.003705331158430009
CN,001896,2018-02-08,4.77,4.87,4.77,4.83,4.7697,4.8696,4.7697,4.8297,3313711.0,16024752.0,0.9999378881987577,8.55268476,41.309467,11.50587847,55.573393,0.002880015644733296
CN,001896,2018-02-09,4.77,4.8,4.5600000000000005,4.66,4.7697,4.7997,4.5597,4.6597,6149158.0,28880419.0,0.9999356223175965,8.55268476,39.855511,11.50587847,53.617394,0.005344362028534446
CN,001896,2018-02-12,4.68,4.78,4.66,4.76,4.6797,4.7797,4.6597,4.7597000000000005,2940229.0,13928977.0,0.9999369747899162,8.55268476,40.710779,11.50587847,54.767982,0.0025554146149433473
CN,001896,2018-02-13,4.78,4.83,4.75,4.76,4.7797,4.8297,4.7497,4.7597000000000005,2852700.0,13662563.0,0.9999369747899162,8.55268476,40.710779,11.50587847,54.767982,0.002479341327511866
CN,001896,2018-02-14,4.76,4.8,4.73,4.79,4.7597000000000005,4.7997,4.7297,4.7897,1573719.0,7506193.0,0.9999373695198329,8.55268476,40.96736,11.50587847,55.113158,0.0013677521486979516
CN,001896,2018-02-22,4.8100000000000005,4.87,4.8100000000000005,4.86,4.8097,4.8696,4.8097,4.8597,2637800.0,12769018.0,0.9999382716049382,8.55268476,41.566048,11.50587847,55.918569,0.0022925672358505276
CN,001896,2018-02-23,4.86,4.9,4.85,4.88,4.8597,4.8995999999999995,4.8496,4.8796,2358346.0,11500009.0,0.9999180327868853,8.55268476,41.737102,11.50587847,56.148687,0.002049687910531181
CN,001896,2018-02-26,4.91,4.97,4.86,4.95,4.9096,4.9696,4.8597,4.9496,3542835.0,17399033.0,0.9999191919191919,8.55268476,42.33579,11.50587847,56.954098,0.0030791521127547595
CN,001896,2018-02-27,4.95,4.97,4.92,4.9399999999999995,4.9496,4.9696,4.9196,4.9396,2743003.0,13561638.0,0.9999190283400812,8.55268476,42.250263,11.50587847,56.83904,0.0023840013669117087
CN,001896,2018-02-28,4.9399999999999995,4.95,4.85,4.93,4.9396,4.9496,4.8496,4.9296,2409300.0,11829164.0,0.9999188640973631,8.55268476,42.164736,11.50587847,56.723981,0.002093973099300431
CN,001896,2018-03-01,4.92,4.98,4.88,4.97,4.9196,4.9796,4.8796,4.9696,3991325.0,19725856.0,0.9999195171026157,8.55268476,42.506843,11.50587847,57.184216,0.003468944166590002
CN,001896,2018-03-02,4.95,4.98,4.92,4.97,4.9496,4.9796,4.9196,4.9696,2335210.0,11570280.0,0.9999195171026157,8.55268476,42.506843,11.50587847,57.184216,0.002029579928285128
CN,001896,2018-03-05,4.95,4.97,4.92,4.9399999999999995,4.9496,4.9696,4.9196,4.9396,2622652.0,12954588.0,0.9999190283400812,8.55268476,42.250263,11.50587847,56.83904,0.0022794017917347254
CN,001896,2018-03-06,4.95,5.0,4.92,5.0,4.9496,4.9996,4.9196,4.9996,3936625.0,19554649.0,0.99992,8.55268476,42.763424,11.50587847,57.529392,0.003421403250750657
CN,001896,2018-03-07,4.99,5.14,4.96,5.04,4.9896,5.1396,4.9596,5.0396,9031802.0,45758858.0,0.9999206349206349,8.55268476,43.105531,11.50587847,57.989627,0.007849728313704325
CN,001896,2018-03-08,5.01,5.14,5.01,5.09,5.0096,5.1396,5.0096,5.0896,5879483.0,29899136.0,0.9999214145383104,8.55268476,43.533165,11.50587847,58.564921,0.0051099818369626845
CN,001896,2018-03-09,5.13,5.14,5.06,5.12,5.1296,5.1396,5.0596,5.1196,3985283.0,20340179.0,0.999921875,8.55268476,43.789746,11.50587847,58.910098,0.0034636929378239817
CN,001896,2018-03-12,5.14,5.35,5.13,5.26,5.1396,5.3496,5.1296,5.2596,9714064.0,50829421.0,0.9999239543726236,8.55268476,44.987122,11.50587847,60.520921,0.008442696509725954
CN,001896,2018-03-13,5.27,5.4,5.21,5.39,5.2696,5.3996,5.2096,5.3896,9470083.0,50259688.0,0.999925788497217,8.55268476,46.098971,11.50587847,62.016685,0.00823064751178447
CN,001896,2018-03-14,5.4,5.49,5.22,5.25,5.3996,5.4896,5.2196,5.2496,10523858.0,56307516.0,0.9999238095238095,8.55268476,44.901595,11.50587847,60.405862,0.00914650543845002
CN,001896,2018-03-15,5.21,5.3,5.14,5.24,5.2096,5.2996,5.1396,5.2396,4724265.0,24690257.0,0.9999236641221374,8.55268476,44.816068,11.50587847,60.290803,0.004105957673999315
CN,001896,2018-03-16,5.22,5.27,5.16,5.2,5.2196,5.2696,5.1596,5.1996,4204200.0,21955454.0,0.9999230769230769,8.55268476,44.473961,11.50587847,59.830568,0.0036539582883322423
CN,001896,2018-03-19,5.2,5.22,5.16,5.2,5.1996,5.2196,5.1596,5.1996,2268600.0,11772379.0,0.9999230769230769,8.55268476,44.473961,11.50587847,59.830568,0.0019716877819586425
CN,001896,2018-03-20,5.16,5.23,5.09,5.18,5.1596,5.2296,5.0896,5.1796,4240168.0,21832449.0,0.9999227799227799,8.55268476,44.302907,11.50587847,59.60045,0.003685218830579218
CN,001896,2018-03-21,5.17,5.22,5.1,5.1,5.1696,5.2196,5.0996,5.0996,9937991.0,51253842.0,0.999921568627451,8.55268476,43.618692,11.50587847,58.67998,0.008637316156182205
CN,001896,2018-03-22,5.08,5.17,5.05,5.11,5.0796,5.1696,5.0496,5.1096,4708500.0,24067118.0,0.9999217221135029,8.55268476,43.704219,11.50587847,58.795039,0.00409225598225878
CN,001896,2018-03-23,5.02,5.02,4.68,4.76,5.0196,5.0196,4.6797,4.7597000000000005,9405100.0,45934933.0,0.9999369747899162,8.55268476,40.710779,11.50587847,54.767982,0.008174169425239897
CN,001896,2018-03-26,4.66,4.79,4.5600000000000005,4.78,4.6597,4.7897,4.5597,4.7797,4859694.0,22860660.0,0.9999372384937238,8.55268476,40.881833,11.50587847,54.998099,0.004223661854825762
CN,001896,2018-03-27,4.82,4.9,4.8100000000000005,4.87,4.8197,4.8995999999999995,4.8097,4.8696,4122402.0,20056205.0,0.9999178644763861,8.55268476,41.651575,11.50587847,56.033628,0.0035828659330520464
CN,001896,2018-03-28,4.83,4.87,4.8100000000000005,4.83,4.8297,4.8696,4.8097,4.8297,3087088.0,14949937.0,0.9999378881987577,8.55268476,41.309467,11.50587847,55.573393,0.0026830528482020373
CN,001896,2018-03-29,4.85,4.93,4.85,4.91,4.8496,4.9296,4.8496,4.9096,3225498.0,15795702.0,0.999918533604888,8.55268476,41.993682,11.50587847,56.493863,0.002803347878573586
CN,001896,2018-03-30,4.92,4.99,4.91,4.92,4.9196,4.9896,4.9096,4.9196,4406158.0,21824303.0,0.9999186991869918,8.55268476,42.079209,11.50587847,56.608922,0.003829484216688411
CN,001896,2018-04-02,4.9399999999999995,4.98,4.92,4.95,4.9396,4.9796,4.9196,4.9496,3813272.0,18895217.0,0.9999191919191919,8.55268476,42.33579,11.50587847,56.954098,0.00331419457448867
CN,001896,2018-04-03,4.9,4.95,4.88,4.92,4.8995999999999995,4.9496,4.8796,4.9196,3139216.0,15425750.0,0.9999186991869918,8.55268476,42.079209,11.50587847,56.608922,0.0027283583849638904
CN,001896,2018-04-04,4.91,4.96,4.87,4.87,4.9096,4.9596,4.8696,4.8696,2019100.0,9940732.0,0.9999178644763861,8.55268476,41.651575,11.50587847,56.033628,0.0017548421055067862
CN,001896,2018-04-09,4.87,4.89,4.83,4.87,4.8696,4.8896,4.8297,4.8696,2105358.0,10222858.0,0.9999178644763861,8.55268476,41.651575,11.50587847,56.033628,0.001829810740213737
CN,001896,2018-04-10,4.87,4.95,4.85,4.95,4.8696,4.9496,4.8496,4.9496,3115357.0,15196027.0,0.9999191919191919,8.55268476,42.33579,11.50587847,56.954098,0.002707622028272649
CN,001896,2018-04-11,4.95,5.01,4.92,4.97,4.9496,5.0096,4.9196,4.9696,3126000.0,15530871.0,0.9999195171026157,8.55268476,42.506843,11.50587847,57.184216,0.00271687208251905
CN,001896,2018-04-12,4.96,5.01,4.9399999999999995,4.95,4.9596,5.0096,4.9396,4.9496,2709100.0,13487702.0,0.9999191919191919,8.55268476,42.33579,11.50587847,56.954098,0.0023545355594217394
CN,001896,2018-04-13,4.96,5.02,4.95,4.96,4.9596,5.0196,4.9496,4.9596,2324700.0,11575322.0,0.9999193548387096,8.55268476,42.421316,11.50587847,57.069157,0.002020445467124771
CN,001896,2018-04-16,4.82,4.84,4.71,4.74,4.8197,4.8397,4.7097,4.7397,5663590.0,27057213.0,0.9999367088607595,8.55268476,40.539726,11.50587847,54.537864,0.0049223447082002774
CN,001896,2018-04-17,4.75,4.78,4.67,4.7,4.7497,4.7797,4.6697,4.6997,2676700.0,12654915.0,0.9999361702127659,8.55268476,40.197618,11.50587847,54.077629,0.002326376040716168
CN,001896,2018-04-18,4.74,4.75,4.65,4.73,4.7397,4.7497,4.6497,4.7297,2405362.0,11308141.0,0.999936575052854,8.55268476,40.454199,11.50587847,54.422805,0.002090550501008377
CN,001896,2018-04-19,4.72,4.76,4.72,4.72,4.7197,4.7597000000000005,4.7197,4.7197,2129311.0,10078883.0,0.999936440677966,8.55268476,40.368672,11.50587847,54.307746,0.001850628794274063
CN,001896,2018-04-20,4.7,4.73,4.57,4.57,4.6997,4.7297,4.5697,4.5697,2928000.0,13564239.0,0.9999343544857767,8.55268476,39.085769,11.50587847,52.581865,0.0025447861348738892
CN,001896,2018-04-23,4.5600000000000005,4.62,4.53,4.62,4.5597,4.6197,4.5297,4.6197,2550211.0,11668668.0,0.9999350649350649,8.55268476,39.513404,11.50587847,53.157159,0.0022164418011621843
CN,001896,2018-04-24,4.6,4.67,4.58,4.66,4.5997,4.6697,4.5797,4.6597,1926601.0,8934573.0,0.9999356223175965,8.55268476,39.855511,11.50587847,53.617394,0.0016744492869652221
CN,001896,2018-04-25,4.62,4.67,4.58,4.64,4.6197,4.6697,4.5797,4.6397,2547600.0,11793720.0,0.9999353448275864,8.55268476,39.684457,11.50587847,53.387276,0.0022141725263677323
CN,001896,2018-04-26,4.61,4.63,4.52,4.52,4.6097,4.6297,4.5197,4.5197,2718401.0,12412394.0,0.9999336283185842,8.55268476,38.658135,11.50587847,52.006571,0.0023626192533563236
CN,001896,2018-04-27,4.54,4.58,4.52,4.55,4.5397,4.5797,4.5197,4.5497,1612000.0,7348815.0,0.9999340659340659,8.55268476,38.914716,11.50587847,52.351747,0.0014010229676969636
CN,001896,2018-05-02,4.55,4.55,4.46,4.47,4.5497,4.5497,4.4597,4.4697,4565300.0,20492328.0,0.9999328859060402,8.55268476,38.230501,11.50587847,51.431277,0.003967797862547735
CN,001896,2018-05-03,4.48,4.52,4.42,4.49,4.4797,4.5197,4.4197,4.4897,3327600.0,14880803.0,0.9999331848552339,8.55268476,38.401555,11.50587847,51.661394,0.0028920868655759407
CN,001896,2018-05-04,4.5,4.53,4.47,4.51,4.4997,4.5297,4.4697,4.5097000000000005,2109300.0,9506020.0,0.9999334811529935,8.55268476,38.572608,11.50587847,51.891512,0.0018332368149895815
CN,001896,2018-05-07,4.53,4.58,4.51,4.57,4.5297,4.5797,4.5097000000000005,4.5697,2980801.0,13565345.0,0.9999343544857767,8.55268476,39.085769,11.50587847,52.581865,0.0025906765900335464
CN,001896,2018-05-08,4.5600000000000005,4.58,4.53,4.57,4.5597,4.5797,4.5297,4.5697,2982000.0,13595127.0,0.9999343544857767,8.55268476,39.085769,11.50587847,52.581865,0.0025917186660498422
CN,001896,2018-05-09,4.58,4.58,4.48,4.48,4.5797,4.5797,4.4797,4.4797,6598500.0,29718747.0,0.9999330357142857,9.29511873,41.642132,11.50587847,51.546336,0.0057348945734171305
CN,001896,2018-05-10,4.5,4.51,4.43,4.46,4.4997,4.5097000000000005,4.4297,4.4597,7590210.0,33905433.0,0.9999327354260089,9.29511873,41.45623,11.50587847,51.316218,0.0065968105084635055
CN,001896,2018-05-11,4.46,4.48,4.43,4.45,4.4597,4.4797,4.4297,4.4497,5722745.0,25509019.0,0.9999325842696629,9.29511873,41.363278,11.50587847,51.201159,0.004973757557861638
CN,001896,2018-05-14,4.45,4.46,4.35,4.35,4.4497,4.4597,4.3497,4.3497,7007300.0,30851988.0,0.9999310344827588,9.29511873,40.433766,11.50587847,50.050571,0.006090191216838048
CN,001896,2018-05-15,4.37,4.46,4.35,4.44,4.3697,4.4597,4.3497,4.4397,5849606.0,25679976.0,0.9999324324324323,9.29511873,41.270327,11.50587847,51.0861,0.005084015110408167
CN,001896,2018-05-16,4.41,4.42,4.37,4.39,4.4097,4.4197,4.3697,4.3897,3938712.0,17289153.0,0.9999316628701597,9.29511873,40.805571,11.50587847,50.510806,0.0034232171061685133
CN,001896,2018-05-17,4.4,4.4,4.33,4.34,4.3997,4.3997,4.3297,4.3397,4191800.0,18280171.0,0.9999308755760368,9.29511873,40.340815,11.50587847,49.935513,0.003643181188580727
CN,001896,2018-05-18,4.35,4.39,4.32,4.38,4.3497,4.3897,4.3197,4.3797,4169371.0,18149662.0,0.999931506849315,9.29511873,40.71262,11.50587847,50.395748,0.0036236876748447005
CN,001896,2018-05-21,4.4,4.46,4.38,4.43,4.3997,4.4597,4.3797,4.4297,8714083.0,38473121.0,0.9999322799097067,9.29511873,41.177376,11.50587847,50.971042,0.007573592075321129
CN,001896,2018-05-22,4.43,4.44,4.39,4.43,4.4297,4.4397,4.3897,4.4297,6730583.0,29717532.0,0.9999322799097067,9.29511873,41.177376,11.50587847,50.971042,0.005849690675552564
CN,001896,2018-05-23,4.44,4.55,4.41,4.5,4.4397,4.5497,4.4097,4.4997,17329048.0,77843833.0,0.9999333333333333,9.29511873,41.828034,11.50587847,51.776453,0.01506103862054785
CN,001896,2018-05-24,4.48,4.5,4.44,4.45,4.4797,4.4997,4.4397,4.4497,9318900.0,41625054.0,0.9999325842696629,9.29511873,41.363278,11.50587847,51.201159,0.008099251199547913
CN,001896,2018-05-25,4.43,4.45,4.34,4.37,4.4297,4.4497,4.3397,4.3697,8787900.0,38392913.0,0.9999313501144165,9.29511873,40.619669,11.50587847,50.280689,0.007637747976317709
CN,001896,2018-05-28,4.37,4.37,4.21,4.23,4.3697,4.3697,4.2097,4.2297,8213543.0,35043357.0,0.9999290780141844,9.29511873,39.318352,11.50587847,48.669866,0.007138562276157954
CN,001896,2018-05-29,4.23,4.24,4.17,4.19,4.2297,4.2397,4.1697,4.1897,5435868.0,22822049.0,0.9999284009546539,9.29511873,38.946547,11.50587847,48.209631,0.004724426747747493
CN,001896,2018-05-30,4.14,4.14,3.98,3.98,4.1397,4.1397,3.9797000000000002,3.9797000000000002,9440401.0,38228247.0,0.999924623115578,9.29511873,36.994573,11.50587847,45.793396,0.008204850263814754
CN,001896,2018-05-31,4.01,4.04,3.99,4.02,4.0097,4.0397,3.9897,4.0197,3842903.0,15430593.0,0.9999253731343285,9.29511873,37.366377,11.50587847,46.253631,0.0033399474972900527
CN,001896,2018-06-01,4.02,4.05,3.98,4.0,4.0197,4.0497,3.9797000000000002,3.9997,3408743.0,13670884.0,0.999925,9.29511873,37.180475,11.50587847,46.023514,0.0029626099466353913
CN,001896,2018-06-04,4.02,4.03,3.98,4.02,4.0197,4.0297,3.9797000000000002,4.0197,2618000.0,10500976.0,0.9999253731343285,9.29511873,37.366377,11.50587847,46.253631,0.002275358641086012
CN,001896,2018-06-05,4.02,4.05,4.0,4.05,4.0197,4.0497,3.9997,4.0497,4269784.0,17206904.0,0.9999259259259259,9.29511873,37.645231,11.50587847,46.598808,0.0037109587165663847
CN,001896,2018-06-06,4.04,4.08,4.02,4.06,4.0397,4.0797,4.0197,4.0597,4852400.0,19650966.0,0.9999261083743844,9.29511873,37.738182,11.50587847,46.713867,0.004217322486633217
CN,001896,2018-06-07,4.06,4.07,4.04,4.04,4.0597,4.0697,4.0397,4.0397,3934318.0,15942252.0,0.9999257425742574,9.29511873,37.55228,11.50587847,46.483749,0.003419398188724307
CN,001896,2018-06-08,4.05,4.05,3.89,3.93,4.0497,4.0497,3.8897,3.9297,7264666.0,28752747.0,0.9999236641221374,9.29511873,36.529817,11.50587847,45.218102,0.006313873398664535
CN,001896,2018-06-11,3.92,3.94,3.88,3.88,3.9196999999999997,3.9397,3.8797,3.8797,3771442.0,14741416.0,0.9999226804123712,9.29511873,36.065061,11.50587847,44.642808,0.0032778392452462606
CN,001896,2018-06-12,3.88,3.93,3.87,3.92,3.8797,3.9297,3.8697,3.9196999999999997,3006558.0,11738581.0,0.999923469387755,9.29511873,36.436865,11.50587847,45.103044,0.002613062538283528
CN,001896,2018-06-13,3.91,3.96,3.89,3.89,3.9097,3.9596999999999998,3.8897,3.8897,3161349.0,12409534.0,0.9999228791773779,9.29511873,36.158012,11.50587847,44.757867,0.0027475946388993973
CN,001896,2018-06-14,3.88,3.94,3.86,3.93,3.8797,3.9397,3.8597,3.9297,3721109.0,14560058.0,0.9999236641221374,9.29511873,36.529817,11.50587847,45.218102,0.003234093780585534
CN,001896,2018-06-15,3.92,3.95,3.8,3.86,3.9196999999999997,3.9497,3.7997,3.8597,4604977.0,17852687.0,0.9999222797927462,9.29511873,35.879158,11.50587847,44.412691,0.00400228197438974
CN,001896,2018-06-19,3.8,3.82,3.4699999999999998,3.51,3.7997,3.8197,3.4697,3.5097,8134800.0,29769484.0,0.99991452991453,9.29511873,32.625867,11.50587847,40.385633,0.00707012508537299
CN,001896,2018-06-20,3.49,3.56,3.45,3.52,3.4897,3.5597,3.4497999999999998,3.5197000000000003,4158000.0,14592322.0,0.9999147727272728,9.29511873,32.718818,11.50587847,40.500692,0.0036138049005483715
CN,001896,2018-06-21,3.5300000000000002,3.55,3.41,3.41,3.5297,3.5497,3.4098,3.4098,5093883.0,17753261.0,0.9999413489736071,9.29511873,31.696355,11.50587847,39.235046,0.00442720042044734
CN,001896,2018-06-22,3.39,3.48,3.37,3.45,3.3898,3.4797000000000002,3.3698,3.4497999999999998,4605101.0,15833485.0,0.9999420289855071,9.29511873,32.06816,11.50587847,39.695281,0.004002389745387255
CN,001896,2018-06-25,3.46,3.49,3.44,3.44,3.4598,3.4897,3.4398,3.4398,3552763.0,12315269.0,0.9999418604651162,9.29511873,31.975208,11.50587847,39.580222,0.003087780745523553
CN,001896,2018-06-26,3.41,3.4699999999999998,3.35,3.4699999999999998,3.4098,3.4697,3.3498,3.4697,4118405.0,14101863.0,0.999913544668588,9.29511873,32.254062,11.50587847,39.925398,0.003579392056624078
CN,001896,2018-06-27,3.45,3.49,3.42,3.45,3.4497999999999998,3.4897,3.4198,3.4497999999999998,3964362.0,13709592.0,0.9999420289855071,9.29511873,32.06816,11.50587847,39.695281,0.003445510058477091
CN,001896,2018-06-28,3.45,3.5,3.42,3.42,3.4497999999999998,3.4997,3.4198,3.4198,4537973.0,15705060.0,0.9999415204678362,9.29511873,31.789306,11.50587847,39.350104,0.00394404739440986
CN,001896,2018-06-29,3.44,3.55,3.43,3.54,3.4398,3.5497,3.4298,3.5397,5756469.0,20161641.0,0.9999152542372881,9.29511873,32.90472,11.50587847,40.73081,0.005003067792701968
CN,001896,2018-07-02,3.5300000000000002,3.55,3.46,3.4699999999999998,3.5297,3.5497,3.4598,3.4697,4808177.0,16873348.0,0.999913544668588,9.29511873,32.254062,11.50587847,39.925398,0.004178887350962955
CN,001896,2018-07-03,3.48,3.56,3.45,3.56,3.4797000000000002,3.5597,3.4497999999999998,3.5597,4595001.0,16110745.0,0.9999157303370786,9.29511873,33.090623,11.50587847,40.960927,0.003993611623815456
CN,001896,2018-07-04,3.55,3.58,3.48,3.51,3.5497,3.5797,3.4797000000000002,3.5097,3788410.0,13366720.0,0.99991452991453,9.29511873,32.625867,11.50587847,40.385633,0.003292586489486882
CN,001896,2018-07-05,3.5,3.54,3.45,3.45,3.4997,3.5397,3.4497999999999998,3.4497999999999998,4211000.0,14702866.0,0.9999420289855071,9.29511873,32.06816,11.50587847,39.695281,0.0036598683107766216
CN,001896,2018-07-06,3.45,3.5300000000000002,3.4,3.49,3.4497999999999998,3.5297,3.3998,3.4897,4006164.0,13911996.0,0.9999140401146132,9.29511873,32.439964,11.50587847,40.155516,0.0034818410523329646
CN,001896,2018-07-09,3.49,3.54,3.49,3.54,3.4897,3.5397,3.4897,3.5397,2896158.0,10193506.0,0.9999152542372881,9.29511873,32.90472,11.50587847,40.73081,0.002517111585657136
CN,001896,2018-07-10,3.52,3.55,3.51,3.54,3.5197000000000003,3.5497,3.5097,3.5397,2476115.0,8734752.0,0.9999152542372881,9.29511873,32.90472,11.50587847,40.73081,0.0021520434154211955
CN,001896,2018-07-11,3.51,3.51,3.42,3.45,3.5097,3.5097,3.4198,3.4497999999999998,4529860.0,15681934.0,0.9999420289855071,9.29511873,32.06816,11.50587847,39.695281,0.003936996216161146
CN,001896,2018-07-12,3.45,3.54,3.45,3.52,3.4497999999999998,3.5397,3.4497999999999998,3.5197000000000003,3101503.0,10862195.0,0.9999147727272728,9.29511873,32.718818,11.50587847,40.500692,0.0026955812266631738
CN,001896,2018-07-13,3.5300000000000002,3.54,3.51,3.5300000000000002,3.5297,3.5397,3.5097,3.5297,2049315.0,7223151.0,0.999915014164306,9.29511873,32.811769,11.50587847,40.615751,0.0017811025949416273
CN,001896,2018-07-16,3.48,3.5,3.44,3.46,3.4797000000000002,3.4997,3.4398,3.4598,3764403.0,13046853.0,0.999942196531792,9.29511873,32.161111,11.50587847,39.81034,0.0032717215028953803
CN,001896,2018-07-17,3.4699999999999998,3.4699999999999998,3.43,3.46,3.4697,3.4697,3.4298,3.4598,2662795.0,9185170.0,0.999942196531792,9.29511873,32.161111,11.50587847,39.81034,0.00231429091393836
CN,001896,2018-07-18,3.46,3.58,3.45,3.52,3.4598,3.5797,3.4497999999999998,3.5197000000000003,7095295.0,25005746.0,0.9999147727272728,9.29511873,32.718818,11.50587847,40.500692,0.0061666695146311585
CN,001896,2018-07-19,3.52,3.5300000000000002,3.43,3.45,3.5197000000000003,3.5297,3.4298,3.4497999999999998,3711700.0,12890104.0,0.9999420289855071,9.29511873,32.06816,11.50587847,39.695281,0.0032259162215885983
CN,001896,2018-07-20,3.42,3.57,3.42,3.52,3.4198,3.5697,3.4198,3.5197000000000003,4306100.0,15049539.0,0.9999147727272728,9.29511873,32.718818,11.50587847,40.500692,0.003742521712903161
CN,001896,2018-07-23,3.51,3.61,3.49,3.6,3.5097,3.6097,3.4897,3.5997,5376494.0,19194240.0,0.9999166666666666,9.29511873,33.462427,11.50587847,41.421162,0.004672823560598585
CN,001896,2018-07-24,3.61,3.7,3.6,3.69,3.6097,3.6997,3.5997,3.6897,5810115.0,21184886.0,0.9999186991869919,9.29511873,34.298988,11.50587847,42.456692,0.005049692655062435
CN,001896,2018-07-25,3.71,3.71,3.64,3.66,3.7096999999999998,3.7096999999999998,3.6397,3.6597,4206798.0,15416875.0,0.9999180327868852,9.29511873,34.020135,11.50587847,42.111515,0.0036562162645543744
CN,001896,2018-07-26,3.66,3.79,3.66,3.76,3.6597,3.7897,3.6597,3.7597,9033678.0,33799944.0,0.9999202127659576,9.29511873,34.949646,11.50587847,43.262103,0.007851358784602216
CN,001896,2018-07-27,3.7199999999999998,3.88,3.71,3.71,3.7197,3.8797,3.7096999999999998,3.7096999999999998,7911175.0,30021148.0,0.9999191374663072,9.29511873,34.48489,11.50587847,42.686809,0.006875767913442944
CN,001896,2018-07-30,3.71,3.79,3.68,3.71,3.7096999999999998,3.7897,3.6797,3.7096999999999998,5875600.0,21891295.0,0.9999191374663072,9.29511873,34.48489,11.50587847,42.686809,0.005106607040322755
CN,001896,2018-07-31,3.69,3.7800000000000002,3.69,3.77,3.6897,3.7797,3.6897,3.7697000000000003,4226900.0,15841257.0,0.9999204244031831,9.29511873,35.042598,11.50587847,43.377162,0.0036736873338450967
CN,001896,2018-08-01,3.77,3.7800000000000002,3.67,3.67,3.7697000000000003,3.7797,3.6696999999999997,3.6696999999999997,3685311.0,13706253.0,0.9999182561307901,9.29511873,34.113086,11.50587847,42.226574,0.003202980988899668
CN,001896,2018-08-02,3.68,3.7,3.49,3.56,3.6797,3.6997,3.4897,3.5597,5288713.0,18907559.0,0.9999157303370786,9.29511873,33.090623,11.50587847,40.960927,0.004596531254688283
CN,001896,2018-08-03,3.5300000000000002,3.6,3.52,3.57,3.5297,3.5997,3.5197000000000003,3.5697,3872540.0,13812128.0,0.9999159663865547,9.29511873,33.183574,11.50587847,41.075986,0.0033657056348171213
CN,001896,2018-08-06,3.55,3.57,3.4,3.44,3.5497,3.5697,3.3998,3.4398,5963100.0,20760455.0,0.9999418604651162,9.29511873,31.975208,11.50587847,39.580222,0.005182655123246752
CN,001896,2018-08-07,3.44,3.56,3.43,3.54,3.4398,3.5597,3.4298,3.5397,4088401.0,14282580.0,0.9999152542372881,9.29511873,32.90472,11.50587847,40.73081,0.0035533149517092025
CN,001896,2018-08-08,3.55,3.59,3.54,3.54,3.5497,3.5897,3.5397,3.5397,3904600.0,13910426.0,0.9999152542372881,9.29511873,32.90472,11.50587847,40.73081,0.0033935696524004743
CN,001896,2018-08-09,3.55,3.67,3.5300000000000002,3.64,3.5497,3.6696999999999997,3.5297,3.6397,4610078.0,16709827.0,0.9999175824175823,9.29511873,33.834232,11.50587847,41.881398,0.004006715360343972
CN,001896,2018-08-10,3.62,3.66,3.62,3.64,3.6197,3.6597,3.6197,3.6397,2037301.0,7415572.0,0.9999175824175823,9.29511873,33.834232,11.50587847,41.881398,0.0017706609758759255
CN,001896,2018-08-13,3.61,3.64,3.55,3.62,3.6097,3.6397,3.5497,3.6197,2513900.0,9044829.0,0.9999171270718231,9.29511873,33.64833,11.50587847,41.65128,0.002184883150430147
CN,001896,2018-08-14,3.6,3.64,3.59,3.62,3.5997,3.6397,3.5897,3.6197,1735400.0,6276064.0,0.9999171270718231,9.29511873,33.64833,11.50587847,41.65128,0.001508272492643493
CN,001896,2018-08-15,3.61,3.63,3.5,3.51,3.6097,3.6297,3.4997,3.5097,3668700.0,13005539.0,0.99991452991453,9.29511873,32.625867,11.50587847,40.385633,0.0031885440208373763
CN,001896,2018-08-16,3.5,3.52,3.45,3.4699999999999998,3.5,3.52,3.45,3.4699999999999998,2681700.0,9332402.0,1.0,9.29511873,32.254062,11.50587847,39.925398,0.002330721645454682
CN,001896,2018-08-17,3.49,3.49,3.39,3.41,3.49,3.49,3.39,3.41,3423406.0,11774224.0,1.0,9.29511873,31.696355,11.50587847,39.235046,0.0029753538670915583
CN,001896,2018-08-20,3.41,3.43,3.36,3.43,3.41,3.43,3.36,3.43,2965609.0,10050139.0,1.0,9.29511873,31.882257,11.50587847,39.465163,0.002577472904596045
CN,001896,2018-08-21,3.42,3.48,3.4,3.4699999999999998,3.42,3.48,3.4,3.4699999999999998,4729600.0,16233291.0,1.0,9.29511873,32.254062,11.50587847,39.925398,0.00411059443425531
CN,001896,2018-08-22,3.45,3.45,3.37,3.41,3.45,3.45,3.37,3.41,3627700.0,12368183.0,1.0,9.29511873,31.696355,11.50587847,39.235046,0.00315291006198156
CN,001896,2018-08-23,3.4,3.43,3.36,3.4,3.4,3.43,3.36,3.4,2472173.0,8394430.0,1.0,9.29511873,31.603404,11.50587847,39.119987,0.002148617340645351
CN,001896,2018-08-24,3.39,3.41,3.36,3.39,3.39,3.41,3.36,3.39,2249973.0,7614685.0,1.0,9.29511873,31.510452,11.50587847,39.004928,0.001955498666065782
CN,001896,2018-08-27,3.39,3.46,3.38,3.45,3.39,3.46,3.38,3.45,3845700.0,13197539.0,1.0,9.29511873,32.06816,11.50587847,39.695281,0.0033423784285807777
CN,001896,2018-08-28,3.44,3.48,3.44,3.45,3.4398,3.4797000000000002,3.4398,3.4497999999999998,2190410.0,7573859.0,0.9999420289855071,9.29511873,32.06816,11.50587847,39.695281,0.0019037312150577581
CN,001896,2018-08-29,3.46,3.46,3.44,3.45,3.4598,3.4598,3.4398,3.4497999999999998,1714600.0,5912079.0,0.9999420289855071,9.29511873,32.06816,11.50587847,39.695281,0.0014901947769312741
CN,001896,2018-08-30,3.44,3.4699999999999998,3.4,3.41,3.4398,3.4697,3.3998,3.4098,2888200.0,9904127.0,0.9999413489736071,9.29511873,31.696355,11.50587847,39.235046,0.002510195121155317
CN,001896,2018-08-31,3.41,3.41,3.35,3.35,3.4098,3.4098,3.3498,3.3498,2356359.0,7951586.0,0.9999402985074627,9.29511873,31.138648,11.50587847,38.544693,0.0020479609672080954
CN,001896,2018-09-03,3.35,3.38,3.32,3.37,3.3498,3.3798,3.3198,3.3698,2487200.0,8337745.0,0.9999406528189911,9.29511873,31.32455,11.50587847,38.77481,0.0021616776211264813
CN,001896,2018-09-04,3.37,3.41,3.35,3.39,3.3698,3.4098,3.3498,3.3898,2193800.0,7432122.0,0.9999410029498526,9.29511873,31.510452,11.50587847,39.004928,0.0019066775350704709
CN,001896,2018-09-05,3.39,3.43,3.38,3.39,3.3898,3.4298,3.3798,3.3898,2819644.0,9609525.0,0.9999410029498526,9.29511873,31.510452,11.50587847,39.004928,0.0024506116654646015
CN,001896,2018-09-06,3.39,3.41,3.36,3.36,3.3898,3.4098,3.3598,3.3598,2154327.0,7294354.0,0.9999404761904762,9.29511873,31.231599,11.50587847,38.659752,0.001872370723901797
CN,001896,2018-09-07,3.36,3.42,3.36,3.4,3.3598,3.4198,3.3598,3.3998,2950700.0,10027103.0,0.9999411764705882,9.29511873,31.603404,11.50587847,39.119987,0.0025645151803867436
CN,001896,2018-09-10,3.39,3.4,3.35,3.35,3.3898,3.3998,3.3498,3.3498,2168148.0,7303561.0,0.9999402985074627,9.29511873,31.138648,11.50587847,38.544693,0.0018843828445199978
CN,001896,2018-09-11,3.35,3.37,3.29,3.32,3.3498,3.3698,3.2898,3.3198,3372900.0,11216467.0,0.9999397590361446,9.29511873,30.859794,11.50587847,38.199517,0.0029314580445068787
CN,001896,2018-09-12,3.32,3.36,3.31,3.33,3.3198,3.3598,3.3098,3.3298,2059874.0,6875759.0,0.9999399399399399,9.29511873,30.952745,11.50587847,38.314575,0.0017902796430284214
CN,001896,2018-09-13,3.34,3.37,3.32,3.36,3.3398,3.3698,3.3198,3.3598,2893788.0,9692057.0,0.9999404761904762,9.29511873,31.231599,11.50587847,38.659752,0.00251505176901108
CN,001896,2018-09-14,3.35,3.4,3.35,3.39,3.3498,3.3998,3.3498,3.3898,2849300.0,9614232.0,0.9999410029498526,9.29511873,31.510452,11.50587847,39.004928,0.0024763863162896764
CN,001896,2018-09-17,3.38,3.38,3.31,3.34,3.3798,3.3798,3.3098,3.3398,2321000.0,7753948.0,0.999940119760479,9.29511873,31.045697,11.50587847,38.429634,0.002017229719618271
CN,001896,2018-09-18,3.34,3.4,3.33,3.4,3.3398,3.3998,3.3298,3.3998,2734301.0,9214507.0,0.9999411764705882,9.29511873,31.603404,11.50587847,39.119987,0.0023764382764247987
CN,001896,2018-09-19,3.39,3.44,3.38,3.41,3.3898,3.4398,3.3798,3.4098,3238401.0,11037700.0,0.9999413489736071,9.29511873,31.696355,11.50587847,39.235046,0.002814562146161796
CN,001896,2018-09-20,3.41,3.43,3.4,3.4,3.4098,3.4298,3.3998,3.3998,2135000.0,7292287.0,0.9999411764705882,9.29511873,31.603404,11.50587847,39.119987,0.0018555732233455444
CN,001896,2018-09-21,3.42,3.4699999999999998,3.4,3.45,3.4198,3.4697,3.3998,3.4497999999999998,3263848.0,11225464.0,0.9999420289855071,9.29511873,32.06816,11.50587847,39.695281,0.0028366786669179896
CN,001896,2018-09-25,3.42,3.46,3.42,3.44,3.4198,3.4598,3.4198,3.4398,1742200.0,6004689.0,0.9999418604651162,9.29511873,31.975208,11.50587847,39.580222,0.0015141825150878723
CN,001896,2018-09-26,3.45,3.4699999999999998,3.42,3.43,3.4497999999999998,3.4697,3.4198,3.4298,3554100.0,12252226.0,0.9999416909620992,9.29511873,31.882257,11.50587847,39.465163,0.003088942760230632
CN,001896,2018-09-27,3.45,3.45,3.39,3.39,3.4497999999999998,3.4497999999999998,3.3898,3.3898,2237200.0,7668170.0,0.9999410029498526,9.29511873,31.510452,11.50587847,39.004928,0.0019443973842007737
CN,001896,2018-09-28,3.39,3.42,3.38,3.4,3.3898,3.4198,3.3798,3.3998,2357900.0,8017858.0,0.9999411764705882,9.29511873,31.603404,11.50587847,39.119987,0.0020493002825885055
CN,001896,2018-10-08,3.39,3.39,3.31,3.32,3.3898,3.3898,3.3098,3.3198,2586700.0,8660525.0,0.9999397590361446,9.29511873,30.859794,11.50587847,38.199517,0.002248155155422913
CN,001896,2018-10-09,3.34,3.35,3.31,3.34,3.3398,3.3498,3.3098,3.3398,2206500.0,7345997.0,0.999940119760479,9.29511873,31.045697,11.50587847,38.429634,0.0019177153711062967
CN,001896,2018-10-10,3.34,3.35,3.31,3.32,3.3398,3.3498,3.3098,3.3198,1689727.0,5628038.0,0.9999397590361446,9.29511873,30.859794,11.50587847,38.199517,0.0014685771315990617
CN,001896,2018-10-11,3.27,3.27,2.99,3.01,3.2698,3.2698,2.9898,3.0098,8089514.0,25172957.0,0.9999335548172757,9.29511873,27.978307,11.50587847,34.632694,0.00703076607413532
CN,001896,2018-10-12,3.0,3.02,2.85,2.9,2.9998,3.0198,2.8498,2.8998,5871917.0,17135560.0,0.9999310344827587,9.29511873,26.955844,11.50587847,33.367048,0.005103406067872364
CN,001896,2018-10-15,2.9,2.92,2.83,2.85,2.8998,2.9198,2.8298,2.8498,3264076.0,9422173.0,0.9999298245614036,9.29511873,26.491088,11.50587847,32.791754,0.0028368768264940662
CN,001896,2018-10-16,2.86,2.88,2.81,2.82,2.8598,2.8798,2.8098,2.8198,3112500.0,8847853.0,0.9999290780141844,9.29511873,26.212235,11.50587847,32.446577,0.0027051389497250618
CN,001896,2018-10-17,2.85,2.87,2.79,2.86,2.8498,2.8698,2.7898,2.8598,3810976.0,10826840.0,0.9999300699300699,9.29511873,26.58404,11.50587847,32.906812,0.0033121990727927445
CN,001896,2018-10-18,2.85,2.85,2.74,2.75,2.8498,2.8498,2.7398,2.7498,4063200.0,11321676.0,0.9999272727272728,9.29511873,25.561577,11.50587847,31.641166,0.0035314122347061432
CN,001896,2018-10-19,2.74,2.79,2.69,2.79,2.7398,2.7898,2.6898,2.7898,4057500.0,11138821.0,0.9999283154121864,9.29511873,25.933381,11.50587847,32.101401,0.003526458245304237
CN,001896,2018-10-22,2.79,2.9699999999999998,2.79,2.96,2.7898,2.9698,2.7898,2.9598,7742186.0,22483577.0,0.9999324324324325,9.29511873,27.513551,11.50587847,34.0574,0.006728896033611591
CN,001896,2018-10-23,2.94,2.96,2.89,2.94,2.9398,2.9598,2.8898,2.9398,4673282.0,13663468.0,0.9999319727891156,9.29511873,27.327649,11.50587847,33.827283,0.004061647280722582
CN,001896,2018-10-24,2.91,2.98,2.91,2.94,2.9098,2.9798,2.9098,2.9398,4359100.0,12845262.0,0.9999319727891156,9.29511873,27.327649,11.50587847,33.827283,0.003788585123131411
CN,001896,2018-10-25,2.88,2.94,2.85,2.92,2.8798,2.9398,2.8498,2.9198,3241901.0,9377808.0,0.9999315068493151,9.29511873,27.141747,11.50587847,33.597165,0.0028176040694787557
CN,001896,2018-10-26,2.92,2.99,2.92,2.9699999999999998,2.9198,2.9898,2.9198,2.9698,4755400.0,14094886.0,0.9999326599326601,9.29511873,27.606503,11.50587847,34.172459,0.004133017754706043
CN,001896,2018-10-29,2.95,2.9699999999999998,2.9,2.93,2.9497999999999998,2.9698,2.8998,2.9298,2767100.0,8138587.0,0.9999317406143344,9.29511873,27.234698,11.50587847,33.712224,0.0024049445743885038
CN,001896,2018-10-30,2.94,2.99,2.9,2.98,2.9398,2.9898,2.8998,2.9798,4778415.0,14132805.0,0.9999328859060402,9.29511873,27.699454,11.50587847,34.287518,0.004153020573317423
CN,001896,2018-10-31,2.9699999999999998,3.08,2.96,3.06,2.9698,3.0798,2.9598,3.0598,7300182.0,22181140.0,0.9999346405228758,9.29511873,28.443063,11.50587847,35.207988,0.006344741098243149
CN,001896,2018-11-01,3.06,3.09,3.02,3.03,3.0598,3.0898,3.0198,3.0298,3952731.0,12083793.0,0.99993399339934,9.29511873,28.16421,11.50587847,34.862812,0.003435401312734359
CN,001896,2018-11-02,3.06,3.11,3.05,3.1,3.0598,3.1098,3.0498,3.0998,4771179.0,14730453.0,0.9999354838709678,9.29511873,28.814868,11.50587847,35.668223,0.004146731614139846
CN,001896,2018-11-05,3.09,3.16,3.06,3.16,3.0898,3.1598,3.0598,3.1598,5287857.0,16457947.0,0.9999367088607595,9.29511873,29.372575,11.50587847,36.358576,0.0045957872871570495
CN,001896,2018-11-06,3.16,3.19,3.1,3.17,3.1598,3.1898,3.0998,3.1698,4774900.0,15060220.0,0.9999369085173502,9.29511873,29.465526,11.50587847,36.473635,0.004149965613186248
CN,001896,2018-11-07,3.18,3.21,3.14,3.15,3.1798,3.2098,3.1398,3.1498,6711200.0,21327893.0,0.9999365079365079,9.29511873,29.279624,11.50587847,36.243517,0.00583284450422324
CN,001896,2018-11-08,3.17,3.2,3.14,3.15,3.1698,3.1998,3.1398,3.1498,3420300.0,10855960.0,0.9999365079365079,9.29511873,29.279624,11.50587847,36.243517,0.0029726543774279933
CN,001896,2018-11-09,3.14,3.17,3.13,3.15,3.1398,3.1698,3.1298,3.1498,3351990.0,10558439.0,0.9999365079365079,9.29511873,29.279624,11.50587847,36.243517,0.002913284725490413
CN,001896,2018-11-12,3.18,3.3,3.18,3.29,3.1798,3.2998,3.1798,3.2898,8534692.0,27716315.0,0.9999392097264438,9.29511873,30.580941,11.50587847,37.85434,0.0074176795993917705
CN,001896,2018-11-13,3.25,3.43,3.23,3.39,3.2498,3.4298,3.2298,3.3898,13368492.0,44830904.0,0.9999410029498526,9.29511873,31.510452,11.50587847,39.004928,0.011618836436397715
CN,001896,2018-11-14,3.42,3.54,3.39,3.41,3.4198,3.5397,3.3898,3.4098,17779835.0,61448970.0,0.9999413489736071,9.29511873,31.696355,11.50587847,39.235046,0.015452827045199966
CN,001896,2018-11-15,3.4,3.45,3.35,3.38,3.3998,3.4497999999999998,3.3498,3.3798,10021100.0,34020617.0,0.9999408284023669,9.29511873,31.417501,11.50587847,38.889869,0.008709547929024841
CN,001896,2018-11-16,3.42,3.52,3.4,3.45,3.4198,3.5197000000000003,3.3998,3.4497999999999998,9860122.0,34084849.0,0.9999420289855071,9.29511873,32.06816,11.50587847,39.695281,0.008569638577105534
CN,001896,2018-11-19,3.4699999999999998,3.5300000000000002,3.42,3.48,3.4697,3.5297,3.4198,3.4797000000000002,9437363.0,32769867.0,0.9999137931034483,9.29511873,32.347013,11.50587847,40.040457,0.008202209874375633
CN,001896,2018-11-20,3.45,3.4699999999999998,3.33,3.33,3.4497999999999998,3.4697,3.3298,3.3298,6124809.0,20850971.0,0.9999399399399399,9.29511873,30.952745,11.50587847,38.314575,0.005323199802578829
CN,001896,2018-11-21,3.31,3.38,3.3,3.37,3.3098,3.3798,3.2998,3.3698,4543540.0,15195800.0,0.9999406528189911,9.29511873,31.32455,11.50587847,38.77481,0.003948885790725721
CN,001896,2018-11-22,3.36,3.4,3.34,3.37,3.3598,3.3998,3.3398,3.3698,4596297.0,15479665.0,0.9999406528189911,9.29511873,31.32455,11.50587847,38.77481,0.00399473800456368
CN,001896,2018-11-23,3.38,3.38,3.17,3.18,3.3798,3.3798,3.1698,3.1798,6268702.0,20389936.0,0.999937106918239,9.29511873,29.558478,11.50587847,36.588694,0.005448260223106633
CN,001896,2018-11-26,3.18,3.2800000000000002,3.17,3.22,3.1798,3.2798,3.1698,3.2198,5208096.0,16793213.0,0.9999378881987577,9.29511873,29.930282,11.50587847,37.048929,0.004526465331247323
CN,001896,2018-11-27,3.22,3.24,3.18,3.2,3.2198,3.2398,3.1798,3.1998,3698364.0,11886129.0,0.9999375,9.29511873,29.74438,11.50587847,36.818811,0.003214325624630033
CN,001896,2018-11-28,3.21,3.2800000000000002,3.16,3.27,3.2098,3.2798,3.1598,3.2698,5927192.0,19150673.0,0.9999388379204893,9.29511873,30.395038,11.50587847,37.624223,0.005151446728256639
CN,001896,2018-11-29,3.3,3.31,3.21,3.21,3.2998,3.3098,3.2098,3.2098,4638290.0,15176375.0,0.9999376947040498,9.29511873,29.837331,11.50587847,36.93387,0.004031235000520565
CN,001896,2018-11-30,3.19,3.22,3.13,3.21,3.1898,3.2198,3.1298,3.2098,4480356.0,14246916.0,0.9999376947040498,9.29511873,29.837331,11.50587847,36.93387,0.0038939712527660654
CN,001896,2018-12-03,3.26,3.32,3.26,3.3,3.2598,3.3198,3.2598,3.2998,8294664.0,27354599.0,0.9999393939393939,9.29511873,30.673892,11.50587847,37.969399,0.007209066236556556
CN,001896,2018-12-04,3.2800000000000002,3.37,3.2800000000000002,3.37,3.2798,3.3698,3.2798,3.3698,5729800.0,19053584.0,0.9999406528189911,9.29511873,31.32455,11.50587847,38.77481,0.004979889206147682
CN,001896,2018-12-05,3.3,3.35,3.2800000000000002,3.34,3.2998,3.3498,3.2798,3.3398,5667380.0,18805761.0,0.999940119760479,9.29511873,31.045697,11.50587847,38.429634,0.004925638676592071
CN,001896,2018-12-06,3.32,3.33,3.26,3.2800000000000002,3.3198,3.3298,3.2598,3.2798,4458463.0,14665163.0,0.9999390243902437,9.29511873,30.487989,11.50587847,37.739281,0.0038749435878580075
CN,001896,2018-12-07,3.2800000000000002,3.31,3.27,3.3,3.2798,3.3098,3.2698,3.2998,2154522.0,7088495.0,0.9999393939393939,9.29511873,30.673892,11.50587847,37.969399,0.0018725402024865991
CN,001896,2018-12-10,3.2800000000000002,3.29,3.22,3.26,3.2798,3.2898,3.2198,3.2598,3357997.0,10929037.0,0.9999386503067484,9.29511873,30.302087,11.50587847,37.509164,0.0029185055350232636
CN,001896,2018-12-11,3.26,3.3,3.24,3.29,3.2598,3.2998,3.2398,3.2898,2545900.0,8338963.0,0.9999392097264438,9.29511873,30.580941,11.50587847,37.85434,0.0022126950207566375
CN,001896,2018-12-12,3.3,3.31,3.27,3.29,3.2998,3.3098,3.2698,3.2898,2220400.0,7311590.0,0.9999392097264438,9.29511873,30.580941,11.50587847,37.85434,0.001929796152279366
CN,001896,2018-12-13,3.31,3.34,3.25,3.33,3.3098,3.3398,3.2498,3.3298,3736780.0,12381928.0,0.9999399399399399,9.29511873,30.952745,11.50587847,38.314575,0.003247713774956985
CN,001896,2018-12-14,3.32,3.33,3.22,3.22,3.3198,3.3298,3.2198,3.2198,4730700.0,15456984.0,0.9999378881987577,9.29511873,29.930282,11.50587847,37.048929,0.004111550467297783
CN,001896,2018-12-17,3.21,3.25,3.19,3.25,3.2098,3.2498,3.1898,3.2498,2020578.0,6523551.0,0.9999384615384616,9.29511873,30.209136,11.50587847,37.394105,0.001756126666267491
CN,001896,2018-12-18,3.22,3.25,3.16,3.2,3.2198,3.2498,3.1598,3.1998,4135416.0,13253019.0,0.9999375,9.29511873,29.74438,11.50587847,36.818811,0.0035941766730654507
CN,001896,2018-12-19,3.23,3.23,3.16,3.16,3.2298,3.2298,3.1598,3.1598,1754034.0,5600295.0,0.9999367088607595,9.29511873,29.372575,11.50587847,36.358576,0.0015244676923829876
CN,001896,2018-12-20,3.16,3.19,3.13,3.18,3.1598,3.1898,3.1298,3.1798,2469605.0,7788592.0,0.999937106918239,9.29511873,29.558478,11.50587847,36.588694,0.0021463854380516503
CN,001896,2018-12-21,3.16,3.16,3.11,3.12,3.1598,3.1598,3.1098,3.1198,2515300.0,7874733.0,0.9999358974358974,9.29511873,29.00077,11.50587847,35.898341,0.002186099919756931
CN,001896,2018-12-24,3.1,3.15,3.06,3.15,3.0998,3.1498,3.0598,3.1498,3616600.0,11237757.0,0.9999365079365079,9.29511873,29.279624,11.50587847,36.243517,0.003143262819462059
CN,001896,2018-12-25,3.11,3.11,2.9699999999999998,3.06,3.1098,3.1098,2.9698,3.0598,5153882.0,15648240.0,0.9999346405228758,9.29511873,28.443063,11.50587847,35.207988,0.0044793468081885624
CN,001896,2018-12-26,3.05,3.08,3.04,3.07,3.0498,3.0798,3.0398,3.0698,3131367.0,9593124.0,0.9999348534201955,9.29511873,28.536015,11.50587847,35.323047,0.002721536654645371
CN,001896,2018-12-27,3.11,3.12,3.03,3.04,3.1098,3.1198,3.0298,3.0398,3359700.0,10375316.0,0.9999342105263158,9.29511873,28.257161,11.50587847,34.977871,0.0029199856479972014
CN,001896,2018-12-28,3.05,3.07,3.02,3.05,3.0498,3.0698,3.0198,3.0498,1648200.0,5021925.0,0.9999344262295082,9.29511873,28.350112,11.50587847,35.092929,0.001432485146003806
CN,001896,2019-01-02,3.05,3.08,3.01,3.03,3.0498,3.0798,3.0098,3.0298,1967701.0,5994576.0,0.99993399339934,9.29511873,28.16421,11.50587847,34.862812,0.0017101701579158085
CN,001896,2019-01-03,3.04,3.08,3.01,3.04,3.0398,3.0798,3.0098,3.0398,2694481.0,8199193.0,0.9999342105263158,9.29511873,28.257161,11.50587847,34.977871,0.002341829880287272
CN,001896,2019-01-04,3.02,3.13,3.0,3.11,3.0198,3.1298,2.9998,3.1098,4915384.0,15128534.0,0.9999356913183279,9.29511873,28.907819,11.50587847,35.783282,0.004272063200403332
CN,001896,2019-01-07,3.12,3.18,3.09,3.17,3.1198,3.1798,3.0898,3.1698,4457548.0,13999297.0,0.9999369085173502,9.29511873,29.465526,11.50587847,36.473635,0.0038741483421908594
CN,001896,2019-01-08,3.18,3.24,3.15,3.22,3.1798,3.2398,3.1498,3.2198,5706173.0,18248887.0,0.9999378881987577,9.29511873,29.930282,11.50587847,37.048929,0.004959354485516307
CN,001896,2019-01-09,3.22,3.31,3.21,3.24,3.2198,3.3098,3.2098,3.2398,7637301.0,24959258.0,0.9999382716049381,9.29511873,30.116185,11.50587847,37.279046,0.00663773828301178
CN,001896,2019-01-10,3.26,3.29,3.23,3.24,3.2598,3.2898,3.2298,3.2398,2923865.0,9538569.0,0.9999382716049381,9.29511873,30.116185,11.50587847,37.279046,0.002541192319755138
CN,001896,2019-01-11,3.23,3.31,3.23,3.3,3.2298,3.3098,3.2298,3.2998,4165600.0,13691976.0,0.9999393939393939,9.29511873,30.673892,11.50587847,37.969399,0.0036204102197509133
CN,001896,2019-01-14,3.3,3.3,3.24,3.26,3.2998,3.2998,3.2398,3.2598,2602271.0,8505404.0,0.9999386503067484,9.29511873,30.302087,11.50587847,37.509164,0.002261688237699594
CN,001896,2019-01-15,3.24,3.3,3.24,3.29,3.2398,3.2998,3.2398,3.2898,3917282.0,12832423.0,0.9999392097264438,9.29511873,30.580941,11.50587847,37.85434,0.0034045918442592417
CN,001896,2019-01-16,3.29,3.31,3.26,3.29,3.2898,3.3098,3.2598,3.2898,2019101.0,6631578.0,0.9999392097264438,9.29511873,30.580941,11.50587847,37.85434,0.001754842974627734
CN,001896,2019-01-17,3.27,3.29,3.25,3.27,3.2698,3.2898,3.2498,3.2698,3335800.0,10910823.0,0.9999388379204893,9.29511873,30.395038,11.50587847,37.624223,0.0028992136573471037
CN,001896,2019-01-18,3.26,3.3,3.25,3.27,3.2598,3.2998,3.2498,3.2698,2973666.0,9716887.0,0.9999388379204893,9.29511873,30.395038,11.50587847,37.624223,0.002584475412071687
CN,001896,2019-01-21,3.27,3.31,3.26,3.2800000000000002,3.2698,3.3098,3.2598,3.2798,2827700.0,9306910.0,0.9999390243902437,9.29511873,30.487989,11.50587847,37.739281,0.0024576133038192952
CN,001896,2019-01-22,3.27,3.2800000000000002,3.21,3.22,3.2698,3.2798,3.2098,3.2198,2912200.0,9452470.0,0.9999378881987577,9.29511873,29.930282,11.50587847,37.048929,0.002531054023900185
CN,001896,2019-01-23,3.24,3.27,3.22,3.26,3.2398,3.2698,3.2198,3.2598,2723500.0,8841842.0,0.9999386503067484,9.29511873,30.302087,11.50587847,37.509164,0.0023670509010686605
CN,001896,2019-01-24,3.26,3.26,3.21,3.25,3.2598,3.2598,3.2098,3.2498,2152184.0,6961139.0,0.9999384615384616,9.29511873,30.209136,11.50587847,37.394105,0.0018705081977108697
CN,001896,2019-01-25,3.26,3.27,3.19,3.22,3.2598,3.2698,3.1898,3.2198,3371000.0,10906209.0,0.9999378881987577,9.29511873,29.930282,11.50587847,37.048929,0.0029298067147062435
CN,001896,2019-01-28,3.25,3.26,3.15,3.16,3.2498,3.2598,3.1498,3.1598,3814701.0,12181698.0,0.9999367088607595,9.29511873,29.372575,11.50587847,36.358576,0.0033154365483229376
CN,001896,2019-01-29,3.18,3.18,3.02,3.11,3.1798,3.1798,3.0198,3.1098,3599300.0,11132853.0,0.9999356913183279,9.29511873,28.907819,11.50587847,35.783282,0.0031282270270667997
CN,001896,2019-01-30,3.07,3.12,3.05,3.06,3.0698,3.1198,3.0498,3.0598,2637403.0,8111514.0,0.9999346405228758,9.29511873,28.443063,11.50587847,35.207988,0.0022922221948342898
CN,001896,2019-01-31,2.98,3.05,2.89,2.9699999999999998,2.9798,3.0498,2.8898,2.9698,6871900.0,20455542.0,0.9999326599326601,9.29511873,27.606503,11.50587847,34.172459,0.005972512240519085
CN,001896,2019-02-01,2.96,3.01,2.96,3.01,2.9598,3.0098,2.9598,3.0098,3538500.0,10575536.0,0.9999335548172757,9.29511873,27.978307,11.50587847,34.632694,0.003075384473446468
CN,001896,2019-02-11,3.02,3.08,3.0,3.07,3.0198,3.0798,2.9998,3.0698,3935801.0,11979896.0,0.9999348534201955,9.29511873,28.536015,11.50587847,35.323047,0.0034206870950897503
CN,001896,2019-02-12,3.07,3.15,3.05,3.15,3.0698,3.1498,3.0498,3.1498,5627404.0,17521435.0,0.9999365079365079,9.29511873,29.279624,11.50587847,36.243517,0.004890894697586703
CN,001896,2019-02-13,3.14,3.22,3.12,3.2,3.1398,3.2198,3.1198,3.1998,10481342.0,33179054.0,0.9999375,9.29511873,29.74438,11.50587847,36.818811,0.009109553892237486
CN,001896,2019-02-14,3.19,3.22,3.16,3.2,3.1898,3.2198,3.1598,3.1998,5742866.0,18294211.0,0.9999375,9.29511873,29.74438,11.50587847,36.818811,0.004991245140450367
CN,001896,2019-02-15,3.2,3.2800000000000002,3.18,3.22,3.1998,3.2798,3.1798,3.2198,5540402.0,17926483.0,0.9999378881987577,9.29511873,29.930282,11.50587847,37.048929,0.004815279436894661
CN,001896,2019-02-18,3.22,3.33,3.22,3.33,3.2198,3.3298,3.2198,3.3298,7782150.0,25516928.0,0.9999399399399399,9.29511873,30.952745,11.50587847,38.314575,0.006763629583165587
CN,001896,2019-02-19,3.35,3.38,3.2800000000000002,3.32,3.3498,3.3798,3.2798,3.3198,9780633.0,32538993.0,0.9999397590361446,9.29511873,30.859794,11.50587847,38.199517,0.008500553022093583
CN,001896,2019-02-20,3.32,3.34,3.2800000000000002,3.34,3.3198,3.3398,3.2798,3.3398,5552200.0,18427347.0,0.999940119760479,9.29511873,31.045697,11.50587847,38.429634,0.004825533325835659
CN,001896,2019-02-21,3.33,3.37,3.2800000000000002,3.29,3.3298,3.3698,3.2798,3.2898,6450131.0,21444528.0,0.9999392097264438,9.29511873,30.580941,11.50587847,37.85434,0.005605943967527409
CN,001896,2019-02-22,3.3,3.41,3.2800000000000002,3.4,3.2998,3.4098,3.2798,3.3998,8452379.0,28444032.0,0.9999411764705882,9.29511873,31.603404,11.50587847,39.119987,0.007346139646823508
CN,001896,2019-02-25,3.39,3.62,3.39,3.6,3.3898,3.6197,3.3898,3.5997,19176936.0,67685185.0,0.9999166666666666,9.29511873,33.462427,11.50587847,41.421162,0.01666707679035654
CN,001896,2019-02-26,3.6,3.7,3.52,3.57,3.5997,3.6997,3.5197000000000003,3.5697,17061498.0,61575186.0,0.9999159663865547,9.29511873,33.183574,11.50587847,41.075986,0.014828505310989957
CN,001896,2019-02-27,3.59,3.69,3.56,3.6,3.5897,3.6897,3.5597,3.5997,16386142.0,59490710.0,0.9999166666666666,9.29511873,33.462427,11.50587847,41.421162,0.014241539264233164
CN,001896,2019-02-28,3.63,3.69,3.58,3.64,3.6297,3.6897,3.5797,3.6397,9424861.0,34305546.0,0.9999175824175823,9.29511873,33.834232,11.50587847,41.881398,0.008191344124287452
CN,001896,2019-03-01,3.7,3.7,3.57,3.6,3.6997,3.6997,3.5697,3.5997,11006095.0,39667574.0,0.9999166666666666,9.29511873,33.462427,11.50587847,41.421162,0.009565627716907391
CN,001896,2019-03-04,3.61,3.71,3.6,3.65,3.6097,3.7096999999999998,3.5997,3.6497,15450151.0,56575104.0,0.9999178082191782,9.29511873,33.927183,11.50587847,41.996456,0.013428049879271844
CN,001896,2019-03-05,3.66,3.99,3.64,3.87,3.6597,3.9897,3.6397,3.8697,25149783.0,95605576.0,0.999922480620155,9.29511873,35.972109,11.50587847,44.52775,0.02185820323548055
CN,001896,2019-03-06,4.17,4.17,3.95,4.0,4.1697,4.1697,3.9497,3.9997,25536045.0,102657885.0,0.999925,9.29511873,37.180475,11.50587847,46.023514,0.02219391163098214
CN,001896,2019-03-07,3.99,4.1,3.9,4.02,3.9897,4.0997,3.8997,4.0197,21893765.0,87344433.0,0.9999253731343285,9.29511873,37.366377,11.50587847,46.253631,0.019028329785583074
CN,001896,2019-03-08,3.94,3.99,3.76,3.76,3.9397,3.9897,3.7597,3.7597,19288558.0,74919001.0,0.9999202127659576,9.29511873,34.949646,11.50587847,43.262103,0.016764089808781024
CN,001896,2019-03-11,3.77,3.93,3.76,3.89,3.7697000000000003,3.9297,3.7597,3.8897,11549518.0,44510570.0,0.9999228791773779,9.29511873,36.158012,11.50587847,44.757867,0.010037928029670906
CN,001896,2019-03-12,3.9,4.08,3.9,3.9699999999999998,3.8997,4.0797,3.8997,3.9697,18119993.0,72414808.0,0.9999244332493703,9.29511873,36.901621,11.50587847,45.678338,0.015748465488528665
CN,001896,2019-03-13,3.99,4.06,3.86,3.9,3.9897,4.0597,3.8597,3.8997,13824650.0,54799829.0,0.999923076923077,9.29511873,36.250963,11.50587847,44.872926,0.012015292909659943
CN,001896,2019-03-14,3.88,3.92,3.7199999999999998,3.7800000000000002,3.8797,3.9196999999999997,3.7197,3.7797,9188579.0,34989876.0,0.9999206349206349,9.29511873,35.135549,11.50587847,43.492221,0.007985986488522332
CN,001896,2019-03-15,3.7800000000000002,3.88,3.7800000000000002,3.84,3.7797,3.8797,3.7797,3.8397,11520266.0,44019019.0,0.9999218750000001,9.29511873,35.693256,11.50587847,44.182573,0.010012504503708703
CN,001896,2019-03-18,3.84,3.91,3.82,3.91,3.8397,3.9097,3.8197,3.9097,13756990.0,53371894.0,0.999923273657289,9.29511873,36.343914,11.50587847,44.987985,0.01195648818633837
CN,001896,2019-03-19,3.92,3.95,3.86,3.91,3.9196999999999997,3.9497,3.8597,3.9097,10385618.0,40592029.0,0.999923273657289,9.29511873,36.343914,11.50587847,44.987985,0.00902635815863958
CN,001896,2019-03-20,3.91,4.06,3.87,3.95,3.9097,4.0597,3.8697,3.9497,13889100.0,55083604.0,0.9999240506329113,9.29511873,36.715719,11.50587847,45.44822,0.01207130775473939
CN,001896,2019-03-21,3.9699999999999998,4.05,3.93,4.02,3.9697,4.0497,3.9297,4.0197,12899239.0,51668080.0,0.9999253731343285,9.29511873,37.366377,11.50587847,46.253631,0.01121099882432532
CN,001896,2019-03-22,4.03,4.05,3.94,4.03,4.0297,4.0497,3.9397,4.0297,10635979.0,42441454.0,0.9999255583126551,9.29511873,37.459328,11.50587847,46.36869,0.00924395214822741
CN,001896,2019-03-25,3.95,4.07,3.91,3.99,3.9497,4.0697,3.9097,3.9897,10339700.0,41376974.0,0.9999248120300751,9.29511873,37.087524,11.50587847,45.908455000000004,0.008986449862962962
CN,001896,2019-03-26,4.0,4.04,3.86,3.87,3.9997,4.0397,3.8597,3.8697,8696200.0,34352908.0,0.999922480620155,9.29511873,35.972109,11.50587847,44.52775,0.00755804958541336
CN,001896,2019-03-27,3.9,3.91,3.77,3.83,3.8997,3.9097,3.7697000000000003,3.8297,8069595.0,30894646.0,0.9999216710182767,9.29511873,35.600305,11.50587847,44.067515,0.0070134540539780275
CN,001896,2019-03-28,3.81,3.87,3.74,3.74,3.8097,3.8697,3.7397,3.7397,8856761.0,33632856.0,0.9999197860962566,9.29511873,34.763744,11.50587847,43.031985,0.007697596513897474
CN,001896,2019-03-29,3.75,3.85,3.73,3.85,3.7497,3.8497,3.7297000000000002,3.8497,8202400.0,31171171.0,0.9999220779220779,9.29511873,35.786207,11.50587847,44.297632,0.007128877661437702
CN,001896,2019-04-01,3.86,4.0,3.85,4.0,3.8597,3.9997,3.8497,3.9997,11236686.0,44571205.0,0.999925,9.29511873,37.180475,11.50587847,46.023514,0.009766039185359133
CN,001896,2019-04-02,4.04,4.13,3.98,4.02,4.0397,4.1297,3.9797000000000002,4.0197,12224586.0,49466545.0,0.9999253731343285,9.29511873,37.366377,11.50587847,46.253631,0.01062464376959476
CN,001896,2019-04-03,4.02,4.08,3.98,4.07,4.0197,4.0797,3.9797000000000002,4.0697,9649043.0,39053827.0,0.9999262899262898,9.29511873,37.831133,11.50587847,46.828925,0.008386185396585368
CN,001896,2019-04-04,4.08,4.12,4.04,4.1,4.0797,4.1197,4.0397,4.0997,11041983.0,45061515.0,0.9999268292682929,9.29511873,38.109987,11.50587847,47.174102,0.00959681872947855
CN,001896,2019-04-08,4.12,4.16,3.99,4.02,4.1197,4.1597,3.9897,4.0197,12744634.0,51744116.0,0.9999253731343285,9.29511873,37.366377,11.50587847,46.253631,0.011076628380205723
CN,001896,2019-04-09,4.04,4.09,4.03,4.05,4.0397,4.0897,4.0297,4.0497,9884556.0,40139330.0,0.9999259259259259,9.29511873,37.645231,11.50587847,46.598808,0.008590874678341706
CN,001896,2019-04-10,4.08,4.1,4.03,4.08,4.0797,4.0997,4.0297,4.0797,8909532.0,36248989.0,0.9999264705882352,9.29511873,37.924084,11.50587847,46.943984,0.0077434608954287
CN,001896,2019-04-11,4.06,4.14,4.04,4.11,4.0597,4.1397,4.0397,4.1097,11834682.0,48438231.0,0.99992700729927,9.29511873,38.202938,11.50587847,47.289161,0.010285770035601636
CN,001896,2019-04-12,4.09,4.26,4.07,4.18,4.0897,4.2597,4.0697,4.1797,24430526.0,102121634.0,0.9999282296650719,9.29511873,38.853596,11.50587847,48.094572,0.021233081909998654
CN,001896,2019-04-15,4.28,4.34,4.17,4.18,4.2797,4.3397,4.1697,4.1797,20294808.0,86145558.0,0.9999282296650719,9.29511873,38.853596,11.50587847,48.094572,0.017638642762406998
CN,001896,2019-04-16,4.13,4.16,3.98,4.15,4.1297,4.1597,3.9797000000000002,4.1497,15127426.0,61432195.0,0.9999277108433734,9.29511873,38.574743,11.50587847,47.749396,0.013147562821424447
CN,001896,2019-04-17,4.15,4.22,4.12,4.2,4.1497,4.2197,4.1197,4.1997,11532529.0,48123570.0,0.9999285714285714,9.29511873,39.039499,11.50587847,48.32469,0.010023162533890382
CN,001896,2019-04-18,4.2,4.21,4.13,4.18,4.1997,4.2097,4.1297,4.1797,8198184.0,34172336.0,0.9999282296650719,9.29511873,38.853596,11.50587847,48.094572,0.007125213447522187
CN,001896,2019-04-19,4.19,4.2,4.11,4.17,4.1897,4.1997,4.1097,4.1697,9166820.0,38141188.0,0.9999280575539568,9.29509373,38.760541,11.50587847,47.979513,0.007967075285821267
CN,001896,2019-04-22,4.17,4.34,4.11,4.34,4.1697,4.3397,4.1097,4.3397,25564906.0,108225961.0,0.9999308755760368,9.29509373,40.340707,11.50587847,49.935513,0.02221899533065379
CN,001896,2019-04-23,4.34,4.77,4.26,4.77,4.3397,4.7697,4.2597,4.7697,52090949.0,240888128.0,0.9999371069182391,9.29509373,44.337597,11.50587847,54.88304,0.04527333496161984
CN,001896,2019-04-24,5.25,5.25,5.25,5.25,5.2496,5.2496,5.2496,5.2496,6048146.0,31752766.0,0.9999238095238095,9.29509373,48.799242,11.50587847,60.405862,0.0052565703833650865
CN,001896,2019-04-25,5.78,5.78,5.2,5.2,5.7796,5.7796,5.1996,5.1996,152035168.0,843452738.0,0.9999230769230769,9.29509373,48.334487,11.50587847,59.830568,0.13213694929631914
CN,001896,2019-04-26,4.6899999999999995,5.01,4.68,4.68,4.6897,5.0096,4.6797,4.6797,97417326.0,460479729.0,0.9999358974358976,9.29509373,43.501039,11.50587847,53.847511,0.08466743869579564
CN,001896,2019-04-29,4.5,4.54,4.21,4.21,4.4997,4.5397,4.2097,4.2097,59974053.0,259424535.0,0.9999287410926365,9.29509373,39.132345,11.50587847,48.439748,0.05212470578093982
CN,001896,2019-04-30,4.04,4.24,3.98,4.07,4.0397,4.2397,3.9797000000000002,4.0697,39405436.0,161953925.0,0.9999262899262898,9.29509373,37.831031,11.50587847,46.828925,0.034248089880963256
CN,001896,2019-05-06,3.96,4.08,3.66,3.66,3.9596999999999998,4.0797,3.6597,3.6597,36748306.0,140992473.0,0.9999180327868852,9.29509373,34.020043,11.50587847,42.111515,0.03193872253719363
CN,001896,2019-05-07,3.7,4.03,3.7,4.03,3.6997,4.0297,3.6997,4.0297,20227376.0,79735939.0,0.9999255583126551,9.29509373,37.459228,11.50587847,46.36869,0.0175800361986615
CN,001896,2019-05-08,4.06,4.34,3.99,4.12,4.0597,4.3397,3.9897,4.1197,74002403.0,309089852.0,0.9999271844660194,9.29509373,38.295786,11.50587847,47.404219,0.06431703862764683
CN,001896,2019-05-09,4.01,4.04,3.75,3.85,4.0097,4.0397,3.7497,3.8497,60018469.0,234552420.0,0.9999220779220779,9.29509373,35.786111,11.50587847,44.297632,0.05216330865695299
CN,001896,2019-05-10,3.91,4.05,3.77,4.04,3.9097,4.0497,3.7697000000000003,4.0397,50984166.0,201240186.0,0.9999257425742574,9.29509373,37.552179,11.50587847,46.483749,0.04431140667175846
CN,001896,2019-05-13,3.95,3.98,3.85,3.89,3.9497,3.9797000000000002,3.8497,3.8897,29077287.0,113765755.0,0.9999228791773779,9.29509373,36.157915,11.50587847,44.757867,0.02527167923406721
CN,001896,2019-05-14,3.81,3.88,3.77,3.8,3.8097,3.8797,3.7697000000000003,3.7997,26007064.0,99302386.0,0.999921052631579,9.29509373,35.321356,11.50587847,43.722338,0.02260328411064818
CN,001896,2019-05-15,3.84,4.18,3.8,4.18,3.8397,4.1797,3.7997,4.1797,41293101.0,165163268.0,0.9999282296650719,9.29509373,38.853492,11.50587847,48.094572,0.03588869907470872
CN,001896,2019-05-16,4.27,4.45,4.18,4.22,4.2697,4.4497,4.1797,4.2197,81948554.0,352568903.0,0.9999289099526066,9.29509373,39.225296,11.50587847,48.554807,0.07122320491535662
CN,001896,2019-05-17,4.25,4.41,3.98,4.06,4.2497,4.4097,3.9797000000000002,4.0597,51909314.0,217609726.0,0.9999261083743844,9.29509373,37.738081,11.50587847,46.713867,0.045115472178283836
CN,001896,2019-05-20,4.1,4.37,4.07,4.27,4.0997,4.3697,4.0697,4.2697,55712535.0,236161244.0,0.999929742388759,9.29509373,39.69005,11.50587847,49.130101,0.04842093121812715
CN,001896,2019-05-21,4.23,4.67,4.23,4.53,4.2297,4.6697,4.2297,4.5297,66861616.0,293804466.0,0.999933774834437,9.29509373,42.106775,11.50587847,52.121629,0.05811083106286277
CN,001896,2019-05-22,4.41,4.47,4.31,4.34,4.4097,4.4697,4.3097,4.3397,44660114.0,195789867.0,0.9999308755760368,9.29509373,40.340707,11.50587847,49.935513,0.03881504060419647
CN,001896,2019-05-23,4.32,4.32,4.05,4.17,4.3197,4.3197,4.0497,4.1697,40626226.0,168295327.0,0.9999280575539568,9.29509373,38.760541,11.50587847,47.979513,0.0353091040427094
CN,001896,2019-05-24,4.09,4.59,4.09,4.59,4.0897,4.5897,4.0897,4.5897,28621590.0,129356270.0,0.9999346405228757,9.29509373,42.66448,11.50587847,52.811982,0.024875623425561873
CN,001896,2019-05-27,4.6,5.0,4.42,4.72,4.5997,4.9996,4.4197,4.7197,109316656.0,506770486.0,0.999936440677966,9.29509373,43.872842,11.50587847,54.307746,0.09500939566242438
CN,001896,2019-05-28,4.58,4.74,4.51,4.58,4.5797,4.7397,4.5097000000000005,4.5797,68063367.0,312402745.0,0.9999344978165938,9.29509373,42.571529,11.50587847,52.696923,0.0591552980308856
CN,001896,2019-05-29,4.51,4.63,4.46,4.48,4.5097000000000005,4.6297,4.4597,4.4797,46224602.0,209976191.0,0.9999330357142857,9.29509373,41.64202,11.50587847,51.546336,0.04017476989742618
CN,001896,2019-05-30,4.48,4.6,4.28,4.6,4.4797,4.5997,4.2797,4.5997,47817161.0,210847801.0,0.9999347826086958,9.29509373,42.757431,11.50587847,52.927041,0.04155889628477885
CN,001896,2019-05-31,4.64,4.77,4.42,4.42,4.6397,4.7697,4.4197,4.4197,55855875.0,256010348.0,0.9999321266968325,9.29509373,41.084314,11.50587847,50.855983,0.04854551101477087
CN,001896,2019-06-03,4.39,4.45,4.18,4.29,4.3897,4.4497,4.1797,4.2897,41036466.0,175530779.0,0.9999300699300698,9.29509373,39.875952,11.50587847,49.360219,0.035665652220295004
CN,001896,2019-06-04,4.3,4.33,4.06,4.12,4.2997,4.3297,4.0597,4.1197,31108043.0,129176177.0,0.9999271844660194,9.29509373,38.295786,11.50587847,47.404219,0.02703665181334042
CN,001896,2019-06-05,4.17,4.19,3.99,4.01,4.1697,4.1897,3.9897,4.0097,28135844.0,114558358.0,0.999925187032419,9.29509373,37.273326,11.50587847,46.138573,0.024453451401699012
CN,001896,2019-06-06,4.04,4.05,3.81,3.83,4.0397,4.0497,3.8097,3.8297,27060368.0,104695657.0,0.9999216710182767,9.29509373,35.600209,11.50587847,44.067515,0.023518732681347364
CN,001896,2019-06-10,3.85,3.91,3.81,3.89,3.8497,3.9097,3.8097,3.8897,20296807.0,78405430.0,0.9999228791773779,9.29509373,36.157915,11.50587847,44.757867,0.017640380135181457
CN,001896,2019-06-11,3.88,4.07,3.85,4.06,3.8797,4.0697,3.8497,4.0597,26455654.0,105473405.0,0.9999261083743844,9.29509373,37.738081,11.50587847,46.713867,0.022993163076578192
CN,001896,2019-06-12,4.03,4.12,3.98,3.99,4.0297,4.1197,3.9797000000000002,3.9897,21465071.0,86490647.0,0.9999248120300751,9.29509373,37.087424,11.50587847,45.908455000000004,0.018655742850028557
CN,001896,2019-06-13,3.9699999999999998,4.12,3.94,4.11,3.9697,4.1197,3.9397,4.1097,29437751.0,119255587.0,0.99992700729927,9.29509373,38.202835,11.50587847,47.289161,0.025584966047359964
CN,001896,2019-06-14,4.08,4.11,3.9,3.9,4.0797,4.1097,3.8997,3.8997,23935885.0,95650514.0,0.999923076923077,9.29509373,36.250866,11.50587847,44.872926,0.02080317905530598
CN,001896,2019-06-17,3.9,4.09,3.82,3.96,3.8997,4.0897,3.8197,3.9596999999999998,15108183.0,60217973.0,0.9999242424242424,9.29509373,36.808571,11.50587847,45.563279,0.013130838327027801
CN,001896,2019-06-18,3.96,3.99,3.89,3.95,3.9596999999999998,3.9897,3.8897,3.9497,8491500.0,33500437.0,0.9999240506329113,9.29509373,36.71562,11.50587847,45.44822,0.00738014052741859
CN,001896,2019-06-19,4.06,4.09,3.9699999999999998,3.98,4.0597,4.0897,3.9697,3.9797000000000002,16921375.0,68219831.0,0.999924623115578,9.29509373,36.994473,11.50587847,45.793396,0.014706721476434993
CN,001896,2019-06-20,3.99,4.05,3.94,4.02,3.9897,4.0497,3.9397,4.0197,16500440.0,66140791.0,0.9999253731343285,9.29509373,37.366277,11.50587847,46.253631,0.014340878050313702
CN,001896,2019-06-21,4.04,4.13,4.03,4.07,4.0397,4.1297,4.0297,4.0697,25800293.0,104995216.0,0.9999262899262898,9.29509373,37.831031,11.50587847,46.828925,0.02242357510317072
CN,001896,2019-06-24,4.08,4.11,4.05,4.09,4.0797,4.1097,4.0497,4.0897,13285220.0,54133882.0,0.9999266503667481,9.29509373,38.016933,11.50587847,47.059043,0.011546462996840605
CN,001896,2019-06-25,4.09,4.09,3.95,3.99,4.0897,4.0897,3.9497,3.9897,15907155.0,63557996.0,0.9999248120300751,9.29509373,37.087424,11.50587847,45.908455000000004,0.013825241628855827
CN,001896,2019-06-26,3.9699999999999998,4.01,3.95,3.98,3.9697,4.0097,3.9497,3.9797000000000002,8665400.0,34473914.0,0.999924623115578,9.29509373,36.994473,11.50587847,45.793396,0.007531280660224113
CN,001896,2019-06-27,3.98,4.02,3.9,3.93,3.9797000000000002,4.0197,3.8997,3.9297,17358456.0,68618835.0,0.9999236641221374,9.29509373,36.529718,11.50587847,45.218102,0.015086597729377895
CN,001896,2019-06-28,3.95,4.02,3.89,3.89,3.9497,4.0197,3.8897,3.8897,14842769.0,58584883.0,0.9999228791773779,9.29509373,36.157915,11.50587847,44.757867,0.012900161459814203
CN,001896,2019-07-01,3.95,3.98,3.92,3.98,3.9497,3.9797000000000002,3.9196999999999997,3.9797000000000002,16451442.0,65004221.0,0.999924623115578,9.29509373,36.994473,11.50587847,45.793396,0.014298292862118159
CN,001896,2019-07-02,3.96,3.98,3.94,3.95,3.9596999999999998,3.9797000000000002,3.9397,3.9497,10590338.0,41905469.0,0.9999240506329113,9.29509373,36.71562,11.50587847,45.44822,0.009204284599053305
CN,001896,2019-07-03,3.95,3.95,3.87,3.9,3.9497,3.9497,3.8697,3.8997,9377245.0,36563274.0,0.999923076923077,9.29509373,36.250866,11.50587847,44.872926,0.008149960061241635
CN,001896,2019-07-04,3.91,3.93,3.84,3.86,3.9097,3.9297,3.8397,3.8597,12060313.0,46754672.0,0.9999222797927462,9.29509373,35.879062,11.50587847,44.412691,0.010481870664152773
CN,001896,2019-07-05,3.85,3.87,3.83,3.85,3.8497,3.8697,3.8297,3.8497,6163410.0,23715331.0,0.9999220779220779,9.29509373,35.786111,11.50587847,44.297632,0.005356748740281106
CN,001896,2019-07-08,3.82,3.84,3.58,3.63,3.8197,3.8397,3.5797,3.6297,18673354.0,68462924.0,0.9999173553719009,9.29509373,33.74119,11.50587847,41.766339,0.01622940312527045
CN,001896,2019-07-09,3.61,3.65,3.57,3.64,3.6097,3.6497,3.5697,3.6397,8273018.0,29906058.0,0.9999175824175823,9.29509373,33.834141,11.50587847,41.881398,0.00719025324452258
CN,001896,2019-07-10,3.63,3.64,3.51,3.55,3.6297,3.6397,3.5097,3.5497,9395859.0,33521705.0,0.9999154929577465,9.29509373,32.997583,11.50587847,40.845869,0.008166137878562175
CN,001896,2019-07-11,3.57,3.61,3.52,3.58,3.5697,3.6097,3.5197000000000003,3.5797,6858000.0,24500621.0,0.9999162011173184,9.29509373,33.276436,11.50587847,41.191045,0.005960431459346016
CN,001896,2019-07-12,3.59,3.63,3.54,3.6,3.5897,3.6297,3.5397,3.5997,6798351.0,24398741.0,0.9999166666666666,9.29509373,33.462337,11.50587847,41.421162,0.0059085892639364895
CN,001896,2019-07-15,3.59,3.68,3.54,3.64,3.5897,3.6797,3.5397,3.6397,9710613.0,35082763.0,0.9999175824175823,9.29509373,33.834141,11.50587847,41.881398,0.008439697173335432
CN,001896,2019-07-16,3.64,3.66,3.6,3.63,3.6397,3.6597,3.5997,3.6297,6068100.0,22068697.0,0.9999173553719009,9.29509373,33.74119,11.50587847,41.766339,0.005273912822755549
CN,001896,2019-07-17,3.63,3.68,3.61,3.64,3.6297,3.6797,3.6097,3.6397,7605990.0,27741155.0,0.9999175824175823,9.29509373,33.834141,11.50587847,41.881398,0.0066105252370182565
CN,001896,2019-07-18,3.64,3.64,3.55,3.57,3.6397,3.6397,3.5497,3.5697,6941600.0,24817108.0,0.9999159663865547,9.29509373,33.183485,11.50587847,41.075986,0.006033089970573972
CN,001896,2019-07-19,3.58,3.64,3.57,3.6,3.5797,3.6397,3.5697,3.5997,6061860.0,21881601.0,0.9999166666666666,9.29509373,33.462337,11.50587847,41.421162,0.005268489508041883
CN,001896,2019-07-22,3.62,3.64,3.45,3.4699999999999998,3.6197,3.6397,3.4497999999999998,3.4697,8979554.0,31608601.0,0.999913544668588,9.29509373,32.253975,11.50587847,39.925398,0.007804318482428747
CN,001896,2019-07-23,3.45,3.52,3.45,3.51,3.4497999999999998,3.5197000000000003,3.4497999999999998,3.5097,6030860.0,21051010.0,0.99991452991453,9.29509373,32.625779,11.50587847,40.385633,0.005241546758663096
CN,001896,2019-07-24,3.52,3.58,3.51,3.54,3.5197000000000003,3.5797,3.5097,3.5397,6689163.0,23773508.0,0.9999152542372881,9.29509373,32.904632,11.50587847,40.73081,0.005813691685898713
CN,001896,2019-07-25,3.56,3.57,3.54,3.56,3.5597,3.5697,3.5397,3.5597,5004642.0,17762849.0,0.9999157303370786,9.29509373,33.090534,11.50587847,40.960927,0.004349639197953392
CN,001896,2019-07-26,3.54,3.55,3.5,3.52,3.5397,3.5497,3.4997,3.5197000000000003,4628502.0,16303378.0,0.9999147727272728,9.29509373,32.71873,11.50587847,40.500692,0.0040227280446844494
CN,001896,2019-07-29,3.5,3.54,3.49,3.51,3.4997,3.5397,3.4897,3.5097,4424400.0,15547235.0,0.99991452991453,9.29509373,32.625779,11.50587847,40.385633,0.0038453387210164057
CN,001896,2019-07-30,3.5300000000000002,3.57,3.51,3.57,3.5297,3.5697,3.5097,3.5697,8411264.0,29799598.0,0.9999159663865547,9.29509373,33.183485,11.50587847,41.075986,0.007310405739058706
CN,001896,2019-07-31,3.55,3.55,3.49,3.5,3.5497,3.5497,3.4897,3.4997,7285100.0,25584684.0,0.9999142857142856,9.29509373,32.532828,11.50587847,40.270575,0.006331633016109894
CN,001896,2019-08-01,3.48,3.52,3.4699999999999998,3.49,3.4797000000000002,3.5197000000000003,3.4697,3.4897,5319285.0,18566206.0,0.9999140401146132,9.29509373,32.439877,11.50587847,40.155516,0.004623102020301454
CN,001896,2019-08-02,3.46,3.46,3.34,3.37,3.4598,3.4598,3.3398,3.3698,10054409.0,34105317.0,0.9999406528189911,9.29509373,31.324466,11.50587847,38.77481,0.008738497478671874
CN,001896,2019-08-05,3.39,3.46,3.36,3.36,3.3898,3.4598,3.3598,3.3598,7908160.0,27012859.0,0.9999404761904762,9.29509373,31.231515,11.50587847,38.659752,0.00687314751378562
CN,001896,2019-08-06,3.3,3.3,3.09,3.15,3.2998,3.2998,3.0898,3.1498,14966564.0,47629268.0,0.9999365079365079,9.29509373,29.279545,11.50587847,36.243517,0.013007754287535074
CN,001896,2019-08-07,3.19,3.2800000000000002,3.18,3.25,3.1898,3.2798,3.1798,3.2498,13754025.0,44619362.0,0.9999384615384616,9.29509373,30.209055,11.50587847,37.394105,0.01195391124272843
CN,001896,2019-08-08,3.25,3.33,3.25,3.2800000000000002,3.2498,3.3298,3.2498,3.2798,9195000.0,30280850.0,0.9999390243902437,9.29509373,30.487907,11.50587847,37.739281,0.007991567114127532
CN,001896,2019-08-09,3.3,3.35,3.22,3.25,3.2998,3.3498,3.2198,3.2498,7994359.0,26260307.0,0.9999384615384616,9.29509373,30.209055,11.50587847,37.394105,0.006948064870356657
CN,001896,2019-08-12,3.23,3.3,3.23,3.26,3.2298,3.2998,3.2298,3.2598,7065599.0,23024849.0,0.9999386503067484,9.29509373,30.302006,11.50587847,37.509164,0.006140860098968175
CN,001896,2019-08-13,3.21,3.25,3.21,3.22,3.2098,3.2498,3.2098,3.2198,4742225.0,15292242.0,0.9999378881987577,9.29509373,29.930202,11.50587847,37.048929,0.0041215670862200585
CN,001896,2019-08-14,3.25,3.29,3.2,3.22,3.2498,3.2898,3.1998,3.2198,5635041.0,18287717.0,0.9999378881987577,9.29509373,29.930202,11.50587847,37.048929,0.004897532174264309
CN,001896,2019-08-15,3.07,3.25,3.06,3.24,3.0698,3.2498,3.0598,3.2398,8544033.0,27061146.0,0.9999382716049381,9.29509373,30.116104,11.50587847,37.279046,0.007425798058164263
CN,001896,2019-08-16,3.22,3.35,3.2,3.31,3.2198,3.3498,3.1998,3.3098,16340794.0,53843527.0,0.9999395770392749,9.29509373,30.76676,11.50587847,38.084458,0.014202126367496735
CN,001896,2019-08-19,3.31,3.36,3.29,3.36,3.3098,3.3598,3.2898,3.3598,15301026.0,50985284.0,0.9999404761904762,9.29509373,31.231515,11.50587847,38.659752,0.013298442217945659
CN,001896,2019-08-20,3.35,3.4,3.34,3.36,3.3498,3.3998,3.3398,3.3598,10444152.0,35251519.0,0.9999404761904762,9.29509373,31.231515,11.50587847,38.659752,0.009077231284192418
CN,001896,2019-08-21,3.37,3.39,3.34,3.36,3.3698,3.3898,3.3398,3.3598,7548696.0,25384670.0,0.9999404761904762,9.29509373,31.231515,11.50587847,38.659752,0.0065607298214405705
CN,001896,2019-08-22,3.37,3.4,3.34,3.38,3.3698,3.3998,3.3398,3.3798,8037302.0,27054999.0,0.9999408284023669,9.29509373,31.417417,11.50587847,38.889869,0.006985387531213859
CN,001896,2019-08-23,3.39,3.4,3.34,3.36,3.3898,3.3998,3.3398,3.3598,6308501.0,21237483.0,0.9999404761904762,9.29519373,31.231851,11.50587847,38.659752,0.005482850367704258
CN,001896,2019-08-26,3.21,3.35,3.2,3.35,3.2098,3.3498,3.1998,3.3498,8102500.0,26769596.0,0.9999402985074627,9.29519373,31.138899,11.50587847,38.544693,0.007042052478762189
CN,001896,2019-08-27,3.36,3.43,3.33,3.39,3.3598,3.4298,3.3298,3.3898,11370247.0,38489165.0,0.9999410029498526,9.29519373,31.510707,11.50587847,39.004928,0.009882119848255272
CN,001896,2019-08-28,3.39,3.42,3.36,3.39,3.3898,3.4198,3.3598,3.3898,10839160.0,36757369.0,0.9999410029498526,9.29519373,31.510707,11.50587847,39.004928,0.009420541011502618
CN,001896,2019-08-29,3.41,3.43,3.33,3.35,3.4098,3.4298,3.3298,3.3498,9029347.0,30532584.0,0.9999402985074627,9.29519373,31.138899,11.50587847,38.544693,0.007847594621777714
CN,001896,2019-08-30,3.35,3.37,3.23,3.24,3.3498,3.3698,3.2298,3.2398,9631700.0,31714841.0,0.9999382716049381,9.29519373,30.116428,11.50587847,37.279046,0.008371112231989358
CN,001896,2019-09-02,3.25,3.36,3.23,3.31,3.2498,3.3598,3.2298,3.3098,7310800.0,24086009.0,0.9999395770392749,9.29519373,30.767091,11.50587847,38.084458,0.0063539694244658575
CN,001896,2019-09-03,3.33,3.34,3.26,3.32,3.3298,3.3398,3.2598,3.3198,8717732.0,28788415.0,0.9999397590361446,9.29519373,30.860043,11.50587847,38.199517,0.007576763497659297
CN,001896,2019-09-04,3.31,3.4,3.2800000000000002,3.37,3.3098,3.3998,3.2798,3.3698,11008533.0,36877407.0,0.9999406528189911,9.29519373,31.324803,11.50587847,38.77481,0.00956774663377789
CN,001896,2019-09-05,3.36,3.45,3.35,3.4,3.3598,3.4497999999999998,3.3498,3.3998,16553207.0,56590014.0,0.9999411764705882,9.29519373,31.603659,11.50587847,39.119987,0.014386738955361137
CN,001896,2019-09-06,3.4,3.45,3.4,3.44,3.3998,3.4497999999999998,3.3998,3.4398,10420008.0,35677651.0,0.9999418604651162,9.29519373,31.975466,11.50587847,39.580222,0.009056247228031082
CN,001896,2019-09-09,3.4699999999999998,3.51,3.44,3.5,3.4697,3.5097,3.4398,3.4997,14256313.0,49529522.0,0.9999142857142856,9.29519373,32.533178,11.50587847,40.270575,0.012390460265308191
CN,001896,2019-09-10,3.49,3.5,3.46,3.48,3.4897,3.4997,3.4598,3.4797000000000002,9293239.0,32285009.0,0.9999137931034483,9.29519373,32.347274,11.50587847,40.040457,0.00807694868690891
CN,001896,2019-09-11,3.5,3.83,3.4699999999999998,3.83,3.4997,3.8297,3.4697,3.8297,22274017.0,82194837.0,0.9999216710182767,9.29519373,35.600592,11.50587847,44.067515,0.01935881476418897
CN,001896,2019-09-12,3.96,4.2,3.88,3.94,3.9596999999999998,4.1997,3.8797,3.9397,96559501.0,386543980.0,0.9999238578680204,9.29519373,36.623063,11.50587847,45.333161,0.08392188501883246
CN,001896,2019-09-16,3.91,3.94,3.77,3.8,3.9097,3.9397,3.7697000000000003,3.7997,51411571.0,197144071.0,0.999921052631579,9.29519373,35.321736,11.50587847,43.722338,0.04468287331041139
CN,001896,2019-09-17,3.76,3.77,3.61,3.64,3.7597,3.7697000000000003,3.6097,3.6397,34695244.0,127399967.0,0.9999175824175823,9.29519373,33.834505,11.50587847,41.881398,0.030154363346060965
CN,001896,2019-09-18,3.67,3.67,3.57,3.59,3.6696999999999997,3.6696999999999997,3.5697,3.5897,19491856.0,70556958.0,0.99991643454039,9.29519373,33.369745,11.50587847,41.306104,0.016940780359207114
CN,001896,2019-09-19,3.58,3.73,3.5300000000000002,3.66,3.5797,3.7297000000000002,3.5297,3.6597,23972360.0,86790874.0,0.9999180327868852,9.29519373,34.020409,11.50587847,42.111515,0.020834880241873438
CN,001896,2019-09-20,3.64,3.65,3.56,3.58,3.6397,3.6497,3.5597,3.5797,17385419.0,62560619.0,0.9999162011173184,9.29519373,33.276794,11.50587847,41.191045,0.015110031837490805
CN,001896,2019-09-23,3.54,3.61,3.52,3.6,3.5397,3.6097,3.5197000000000003,3.5997,10109231.0,35859784.0,0.9999166666666666,9.29519373,33.462697,11.50587847,41.421162,0.00878614442726684
CN,001896,2019-09-24,3.57,3.64,3.56,3.58,3.5697,3.6397,3.5597,3.5797,9767400.0,35147140.0,0.9999162011173184,9.29519373,33.276794,11.50587847,41.191045,0.008489051944592632
CN,001896,2019-09-25,3.56,3.56,3.44,3.46,3.5597,3.5597,3.4398,3.4598,14527926.0,50655656.0,0.999942196531792,9.29519373,32.16137,11.50587847,39.81034,0.0126265248132766
CN,001896,2019-09-26,3.4699999999999998,3.48,3.3,3.32,3.4697,3.4797000000000002,3.2998,3.3198,13297481.0,44993331.0,0.9999397590361446,9.29519373,30.860043,11.50587847,38.199517,0.01155711928878039
CN,001896,2019-09-27,3.35,3.38,3.33,3.34,3.3498,3.3798,3.3298,3.3398,6197158.0,20792129.0,0.999940119760479,9.29519373,31.045947,11.50587847,38.429634,0.0053860798340241815
CN,001896,2019-09-30,3.35,3.36,3.2800000000000002,3.29,3.3498,3.3598,3.2798,3.2898,5361100.0,17863032.0,0.9999392097264438,9.29519373,30.581187,11.50587847,37.85434,0.004659444312729647
CN,001896,2019-10-08,3.33,3.4699999999999998,3.31,3.45,3.3298,3.4697,3.3098,3.4497999999999998,12688214.0,43046203.0,0.9999420289855071,9.29519373,32.068418,11.50587847,39.695281,0.011027592576336329
CN,001896,2019-10-09,3.43,3.43,3.36,3.4,3.4298,3.4298,3.3598,3.3998,9361000.0,31751618.0,0.9999411764705882,9.29519373,31.603659,11.50587847,39.119987,0.008135841191446202
CN,001896,2019-10-10,3.4,3.43,3.36,3.42,3.3998,3.4298,3.3598,3.4198,6358523.0,21653179.0,0.9999415204678362,9.29519373,31.789563,11.50587847,39.350104,0.005526325535750248
CN,001896,2019-10-11,3.44,3.51,3.39,3.51,3.4398,3.5097,3.3898,3.5097,13898776.0,48106399.0,0.99991452991453,9.29519373,32.62613,11.50587847,40.385633,0.012079717369029363
CN,001896,2019-10-14,3.5300000000000002,3.55,3.4699999999999998,3.55,3.5297,3.5497,3.4697,3.5497,16652500.0,58579597.0,0.9999154929577465,9.29519373,32.997938,11.50587847,40.845869,0.014473036581621395
CN,001896,2019-10-15,3.62,3.69,3.5300000000000002,3.54,3.6197,3.6897,3.5297,3.5397,21855404.0,78742305.0,0.9999152542372881,9.29519373,32.904986,11.50587847,40.73081,0.018994989436908246
CN,001896,2019-10-16,3.5300000000000002,3.59,3.52,3.52,3.5297,3.5897,3.5197000000000003,3.5197000000000003,8653000.0,30716256.0,0.9999147727272728,9.29519373,32.719082,11.50587847,40.500692,0.007520503560472598
CN,001896,2019-10-17,3.5300000000000002,3.56,3.51,3.51,3.5297,3.5597,3.5097,3.5097,7084700.0,25048339.0,0.99991452991453,9.29519373,32.62613,11.50587847,40.385633,0.006157461178190248
CN,001896,2019-10-18,3.52,3.56,3.4699999999999998,3.49,3.5197000000000003,3.5597,3.4697,3.4897,9534169.0,33485192.0,0.9999140401146132,9.29519373,32.440226,11.50587847,40.155516,0.008286345996838954
CN,001896,2019-10-21,3.49,3.5,3.38,3.46,3.4897,3.4997,3.3798,3.4598,7549880.0,25893843.0,0.999942196531792,9.29519373,32.16137,11.50587847,39.81034,0.00656175886064265
CN,001896,2019-10-22,3.44,3.49,3.43,3.49,3.4398,3.4897,3.4298,3.4897,5842978.0,20231050.0,0.9999140401146132,9.29519373,32.440226,11.50587847,40.155516,0.005078254576766792
CN,001896,2019-10-23,3.48,3.5300000000000002,3.4699999999999998,3.5,3.4797000000000002,3.5297,3.4697,3.4997,6839678.0,23986974.0,0.9999142857142856,9.29519373,32.533178,11.50587847,40.270575,0.005944507425342204
CN,001896,2019-10-24,3.5,3.5300000000000002,3.4699999999999998,3.5300000000000002,3.4997,3.5297,3.4697,3.5297,5867980.0,20572904.0,0.999915014164306,9.29519373,32.812034,11.50587847,40.615751,0.005099984338701259
CN,001896,2019-10-25,3.52,3.6,3.5,3.6,3.5197000000000003,3.5997,3.4997,3.5997,13800148.0,49170154.0,0.9999166666666666,9.29519373,33.462697,11.50587847,41.421162,0.011993997708199328
CN,001896,2019-10-28,3.6,3.62,3.57,3.61,3.5997,3.6197,3.5697,3.6097,9483401.0,34117111.0,0.9999168975069253,9.29519373,33.555649,11.50587847,41.536221,0.008242222464565976
CN,001896,2019-10-29,3.61,3.64,3.51,3.5300000000000002,3.6097,3.6397,3.5097,3.5297,9979700.0,35675631.0,0.999915014164306,9.29519373,32.812034,11.50587847,40.615751,0.008673566321789943
CN,001896,2019-10-30,3.5300000000000002,3.57,3.49,3.51,3.5297,3.5697,3.4897,3.5097,8568106.0,30322334.0,0.99991452991453,9.29519373,32.62613,11.50587847,40.385633,0.007446720406738313
CN,001896,2019-10-31,3.5300000000000002,3.56,3.48,3.5,3.5297,3.5597,3.4797000000000002,3.4997,7763694.0,27381697.0,0.9999142857142856,9.29519373,32.533178,11.50587847,40.270575,0.006747589086954784
CN,001896,2019-11-01,3.49,3.51,3.43,3.5,3.4897,3.5097,3.4298,3.4997,7095176.0,24668346.0,0.9999142857142856,9.29519373,32.533178,11.50587847,40.270575,0.006166566089238382
CN,001896,2019-11-04,3.5,3.52,3.43,3.46,3.4997,3.5197000000000003,3.4298,3.4598,7752000.0,26957466.0,0.999942196531792,9.29519373,32.16137,11.50587847,39.81034,0.006737425586592347
CN,001896,2019-11-05,3.45,3.46,3.4,3.46,3.4497999999999998,3.4598,3.3998,3.4598,6843776.0,23534517.0,0.999942196531792,9.29519373,32.16137,11.50587847,39.81034,0.00594806908298589
CN,001896,2019-11-06,3.44,3.44,3.38,3.42,3.4398,3.4398,3.3798,3.4198,6156968.0,21006030.0,0.9999415204678362,9.29519373,31.789563,11.50587847,39.350104,0.005351149863136004
CN,001896,2019-11-07,3.41,3.43,3.39,3.41,3.4098,3.4298,3.3898,3.4098,4142174.0,14140020.0,0.9999413489736071,9.29519373,31.696611,11.50587847,39.235046,0.003600050192430027
CN,001896,2019-11-08,3.43,3.48,3.4,3.44,3.4298,3.4797000000000002,3.3998,3.4398,6778806.0,23295799.0,0.9999418604651162,9.29519373,31.975466,11.50587847,39.580222,0.005891602295013638
CN,001896,2019-11-11,3.42,3.42,3.26,3.27,3.4198,3.4198,3.2598,3.2698,11393809.0,37669103.0,0.9999388379204893,9.29519373,30.395284,11.50587847,37.624223,0.009902598076025046
CN,001896,2019-11-12,3.26,3.3,3.23,3.2800000000000002,3.2598,3.2998,3.2298,3.2798,4479717.0,14640797.0,0.9999390243902437,9.29519373,30.488235,11.50587847,37.739281,0.003893415884480483
CN,001896,2019-11-13,3.29,3.3,3.25,3.25,3.2898,3.2998,3.2498,3.2498,4269144.0,13967425.0,0.9999384615384616,9.29519373,30.20938,11.50587847,37.394105,0.0037104024791598553
CN,001896,2019-11-14,3.2800000000000002,3.3,3.25,3.2800000000000002,3.2798,3.2998,3.2498,3.2798,4101368.0,13424293.0,0.9999390243902437,9.29519373,30.488235,11.50587847,37.739281,0.0035645848430380647
CN,001896,2019-11-15,3.27,3.29,3.22,3.22,3.2698,3.2898,3.2198,3.2198,4891400.0,15857575.0,0.9999378881987577,9.29519373,29.930524,11.50587847,37.048929,0.004251218203593628
CN,001896,2019-11-18,3.22,3.25,3.18,3.24,3.2198,3.2498,3.1798,3.2398,4085547.0,13163337.0,0.9999382716049381,9.29519373,30.116428,11.50587847,37.279046,0.0035508344805244584
CN,001896,2019-11-19,3.23,3.3,3.23,3.29,3.2298,3.2998,3.2298,3.2898,4797209.0,15705574.0,0.9999392097264438,9.29519373,30.581187,11.50587847,37.85434,0.00416935483240855
CN,001896,2019-11-20,3.29,3.3,3.25,3.26,3.2898,3.2998,3.2498,3.2598,4265902.0,13968123.0,0.9999386503067484,9.29519373,30.302332,11.50587847,37.509164,0.0037075847890474024
CN,001896,2019-11-21,3.25,3.2800000000000002,3.23,3.2800000000000002,3.2498,3.2798,3.2298,3.2798,3058700.0,9992706.0,0.9999390243902437,9.29519373,30.488235,11.50587847,37.739281,0.0026583802427386496
CN,001896,2019-11-22,3.33,3.35,3.27,3.29,3.3298,3.3498,3.2698,3.2898,6699300.0,22172381.0,0.9999392097264438,9.29519373,30.581187,11.50587847,37.85434,0.0058225019649455765
CN,001896,2019-11-25,3.39,3.62,3.36,3.62,3.3898,3.6197,3.3598,3.6197,14579569.0,52237864.0,0.9999171270718231,9.29519373,33.648601,11.50587847,41.65128,0.012671408826378816
CN,001896,2019-11-26,3.74,3.75,3.46,3.48,3.7397,3.7497,3.4598,3.4797000000000002,49789542.0,179746049.0,0.9999137931034483,9.29519373,32.347274,11.50587847,40.040457,0.04327313392872991
CN,001896,2019-11-27,3.44,3.48,3.37,3.45,3.4398,3.4797000000000002,3.3698,3.4497999999999998,24419728.0,83230927.0,0.9999420289855071,9.29519373,32.068418,11.50587847,39.695281,0.02122369714200536
CN,001896,2019-11-28,3.43,3.44,3.35,3.35,3.4298,3.4398,3.3498,3.3498,12566797.0,42488371.0,0.9999402985074627,9.29519373,31.138899,11.50587847,38.544693,0.010922066518229094
CN,001896,2019-11-29,3.36,3.38,3.34,3.35,3.3598,3.3798,3.3398,3.3498,8574979.0,28813418.0,0.9999402985074627,9.29519373,31.138899,11.50587847,38.544693,0.007452693875011874
CN,001896,2019-12-02,3.37,3.48,3.35,3.45,3.3698,3.4797000000000002,3.3498,3.4497999999999998,20539136.0,70550195.0,0.9999420289855071,9.29519373,32.068418,11.50587847,39.695281,0.017850993345317336
CN,001896,2019-12-03,3.45,3.49,3.42,3.48,3.4497999999999998,3.4897,3.4198,3.4797000000000002,10322106.0,35728908.0,0.9999137931034483,9.29519373,32.347274,11.50587847,40.040457,0.00897115854900908
CN,001896,2019-12-04,3.46,3.52,3.44,3.46,3.4598,3.5197000000000003,3.4398,3.4598,9216150.0,32072742.0,0.999942196531792,9.29519373,32.16137,11.50587847,39.81034,0.008009949022171446
CN,001896,2019-12-05,3.46,3.5,3.44,3.48,3.4598,3.4997,3.4398,3.4797000000000002,9531059.0,33033133.0,0.9999137931034483,9.29519373,32.347274,11.50587847,40.040457,0.008283643030691597
CN,001896,2019-12-06,3.4699999999999998,3.5,3.41,3.43,3.4697,3.4997,3.4098,3.4298,10729000.0,36904161.0,0.9999416909620992,9.29519373,31.882514,11.50587847,39.465163,0.009324798647903674
CN,001896,2019-12-09,3.41,3.4699999999999998,3.41,3.46,3.4098,3.4697,3.4098,3.4598,9242081.0,31844434.0,0.999942196531792,9.29519373,32.16137,11.50587847,39.81034,0.008032486197466328
CN,001896,2019-12-10,3.46,3.49,3.44,3.49,3.4598,3.4897,3.4398,3.4897,9006562.0,31201685.0,0.9999140401146132,9.29519373,32.440226,11.50587847,40.155516,0.007827791700984306
CN,001896,2019-12-11,3.49,3.5,3.43,3.44,3.4897,3.4997,3.4298,3.4398,7565100.0,26195095.0,0.9999418604651162,9.29519373,31.975466,11.50587847,39.580222,0.0065749868814666875
CN,001896,2019-12-12,3.44,3.46,3.41,3.42,3.4398,3.4598,3.4098,3.4198,6777900.0,23244717.0,0.9999415204678362,9.29519373,31.789563,11.50587847,39.350104,0.005890814871435019
CN,001896,2019-12-13,3.44,3.4699999999999998,3.42,3.46,3.4398,3.4697,3.4198,3.4598,7919083.0,27298230.0,0.999942196531792,9.29519373,32.16137,11.50587847,39.81034,0.0068826409218973785
CN,001896,2019-12-16,3.46,3.49,3.44,3.49,3.4598,3.4897,3.4398,3.4897,9461140.0,32788722.0,0.9999140401146132,9.29519373,32.440226,11.50587847,40.155516,0.008222874963149163
CN,001896,2019-12-17,3.48,3.68,3.46,3.58,3.4797000000000002,3.6797,3.4598,3.5797,23886845.0,84962424.0,0.9999162011173184,9.29519373,33.276794,11.50587847,41.191045,0.02076055736403063
CN,001896,2019-12-18,3.55,3.61,3.5300000000000002,3.54,3.5497,3.6097,3.5297,3.5397,14085978.0,50133702.0,0.9999152542372881,9.29519373,32.904986,11.50587847,40.73081,0.012242418548681229
CN,001896,2019-12-19,3.56,3.61,3.54,3.59,3.5597,3.6097,3.5397,3.5897,12893881.0,46142459.0,0.99991643454039,9.29519373,33.369745,11.50587847,41.306104,0.011206342074287527
CN,001896,2019-12-20,3.59,3.62,3.57,3.58,3.5897,3.6197,3.5697,3.5797,10224247.0,36735973.0,0.9999162011173184,9.29519373,33.276794,11.50587847,41.191045,0.008886107242187828
CN,001896,2019-12-23,3.56,3.61,3.4699999999999998,3.49,3.5597,3.6097,3.4697,3.4897,11281516.0,39883310.0,0.9999140401146132,9.29519373,32.440226,11.50587847,40.155516,0.009805001877444652
CN,001896,2019-12-24,3.48,3.55,3.48,3.54,3.4797000000000002,3.5497,3.4797000000000002,3.5397,6458103.0,22729502.0,0.9999152542372881,9.29519373,32.904986,11.50587847,40.73081,0.005612872599722496
CN,001896,2019-12-25,3.54,3.55,3.49,3.51,3.5397,3.5497,3.4897,3.5097,6355181.0,22410118.0,0.99991452991453,9.29519373,32.62613,11.50587847,40.385633,0.005523420933543026
CN,001896,2019-12-26,3.51,3.55,3.49,3.54,3.5097,3.5497,3.4897,3.5397,8454449.0,29747960.0,0.9999152542372881,9.29519373,32.904986,11.50587847,40.73081,0.007347938727185252
CN,001896,2019-12-27,3.54,3.57,3.51,3.52,3.5397,3.5697,3.5097,3.5197000000000003,12926893.0,45765362.0,0.9999147727272728,9.29519373,32.719082,11.50587847,40.500692,0.011235033495013093
CN,001896,2019-12-30,3.5,3.56,3.41,3.55,3.4997,3.5597,3.4098,3.5497,12289140.0,42855689.0,0.9999154929577465,9.29519373,32.997938,11.50587847,40.845869,0.01068074900325277
CN,001896,2019-12-31,3.5300000000000002,3.57,3.52,3.56,3.5297,3.5697,3.5197000000000003,3.5597,9434668.0,33451278.0,0.9999157303370786,9.29519373,33.09089,11.50587847,40.960927,0.008199867593421574
CN,001896,2020-01-02,3.6,3.64,3.58,3.61,3.6,3.64,3.58,3.61,14886404.0,53700537.0,1.0,9.29519373,33.555649,11.50587847,41.536221,0.012938085552367215
CN,001896,2020-01-03,3.62,3.64,3.59,3.64,3.62,3.64,3.59,3.64,13513760.0,48994862.0,1.0,9.29519373,33.834505,11.50587847,41.881398,0.01174509189822861
CN,001896,2020-01-06,3.64,3.7,3.6,3.67,3.64,3.7,3.6,3.67,15059412.0,55079790.0,1.0,9.29519373,34.113361,11.50587847,42.226574,0.013088450429287387
CN,001896,2020-01-07,3.66,3.74,3.66,3.71,3.66,3.74,3.66,3.71,14207648.0,52585328.0,1.0,9.29519373,34.485169,11.50587847,42.686809,0.012348164494388232
CN,001896,2020-01-08,3.7,3.7,3.59,3.6,3.7,3.7,3.59,3.6,17677118.0,64495117.0,1.0,9.29519373,33.462697,11.50587847,41.421162,0.015363553548814773
CN,001896,2020-01-09,3.64,3.67,3.61,3.66,3.64,3.67,3.61,3.66,10974500.0,39939140.0,1.0,9.29519373,34.020409,11.50587847,42.111515,0.00953816784056472
CN,001896,2020-01-10,3.66,3.67,3.61,3.62,3.66,3.67,3.61,3.62,8102217.0,29464158.0,1.0,9.29519373,33.648601,11.50587847,41.65128,0.007041806517533989
CN,001896,2020-01-13,3.62,3.71,3.62,3.71,3.62,3.71,3.62,3.71,12621751.0,46381113.0,1.0,9.29519373,34.485169,11.50587847,42.686809,0.010969828190789156
CN,001896,2020-01-14,3.7199999999999998,3.75,3.68,3.7199999999999998,3.7199999999999998,3.75,3.68,3.7199999999999998,12082519.0,44838295.0,1.0,9.29519373,34.578121,11.50587847,42.801868,0.010501170363917463
CN,001896,2020-01-15,3.71,3.74,3.65,3.67,3.71,3.74,3.65,3.67,8686536.0,32013364.0,1.0,9.29519373,34.113361,11.50587847,42.226574,0.00754965040057476
CN,001896,2020-01-16,3.69,3.69,3.62,3.63,3.69,3.69,3.62,3.63,7086500.0,25823780.0,1.0,9.29519373,33.741553,11.50587847,41.766339,0.006159025595896112
CN,001896,2020-01-17,3.63,3.66,3.58,3.61,3.63,3.66,3.58,3.61,7325930.0,26514095.0,1.0,9.29519373,33.555649,11.50587847,41.536221,0.006367119224404601
CN,001896,2020-01-20,3.63,3.65,3.58,3.65,3.63,3.65,3.58,3.65,6488600.0,23495788.0,1.0,9.29519373,33.927457,11.50587847,41.996456,0.00563937818126459
CN,001896,2020-01-21,3.62,3.64,3.57,3.58,3.62,3.64,3.57,3.58,6766000.0,24312994.0,1.0,9.29519373,33.276794,11.50587847,41.191045,0.005880472332157355
CN,001896,2020-01-22,3.55,3.55,3.45,3.52,3.55,3.55,3.45,3.52,11897624.0,41581139.0,1.0,9.29519373,32.719082,11.50587847,40.500692,0.010340474246291947
CN,001896,2020-01-23,3.48,3.5,3.31,3.36,3.48,3.5,3.31,3.36,14365700.0,48916210.0,1.0,9.29519373,31.231851,11.50587847,38.659752,0.01248553079841456
CN,001896,2020-02-03,3.02,3.07,3.02,3.02,3.02,3.07,3.02,3.02,8636616.0,26113246.0,1.0,9.29519373,28.071485,11.50587847,34.747753,0.007506263882865434
CN,001896,2020-02-04,2.9,3.06,2.89,3.01,2.9,3.06,2.89,3.01,13462356.0,40466175.0,1.0,9.29519373,27.978533,11.50587847,34.632694,0.011700415605032894
CN,001896,2020-02-05,3.03,3.17,3.02,3.1,3.03,3.17,3.02,3.1,13193723.0,40808192.0,1.0,9.29519373,28.815101,11.50587847,35.668223,0.01146694103748864
CN,001896,2020-02-06,3.13,3.15,3.07,3.13,3.13,3.15,3.07,3.13,10902196.0,33900335.0,1.0,9.29519373,29.093956,11.50587847,36.0134,0.009475326919562014
CN,001896,2020-02-07,3.11,3.16,3.08,3.14,3.11,3.16,3.08,3.14,11873142.0,36985770.0,1.0,9.29519373,29.186908,11.50587847,36.128458,0.010319196427250286
CN,001896,2020-02-10,3.13,3.2,3.09,3.19,3.13,3.2,3.09,3.19,12511406.0,39482283.0,1.0,9.29519373,29.651668,11.50587847,36.703752,0.010873925039814887
CN,001896,2020-02-11,3.18,3.25,3.15,3.18,3.18,3.25,3.15,3.18,11724000.0,37534524.0,1.0,9.29519373,29.558716,11.50587847,36.588694,0.010189573990867992
CN,001896,2020-02-12,3.18,3.22,3.16,3.22,3.18,3.22,3.16,3.22,7780900.0,24843479.0,1.0,9.29519373,29.930524,11.50587847,37.048929,0.006762543181980958
CN,001896,2020-02-13,3.2,3.23,3.15,3.16,3.2,3.23,3.15,3.16,8908999.0,28378455.0,1.0,9.29519373,29.372812,11.50587847,36.358576,0.007742997653963574
CN,001896,2020-02-14,3.15,3.19,3.14,3.15,3.15,3.19,3.14,3.15,5856576.0,18516779.0,1.0,9.29519373,29.27986,11.50587847,36.243517,0.005090072883413656
CN,001896,2020-02-17,3.16,3.27,3.16,3.25,3.16,3.27,3.16,3.25,10756417.0,34656628.0,1.0,9.29519373,30.20938,11.50587847,37.394105,0.009348627336926842
CN,001896,2020-02-18,3.26,3.3,3.22,3.2800000000000002,3.26,3.3,3.22,3.2800000000000002,11559905.0,37690074.0,1.0,9.29519373,30.488235,11.50587847,37.739281,0.010046955588954696
CN,001896,2020-02-19,3.26,3.35,3.25,3.27,3.26,3.35,3.25,3.27,11524900.0,38027193.0,1.0,9.29519373,30.395284,11.50587847,37.624223,0.010016532010180358
CN,001896,2020-02-20,3.26,3.36,3.26,3.35,3.26,3.36,3.26,3.35,14556298.0,48293228.0,1.0,9.29519373,31.138899,11.50587847,38.544693,0.012651183512804825
CN,001896,2020-02-21,3.33,3.4,3.32,3.37,3.33,3.4,3.32,3.37,15081304.0,50724665.0,1.0,9.29519373,31.324803,11.50587847,38.77481,0.013107477225074497
CN,001896,2020-02-24,3.35,3.41,3.32,3.37,3.35,3.41,3.32,3.37,11068214.0,37335151.0,1.0,9.29519373,31.324803,11.50587847,38.77481,0.009619616641057743
CN,001896,2020-02-25,3.31,3.35,3.25,3.34,3.31,3.35,3.25,3.34,15113773.0,49813795.0,1.0,9.29519373,31.045947,11.50587847,38.429634,0.01313569671312546
CN,001896,2020-02-26,3.3,3.5300000000000002,3.27,3.41,3.3,3.5300000000000002,3.27,3.41,25197455.0,86594420.0,1.0,9.29519373,31.696611,11.50587847,39.235046,0.02189963596929944
CN,001896,2020-02-27,3.45,3.5300000000000002,3.37,3.37,3.45,3.5300000000000002,3.37,3.37,20264021.0,69533680.0,1.0,9.29519373,31.324803,11.50587847,38.77481,0.01761188513579007
CN,001896,2020-02-28,3.29,3.34,3.2,3.2,3.29,3.34,3.2,3.2,16803821.0,54809941.0,1.0,9.29519373,29.74462,11.50587847,36.818811,0.014604552832548735
CN,001896,2020-03-02,3.2,3.37,3.2,3.34,3.2,3.37,3.2,3.34,12686751.0,41808520.0,1.0,9.29519373,31.045947,11.50587847,38.429634,0.01102632105238984
CN,001896,2020-03-03,3.36,3.45,3.36,3.39,3.36,3.45,3.36,3.39,16512547.0,56093572.0,1.0,9.29519373,31.510707,11.50587847,39.004928,0.01435140049762754
CN,001896,2020-03-04,3.38,3.45,3.36,3.45,3.38,3.45,3.36,3.45,10934110.0,37344231.0,1.0,9.29519373,32.068418,11.50587847,39.695281,0.009503064045487002
CN,001896,2020-03-05,3.46,3.5300000000000002,3.45,3.52,3.46,3.5300000000000002,3.45,3.52,17766200.0,62212250.0,1.0,9.29519373,32.719082,11.50587847,40.500692,0.015440976581078037
CN,001896,2020-03-06,3.4699999999999998,3.57,3.46,3.5300000000000002,3.4699999999999998,3.57,3.46,3.5300000000000002,19230312.0,67945865.0,1.0,9.29519373,32.812034,11.50587847,40.615751,0.016713466990061123
CN,001896,2020-03-09,3.48,3.5300000000000002,3.44,3.48,3.48,3.5300000000000002,3.44,3.48,15671730.0,54545423.0,1.0,9.29519373,32.347274,11.50587847,40.040457,0.013620628829742888
CN,001896,2020-03-10,3.43,3.61,3.39,3.6,3.43,3.61,3.39,3.6,20230245.0,71004008.0,1.0,9.29519373,33.462697,11.50587847,41.421162,0.01758252970666046
CN,001896,2020-03-11,3.61,3.66,3.49,3.5,3.61,3.66,3.49,3.5,18707402.0,67133761.0,1.0,9.29519373,32.533178,11.50587847,40.270575,0.016258994955297836
CN,001896,2020-03-12,3.49,3.55,3.42,3.45,3.49,3.55,3.42,3.45,11709344.0,40633382.0,1.0,9.29519373,32.068418,11.50587847,39.695281,0.010176836154258458
CN,001896,2020-03-13,3.3,3.4,3.26,3.39,3.3,3.4,3.26,3.39,14827100.0,49488431.0,1.0,9.29519373,31.510707,11.50587847,39.004928,0.012886543203684646
CN,001896,2020-03-16,3.43,3.46,3.32,3.33,3.43,3.46,3.32,3.33,15709201.0,53266598.0,1.0,9.29519373,30.952995,11.50587847,38.314575,0.013653195660774262
CN,001896,2020-03-17,3.33,3.36,3.26,3.34,3.33,3.36,3.26,3.34,11627061.0,38519073.0,1.0,9.29519373,31.045947,11.50587847,38.429634,0.010105322275318627
CN,001896,2020-03-18,3.34,3.4,3.29,3.3,3.34,3.4,3.29,3.3,10850743.0,36439476.0,1.0,9.29519373,30.674139,11.50587847,37.969399,0.009430608039439861
CN,001896,2020-03-19,3.2800000000000002,3.35,3.26,3.35,3.2800000000000002,3.35,3.26,3.35,9679100.0,32017905.0,1.0,9.29519373,31.138899,11.50587847,38.544693,0.008412308564910473
CN,001896,2020-03-20,3.38,3.41,3.35,3.4,3.38,3.41,3.35,3.4,10034158.0,33934146.0,1.0,9.29519373,31.603659,11.50587847,39.119987,0.008720896910359944
CN,001896,2020-03-23,3.36,3.58,3.3,3.42,3.36,3.58,3.3,3.42,19054423.0,65705103.0,1.0,9.29519373,31.789563,11.50587847,39.350104,0.01656059817569062
CN,001896,2020-03-24,3.48,3.54,3.41,3.54,3.48,3.54,3.41,3.54,23868673.0,82997755.0,1.0,9.29519373,32.904986,11.50587847,40.73081,0.020744763698168977
CN,001896,2020-03-25,3.57,3.59,3.51,3.54,3.57,3.59,3.51,3.54,19375941.0,68665518.0,1.0,9.29519373,32.904986,11.50587847,40.73081,0.01684003620455414
CN,001896,2020-03-26,3.52,3.55,3.48,3.49,3.52,3.55,3.48,3.49,10821222.0,37971265.0,1.0,9.29519373,32.440226,11.50587847,40.155516,0.009404950719942726
CN,001896,2020-03-27,3.52,3.52,3.44,3.45,3.52,3.52,3.44,3.45,11835897.0,41015623.0,1.0,9.29519373,32.068418,11.50587847,39.695281,0.010286826017553095
CN,001896,2020-03-30,3.41,3.43,3.29,3.32,3.41,3.43,3.29,3.32,12173106.0,40638103.0,1.0,9.29519373,30.860043,11.50587847,38.199517,0.010579901423207019
CN,001896,2020-03-31,3.34,3.36,3.2800000000000002,3.2800000000000002,3.34,3.36,3.2800000000000002,3.2800000000000002,9267339.0,30742113.0,1.0,9.29519373,30.488235,11.50587847,37.739281,0.008054438454363407
CN,001896,2020-04-01,3.29,3.33,3.23,3.23,3.29,3.33,3.23,3.23,5998844.0,19695304.0,1.0,9.29519373,30.023476,11.50587847,37.163987,0.005213720982401442
CN,001896,2020-04-02,3.21,3.27,3.17,3.25,3.21,3.27,3.17,3.25,7202510.0,23192924.0,1.0,9.29519373,30.20938,11.50587847,37.394105,0.006259852317039118
CN,001896,2020-04-03,3.26,3.29,3.23,3.24,3.26,3.29,3.23,3.24,6302100.0,20521257.0,1.0,9.29519373,30.116428,11.50587847,37.279046,0.005477287124518011
CN,001896,2020-04-07,3.2800000000000002,3.32,3.2800000000000002,3.3,3.2800000000000002,3.32,3.2800000000000002,3.3,6203100.0,20437222.0,1.0,9.29519373,30.674139,11.50587847,37.969399,0.005391244150695432
CN,001896,2020-04-08,3.27,3.3,3.22,3.29,3.27,3.3,3.22,3.29,8724610.0,28438381.0,1.0,9.29519373,30.581187,11.50587847,37.85434,0.007582741311537597
CN,001896,2020-04-09,3.32,3.34,3.29,3.32,3.32,3.34,3.29,3.32,8605323.0,28549345.0,1.0,9.29519373,30.860043,11.50587847,38.199517,0.007479066481048969
CN,001896,2020-04-10,3.31,3.32,3.25,3.25,3.31,3.32,3.25,3.25,8909300.0,29291506.0,1.0,9.29519373,30.20938,11.50587847,37.394105,0.007743259259368833
CN,001896,2020-04-13,3.26,3.2800000000000002,3.22,3.26,3.26,3.2800000000000002,3.22,3.26,3639130.0,11828780.0,1.0,9.29519373,30.302332,11.50587847,37.509164,0.0031628441144138037
CN,001896,2020-04-14,3.27,3.31,3.26,3.29,3.27,3.31,3.26,3.29,5941289.0,19527003.0,1.0,9.29519373,30.581187,11.50587847,37.85434,0.005163698726256405
CN,001896,2020-04-15,3.3,3.43,3.29,3.35,3.3,3.43,3.29,3.35,16090146.0,53955581.0,1.0,9.29519373,31.138899,11.50587847,38.544693,0.013984282940196916
CN,001896,2020-04-16,3.33,3.46,3.3,3.44,3.33,3.46,3.3,3.44,16485528.0,56005679.0,1.0,9.29519373,31.975466,11.50587847,39.580222,0.014327917718741557
CN,001896,2020-04-17,3.42,3.44,3.35,3.35,3.42,3.44,3.35,3.35,14699958.0,49941386.0,1.0,9.29519373,31.138899,11.50587847,38.544693,0.012776041428151813
CN,001896,2020-04-20,3.37,3.37,3.31,3.33,3.37,3.37,3.31,3.33,8274156.0,27631130.0,1.0,9.29519373,30.952995,11.50587847,38.314575,0.007191242304161066
CN,001896,2020-04-21,3.33,3.36,3.27,3.29,3.33,3.36,3.27,3.29,9873818.0,32606771.0,1.0,9.29519373,30.581187,11.50587847,37.85434,0.008581542057605272
CN,001896,2020-04-22,3.2800000000000002,3.32,3.24,3.32,3.2800000000000002,3.32,3.24,3.32,5432219.0,17875409.0,1.0,9.29519373,30.860043,11.50587847,38.199517,0.004721255325409325
CN,001896,2020-04-23,3.31,3.37,3.31,3.34,3.31,3.37,3.31,3.34,8184381.0,27362618.0,1.0,9.29519373,31.045947,11.50587847,38.429634,0.007113216971081044
CN,001896,2020-04-24,3.34,3.44,3.25,3.25,3.34,3.44,3.25,3.25,13894542.0,46310722.0,1.0,9.29519373,30.20938,11.50587847,37.394105,0.01207603751093679
CN,001896,2020-04-27,3.25,3.25,3.18,3.21,3.25,3.25,3.18,3.21,7917600.0,25431123.0,1.0,9.29519373,29.837572,11.50587847,36.93387,0.006881352015531935
CN,001896,2020-04-28,3.21,3.26,3.12,3.16,3.21,3.26,3.12,3.16,8801818.0,28038840.0,1.0,9.29519373,29.372812,11.50587847,36.358576,0.007649844401667837
CN,001896,2020-04-29,3.14,3.18,3.13,3.16,3.14,3.18,3.13,3.16,7110524.0,22416092.0,1.0,9.29519373,29.372812,11.50587847,36.358576,0.006179905357543725
CN,001896,2020-04-30,3.16,3.26,3.16,3.25,3.16,3.26,3.16,3.25,8976000.0,28979984.0,1.0,9.29519373,30.20938,11.50587847,37.394105,0.007801229626580612
CN,001896,2020-05-06,3.24,3.31,3.21,3.31,3.24,3.31,3.21,3.31,7724057.0,25347265.0,1.0,9.29519373,30.767091,11.50587847,38.084458,0.006713139739950687
CN,001896,2020-05-07,3.31,3.33,3.25,3.2800000000000002,3.31,3.33,3.25,3.2800000000000002,7559800.0,24914333.0,1.0,9.29519373,30.488235,11.50587847,37.739281,0.006570380540443862
CN,001896,2020-05-08,3.2800000000000002,3.31,3.27,3.3,3.2800000000000002,3.31,3.27,3.3,6998500.0,23022699.0,1.0,9.29519373,30.674139,11.50587847,37.969399,0.006082542952498263
CN,001896,2020-05-11,3.32,3.34,3.29,3.3,3.32,3.34,3.29,3.3,4375306.0,14485261.0,1.0,9.29519373,30.674139,11.50587847,37.969399,0.003802670097209883
CN,001896,2020-05-12,3.3,3.33,3.25,3.2800000000000002,3.3,3.33,3.25,3.2800000000000002,4062901.0,13322697.0,1.0,9.29519373,30.488235,11.50587847,37.739281,0.00353115236754278
CN,001896,2020-05-13,3.2800000000000002,3.2800000000000002,3.24,3.26,3.2800000000000002,3.2800000000000002,3.24,3.26,4913700.0,16034541.0,1.0,9.29519373,30.302332,11.50587847,37.509164,0.004270599600727401
CN,001896,2020-05-14,3.26,3.33,3.24,3.29,3.26,3.33,3.24,3.29,6140400.0,20164627.0,1.0,9.29519373,30.581187,11.50587847,37.85434,0.005336750267274464
CN,001896,2020-05-15,3.2800000000000002,3.31,3.26,3.27,3.2800000000000002,3.31,3.26,3.27,4431561.0,14547037.0,1.0,9.29519373,30.395284,11.50587847,37.624223,0.0038515624961229056
CN,001896,2020-05-18,3.26,3.29,3.17,3.27,3.26,3.29,3.17,3.27,10763101.0,34671836.0,1.0,9.29519373,30.395284,11.50587847,37.624223,0.009354436541341288
CN,001896,2020-05-19,3.26,3.2800000000000002,3.23,3.25,3.26,3.2800000000000002,3.23,3.25,5730577.0,18638604.0,1.0,9.29519373,30.20938,11.50587847,37.394105,0.0049805645131240465
CN,001896,2020-05-20,3.25,3.25,3.19,3.19,3.25,3.25,3.19,3.19,4608187.0,14798736.0,1.0,9.29519373,29.651668,11.50587847,36.703752,0.004005071852631866
CN,001896,2020-05-21,3.19,3.23,3.19,3.2,3.19,3.23,3.19,3.2,3386800.0,10867369.0,1.0,9.29519373,29.74462,11.50587847,36.818811,0.0029435388256799483
CN,001896,2020-05-22,3.2,3.2,3.11,3.11,3.2,3.2,3.11,3.11,5880800.0,18475399.0,1.0,9.29519373,28.908053,11.50587847,35.783282,0.005111126469250809
CN,001896,2020-05-25,3.12,3.15,3.08,3.14,3.12,3.15,3.08,3.14,5048724.0,15695652.0,1.0,9.29519373,29.186908,11.50587847,36.128458,0.0043879517875700285
CN,001896,2020-05-26,3.14,3.17,3.14,3.15,3.14,3.17,3.14,3.15,3611250.0,11382875.0,1.0,9.29519373,29.27986,11.50587847,36.243517,0.0031386130223918485
CN,001896,2020-05-27,3.15,3.16,3.12,3.13,3.15,3.16,3.12,3.13,4069401.0,12762533.0,1.0,9.29519373,29.093956,11.50587847,36.0134,0.0035368016537028484
CN,001896,2020-05-28,3.12,3.15,3.12,3.14,3.12,3.15,3.12,3.14,3866602.0,12140854.0,1.0,9.29519373,29.186908,11.50587847,36.128458,0.003360544794629662
CN,001896,2020-05-29,3.14,3.16,3.13,3.14,3.14,3.16,3.13,3.14,4690398.0,14770396.0,1.0,9.29519373,29.186908,11.50587847,36.128458,0.0040765231548634635
CN,001896,2020-06-01,3.17,3.25,3.16,3.23,3.17,3.25,3.16,3.23,7720561.0,24770756.0,1.0,9.29519373,30.023476,11.50587847,37.163987,0.006710101293117517
CN,001896,2020-06-02,3.23,3.26,3.22,3.25,3.23,3.26,3.22,3.25,4730101.0,15353755.0,1.0,9.29519373,30.20938,11.50587847,37.394105,0.004111029863850109
CN,001896,2020-06-03,3.25,3.2800000000000002,3.23,3.23,3.25,3.2800000000000002,3.23,3.23,5327600.0,17298572.0,1.0,9.29519373,30.023476,11.50587847,37.163987,0.004630328760981603
CN,001896,2020-06-04,3.26,3.26,3.21,3.26,3.26,3.26,3.21,3.26,5712400.0,18509148.0,1.0,9.29519373,30.302332,11.50587847,37.509164,0.004964766501657652
CN,001896,2020-06-05,3.26,3.27,3.22,3.23,3.26,3.27,3.22,3.23,3724919.0,12068386.0,1.0,9.29519373,30.023476,11.50587847,37.163987,0.003237405131396282
CN,001896,2020-06-08,3.24,3.27,3.22,3.24,3.24,3.27,3.22,3.24,4381958.0,14193201.0,1.0,9.29519373,30.116428,11.50587847,37.279046,0.003808451489754002
CN,001896,2020-06-09,3.23,3.3,3.22,3.2800000000000002,3.23,3.3,3.22,3.2800000000000002,5905456.0,19290206.0,1.0,9.29519373,30.488235,11.50587847,37.739281,0.00513255551533737
CN,001896,2020-06-10,3.26,3.2800000000000002,3.21,3.22,3.26,3.2800000000000002,3.21,3.22,6241205.0,20171815.0,1.0,9.29519373,29.930524,11.50587847,37.048929,0.005424362004407648
CN,001896,2020-06-11,3.23,3.23,3.18,3.18,3.23,3.23,3.18,3.18,3636010.0,11640059.0,1.0,9.29519373,29.558716,11.50587847,36.588694,0.003160132457056971
CN,001896,2020-06-12,3.16,3.19,3.13,3.18,3.16,3.19,3.13,3.18,3793546.0,11998618.0,1.0,9.29519373,29.558716,11.50587847,36.588694,0.003297050294674284
CN,001896,2020-06-15,3.19,3.31,3.19,3.25,3.19,3.31,3.19,3.25,9387835.0,30507927.0,1.0,9.29519373,30.20938,11.50587847,37.394105,0.008159164052077807
CN,001896,2020-06-16,3.24,3.29,3.14,3.2800000000000002,3.24,3.29,3.14,3.2800000000000002,8583228.0,27921769.0,1.0,9.29519373,30.488235,11.50587847,37.739281,0.007459863253709475
CN,001896,2020-06-17,3.26,3.3,3.26,3.27,3.26,3.3,3.26,3.27,5650200.0,18497468.0,1.0,9.29519373,30.395284,11.50587847,37.624223,0.004910707178710536
CN,001896,2020-06-18,3.26,3.34,3.23,3.33,3.26,3.34,3.23,3.33,11283623.0,37209914.0,1.0,9.29519373,30.952995,11.50587847,38.314575,0.009806833115281462
CN,001896,2020-06-19,3.31,3.32,3.27,3.3,3.31,3.32,3.27,3.3,8806142.0,28994255.0,1.0,9.29519373,30.674139,11.50587847,37.969399,0.0076536024806457045
CN,001896,2020-06-22,3.3,3.32,3.27,3.29,3.3,3.32,3.27,3.29,6803000.0,22457063.0,1.0,9.29519373,30.581187,11.50587847,37.85434,0.00591262980722236
CN,001896,2020-06-23,3.29,3.29,3.25,3.25,3.29,3.29,3.25,3.25,4316888.0,14076933.0,1.0,9.29519373,30.20938,11.50587847,37.394105,0.003751897789686979
CN,001896,2020-06-24,3.26,3.26,3.23,3.25,3.26,3.26,3.23,3.25,2819100.0,9157004.0,1.0,9.29519373,30.20938,11.50587847,37.394105,0.002450138863669051
CN,001896,2020-06-29,3.24,3.26,3.2,3.2,3.24,3.26,3.2,3.2,3563710.0,11491145.0,1.0,9.29519373,29.74462,11.50587847,36.818811,0.003097295012538056
CN,001896,2020-06-30,3.21,3.23,3.21,3.22,3.21,3.23,3.21,3.22,3329189.0,10720666.0,1.0,9.29519373,29.930524,11.50587847,37.048929,0.0028934678987618404
CN,001896,2020-07-01,3.22,3.24,3.21,3.24,3.22,3.24,3.21,3.24,4386507.0,14134266.0,1.0,9.29519373,30.116428,11.50587847,37.279046,0.0038124051209451025
CN,001896,2020-07-02,3.24,3.3,3.23,3.29,3.24,3.3,3.23,3.29,9975400.0,32644149.0,1.0,9.29519373,30.581187,11.50587847,37.85434,0.008669829101714821
CN,001896,2020-07-03,3.3,3.37,3.3,3.35,3.3,3.37,3.3,3.35,11559038.0,38550435.0,1.0,9.29519373,31.138899,11.50587847,38.544693,0.010046202061093037
CN,001896,2020-07-06,3.38,3.52,3.37,3.51,3.38,3.52,3.37,3.51,26411735.0,91196399.0,1.0,9.29519373,32.62613,11.50587847,40.385633,0.022954992153676034
CN,001896,2020-07-07,3.5300000000000002,3.58,3.4699999999999998,3.4699999999999998,3.5300000000000002,3.58,3.4699999999999998,3.4699999999999998,23174057.0,81700595.0,1.0,9.29519373,32.254322,11.50587847,39.925398,0.020141058381959426
CN,001896,2020-07-08,3.4699999999999998,3.6,3.46,3.58,3.4699999999999998,3.6,3.46,3.58,21097874.0,74525043.0,1.0,9.29519373,33.276794,11.50587847,41.191045,0.01833660424539492
CN,001896,2020-07-09,3.59,3.67,3.57,3.67,3.59,3.67,3.57,3.67,21439044.0,77807212.0,1.0,9.29519373,34.113361,11.50587847,42.226574,0.018633122239122696
CN,001896,2020-07-10,4.04,4.04,4.04,4.04,4.04,4.04,4.04,4.04,6046586.0,24428207.0,1.0,9.29519373,37.552583,11.50587847,46.483749,0.00525521455468667
CN,001896,2020-07-13,4.22,4.44,4.11,4.44,4.22,4.44,4.11,4.44,93813259.0,401435301.0,1.0,9.29519373,41.27066,11.50587847,51.0861,0.08153506856917114
CN,001896,2020-07-14,4.47,4.5,4.22,4.3,4.47,4.5,4.22,4.3,52336232.0,226573161.0,1.0,9.29519373,39.969333,11.50587847,49.475277,0.04548651555503523
CN,001896,2020-07-15,4.3,4.37,4.07,4.07,4.3,4.37,4.07,4.07,33841060.0,142886511.0,1.0,9.29519373,37.831438,11.50587847,46.828925,0.02941197413846837
CN,001896,2020-07-16,4.06,4.24,4.01,4.05,4.06,4.24,4.01,4.05,32797951.0,136239346.0,1.0,9.29519373,37.645535,11.50587847,46.598808,0.028505386255831017
CN,001896,2020-07-17,4.09,4.14,3.98,3.99,4.09,4.14,3.98,3.99,21047624.0,85346047.0,1.0,9.29519373,37.087823,11.50587847,45.908455000000004,0.018292930917772853
CN,001896,2020-07-20,4.04,4.25,4.02,4.24,4.04,4.25,4.02,4.24,25929993.0,108512165.0,1.0,9.29519373,39.411621,11.50587847,48.784925,0.022536300090087776
CN,001896,2020-07-21,4.28,4.28,4.13,4.16,4.28,4.28,4.13,4.16,18881983.0,78974848.0,1.0,9.29519373,38.668006,11.50587847,47.864454,0.016410726959468745
CN,001896,2020-07-22,4.13,4.18,4.1,4.13,4.13,4.18,4.1,4.13,16796862.0,69580010.0,1.0,9.29519373,38.38915,11.50587847,47.519278,0.01459850461987367
CN,001896,2020-07-23,4.12,4.13,3.9699999999999998,4.07,4.12,4.13,3.9699999999999998,4.07,17368500.0,70170710.0,1.0,9.29519373,37.831438,11.50587847,46.828925,0.015095327180176622
CN,001896,2020-07-24,4.07,4.12,3.86,3.93,4.07,4.12,3.86,3.93,21318402.0,85184232.0,1.0,9.29519373,36.530111,11.50587847,45.218102,0.01852826974974993
CN,001896,2020-07-27,3.93,3.95,3.83,3.91,3.93,3.95,3.83,3.91,9848273.0,38274757.0,1.0,9.29519373,36.344207,11.50587847,44.987985,0.008559340362996203
CN,001896,2020-07-28,3.9699999999999998,4.0,3.84,3.87,3.9699999999999998,4.0,3.84,3.87,11967674.0,46812276.0,1.0,9.29519373,35.9724,11.50587847,44.52775,0.010401356168678532
CN,001896,2020-07-29,3.87,3.95,3.79,3.94,3.87,3.95,3.79,3.94,15123090.0,58825371.0,1.0,9.29519373,36.623063,11.50587847,45.333161,0.013143794312995208
CN,001896,2020-07-30,3.96,4.14,3.91,4.05,3.96,4.14,3.91,4.05,23753711.0,95165231.0,1.0,9.29519373,37.645535,11.50587847,46.598808,0.020644847815779164
CN,001896,2020-07-31,4.03,4.09,3.98,4.07,4.03,4.09,3.98,4.07,20830674.0,84114708.0,1.0,9.29519373,37.831438,11.50587847,46.828925,0.018104375128168725
CN,001896,2020-08-03,4.1,4.24,4.08,4.16,4.1,4.24,4.08,4.16,21086464.0,87775940.0,1.0,9.29519373,38.668006,11.50587847,47.864454,0.01832668757538163
CN,001896,2020-08-04,4.16,4.21,4.13,4.17,4.16,4.21,4.13,4.17,15368870.0,64197682.0,1.0,9.29519373,38.760958,11.50587847,47.979513,0.013357406859521609
CN,001896,2020-08-05,4.17,4.18,4.09,4.11,4.17,4.18,4.09,4.11,12128437.0,49878384.0,1.0,9.29519373,38.203246,11.50587847,47.289161,0.010541078659594081
CN,001896,2020-08-06,4.13,4.13,3.98,4.09,4.13,4.13,3.98,4.09,12145825.0,49487725.0,1.0,9.29519373,38.017342,11.50587847,47.059043,0.010556190934632738
CN,001896,2020-08-07,4.09,4.09,3.9699999999999998,4.04,4.09,4.09,3.9699999999999998,4.04,13380269.0,53770981.0,1.0,9.29519373,37.552583,11.50587847,46.483749,0.011629072073798812
CN,001896,2020-08-10,4.02,4.12,4.0,4.1,4.02,4.12,4.0,4.1,10157970.0,41308369.0,1.0,9.29519373,38.110294,11.50587847,47.174102,0.008828504513136926
CN,001896,2020-08-11,4.11,4.13,4.03,4.04,4.11,4.13,4.03,4.04,8586005.0,35112583.0,1.0,9.29519373,37.552583,11.50587847,46.483749,0.007462276802581246
CN,001896,2020-08-12,4.03,4.07,3.96,4.04,4.03,4.07,3.96,4.04,10028000.0,40164318.0,1.0,9.29519373,37.552583,11.50587847,46.483749,0.00871554486356399
CN,001896,2020-08-13,4.02,4.1,4.01,4.04,4.02,4.1,4.01,4.04,9184700.0,37156619.0,1.0,9.29519373,37.552583,11.50587847,46.483749,0.007982615168366193
CN,001896,2020-08-14,4.04,4.06,3.98,4.05,4.04,4.06,3.98,4.05,8251280.0,33097335.0,1.0,9.29519373,37.645535,11.50587847,46.598808,0.007171360293361416
CN,001896,2020-08-17,4.05,4.12,4.03,4.11,4.05,4.12,4.03,4.11,10101553.0,41192976.0,1.0,9.29519373,38.203246,11.50587847,47.289161,0.008779471316630377
CN,001896,2020-08-18,4.1,4.23,4.09,4.18,4.1,4.23,4.09,4.18,15361900.0,64188145.0,1.0,9.29519373,38.85391,11.50587847,48.094572,0.01335134908651612
CN,001896,2020-08-19,4.16,4.43,4.15,4.29,4.16,4.43,4.15,4.29,28289549.0,121425900.0,1.0,9.29519373,39.876381,11.50587847,49.360219,0.024587039636965676
CN,001896,2020-08-20,4.25,4.3,4.16,4.17,4.25,4.3,4.16,4.17,17567719.0,73968932.0,1.0,9.29519373,38.760958,11.50587847,47.979513,0.015268472586257032
CN,001896,2020-08-21,4.19,4.21,4.13,4.17,4.19,4.21,4.13,4.17,11169564.0,46541376.0,1.0,9.29519373,38.760958,11.50587847,47.979513,0.009707702049107425
CN,001896,2020-08-24,4.18,4.23,4.15,4.18,4.18,4.23,4.15,4.18,11359200.0,47588578.0,1.0,9.29519373,38.85391,11.50587847,48.094572,0.009872518669146
CN,001896,2020-08-25,4.18,4.22,4.16,4.16,4.18,4.22,4.16,4.16,9995800.0,41887901.0,1.0,9.29519373,38.668006,11.50587847,47.864454,0.008687559169047959
CN,001896,2020-08-26,4.17,4.21,4.07,4.08,4.17,4.21,4.07,4.08,8756931.0,36129863.0,1.0,9.29519373,37.92439,11.50587847,46.943984,0.0076108321696883
CN,001896,2020-08-27,4.1,4.22,4.08,4.22,4.1,4.22,4.08,4.22,11339100.0,47145056.0,1.0,9.29519373,39.225718,11.50587847,48.554807,0.009855049338097171
CN,001896,2020-08-28,4.19,4.21,4.07,4.11,4.19,4.21,4.07,4.11,16094000.0,66213036.0,1.0,9.29519373,38.203246,11.50587847,47.289161,0.013987632532329363
CN,001896,2020-08-31,4.12,4.16,4.09,4.1,4.12,4.16,4.09,4.1,10045697.0,41492581.0,1.0,9.29519373,38.110294,11.50587847,47.174102,0.008730925696975486
CN,001896,2020-09-01,4.09,4.1,4.06,4.08,4.09,4.1,4.06,4.08,8838497.0,36026847.0,1.0,9.29519373,37.92439,11.50587847,46.943984,0.007681722888908629
CN,001896,2020-09-02,4.08,4.1,4.04,4.07,4.08,4.1,4.04,4.07,7958370.0,32418106.0,1.0,9.29519373,37.831438,11.50587847,46.828925,0.0069167860765697795
CN,001896,2020-09-03,4.07,4.14,4.06,4.07,4.07,4.14,4.06,4.07,8673800.0,35460875.0,1.0,9.29519373,37.831438,11.50587847,46.828925,0.007538581276184816
CN,001896,2020-09-04,4.05,4.05,3.95,4.04,4.05,4.05,3.95,4.04,12247216.0,49028876.0,1.0,9.29519373,37.552583,11.50587847,46.483749,0.010644311976641277
CN,001896,2020-09-07,4.03,4.05,3.89,3.91,4.03,4.05,3.89,3.91,17189000.0,68281088.0,1.0,9.29519373,36.344207,11.50587847,44.987985,0.014939319970063963
CN,001896,2020-09-08,3.92,3.98,3.88,3.96,3.92,3.98,3.88,3.96,10589708.0,41602429.0,1.0,9.29519373,36.808967,11.50587847,45.563279,0.009203737052856252
CN,001896,2020-09-09,3.93,4.09,3.92,4.01,3.93,4.09,3.92,4.01,14403298.0,57964685.0,1.0,9.29519373,37.273727,11.50587847,46.138573,0.012518208007806291
CN,001896,2020-09-10,4.04,4.06,3.93,3.94,4.04,4.06,3.93,3.94,11659037.0,46381734.0,1.0,9.29519373,36.623063,11.50587847,45.333161,0.010133113286742372
CN,001896,2020-09-11,3.94,3.99,3.86,3.94,3.94,3.99,3.86,3.94,9439900.0,36923565.0,1.0,9.29519373,36.623063,11.50587847,45.333161,0.008204414834219955
CN,001896,2020-09-14,3.96,3.98,3.88,3.9,3.96,3.98,3.88,3.9,7775100.0,30431484.0,1.0,9.29519373,36.251256,11.50587847,44.872926,0.006757502280484282
CN,001896,2020-09-15,3.92,3.92,3.86,3.9,3.92,3.92,3.86,3.9,6174701.0,23990039.0,1.0,9.29519373,36.251256,11.50587847,44.872926,0.005366561984901618
CN,001896,2020-09-16,3.91,3.91,3.83,3.85,3.91,3.91,3.83,3.85,5719100.0,22089886.0,1.0,9.29519373,35.786496,11.50587847,44.297632,0.004970589612007261
CN,001896,2020-09-17,3.87,3.87,3.7800000000000002,3.79,3.87,3.87,3.7800000000000002,3.79,7666800.0,29270188.0,1.0,9.29519373,35.228784,11.50587847,43.607279,0.006663376481848065
CN,001896,2020-09-18,3.8,3.91,3.79,3.9,3.8,3.91,3.79,3.9,10320774.0,39847555.0,1.0,9.29519373,36.251256,11.50587847,44.872926,0.008970000879906738
CN,001896,2020-09-21,3.9,3.9,3.82,3.84,3.9,3.9,3.82,3.84,7433624.0,28664317.0,1.0,9.29519373,35.693544,11.50587847,44.182573,0.00646071833574651
CN,001896,2020-09-22,3.82,3.84,3.79,3.81,3.82,3.84,3.79,3.81,6060480.0,23126725.0,1.0,9.29519373,35.414688,11.50587847,43.837397,0.005267290121134053
CN,001896,2020-09-23,3.82,3.83,3.8,3.83,3.82,3.83,3.8,3.83,3685634.0,14063515.0,1.0,9.29519373,35.600592,11.50587847,44.067515,0.003203261714965776
CN,001896,2020-09-24,3.82,3.83,3.73,3.74,3.82,3.83,3.73,3.74,6619201.0,24868431.0,1.0,9.29519373,34.764025,11.50587847,43.031985,0.005752886246155527
CN,001896,2020-09-25,3.75,3.77,3.69,3.71,3.75,3.77,3.69,3.71,3683700.0,13715696.0,1.0,9.29519373,34.485169,11.50587847,42.686809,0.0032015808350529186
CN,001896,2020-10-20,3.99,4.08,3.93,4.08,3.99,4.08,3.93,4.08,32722397.0,133111245.0,1.0,9.29519373,37.92439,11.50587847,46.943984,0.028439720691748275
CN,001896,2020-10-21,4.3,4.3,4.02,4.03,4.3,4.3,4.02,4.03,61278833.0,256541555.0,1.0,9.29519373,37.459631,11.50587847,46.36869,0.05325871741108352
CN,001896,2020-10-22,3.94,3.9699999999999998,3.82,3.83,3.94,3.9699999999999998,3.82,3.83,26668047.0,103586836.0,1.0,9.29519373,35.600592,11.50587847,44.067515,0.02317775828202364
CN,001896,2020-10-23,3.85,3.85,3.74,3.76,3.85,3.85,3.74,3.76,20737764.0,78332524.0,1.0,9.29519373,34.949928,11.50587847,43.262103,0.018023625100917654
CN,001896,2020-10-26,3.75,3.76,3.7,3.73,3.75,3.76,3.7,3.73,11306532.0,42148420.0,1.0,9.29519373,34.671073,11.50587847,42.916927,0.009826743807072385
CN,001896,2020-10-27,3.73,3.76,3.7,3.74,3.73,3.76,3.7,3.74,8539952.0,31827759.0,1.0,9.29519373,34.764025,11.50587847,43.031985,0.007422251175576687
CN,001896,2020-10-28,3.75,3.8,3.71,3.8,3.75,3.8,3.71,3.8,10220301.0,38495154.0,1.0,9.29519373,35.321736,11.50587847,43.722338,0.008882677690928192
CN,001896,2020-10-29,3.7800000000000002,3.85,3.74,3.76,3.7800000000000002,3.85,3.74,3.76,13056133.0,49412477.0,1.0,9.29519373,34.949928,11.50587847,43.262103,0.011347358686294207
CN,001896,2020-10-30,3.76,3.77,3.66,3.66,3.76,3.77,3.66,3.66,8330046.0,30990109.0,1.0,9.29519373,34.020409,11.50587847,42.111515,0.007239817473928177
CN,001896,2020-11-02,3.64,3.67,3.61,3.63,3.64,3.67,3.61,3.63,8148700.0,29604530.0,1.0,9.29519373,33.741553,11.50587847,41.766339,0.007082205866546059
CN,001896,2020-11-03,3.65,3.7199999999999998,3.64,3.7199999999999998,3.65,3.7199999999999998,3.64,3.7199999999999998,9248763.0,34146021.0,1.0,9.29519373,34.578121,11.50587847,42.801868,0.008038293663638878
CN,001896,2020-11-04,3.7199999999999998,3.7199999999999998,3.64,3.65,3.7199999999999998,3.7199999999999998,3.64,3.65,7975349.0,29277667.0,1.0,9.29519373,33.927457,11.50587847,41.996456,0.006931542881140826
CN,001896,2020-11-05,3.67,3.73,3.65,3.73,3.67,3.73,3.65,3.73,8459281.0,31279780.0,1.0,9.29519373,34.671073,11.50587847,42.916927,0.007352138319604552
CN,001896,2020-11-06,3.73,3.8,3.71,3.73,3.73,3.8,3.71,3.73,7053426.0,26420515.0,1.0,11.50587847,42.916927,11.50587847,42.916927,0.006130280289671789
CN,001896,2020-11-09,3.76,3.82,3.75,3.79,3.76,3.82,3.75,3.79,11264900.0,42623292.0,1.0,11.50587847,43.607279,11.50587847,43.607279,0.009790560563777622
CN,001896,2020-11-10,3.82,3.83,3.76,3.7800000000000002,3.82,3.83,3.76,3.7800000000000002,8664135.0,32834472.0,1.0,11.50587847,43.492221,11.50587847,43.492221,0.007530181222225268
CN,001896,2020-11-11,3.7800000000000002,3.82,3.75,3.79,3.7800000000000002,3.82,3.75,3.79,7974404.0,30237273.0,1.0,11.50587847,43.607279,11.50587847,43.607279,0.006930721561845247
CN,001896,2020-11-12,3.79,3.84,3.79,3.81,3.79,3.84,3.79,3.81,9177302.0,35052707.0,1.0,11.50587847,43.837397,11.50587847,43.837397,0.007976185411595086
CN,001896,2020-11-13,3.81,3.81,3.75,3.79,3.81,3.81,3.75,3.79,7359930.0,27811477.0,1.0,11.50587847,43.607279,11.50587847,43.607279,0.006396669336626497
CN,001896,2020-11-16,3.8,3.89,3.7800000000000002,3.87,3.8,3.89,3.7800000000000002,3.87,10753277.0,41419890.0,1.0,11.50587847,44.52775,11.50587847,44.52775,0.009345898297151056
CN,001896,2020-11-17,3.88,3.91,3.86,3.89,3.88,3.91,3.86,3.89,9239711.0,35920531.0,1.0,11.50587847,44.757867,11.50587847,44.757867,0.008030426380820273
CN,001896,2020-11-18,3.9,3.93,3.88,3.92,3.9,3.93,3.88,3.92,8749269.0,34190254.0,1.0,11.50587847,45.103044,11.50587847,45.103044,0.007604172964987001
CN,001896,2020-11-19,3.93,3.99,3.9,3.9,3.93,3.99,3.9,3.9,12711200.0,50038089.0,1.0,11.50587847,44.872926,11.50587847,44.872926,0.011047570190440226
CN,001896,2020-11-20,3.92,3.94,3.87,3.92,3.92,3.94,3.87,3.92,8931774.0,34916130.0,1.0,11.50587847,45.103044,11.50587847,45.103044,0.007762791883547507
CN,001896,2020-11-23,3.93,4.01,3.92,4.0,3.93,4.01,3.92,4.0,12899439.0,51317756.0,1.0,11.50587847,46.023514,11.50587847,46.023514,0.01121117264851486
CN,001896,2020-11-24,4.0,4.04,3.98,4.01,4.0,4.04,3.98,4.01,8757000.0,35163627.0,1.0,11.50587847,46.138573,11.50587847,46.138573,0.007610892139033692
CN,001896,2020-11-25,4.02,4.09,3.99,4.02,4.02,4.09,3.99,4.02,13917801.0,56319171.0,1.0,11.50587847,46.253631,11.50587847,46.253631,0.01209625239505941
CN,001896,2020-11-26,4.03,4.14,4.02,4.1,4.03,4.14,4.02,4.1,17834500.0,72923572.0,1.0,11.50587847,47.174102,11.50587847,47.174102,0.015500337541806141
CN,001896,2020-11-27,4.08,4.11,4.03,4.06,4.08,4.11,4.03,4.06,12698500.0,51588027.0,1.0,11.50587847,46.713867,11.50587847,46.713867,0.0110365323544044
CN,001896,2020-11-30,4.06,4.14,4.0,4.07,4.06,4.14,4.0,4.07,16611400.0,67985321.0,1.0,11.50587847,46.828925,11.50587847,46.828925,0.014437315710670808
CN,001896,2020-12-01,4.06,4.07,4.01,4.04,4.06,4.07,4.01,4.04,10916083.0,44113032.0,1.0,11.50587847,46.483749,11.50587847,46.483749,0.009487396402162764
CN,001896,2020-12-02,4.04,4.08,4.01,4.03,4.04,4.08,4.01,4.03,8534600.0,34476780.0,1.0,11.50587847,46.36869,11.50587847,46.36869,0.007417599640264582
CN,001896,2020-12-03,4.04,4.05,3.96,3.96,4.04,4.05,3.96,3.96,10326023.0,41280157.0,1.0,11.50587847,45.563279,11.50587847,45.563279,0.008974562895761231
CN,001896,2020-12-04,3.98,4.02,3.93,3.96,3.98,4.02,3.93,3.96,9223400.0,36653370.0,1.0,11.50587847,45.563279,11.50587847,45.563279,0.008016250149042291
CN,001896,2020-12-07,4.0,4.02,3.96,3.99,4.0,4.02,3.96,3.99,7936203.0,31705248.0,1.0,11.50587847,45.908455000000004,11.50587847,45.908455000000004,0.006897520272522051
CN,001896,2020-12-08,4.02,4.02,3.91,3.91,4.02,4.02,3.91,3.91,7776086.0,30741193.0,1.0,11.50587847,44.987985,11.50587847,44.987985,0.006758359233738717
CN,001896,2020-12-09,3.92,3.92,3.81,3.81,3.92,3.92,3.81,3.81,9989992.0,38464784.0,1.0,11.50587847,43.837397,11.50587847,43.837397,0.008682511314583701
CN,001896,2020-12-10,3.8,3.84,3.7800000000000002,3.82,3.8,3.84,3.7800000000000002,3.82,5518076.0,21036733.0,1.0,11.50587847,43.952456,11.50587847,43.952456,0.004795875442616247
CN,001896,2020-12-11,3.8,3.84,3.74,3.76,3.8,3.84,3.74,3.76,7314978.0,27701247.0,1.0,11.50587847,43.262103,11.50587847,43.262103,0.00635760061178536
CN,001896,2020-12-14,3.7800000000000002,4.14,3.7800000000000002,4.14,3.7800000000000002,4.14,3.7800000000000002,4.14,8453300.0,34862738.0,1.0,11.50587847,47.634337,11.50587847,47.634337,0.007346940107216342
CN,001896,2020-12-15,4.4,4.55,4.2,4.55,4.4,4.55,4.2,4.55,104326823.0,468737238.0,1.0,11.50587847,52.351747,11.50587847,52.351747,0.09067262727658551
CN,001896,2020-12-16,4.89,5.01,4.8,5.01,4.89,5.01,4.8,5.01,45964801.0,227753920.0,1.0,11.50587847,57.644451,11.50587847,57.644451,0.039948971406092035
CN,001896,2020-12-17,5.0,5.51,4.51,5.51,5.0,5.51,4.51,5.51,166773969.0,838213983.0,1.0,11.50587847,63.39739,11.50587847,63.39739,0.14494674998944257
CN,001896,2020-12-18,6.06,6.06,5.65,5.86,6.06,6.06,5.65,5.86,229460621.0,1373879825.0,1.0,11.50587847,67.424448,11.50587847,67.424448,0.19942903238400014
CN,001896,2020-12-21,6.35,6.45,6.2,6.45,6.35,6.45,6.2,6.45,147002218.0,941153849.0,1.0,11.50587847,74.212916,11.50587847,74.212916,0.12776270702257816
CN,001896,2020-12-22,6.8,7.1,6.66,7.1,6.8,7.1,6.66,7.1,165658258.0,1160696516.0,1.0,11.50587847,81.691737,11.50587847,81.691737,0.1439770621877601
CN,001896,2020-12-23,7.49,7.8100000000000005,7.42,7.8100000000000005,7.49,7.8100000000000005,7.42,7.8100000000000005,67002114.0,515322614.0,1.0,11.50587847,89.860911,11.50587847,89.860911,0.058232940817773124
CN,001896,2020-12-24,8.59,8.59,8.35,8.59,8.59,8.59,8.35,8.59,116053028.0,994750097.0,1.0,11.50587847,98.835496,11.50587847,98.835496,0.10086411767914319
CN,001896,2020-12-25,8.88,9.45,8.85,9.45,8.88,9.45,8.85,9.45,97046401.0,898251390.0,1.0,11.50587847,108.730552,11.50587847,108.730552,0.08434506000826897
CN,001896,2020-12-28,10.3,10.4,9.95,10.4,10.3,10.4,9.95,10.4,125784431.0,1294927995.0,1.0,11.50587847,119.661136,11.50587847,119.661136,0.10932188387698136
CN,001896,2020-12-29,10.81,11.13,9.5,9.79,10.81,11.13,9.5,9.79,233059192.0,2400778819.0,1.0,11.50587847,112.64255,11.50587847,112.64255,0.20255662582189607
CN,001896,2020-12-30,9.95,10.55,9.51,9.96,9.95,10.55,9.51,9.96,243514388.0,2419775084.0,1.0,11.50587847,114.59855,11.50587847,114.59855,0.2116434556778349
CN,001896,2020-12-31,9.5,10.47,9.21,9.63,9.5,10.47,9.21,9.63,225262885.0,2201597743.0,1.0,11.50587847,110.80161,11.50587847,110.80161,0.19578069209347385
CN,001896,2021-01-04,9.44,10.59,9.44,10.59,9.44,10.59,9.44,10.59,177968423.0,1800414585.0,1.0,11.50587847,121.847253,11.50587847,121.847253,0.15467608445893832
CN,001896,2021-01-05,10.59,10.7,9.53,9.53,10.59,10.7,9.53,9.53,152587209.0,1478042299.0,1.0,11.50587847,109.651022,11.50587847,109.651022,0.13261673969340995
CN,001896,2021-01-06,9.02,9.65,8.58,9.14,9.02,9.65,8.58,9.14,186573436.0,1659679376.0,1.0,11.50587847,105.163729,11.50587847,105.163729,0.1621548815124935
CN,001896,2021-01-07,8.81,8.97,8.36,8.44,8.8094,8.9694,8.3594,8.4394,122425872.0,1057154799.0,0.9999289099526066,11.50587847,97.109614,11.50587847,97.109614,0.1064028898959855
CN,001896,2021-01-08,8.42,8.76,8.3,8.46,8.4194,8.7594,8.2994,8.4594,102895438.0,880865047.0,0.9999290780141844,11.50587847,97.339732,11.50587847,97.339732,0.0894285805888579
CN,001896,2021-01-11,8.56,9.31,8.46,9.31,8.5594,9.3093,8.4594,9.3093,194205467.0,1735539982.0,0.9999248120300752,11.50587847,107.119729,11.50587847,107.119729,0.1687880395281109
CN,001896,2021-01-12,8.99,8.99,8.38,8.38,8.9894,8.9894,8.3794,8.3794,154749333.0,1325329360.0,0.9999284009546539,11.50587847,96.419262,11.50587847,96.419262,0.134495886953341
CN,001896,2021-01-13,8.16,9.1,8.0,8.52,8.1594,9.0993,7.9994,8.5194,154248497.0,1315091672.0,0.9999295774647887,11.50587847,98.030085,11.50587847,98.030085,0.1340605998943773
CN,001896,2021-01-14,8.28,8.34,7.67,7.67,8.2794,8.3394,7.6693999999999996,7.6693999999999996,127982444.0,1002327510.0,0.9999217731421121,11.50587847,88.250088,11.50587847,88.250088,0.11123222301860451
CN,001896,2021-01-15,7.5600000000000005,8.05,7.52,7.83,7.5595,8.0494,7.5195,7.8294,92421962.0,722280732.0,0.9999233716475096,11.50587847,90.091028,11.50587847,90.091028,0.08032586320199504
CN,001896,2021-01-18,7.95,8.61,7.85,8.61,7.9494,8.6094,7.8494,8.6094,100279699.0,848923303.0,0.9999303135888503,11.50587847,99.065614,11.50587847,99.065614,0.08715518703023464
CN,001896,2021-01-19,9.47,9.47,9.2,9.47,9.4693,9.4693,9.1993,9.4693,56622971.0,534157148.0,0.9999260823653643,11.50587847,108.960669,11.50587847,108.960669,0.049212210217269924
CN,001896,2021-01-20,9.8,9.95,8.52,8.52,9.7993,9.949300000000001,8.5194,8.5194,189291161.0,1661717392.0,0.9999295774647887,11.50587847,98.030085,11.50587847,98.030085,0.16451691324008919
CN,001896,2021-01-21,8.0,8.25,7.77,7.88,7.9994,8.2494,7.7694,7.8794,143124895.0,1136232120.0,0.9999238578680204,11.50587847,90.666322,11.50587847,90.666322,0.12439284438226819
CN,001896,2021-01-22,7.7,7.82,7.39,7.43,7.6994,7.8194,7.3895,7.4295,103138312.0,777396144.0,0.9999327052489906,11.50587847,85.488677,11.50587847,85.488677,0.08963966746991027
CN,001896,2021-01-25,7.41,7.5600000000000005,7.22,7.31,7.4094999999999995,7.5595,7.2195,7.3095,80061096.0,590697626.0,0.9999316005471957,11.50587847,84.107972,11.50587847,84.107972,0.06958277562964733
CN,001896,2021-01-26,7.21,7.41,6.9399999999999995,6.99,7.2095,7.4094999999999995,6.9395,6.9895,76276502.0,542404239.0,0.9999284692417739,11.50587847,80.426091,11.50587847,80.426091,0.06629350570569689
CN,001896,2021-01-27,6.93,7.14,6.84,7.13,6.9295,7.1395,6.8395,7.1295,62468450.0,437900656.0,0.9999298737727911,11.50587847,82.036913,11.50587847,82.036913,0.05429263846552692
CN,001896,2021-01-28,6.96,7.09,6.64,6.8,6.9595,7.0895,6.6395,6.7995,73086707.0,497221324.0,0.9999264705882354,11.50587847,78.239974,11.50587847,78.239974,0.06352118805231914
CN,001896,2021-01-29,6.79,6.93,6.61,6.76,6.7895,6.9295,6.6095,6.7595,67206974.0,456016232.0,0.9999260355029587,11.50587847,77.779738,11.50587847,77.779738,0.05841098893511953
CN,001896,2021-02-01,6.86,6.87,6.44,6.76,6.8595,6.8695,6.4395,6.7595,79079350.0,526159002.0,0.9999260355029587,11.50587847,77.779738,11.50587847,77.779738,0.06872951961572388
CN,001896,2021-02-02,6.71,6.74,6.46,6.72,6.7095,6.7395,6.4595,6.7195,60399774.0,398286202.0,0.9999255952380953,11.50587847,77.319503,11.50587847,77.319503,0.052494708819916816
CN,001896,2021-02-03,6.65,6.95,6.49,6.91,6.6495,6.9495000000000005,6.4895,6.9094999999999995,87182193.0,590232939.0,0.9999276410998552,11.50587847,79.50562,11.50587847,79.50562,0.07577187020297113
CN,001896,2021-02-04,6.77,6.89,6.22,6.22,6.7695,6.8895,6.2196,6.2196,90364944.0,578645751.0,0.9999356913183279,11.50587847,71.566564,11.50587847,71.566564,0.07853806576839326
CN,001896,2021-02-05,6.1,6.15,5.6,5.6,6.0996,6.1496,5.5996,5.5996,89958937.0,521593902.0,0.9999285714285714,11.50587847,64.432919,11.50587847,64.432919,0.07818519657977928
CN,001896,2021-02-08,5.6,5.6899999999999995,5.47,5.49,5.5996,5.6896,5.4696,5.4896,53689924.0,298391581.0,0.9999271402550091,11.50587847,63.167273,11.50587847,63.167273,0.046663037628972975
CN,001896,2021-02-09,5.51,5.78,5.47,5.65,5.5096,5.7796,5.4696,5.6495999999999995,61853423.0,346888558.0,0.9999292035398228,11.50587847,65.008213,11.50587847,65.008213,0.053758105616424086
CN,001896,2021-02-10,5.61,5.66,5.41,5.43,5.6096,5.6596,5.4096,5.4296,55595173.0,305773011.0,0.999926335174954,11.50587847,62.47692,11.50587847,62.47692,0.048318929445462844
CN,001896,2021-02-18,5.52,5.76,5.48,5.64,5.5196,5.7596,5.4796,5.6396,59336834.0,335303283.0,0.9999290780141844,11.50587847,64.893155,11.50587847,64.893155,0.05157088539976557
CN,001896,2021-02-19,5.64,5.9399999999999995,5.62,5.88,5.6396,5.9396,5.6196,5.8796,55938528.0,325018071.0,0.9999319727891156,11.50587847,67.654565,11.50587847,67.654565,0.04861734646846135
CN,001896,2021-02-22,5.89,6.16,5.82,5.9,5.8896,6.1596,5.8196,5.8995999999999995,65451514.0,391882920.0,0.9999322033898304,11.50587847,67.884683,11.50587847,67.884683,0.05688528187626512
CN,001896,2021-02-23,6.1,6.46,5.76,6.06,6.0996,6.4595,5.7596,6.0596,100289018.0,605479030.0,0.99993399339934,11.50587847,69.725624,11.50587847,69.725624,0.08716328636834629
CN,001896,2021-02-24,5.96,6.23,5.8,6.14,5.9596,6.2296,5.7996,6.1396,78543552.0,470726680.0,0.9999348534201955,11.50587847,70.646094,11.50587847,70.646094,0.06826384635018659
CN,001896,2021-02-25,6.1,6.1,5.89,5.9,6.0996,6.0996,5.8896,5.8995999999999995,47739725.0,285123340.0,0.9999322033898304,11.50587847,67.884683,11.50587847,67.884683,0.041491595035072534
CN,001896,2021-02-26,5.6899999999999995,5.96,5.68,5.91,5.6896,5.9596,5.6796,5.9096,36296730.0,212256839.0,0.9999323181049069,11.50587847,67.999742,11.50587847,67.999742,0.03154624837611378
CN,001896,2021-03-01,5.96,6.16,5.89,6.03,5.9596,6.1596,5.8896,6.0296,47751653.0,287447234.0,0.9999336650082918,11.50587847,69.380447,11.50587847,69.380447,0.041501961909736734
CN,001896,2021-03-02,6.11,6.47,6.06,6.25,6.1096,6.4695,6.0596,6.2495,92313945.0,580432174.0,0.99992,11.50587847,71.91174,11.50587847,71.91174,0.08023198336458702
CN,001896,2021-03-03,6.26,6.88,6.12,6.88,6.2595,6.8795,6.1196,6.8795,123523613.0,807891824.0,0.9999273255813954,11.50587847,79.160444,11.50587847,79.160444,0.10735695959423774
CN,001896,2021-03-04,7.0,7.57,7.0,7.57,6.9995,7.5695,6.9995,7.5695,165576306.0,1214353472.0,0.9999339498018494,11.50587847,87.0995,11.50587847,87.0995,0.14390583598785395
CN,001896,2021-03-05,7.7,8.3,7.03,7.51,7.6994,8.2994,7.0295,7.5095,182512081.0,1434633647.0,0.9999334221038616,11.50587847,86.409147,11.50587847,86.409147,0.15862507280593588
CN,001896,2021-03-08,7.15,8.1,7.15,7.71,7.1495,8.0994,7.1495,7.7094000000000005,143325899.0,1092194955.0,0.9999221789883269,11.50587847,88.710323,11.50587847,88.710323,0.12456754116924025
CN,001896,2021-03-09,7.51,7.52,6.9399999999999995,6.9399999999999995,7.5095,7.5195,6.9395,6.9395,107483134.0,766006540.0,0.9999279538904899,11.50587847,79.850797,11.50587847,79.850797,0.09341584328415038
CN,001896,2021-03-10,6.97,7.08,6.5,6.53,6.9695,7.0795,6.4995,6.5295,97854318.0,659437408.0,0.9999234303215926,11.50587847,75.133386,11.50587847,75.133386,0.0850472375969742
CN,001896,2021-03-11,6.55,6.93,6.45,6.79,6.5495,6.9295,6.4495000000000005,6.7895,90847745.0,609608161.0,0.9999263622974963,11.50587847,78.124915,11.50587847,78.124915,0.07895767823106513
CN,001896,2021-03-12,6.79,7.39,6.66,7.13,6.7895,7.3895,6.6594999999999995,7.1295,116811869.0,817643596.0,0.9999298737727911,11.50587847,82.036913,11.50587847,82.036913,0.10152364228821896
CN,001896,2021-03-15,7.0,7.02,6.67,6.75,6.9995,7.0195,6.6695,6.7495,81446901.0,555361469.0,0.999925925925926,11.50587847,77.66468,11.50587847,77.66468,0.07078720778457866
CN,001896,2021-03-16,6.8100000000000005,7.14,6.74,7.08,6.8095,7.1395,6.7395,7.0795,77888757.0,542912358.0,0.9999293785310734,11.50587847,81.46162,11.50587847,81.46162,0.06769475029923552
CN,001896,2021-03-17,7.0,7.01,6.47,6.8100000000000005,6.9995,7.0095,6.4695,6.8095,71298948.0,481833443.0,0.9999265785609397,11.50587847,78.355032,11.50587847,78.355032,0.061967409255974874
CN,001896,2021-03-18,6.9,7.09,6.59,6.65,6.8995,7.0895,6.5895,6.6495,71068029.0,482148609.0,0.9999248120300751,11.50587847,76.514092,11.50587847,76.514092,0.06176671271585228
CN,001896,2021-03-19,6.66,6.87,6.48,6.73,6.6594999999999995,6.8695,6.4795,6.7295,63923172.0,427455739.0,0.9999257057949479,11.50587847,77.434562,11.50587847,77.434562,0.055556967828811074
CN,001896,2021-03-22,6.75,7.4,6.75,7.4,6.7495,7.3995,6.7495,7.3995,98042898.0,709384865.0,0.9999324324324323,11.50587847,85.143501,11.50587847,85.143501,0.085211136425292
CN,001896,2021-03-23,7.6,8.1,7.51,7.55,7.5995,8.0994,7.5095,7.5495,179730639.0,1398357559.0,0.9999337748344371,11.50587847,86.869382,11.50587847,86.869382,0.15620766329891542
CN,001896,2021-03-24,7.3,8.05,7.14,7.5,7.2995,8.0494,7.1395,7.4995,131923423.0,1008186469.0,0.9999333333333333,11.50587847,86.294089,11.50587847,86.294089,0.11465741042196147
CN,001896,2021-03-25,7.24,7.3,6.75,6.75,7.2395,7.2995,6.7495,6.7495,88775202.0,611071634.0,0.999925925925926,11.50587847,77.66468,11.50587847,77.66468,0.07715638769475026
CN,001896,2021-03-26,6.57,6.95,6.5,6.76,6.5695,6.9495000000000005,6.4995,6.7595,71364266.0,480847658.0,0.9999260355029587,11.50587847,77.779738,11.50587847,77.779738,0.06202417849803692
CN,001896,2021-03-29,6.8,7.06,6.75,6.8100000000000005,6.7995,7.0595,6.7495,6.8095,59944396.0,412147709.0,0.9999265785609397,11.50587847,78.355032,11.50587847,78.355032,0.0520989302609938
CN,001896,2021-03-30,6.6899999999999995,6.73,6.2,6.38,6.6895,6.7295,6.1996,6.3795,79841459.0,511675209.0,0.9999216300940439,11.50587847,73.407505,11.50587847,73.407505,0.06939188451205673
CN,001896,2021-03-31,6.45,7.02,6.4,7.02,6.4495000000000005,7.0195,6.3995,7.0195,52428887.0,358235909.0,0.999928774928775,11.50587847,80.771267,11.50587847,80.771267,0.04556704395644464
CN,001896,2021-04-01,7.1,7.72,6.9,7.72,7.0995,7.7194,6.8995,7.7194,109843787.0,811306800.0,0.9999222797927462,11.50587847,88.825382,11.50587847,88.825382,0.09546753625670791
CN,001896,2021-04-02,8.49,8.49,8.49,8.49,8.4894,8.4894,8.4894,8.4894,17797086.0,151097260.0,0.9999293286219081,11.50587847,97.684908,11.50587847,97.684908,0.015467820250668786
CN,001896,2021-04-06,9.34,9.34,9.03,9.34,9.3393,9.3393,9.0293,9.3393,82168670.0,764314694.0,0.9999250535331906,11.50587847,107.464905,11.50587847,107.464905,0.07141451234188119
CN,001896,2021-04-07,10.27,10.27,10.27,10.27,10.2693,10.2693,10.2693,10.2693,6258609.0,64275914.0,0.9999318403115871,11.50587847,118.165372,11.50587847,118.165372,0.005439488185381468
CN,001896,2021-04-08,11.3,11.3,9.24,9.29,11.2992,11.2992,9.2393,9.2893,276201734.0,2867702920.0,0.9999246501614641,11.50587847,106.889611,11.50587847,106.889611,0.24005271281124527
CN,001896,2021-04-09,8.62,10.22,8.62,10.22,8.6194,10.2193,8.6194,10.2193,220576709.0,2142197354.0,0.9999315068493151,11.50587847,117.590078,11.50587847,117.590078,0.19170783836725158
CN,001896,2021-04-12,10.71,11.24,10.6,11.24,10.7092,11.2392,10.5992,11.2392,147035940.0,1615395005.0,0.9999288256227759,11.50587847,129.326074,11.50587847,129.326074,0.1277920155191766
CN,001896,2021-04-13,11.0,11.0,10.12,10.12,10.9992,10.9992,10.1193,10.1193,191632429.0,2013482796.0,0.9999308300395259,11.50587847,116.43949,11.50587847,116.43949,0.16655175830307548
CN,001896,2021-04-14,9.11,9.53,9.11,9.14,9.1093,9.5293,9.1093,9.1393,192283307.0,1762652206.0,0.9999234135667396,11.50587847,105.163729,11.50587847,105.163729,0.1671174500072744
CN,001896,2021-04-15,8.9,9.08,8.42,8.59,8.8994,9.0793,8.4194,8.5894,140129998.0,1219273043.0,0.999930151338766,11.50587847,98.835496,11.50587847,98.835496,0.12178991666335583
CN,001896,2021-04-16,8.69,8.8,8.4,8.48,8.6894,8.7994,8.3994,8.4794,92619371.0,790452443.0,0.9999292452830189,11.50587847,97.569849,11.50587847,97.569849,0.08049743549916011
CN,001896,2021-04-19,8.5,8.64,8.38,8.42,8.4994,8.6394,8.3794,8.4194,87446425.0,743167244.0,0.9999287410926365,11.50587847,96.879497,11.50587847,96.879497,0.07600151976922453
CN,001896,2021-04-20,8.3,8.84,8.02,8.55,8.2994,8.8394,8.0194,8.5494,132079805.0,1121990931.0,0.9999298245614034,11.50587847,98.375261,11.50587847,98.375261,0.11479332529400513
CN,001896,2021-04-21,8.3,8.34,7.96,8.0,8.2994,8.3394,7.9594000000000005,7.9994,93058409.0,753507157.0,0.999925,11.50587847,92.047028,11.50587847,92.047028,0.08087901262179767
CN,001896,2021-04-22,8.01,8.12,7.88,7.93,8.0094,8.1194,7.8794,7.9294,51342238.0,409634128.0,0.9999243379571249,11.50587847,91.241616,11.50587847,91.241616,0.044622614547744306
CN,001896,2021-04-23,8.04,8.71,7.6,8.4,8.0394,8.7094,7.5995,8.3994,124339115.0,1000142361.0,0.9999285714285714,11.50587847,96.649379,11.50587847,96.649379,0.1080657294653313
CN,001896,2021-04-26,8.07,8.32,8.0,8.05,8.0694,8.3194,7.9994,8.0494,70901419.0,576937471.0,0.9999254658385093,11.50587847,92.622322,11.50587847,92.622322,0.061621908474755516
CN,001896,2021-04-27,7.88,7.89,7.36,7.44,7.8794,7.8894,7.3595,7.4395,69095958.0,523707423.0,0.9999327956989247,11.50587847,85.603736,11.50587847,85.603736,0.06005274449939501
CN,001896,2021-04-28,7.41,7.64,7.24,7.45,7.4094999999999995,7.6394,7.2395,7.4495000000000005,42531100.0,318158817.0,0.9999328859060403,11.50587847,85.718795,11.50587847,85.718795,0.036964669938843876
CN,001896,2021-04-29,7.35,7.59,7.27,7.38,7.3495,7.5895,7.2695,7.3795,45077579.0,334483875.0,0.9999322493224932,11.50587847,84.913383,11.50587847,84.913383,0.03917786818062924
CN,001896,2021-04-30,7.38,7.48,7.05,7.08,7.3795,7.4795,7.0495,7.0795,49327851.0,355119756.0,0.9999293785310734,11.50587847,81.46162,11.50587847,81.46162,0.04287186860926404
CN,001896,2021-05-06,7.12,7.64,7.08,7.4,7.1195,7.6394,7.0795,7.3995,63213564.0,465455390.0,0.9999324324324323,11.50587847,85.143501,11.50587847,85.143501,0.05494023265135357
CN,001896,2021-05-07,7.33,7.61,7.18,7.43,7.3295,7.6095,7.1795,7.4295,59226033.0,438378616.0,0.9999327052489906,11.50587847,85.488677,11.50587847,85.488677,0.05147458592963915
CN,001896,2021-05-10,7.43,8.0,7.27,7.84,7.4295,7.9994,7.2695,7.8394,82156863.0,636583130.0,0.9999234693877551,11.50587847,90.206087,11.50587847,90.206087,0.07140425063085165
CN,001896,2021-05-11,7.74,8.34,7.61,7.99,7.7394,8.3394,7.6095,7.9894,94848174.0,764026154.0,0.9999249061326658,11.50587847,91.931969,11.50587847,91.931969,0.08243453487476302
CN,001896,2021-05-12,7.85,7.85,7.62,7.73,7.8494,7.8494,7.6195,7.7294,57833656.0,446050662.0,0.9999223803363518,11.50587847,88.940441,11.50587847,88.940441,0.05026444191183952
CN,001896,2021-05-13,7.6,7.8100000000000005,7.45,7.46,7.5995,7.8094,7.4495000000000005,7.4595,47765199.0,363439253.0,0.9999329758713137,11.50587847,85.833853,11.50587847,85.833853,0.04151373502209432
CN,001896,2021-05-14,7.45,7.66,7.42,7.52,7.4495000000000005,7.6594,7.4195,7.5195,35790686.0,270039301.0,0.9999335106382979,11.50587847,86.524206,11.50587847,86.524206,0.03110643493525445
CN,001896,2021-05-17,7.44,7.63,7.25,7.48,7.4395,7.6295,7.2495,7.4795,37245043.0,277573032.0,0.9999331550802139,11.50587847,86.063971,11.50587847,86.063971,0.0323704470693927
CN,001896,2021-05-18,7.48,7.86,7.33,7.84,7.4795,7.8594,7.3295,7.8394,73418426.0,564592063.0,0.9999234693877551,11.50587847,90.206087,11.50587847,90.206087,0.06380949198397018
CN,001896,2021-05-19,7.8,8.62,7.77,8.62,7.7994,8.6194,7.7694,8.6194,123677943.0,1013595140.0,0.9999303944315547,11.50587847,99.180672,11.50587847,99.180672,0.10749109103009673
CN,001896,2021-05-20,8.88,8.99,8.14,8.33,8.8794,8.9894,8.1394,8.3294,152414601.0,1311518844.0,0.9999279711884753,11.50587847,95.843968,11.50587847,95.843968,0.13246672246486887
CN,001896,2021-05-21,8.21,9.0,8.13,8.6,8.2094,8.9994,8.1294,8.5994,131788176.0,1128702096.0,0.9999302325581395,11.50587847,98.950555,11.50587847,98.950555,0.1145398644211475
CN,001896,2021-05-24,8.44,8.74,8.17,8.17,8.4394,8.7394,8.1694,8.1694,94941430.0,791621163.0,0.9999265605875153,11.50587847,94.003027,11.50587847,94.003027,0.082515585617862
CN,001896,2021-05-25,8.22,8.36,8.03,8.2,8.2194,8.3594,8.0294,8.1994,65243223.0,534437582.0,0.9999268292682929,11.50587847,94.348203,11.50587847,94.348203,0.05670425180494715
CN,001896,2021-05-26,8.17,8.88,8.02,8.62,8.1694,8.8794,8.0194,8.6194,115662374.0,982924015.0,0.9999303944315547,11.50587847,99.180672,11.50587847,99.180672,0.10052459210443929
CN,001896,2021-05-27,8.61,9.15,8.48,8.78,8.6094,9.1493,8.4794,8.7794,126984081.0,1111962216.0,0.9999316628701597,11.50587847,101.021613,11.50587847,101.021613,0.11036452482189306
CN,001896,2021-05-28,8.7,9.18,8.44,8.47,8.6994,9.1793,8.4394,8.4694,108827487.0,954191243.0,0.9999291617473435,11.50587847,97.454791,11.50587847,97.454791,0.09458424863755753
CN,001896,2021-05-31,8.31,8.78,8.22,8.62,8.3094,8.7794,8.2194,8.6194,86355412.0,733589093.0,0.9999303944315547,11.50587847,99.180672,11.50587847,99.180672,0.07505329751670843
CN,001896,2021-06-01,8.5,8.5,8.18,8.29,8.4994,8.4994,8.1794,8.2894,66616501.0,553668285.0,0.9999276236429435,11.50587847,95.383733,11.50587847,95.383733,0.05789779648176659
CN,001896,2021-06-02,8.22,8.6,8.21,8.38,8.2194,8.5994,8.2094,8.3794,72240139.0,606819452.0,0.9999284009546539,11.50587847,96.419262,11.50587847,96.419262,0.06278541806986425
CN,001896,2021-06-03,8.26,9.12,8.15,8.8,8.2594,9.1193,8.1494,8.7994,134215187.0,1173954589.0,0.9999318181818181,11.50587847,101.251731,11.50587847,101.251731,0.1166492305215527
CN,001896,2021-06-04,8.77,8.77,8.26,8.36,8.7694,8.7694,8.2594,8.3594,89566682.0,758089512.0,0.9999282296650719,11.50587847,96.189144,11.50587847,96.189144,0.0778442795424381
CN,001896,2021-06-07,8.36,8.54,8.28,8.41,8.3594,8.5394,8.2794,8.4094,50193943.0,421581917.0,0.9999286563614744,11.50587847,96.764438,11.50587847,96.764438,0.043624607309101886
CN,001896,2021-06-08,8.32,8.44,8.09,8.19,8.3194,8.4394,8.0894,8.1894,53797830.0,443241067.0,0.9999267399267399,11.50587847,94.233145,11.50587847,94.233145,0.0467568209939558
CN,001896,2021-06-09,8.11,8.27,7.96,8.14,8.1094,8.2694,7.9594000000000005,8.1394,43327672.0,350907804.0,0.9999262899262898,11.50587847,93.657851,11.50587847,93.657851,0.037656987350397415
CN,001896,2021-06-10,8.06,8.14,7.8100000000000005,7.82,8.0594,8.1394,7.8094,7.8194,51568699.0,409639608.0,0.999923273657289,11.50587847,89.97597,11.50587847,89.97597,0.04481943654668204
CN,001896,2021-06-11,8.05,8.6,7.98,8.6,8.0494,8.5994,7.9794,8.5994,70966188.0,595410775.0,0.9999302325581395,11.50587847,98.950555,11.50587847,98.950555,0.06167820056941728
CN,001896,2021-06-15,8.94,9.46,8.46,8.51,8.9394,9.4593,8.4594,8.5094,141549015.0,1267272793.0,0.9999294947121034,11.50587847,97.915026,11.50587847,97.915026,0.12302321406320225
CN,001896,2021-06-16,8.27,8.63,7.92,8.03,8.2694,8.6294,7.9193999999999996,8.0294,82460867.0,670385439.0,0.999925280199253,11.50587847,92.392204,11.50587847,92.392204,0.07166846687543711
CN,001896,2021-06-17,7.99,8.6,7.9,8.44,7.9894,8.5994,7.8994,8.4394,82595489.0,687472234.0,0.9999289099526066,11.50587847,97.109614,11.50587847,97.109614,0.07178546967565876
CN,001896,2021-06-18,8.35,8.74,8.15,8.5,8.3494,8.7394,8.1494,8.4994,68657876.0,583548791.0,0.9999294117647058,11.50587847,97.799967,11.50587847,97.799967,0.05967199825638346
CN,001896,2021-06-21,8.53,9.34,8.41,9.08,8.5294,9.3393,8.4094,9.0793,111458493.0,990816573.0,0.9999229074889868,11.50587847,104.473377,11.50587847,104.473377,0.09687091106568936
CN,001896,2021-06-22,9.11,9.95,8.72,9.41,9.1093,9.949300000000001,8.7194,9.4093,129202508.0,1183256154.0,0.9999256110520722,11.50587847,108.270316,11.50587847,108.270316,0.11229260619854262
CN,001896,2021-06-24,9.99,9.99,9.0,9.15,9.9893,9.9893,8.9994,9.1493,114391555.0,1077978278.0,0.9999234972677595,11.50587847,105.278788,11.50587847,105.278788,0.09942009669080053
CN,001896,2021-06-25,8.94,9.09,8.61,8.74,8.9394,9.0893,8.6094,8.7394,76291224.0,669974856.0,0.9999313501144165,11.50587847,100.561378,11.50587847,100.561378,0.06630630090428898
CN,001896,2021-06-28,8.89,8.98,8.6,8.66,8.8894,8.9794,8.5994,8.6594,49426750.0,432732209.0,0.9999307159353348,11.50587847,99.640908,11.50587847,99.640908,0.04295782380187091
CN,001896,2021-06-29,8.45,8.65,8.32,8.35,8.4494,8.6494,8.3194,8.3494,46386341.0,391455013.0,0.9999281437125748,11.50587847,96.074085,11.50587847,96.074085,0.04031534065038669
CN,001896,2021-06-30,8.32,8.45,8.21,8.35,8.3194,8.4494,8.2094,8.3494,38087654.0,316575626.0,0.9999281437125748,11.50587847,96.074085,11.50587847,96.074085,0.033102777940257525
CN,001896,2021-07-01,8.37,8.4,8.0,8.06,8.3694,8.3994,7.9994,8.0594,40332854.0,328343958.0,0.9999255583126551,11.50587847,92.73738,11.50587847,92.73738,0.035054128292039924
CN,001896,2021-07-02,8.02,8.27,7.86,8.1,8.0194,8.2694,7.8594,8.0994,33445944.0,270315304.0,0.9999259259259259,11.50587847,93.197616,11.50587847,93.197616,0.029068570546095816
CN,001896,2021-07-05,8.05,8.22,7.93,8.14,8.0494,8.2194,7.9294,8.1394,24189383.0,196021258.0,0.9999262899262898,11.50587847,93.657851,11.50587847,93.657851,0.02102349947730675
CN,001896,2021-07-06,8.14,8.62,8.14,8.59,8.1394,8.6194,8.1394,8.5894,60650389.0,512286550.0,0.999930151338766,11.50587847,98.835496,11.50587847,98.835496,0.05271252356622536
CN,001896,2021-07-07,8.47,8.51,8.25,8.35,8.4694,8.5094,8.2494,8.3494,42776803.0,357433193.0,0.9999281437125748,11.50587847,96.074085,11.50587847,96.074085,0.03717821556305731
CN,001896,2021-07-08,8.49,8.55,8.18,8.2,8.4894,8.5494,8.1794,8.1994,38332359.0,320825762.0,0.9999268292682929,11.50587847,94.348203,11.50587847,94.348203,0.033315456181765145
CN,001896,2021-07-09,8.02,8.28,7.96,8.19,8.0194,8.2794,7.9594000000000005,8.1894,32463764.0,263899777.0,0.9999267399267399,11.50587847,94.233145,11.50587847,94.233145,0.02821493733368105
CN,001896,2021-07-12,8.2,8.25,8.1,8.14,8.1994,8.2494,8.0994,8.1394,30720645.0,250064015.0,0.9999262899262898,11.50587847,93.657851,11.50587847,93.657851,0.02669995609644224
CN,001896,2021-07-13,8.12,8.75,8.01,8.53,8.1194,8.7494,8.0094,8.5294,77417382.0,652198037.0,0.9999296600234469,11.50587847,98.145143,11.50587847,98.145143,0.0672850684125121
CN,001896,2021-07-14,8.28,8.57,8.08,8.16,8.2794,8.5694,8.0794,8.1594,67495353.0,556345096.0,0.9999264705882352,11.50587847,93.887968,11.50587847,93.887968,0.058661625164897126
CN,001896,2021-07-15,8.07,8.07,7.8100000000000005,7.93,8.0694,8.0694,7.8094,7.9294,42174708.0,334417736.0,0.9999243379571249,11.50587847,91.241616,11.50587847,91.241616,0.03665492218605017
CN,001896,2021-07-16,7.98,8.08,7.84,7.85,7.9794,8.0794,7.8394,7.8494,30559965.0,242423885.0,0.999923566878981,11.50587847,90.321146,11.50587847,90.321146,0.02656030574256535
CN,001896,2021-07-19,7.88,7.88,7.46,7.48,7.8794,7.8794,7.4595,7.4795,37166175.0,280577896.0,0.9999331550802139,11.50587847,86.063971,11.50587847,86.063971,0.03230190123848927
CN,001896,2021-07-20,7.39,7.43,7.17,7.37,7.3895,7.4295,7.1695,7.3695,30172469.0,220220517.0,0.999932157394844,11.50587847,84.798324,11.50587847,84.798324,0.02622352485181429
CN,001896,2021-07-21,7.3,7.44,7.29,7.31,7.2995,7.4395,7.2895,7.3095,25977236.0,190890418.0,0.9999316005471957,11.50587847,84.107972,11.50587847,84.107972,0.0225773599710201
CN,001896,2021-07-22,7.5,7.55,7.28,7.35,7.4995,7.5495,7.2795,7.3495,31794913.0,236215245.0,0.9999319727891157,11.50587847,84.568207,11.50587847,84.568207,0.027633624918689065
CN,001896,2021-07-23,7.27,7.3,6.95,6.99,7.2695,7.2995,6.9495000000000005,6.9895,43325957.0,308168700.0,0.9999284692417739,11.50587847,80.426091,11.50587847,80.426091,0.03765549680797211
CN,001896,2021-07-26,6.97,7.05,6.63,6.9,6.9695,7.0495,6.6295,6.8995,28117176.0,194039027.0,0.999927536231884,11.50587847,79.390561,11.50587847,79.390561,0.024437226651847298
CN,001896,2021-07-27,6.95,7.03,6.75,6.92,6.9495000000000005,7.0295,6.7495,6.9195,27695012.0,191285998.0,0.99992774566474,11.50587847,79.620679,11.50587847,79.620679,0.02407031507608128
CN,001896,2021-07-28,6.91,6.91,6.32,6.4,6.9094999999999995,6.9094999999999995,6.3195,6.3995,27523762.0,180154016.0,0.999921875,11.50587847,73.637622,11.50587847,73.637622,0.02392147811378717
CN,001896,2021-07-29,6.5,6.57,6.4,6.47,6.4995,6.5695,6.3995,6.4695,20291141.0,131504805.0,0.9999227202472952,11.50587847,74.443034,11.50587847,74.443034,0.017635455695891773
CN,001896,2021-07-30,6.5,6.89,6.48,6.79,6.4995,6.8895,6.4795,6.7895,34721309.0,233614405.0,0.9999263622974963,11.50587847,78.124915,11.50587847,78.124915,0.030177016983562836
CN,001896,2021-08-02,6.68,6.83,6.57,6.8100000000000005,6.6795,6.8295,6.5695,6.8095,27077071.0,182449185.0,0.9999265785609397,11.50587847,78.355032,11.50587847,78.355032,0.023533249608536845
CN,001896,2021-08-03,6.77,6.92,6.62,6.67,6.7695,6.9195,6.6195,6.6695,23475971.0,159080007.0,0.9999250374812594,11.50587847,76.744209,11.50587847,76.744209,0.02040345816376418
CN,001896,2021-08-04,6.67,6.77,6.64,6.72,6.6695,6.7695,6.6395,6.7195,18210726.0,121974458.0,0.9999255952380953,11.50587847,77.319503,11.50587847,77.319503,0.015827323439476584
CN,001896,2021-08-05,6.7,6.76,6.53,6.53,6.6995000000000005,6.7595,6.5295,6.5295,21732090.0,143787869.0,0.9999234303215926,11.50587847,75.133386,11.50587847,75.133386,0.018887814656363217
CN,001896,2021-08-06,6.5,6.58,6.43,6.5,6.4995,6.5795,6.4295,6.4995,16683652.0,108361890.0,0.9999230769230769,11.50587847,74.78821,11.50587847,74.78821,0.014500111437384233
CN,001896,2021-08-09,6.49,6.75,6.47,6.68,6.4895,6.7495,6.4695,6.6795,19266650.0,128069092.0,0.9999251497005989,11.50587847,76.859268,11.50587847,76.859268,0.01674504910705875
CN,001896,2021-08-10,6.88,6.9,6.68,6.73,6.8795,6.8995,6.6795,6.7295,21378436.0,144735361.0,0.9999257057949479,11.50587847,77.434562,11.50587847,77.434562,0.01858044655672432
CN,001896,2021-08-11,6.66,7.39,6.65,7.35,6.6594999999999995,7.3895,6.6495,7.3495,68575167.0,489848757.0,0.9999319727891157,11.50587847,84.568207,11.50587847,84.568207,0.05960011413191991
CN,001896,2021-08-12,7.31,7.31,7.08,7.09,7.3095,7.3095,7.0795,7.0895,42711293.0,306328063.0,0.9999294781382229,11.50587847,81.576678,11.50587847,81.576678,0.037121279449773295
CN,001896,2021-08-13,7.02,7.17,7.0,7.06,7.0195,7.1695,6.9995,7.0595,23828582.0,168724646.0,0.999929178470255,11.50587847,81.231502,11.50587847,81.231502,0.02070991977025462
CN,001896,2021-08-16,7.15,7.48,7.1,7.23,7.1495,7.4795,7.0995,7.2295,36395060.0,265624506.0,0.9999308437067772,11.50587847,83.187501,11.50587847,83.187501,0.0316317090389014
CN,001896,2021-08-17,7.23,7.46,6.99,7.01,7.2295,7.4595,6.9895,7.0095,35637451.0,256881677.0,0.9999286733238232,11.50587847,80.656208,11.50587847,80.656208,0.030973255186833203
CN,001896,2021-08-18,7.02,7.15,6.85,6.89,7.0195,7.1495,6.8495,6.8895,28606960.0,198240553.0,0.9999274310595065,11.50587847,79.275503,11.50587847,79.275503,0.02486290818609698
CN,001896,2021-08-19,6.82,6.85,6.61,6.6899999999999995,6.8195,6.8495,6.6095,6.6895,23940160.0,160421475.0,0.9999252615844545,11.50587847,76.974327,11.50587847,76.974327,0.02080689454735741
CN,001896,2021-08-20,6.63,6.6899999999999995,6.52,6.59,6.6295,6.6895,6.5195,6.5895,16364100.0,107745126.0,0.9999241274658573,11.50587847,75.823739,11.50587847,75.823739,0.014222382100303898
CN,001896,2021-08-23,6.59,6.74,6.59,6.68,6.5895,6.7395,6.5895,6.6795,17218882.0,115001596.0,0.9999251497005989,11.50587847,76.859268,11.50587847,76.859268,0.01496529104222322
CN,001896,2021-08-24,6.66,6.75,6.63,6.71,6.6594999999999995,6.7495,6.6295,6.7095,17869622.0,119444601.0,0.9999254843517139,11.50587847,77.204445,11.50587847,77.204445,0.01553086280773136
CN,001896,2021-08-25,6.65,6.72,6.6,6.71,6.6495,6.7195,6.5995,6.7095,16167428.0,107822459.0,0.9999254843517139,11.50587847,77.204445,11.50587847,77.204445,0.014051450345277286
CN,001896,2021-08-26,6.6899999999999995,6.7,6.5,6.51,6.6895,6.6995000000000005,6.4995,6.5095,21240748.0,139836979.0,0.9999231950844855,11.50587847,74.903269,11.50587847,74.903269,0.018460779031677015
CN,001896,2021-08-27,6.46,6.49,6.37,6.37,6.4595,6.4895,6.3695,6.3695,18967077.0,121440537.0,0.9999215070643642,11.50587847,73.292446,11.50587847,73.292446,0.01648468393739257
CN,001896,2021-08-30,6.2,6.51,6.2,6.39,6.1996,6.5095,6.1996,6.3895,18251000.0,116612737.0,0.9999217527386542,11.50587847,73.522563,11.50587847,73.522563,0.01586232641652437
CN,001896,2021-08-31,6.38,6.38,6.1,6.2,6.3795,6.3795,6.0996,6.1996,22381991.0,139060727.0,0.9999354838709678,11.50587847,71.336447,11.50587847,71.336447,0.019452657229396236
CN,001896,2021-09-01,6.2,6.41,6.15,6.27,6.1996,6.4094999999999995,6.1496,6.2695,19045383.0,119811832.0,0.9999202551834131,11.50587847,72.141858,11.50587847,72.141858,0.01655274132232339
CN,001896,2021-09-02,6.27,6.73,6.19,6.59,6.2695,6.7295,6.1896,6.5895,37722422.0,245246232.0,0.9999241274658573,11.50587847,75.823739,11.50587847,75.823739,0.03278534715828613
CN,001896,2021-09-03,6.52,7.25,6.49,7.25,6.5195,7.2495,6.4895,7.2495,65262333.0,454593628.0,0.9999310344827587,11.50587847,83.417619,11.50587847,83.417619,0.056720860706257745
CN,001896,2021-09-06,7.53,7.98,7.49,7.61,7.5295,7.9794,7.4895,7.6095,119331960.0,920723647.0,0.9999342969776609,11.50587847,87.559735,11.50587847,87.559735,0.10371390616643633
CN,001896,2021-09-07,7.52,7.79,7.31,7.44,7.5195,7.7894,7.3095,7.4395,81238903.0,607894983.0,0.9999327956989247,11.50587847,85.603736,11.50587847,85.603736,0.07060643236569837
CN,001896,2021-09-08,7.49,7.9399999999999995,7.49,7.64,7.4895,7.9394,7.4895,7.6394,90614318.0,696904731.0,0.9999214659685864,11.50587847,87.904912,11.50587847,87.904912,0.0787548019356057
CN,001896,2021-09-09,7.59,7.89,7.41,7.71,7.5895,7.8894,7.4094999999999995,7.7094000000000005,73980594.0,566832776.0,0.9999221789883269,11.50587847,88.710323,11.50587847,88.710323,0.06429808396889838
CN,001896,2021-09-10,7.61,7.8,7.45,7.46,7.6095,7.7994,7.4495000000000005,7.4595,50817848.0,383943968.0,0.9999329758713137,11.50587847,85.833853,11.50587847,85.833853,0.044166856213978416
CN,001896,2021-09-13,8.21,8.21,8.21,8.21,8.2094,8.2094,8.2094,8.2094,14759938.0,121179090.0,0.9999269183922046,11.50587847,94.463262,11.50587847,94.463262,0.012828171302595028
CN,001896,2021-09-14,9.03,9.03,9.03,9.03,9.0293,9.0293,9.0293,9.0293,6984824.0,63072960.0,0.999922480620155,11.50587847,103.898083,11.50587847,103.898083,0.006070656854417479
CN,001896,2021-09-15,9.93,9.93,9.1,9.93,9.9293,9.9293,9.0993,9.9293,143686576.0,1397513982.0,0.9999295065458207,11.50587847,114.253373,11.50587847,114.253373,0.12488101310529487
CN,001896,2021-09-16,10.21,10.49,9.01,9.53,10.2093,10.4892,9.0093,9.5293,222311763.0,2219760813.0,0.9999265477439664,11.50587847,109.651022,11.50587847,109.651022,0.19321581014404718
CN,001896,2021-09-17,9.53,10.48,9.29,10.48,9.5293,10.4792,9.2893,10.4792,199947801.0,2051770517.0,0.9999236641221374,11.50587847,120.581606,11.50587847,120.581606,0.17377882229621708
CN,001896,2021-09-22,10.28,11.06,10.04,10.42,10.2793,11.0592,10.0393,10.4192,199663482.0,2119641981.0,0.9999232245681382,11.50587847,119.891254,11.50587847,119.891254,0.17353171469748715
CN,001896,2021-09-23,10.42,10.67,9.56,9.59,10.4192,10.6692,9.5593,9.5893,149765564.0,1504537813.0,0.9999270072992701,11.50587847,110.341375,11.50587847,110.341375,0.130164388916929
CN,001896,2021-09-24,9.32,9.69,8.76,8.8,9.3193,9.6893,8.7594,8.7994,121720069.0,1104935661.0,0.9999318181818181,11.50587847,101.251731,11.50587847,101.251731,0.10578946172373399
CN,001896,2021-09-27,9.04,9.1,8.1,8.31,9.0393,9.0993,8.0994,8.3094,89223365.0,756181248.0,0.9999277978339349,11.50587847,95.61385,11.50587847,95.61385,0.07754589554603561
CN,001896,2021-09-28,8.3,8.9,8.2,8.78,8.2994,8.8994,8.1994,8.7794,105375438.0,902814352.0,0.9999316628701597,11.50587847,101.021613,11.50587847,101.021613,0.09158400053916092
CN,001896,2021-09-29,8.5,8.74,8.24,8.29,8.4994,8.7394,8.2394,8.2894,70031410.0,590966867.0,0.9999276236429435,11.50587847,95.383733,11.50587847,95.383733,0.06086576542816552
CN,001896,2021-09-30,8.4,8.72,8.08,8.55,8.3994,8.7194,8.0794,8.5494,80285267.0,675963919.0,0.9999298245614034,11.50587847,98.375261,11.50587847,98.375261,0.06977760734161483
CN,001896,2021-10-08,8.73,8.78,8.13,8.24,8.7294,8.7794,8.1294,8.2394,59313561.0,496761560.0,0.9999271844660194,11.50587847,94.808439,11.50587847,94.808439,0.05155065834794968
CN,001896,2021-10-11,8.43,8.56,8.0,8.25,8.4294,8.5594,7.9994,8.2494,52940944.0,434470621.0,0.9999272727272727,11.50587847,94.923497,11.50587847,94.923497,0.04601208342156251
CN,001896,2021-10-12,8.05,8.27,7.71,7.91,8.0494,8.2694,7.7094000000000005,7.9094,54393764.0,432075301.0,0.9999241466498103,11.50587847,91.011499,11.50587847,91.011499,0.047274759716804136
CN,001896,2021-10-13,7.92,7.97,7.5,7.67,7.9193999999999996,7.9694,7.4995,7.6693999999999996,41827040.0,320054837.0,0.9999217731421121,11.50587847,88.250088,11.50587847,88.250088,0.036352756644404224
CN,001896,2021-10-14,7.67,7.89,7.53,7.78,7.6693999999999996,7.8894,7.5295,7.7794,39045230.0,303246539.0,0.9999228791773779,11.50587847,89.515734,11.50587847,89.515734,0.03393502730087501
CN,001896,2021-10-15,7.0,7.3,7.0,7.0,6.9995,7.2995,6.9995,6.9995,77778666.0,547598481.0,0.9999285714285715,11.50587847,80.541149,11.50587847,80.541149,0.06759906790498196
CN,001896,2021-10-18,6.85,7.52,6.75,7.44,6.8495,7.5195,6.7495,7.4395,73213300.0,533051301.0,0.9999327956989247,11.50587847,85.603736,11.50587847,85.603736,0.06363121268045169
CN,001896,2021-10-19,7.46,7.59,7.3,7.45,7.4595,7.5895,7.2995,7.4495000000000005,51248794.0,381345446.0,0.9999328859060403,11.50587847,85.718795,11.50587847,85.718795,0.044541400409907166
CN,001896,2021-10-20,7.48,7.74,7.39,7.5600000000000005,7.4795,7.7394,7.3895,7.5595,55352006.0,421372877.0,0.9999338624338624,11.50587847,86.984441,11.50587847,86.984441,0.04810758791197279
CN,001896,2021-10-21,7.64,7.76,7.43,7.5,7.6394,7.7594,7.4295,7.4995,49996411.0,379523915.0,0.9999333333333333,11.50587847,86.294089,11.50587847,86.294089,0.04345292811006025
CN,001896,2021-10-22,7.5600000000000005,7.5600000000000005,7.14,7.16,7.5595,7.5595,7.1395,7.1595,42126937.0,307683528.0,0.9999301675977654,11.50587847,82.38209,11.50587847,82.38209,0.03661340340925746
CN,001896,2021-10-25,7.2,7.47,7.18,7.33,7.1995000000000005,7.4695,7.1795,7.3295,33947371.0,249372838.0,0.9999317871759891,11.50587847,84.338089,11.50587847,84.338089,0.029504371255539605
CN,001896,2021-10-26,7.38,7.57,7.24,7.29,7.3795,7.5695,7.2395,7.2895,40017931.0,296115512.0,0.9999314128943759,11.50587847,83.877854,11.50587847,83.877854,0.0347804221158265
CN,001896,2021-10-27,7.23,7.5,7.19,7.39,7.2295,7.4995,7.1895,7.3895,45518321.0,335676471.0,0.9999323410013532,11.50587847,85.028442,11.50587847,85.028442,0.039560926285361675
CN,001896,2021-10-28,7.35,7.59,7.17,7.21,7.3495,7.5895,7.1695,7.2095,45904425.0,338257349.0,0.9999306518723995,11.50587847,82.957384,11.50587847,82.957384,0.03989649735975353
CN,001896,2021-10-29,7.35,7.46,6.89,7.36,7.3495,7.4595,6.8895,7.3595,45536490.0,326648200.0,0.9999320652173912,11.50587847,84.683266,11.50587847,84.683266,0.03957671734386049
CN,001896,2021-11-01,7.24,7.6,7.16,7.48,7.2395,7.5995,7.1595,7.4795,50425884.0,373587026.0,0.9999331550802139,11.50587847,86.063971,11.50587847,86.063971,0.04382619209083303
CN,001896,2021-11-02,7.42,7.47,7.02,7.12,7.4195,7.4695,7.0195,7.1195,42505577.0,307753566.0,0.9999297752808989,11.50587847,81.921855,11.50587847,81.921855,0.03694248736489566
CN,001896,2021-11-03,7.13,7.17,6.96,7.08,7.1295,7.1695,6.9595,7.0795,24892289.0,175645177.0,0.9999293785310734,11.50587847,81.46162,11.50587847,81.46162,0.021634409806172757
CN,001896,2021-11-04,7.07,7.28,7.05,7.11,7.0695,7.2795,7.0495,7.1095,25779613.0,184563559.0,0.9999296765119549,11.50587847,81.806796,11.50587847,81.806796,0.022405601681972222
CN,001896,2021-11-05,7.09,7.1,6.6899999999999995,6.71,7.0895,7.0995,6.6895,6.7095,40635216.0,278855811.0,0.9999254843517139,11.50587847,77.204445,11.50587847,77.204445,0.035316917440029245
CN,001896,2021-11-08,6.71,6.79,6.54,6.74,6.7095,6.7895,6.5395,6.7395,18898565.0,126591464.0,0.9999258160237388,11.50587847,77.549621,11.50587847,77.549621,0.016425138723023553
CN,001896,2021-11-09,6.92,7.16,6.87,6.95,6.9195,7.1595,6.8695,6.9495000000000005,34601968.0,242067021.0,0.9999280575539569,11.50587847,79.965855,11.50587847,79.965855,0.030073295220543035
CN,001896,2021-11-10,6.86,6.96,6.71,6.95,6.8595,6.9595,6.7095,6.9495000000000005,27269902.0,185994893.0,0.9999280575539569,11.50587847,79.965855,11.50587847,79.965855,0.02370084307000333
CN,001896,2021-11-11,6.9,6.96,6.86,6.89,6.8995,6.9595,6.8595,6.8895,17306632.0,119540053.0,0.9999274310595065,11.50587847,79.275503,11.50587847,79.275503,0.015041556405384142
CN,001896,2021-11-12,6.88,6.96,6.86,6.91,6.8795,6.9595,6.8595,6.9094999999999995,15997757.0,110631844.0,0.9999276410998552,11.50587847,79.50562,11.50587847,79.50562,0.0139039857249596
CN,001896,2021-11-15,6.91,7.0,6.74,7.0,6.9094999999999995,6.9995,6.7395,6.9995,25374350.0,175476335.0,0.9999285714285715,11.50587847,80.541149,11.50587847,80.541149,0.022053379119343332
CN,001896,2021-11-16,6.99,7.03,6.8100000000000005,6.83,6.9895,7.0295,6.8095,6.8295,19888478.0,137317875.0,0.9999267935578331,11.50587847,78.58515,11.50587847,78.58515,0.017285492847726906
CN,001896,2021-11-17,6.83,7.3,6.83,7.15,6.8295,7.2995,6.8295,7.1495,40240353.0,285267033.0,0.9999300699300698,11.50587847,82.267031,11.50587847,82.267031,0.03497373373525646
CN,001896,2021-11-18,7.14,7.48,7.1,7.3,7.1395,7.4795,7.0995,7.2995,43219096.0,315157696.0,0.9999315068493151,11.50587847,83.992913,11.50587847,83.992913,0.03756262167437963
CN,001896,2021-11-19,7.33,7.34,7.07,7.2,7.3295,7.3395,7.0695,7.1995000000000005,27464894.0,196551909.0,0.9999305555555555,11.50587847,82.842325,11.50587847,82.842325,0.0238703147018378
CN,001896,2021-11-22,7.17,7.23,7.09,7.18,7.1695,7.2295,7.0895,7.1795,19260342.0,137902917.0,0.9999303621169917,11.50587847,82.612207,11.50587847,82.612207,0.01673956669212064
CN,001896,2021-11-23,7.21,7.21,7.11,7.12,7.2095,7.2095,7.1095,7.1195,19070905.0,136355240.0,0.9999297752808989,11.50587847,81.921855,11.50587847,81.921855,0.01657492302715066
CN,001896,2021-11-24,7.12,7.31,6.97,7.22,7.1195,7.3095,6.9695,7.2195,33492410.0,238922452.0,0.9999307479224377,11.50587847,83.072443,11.50587847,83.072443,0.029108955120051776
CN,001896,2021-11-25,7.19,7.44,7.15,7.16,7.1895,7.4395,7.1495,7.1595,25082353.0,182202728.0,0.9999301675977654,11.50587847,82.38209,11.50587847,82.38209,0.021799598409976948
CN,001896,2021-11-26,7.13,7.14,7.02,7.03,7.1295,7.1395,7.0195,7.0295,17537716.0,123816754.0,0.9999288762446656,11.50587847,80.886326,11.50587847,80.886326,0.015242396350463103
CN,001896,2021-11-29,6.89,7.17,6.8,7.05,6.8895,7.1695,6.7995,7.0495,16685460.0,117005921.0,0.9999290780141844,11.50587847,81.116443,11.50587847,81.116443,0.01450168280805768
CN,001896,2021-11-30,7.05,7.17,6.96,6.97,7.0495,7.1695,6.9595,6.9695,19040068.0,134175302.0,0.9999282639885223,11.50587847,80.195973,11.50587847,80.195973,0.016548121944486346
CN,001896,2021-12-01,6.95,7.11,6.93,7.1,6.9495000000000005,7.1095,6.9295,7.0995,16965726.0,119081056.0,0.9999295774647887,11.50587847,81.691737,11.50587847,81.691737,0.014745267859586561
CN,001896,2021-12-02,7.08,7.14,6.98,6.98,7.0795,7.1395,6.9795,6.9795,18280942.0,128537071.0,0.9999283667621776,11.50587847,80.311032,11.50587847,80.311032,0.015888349635940487
CN,001896,2021-12-03,6.95,7.58,6.9,7.39,6.9495000000000005,7.5795,6.8995,7.3895,66708628.0,486074497.0,0.9999323410013532,11.50587847,85.028442,11.50587847,85.028442,0.057977865987315615
CN,001896,2021-12-06,7.41,7.65,7.35,7.38,7.4094999999999995,7.6494,7.3495,7.3795,52611050.0,392975382.0,0.9999322493224932,11.50587847,84.913383,11.50587847,84.913383,0.04572536563564103
CN,001896,2021-12-07,7.45,7.62,7.12,7.5600000000000005,7.4495000000000005,7.6195,7.1195,7.5595,54477589.0,403237604.0,0.9999338624338624,11.50587847,86.984441,11.50587847,86.984441,0.04734761378024532
CN,001896,2021-12-08,7.75,8.32,7.61,8.32,7.7494,8.3194,7.6095,8.3194,34911325.0,283839655.0,0.9999278846153846,11.50587847,95.728909,11.50587847,95.728909,0.03034216386956154
CN,001896,2021-12-09,8.45,8.96,8.15,8.26,8.4494,8.9594,8.1494,8.2594,122993151.0,1049475099.0,0.9999273607748184,11.50587847,95.038556,11.50587847,95.038556,0.1068959239580774
CN,001896,2021-12-10,8.26,8.68,8.04,8.29,8.2594,8.6794,8.0394,8.2894,67552117.0,566044977.0,0.9999276236429435,11.50587847,95.383733,11.50587847,95.383733,0.05871095994637253
CN,001896,2021-12-13,8.18,8.49,8.12,8.28,8.1794,8.4894,8.1194,8.2794,54022347.0,448088050.0,0.9999275362318842,11.50587847,95.268674,11.50587847,95.268674,0.04695195342177119
CN,001896,2021-12-14,8.15,8.27,8.05,8.1,8.1494,8.2694,8.0494,8.0994,48246096.0,392107293.0,0.9999259259259259,11.50587847,93.197616,11.50587847,93.197616,0.04193169267848177
CN,001896,2021-12-15,8.12,8.67,8.05,8.5,8.1194,8.6694,8.0494,8.4994,77967231.0,649018641.0,0.9999294117647058,11.50587847,97.799967,11.50587847,97.799967,0.06776295369648555
CN,001896,2021-12-16,8.4,8.5,8.3,8.31,8.3994,8.4994,8.2994,8.3094,48495433.0,405395534.0,0.9999277978339349,11.50587847,95.61385,11.50587847,95.61385,0.042148396688219146
CN,001896,2021-12-17,8.27,8.45,8.13,8.14,8.2694,8.4494,8.1294,8.1394,44361698.0,368035443.0,0.9999262899262898,11.50587847,93.657851,11.50587847,93.657851,0.038555681007466786
CN,001896,2021-12-20,8.1,8.22,7.75,7.75,8.0994,8.2194,7.7494,7.7494,50814150.0,400373144.0,0.9999225806451613,11.50587847,89.170558,11.50587847,89.170558,0.04416364220471381
CN,001896,2021-12-21,7.73,7.91,7.68,7.87,7.7294,7.9094,7.6794,7.8694,30449721.0,237132617.0,0.9999237611181703,11.50587847,90.551264,11.50587847,90.551264,0.026464490372806796
CN,001896,2021-12-22,7.84,7.91,7.67,7.68,7.8394,7.9094,7.6693999999999996,7.6794,28642541.0,222259631.0,0.9999218750000001,11.50587847,88.365147,11.50587847,88.365147,0.024893832378537196
CN,001896,2021-12-23,7.68,7.89,7.59,7.78,7.6794,7.8894,7.5895,7.7794,34156128.0,266339734.0,0.9999228791773779,11.50587847,89.515734,11.50587847,89.515734,0.029685806337219203
CN,001896,2021-12-24,7.72,8.11,7.67,7.67,7.7194,8.1094,7.6693999999999996,7.6693999999999996,44760932.0,352279265.0,0.9999217731421121,11.50587847,88.250088,11.50587847,88.250088,0.038902663639901976
CN,001896,2021-12-27,7.59,7.91,7.5600000000000005,7.72,7.5895,7.9094,7.5595,7.7194,31747011.0,246738478.0,0.9999222797927462,11.50587847,88.825382,11.50587847,88.825382,0.027591992287052204
CN,001896,2021-12-28,7.85,7.89,7.1,7.19,7.8494,7.8894,7.0995,7.1895,54761375.0,398676324.0,0.9999304589707927,11.50587847,82.727266,11.50587847,82.727266,0.04759425813751012
CN,001896,2021-12-29,7.12,7.19,7.08,7.12,7.1195,7.1895,7.0795,7.1195,23650106.0,168392064.0,0.9999297752808989,11.50587847,81.921855,11.50587847,81.921855,0.020554802539992412
CN,001896,2021-12-30,7.15,7.24,7.09,7.13,7.1495,7.2395,7.0895,7.1295,18937425.0,135452465.0,0.9999298737727911,11.50587847,82.036913,13.55587847,96.653413,0.013969898772631885
CN,001896,2021-12-31,7.13,7.27,7.13,7.14,7.1295,7.2695,7.1295,7.1395,24428138.0,175509041.0,0.9999299719887955,11.50587847,82.151972,13.55587847,96.788972,0.0180203282686998
CN,001896,2022-01-04,7.15,7.21,7.1,7.17,7.1495,7.2095,7.0995,7.1695,21379732.0,153201326.0,0.9999302649930265,11.50587847,82.497149,13.55587847,97.195649,0.015771557739555332
CN,001896,2022-01-05,7.22,7.24,6.92,7.04,7.2195,7.2395,6.9195,7.0395,26447008.0,186008120.0,0.9999289772727273,11.50587847,81.001384,13.55587847,95.433384,0.01950962311924592
CN,001896,2022-01-06,7.05,7.08,6.96,7.04,7.0495,7.0795,6.9595,7.0395,17268712.0,121219429.0,0.9999289772727273,11.50587847,81.001384,13.55587847,95.433384,0.012738910309808936
CN,001896,2022-01-07,7.0,7.03,6.77,6.8,6.9995,7.0295,6.7695,6.7995,28317491.0,195247748.0,0.9999264705882354,11.50587847,78.239974,13.55587847,92.179974,0.020889454757704096
CN,001896,2022-01-10,6.79,6.86,6.67,6.86,6.7895,6.8595,6.6695,6.8595,12486309.0,84937936.0,0.9999271137026238,11.50587847,78.930326,13.55587847,92.993326,0.009210992137199354
CN,001896,2022-01-11,6.86,7.0,6.83,6.92,6.8595,6.9995,6.8295,6.9195,17866579.0,123951682.0,0.99992774566474,11.50587847,79.620679,13.55587847,93.806679,0.013179949229804507
CN,001896,2022-01-12,6.95,6.97,6.86,6.91,6.9495000000000005,6.9695,6.8595,6.9094999999999995,11494952.0,79265792.0,0.9999276410998552,11.50587847,79.50562,13.55587847,93.67112,0.008479680623752301
CN,001896,2022-01-13,6.9,6.92,6.78,6.8,6.8995,6.9195,6.7795,6.7995,13199646.0,90292728.0,0.9999264705882354,11.50587847,78.239974,13.55587847,92.179974,0.009737211814941861
CN,001896,2022-01-14,6.8,6.8,6.62,6.64,6.7995,6.7995,6.6195,6.6395,14732059.0,98898222.0,0.9999246987951808,11.50587847,76.399033,13.55587847,90.011033,0.010867653492617951
CN,001896,2022-01-17,6.64,6.71,6.59,6.66,6.6395,6.7095,6.5895,6.6594999999999995,11295858.0,75234800.0,0.9999249249249248,11.50587847,76.629151,13.55587847,90.282151,0.008332811499452754
CN,001896,2022-01-18,6.6899999999999995,6.84,6.64,6.78,6.6895,6.8395,6.6395,6.7795,16746931.0,112979913.0,0.9999262536873156,11.50587847,78.009856,13.55587847,91.908856,0.012353999069158076
CN,001896,2022-01-19,6.73,6.75,6.67,6.72,6.7295,6.7495,6.6695,6.7195,9849816.0,65954188.0,0.9999255952380953,11.50587847,77.319503,13.55587847,91.095503,0.007266084615466459
CN,001896,2022-01-20,6.72,6.77,6.5600000000000005,6.66,6.7195,6.7695,6.5595,6.6594999999999995,13882285.0,92738529.0,0.9999249249249248,11.50587847,76.629151,13.55587847,90.282151,0.010240785966562298
CN,001896,2022-01-21,6.66,6.68,6.58,6.6,6.6594999999999995,6.6795,6.5795,6.5995,10206328.0,67583217.0,0.9999242424242425,11.50587847,75.938798,13.55587847,89.468798,0.007529079006268194
CN,001896,2022-01-24,6.54,6.57,6.34,6.4,6.5395,6.5695,6.3395,6.3995,13034700.0,83829983.0,0.999921875,11.50587847,73.637622,13.55587847,86.757622,0.009615533238105226
CN,001896,2022-01-25,6.34,6.4,6.1,6.1,6.3395,6.3995,6.0996,6.0996,15909937.0,98751491.0,0.9999344262295082,11.50587847,70.185859,13.55587847,82.690859,0.011736559187373713
CN,001896,2022-01-26,6.11,6.22,6.05,6.16,6.1096,6.2196,6.0496,6.1596,8843640.0,54391062.0,0.9999350649350649,11.50587847,70.876211,13.55587847,83.504211,0.006523841313251313
CN,001896,2022-01-27,6.17,6.18,5.91,5.9399999999999995,6.1696,6.1796,5.9096,5.9396,11620674.0,70242010.0,0.9999326599326601,11.50587847,68.344918,13.55587847,80.521918,0.008572424152161936
CN,001896,2022-01-28,5.97,6.08,5.92,6.03,5.9696,6.0796,5.9196,6.0296,10461676.0,62845270.0,0.9999336650082918,11.50587847,69.380447,13.55587847,81.741947,0.007717445994483012
CN,001896,2022-02-07,6.02,6.18,5.97,6.1,6.0196,6.1796,5.9696,6.0996,10669841.0,64917899.0,0.9999344262295082,11.50587847,70.185859,13.55587847,82.690859,0.00787100668069061
CN,001896,2022-02-08,6.18,6.28,6.04,6.27,6.1796,6.2795,6.0396,6.2695,12997504.0,80481749.0,0.9999202551834131,11.50587847,72.141858,13.55587847,84.995358,0.009588094219614231
CN,001896,2022-02-09,6.27,6.38,6.19,6.35,6.2695,6.3795,6.1896,6.3495,11242576.0,70983724.0,0.9999212598425198,11.50587847,73.062328,13.55587847,86.079828,0.008293506042327333
CN,001896,2022-02-10,6.3,6.39,6.28,6.32,6.2995,6.3895,6.2795,6.3195,10147600.0,64102055.0,0.9999208860759493,11.50587847,72.717152,13.55587847,85.673152,0.00748575610386097
CN,001896,2022-02-11,6.33,6.33,6.15,6.15,6.3295,6.3295,6.1496,6.1496,9769931.0,60602269.0,0.9999349593495935,11.50587847,70.761153,13.55587847,83.368653,0.007207154461897444
CN,001896,2022-02-14,6.1,6.2,6.08,6.11,6.0996,6.1996,6.0796,6.1096,7513712.0,46003779.0,0.9999345335515548,11.50587847,70.300917,13.55587847,82.826417,0.005542770257662246
CN,001896,2022-02-15,6.15,6.15,6.07,6.1,6.1496,6.1496,6.0696,6.0996,5891600.0,35959280.0,0.9999344262295082,11.50587847,70.185859,13.55587847,82.690859,0.004346158762811629
CN,001896,2022-02-16,6.12,6.19,6.12,6.16,6.1196,6.1896,6.1196,6.1596,6198084.0,38173701.0,0.9999350649350649,11.50587847,70.876211,13.55587847,83.504211,0.004572248131109131
CN,001896,2022-02-17,6.18,6.25,6.13,6.14,6.1796,6.2495,6.1296,6.1396,9072466.0,56142591.0,0.9999348534201955,11.50587847,70.646094,13.55587847,83.233094,0.0066926433576974965
CN,001896,2022-02-18,6.1,6.19,6.07,6.18,6.0996,6.1896,6.0696,6.1796,6625959.0,40691162.0,0.9999352750809062,11.50587847,71.106329,13.55587847,83.775329,0.004887886103924329
CN,001896,2022-02-21,6.23,6.33,6.15,6.33,6.2296,6.3295,6.1496,6.3295,12543285.0,78512999.0,0.9999210110584519,11.50587847,72.832211,13.55587847,85.808711,0.009253022611377837
CN,001896,2022-02-22,6.3,6.3,6.17,6.2,6.2995,6.2995,6.1696,6.1996,9586454.0,59644542.0,0.9999354838709678,11.50587847,71.336447,13.55587847,84.046447,0.007071805800867437
CN,001896,2022-02-23,6.2,6.25,6.18,6.25,6.1996,6.2495,6.1796,6.2495,7379654.0,45974324.0,0.99992,11.50587847,71.91174,13.55587847,84.72424,0.005443877367543263
CN,001896,2022-02-24,6.28,6.51,6.18,6.32,6.2795,6.5095,6.1796,6.3195,29172612.0,185365185.0,0.9999208860759493,11.50587847,72.717152,13.55587847,85.673152,0.02152026669799438
CN,001896,2022-02-25,6.33,6.46,6.27,6.4,6.3295,6.4595,6.2695,6.3995,21072474.0,134183079.0,0.999921875,11.50587847,73.637622,13.55587847,86.757622,0.015544897401252668
CN,001896,2022-02-28,6.4,6.41,6.24,6.31,6.3995,6.4094999999999995,6.2396,6.3095,10731501.0,67667870.0,0.999920760697306,11.50587847,72.602093,13.55587847,85.537593,0.007916492482393876
CN,001896,2022-03-01,6.32,6.44,6.3,6.34,6.3195,6.4395,6.2995,6.3395,11126500.0,70762744.0,0.9999211356466877,11.50587847,72.947269,13.55587847,85.944269,0.008207878246049221
CN,001896,2022-03-02,6.31,6.38,6.27,6.35,6.3095,6.3795,6.2695,6.3495,9703801.0,61280875.0,0.9999212598425198,11.50587847,73.062328,13.55587847,86.079828,0.0071583711977612615
CN,001896,2022-03-03,6.4,6.49,6.36,6.38,6.3995,6.4895,6.3595,6.3795,16094573.0,103165904.0,0.9999216300940439,11.50587847,73.407505,13.55587847,86.486505,0.011872762828036773
CN,001896,2022-03-04,6.38,6.39,6.24,6.27,6.3795,6.3895,6.2396,6.2695,11109183.0,69848263.0,0.9999202551834131,11.50587847,72.141858,13.55587847,84.995358,0.00819510371429289
CN,001896,2022-03-07,6.27,6.32,6.11,6.16,6.2695,6.3195,6.1096,6.1596,10620792.0,65842441.0,0.9999350649350649,11.50587847,70.876211,13.55587847,83.504211,0.0078348238540973
CN,001896,2022-03-08,6.1,6.15,5.82,5.88,6.0996,6.1496,5.8196,5.8796,14403401.0,86093516.0,0.9999319727891156,11.50587847,67.654565,13.55587847,79.708565,0.01062520664512862
CN,001896,2022-03-09,5.88,6.08,5.6,5.99,5.8796,6.0796,5.5996,5.9896,17221999.0,102016900.0,0.9999332220367279,11.50587847,68.920212,13.55587847,81.199712,0.012704450720853947
CN,001896,2022-03-10,6.03,6.17,5.98,6.11,6.0296,6.1696,5.9796,6.1096,14108096.0,85886279.0,0.9999345335515548,11.50587847,70.300917,13.55587847,82.826417,0.01040736388366279
CN,001896,2022-03-11,6.04,6.06,5.88,6.01,6.0396,6.0596,5.8796,6.0096,11874340.0,70852725.0,0.9999334442595674,11.50587847,69.15033,13.55587847,81.47083,0.008759550350262177
CN,001896,2022-03-14,6.07,6.07,5.8100000000000005,5.82,6.0696,6.0696,5.8096,5.8196,9042502.0,53496618.0,0.9999312714776633,11.50587847,66.964213,13.55587847,78.895213,0.0066705392940867815
CN,001896,2022-03-15,5.78,5.79,5.35,5.35,5.7796,5.7896,5.3496,5.3496,16214898.0,89780645.0,0.9999252336448599,11.50587847,61.55645,13.55587847,72.52395,0.011961525057844518
CN,001896,2022-03-16,5.34,5.5,5.15,5.45,5.3396,5.4996,5.1496,5.4496,16162863.0,86499683.0,0.9999266055045871,11.50587847,62.707038,13.55587847,73.879538,0.011923139496838526
CN,001896,2022-03-17,5.5,5.77,5.46,5.6,5.4996,5.7696,5.4596,5.5996,19498114.0,109648340.0,0.9999285714285714,11.50587847,64.432919,13.55587847,75.912919,0.014383511952508674
CN,001896,2022-03-18,5.7,6.16,5.61,6.16,5.6996,6.1596,5.6096,6.1596,19537966.0,116710215.0,0.9999350649350649,11.50587847,70.876211,13.55587847,83.504211,0.014412910268588444
CN,001896,2022-03-21,6.22,6.78,6.07,6.44,6.2196,6.7795,6.0696,6.4395,60517923.0,385994037.0,0.9999223602484472,11.50587847,74.097857,13.55587847,87.299857,0.04464330595315524
CN,001896,2022-03-22,6.29,6.46,6.2,6.28,6.2895,6.4595,6.1996,6.2795,36889965.0,231865205.0,0.999920382165605,11.50587847,72.256917,13.55587847,85.130917,0.02721326034431467
CN,001896,2022-03-23,6.27,6.46,6.23,6.25,6.2695,6.4595,6.2296,6.2495,24071378.0,152055352.0,0.99992,11.50587847,71.91174,13.55587847,84.72424,0.017757150931436462
CN,001896,2022-03-24,6.19,6.29,6.09,6.12,6.1896,6.2895,6.0896,6.1196,19576659.0,120826865.0,0.9999346405228758,11.50587847,70.415976,13.55587847,82.961976,0.014441453605035159
CN,001896,2022-03-25,6.08,6.12,5.96,5.96,6.0796,6.1196,5.9596,5.9596,14575981.0,87934568.0,0.9999328859060402,11.50587847,68.575036,13.55587847,80.793036,0.010752516727158296
CN,001896,2022-03-28,5.98,6.03,5.85,5.93,5.9796,6.0296,5.8496,5.9296,10593315.0,62953847.0,0.9999325463743677,11.50587847,68.229859,13.55587847,80.386359,0.007814554418914026
CN,001896,2022-03-29,5.99,6.0,5.8100000000000005,5.88,5.9896,5.9996,5.8096,5.8796,9932734.0,58480245.0,0.9999319727891156,11.50587847,67.654565,13.55587847,79.708565,0.007327252174753379
CN,001896,2022-03-30,5.9,5.93,5.84,5.88,5.8995999999999995,5.9296,5.8396,5.8796,9136670.0,53730025.0,0.9999319727891156,11.50587847,67.654565,13.55587847,79.708565,0.006740005836006879
CN,001896,2022-03-31,5.91,5.92,5.75,5.76,5.9096,5.9196,5.7496,5.7596,10546660.0,61217657.0,0.9999305555555555,11.50587847,66.27386,13.55587847,78.08186,0.007780137615825055
CN,001896,2022-04-01,5.71,5.85,5.63,5.79,5.7096,5.8496,5.6296,5.7896,10467868.0,60159034.0,0.9999309153713298,11.50587847,66.619036,13.55587847,78.488536,0.007722013754524313
CN,001896,2022-04-06,5.74,5.87,5.71,5.86,5.7396,5.8696,5.7096,5.8596,8156900.0,47531151.0,0.9999317406143344,11.50587847,67.424448,13.55587847,79.437448,0.006017241905828328
CN,001896,2022-04-07,5.8100000000000005,5.84,5.62,5.64,5.8096,5.8396,5.6196,5.6396,10878455.0,62185944.0,0.9999290780141844,11.50587847,64.893155,13.55587847,76.455155,0.00802489858851619
CN,001896,2022-04-08,5.65,5.73,5.53,5.6,5.6495999999999995,5.7296,5.5296,5.5996,7666173.0,43031575.0,0.9999285714285714,11.50587847,64.432919,13.55587847,75.912919,0.005655238807994419
CN,001896,2022-04-11,5.61,6.16,5.6,5.86,5.6096,6.1596,5.5996,5.8596,31784559.0,190016151.0,0.9999317406143344,11.50587847,67.424448,13.55587847,79.437448,0.023447066946152697
CN,001896,2022-04-12,5.63,5.87,5.58,5.74,5.6296,5.8696,5.5796,5.7396,18950051.0,107603932.0,0.9999303135888502,11.50587847,66.043742,13.55587847,77.810742,0.01397921281305202
CN,001896,2022-04-13,5.66,5.68,5.5,5.5,5.6596,5.6796,5.4996,5.4996,13360831.0,74135466.0,0.9999272727272728,11.50587847,63.282332,13.55587847,74.557332,0.009856115949673307
CN,001896,2022-04-14,5.54,5.5600000000000005,5.45,5.48,5.5396,5.5596,5.4496,5.4796,7599680.0,41782958.0,0.9999270072992699,11.50587847,63.052214,13.55587847,74.286214,0.005606187763351938
CN,001896,2022-04-15,5.43,5.86,5.35,5.61,5.4296,5.8596,5.3496,5.6096,19035371.0,107703990.0,0.9999286987522281,11.50587847,64.547978,13.55587847,76.048478,0.01404215229734204
CN,001896,2022-04-18,5.5,5.65,5.41,5.54,5.4996,5.6495999999999995,5.4096,5.5396,11875414.0,65209984.0,0.999927797833935,11.50587847,63.742567,13.55587847,75.099567,0.008760342626470892
CN,001896,2022-04-19,5.51,5.66,5.49,5.51,5.5096,5.6596,5.4896,5.5096,9236558.0,51300968.0,0.9999274047186933,11.50587847,63.39739,13.55587847,74.69289,0.006813691949541356
CN,001896,2022-04-20,5.48,5.59,5.45,5.5,5.4796,5.5896,5.4496,5.4996,8038260.0,44252385.0,0.9999272727272728,11.50587847,63.282332,13.55587847,74.557332,0.005929722679197197
CN,001896,2022-04-21,5.51,5.53,5.23,5.24,5.5096,5.5296,5.2296,5.2396,9426783.0,50452410.0,0.9999236641221374,11.50587847,60.290803,13.55587847,71.032803,0.00695401852477658
CN,001896,2022-04-22,5.28,5.45,5.12,5.4,5.2796,5.4496,5.1196,5.3996,11039040.0,58526227.0,0.9999259259259259,11.50587847,62.131744,13.55587847,73.201744,0.008143360110840533
CN,001896,2022-04-25,5.27,5.37,4.95,4.97,5.2696,5.3696,4.9496,4.9696,12611708.0,64743757.0,0.9999195171026157,11.50587847,57.184216,13.55587847,67.372716,0.009303497392596498
CN,001896,2022-04-26,4.95,5.01,4.47,4.47,4.9496,5.0096,4.4697,4.4697,17613369.0,82279344.0,0.9999328859060402,11.50587847,51.431277,13.55587847,60.594777,0.012993159417133665
CN,001896,2022-04-27,4.23,4.62,4.15,4.59,4.2297,4.6197,4.1497,4.5897,17124287.0,75065715.0,0.9999346405228757,11.50587847,52.811982,13.55587847,62.221482,0.012632369814982562
CN,001896,2022-04-28,4.4,4.6899999999999995,4.4,4.59,4.3997,4.6897,4.3997,4.5897,12774464.0,57978489.0,0.9999346405228757,11.50587847,52.811982,13.55587847,62.221482,0.009423560434147209
CN,001896,2022-04-29,4.6899999999999995,4.93,4.6,4.89,4.6897,4.9296,4.5997,4.8896,19078675.0,91395664.0,0.9999182004089979,11.50587847,56.263746,13.55587847,66.288246,0.014074097110137341
CN,001896,2022-05-05,4.85,5.01,4.82,4.95,4.8496,5.0096,4.8197,4.9496,13789146.0,67996172.0,0.9999191919191919,11.50587847,56.954098,13.55587847,67.101598,0.010172078504920383
CN,001896,2022-05-06,4.8100000000000005,4.88,4.77,4.8,4.8097,4.8796,4.7697,4.7997,8433664.0,40681562.0,0.9999374999999999,11.50587847,55.228217,13.55587847,65.068217,0.006221407206227336
CN,001896,2022-05-09,4.78,4.88,4.74,4.82,4.7797,4.8796,4.7397,4.8197,6250700.0,30267732.0,0.9999377593360995,11.50587847,55.458334,13.55587847,65.339334,0.004611062288462667
CN,001896,2022-05-10,4.78,5.04,4.74,5.03,4.7797,5.0396,4.7397,5.0296,12919506.0,63780795.0,0.9999204771371769,11.50587847,57.874569,13.55587847,68.186069,0.009530556082065555
CN,001896,2022-05-11,5.06,5.26,5.06,5.09,5.0596,5.2596,5.0596,5.0896,17398268.0,89933361.0,0.9999214145383104,11.50587847,58.564921,13.55587847,68.999421,0.012834482131499958
CN,001896,2022-05-12,5.22,5.6,5.22,5.4,5.2196,5.5996,5.2196,5.3996,41762561.0,229336910.0,0.9999259259259259,11.50587847,62.131744,13.55587847,73.201744,0.030807712751647294
CN,001896,2022-05-13,5.33,5.46,5.17,5.17,5.3296,5.4596,5.1696,5.1696,34705021.0,183205205.0,0.9999226305609284,11.50587847,59.485392,13.55587847,70.083892,0.02560145480560656
CN,001896,2022-05-16,5.19,5.25,5.04,5.06,5.1896,5.2496,5.0396,5.0596,16855011.0,86139259.0,0.9999209486166007,11.50587847,58.219745,13.55587847,68.592745,0.012433728317424198
CN,001896,2022-05-17,5.17,5.17,5.0,5.05,5.1696,5.1696,4.9996,5.0496,11313582.0,57079012.0,0.9999207920792079,11.50587847,58.104686,13.55587847,68.457186,0.008345886269958571
CN,001896,2022-05-18,5.04,5.1,5.0,5.02,5.0396,5.0996,4.9996,5.0196,12298093.0,62064243.0,0.9999203187250996,11.50587847,57.75951,13.55587847,68.05051,0.00907214757584058
CN,001896,2022-05-19,4.9,5.14,4.86,5.12,4.8995999999999995,5.1396,4.8597,5.1196,14417268.0,72563909.0,0.999921875,11.50587847,58.910098,13.55587847,69.406098,0.010635436155544112
CN,001896,2022-05-20,5.2,5.25,5.11,5.16,5.1996,5.2496,5.1096,5.1596,11588375.0,59809577.0,0.9999224806201551,11.50587847,59.370333,13.55587847,69.948333,0.008548597588600246
CN,001896,2022-05-23,5.23,5.23,5.14,5.21,5.2296,5.2296,5.1396,5.2096,7952100.0,41185859.0,0.9999232245681382,11.50587847,59.945627,13.55587847,70.626127,0.005866163537537232
CN,001896,2022-05-24,5.2,5.24,5.0,5.0,5.1996,5.2396,4.9996,4.9996,11067004.0,56590038.0,0.99992,11.50587847,57.529392,13.55587847,67.779392,0.008163988799760906
CN,001896,2022-05-25,5.0,5.39,4.98,5.35,4.9996,5.3896,4.9796,5.3496,24312318.0,127488045.0,0.9999252336448599,11.50587847,61.55645,13.55587847,72.52395,0.017934889320382053
CN,001896,2022-05-26,5.37,5.42,5.24,5.29,5.3696,5.4196,5.2396,5.2896,16862740.0,89705435.0,0.9999243856332704,11.50587847,60.866097,13.55587847,71.710597,0.012439429902915026
CN,001896,2022-05-27,5.34,5.34,5.18,5.26,5.3396,5.3396,5.1796,5.2596,12636800.0,66737867.0,0.9999239543726236,11.50587847,60.520921,13.55587847,71.303921,0.009322007443461537
CN,001896,2022-05-30,5.32,5.33,5.2,5.32,5.3196,5.3296,5.1996,5.3196,10629911.0,55975113.0,0.9999248120300752,11.50587847,61.211273,13.55587847,72.117273,0.007841550824997916
CN,001896,2022-05-31,5.37,5.74,5.34,5.4,5.3696,5.7396,5.3396,5.3996,27595935.0,150001378.0,0.9999259259259259,11.50587847,62.131744,13.55587847,73.201744,0.02035717202767162
CN,001896,2022-06-01,5.37,5.5,5.3,5.45,5.3696,5.4996,5.2996,5.4496,20584891.0,111036542.0,0.9999266055045871,11.50587847,62.707038,13.55587847,73.879538,0.015185213592431978
CN,001896,2022-06-02,5.4,5.44,5.32,5.39,5.3996,5.4396,5.3196,5.3896,11823868.0,63617459.0,0.999925788497217,11.50587847,62.016685,13.55587847,73.066185,0.008722317794576688
CN,001896,2022-06-06,5.38,5.42,5.33,5.4,5.3796,5.4196,5.3296,5.3996,10128793.0,54451514.0,0.9999259259259259,11.50587847,62.131744,13.55587847,73.201744,0.007471882417960331
CN,001896,2022-06-07,5.4,5.9399999999999995,5.36,5.9399999999999995,5.3996,5.9396,5.3596,5.9396,57599448.0,332603053.0,0.9999326599326601,11.50587847,68.344918,13.55587847,80.521918,0.04249038387845624
CN,001896,2022-06-08,6.36,6.53,6.23,6.53,6.3595,6.5295,6.2296,6.5295,39329130.0,253814670.0,0.9999234303215926,11.50587847,75.133386,13.55587847,88.519886,0.029012601497599586
CN,001896,2022-06-09,6.63,6.96,6.21,6.31,6.6295,6.9595,6.2096,6.3095,129002055.0,860913579.0,0.999920760697306,11.50587847,72.602093,13.55587847,85.537593,0.09516318347460075
CN,001896,2022-06-10,5.99,6.48,5.6899999999999995,6.24,5.9896,6.4795,5.6896,6.2396,84936894.0,518521497.0,0.9999358974358974,11.50587847,71.796682,13.55587847,84.588682,0.06265687184196186
CN,001896,2022-06-13,6.0,6.14,5.83,5.96,5.9996,6.1396,5.8296,5.9596,60641246.0,361649251.0,0.9999328859060402,11.50587847,68.575036,13.55587847,80.793036,0.04473427976962381
CN,001896,2022-06-14,5.84,6.5600000000000005,5.83,6.5600000000000005,5.8396,6.5595,5.8296,6.5595,49283295.0,311922314.0,0.9999237804878048,11.50587847,75.478563,13.55587847,88.926563,0.03635566304984733
CN,001896,2022-06-15,6.59,7.21,6.41,6.52,6.5895,7.2095,6.4094999999999995,6.5195,114236168.0,778707221.0,0.9999233128834356,11.50587847,75.018328,13.55587847,88.384328,0.08427057549447034
CN,001896,2022-06-16,6.4,6.77,6.19,6.64,6.3995,6.7695,6.1896,6.6395,72051280.0,471628807.0,0.9999246987951808,11.50587847,76.399033,13.55587847,90.011033,0.05315131745939885
CN,001896,2022-06-17,6.57,6.82,6.45,6.7,6.5695,6.8195,6.4495000000000005,6.6995000000000005,62048691.0,414783608.0,0.9999253731343284,11.50587847,77.089386,13.55587847,90.824386,0.04577253413514853
CN,001896,2022-06-20,6.57,7.27,6.38,6.9,6.5695,7.2695,6.3795,6.8995,92064794.0,636029373.0,0.999927536231884,11.50587847,79.390561,13.55587847,93.535561,0.06791503346960885
CN,001896,2022-06-21,6.8100000000000005,6.87,6.45,6.51,6.8095,6.8695,6.4495000000000005,6.5095,64476640.0,428160608.0,0.9999231950844855,11.50587847,74.903269,13.55587847,88.248769,0.04756360138717
CN,001896,2022-06-22,6.41,6.57,6.23,6.25,6.4094999999999995,6.5695,6.2296,6.2495,47171732.0,298620985.0,0.99992,11.50587847,71.91174,13.55587847,84.72424,0.034797989746215244
CN,001896,2022-06-23,6.25,6.29,6.12,6.28,6.2495,6.2895,6.1196,6.2795,34610310.0,215348061.0,0.999920382165605,11.50587847,72.256917,13.55587847,85.130917,0.025531587699458035
CN,001896,2022-06-24,6.38,6.65,6.3,6.5,6.3795,6.6495,6.2995,6.4995,50915083.0,330551770.0,0.9999230769230769,11.50587847,74.78821,13.55587847,88.11321,0.03755941240744983
CN,001896,2022-06-27,6.43,6.59,6.35,6.39,6.4295,6.5895,6.3495,6.3895,36502128.0,234411016.0,0.9999217527386542,11.50587847,73.522563,13.55587847,86.622063,0.02692715789742544
CN,001896,2022-06-28,6.36,6.68,6.36,6.48,6.3595,6.6795,6.3595,6.4795,36200778.0,236054608.0,0.9999228395061728,11.50587847,74.558092,13.55587847,87.842092,0.02670485581595805
CN,001896,2022-06-29,6.46,6.55,6.25,6.46,6.4595,6.5495,6.2495,6.4595,38444230.0,244868222.0,0.9999226006191951,11.50587847,74.327975,13.55587847,87.570975,0.028359821965857443
CN,001896,2022-06-30,6.52,6.88,6.36,6.65,6.5195,6.8795,6.3595,6.6495,55699586.0,368368389.0,0.9999248120300751,11.50587847,76.514092,13.55587847,90.146592,0.041088879723484274
CN,001896,2022-07-01,6.58,7.2,6.55,6.78,6.5795,7.1995000000000005,6.5495,6.7795,61577581.0,424041242.0,0.9999262536873156,11.50587847,78.009856,13.55587847,91.908856,0.045425002249964846
CN,001896,2022-07-04,6.83,7.06,6.51,6.92,6.8295,7.0595,6.5095,6.9195,55426246.0,380303038.0,0.99992774566474,11.50587847,79.620679,13.55587847,93.806679,0.04088724026455513
CN,001896,2022-07-05,6.88,7.04,6.61,6.86,6.8795,7.0395,6.6095,6.8595,52515232.0,358868783.0,0.9999271137026238,11.50587847,78.930326,13.55587847,92.993326,0.038739822075138444
CN,001896,2022-07-06,6.75,7.55,6.72,7.55,6.7495,7.5495,6.7195,7.5495,77010464.0,573348928.0,0.9999337748344371,11.50587847,86.869382,15.2578133,115.19649,0.05047280530035061
CN,001896,2022-07-07,7.59,8.31,7.24,7.35,7.5895,8.3094,7.2395,7.3495,165407699.0,1294443343.0,0.9999319727891157,11.50587847,84.568207,15.2578133,112.144928,0.10840852207832428
CN,001896,2022-07-08,7.3,7.63,6.91,7.23,7.2995,7.6295,6.9094999999999995,7.2295,111197887.0,796663385.0,0.9999308437067772,11.50587847,83.187501,15.2578133,110.31399,0.07287930767903682
CN,001896,2022-07-11,7.05,7.42,7.01,7.1,7.0495,7.4195,7.0095,7.0995,70200107.0,504850909.0,0.9999295774647887,11.50587847,81.691737,15.2578133,108.330474,0.04600928430550399
CN,001896,2022-07-12,7.16,7.22,6.63,6.66,7.1595,7.2195,6.6295,6.6594999999999995,71408893.0,492952468.0,0.9999249249249248,11.50587847,76.629151,15.2578133,101.617037,0.04680152496032967
CN,001896,2022-07-13,6.6,6.85,6.48,6.79,6.5995,6.8495,6.4795,6.7895,48207567.0,323217224.0,0.9999263622974963,11.50587847,78.124915,15.2578133,103.600552,0.03159533155383413
CN,001896,2022-07-14,6.76,6.78,6.52,6.6,6.7595,6.7795,6.5195,6.5995,40489301.0,267885587.0,0.9999242424242425,11.50587847,75.938798,15.2578133,100.701568,0.026536765265046204
CN,001896,2022-07-15,6.37,6.4,6.05,6.09,6.3695,6.3995,6.0496,6.0896,62172802.0,384807995.0,0.9999343185550083,11.50587847,70.0708,15.2578133,92.920083,0.04074817326543116
CN,001896,2022-07-18,6.12,6.7,6.12,6.7,6.1196,6.6995000000000005,6.1196,6.6995000000000005,68966545.0,449542055.0,0.9999253731343284,11.50587847,77.089386,15.2578133,102.227349,0.04520080541292244
CN,001896,2022-07-19,6.9,6.95,6.47,6.52,6.8995,6.9495000000000005,6.4695,6.5195,59606793.0,394637017.0,0.9999233128834356,11.50587847,75.018328,15.2578133,99.480943,0.03906640606226319
CN,001896,2022-07-20,6.52,6.6,6.4,6.48,6.5195,6.5995,6.3995,6.4795,29680133.0,191663486.0,0.9999228395061728,11.50587847,74.558092,15.2578133,98.87063,0.019452415897630627
CN,001896,2022-07-21,6.46,6.46,6.28,6.29,6.4595,6.4595,6.2795,6.2895,26434723.0,167663684.0,0.9999205087440382,11.50587847,72.371976,15.2578133,95.971646,0.0173253679804825
CN,001896,2022-07-22,6.32,6.39,6.21,6.31,6.3195,6.3895,6.2096,6.3095,25012036.0,157774191.0,0.999920760697306,11.50587847,72.602093,15.2578133,96.276802,0.016392936201414916
CN,001896,2022-07-25,6.34,6.34,6.12,6.13,6.3395,6.3395,6.1196,6.1296,19345837.0,119903247.0,0.9999347471451876,11.50587847,70.531035,15.2578133,93.530396,0.012679298546666579
CN,001896,2022-07-26,6.18,6.21,6.11,6.2,6.1796,6.2096,6.1096,6.1996,16321608.0,100714494.0,0.9999354838709678,11.50587847,71.336447,15.2578133,94.598442,0.010697213079675054
CN,001896,2022-07-27,6.2,6.26,6.17,6.22,6.1996,6.2595,6.1696,6.2196,14475956.0,89892075.0,0.9999356913183279,11.50587847,71.566564,15.2578133,94.903599,0.009487569231168926
CN,001896,2022-07-28,6.28,6.39,6.24,6.26,6.2795,6.3895,6.2396,6.2595,25199991.0,158847930.0,0.9999201277955272,11.50587847,72.026799,15.2578133,95.513911,0.01651612226766466
CN,001896,2022-07-29,6.22,6.41,6.19,6.3,6.2196,6.4094999999999995,6.1896,6.2995,24200996.0,153173296.0,0.999920634920635,11.50587847,72.487034,15.2578133,96.124224,0.015861379035225186
CN,001896,2022-08-01,6.29,6.3,6.06,6.26,6.2895,6.2995,6.0596,6.2595,16605896.0,103389309.0,0.9999201277955272,11.50587847,72.026799,15.2578133,95.513911,0.010883535978251877
CN,001896,2022-08-02,6.18,6.21,5.8,5.9,6.1796,6.2096,5.7996,5.8995999999999995,28062003.0,167001307.0,0.9999322033898304,11.50587847,67.884683,15.2578133,90.021098,0.018391890402801037
CN,001896,2022-08-03,5.76,6.03,5.6899999999999995,5.73,5.7596,6.0296,5.6896,5.7296,19298367.0,112957773.0,0.9999301919720767,11.50587847,65.928684,15.2578133,87.42727,0.012648186617934301
CN,001896,2022-08-04,5.73,5.98,5.73,5.98,5.7296,5.9796,5.7296,5.9796,20621776.0,121718263.0,0.9999331103678928,11.50587847,68.805153,15.2578133,91.241724,0.013515551406045845
CN,001896,2022-08-05,5.97,5.98,5.85,5.93,5.9696,5.9796,5.8496,5.9296,11885108.0,70171207.0,0.9999325463743677,11.50587847,68.229859,15.2578133,90.478833,0.007789522499924678
CN,001896,2022-08-08,5.95,6.03,5.87,5.98,5.9496,6.0296,5.8696,5.9796,10875472.0,64958844.0,0.9999331103678928,11.50587847,68.805153,15.2578133,91.241724,0.007127805135746418
CN,001896,2022-08-09,6.01,6.09,5.9399999999999995,5.96,6.0096,6.0896,5.9396,5.9596,14854699.0,89113993.0,0.9999328859060402,11.50587847,68.575036,15.2578133,90.936567,0.009735798117283295
CN,001896,2022-08-10,5.95,6.0,5.9,5.91,5.9496,5.9996,5.8995999999999995,5.9096,10942671.0,64900641.0,0.9999323181049069,11.50587847,67.999742,15.2578133,90.173677,0.0071718474887879245
CN,001896,2022-08-11,5.93,6.03,5.91,5.99,5.9296,6.0296,5.9096,5.9896,12175205.0,72793663.0,0.9999332220367279,11.50587847,68.920212,15.2578133,91.394302,0.007979652628204593
CN,001896,2022-08-12,6.01,6.14,5.98,6.09,6.0096,6.1396,5.9796,6.0896,18137479.0,110437430.0,0.9999343185550083,11.50587847,70.0708,15.2578133,92.920083,0.01188733840385896
CN,001896,2022-08-15,6.1,6.36,6.04,6.31,6.0996,6.3595,6.0396,6.3095,30191976.0,187707835.0,0.999920760697306,11.50587847,72.602093,15.2578133,96.276802,0.019787878778147062
CN,001896,2022-08-16,6.31,6.45,6.27,6.37,6.3095,6.4495000000000005,6.2695,6.3695,30034718.0,191036236.0,0.9999215070643642,11.50587847,73.292446,15.2578133,97.192271,0.01968481158437035
CN,001896,2022-08-17,6.44,6.57,6.35,6.36,6.4395,6.5695,6.3495,6.3595,34466728.0,222143128.0,0.9999213836477987,11.50587847,73.177387,15.2578133,97.039693,0.022589559409538718
CN,001896,2022-08-18,6.3,6.37,6.21,6.23,6.2995,6.3695,6.2096,6.2296,23702699.0,148625855.0,0.999935794542536,11.50587847,71.681623,15.2578133,95.056177,0.015534794229000037
CN,001896,2022-08-19,6.21,6.45,6.2,6.38,6.2096,6.4495000000000005,6.1996,6.3795,31190144.0,197768905.0,0.9999216300940439,11.50587847,73.407505,15.2578133,97.344849,0.020442079993205842
CN,001896,2022-08-22,6.47,6.51,6.22,6.26,6.4695,6.5095,6.2196,6.2595,24668118.0,155698621.0,0.9999201277955272,11.50587847,72.026799,15.2578133,95.513911,0.016167531686863672
CN,001896,2022-08-23,6.18,6.89,6.15,6.89,6.1796,6.8895,6.1496,6.8895,41814336.0,279305826.0,0.9999274310595065,11.50587847,79.275503,15.2578133,105.126334,0.02740519573666562
CN,001896,2022-08-24,7.2,7.2,6.61,6.7,7.1995000000000005,7.1995000000000005,6.6095,6.6995000000000005,105433185.0,727631880.0,0.9999253731343284,11.50587847,77.089386,15.2578133,102.227349,0.06910111096981374
CN,001896,2022-08-25,6.76,6.83,6.38,6.48,6.7595,6.8295,6.3795,6.4795,52541700.0,343867450.0,0.9999228395061728,11.50587847,74.558092,15.2578133,98.87063,0.03443593060612427
CN,001896,2022-08-26,6.44,6.6,6.31,6.33,6.4395,6.5995,6.3095,6.3295,34141903.0,219907818.0,0.9999210110584519,11.50587847,72.832211,15.2578133,96.581958,0.02237666848368108
CN,001896,2022-08-29,6.18,6.3,6.15,6.2,6.1796,6.2995,6.1496,6.1996,25690937.0,159437166.0,0.9999354838709678,11.50587847,71.336447,15.2578133,94.598442,0.0168378892144394
CN,001896,2022-08-30,6.2,6.28,6.05,6.1,6.1996,6.2795,6.0496,6.0996,26871634.0,164572686.0,0.9999344262295082,11.50587847,70.185859,15.2578133,93.072661,0.01761172028497688
CN,001896,2022-08-31,6.09,6.15,5.8,5.82,6.0896,6.1496,5.7996,5.8196,22649177.0,133880640.0,0.9999312714776633,11.50587847,66.964213,15.2578133,88.800473,0.014844313896539814
CN,001896,2022-09-01,5.82,5.88,5.73,5.76,5.8196,5.8796,5.7296,5.7596,12645315.0,73488014.0,0.9999305555555555,11.50587847,66.27386,15.2578133,87.885005,0.008287763620754228
CN,001896,2022-09-02,5.79,5.93,5.79,5.82,5.7896,5.9296,5.7896,5.8196,11712360.0,68549316.0,0.9999312714776633,11.50587847,66.964213,15.2578133,88.800473,0.007676303130540993
CN,001896,2022-09-05,5.82,6.0,5.77,5.98,5.8196,5.9996,5.7696,5.9796,14845388.0,87734775.0,0.9999331103678928,11.50587847,68.805153,15.2578133,91.241724,0.009729695670086616
CN,001896,2022-09-06,5.98,6.14,5.92,6.13,5.9796,6.1396,5.9196,6.1296,17585986.0,106440658.0,0.9999347471451876,11.50587847,70.531035,15.2578133,93.530396,0.011525888837557082
CN,001896,2022-09-07,6.1,6.39,6.08,6.31,6.0996,6.3895,6.0796,6.3095,37582366.0,235422924.0,0.999920760697306,11.50587847,72.602093,15.2578133,96.276802,0.024631554509845784
CN,001896,2022-09-08,6.28,6.48,6.25,6.33,6.2795,6.4795,6.2495,6.3295,33470608.0,212917729.0,0.9999210110584519,11.50587847,72.832211,15.2578133,96.581958,0.021936700457594407
CN,001896,2022-09-09,6.26,6.36,6.18,6.24,6.2595,6.3595,6.1796,6.2396,17423806.0,109023400.0,0.9999358974358974,11.50587847,71.796682,15.2578133,95.208755,0.011419595755572654
CN,001896,2022-09-13,6.2,6.29,6.11,6.13,6.1996,6.2895,6.1096,6.1296,17658368.0,108587130.0,0.9999347471451876,11.50587847,70.531035,15.2578133,93.530396,0.011573328138705171
CN,001896,2022-09-14,6.04,6.09,5.95,5.99,6.0396,6.0896,5.9496,5.9896,15714768.0,94388126.0,0.9999332220367279,11.50587847,68.920212,15.2578133,91.394302,0.010299488983785115
CN,001896,2022-09-15,6.09,6.11,5.72,5.8,6.0896,6.1096,5.7196,5.7996,18933340.0,110860951.0,0.9999310344827587,11.50587847,66.734095,15.2578133,88.495317,0.012408947224436152
CN,001896,2022-09-16,5.82,5.83,5.5600000000000005,5.5600000000000005,5.8196,5.8296,5.5596,5.5596,15317564.0,86747627.0,0.9999280575539566,11.50587847,63.972684,15.2578133,84.833442,0.010039160722985122
CN,001896,2022-09-19,5.5600000000000005,5.5600000000000005,5.39,5.43,5.5596,5.5596,5.3896,5.4296,11613274.0,63415325.0,0.999926335174954,11.50587847,62.47692,15.2578133,82.849926,0.007611361976751938
CN,001896,2022-09-20,5.49,5.61,5.49,5.6,5.4896,5.6096,5.4896,5.5996,9600676.0,53438495.0,0.9999285714285714,11.50587847,64.432919,15.2578133,85.443754,0.006292301400751836
CN,001896,2022-09-21,5.61,5.73,5.45,5.6899999999999995,5.6096,5.7296,5.4496,5.6896,11980600.0,67501295.0,0.9999297012302286,11.50587847,65.468448,15.2578133,86.816958,0.007852108139244304
CN,001896,2022-09-22,5.68,5.73,5.61,5.66,5.6796,5.7296,5.6096,5.6596,8402403.0,47654141.0,0.9999293286219081,11.50587847,65.123272,15.2578133,86.359223,0.005506950986220286
CN,001896,2022-09-23,5.66,5.73,5.51,5.52,5.6596,5.7296,5.5096,5.5196,8358866.0,46826709.0,0.999927536231884,11.50587847,63.512449,15.2578133,84.223129,0.0054784167532053885
CN,001896,2022-09-26,5.48,5.5,5.3,5.31,5.4796,5.4996,5.2996,5.3096,9272141.0,50092150.0,0.999924670433145,11.50587847,61.096215,15.2578133,81.018989,0.00607697893380305
CN,001896,2022-09-27,5.34,5.44,5.3,5.43,5.3396,5.4396,5.2996,5.4296,8165465.0,43896380.0,0.999926335174954,11.50587847,62.47692,15.2578133,82.849926,0.005351661368146378
CN,001896,2022-09-28,5.4,5.51,5.24,5.26,5.3996,5.5096,5.2396,5.2596,10371900.0,55491931.0,0.9999239543726236,11.50587847,60.520921,15.2578133,80.256098,0.006797763084438843
CN,001896,2022-09-29,5.27,5.34,5.1,5.14,5.2696,5.3396,5.0996,5.1396,8812447.0,45916442.0,0.9999221789883268,11.50587847,59.140215,15.2578133,78.42516,0.005775694607562147
CN,001896,2022-09-30,5.15,5.2,5.12,5.12,5.1496,5.1996,5.1196,5.1196,7016289.0,36219140.0,0.999921875,11.50587847,58.910098,15.2578133,78.120004,0.0045984892212568886
CN,001896,2022-10-10,5.15,5.24,5.02,5.05,5.1496,5.2396,5.0196,5.0496,7172831.0,36821458.0,0.9999207920792079,11.50587847,58.104686,15.2578133,77.051957,0.004701087147265067
CN,001896,2022-10-11,5.05,5.21,4.96,5.2,5.0496,5.2096,4.9596,5.1996,9673301.0,49435287.0,0.9999230769230769,11.50587847,59.830568,15.2578133,79.340629,0.0063398999645643845
CN,001896,2022-10-12,5.2,5.35,5.13,5.35,5.1996,5.3496,5.1296,5.3496,11089812.0,57992359.0,0.9999252336448599,11.50587847,61.55645,15.2578133,81.629301,0.007268283981427404
CN,001896,2022-10-13,5.37,5.52,5.33,5.45,5.3696,5.5196,5.3296,5.4496,14867079.0,80982519.0,0.9999266055045871,11.50587847,62.707038,15.2578133,83.155082,0.009743911992945935
CN,001896,2022-10-14,5.48,5.53,5.44,5.49,5.4796,5.5296,5.4396,5.4896,12210442.0,67059729.0,0.9999271402550091,11.50587847,63.167273,15.2578133,83.765395,0.0080027470253552
CN,001896,2022-10-17,5.46,5.49,5.35,5.46,5.4596,5.4896,5.3496,5.4596,9491281.0,51639090.0,0.99992673992674,11.50587847,62.822096,15.2578133,83.307661,0.006220603708658567
CN,001896,2022-10-18,5.47,5.57,5.44,5.45,5.4696,5.5696,5.4396,5.4496,10380302.0,57057787.0,0.9999266055045871,11.50587847,62.707038,15.2578133,83.155082,0.006803269771298093
CN,001896,2022-10-19,5.49,5.52,5.41,5.42,5.4896,5.5196,5.4096,5.4196,7055923.0,38471246.0,0.9999261992619927,11.50587847,62.361861,15.2578133,82.697348,0.004624465420611746
CN,001896,2022-10-20,5.4,5.45,5.34,5.37,5.3996,5.4496,5.3396,5.3696,7322573.0,39430333.0,0.999925512104283,11.50587847,61.786567,15.2578133,81.934457,0.004799228340275995
CN,001896,2022-10-21,5.39,5.51,5.37,5.43,5.3896,5.5096,5.3696,5.4296,8485525.0,46343908.0,0.999926335174954,11.50587847,62.47692,15.2578133,82.849926,0.005561429303896384
CN,001896,2022-10-24,5.4,5.46,5.24,5.27,5.3996,5.4596,5.2396,5.2696,8584855.0,45940417.0,0.9999240986717267,11.50587847,60.63598,15.2578133,80.408676,0.005626530375751813
CN,001896,2022-10-25,5.23,5.31,5.16,5.28,5.2296,5.3096,5.1596,5.2796,6906201.0,36187602.0,0.9999242424242424,11.50587847,60.751038,15.2578133,80.561254,0.004526337335639046
CN,001896,2022-10-26,5.28,5.8100000000000005,5.27,5.8100000000000005,5.2796,5.8096,5.2696,5.8096,42484056.0,245785060.0,0.999931153184165,11.50587847,66.849154,15.2578133,88.647895,0.027844131504741902
CN,001896,2022-10-27,5.6,5.75,5.52,5.54,5.5996,5.7496,5.5196,5.5396,51335215.0,288443481.0,0.999927797833935,11.50587847,63.742567,15.2578133,84.528286,0.03364519803109663
CN,001896,2022-10-28,5.53,5.53,5.17,5.2,5.5296,5.5296,5.1696,5.1996,24887387.0,132425738.0,0.9999230769230769,11.50587847,59.830568,15.2578133,79.340629,0.016311241008565756
CN,001896,2022-10-31,5.02,5.11,4.99,5.03,5.0196,5.1096,4.9896,5.0296,17010623.0,85816926.0,0.9999204771371769,11.50587847,57.874569,15.2578133,76.746801,0.011148794827631035
CN,001896,2022-11-01,5.09,5.16,5.03,5.16,5.0896,5.1596,5.0296,5.1596,14891892.0,75747543.0,0.9999224806201551,11.50587847,59.370333,15.2578133,78.730317,0.009760174480572521
CN,001896,2022-11-02,5.15,5.23,5.1,5.2,5.1496,5.2296,5.0996,5.1996,12702579.0,65625118.0,0.9999230769230769,11.50587847,59.830568,15.2578133,79.340629,0.008325294555806368
CN,001896,2022-11-03,5.23,5.24,5.12,5.18,5.2296,5.2396,5.1196,5.1796,8994378.0,46608343.0,0.9999227799227799,11.50587847,59.60045,15.2578133,79.035473,0.005894932532697854
CN,001896,2022-11-04,5.2,5.36,5.19,5.33,5.1996,5.3596,5.1896,5.3296,16452688.0,86987200.0,0.9999249530956849,11.50587847,61.326332,15.2578133,81.324145,0.010783123162216175
CN,001896,2022-11-07,5.41,5.54,5.36,5.49,5.4096,5.5396,5.3596,5.4896,21784670.0,119373666.0,0.9999271402550091,11.50587847,63.167273,15.2578133,83.765395,0.014277714356355376
CN,001896,2022-11-08,5.5,5.55,5.44,5.47,5.4996,5.5496,5.4396,5.4696,11709200.0,64189288.0,0.999926873857404,11.50587847,62.937155,15.2578133,83.460239,0.007674232060501094
CN,001896,2022-11-09,5.49,5.5,5.41,5.45,5.4896,5.4996,5.4096,5.4496,9629800.0,52488686.0,0.9999266055045871,11.50587847,62.707038,15.2578133,83.155082,0.006311389326018296
CN,001896,2022-11-10,5.45,5.51,5.42,5.46,5.4496,5.5096,5.4196,5.4596,9673595.0,52982989.0,0.99992673992674,11.50587847,62.822096,15.2578133,83.307661,0.006340092652726325
CN,001896,2022-11-11,5.53,5.57,5.45,5.46,5.5296,5.5696,5.4496,5.4596,10593419.0,58071486.0,0.99992673992674,11.50587847,62.822096,15.2578133,83.307661,0.006942947060441486
CN,001896,2022-11-14,5.48,5.5,5.4,5.42,5.4796,5.4996,5.3996,5.4196,8931865.0,48696403.0,0.9999261992619927,11.50587847,62.361861,15.2578133,82.697348,0.005853961393012982
CN,001896,2022-11-15,5.4,5.5,5.4,5.5,5.3996,5.4996,5.3996,5.4996,8486671.0,46397688.0,0.9999272727272728,11.50587847,63.282332,15.2578133,83.917973,0.005562180394486803
CN,001896,2022-11-16,5.54,5.71,5.5,5.5600000000000005,5.5396,5.7096,5.4996,5.5596,18522311.0,103935623.0,0.9999280575539566,11.50587847,63.972684,15.2578133,84.833442,0.012139558032211601
CN,001896,2022-11-17,5.5,5.5600000000000005,5.48,5.53,5.4996,5.5596,5.4796,5.5296,9496568.0,52331147.0,0.9999276672694394,11.50587847,63.627508,15.2578133,84.375708,0.006224068818563929
CN,001896,2022-11-18,5.5,5.59,5.47,5.52,5.4996,5.5896,5.4696,5.5196,9424468.0,52071824.0,0.999927536231884,11.50587847,63.512449,15.2578133,84.223129,0.006176814340754845
CN,001896,2022-11-21,5.5,5.59,5.45,5.58,5.4996,5.5896,5.4496,5.5796,9752464.0,54159986.0,0.9999283154121864,11.50587847,64.202802,15.2578133,85.138598,0.006391783546073408
CN,001896,2022-11-22,5.58,5.6,5.47,5.5,5.5796,5.5996,5.4696,5.4996,8140683.0,45094676.0,0.9999272727272728,11.50587847,63.282332,15.2578133,83.917973,0.005335419197979045
CN,001896,2022-11-23,5.52,5.62,5.45,5.61,5.5196,5.6196,5.4496,5.6096,18218972.0,101240873.0,0.9999286987522281,11.50587847,64.547978,15.2578133,85.596333,0.011940749071821452
CN,001896,2022-11-24,5.7,5.7,5.58,5.59,5.6996,5.6996,5.5796,5.5896,11965058.0,67143391.0,0.9999284436493739,11.50587847,64.317861,15.2578133,85.291176,0.007841921882737942
CN,001896,2022-11-25,5.5600000000000005,5.65,5.54,5.6,5.5596,5.6495999999999995,5.5396,5.5996,10708958.0,59915807.0,0.9999285714285714,11.50587847,64.432919,15.2578133,85.443754,0.007018671541878154
CN,001896,2022-11-28,5.5,5.74,5.45,5.7,5.4996,5.7396,5.4496,5.6996,18236932.0,102533931.0,0.9999298245614036,11.50587847,65.583507,15.2578133,86.969536,0.011952520090149485
CN,001896,2022-11-29,5.67,5.76,5.63,5.73,5.6696,5.7596,5.6296,5.7296,15054703.0,85825652.0,0.9999301919720767,11.50587847,65.928684,15.2578133,87.42727,0.009866881121163018
CN,001896,2022-11-30,5.74,5.8,5.66,5.6899999999999995,5.7396,5.7996,5.6596,5.6896,14527797.0,83092444.0,0.9999297012302286,11.50587847,65.468448,15.2578133,86.816958,0.00952154592165576
CN,001896,2022-12-01,5.72,5.8,5.6899999999999995,5.72,5.7196,5.7996,5.6896,5.7196,11149200.0,63858655.0,0.9999300699300699,11.50587847,65.813625,15.2578133,87.274692,0.007307206990139275
CN,001896,2022-12-02,5.72,5.74,5.64,5.64,5.7196,5.7396,5.6396,5.6396,10052500.0,57035425.0,0.9999290780141844,11.50587847,64.893155,15.2578133,86.054067,0.006588427713950334
CN,001896,2022-12-05,5.66,5.75,5.64,5.72,5.6596,5.7496,5.6396,5.7196,11833685.0,67398035.0,0.9999300699300699,11.50587847,65.813625,15.2578133,87.274692,0.007755819767436793
CN,001896,2022-12-06,5.73,5.73,5.58,5.61,5.7296,5.7296,5.5796,5.6096,10540851.0,59364249.0,0.9999286987522281,11.50587847,64.547978,15.2578133,85.596333,0.006908493892765093
CN,001896,2022-12-07,5.59,5.59,5.47,5.53,5.5896,5.5896,5.4696,5.5296,10745300.0,59286221.0,0.9999276672694394,11.50587847,63.627508,15.2578133,84.375708,0.007042490158140813
CN,001896,2022-12-08,5.53,5.55,5.46,5.48,5.5296,5.5496,5.4596,5.4796,8419005.0,46258861.0,0.9999270072992699,11.50587847,63.052214,15.2578133,83.612817,0.005517831968752692
CN,001896,2022-12-09,5.48,5.53,5.45,5.47,5.4796,5.5296,5.4496,5.4696,7973014.0,43657039.0,0.999926873857404,11.50587847,62.937155,15.2578133,83.460239,0.005225528614903159
CN,001896,2022-12-12,5.49,5.49,5.35,5.36,5.4896,5.4896,5.3496,5.3596,9726708.0,52427248.0,0.9999253731343284,11.50587847,61.671509,15.2578133,81.781879,0.0063749030144444096
CN,001896,2022-12-13,5.35,5.5600000000000005,5.34,5.43,5.3496,5.5596,5.3396,5.4296,12008068.0,65351446.0,0.999926335174954,11.50587847,62.47692,15.2578133,82.849926,0.007870110718945552
CN,001896,2022-12-14,5.43,5.44,5.34,5.36,5.4296,5.4396,5.3396,5.3596,8224460.0,44256176.0,0.9999253731343284,11.50587847,61.671509,15.2578133,81.781879,0.005390326803907084
CN,001896,2022-12-15,5.35,5.37,5.29,5.33,5.3496,5.3696,5.2896,5.3296,7552710.0,40174697.0,0.9999249530956849,11.50587847,61.326332,15.2578133,81.324145,0.004950060569950741
CN,001896,2022-12-16,5.33,5.38,5.26,5.3,5.3296,5.3796,5.2596,5.2996,6926980.0,36729167.0,0.9999245283018868,11.50587847,60.981156,15.2578133,80.86641,0.004539955931955203
CN,001896,2022-12-19,5.27,5.3,5.12,5.16,5.2696,5.2996,5.1196,5.1596,8888726.0,46137402.0,0.9999224806201551,11.50587847,59.370333,15.2578133,78.730317,0.005825688009958806
CN,001896,2022-12-20,5.16,5.3,5.11,5.29,5.1596,5.2996,5.1096,5.2896,8772193.0,46003521.0,0.9999243856332704,11.50587847,60.866097,15.2578133,80.713832,0.005749312059022246
CN,001896,2022-12-21,5.33,5.33,5.14,5.16,5.3296,5.3296,5.1396,5.1596,6841080.0,35489412.0,0.9999224806201551,11.50587847,59.370333,15.2578133,78.730317,0.004483656907769346
CN,001896,2022-12-22,5.16,5.21,5.02,5.03,5.1596,5.2096,5.0196,5.0296,13429564.0,68627748.0,0.9999204771371769,11.50587847,57.874569,15.2578133,76.746801,0.008801761914336702
CN,001896,2022-12-23,5.08,5.08,4.99,5.03,5.0796,5.0796,4.9896,5.0296,6857143.0,34482034.0,0.9999204771371769,11.50587847,57.874569,15.2578133,76.746801,0.004494184628671528
CN,001896,2022-12-26,5.04,5.15,5.02,5.14,5.0396,5.1496,5.0196,5.1396,5618477.0,28680555.0,0.9999221789883268,11.50587847,59.140215,15.2578133,78.42516,0.0036823605647343972
CN,001896,2022-12-27,5.13,5.16,5.09,5.12,5.1296,5.1596,5.0896,5.1196,4743275.0,24252092.0,0.999921875,11.50587847,58.910098,15.2578133,78.120004,0.00310875150110796
CN,001896,2022-12-28,5.09,5.25,5.06,5.16,5.0896,5.2496,5.0596,5.1596,11945734.0,61980076.0,0.9999224806201551,11.50587847,59.370333,15.2578133,78.730317,0.007829256896202813
CN,001896,2022-12-29,5.09,5.15,5.03,5.04,5.0896,5.1496,5.0296,5.0396,8300206.0,42074866.0,0.9999206349206349,11.50587847,57.989627,15.2578133,76.899379,0.0054399708770849885
CN,001896,2022-12-30,5.14,5.47,5.09,5.26,5.1396,5.4696,5.0896,5.2596,19778336.0,103923616.0,0.9999239543726236,11.50587847,60.520921,15.2578133,80.256098,0.012962759217928038
CN,001896,2023-01-03,5.25,5.67,5.22,5.58,5.2496,5.6696,5.2196,5.5796,29721647.0,161637305.0,0.9999283154121864,11.50587847,64.202802,15.2578133,85.138598,0.01947962425257884
CN,001896,2023-01-04,5.51,5.58,5.39,5.39,5.5096,5.5796,5.3896,5.3896,30877021.0,168566459.0,0.999925788497217,11.50587847,62.016685,15.2578133,82.239614,0.02023685858051494
CN,001896,2023-01-05,5.36,5.93,5.36,5.64,5.3596,5.9296,5.3596,5.6396,60160911.0,342929561.0,0.9999290780141844,11.50587847,64.893155,15.2578133,86.054067,0.03942957605858239
CN,001896,2023-01-06,5.45,5.55,5.27,5.31,5.4496,5.5496,5.2696,5.3096,90807612.0,488271497.0,0.999924670433145,13.2078133,70.133489,15.2578133,81.018989,0.05951548247087281
CN,001896,2023-01-09,5.24,5.25,5.1,5.1,5.2396,5.2496,5.0996,5.0996,54887419.0,282672491.0,0.999921568627451,13.2078133,67.359848,15.2578133,77.814848,0.035973319322238656
CN,001896,2023-01-10,5.1,5.14,5.06,5.08,5.0996,5.1396,5.0596,5.0796,26992400.0,137499586.0,0.9999212598425197,13.2078133,67.095692,15.2578133,77.509692,0.017690870552204228
CN,001896,2023-01-11,5.08,5.11,5.06,5.09,5.0796,5.1096,5.0596,5.0896,18245511.0,92805884.0,0.9999214145383104,13.2078133,67.22777,15.2578133,77.66227,0.011958142783147045
CN,001896,2023-01-12,5.09,5.1,5.02,5.03,5.0896,5.0996,5.0196,5.0296,20182708.0,101890544.0,0.9999204771371769,13.2078133,66.435301,15.2578133,76.746801,0.01322778539962866
CN,001896,2023-01-13,5.03,5.05,5.0,5.01,5.0296,5.0496,4.9996,5.0096,19957408.0,100060358.0,0.9999201596806387,13.2078133,66.171145,15.2578133,76.441645,0.013080123348999165
CN,001896,2023-01-16,5.04,5.05,5.01,5.05,5.0396,5.0496,5.0096,5.0496,13002756.0,65472224.0,0.9999207920792079,13.2078133,66.699457,15.2578133,77.051957,0.008522031135352796
CN,001896,2023-01-17,5.06,5.08,5.03,5.05,5.0596,5.0796,5.0296,5.0496,9135126.0,46120979.0,0.9999207920792079,13.2078133,66.699457,15.2578133,77.051957,0.005987179040918006
CN,001896,2023-01-18,5.05,5.06,5.03,5.04,5.0496,5.0596,5.0296,5.0396,8898022.0,44899016.0,0.9999206349206349,13.2078133,66.567379,15.2578133,76.899379,0.005831780626126812
CN,001896,2023-01-19,5.03,5.06,5.01,5.04,5.0296,5.0596,5.0096,5.0396,8335852.0,41980879.0,0.9999206349206349,13.2078133,66.567379,15.2578133,76.899379,0.005463333333617341
CN,001896,2023-01-20,5.04,5.1,5.03,5.1,5.0396,5.0996,5.0296,5.0996,14513966.0,73648310.0,0.999921568627451,13.2078133,67.359848,15.2578133,77.814848,0.009512481057819733
CN,001896,2023-01-30,5.15,5.16,5.1,5.12,5.1496,5.1596,5.0996,5.1196,16608266.0,84975314.0,0.999921875,13.2078133,67.624004,15.2578133,78.120004,0.010885089280781801
CN,001896,2023-01-31,5.07,5.12,5.05,5.12,5.0696,5.1196,5.0496,5.1196,13950193.0,71095176.0,0.999921875,13.2078133,67.624004,15.2578133,78.120004,0.009142983156046352
CN,001896,2023-02-01,5.13,5.15,5.1,5.15,5.1296,5.1496,5.0996,5.1496,16224792.0,83151241.0,0.9999223300970874,13.2078133,68.020239,15.2578133,78.577738,0.010633759688224786
CN,001896,2023-02-02,5.15,5.19,5.13,5.18,5.1496,5.1896,5.1296,5.1796,19694062.0,101748499.0,0.9999227799227799,13.2078133,68.416473,15.2578133,79.035473,0.012907525877250052
CN,001896,2023-02-03,5.18,5.18,5.09,5.13,5.1796,5.1796,5.0896,5.1296,16244944.0,83310886.0,0.9999220272904483,13.2078133,67.756082,15.2578133,78.272582,0.010646967347542521
CN,001896,2023-02-06,5.12,5.19,5.1,5.14,5.1196,5.1896,5.0996,5.1396,13921359.0,71727310.0,0.9999221789883268,13.2078133,67.88816,15.2578133,78.42516,0.009124085297334186
CN,001896,2023-02-07,5.15,5.24,5.13,5.23,5.1496,5.2396,5.1296,5.2296,22090286.0,114615438.0,0.9999235181644358,13.2078133,69.076864,15.2578133,79.798364,0.014478015666897694
CN,001896,2023-02-08,5.25,5.25,5.16,5.17,5.2496,5.2496,5.1596,5.1696,13391582.0,69461341.0,0.9999226305609284,13.2078133,68.284395,15.2578133,78.882895,0.008776868438939413
CN,001896,2023-02-09,5.17,5.18,5.14,5.18,5.1696,5.1796,5.1396,5.1796,14001854.0,72264693.0,0.9999227799227799,13.2078133,68.416473,15.2578133,79.035473,0.009176841874189141
CN,001896,2023-02-10,5.18,5.26,5.15,5.23,5.1796,5.2596,5.1496,5.2296,23927605.0,124633271.0,0.9999235181644358,13.2078133,69.076864,15.2578133,79.798364,0.015682198051276457
CN,001896,2023-02-13,5.26,5.31,5.21,5.22,5.2596,5.3096,5.2096,5.2196,19520304.0,102350239.0,0.9999233716475096,13.2078133,68.944785,15.2578133,79.645785,0.012793644551935893
CN,001896,2023-02-14,5.24,5.27,5.2,5.26,5.2396,5.2696,5.1996,5.2596,18174896.0,95287862.0,0.9999239543726236,13.2078133,69.473098,15.2578133,80.256098,0.01191186157717633
CN,001896,2023-02-15,5.24,5.27,5.18,5.21,5.2396,5.2696,5.1796,5.2096,16879279.0,88005565.0,0.9999232245681382,13.2078133,68.812707,15.2578133,79.493207,0.011062711718985315
CN,001896,2023-02-16,5.2,5.22,5.03,5.09,5.1996,5.2196,5.0296,5.0896,23894613.0,122668047.0,0.9999214145383104,13.2078133,67.22777,15.2578133,77.66227,0.015660575031416855
CN,001896,2023-02-17,5.09,5.12,5.05,5.06,5.0896,5.1196,5.0496,5.0596,14116495.0,71674858.0,0.9999209486166007,13.2078133,66.831535,15.2578133,77.204535,0.009251977804709408
CN,001896,2023-02-20,5.08,5.08,5.02,5.06,5.0796,5.0796,5.0196,5.0596,17143587.0,86450802.0,0.9999209486166007,13.2078133,66.831535,15.2578133,77.204535,0.011235939687373157
CN,001896,2023-02-21,5.06,5.09,5.04,5.08,5.0596,5.0896,5.0396,5.0796,10770607.0,54619897.0,0.9999212598425197,13.2078133,67.095692,15.2578133,77.509692,0.00705907641431161
CN,001896,2023-02-22,5.08,5.09,5.05,5.09,5.0796,5.0896,5.0496,5.0896,7941610.0,40276780.0,0.9999214145383104,13.2078133,67.22777,15.2578133,77.66227,0.005204946373278798
CN,001896,2023-02-23,5.08,5.1,5.05,5.07,5.0796,5.0996,5.0496,5.0696,9554045.0,48420107.0,0.9999211045364892,13.2078133,66.963613,15.2578133,77.357113,0.00626173935422319
CN,001896,2023-02-24,5.07,5.07,5.03,5.05,5.0696,5.0696,5.0296,5.0496,6539900.0,33012088.0,0.9999207920792079,13.2078133,66.699457,15.2578133,77.051957,0.004286262960105824
CN,001896,2023-02-27,5.05,5.06,5.02,5.04,5.0496,5.0596,5.0196,5.0396,9284496.0,46774013.0,0.9999206349206349,13.2078133,66.567379,15.2578133,76.899379,0.006085076424417908
CN,001896,2023-02-28,5.03,5.06,5.02,5.06,5.0296,5.0596,5.0196,5.0596,8706278.0,43856287.0,0.9999209486166007,13.2078133,66.831535,15.2578133,77.204535,0.005706111242034925
CN,001896,2023-03-01,5.07,5.07,5.04,5.07,5.0696,5.0696,5.0396,5.0696,8891822.0,44983952.0,0.9999211045364892,13.2078133,66.963613,15.2578133,77.357113,0.005827717134276378
CN,001896,2023-03-02,5.07,5.09,5.04,5.05,5.0696,5.0896,5.0396,5.0496,9854100.0,49885421.0,0.9999207920792079,13.2078133,66.699457,15.2578133,77.051957,0.006458395974736433
CN,001896,2023-03-03,5.04,5.08,5.03,5.07,5.0396,5.0796,5.0296,5.0696,11347811.0,57428941.0,0.9999211045364892,13.2078133,66.963613,15.2578133,77.357113,0.0074373770191564735
CN,001896,2023-03-06,5.08,5.09,5.05,5.06,5.0796,5.0896,5.0496,5.0596,12474208.0,63210246.0,0.9999209486166007,13.2078133,66.831535,15.2578133,77.204535,0.008175619765907085
CN,001896,2023-03-07,5.07,5.07,4.98,4.98,5.0696,5.0696,4.9796,4.9796,17958286.0,90144091.0,0.9999196787148593,13.2078133,65.77491,15.2578133,75.98391,0.011769894969156557
CN,001896,2023-03-08,4.95,4.99,4.9399999999999995,4.97,4.9496,4.9896,4.9396,4.9696,9091122.0,45092857.0,0.9999195171026157,13.2078133,65.642832,15.2578133,75.831332,0.005958338735210503
CN,001896,2023-03-09,4.97,4.99,4.9399999999999995,4.95,4.9696,4.9896,4.9396,4.9496,7036606.0,34913887.0,0.9999191919191919,13.2078133,65.378676,15.2578133,75.526176,0.004611805021889998
CN,001896,2023-03-10,4.9399999999999995,4.95,4.84,4.86,4.9396,4.9496,4.8397,4.8597,10371600.0,50529169.0,0.9999382716049382,13.2078133,64.189973,15.2578133,74.152973,0.0067975664638654345
CN,001896,2023-03-13,4.84,4.89,4.8,4.8100000000000005,4.8397,4.8896,4.7997,4.8097,10341626.0,49864160.0,0.9999376299376299,13.2078133,63.529582,15.2578133,73.390082,0.006777921446974319
CN,001896,2023-03-14,4.79,4.84,4.71,4.74,4.7897,4.8397,4.7097,4.7397,11595685.0,55287639.0,0.9999367088607595,13.2078133,62.605035,15.2578133,72.322035,0.007599834112533019
CN,001896,2023-03-15,4.74,4.82,4.74,4.78,4.7397,4.8197,4.7397,4.7797,9177754.0,43839975.0,0.9999372384937238,13.2078133,63.133348,15.2578133,72.932348,0.006015117513595477
CN,001896,2023-03-16,4.77,4.78,4.64,4.67,4.7697,4.7797,4.6397,4.6697,13571239.0,63793653.0,0.9999357601713061,13.2078133,61.680488,15.2578133,71.253988,0.008894615980128686
CN,001896,2023-03-17,4.7,4.71,4.62,4.64,4.6997,4.7097,4.6197,4.6397,11773143.0,54883216.0,0.9999353448275864,13.2078133,61.284254,15.2578133,70.796254,0.007716140424919212
CN,001896,2023-03-20,4.64,4.65,4.55,4.5600000000000005,4.6397,4.6497,4.5497,4.5597,12668550.0,58196735.0,0.9999342105263157,13.2078133,60.227629,15.2578133,69.575629,0.008302991884164685
CN,001896,2023-03-21,4.5600000000000005,4.62,4.55,4.61,4.5597,4.6197,4.5497,4.6097,8819295.0,40332477.0,0.999934924078091,13.2078133,60.888019,15.2578133,70.338519,0.005780182799851143
CN,001896,2023-03-22,4.6,4.66,4.6,4.65,4.5997,4.6597,4.5997,4.6497,9808755.0,45512692.0,0.9999354838709678,13.2078133,61.416332,15.2578133,70.948832,0.006428676775065795
CN,001896,2023-03-23,4.66,4.66,4.61,4.63,4.6597,4.6597,4.6097,4.6297,8085846.0,37425552.0,0.9999352051835853,13.2078133,61.152176,15.2578133,70.643676,0.005299478923365775
CN,001896,2023-03-24,4.63,4.65,4.61,4.64,4.6297,4.6497,4.6097,4.6397,5667748.0,26260561.0,0.9999353448275864,13.2078133,61.284254,15.2578133,70.796254,0.0037146528723090355
CN,001896,2023-03-27,4.62,4.64,4.55,4.5600000000000005,4.6197,4.6397,4.5497,4.5597,12635552.0,57753970.0,0.9999342105263157,13.2078133,60.227629,15.2578133,69.575629,0.008281364931893615
CN,001896,2023-03-28,4.59,4.6,4.55,4.55,4.5897,4.5997,4.5497,4.5497,5995352.0,27359023.0,0.9999340659340659,13.2078133,60.095551,15.2578133,69.423051,0.003929365160078345
CN,001896,2023-03-29,4.54,4.5600000000000005,4.45,4.45,4.5397,4.5597,4.4497,4.4497,11033158.0,49383412.0,0.9999325842696629,13.2078133,58.774769,15.2578133,67.897269,0.007231152841541193
CN,001896,2023-03-30,4.44,4.78,4.39,4.6899999999999995,4.4397,4.7797,4.3897,4.6897,28474671.0,131404757.0,0.9999360341151388,13.2078133,61.944644,15.2578133,71.559144,0.018662353798758306
CN,001896,2023-03-31,4.64,4.66,4.57,4.65,4.6397,4.6597,4.5697,4.6497,16381275.0,75514321.0,0.9999354838709678,13.2078133,61.416332,15.2578133,70.948832,0.010736318945520195
CN,001896,2023-04-03,4.65,4.65,4.6,4.63,4.6497,4.6497,4.5997,4.6297,8441800.0,39000296.0,0.9999352051835853,13.2078133,61.152176,15.2578133,70.643676,0.005532771855322151
CN,001896,2023-04-04,4.61,4.62,4.54,4.5600000000000005,4.6097,4.6197,4.5397,4.5597,8341900.0,38182303.0,0.9999342105263157,13.2078133,60.227629,15.2578133,69.575629,0.005467297204377248
CN,001896,2023-04-06,4.54,4.54,4.49,4.52,4.5397,4.5397,4.4897,4.5197,6341619.0,28599799.0,0.9999336283185842,13.2078133,59.699316,15.2578133,68.965316,0.004156309213719373
CN,001896,2023-04-07,4.52,4.66,4.52,4.58,4.5197,4.6597,4.5197,4.5797,8033285.0,36968900.0,0.9999344978165938,13.2078133,60.491785,15.2578133,69.880785,0.005265030343502761
CN,001896,2023-04-10,4.59,4.65,4.5600000000000005,4.62,4.5897,4.6497,4.5597,4.6197,11080317.0,51179438.0,0.9999350649350649,13.2078133,61.020097,15.2578133,70.491097,0.007262060940279038
CN,001896,2023-04-11,4.6,4.61,4.52,4.55,4.5997,4.6097,4.5197,4.5497,8891100.0,40472632.0,0.9999340659340659,13.2078133,60.095551,15.2578133,69.423051,0.005827243934096375
CN,001896,2023-04-12,4.55,4.59,4.5,4.53,4.5497,4.5897,4.4997,4.5297,9487095.0,42965426.0,0.999933774834437,13.2078133,59.831394,15.2578133,69.117894,0.006217860196257612
CN,001896,2023-04-13,4.53,4.57,4.51,4.51,4.5297,4.5697,4.5097000000000005,4.5097000000000005,7369500.0,33428552.0,0.9999334811529935,13.2078133,59.567238,15.2578133,68.812738,0.004829984385770404
CN,001896,2023-04-14,4.51,4.59,4.5,4.57,4.5097000000000005,4.5897,4.4997,4.5697,10178700.0,46258985.0,0.9999343544857767,13.2078133,60.359707,15.2578133,69.728207,0.0066711394351640155
CN,001896,2023-04-17,4.55,4.66,4.55,4.64,4.5497,4.6597,4.5497,4.6397,12814808.0,59403645.0,0.9999353448275864,13.2078133,61.284254,15.2578133,70.796254,0.008398849656916434
CN,001896,2023-04-18,4.63,4.63,4.58,4.62,4.6297,4.6297,4.5797,4.6197,7329200.0,33752070.0,0.9999350649350649,13.2078133,61.020097,15.2578133,70.491097,0.00480357168874258
CN,001896,2023-04-19,4.6,4.6,4.54,4.55,4.5997,4.5997,4.5397,4.5497,7272202.0,33213704.0,0.9999340659340659,13.2078133,60.095551,15.2578133,69.423051,0.004766215090598861
CN,001896,2023-04-20,4.55,4.5600000000000005,4.47,4.49,4.5497,4.5597,4.4697,4.4897,7084500.0,31840740.0,0.9999331848552339,13.2078133,59.303082,15.2578133,68.507582,0.004643194841032692
CN,001896,2023-04-21,4.48,4.52,4.4,4.4,4.4797,4.5197,4.3997,4.3997,9160086.0,40676728.0,0.9999318181818181,13.2078133,58.114379,15.2578133,67.134379,0.006003537872625562
CN,001896,2023-04-24,4.4,4.52,4.27,4.41,4.3997,4.5197,4.2697,4.4097,9717952.0,42637662.0,0.9999319727891156,13.2078133,58.246457,15.2578133,67.286957,0.006369164315308538
CN,001896,2023-04-25,4.39,4.43,4.29,4.32,4.3897,4.4297,4.2897,4.3197,7525046.0,32632124.0,0.9999305555555555,13.2078133,57.057753,15.2578133,65.913753,0.004931929531474867
CN,001896,2023-04-26,4.3,4.42,4.29,4.37,4.2997,4.4197,4.2897,4.3697,6834377.0,29879078.0,0.9999313501144165,13.2078133,57.718144,15.2578133,66.676644,0.004479263748757498
CN,001896,2023-04-27,4.36,4.4,4.32,4.34,4.3597,4.3997,4.3197,4.3397,6610200.0,28793880.0,0.9999308755760368,13.2078133,57.32191,15.2578133,66.21891,0.004332337714474459
CN,001896,2023-04-28,4.37,4.44,4.32,4.43,4.3697,4.4397,4.3197,4.4297,7566594.0,33230005.0,0.9999322799097067,13.2078133,58.510613,15.2578133,67.592113,0.004959160170088069
CN,001896,2023-05-04,4.38,4.51,4.37,4.48,4.3797,4.5097000000000005,4.3697,4.4797,9518176.0,42512843.0,0.9999330357142857,13.2078133,59.171004,15.2578133,68.355004,0.006238230743064604
CN,001896,2023-05-05,4.46,4.48,4.38,4.43,4.4597,4.4797,4.3797,4.4297,7291801.0,32248110.0,0.9999322799097067,13.2078133,58.510613,15.2578133,67.592113,0.0047790603126596125
CN,001896,2023-05-08,4.44,4.58,4.44,4.53,4.4397,4.5797,4.4397,4.5297,11669214.0,52905909.0,0.999933774834437,13.2078133,59.831394,15.2578133,69.117894,0.007648025159673438
CN,001896,2023-05-09,4.59,4.62,4.49,4.49,4.5897,4.6197,4.4897,4.4897,10384058.0,47266831.0,0.9999331848552339,13.2078133,59.303082,15.2578133,68.507582,0.006805731460877163
CN,001896,2023-05-10,4.52,4.52,4.47,4.5,4.5197,4.5197,4.4697,4.4997,5716200.0,25651313.0,0.9999333333333333,13.2078133,59.43516,15.2578133,68.66016,0.003746408405718269
CN,001896,2023-05-11,4.51,4.58,4.49,4.5600000000000005,4.5097000000000005,4.5797,4.4897,4.5597,7725967.0,35132005.0,0.9999342105263157,13.2078133,60.227629,15.2578133,69.575629,0.005063613538907308
CN,001896,2023-05-12,4.57,4.6899999999999995,4.53,4.61,4.5697,4.6897,4.5297,4.6097,13319650.0,61571225.0,0.999934924078091,13.2078133,60.888019,15.2578133,70.338519,0.008729724068651436
CN,001896,2023-05-15,4.71,4.84,4.66,4.68,4.7097,4.8397,4.6597,4.6797,30615581.0,145116206.0,0.9999358974358976,13.2078133,61.812566,15.2578133,71.406566,0.02006551030480888
CN,001896,2023-05-16,4.68,4.7,4.6,4.64,4.6797,4.6997,4.5997,4.6397,15409433.0,71524279.0,0.9999353448275864,13.2078133,61.284254,15.2578133,70.796254,0.010099371841179889
CN,001896,2023-05-17,4.63,4.72,4.6,4.7,4.6297,4.7197,4.5997,4.6997,12869007.0,60063389.0,0.9999361702127659,13.2078133,62.076723,15.2578133,71.711723,0.008434371785110256
CN,001896,2023-05-18,4.71,4.74,4.66,4.67,4.7097,4.7397,4.6597,4.6697,10897356.0,51059014.0,0.9999357601713061,13.2078133,61.680488,15.2578133,71.253988,0.007142147951174628
CN,001896,2023-05-19,4.65,4.65,4.6,4.61,4.6497,4.6497,4.5997,4.6097,7748700.0,35831785.0,0.999934924078091,13.2078133,60.888019,15.2578133,70.338519,0.005078512790558264
CN,001896,2023-05-22,4.62,4.79,4.6,4.78,4.6197,4.7897,4.5997,4.7797,24764814.0,117621417.0,0.9999372384937238,13.2078133,63.133348,15.2578133,72.932348,0.01623090643008458
CN,001896,2023-05-23,4.77,4.8,4.67,4.68,4.7697,4.7997,4.6697,4.6797,15772322.0,74571583.0,0.9999358974358976,13.2078133,61.812566,15.2578133,71.406566,0.01033720998539155
CN,001896,2023-05-24,4.65,4.88,4.63,4.8100000000000005,4.6497,4.8796,4.6297,4.8097,34550605.0,166153357.0,0.9999376299376299,13.2078133,63.529582,15.2578133,73.390082,0.022644532555657893
CN,001896,2023-05-25,4.77,4.91,4.76,4.83,4.7697,4.9096,4.7597000000000005,4.8297,28991187.0,140479006.0,0.9999378881987577,13.2078133,63.793738,15.2578133,73.695238,0.01900087937240653
CN,001896,2023-05-26,4.85,4.91,4.74,4.76,4.8496,4.9096,4.7397,4.7597000000000005,21413741.0,102499628.0,0.9999369747899162,13.2078133,62.869191,15.2578133,72.627191,0.014034606780776377
CN,001896,2023-05-29,4.77,4.99,4.75,4.89,4.7697,4.9896,4.7497,4.8896,36885034.0,180193712.0,0.9999182004089979,13.2078133,64.586207,15.2578133,74.610707,0.02417452178419302
CN,001896,2023-05-30,4.86,5.04,4.83,4.97,4.8597,5.0396,4.8297,4.9696,45666920.0,226597497.0,0.9999195171026157,13.2078133,65.642832,15.2578133,75.831332,0.029930186653942082
CN,001896,2023-05-31,4.9399999999999995,4.99,4.87,4.9,4.9396,4.9896,4.8696,4.8995999999999995,24034031.0,117940669.0,0.9999183673469386,13.2078133,64.718285,15.2578133,74.763285,0.0157519498550949
CN,001896,2023-06-01,4.88,4.89,4.77,4.8100000000000005,4.8796,4.8896,4.7697,4.8097,22245697.0,107171640.0,0.9999376299376299,13.2078133,63.529582,15.2578133,73.390082,0.014579872333344124
CN,001896,2023-06-02,4.8,4.92,4.79,4.84,4.7997,4.9196,4.7897,4.8397,18470853.0,89300942.0,0.9999380165289256,13.2078133,63.925816,15.2578133,73.847816,0.012105832360656819
CN,001896,2023-06-05,4.84,4.93,4.8,4.84,4.8397,4.9296,4.7997,4.8397,15697695.0,76466519.0,0.9999380165289256,13.2078133,63.925816,15.2578133,73.847816,0.010288299306952459
CN,001896,2023-06-06,4.82,4.84,4.6,4.63,4.8197,4.8397,4.5997,4.6297,23811463.0,111557545.0,0.9999352051835853,13.2078133,61.152176,15.2578133,70.643676,0.015606078362487237
CN,001896,2023-06-07,4.63,4.63,4.5600000000000005,4.57,4.6297,4.6297,4.5597,4.5697,10075132.0,46234405.0,0.9999343544857767,13.2078133,60.359707,15.2578133,69.728207,0.006603260770008243
CN,001896,2023-06-08,4.59,4.6,4.46,4.52,4.5897,4.5997,4.4597,4.5197,11666431.0,52783193.0,0.9999336283185842,13.2078133,59.699316,15.2578133,68.965316,0.007646201176154122
CN,001896,2023-06-09,4.54,4.64,4.52,4.63,4.5397,4.6397,4.5197,4.6297,12705054.0,58259785.0,0.9999352051835853,13.2078133,61.152176,15.2578133,70.643676,0.008326916675536986
CN,001896,2023-06-12,4.63,4.67,4.5600000000000005,4.57,4.6297,4.6697,4.5597,4.5697,11581200.0,53088294.0,0.9999343544857767,13.2078133,60.359707,15.2578133,69.728207,0.007590340615846964
CN,001896,2023-06-13,4.5600000000000005,4.6,4.49,4.5,4.5597,4.5997,4.4897,4.4997,10969394.0,49670247.0,0.9999333333333333,13.2078133,59.43516,15.2578133,68.66016,0.007189361794065209
CN,001896,2023-06-14,4.52,4.59,4.46,4.5,4.5197,4.5897,4.4597,4.4997,11903554.0,53774959.0,0.9999333333333333,13.2078133,59.43516,15.2578133,68.66016,0.007801612043581632
CN,001896,2023-06-15,4.5,4.55,4.47,4.54,4.4997,4.5497,4.4697,4.5397,8544049.0,38575938.0,0.9999339207048458,13.2078133,59.963472,15.2578133,69.270472,0.0055997860453568405
CN,001896,2023-06-16,4.54,4.5600000000000005,4.51,4.52,4.5397,4.5597,4.5097000000000005,4.5197,7521900.0,34066062.0,0.9999336283185842,13.2078133,59.699316,15.2578133,68.965316,0.004929867637061727
CN,001896,2023-06-19,4.53,4.5600000000000005,4.48,4.54,4.5297,4.5597,4.4797,4.5397,11275603.0,51009100.0,0.9999339207048458,13.2078133,59.963472,15.2578133,69.270472,0.0073900517579409625
CN,001896,2023-06-20,4.54,4.55,4.5,4.51,4.5397,4.5497,4.4997,4.5097000000000005,6652403.0,30016204.0,0.9999334811529935,13.2078133,59.567238,15.2578133,68.812738,0.004359997641339601
CN,001896,2023-06-21,4.5,4.64,4.47,4.51,4.4997,4.6397,4.4697,4.5097000000000005,20511229.0,93862408.0,0.9999334811529935,13.2078133,59.567238,15.2578133,68.812738,0.013443098690950688
CN,001896,2023-06-26,4.51,4.96,4.5,4.96,4.5097000000000005,4.9596,4.4997,4.9596,52264915.0,253451338.0,0.9999193548387096,13.2078133,65.510754,15.2578133,75.678754,0.034254525188088386
CN,001896,2023-06-27,5.09,5.16,4.85,5.02,5.0896,5.1596,4.8496,5.0196,95195255.0,478544043.0,0.9999203187250996,13.2078133,66.303223,15.2578133,76.594223,0.06239115207943985
CN,001896,2023-06-28,5.03,5.3,4.95,5.1,5.0296,5.2996,4.9496,5.0996,84396137.0,434359316.0,0.999921568627451,13.2078133,67.359848,15.2578133,77.814848,0.05531338950123344
CN,001896,2023-06-29,5.02,5.08,4.91,4.92,5.0196,5.0796,4.9096,4.9196,57444543.0,285005647.0,0.9999186991869918,13.2078133,64.982441,15.2578133,75.068441,0.03764926327942419
CN,001896,2023-06-30,4.9,4.98,4.82,4.85,4.8995999999999995,4.9796,4.8197,4.8496,33973190.0,165155475.0,0.9999175257731959,13.2078133,64.057895,15.2578133,74.000395,0.022266093661009734
CN,001896,2023-07-03,4.85,5.02,4.83,4.9399999999999995,4.8496,5.0196,4.8297,4.9396,37661102.0,185264750.0,0.9999190283400812,13.2078133,65.246598,15.2578133,75.373598,0.024683158234738656
CN,001896,2023-07-04,4.91,4.96,4.86,4.96,4.9096,4.9596,4.8597,4.9596,26375190.0,129512638.0,0.9999193548387096,13.2078133,65.510754,15.2578133,75.678754,0.01728634993849348
CN,001896,2023-07-05,4.9399999999999995,5.09,4.93,4.96,4.9396,5.0896,4.9296,4.9596,31299715.0,156157804.0,0.9999193548387096,13.2078133,65.510754,15.2578133,75.678754,0.02051389303603551
CN,001896,2023-07-06,4.93,5.03,4.91,5.01,4.9296,5.0296,4.9096,5.0096,24825480.0,123505064.0,0.9999201596806387,13.2078133,66.171145,15.2578133,76.441645,0.01627066704243917
CN,001896,2023-07-07,4.97,5.15,4.97,5.05,4.9696,5.1496,4.9696,5.0496,38783008.0,196520079.0,0.9999207920792079,13.2078133,66.699457,15.2578133,77.051957,0.02541845757150535
CN,001896,2023-07-10,5.22,5.3,5.03,5.09,5.2196,5.2996,5.0296,5.0896,49261369.0,254043791.0,0.9999214145383104,13.2078133,67.22777,15.2578133,77.66227,0.03228599539882953
CN,001896,2023-07-11,5.05,5.09,4.92,5.03,5.0496,5.0896,4.9196,5.0296,36222601.0,180810525.0,0.9999204771371769,13.2078133,66.435301,15.2578133,76.746801,0.023740361929844824
CN,001896,2023-07-12,4.98,5.04,4.93,4.97,4.9796,5.0396,4.9296,4.9696,25235355.0,125420990.0,0.9999195171026157,13.2078133,65.642832,15.2578133,75.831332,0.016539299900858007
CN,001896,2023-07-13,4.93,4.99,4.9,4.92,4.9296,4.9896,4.8995999999999995,4.9196,18987126.0,93648212.0,0.9999186991869918,13.2078133,64.982441,15.2578133,75.068441,0.012444198671640582
CN,001896,2023-07-14,4.93,4.93,4.83,4.87,4.9296,4.9296,4.8297,4.8696,17279339.0,83991854.0,0.9999178644763861,13.2078133,64.322051,15.2578133,74.305551,0.011324911807644153
CN,001896,2023-07-17,4.83,4.84,4.76,4.8100000000000005,4.8297,4.8397,4.7597000000000005,4.8097,15103638.0,72549875.0,0.9999376299376299,13.2078133,63.529582,15.2578133,73.390082,0.009898953213695438
CN,001896,2023-07-18,4.82,4.82,4.73,4.77,4.8197,4.8197,4.7297,4.7697,12160728.0,57904261.0,0.9999371069182391,13.2078133,63.001269,15.2578133,72.779769,0.007970164374733829
CN,001896,2023-07-19,4.74,4.8,4.74,4.76,4.7397,4.7997,4.7397,4.7597000000000005,9598725.0,45752075.0,0.9999369747899162,13.2078133,62.869191,15.2578133,72.627191,0.006291022711622772
CN,001896,2023-07-20,4.76,4.78,4.67,4.67,4.7597000000000005,4.7797,4.6697,4.6697,13142950.0,61891591.0,0.9999357601713061,13.2078133,61.680488,15.2578133,71.253988,0.008613914550914056
CN,001896,2023-07-21,4.67,4.72,4.67,4.6899999999999995,4.6697,4.7197,4.6697,4.6897,6324000.0,29669245.0,0.9999360341151388,13.2078133,61.944644,15.2578133,71.559144,0.004144761687443115
CN,001896,2023-07-24,4.7,4.72,4.65,4.68,4.6997,4.7197,4.6497,4.6797,7271266.0,34024879.0,0.9999358974358976,13.2078133,61.812566,15.2578133,71.406566,0.004765601634409827
CN,001896,2023-07-25,4.74,4.74,4.66,4.7,4.7397,4.7397,4.6597,4.6997,11039000.0,51750986.0,0.9999361702127659,13.2078133,62.076723,15.2578133,71.711723,0.00723498169950736
CN,001896,2023-07-26,4.7,4.7,4.63,4.65,4.6997,4.6997,4.6297,4.6497,11343302.0,52771982.0,0.9999354838709678,13.2078133,61.416332,15.2578133,70.948832,0.00743442181193815
CN,001896,2023-07-27,4.67,4.73,4.63,4.64,4.6697,4.7297,4.6297,4.6397,10434600.0,48814316.0,0.9999353448275864,13.2078133,61.284254,15.2578133,70.796254,0.006838856784281139
CN,001896,2023-07-28,4.64,4.67,4.57,4.66,4.6397,4.6697,4.5697,4.6597,10902752.0,50408974.0,0.9999356223175965,13.2078133,61.54841,15.2578133,71.10141,0.00714568449988833
CN,001896,2023-07-31,4.66,4.74,4.65,4.74,4.6597,4.7397,4.6497,4.7397,14818068.0,69696186.0,0.9999367088607595,13.2078133,62.605035,15.2578133,72.322035,0.009711790089868251
CN,001896,2023-08-01,4.75,4.83,4.71,4.8100000000000005,4.7497,4.8297,4.7097,4.8097,18003400.0,86136323.0,0.9999376299376299,13.2078133,63.529582,15.2578133,73.390082,0.01179946277098567
CN,001896,2023-08-02,4.77,4.8,4.72,4.79,4.7697,4.7997,4.7197,4.7897,10703225.0,50964264.0,0.9999373695198329,13.2078133,63.265426,15.2578133,73.084926,0.007014914122720325
CN,001896,2023-08-03,4.8,4.83,4.75,4.8,4.7997,4.8297,4.7497,4.7997,8458600.0,40542696.0,0.9999374999999999,13.2078133,63.397504,15.2578133,73.237504,0.005543782607433006
CN,001896,2023-08-04,4.82,4.85,4.75,4.76,4.8197,4.8496,4.7497,4.7597000000000005,9329925.0,44596570.0,0.9999369747899162,13.2078133,62.869191,15.2578133,72.627191,0.006114850677849099
CN,001896,2023-08-07,4.76,4.77,4.72,4.74,4.7597000000000005,4.7697,4.7197,4.7397,7013757.0,33232725.0,0.9999367088607595,13.2078133,62.605035,15.2578133,72.322035,0.004596829743617324
CN,001896,2023-08-08,4.74,4.78,4.67,4.7,4.7397,4.7797,4.6697,4.6997,7986400.0,37605087.0,0.9999361702127659,13.2078133,62.076723,15.2578133,71.711723,0.005234301824888629
CN,001896,2023-08-09,4.68,4.68,4.63,4.63,4.6797,4.6797,4.6297,4.6297,7423000.0,34479297.0,0.9999352051835853,13.2078133,61.152176,15.2578133,70.643676,0.0048650483880281845
CN,001896,2023-08-10,4.64,4.66,4.63,4.64,4.6397,4.6597,4.6297,4.6397,5620583.0,26103893.0,0.9999353448275864,13.2078133,61.284254,15.2578133,70.796254,0.0036837408411597226
CN,001896,2023-08-11,4.64,4.65,4.55,4.58,4.6397,4.6497,4.5497,4.5797,10150000.0,46598231.0,0.9999344978165938,13.2078133,60.491785,15.2578133,69.880785,0.006652329400307972
CN,001896,2023-08-14,4.55,4.64,4.51,4.63,4.5497,4.6397,4.5097000000000005,4.6297,6404400.0,29325796.0,0.9999352051835853,13.2078133,61.152176,15.2578133,70.643676,0.00419745600111649
CN,001896,2023-08-15,4.64,4.64,4.57,4.59,4.6397,4.6397,4.5697,4.5897,4970998.0,22899342.0,0.9999346405228757,13.2078133,60.623863,15.2578133,70.033363,0.0032580015905686825
CN,001896,2023-08-16,4.61,4.61,4.54,4.55,4.6097,4.6097,4.5397,4.5497,4899800.0,22370189.0,0.9999340659340659,13.2078133,60.095551,15.2578133,69.423051,0.0032113382852836454
CN,001896,2023-08-17,4.5600000000000005,4.57,4.48,4.5600000000000005,4.5597,4.5697,4.4797,4.5597,5207500.0,23573767.0,0.9999342105263157,13.2078133,60.227629,15.2578133,69.575629,0.003413005453409238
CN,001896,2023-08-18,4.58,4.61,4.54,4.54,4.5797,4.6097,4.5397,4.5397,5481664.0,25040489.0,0.9999339207048458,13.2078133,59.963472,15.2578133,69.270472,0.003592693063035448
CN,001896,2023-08-21,4.52,4.57,4.47,4.47,4.5197,4.5697,4.4697,4.4697,6153900.0,27773139.0,0.9999328859060402,13.2078133,59.038925,15.2578133,68.202425,0.0040332778223207124
CN,001896,2023-08-22,4.5,4.51,4.37,4.43,4.4997,4.5097000000000005,4.3697,4.4297,9655083.0,42744624.0,0.9999322799097067,13.2078133,58.510613,15.2578133,67.592113,0.006327959852543221
CN,001896,2023-08-23,4.43,4.47,4.35,4.36,4.4297,4.4697,4.3497,4.3597,5553364.0,24414579.0,0.9999311926605504,13.2078133,57.586066,15.2578133,66.524066,0.0036396853800799885
CN,001896,2023-08-24,4.36,4.4,4.3,4.32,4.3597,4.3997,4.2997,4.3197,6647400.0,28822256.0,0.9999305555555555,13.2078133,57.057753,15.2578133,65.913753,0.0043567186655770656
CN,001896,2023-08-25,4.32,4.4,4.27,4.3,4.3197,4.3997,4.2697,4.2997,8215864.0,35666714.0,0.9999302325581395,13.2078133,56.793597,15.2578133,65.608597,0.00538469296907703
CN,001896,2023-08-28,4.48,4.54,4.33,4.34,4.4797,4.5397,4.3297,4.3397,10014996.0,44181881.0,0.9999308755760368,13.2078133,57.32191,15.2578133,66.21891,0.006563847520666674
CN,001896,2023-08-29,4.34,4.4,4.32,4.39,4.3397,4.3997,4.3197,4.3897,9180333.0,40130575.0,0.9999316628701597,13.2078133,57.9823,15.2578133,66.9818,0.0060168077951248755
CN,001896,2023-08-30,4.41,4.41,4.29,4.31,4.4097,4.4097,4.2897,4.3097,11590433.0,50286536.0,0.9999303944315547,13.2078133,56.925675,15.2578133,65.761175,0.007596391941694555
CN,001896,2023-08-31,4.32,4.74,4.23,4.74,4.3197,4.7397,4.2297,4.7397,57655107.0,268125856.0,0.9999367088607595,13.2078133,62.605035,15.2578133,72.322035,0.037787267327487876
CN,001896,2023-09-01,4.67,4.7,4.45,4.47,4.6697,4.6997,4.4497,4.4697,49454611.0,224171555.0,0.9999328859060402,13.2078133,59.038925,15.2578133,68.202425,0.03241264657498463
CN,001896,2023-09-04,4.45,4.52,4.4,4.5,4.4497,4.5197,4.3997,4.4997,24316536.0,108465144.0,0.9999333333333333,13.2078133,59.43516,15.2578133,68.66016,0.015937104172063767
CN,001896,2023-09-05,4.5,4.95,4.47,4.95,4.4997,4.9496,4.4697,4.9496,84643771.0,405796954.0,0.9999191919191919,13.2078133,65.378676,15.2578133,75.526176,0.05547568929815126
CN,001896,2023-09-06,4.95,5.04,4.78,4.8,4.9496,5.0396,4.7797,4.7997,87310305.0,426712229.0,0.9999374999999999,13.2078133,63.397504,15.2578133,73.237504,0.05722334077845873
CN,001896,2023-09-07,4.76,4.8,4.62,4.64,4.7597000000000005,4.7997,4.6197,4.6397,44126116.0,206707120.0,0.9999353448275864,13.2078133,61.284254,15.2578133,70.796254,0.028920340767310346
CN,001896,2023-09-08,4.62,4.95,4.61,4.84,4.6197,4.9496,4.6097,4.8397,74684230.0,360161115.0,0.9999380165289256,13.2078133,63.925816,15.2578133,73.847816,0.04894818709047908
CN,001896,2023-09-11,4.75,5.14,4.72,4.85,4.7497,5.1396,4.7197,4.8496,72469654.0,355717703.0,0.9999175257731959,13.2078133,64.057895,15.2578133,74.000395,0.04749674974722623
CN,001896,2023-09-12,4.85,5.07,4.77,4.8,4.8496,5.0696,4.7697,4.7997,57579965.0,280947402.0,0.9999374999999999,13.2078133,63.397504,15.2578133,73.237504,0.03773801911706443
CN,001896,2023-09-13,4.79,4.89,4.7,4.78,4.7897,4.8896,4.6997,4.7797,42309200.0,202451709.0,0.9999372384937238,13.2078133,63.133348,15.2578133,72.932348,0.02772953054812907
CN,001896,2023-09-14,4.82,4.96,4.77,4.93,4.8197,4.9596,4.7697,4.9296,55101881.0,269367091.0,0.9999188640973631,13.2078133,65.11452,15.2578133,75.22102,0.03611387812695283
CN,001896,2023-09-15,4.85,4.89,4.67,4.72,4.8496,4.8896,4.6697,4.7197,39837816.0,188908793.0,0.999936440677966,13.2078133,62.340879,15.2578133,72.016879,0.02610978075082358
CN,001896,2023-09-18,4.72,4.73,4.61,4.6899999999999995,4.7197,4.7297,4.6097,4.6897,22334554.0,104137012.0,0.9999360341151388,13.2078133,61.944644,15.2578133,71.559144,0.014638109380981874
CN,001896,2023-09-19,4.7,4.71,4.59,4.6,4.6997,4.7097,4.5897,4.5997,22667807.0,104941353.0,0.9999347826086958,13.2078133,60.755941,15.2578133,70.185941,0.014856524034148458
CN,001896,2023-09-20,4.5600000000000005,4.59,4.5,4.5,4.5597,4.5897,4.4997,4.4997,20213749.0,91722238.0,0.9999333333333333,13.2078133,59.43516,15.2578133,68.66016,0.0132481297303592
CN,001896,2023-09-21,4.5,4.54,4.47,4.48,4.4997,4.5397,4.4697,4.4797,11414228.0,51345236.0,0.9999330357142857,13.2078133,59.171004,15.2578133,68.355004,0.007480906847903297
CN,001896,2023-09-22,4.48,4.52,4.45,4.51,4.4797,4.5197,4.4497,4.5097000000000005,12723800.0,57092201.0,0.9999334811529935,13.2078133,59.567238,15.2578133,68.812738,0.008339202839767348
CN,001896,2023-09-25,4.48,4.49,4.43,4.45,4.4797,4.4897,4.4297,4.4497,12494200.0,55675214.0,0.9999325842696629,13.2078133,58.774769,15.2578133,67.897269,0.008188722560919001
CN,001896,2023-09-26,4.5,4.57,4.43,4.43,4.4997,4.5697,4.4297,4.4297,14841915.0,66462511.0,0.9999322799097067,13.2078133,58.510613,15.2578133,67.592113,0.009727419459248463
CN,001896,2023-09-27,4.41,4.5,4.41,4.43,4.4097,4.4997,4.4097,4.4297,15462315.0,68820990.0,0.9999322799097067,13.2078133,58.510613,15.2578133,67.592113,0.010134030805056449
CN,001896,2023-09-28,4.46,4.51,4.46,4.49,4.4597,4.5097000000000005,4.4597,4.4897,11414855.0,51204743.0,0.9999331848552339,13.2078133,59.303082,15.2578133,68.507582,0.0074813177849017195
CN,001896,2023-10-09,4.49,4.51,4.43,4.46,4.4897,4.5097000000000005,4.4297,4.4597,8419400.0,37596140.0,0.9999327354260089,13.2078133,58.906847,15.2578133,68.049847,0.005518090852507679
CN,001896,2023-10-10,4.49,4.5,4.4,4.41,4.4897,4.4997,4.3997,4.4097,11144800.0,49505147.0,0.9999319727891156,13.2078133,58.246457,15.2578133,67.286957,0.007304323221729289
CN,001896,2023-10-11,4.41,4.44,4.33,4.35,4.4097,4.4397,4.3297,4.3497,12279100.0,53700010.0,0.9999310344827588,13.2078133,57.453988,15.2578133,66.371488,0.00804774560978538
CN,001896,2023-10-12,4.36,4.43,4.36,4.42,4.3597,4.4297,4.3597,4.4197,8256971.0,36295180.0,0.9999321266968325,13.2078133,58.378535,15.2578133,67.439535,0.005411634575447322
CN,001896,2023-10-13,4.42,4.44,4.36,4.37,4.4197,4.4397,4.3597,4.3697,8766609.0,38512121.0,0.9999313501144165,13.2078133,57.718144,15.2578133,66.676644,0.005745652294749209
CN,001896,2023-10-16,4.38,4.41,4.34,4.37,4.3797,4.4097,4.3397,4.3697,7291750.0,31866434.0,0.9999313501144165,13.2078133,57.718144,15.2578133,66.676644,0.004779026887162133
CN,001896,2023-10-17,4.38,4.42,4.34,4.37,4.3797,4.4197,4.3397,4.3697,9277700.0,40551270.0,0.9999313501144165,13.2078133,57.718144,15.2578133,66.676644,0.006080622313028303
CN,001896,2023-10-18,4.35,4.37,4.27,4.28,4.3497,4.3697,4.2697,4.2797,9759503.0,42017733.0,0.999929906542056,13.2078133,56.529441,15.2578133,65.303441,0.006396396920127474
CN,001896,2023-10-19,4.28,4.32,4.23,4.23,4.2797,4.3197,4.2297,4.2297,8836571.0,37678124.0,0.9999290780141844,13.2078133,55.86905,15.2578133,64.54055,0.005791505523271805
CN,001896,2023-10-20,4.23,4.29,4.19,4.24,4.2297,4.2897,4.1897,4.2397,7763182.0,32990839.0,0.9999292452830189,13.2078133,56.001128,15.2578133,64.693128,0.005088004321038586
CN,001896,2023-10-23,4.22,4.23,4.07,4.1,4.2197,4.2297,4.0697,4.0997,11406811.0,47193625.0,0.9999268292682929,13.2078133,54.152035,15.2578133,62.557035,0.007476045731926737
CN,001896,2023-10-24,4.13,4.19,4.09,4.16,4.1297,4.1897,4.0897,4.1597,7989505.0,33119030.0,0.9999278846153846,13.2078133,54.944503,15.2578133,63.472503,0.005236336847823404
CN,001896,2023-10-25,4.17,4.27,4.17,4.24,4.1697,4.2697,4.1697,4.2397,9090260.0,38431728.0,0.9999292452830189,13.2078133,56.001128,15.2578133,64.693128,0.005957773778762911
CN,001896,2023-10-26,4.25,4.66,4.18,4.66,4.2497,4.6597,4.1797,4.6597,59691448.0,273217382.0,0.9999356223175965,13.2078133,61.54841,15.2578133,71.10141,0.03912188911106941
CN,001896,2023-10-27,4.63,5.07,4.6,4.88,4.6297,5.0696,4.5997,4.8796,106646984.0,515012950.0,0.9999180327868853,13.2078133,64.454129,15.2578133,74.458129,0.06989663715442107
CN,001896,2023-10-30,4.79,4.93,4.72,4.88,4.7897,4.9296,4.7197,4.8796,53442665.0,259630523.0,0.9999180327868853,13.2078133,64.454129,15.2578133,74.458129,0.035026424789193086
CN,001896,2023-10-31,4.89,4.92,4.84,4.85,4.8896,4.9196,4.8397,4.8496,23686270.0,115279938.0,0.9999175257731959,13.2078133,64.057895,15.2578133,74.000395,0.015524026630998297
CN,001896,2023-11-01,4.83,4.84,4.77,4.79,4.8297,4.8397,4.7697,4.7897,19312914.0,92631588.0,0.9999373695198329,13.2078133,63.265426,15.2578133,73.084926,0.01265772074953886
CN,001896,2023-11-02,4.78,4.79,4.63,4.65,4.7797,4.7897,4.6297,4.6497,24029236.0,112751146.0,0.9999354838709678,13.2078133,61.416332,15.2578133,70.948832,0.015748807202929923
CN,001896,2023-11-03,4.65,5.03,4.65,4.77,4.6497,5.0296,4.6497,4.7697,43117716.0,209334182.0,0.9999371069182391,13.2078133,63.001269,15.2578133,72.779769,0.028259433479894527
CN,001896,2023-11-06,4.79,4.85,4.75,4.8100000000000005,4.7897,4.8496,4.7497,4.8097,23196025.0,111252063.0,0.9999376299376299,13.2078133,63.529582,15.2578133,73.390082,0.015202719120963422
CN,001896,2023-11-07,4.77,4.82,4.6899999999999995,4.76,4.7697,4.8197,4.6897,4.7597000000000005,24452200.0,116538825.0,0.9999369747899162,13.2078133,62.869191,15.2578133,72.627191,0.01602601861696656
CN,001896,2023-11-08,4.82,4.84,4.74,4.76,4.8197,4.8397,4.7397,4.7597000000000005,16151800.0,77124982.0,0.9999369747899162,13.2078133,62.869191,15.2578133,72.627191,0.010585920591910769
CN,001896,2023-11-09,4.76,4.97,4.72,4.86,4.7597000000000005,4.9696,4.7197,4.8597,42455594.0,206298540.0,0.9999382716049382,13.2078133,64.189973,15.2578133,74.152973,0.027825477455540763
CN,001896,2023-11-10,4.82,5.06,4.8,4.92,4.8197,5.0596,4.7997,4.9196,58359879.0,287431135.0,0.9999186991869918,13.2078133,64.982441,15.2578133,75.068441,0.03824917624336116
CN,001896,2023-11-13,4.98,5.11,4.9,4.92,4.9796,5.1096,4.8995999999999995,4.9196,75300827.0,375709899.0,0.9999186991869918,13.2078133,64.982441,15.2578133,75.068441,0.04935230594281816
CN,001896,2023-11-14,4.85,4.96,4.82,4.89,4.8496,4.9596,4.8197,4.8896,42500623.0,207445049.0,0.9999182004089979,13.2078133,64.586207,15.2578133,74.610707,0.02785498954820741
CN,001896,2023-11-15,4.9,4.93,4.83,4.91,4.8995999999999995,4.9296,4.8297,4.9096,22966588.0,112155291.0,0.999918533604888,13.2078133,64.850363,15.2578133,74.915863,0.015052345672626628
CN,001896,2023-11-16,4.91,4.91,4.82,4.83,4.9096,4.9096,4.8197,4.8297,17315192.0,84131310.0,0.9999378881987577,13.2078133,63.793738,15.2578133,73.695238,0.011348409932372157
CN,001896,2023-11-17,4.82,4.86,4.73,4.75,4.8197,4.8597,4.7297,4.7497,30593511.0,146274730.0,0.9999368421052631,13.2078133,62.737113,15.2578133,72.474613,0.020051045584625157
CN,001896,2023-11-20,4.72,4.78,4.64,4.66,4.7197,4.7797,4.6397,4.6597,29674129.0,139334114.0,0.9999356223175965,13.2078133,61.54841,15.2578133,71.10141,0.019448480864554817
CN,001896,2023-11-21,4.66,4.68,4.6,4.61,4.6597,4.6797,4.5997,4.6097,19984500.0,92882803.0,0.999934924078091,13.2078133,60.888019,15.2578133,70.338519,0.013097879497581741
CN,001896,2023-11-22,4.61,4.66,4.57,4.57,4.6097,4.6597,4.5697,4.5697,15641122.0,72061384.0,0.9999343544857767,13.2078133,60.359707,15.2578133,69.728207,0.010251221254621067
CN,001896,2023-11-23,4.58,4.61,4.55,4.58,4.5797,4.6097,4.5497,4.5797,14839400.0,68008351.0,0.9999344978165938,13.2078133,60.491785,15.2578133,69.880785,0.009725771123441392
CN,001896,2023-11-24,4.61,4.63,4.53,4.53,4.6097,4.6297,4.5297,4.5297,14239433.0,64978682.0,0.999933774834437,13.2078133,59.831394,15.2578133,69.117894,0.009332551604888231
CN,001896,2023-11-27,4.53,4.5600000000000005,4.48,4.53,4.5297,4.5597,4.4797,4.5297,12583060.0,56825891.0,0.999933774834437,13.2078133,59.831394,15.2578133,69.117894,0.008246961574762486
CN,001896,2023-11-28,4.53,4.57,4.48,4.54,4.5297,4.5697,4.4797,4.5397,13953638.0,63176737.0,0.9999339207048458,13.2078133,59.963472,15.2578133,69.270472,0.009145241015630988
CN,001896,2023-11-29,4.53,4.55,4.47,4.48,4.5297,4.5497,4.4697,4.4797,10733700.0,48256812.0,0.9999330357142857,13.2078133,59.171004,15.2578133,68.355004,0.007034887495969032
CN,001896,2023-11-30,4.46,4.51,4.45,4.48,4.4597,4.5097000000000005,4.4497,4.4797,8749331.0,39198566.0,0.9999330357142857,13.2078133,59.171004,15.2578133,68.355004,0.005734328260524724
CN,001896,2023-12-01,4.49,4.54,4.47,4.52,4.4897,4.5397,4.4697,4.5197,10801300.0,48714910.0,0.9999336283185842,13.2078133,59.699316,15.2578133,68.965316,0.007079192665176995
CN,001896,2023-12-04,4.5,4.54,4.47,4.51,4.4997,4.5397,4.4697,4.5097000000000005,10717274.0,48274945.0,0.9999334811529935,13.2078133,59.567238,15.2578133,68.812738,0.007024121864173027
CN,001896,2023-12-05,4.51,4.54,4.44,4.44,4.5097000000000005,4.5397,4.4397,4.4397,13372495.0,59989526.0,0.9999324324324323,13.2078133,58.642691,15.2578133,67.744691,0.008764358782657276
CN,001896,2023-12-06,4.43,4.49,4.41,4.45,4.4297,4.4897,4.4097,4.4497,10821250.0,48256916.0,0.9999325842696629,13.2078133,58.774769,15.2578133,67.897269,0.0070922679333086346
CN,001896,2023-12-07,4.46,4.49,4.42,4.44,4.4597,4.4897,4.4197,4.4397,9609400.0,42827030.0,0.9999324324324323,13.2078133,58.642691,15.2578133,67.744691,0.006298019127026545
CN,001896,2023-12-08,4.44,4.54,4.41,4.41,4.4397,4.5397,4.4097,4.4097,13270600.0,59183012.0,0.9999319727891156,13.2078133,58.246457,15.2578133,67.286957,0.008697576604899209
CN,001896,2023-12-11,4.4,4.46,4.34,4.46,4.3997,4.4597,4.3397,4.4597,13903344.0,61511159.0,0.9999327354260089,13.2078133,58.906847,15.2578133,68.049847,0.00911227823190103
CN,001896,2023-12-12,4.45,4.61,4.45,4.55,4.4497,4.6097,4.4497,4.5497,25565130.0,116158994.0,0.9999340659340659,13.2078133,60.095551,15.2578133,69.423051,0.016755435066176882
CN,001896,2023-12-13,4.55,4.64,4.52,4.57,4.5497,4.6397,4.5197,4.5697,19392602.0,88968747.0,0.9999343544857767,13.2078133,60.359707,15.2578133,69.728207,0.012709948417051347
CN,001896,2023-12-14,4.58,4.7,4.54,4.66,4.5797,4.6997,4.5397,4.6597,42098894.0,195267197.0,0.9999356223175965,13.2078133,61.54841,15.2578133,71.10141,0.02759169559375851
CN,001896,2023-12-15,4.62,4.65,4.54,4.57,4.6197,4.6497,4.5397,4.5697,28653900.0,131489511.0,0.9999343544857767,13.2078133,60.359707,15.2578133,69.728207,0.018779820827929516
CN,001896,2023-12-18,4.55,4.5600000000000005,4.42,4.44,4.5497,4.5597,4.4197,4.4397,19691400.0,87977625.0,0.9999324324324323,13.2078133,58.642691,15.2578133,67.744691,0.01290578119736201
CN,001896,2023-12-19,4.44,4.45,4.33,4.37,4.4397,4.4497,4.3297,4.3697,13828287.0,60510730.0,0.9999313501144165,13.2078133,57.718144,15.2578133,66.676644,0.009063085730640052
CN,001896,2023-12-20,4.38,4.45,4.36,4.37,4.3797,4.4497,4.3597,4.3697,13976069.0,61630637.0,0.9999313501144165,13.2078133,57.718144,15.2578133,66.676644,0.009159942335904713
CN,001896,2023-12-21,4.34,4.39,4.28,4.35,4.3397,4.3897,4.2797,4.3497,11765382.0,50999460.0,0.9999310344827588,13.2078133,57.453988,15.2578133,66.371488,0.007711053850685144
CN,001896,2023-12-22,4.35,4.35,4.27,4.28,4.3497,4.3497,4.2697,4.2797,13327700.0,57270272.0,0.999929906542056,13.2078133,56.529441,15.2578133,65.303441,0.008735000054037888
CN,001896,2023-12-25,4.27,4.28,4.23,4.26,4.2697,4.2797,4.2297,4.2597,7718600.0,32796910.0,0.9999295774647887,13.2078133,56.265285,15.2578133,64.998285,0.005058785193026317
CN,001896,2023-12-26,4.25,4.3,4.22,4.23,4.2497,4.2997,4.2197,4.2297,7828001.0,33299669.0,0.9999290780141844,13.2078133,55.86905,15.2578133,64.54055,0.005130486817531055
CN,001896,2023-12-27,4.22,4.28,4.21,4.25,4.2197,4.2797,4.2097,4.2497,8418696.0,35741456.0,0.9999294117647058,13.2078133,56.133207,15.2578133,64.845707,0.005517629449562081
CN,001896,2023-12-28,4.24,4.36,4.23,4.34,4.2397,4.3597,4.2297,4.3397,14163800.0,61089924.0,0.9999308755760368,13.2078133,57.32191,15.2578133,66.21891,0.00928298159212631
CN,001896,2023-12-29,4.35,4.38,4.32,4.37,4.3497,4.3797,4.3197,4.3697,10274362.0,44740745.0,0.9999313501144165,13.2078133,57.718144,15.2578133,66.676644,0.0067338364928085735
CN,001896,2024-01-02,4.34,4.47,4.3,4.42,4.3397,4.4697,4.2997,4.4197,15435700.0,68117106.0,0.9999321266968325,13.2078133,58.378535,15.2578133,67.439535,0.010116587283185593
CN,001896,2024-01-03,4.41,4.47,4.4,4.46,4.4097,4.4697,4.3997,4.4597,12847001.0,57012655.0,0.9999327354260089,13.2078133,58.906847,15.2578133,68.049847,0.008419949010648858
CN,001896,2024-01-04,4.47,4.51,4.43,4.47,4.4697,4.5097000000000005,4.4297,4.4697,12799999.0,57202294.0,0.9999328859060402,13.2078133,59.038925,15.2578133,68.202425,0.008389143810011098
CN,001896,2024-01-05,4.45,4.53,4.39,4.41,4.4497,4.5297,4.3897,4.4097,14650867.0,65416646.0,0.9999319727891156,13.2078133,58.246457,15.2578133,67.286957,0.009602206234886883
CN,001896,2024-01-08,4.44,4.44,4.31,4.31,4.4397,4.4397,4.3097,4.3097,10036900.0,43773811.0,0.9999303944315547,13.2078133,56.925675,15.2578133,65.761175,0.006578203444133112
CN,001896,2024-01-09,4.35,4.38,4.3,4.32,4.3497,4.3797,4.2997,4.3197,7753896.0,33579850.0,0.9999305555555555,13.2078133,57.057753,15.2578133,65.913753,0.005081918258889693
CN,001896,2024-01-10,4.32,4.35,4.24,4.31,4.3197,4.3497,4.2397,4.3097,9118337.0,39257482.0,0.9999303944315547,13.2078133,56.925675,15.2578133,65.761175,0.005976175498228177
CN,001896,2024-01-11,4.32,4.41,4.29,4.35,4.3197,4.4097,4.2897,4.3497,12186704.0,52850085.0,0.9999310344827588,13.2078133,57.453988,15.2578133,66.371488,0.007987189094783326
CN,001896,2024-01-12,4.31,4.63,4.31,4.48,4.3097,4.6297,4.3097,4.4797,37325535.0,167382884.0,0.9999330357142857,13.2078133,59.171004,15.2578133,68.355004,0.024463226981549183
CN,001896,2024-01-15,4.48,4.51,4.3,4.33,4.4797,4.5097000000000005,4.2997,4.3297,27884834.0,121921092.0,0.9999307159353348,13.2078133,57.189832,15.2578133,66.066332,0.018275773501567227
CN,001896,2024-01-16,4.36,4.37,4.2,4.28,4.3597,4.3697,4.1997,4.2797,23758002.0,101490299.0,0.999929906542056,13.2078133,56.529441,15.2578133,65.303441,0.015571039920904
CN,001896,2024-01-17,4.28,4.29,4.15,4.16,4.2797,4.2897,4.1497,4.1597,13898300.0,58659910.0,0.9999278846153846,13.2078133,54.944503,15.2578133,63.472503,0.009108972384660127
CN,001896,2024-01-18,4.11,4.14,3.95,4.07,4.1097,4.1397,3.9497,4.0697,21823244.0,87954372.0,0.9999262899262898,13.2078133,53.7558,15.2578133,62.0993,0.014302995829684192
CN,001896,2024-01-19,4.06,4.1,4.01,4.02,4.0597,4.0997,4.0097,4.0197,9944134.0,40223899.0,0.9999253731343285,13.2078133,53.095409,15.2578133,61.336409,0.006517404430423854
CN,001896,2024-01-22,4.0,4.06,3.77,3.8,3.9997,4.0597,3.7697000000000003,3.7997,15207800.0,59493322.0,0.999921052631579,13.2078133,50.189691,15.2578133,57.979691,0.00996722118758656
CN,001896,2024-01-23,3.83,3.85,3.73,3.81,3.8297,3.8497,3.7297000000000002,3.8097,12666166.0,48002114.0,0.9999212598425197,13.2078133,50.321769,15.2578133,58.132269,0.008301429406008002
CN,001896,2024-01-24,3.82,3.91,3.74,3.91,3.8197,3.9097,3.7397,3.9097,11839933.0,45421731.0,0.999923273657289,13.2078133,51.64255,15.2578133,59.65805,0.007759914718578972
CN,001896,2024-01-25,3.96,4.06,3.92,4.06,3.9596999999999998,4.0597,3.9196999999999997,4.0597,13983318.0,55981009.0,0.9999261083743844,13.2078133,53.623722,15.2578133,61.946722,0.009164693344360165
CN,001896,2024-01-26,4.06,4.13,4.02,4.09,4.0597,4.1297,4.0197,4.0897,12391800.0,50774623.0,0.9999266503667481,13.2078133,54.019956,15.2578133,62.404456,0.008121609405195697
CN,001896,2024-01-29,4.11,4.15,4.02,4.03,4.1097,4.1497,4.0197,4.0297,12461124.0,50827902.0,0.9999255583126551,13.2078133,53.227488,15.2578133,61.488988,0.008167044487298845
CN,001896,2024-01-30,4.02,4.12,3.98,4.0,4.0197,4.1197,3.9797000000000002,3.9997,12052600.0,48828097.0,0.999925,13.2078133,52.831253,15.2578133,61.031253,0.007899297076862252
CN,001896,2024-01-31,4.05,4.23,3.89,3.89,4.0497,4.2297,3.8897,3.8897,26231200.0,106507851.0,0.9999228791773779,13.2078133,51.378394,15.2578133,59.352894,0.0171919786172767
CN,001896,2024-02-01,3.79,3.89,3.7199999999999998,3.75,3.7897,3.8897,3.7197,3.7497,21789900.0,82830380.0,0.9999199999999999,13.2078133,49.5293,15.2578133,57.2168,0.014281142108351791
CN,001896,2024-02-02,3.75,3.82,3.41,3.54,3.7497,3.8197,3.4098,3.5397,24717000.0,89509362.0,0.9999152542372881,13.2078133,46.755659,15.2578133,54.012659,0.016199569043094792
CN,001896,2024-02-05,3.51,3.5300000000000002,3.19,3.19,3.5097,3.5297,3.1898,3.1898,26885301.0,87805611.0,0.9999373040752351,13.2078133,42.132924,15.2578133,48.672424,0.01762067766289944
CN,001896,2024-02-06,3.01,3.3,2.93,3.18,3.0098,3.2998,2.9298,3.1798,27975991.0,86096467.0,0.999937106918239,13.2078133,42.000846,15.2578133,48.519846,0.018335517973601105
CN,001896,2024-02-07,3.18,3.23,2.9699999999999998,3.01,3.1798,3.2298,2.9698,3.0098,31218323.0,94881198.0,0.9999335548172757,13.2078133,39.755518,15.2578133,45.926018,0.020460548563666067
CN,001896,2024-02-08,3.04,3.17,2.95,3.16,3.0398,3.1698,2.9497999999999998,3.1598,27109086.0,83546522.0,0.9999367088607595,13.2078133,41.73669,15.2578133,48.21469,0.017767346779633226
CN,001896,2024-02-19,3.2,3.48,3.2,3.48,3.1998,3.4797000000000002,3.1998,3.4797000000000002,33678171.0,115282477.0,0.9999137931034483,13.2078133,45.96319,15.2578133,53.09719,0.0220727376445221
CN,001896,2024-02-20,3.48,3.49,3.35,3.41,3.4797000000000002,3.4897,3.3498,3.4098,26341998.0,89610589.0,0.9999413489736071,13.2078133,45.038643,15.2578133,52.029143,0.017264595838251604
CN,001896,2024-02-21,3.4,3.55,3.35,3.45,3.3998,3.5497,3.3498,3.4497999999999998,20144723.0,69914624.0,0.9999420289855071,13.2078133,45.566956,15.2578133,52.639456,0.013202889958025637
CN,001896,2024-02-22,3.45,3.52,3.42,3.52,3.4497999999999998,3.5197000000000003,3.4198,3.5197000000000003,16387081.0,57149994.0,0.9999147727272728,13.2078133,46.491503,15.2578133,53.707503,0.010740124209017553
CN,001896,2024-02-23,3.52,3.87,3.5,3.87,3.5197000000000003,3.8697,3.4997,3.8697,27214858.0,100052519.0,0.999922480620155,13.2078133,51.114237,15.2578133,59.047737,0.01783666995060164
CN,001896,2024-02-26,3.79,3.83,3.68,3.7800000000000002,3.7897,3.8297,3.6797,3.7797,44341100.0,166528748.0,0.9999206349206349,13.2078133,49.925534,15.2578133,57.674534,0.029061241691822247
CN,001896,2024-02-27,3.73,3.8,3.68,3.8,3.7297000000000002,3.7997,3.6797,3.7997,26980700.0,101396333.0,0.999921052631579,13.2078133,50.189691,15.2578133,57.979691,0.01768320234984131
CN,001896,2024-02-28,3.86,3.87,3.57,3.57,3.8597,3.8697,3.5697,3.5697,39225830.0,146985996.0,0.9999159663865547,13.2078133,47.151893,15.2578133,54.470393,0.02570868395669778
CN,001896,2024-02-29,3.52,3.69,3.52,3.69,3.5197000000000003,3.6897,3.5197000000000003,3.6897,23538665.0,85447478.0,0.9999186991869919,13.2078133,48.736831,15.2578133,56.301331,0.015427286031871946
CN,001896,2024-03-01,3.74,3.83,3.69,3.74,3.7397,3.8297,3.6897,3.7397,21963835.0,82075607.0,0.9999197860962566,13.2078133,49.397222,15.2578133,57.064222,0.01439513943980426
CN,001896,2024-03-04,3.73,3.76,3.62,3.7199999999999998,3.7297000000000002,3.7597,3.6197,3.7197,19163288.0,70646346.0,0.9999193548387098,13.2078133,49.133065,15.2578133,56.759065,0.012559655583149651
CN,001896,2024-03-05,3.7,3.73,3.63,3.66,3.6997,3.7297000000000002,3.6297,3.6597,11680647.0,42961152.0,0.9999180327868852,13.2078133,48.340597,15.2578133,55.843597,0.007655518369726021
CN,001896,2024-03-06,3.69,3.84,3.68,3.74,3.6897,3.8397,3.6797,3.7397,28419801.0,106729945.0,0.9999197860962566,13.2078133,49.397222,15.2578133,57.064222,0.01862639189588196
CN,001896,2024-03-07,3.7800000000000002,3.96,3.7800000000000002,3.84,3.7797,3.9596999999999998,3.7797,3.8397,47227558.0,183091503.0,0.9999218750000001,13.2078133,50.718003,15.2578133,58.590003,0.03095303178208374
CN,001896,2024-03-08,3.9,4.18,3.83,4.08,3.8997,4.1797,3.8297,4.0797,62120883.0,249149046.0,0.9999264705882352,13.2078133,53.887878,15.2578133,62.251878,0.04071414545359524
CN,001896,2024-03-11,4.49,4.49,4.31,4.49,4.4897,4.4897,4.3097,4.4897,32424641.0,145109702.0,0.9999331848552339,13.2078133,59.303082,15.2578133,68.507582,0.021251171686574512
CN,001896,2024-03-12,4.9399999999999995,4.9399999999999995,4.51,4.54,4.9396,4.9396,4.5097000000000005,4.5397,136655007.0,652851448.0,0.9999339207048458,13.2078133,59.963472,15.2578133,69.270472,0.08956395278476766
CN,001896,2024-03-13,4.35,4.9,4.35,4.63,4.3497,4.8995999999999995,4.3497,4.6297,103718175.0,486536773.0,0.9999352051835853,13.2078133,61.152176,15.2578133,70.643676,0.06797709013781156
CN,001896,2024-03-14,4.51,4.55,4.28,4.36,4.5097000000000005,4.5497,4.2797,4.3597,71609980.0,314601165.0,0.9999311926605504,13.2078133,57.586066,15.2578133,66.524066,0.0469333177644794
CN,001896,2024-03-15,4.35,4.48,4.33,4.4,4.3497,4.4797,4.3297,4.3997,40972860.0,180230549.0,0.9999318181818181,13.2078133,58.114379,15.2578133,67.134379,0.026853690757901724
CN,001896,2024-03-18,4.4,4.84,4.4,4.84,4.3997,4.8397,4.3997,4.8397,69641851.0,332675473.0,0.9999380165289256,13.2078133,63.925816,15.2578133,73.847816,0.045643402256075584
CN,001896,2024-03-19,4.96,5.11,4.77,4.8100000000000005,4.9596,5.1096,4.7697,4.8097,114974974.0,564655743.0,0.9999376299376299,13.2078133,63.529582,15.2578133,73.390082,0.0753548177182113
CN,001896,2024-03-20,4.76,4.89,4.64,4.72,4.7597000000000005,4.8896,4.6397,4.7197,60572366.0,285462647.0,0.999936440677966,13.2078133,62.340879,15.2578133,72.016879,0.03969924445202118
CN,001896,2024-03-21,4.74,4.76,4.64,4.6899999999999995,4.7397,4.7597000000000005,4.6397,4.6897,41483546.0,194812459.0,0.9999360341151388,13.2078133,61.944644,15.2578133,71.559144,0.027188395338406716
CN,001896,2024-03-22,4.73,5.15,4.72,4.92,4.7297,5.1496,4.7197,4.9196,104042158.0,513820362.0,0.9999186991869918,13.2078133,64.982441,15.2578133,75.068441,0.06818942921525983
CN,001896,2024-03-25,5.05,5.41,4.95,5.41,5.0496,5.4096,4.9496,5.4096,84604886.0,451103334.0,0.9999260628465804,13.2078133,71.45427,15.2578133,82.54477,0.055450203994828015
CN,001896,2024-03-26,5.41,5.85,5.29,5.74,5.4096,5.8496,5.2896,5.7396,169584998.0,953266848.0,0.9999303135888502,13.2078133,75.812848,15.2578133,87.579848,0.11114633182724815
CN,001896,2024-03-27,5.23,5.4,5.17,5.17,5.2296,5.3996,5.1696,5.1696,79390552.0,414464729.0,0.9999226305609284,13.2078133,68.284395,15.2578133,78.882895,0.05203271952475654
CN,001896,2024-03-28,4.73,5.02,4.65,4.91,4.7297,5.0196,4.6497,4.9096,107837198.0,520345761.0,0.999918533604888,13.2078133,64.850363,15.2578133,74.915863,0.07067670568494896
CN,001896,2024-03-29,4.83,5.12,4.75,4.83,4.8297,5.1196,4.7497,4.8297,69140834.0,339673566.0,0.9999378881987577,13.2078133,63.793738,15.2578133,73.695238,0.04531503475665153
CN,001896,2024-04-01,4.83,4.92,4.75,4.8100000000000005,4.8297,4.9196,4.7497,4.8097,58807251.0,283265705.0,0.9999376299376299,13.2078133,63.529582,15.2578133,73.390082,0.038542384707250285
CN,001896,2024-04-02,4.78,4.86,4.65,4.71,4.7797,4.8597,4.6497,4.7097,56278394.0,266693726.0,0.999936305732484,13.2078133,62.208801,15.2578133,71.864301,0.03688496699589318
CN,001896,2024-04-03,4.6899999999999995,4.6899999999999995,4.52,4.6,4.6897,4.6897,4.5197,4.5997,43053863.0,197474908.0,0.9999347826086958,13.2078133,60.755941,15.2578133,70.185941,0.028217584101648433
CN,001896,2024-04-08,4.6,5.06,4.53,5.06,4.5997,5.0596,4.5297,5.0596,103573284.0,502247966.0,0.9999209486166007,13.2078133,66.831535,15.2578133,77.204535,0.06788212829947264
CN,001896,2024-04-09,5.07,5.43,4.88,4.96,5.0696,5.4296,4.8796,4.9596,118856153.0,601821879.0,0.9999193548387096,13.2078133,65.510754,15.2578133,75.678754,0.07789854985314311
CN,001896,2024-04-10,4.9,5.27,4.86,5.07,4.8995999999999995,5.2696,4.8597,5.0696,100252173.0,510798091.0,0.9999211045364892,13.2078133,66.963613,15.2578133,77.357113,0.06570546580223262
CN,001896,2024-04-11,4.93,4.96,4.78,4.84,4.9296,4.9596,4.7797,4.8397,68005430.0,331908900.0,0.9999380165289256,13.2078133,63.925816,15.2578133,73.847816,0.0445708888048853
CN,001896,2024-04-12,4.8,5.0,4.7,4.73,4.7997,4.9996,4.6997,4.7297,60065426.0,288849499.0,0.999936575052854,13.2078133,62.472957,15.2578133,72.169457,0.03936699500707615
CN,001896,2024-04-15,4.6,4.74,4.43,4.5,4.5997,4.7397,4.4297,4.4997,57137667.0,260557757.0,0.9999333333333333,13.2078133,59.43516,15.2578133,68.66016,0.037448136162473555
CN,001896,2024-04-16,4.43,4.5600000000000005,4.09,4.13,4.4297,4.5597,4.0897,4.1297,51471913.0,217905728.0,0.9999273607748184,13.2078133,54.548269,15.2578133,63.014769,0.033734790161575774
CN,001896,2024-04-17,4.16,4.36,4.16,4.33,4.1597,4.3597,4.1597,4.3297,36041101.0,155286851.0,0.9999307159353348,13.2078133,57.189832,15.2578133,66.066332,0.02362140648293291
CN,001896,2024-04-18,4.34,4.39,4.18,4.19,4.3397,4.3897,4.1797,4.1897,40479100.0,172549878.0,0.9999284009546539,13.2078133,55.340738,15.2578133,63.930238,0.026530079510148418
CN,001896,2024-04-19,4.15,4.26,4.05,4.09,4.1497,4.2597,4.0497,4.0897,31540774.0,130546214.0,0.9999266503667481,13.2078133,54.019956,15.2578133,62.404456,0.020671883565386136
CN,001896,2024-04-22,4.08,4.09,3.93,3.95,4.0797,4.0897,3.9297,3.9497,29253043.0,116888469.0,0.9999240506329113,13.2078133,52.170863,15.2578133,60.268363,0.019172500295307718
CN,001896,2024-04-23,3.93,4.0,3.91,3.93,3.9297,3.9997,3.9097,3.9297,19006755.0,75121629.0,0.9999236641221374,13.2078133,51.906706,15.2578133,59.963206,0.012457063555758674
CN,001896,2024-04-24,3.95,4.07,3.94,4.04,3.9497,4.0697,3.9397,4.0397,28080562.0,112711985.0,0.9999257425742574,13.2078133,53.359566,15.2578133,61.641566,0.018404054006873973
CN,001896,2024-04-25,4.06,4.08,3.98,4.04,4.0597,4.0797,3.9797000000000002,4.0397,22499518.0,91004776.0,0.9999257425742574,13.2078133,53.359566,15.2578133,61.641566,0.014746227101887529
CN,001896,2024-04-26,4.01,4.16,4.0,4.16,4.0097,4.1597,3.9997,4.1597,28751575.0,117821151.0,0.9999278846153846,13.2078133,54.944503,15.2578133,63.472503,0.018843837209621645
CN,001896,2024-04-29,4.2,4.35,4.18,4.34,4.1997,4.3497,4.1797,4.3397,29278275.0,124924821.0,0.9999308755760368,13.2078133,57.32191,15.2578133,66.21891,0.01918903739633516
CN,001896,2024-04-30,4.4,4.44,4.25,4.29,4.3997,4.4397,4.2497,4.2897,28465425.0,123060409.0,0.9999300699300698,13.2078133,56.661519,15.2578133,65.456019,0.01865629395268587
CN,001896,2024-05-06,4.3,4.47,4.29,4.44,4.2997,4.4697,4.2897,4.4397,32765100.0,143563699.0,0.9999324324324323,13.2078133,58.642691,15.2578133,67.744691,0.02147430916591436
CN,001896,2024-05-07,4.44,4.47,4.36,4.41,4.4397,4.4697,4.3597,4.4097,25668901.0,112901202.0,0.9999319727891156,13.2078133,58.246457,15.2578133,67.286957,0.01682344677792066
CN,001896,2024-05-08,4.4,4.62,4.37,4.52,4.3997,4.6197,4.3697,4.5197,61730999.0,278946724.0,0.9999336283185842,13.2078133,59.699316,15.2578133,68.965316,0.04045861473478641
CN,001896,2024-05-09,4.47,4.62,4.43,4.53,4.4697,4.6197,4.4297,4.5297,43813029.0,198191543.0,0.999933774834437,13.2078133,59.831394,15.2578133,69.117894,0.028715142949088255
CN,001896,2024-05-10,4.49,4.68,4.49,4.64,4.4897,4.6797,4.4897,4.6397,57788925.0,266228294.0,0.9999353448275864,13.2078133,61.284254,15.2578133,70.796254,0.0378749719004623
CN,001896,2024-05-13,4.64,4.9399999999999995,4.54,4.74,4.6397,4.9396,4.5397,4.7397,68964192.0,327028713.0,0.9999367088607595,13.2078133,62.605035,15.2578133,72.322035,0.04519926325222501
CN,001896,2024-05-14,4.64,4.75,4.55,4.63,4.6397,4.7497,4.5497,4.6297,50559071.0,234843848.0,0.9999352051835853,13.2078133,61.152176,15.2578133,70.643676,0.03313651177000573
CN,001896,2024-05-15,4.61,4.66,4.46,4.48,4.6097,4.6597,4.4597,4.4797,45135795.0,204357180.0,0.9999330357142857,13.2078133,59.171004,15.2578133,68.355004,0.029582086313770795
CN,001896,2024-05-16,4.48,4.57,4.43,4.45,4.4797,4.5697,4.4297,4.4497,24986800.0,112211975.0,0.9999325842696629,13.2078133,58.774769,15.2578133,67.897269,0.016376396478779826
CN,001896,2024-05-17,4.45,4.55,4.45,4.53,4.4497,4.5497,4.4497,4.5297,25336000.0,114374567.0,0.999933774834437,13.2078133,59.831394,15.2578133,69.117894,0.016605262826226874
CN,001896,2024-05-20,4.5,4.65,4.46,4.61,4.4997,4.6497,4.4597,4.6097,34578154.0,158378895.0,0.999934924078091,13.2078133,60.888019,15.2578133,70.338519,0.022662588222913962
CN,001896,2024-05-21,4.6,4.6,4.48,4.53,4.5997,4.5997,4.4797,4.5297,20279267.0,91669390.0,0.999933774834437,13.2078133,59.831394,15.2578133,69.117894,0.013291070352787709
CN,001896,2024-05-22,4.5,4.59,4.49,4.52,4.4997,4.5897,4.4897,4.5197,18582900.0,84237090.0,0.9999336283185842,13.2078133,59.699316,15.2578133,68.965316,0.012179268178619015
CN,001896,2024-05-23,4.5,4.5,4.33,4.33,4.4997,4.4997,4.3297,4.3297,29975600.0,131432727.0,0.9999307159353348,13.2078133,57.189832,15.2578133,66.066332,0.019646065534174546
CN,001896,2024-05-24,4.33,4.75,4.33,4.58,4.3297,4.7497,4.3297,4.5797,69141038.0,317050813.0,0.9999344978165938,13.2078133,60.491785,15.2578133,69.880785,0.04531516845864145
CN,001896,2024-05-27,4.59,4.63,4.48,4.55,4.5897,4.6297,4.4797,4.5497,46231227.0,210366674.0,0.9999340659340659,13.2078133,60.095551,15.2578133,69.423051,0.03030003454033613
CN,001896,2024-05-28,4.5,4.88,4.5,4.82,4.4997,4.8796,4.4997,4.8197,85676051.0,404880108.0,0.9999377593360995,13.2078133,63.66166,15.2578133,73.54266,0.056152247583210364
CN,001896,2024-05-29,4.73,4.74,4.58,4.73,4.7297,4.7397,4.5797,4.7297,61770874.0,288207574.0,0.999936575052854,13.2078133,62.472957,15.2578133,72.169457,0.040484748886001905
CN,001896,2024-05-30,4.68,4.72,4.41,4.46,4.6797,4.7197,4.4097,4.4597,56279448.0,254680925.0,0.9999327354260089,13.2078133,58.906847,15.2578133,68.049847,0.03688565778950775
CN,001896,2024-05-31,4.39,4.43,4.27,4.33,4.3897,4.4297,4.2697,4.3297,38073551.0,165291480.0,0.9999307159353348,13.2078133,57.189832,15.2578133,66.066332,0.02495347809767734
CN,001896,2024-06-03,4.34,4.35,4.15,4.18,4.3397,4.3497,4.1497,4.1797,30338800.0,127568644.0,0.9999282296650719,13.2078133,55.20866,15.2578133,63.77766,0.01988410750838064
CN,001896,2024-06-04,4.16,4.26,4.11,4.24,4.1597,4.2597,4.1097,4.2397,25980900.0,108905120.0,0.9999292452830189,13.2078133,56.001128,15.2578133,64.693128,0.01702793151886319
CN,001896,2024-06-05,4.21,4.23,4.11,4.11,4.2097,4.2297,4.1097,4.1097,18892800.0,78468550.0,0.99992700729927,13.2078133,54.284113,15.2578133,62.709613,0.012382377230949601
CN,001896,2024-06-06,4.13,4.16,3.98,3.99,4.1297,4.1597,3.9797000000000002,3.9897,25574402.0,103886354.0,0.9999248120300751,13.2078133,52.699175,15.2578133,60.878675,0.016761511952699013
CN,001896,2024-06-07,4.02,4.15,4.01,4.13,4.0197,4.1497,4.0097,4.1297,19745401.0,80274087.0,0.9999273607748184,13.2078133,54.548269,15.2578133,63.014769,0.012941173555977382
CN,001896,2024-06-11,4.1,4.31,4.1,4.26,4.0997,4.3097,4.0997,4.2597,28668184.0,120876850.0,0.9999295774647887,13.2078133,56.265285,15.2578133,64.998285,0.018789182588831388
CN,001896,2024-06-12,4.22,4.3,4.18,4.26,4.2197,4.2997,4.1797,4.2597,24700084.0,104753834.0,0.9999295774647887,13.2078133,56.265285,15.2578133,64.998285,0.01618848226436222
CN,001896,2024-06-13,4.25,4.39,4.2,4.35,4.2497,4.3897,4.1997,4.3497,31983302.0,137888882.0,0.9999310344827588,13.2078133,57.453988,15.2578133,66.371488,0.020961917262416627
CN,001896,2024-06-14,4.55,4.79,4.47,4.79,4.5497,4.7897,4.4697,4.7897,84610321.0,400095024.0,0.9999373695198329,13.2078133,63.265426,15.2578133,73.084926,0.055453766104216255
CN,001896,2024-06-17,4.71,4.85,4.59,4.64,4.7097,4.8496,4.5897,4.6397,102966800.0,482359621.0,0.9999353448275864,13.2078133,61.284254,15.2578133,70.796254,0.06748463752666314
CN,001896,2024-06-18,4.62,4.66,4.55,4.65,4.6197,4.6597,4.5497,4.6497,57067933.0,262390239.0,0.9999354838709678,13.2078133,61.416332,15.2578133,70.948832,0.037402432365586755
CN,001896,2024-06-19,4.59,4.61,4.49,4.5,4.5897,4.6097,4.4897,4.4997,41231319.0,186803927.0,0.9999333333333333,13.2078133,59.43516,15.2578133,68.66016,0.02702308528051002
CN,001896,2024-06-20,4.51,4.54,4.3,4.3,4.5097000000000005,4.5397,4.2997,4.2997,42067169.0,185103386.0,0.9999302325581395,13.2078133,56.793597,15.2578133,65.608597,0.027570902968120602
CN,001896,2024-06-21,4.3,4.38,4.24,4.29,4.2997,4.3797,4.2397,4.2897,23345953.0,100672047.0,0.9999300699300698,13.2078133,56.661519,15.2578133,65.456019,0.015300982218729862
CN,001896,2024-06-24,4.29,4.35,4.13,4.16,4.2897,4.3497,4.1297,4.1597,27774701.0,117566275.0,0.9999278846153846,13.2078133,54.944503,15.2578133,63.472503,0.018203592122863373
CN,001896,2024-06-25,4.19,4.19,4.11,4.16,4.19,4.19,4.11,4.16,18246883.0,75734189.0,1.0,13.2078133,54.944503,15.2578133,63.472503,0.011959041994569432
CN,001896,2024-06-26,4.14,4.23,4.11,4.22,4.1397,4.2297,4.1097,4.2197,19024400.0,79503878.0,0.9999289099526066,13.2078133,55.736972,15.2578133,64.387972,0.012468628122484629
CN,001896,2024-06-27,4.18,4.28,4.17,4.24,4.1797,4.2797,4.1697,4.2397,19473300.0,82345011.0,0.9999292452830189,13.2078133,56.001128,15.2578133,64.693128,0.012762838040494308
CN,001896,2024-06-28,4.2,4.36,4.2,4.32,4.1997,4.3597,4.1997,4.3197,26639900.0,114374142.0,0.9999305555555555,13.2078133,57.057753,15.2578133,65.913753,0.01745984137844969
CN,001896,2024-07-01,4.3,4.43,4.27,4.42,4.2997,4.4297,4.2697,4.4197,25750015.0,112720195.0,0.9999321266968325,13.2078133,58.378535,15.2578133,67.439535,0.016876609048558748
CN,001896,2024-07-02,4.4,4.4,4.31,4.34,4.3997,4.3997,4.3097,4.3397,19976315.0,86779479.0,0.9999308755760368,13.2078133,57.32191,15.2578133,66.21891,0.013092515032937256
CN,001896,2024-07-03,4.33,4.33,4.19,4.2,4.3297,4.3297,4.1897,4.1997,21765500.0,91963887.0,0.9999285714285714,13.2078133,55.472816,15.2578133,64.082816,0.014265150301714597
CN,001896,2024-07-04,4.18,4.24,4.12,4.15,4.1797,4.2397,4.1197,4.1497,14997953.0,62657271.0,0.9999277108433734,13.2078133,54.812425,15.2578133,63.319925,0.009829687062693316
CN,001896,2024-07-05,4.15,4.19,4.08,4.18,4.1497,4.1897,4.0797,4.1797,11103153.0,45957742.0,0.9999282296650719,13.2078133,55.20866,15.2578133,63.77766,0.0072770276983268635
CN,001896,2024-07-08,4.18,4.21,4.07,4.07,4.1797,4.2097,4.0697,4.0697,11542300.0,47520799.0,0.9999262899262898,13.2078133,53.7558,15.2578133,62.0993,0.007564845481495045
CN,001896,2024-07-09,4.06,4.14,4.01,4.14,4.0597,4.1397,4.0097,4.1397,14759311.0,60355552.0,0.9999275362318842,13.2078133,54.680347,15.2578133,63.167347,0.009673280639762449
CN,001896,2024-07-10,4.12,4.14,4.06,4.07,4.1197,4.1397,4.0597,4.0697,10380400.0,42423116.0,0.9999262899262898,13.2078133,53.7558,15.2578133,62.0993,0.006803334000685406
CN,001896,2024-07-11,4.09,4.13,4.07,4.11,4.0897,4.1297,4.0697,4.1097,17411502.0,71323035.0,0.99992700729927,13.2078133,54.284113,15.2578133,62.709613,0.011411531690455277
CN,001896,2024-07-12,4.09,4.13,4.03,4.04,4.0897,4.1297,4.0297,4.0397,14029400.0,57197692.0,0.9999257425742574,13.2078133,53.359566,15.2578133,61.641566,0.009194895575239474
CN,001896,2024-07-15,4.03,4.03,3.84,3.88,4.0297,4.0297,3.8397,3.8797,23014500.0,90287823.0,0.9999226804123712,13.2078133,51.246316,15.2578133,59.200316,0.015083747289003727
CN,001896,2024-07-16,3.9,3.94,3.87,3.9,3.8997,3.9397,3.8697,3.8997,10102700.0,39391065.0,0.999923076923077,13.2078133,51.510472,15.2578133,59.505472,0.0066213288899006255
CN,001896,2024-07-17,3.9,3.92,3.73,3.76,3.8997,3.9196999999999997,3.7297000000000002,3.7597,18181000.0,68895189.0,0.9999202127659576,13.2078133,49.661378,15.2578133,57.369378,0.011915862150443275
CN,001896,2024-07-18,3.7,3.75,3.64,3.73,3.6997,3.7497,3.6397,3.7297000000000002,14176600.0,52330666.0,0.9999195710455765,13.2078133,49.265144,15.2578133,56.911644,0.009291370736591724
CN,001896,2024-07-19,3.7,3.7800000000000002,3.69,3.75,3.6997,3.7797,3.6897,3.7497,8853600.0,33219036.0,0.9999199999999999,13.2078133,49.5293,15.2578133,57.2168,0.005802666362420361
CN,001896,2024-07-22,3.75,3.7800000000000002,3.73,3.76,3.7497,3.7797,3.7297000000000002,3.7597,8709600.0,32742508.0,0.9999202127659576,13.2078133,49.661378,15.2578133,57.369378,0.005708288487184464
CN,001896,2024-07-23,3.79,3.82,3.75,3.76,3.7897,3.8197,3.7497,3.7597,12166802.0,46128217.0,0.9999202127659576,13.2078133,49.661378,15.2578133,57.369378,0.007974145285943432
CN,001896,2024-07-24,3.76,3.77,3.64,3.65,3.7597,3.7697000000000003,3.6397,3.6497,13452400.0,49726858.0,0.9999178082191782,13.2078133,48.208519,15.2578133,55.691019,0.008816728672384528
CN,001896,2024-07-25,3.63,3.69,3.59,3.64,3.6297,3.6897,3.5897,3.6397,10918500.0,39747516.0,0.9999175824175823,13.2078133,48.07644,15.2578133,55.53844,0.007156005769188433
CN,001896,2024-07-26,3.66,3.73,3.65,3.7,3.6597,3.7297000000000002,3.6497,3.6997,8585401.0,31673402.0,0.9999189189189188,13.2078133,48.868909,15.2578133,56.453909,0.005626888225195415
CN,001896,2024-07-29,3.7,3.7,3.65,3.68,3.6997,3.6997,3.6497,3.6797,6724000.0,24679204.0,0.9999184782608695,13.2078133,48.604753,15.2578133,56.148753,0.004406922451987271
CN,001896,2024-07-30,3.67,3.76,3.64,3.73,3.6696999999999997,3.7597,3.6397,3.7297000000000002,11123309.0,41251119.0,0.9999195710455765,13.2078133,49.265144,15.2578133,56.911644,0.007290237979252243
CN,001896,2024-07-31,3.7199999999999998,3.84,3.7,3.83,3.7197,3.8397,3.6997,3.8297,13918701.0,52700278.0,0.9999216710182767,13.2078133,50.585925,15.2578133,58.437425,0.00912234323905379
CN,001896,2024-08-01,3.82,3.85,3.7800000000000002,3.79,3.8197,3.8497,3.7797,3.7897,10862600.0,41411432.0,0.9999208443271768,13.2078133,50.057612,15.2578133,57.827112,0.007119368802343387
CN,001896,2024-08-02,3.77,3.82,3.74,3.74,3.7697000000000003,3.8197,3.7397,3.7397,9159535.0,34617965.0,0.9999197860962566,13.2078133,49.397222,15.2578133,57.064222,0.006003176746172402
CN,001896,2024-08-05,3.7,3.77,3.64,3.65,3.6997,3.7697000000000003,3.6397,3.6497,11745535.0,43458332.0,0.9999178082191782,13.2078133,48.208519,15.2578133,55.691019,0.007698046088950374
CN,001896,2024-08-06,3.7,3.7199999999999998,3.65,3.69,3.6997,3.7197,3.6497,3.6897,9397515.0,34609085.0,0.9999186991869919,13.2078133,48.736831,15.2578133,56.301331,0.006159149293037948
CN,001896,2024-08-07,3.7,3.83,3.69,3.8,3.6997,3.8297,3.6897,3.7997,17574230.0,66254710.0,0.999921052631579,13.2078133,50.189691,15.2578133,57.979691,0.01151818393268713
CN,001896,2024-08-08,3.77,3.77,3.68,3.7199999999999998,3.7697000000000003,3.7697000000000003,3.6797,3.7197,11302000.0,42016347.0,0.9999193548387098,13.2078133,49.133065,15.2578133,56.759065,0.0074073524021951425
CN,001896,2024-08-09,3.7199999999999998,3.76,3.7,3.7199999999999998,3.7197,3.7597,3.6997,3.7197,7782100.0,29009752.0,0.9999193548387098,13.2078133,49.133065,15.2578133,56.759065,0.005100403214397702
CN,001896,2024-08-12,3.7800000000000002,3.79,3.68,3.69,3.7797,3.7897,3.6797,3.6897,8364300.0,31254893.0,0.9999186991869919,13.2078133,48.736831,15.2578133,56.301331,0.0054819782071917214
CN,001896,2024-08-13,3.67,3.69,3.62,3.69,3.6696999999999997,3.6897,3.6197,3.6897,8875350.0,32421434.0,0.9999186991869919,13.2078133,48.736831,15.2578133,56.301331,0.005816921353992449
CN,001896,2024-08-14,3.68,3.74,3.67,3.69,3.6797,3.7397,3.6696999999999997,3.6897,7117400.0,26337025.0,0.9999186991869919,13.2078133,48.736831,15.2578133,56.301331,0.004664757563916449
CN,001896,2024-08-15,3.68,3.75,3.66,3.7199999999999998,3.6797,3.7497,3.6597,3.7197,9969000.0,36982253.0,0.9999193548387098,13.2078133,49.133065,15.2578133,56.759065,0.0065337016543517415
CN,001896,2024-08-16,3.73,3.74,3.65,3.65,3.7297000000000002,3.7397,3.6497,3.6497,9737100.0,35764297.0,0.9999178082191782,13.2078133,48.208519,15.2578133,55.691019,0.0063817139511072665
CN,001896,2024-08-19,3.64,3.65,3.61,3.62,3.6397,3.6497,3.6097,3.6197,7837800.0,28389319.0,0.9999171270718231,13.2078133,47.812284,15.2578133,55.233284,0.005136909100860476
CN,001896,2024-08-20,3.61,3.63,3.52,3.5300000000000002,3.6097,3.6297,3.5197000000000003,3.5297,8217353.0,29161860.0,0.999915014164306,13.2078133,46.623581,15.2578133,53.860081,0.005385668862523046
CN,001896,2024-08-21,3.5300000000000002,3.56,3.5,3.55,3.5297,3.5597,3.4997,3.5497,4381900.0,15506946.0,0.9999154929577465,13.2078133,46.887737,15.2578133,54.165237,0.0028719056353900987
CN,001896,2024-08-22,3.57,3.61,3.52,3.52,3.5697,3.6097,3.5197000000000003,3.5197000000000003,7797800.0,27775637.0,0.9999147727272728,13.2078133,46.491503,15.2578133,53.707503,0.005110693024406059
CN,001896,2024-08-23,3.55,3.58,3.5,3.52,3.5497,3.5797,3.4997,3.5197000000000003,6488700.0,22896532.0,0.9999147727272728,13.2078133,46.491503,15.2578133,53.707503,0.004252706382244171
CN,001896,2024-08-26,3.5,3.58,3.5,3.57,3.4997,3.5797,3.4997,3.5697,6380317.0,22617352.0,0.9999159663865547,13.2078133,47.151893,15.2578133,54.470393,0.004181671956885198
CN,001896,2024-08-27,3.57,3.57,3.45,3.46,3.5697,3.5697,3.4497999999999998,3.4598,7317217.0,25535909.0,0.999942196531792,13.2078133,45.699034,15.2578133,52.792034,0.004795718007638748
CN,001896,2024-08-28,3.45,3.56,3.43,3.51,3.4497999999999998,3.5597,3.4298,3.5097,8634700.0,30379876.0,0.99991452991453,13.2078133,46.359425,15.2578133,53.554925,0.005659198884023571
CN,001896,2024-08-29,3.51,3.5300000000000002,3.4699999999999998,3.52,3.5097,3.5297,3.4697,3.5197000000000003,6720022.0,23550559.0,0.9999147727272728,13.2078133,46.491503,15.2578133,53.707503,0.00440431526318388
CN,001896,2024-08-30,3.52,3.58,3.51,3.54,3.5197000000000003,3.5797,3.5097,3.5397,10738800.0,38136538.0,0.9999152542372881,13.2078133,46.755659,15.2578133,54.012659,0.0070382300457169705
CN,001896,2024-09-02,3.52,3.58,3.49,3.49,3.5197000000000003,3.5797,3.4897,3.4897,7848100.0,27777450.0,0.9999140401146132,13.2078133,46.095268,15.2578133,53.249768,0.005143659740547487
CN,001896,2024-09-03,3.4699999999999998,3.52,3.4699999999999998,3.5,3.4697,3.5197000000000003,3.4697,3.4997,6384100.0,22288202.0,0.9999142857142856,13.2078133,46.227347,15.2578133,53.402347,0.004184151342315874
CN,001896,2024-09-04,3.48,3.5,3.44,3.45,3.4797000000000002,3.4997,3.4398,3.4497999999999998,6338700.0,21976391.0,0.9999420289855071,13.2078133,45.566956,15.2578133,52.639456,0.004154396095540113
CN,001896,2024-09-05,3.45,3.48,3.43,3.45,3.4497999999999998,3.4797000000000002,3.4298,3.4497999999999998,7168200.0,24736663.0,0.9999420289855071,13.2078133,45.566956,15.2578133,52.639456,0.004698051981013557
CN,001896,2024-09-06,3.45,3.46,3.37,3.37,3.4497999999999998,3.4598,3.3698,3.3698,8211855.0,27961168.0,0.9999406528189911,13.2078133,44.510331,15.2578133,51.418831,0.005382065462814387
CN,001896,2024-09-09,3.36,3.4,3.34,3.39,3.3598,3.3998,3.3398,3.3898,6231216.0,21038184.0,0.9999410029498526,13.2078133,44.774487,15.2578133,51.723987,0.004083950876499452
CN,001896,2024-09-10,3.4,3.44,3.36,3.43,3.3998,3.4398,3.3598,3.4298,8910200.0,30304747.0,0.9999416909620992,13.2078133,45.3028,15.2578133,52.3343,0.005839762110603359
CN,001896,2024-09-11,3.4,3.43,3.33,3.35,3.3998,3.4298,3.3298,3.3498,8013600.0,27017732.0,0.9999402985074627,13.2078133,44.246175,15.2578133,51.113675,0.005252128756877632
CN,001896,2024-09-12,3.35,3.51,3.34,3.4,3.3498,3.5097,3.3398,3.3998,14031900.0,48316476.0,0.9999411764705882,13.2078133,44.906565,15.2578133,51.876565,0.009196534080017875
CN,001896,2024-09-13,3.41,3.43,3.37,3.38,3.4098,3.4298,3.3698,3.3798,7795400.0,26494596.0,0.9999408284023669,13.2078133,44.642409,15.2578133,51.571409,0.005109120059818795
CN,001896,2024-09-18,3.38,3.41,3.31,3.38,3.3798,3.4098,3.3098,3.3798,8245700.0,27611943.0,0.9999408284023669,13.2078133,44.642409,15.2578133,51.571409,0.005404247540504379
CN,001896,2024-09-19,3.38,3.51,3.38,3.48,3.3798,3.5097,3.3798,3.4797000000000002,16110000.0,55952241.0,0.9999137931034483,13.2078133,45.96319,15.2578133,53.09719,0.010558524792015904
CN,001896,2024-09-20,3.48,3.5,3.44,3.4699999999999998,3.4797000000000002,3.4997,3.4398,3.4697,7671300.0,26557661.0,0.999913544668588,13.2078133,45.831112,15.2578133,52.944612,0.0050277846826189704
CN,001896,2024-09-23,3.48,3.52,3.44,3.5,3.4797000000000002,3.5197000000000003,3.4398,3.4997,7514200.0,26213153.0,0.9999142857142856,13.2078133,46.227347,15.2578133,53.402347,0.0049248210423442525
CN,001896,2024-09-24,3.5,3.59,3.5,3.59,3.4997,3.5897,3.4997,3.5897,15663000.0,55533997.0,0.99991643454039,13.2078133,47.41605,15.2578133,54.77555,0.010265560137637809
CN,001896,2024-09-25,3.59,3.7199999999999998,3.59,3.63,3.5897,3.7197,3.5897,3.6297,20468819.0,74990811.0,0.9999173553719009,13.2078133,47.944362,15.2578133,55.385862,0.013415303095889893
CN,001896,2024-09-26,3.64,3.7,3.6,3.7,3.6397,3.6997,3.5997,3.6997,16029278.0,58614734.0,0.9999189189189188,13.2078133,48.868909,15.2578133,56.453909,0.01050561943892707
CN,001896,2024-09-27,3.74,3.88,3.73,3.82,3.7397,3.8797,3.7297000000000002,3.8197,25526201.0,96718307.0,0.9999214659685864,13.2078133,50.453847,15.2578133,58.284847,0.016729920925169534
CN,001896,2024-09-30,3.95,4.16,3.88,4.14,3.9497,4.1597,3.8797,4.1397,48224648.0,194857854.0,0.9999275362318842,13.2078133,54.680347,15.2578133,63.167347,0.031606526473882075
CN,001896,2024-10-08,4.55,4.55,4.06,4.24,4.5497,4.5497,4.0597,4.2397,61619271.0,264271713.0,0.9999292452830189,13.2078133,56.001128,15.2578133,64.693128,0.04038538799003393
CN,001896,2024-10-09,4.19,4.19,3.85,3.86,4.1897,4.1897,3.8497,3.8597,38707001.0,154830287.0,0.9999222797927462,13.2078133,50.982159,15.2578133,58.895159,0.02536864243842858
CN,001896,2024-10-10,3.91,4.06,3.86,3.98,3.9097,4.0597,3.8597,3.9797000000000002,27608905.0,109831997.0,0.999924623115578,13.2078133,52.567097,15.2578133,60.726097,0.018094929107567465
CN,001896,2024-10-11,4.02,4.03,3.82,3.85,4.0197,4.0297,3.8197,3.8497,19895500.0,77542177.0,0.9999220779220779,13.2078133,50.850081,15.2578133,58.742581,0.013039548727470665
CN,001896,2024-10-14,3.86,3.94,3.82,3.92,3.8597,3.9397,3.8197,3.9196999999999997,16843000.0,65509433.0,0.999923469387755,13.2078133,51.774628,15.2578133,59.810628,0.01103893439304307
CN,001896,2024-10-15,3.91,3.94,3.85,3.88,3.9097,3.9397,3.8497,3.8797,13932800.0,54324677.0,0.9999226804123712,13.2078133,51.246316,15.2578133,59.200316,0.00913158375060206
CN,001896,2024-10-16,3.83,3.9699999999999998,3.82,3.92,3.8297,3.9697,3.8197,3.9196999999999997,14500300.0,56707762.0,0.999923469387755,13.2078133,51.774628,15.2578133,59.810628,0.009503524335299083
CN,001896,2024-10-17,3.93,3.95,3.84,3.85,3.9297,3.9497,3.8397,3.8497,14588770.0,56654384.0,0.9999220779220779,13.2078133,50.850081,15.2578133,58.742581,0.009561507742397135
CN,001896,2024-10-18,3.89,3.93,3.79,3.89,3.8897,3.9297,3.7897,3.8897,22040869.0,85005985.0,0.9999228791773779,13.2078133,51.378394,15.2578133,59.352894,0.014445627670643998
CN,001896,2024-10-21,3.89,3.92,3.85,3.87,3.8897,3.9196999999999997,3.8497,3.8697,20471100.0,79569151.0,0.999922480620155,13.2078133,51.114237,15.2578133,59.047737,0.013416798067649708
CN,001896,2024-10-22,3.88,4.03,3.85,4.0,3.8797,4.0297,3.8497,3.9997,31212401.0,124288545.0,0.999925,13.2078133,52.831253,15.2578133,61.031253,0.02045666727354699
CN,001896,2024-10-23,4.0,4.06,3.9699999999999998,4.0,3.9997,4.0597,3.9697,3.9997,26471920.0,106353279.0,0.999925,13.2078133,52.831253,15.2578133,61.031253,0.01734974696537937
CN,001896,2024-10-24,3.99,4.03,3.9699999999999998,4.02,3.9897,4.0297,3.9697,4.0197,15762511.0,63083813.0,0.9999253731343285,13.2078133,53.095409,15.2578133,61.336409,0.010330779837239193
CN,001896,2024-10-25,4.01,4.2,3.99,4.14,4.0097,4.1997,3.9897,4.1397,32451799.0,133950406.0,0.9999275362318842,13.2078133,54.680347,15.2578133,63.167347,0.021268971091683235
CN,001896,2024-10-28,4.23,4.53,4.18,4.44,4.2297,4.5297,4.1797,4.4397,71260582.0,314349814.0,0.9999324324324323,13.2078133,58.642691,15.2578133,67.744691,0.046704321647453896
CN,001896,2024-10-29,4.44,4.45,4.24,4.25,4.4397,4.4497,4.2397,4.2497,49523782.0,213209775.0,0.9999294117647058,13.2078133,56.133207,15.2578133,64.845707,0.032457981380595344
CN,001896,2024-10-30,4.21,4.38,4.2,4.3,4.2097,4.3797,4.1997,4.2997,27687501.0,118702978.0,0.9999302325581395,13.2078133,56.793597,15.2578133,65.608597,0.018146441076192746
CN,001896,2024-10-31,4.31,4.37,4.3,4.32,4.3097,4.3697,4.2997,4.3197,30628306.0,132644779.0,0.9999305555555555,13.2078133,57.057753,15.2578133,65.913753,0.020073850294130943
CN,001896,2024-11-01,4.31,4.32,4.15,4.17,4.3097,4.3197,4.1497,4.1697,29966601.0,126037938.0,0.9999280575539568,13.2078133,55.076581,15.2578133,63.625081,0.019640167572374214
CN,001896,2024-11-04,4.12,4.2,4.12,4.17,4.1197,4.1997,4.1197,4.1697,17054600.0,70937796.0,0.9999280575539568,13.2078133,55.076581,15.2578133,63.625081,0.01117761743748693
CN,001896,2024-11-05,4.16,4.23,4.14,4.21,4.1597,4.2297,4.1397,4.2097,23047402.0,96553230.0,0.9999287410926365,13.2078133,55.604894,15.2578133,64.235394,0.015105311322691306
CN,001896,2024-11-06,4.2,4.27,4.18,4.21,4.1997,4.2697,4.1797,4.2097,24566100.0,103759605.0,0.9999287410926365,13.2078133,55.604894,15.2578133,64.235394,0.01610066889467051
CN,001896,2024-11-07,4.19,4.39,4.18,4.37,4.1897,4.3897,4.1797,4.3697,35465874.0,153784015.0,0.9999313501144165,13.2078133,57.718144,15.2578133,66.676644,0.023244401607666807
CN,001896,2024-11-08,4.4,4.5,4.33,4.38,4.3997,4.4997,4.3297,4.3797,34228100.0,150509425.0,0.999931506849315,13.2078133,57.850222,15.2578133,66.829222,0.02243316216223461
CN,001896,2024-11-11,4.4,4.54,4.39,4.47,4.3997,4.5397,4.3897,4.4697,28623400.0,127114757.0,0.9999328859060402,13.2078133,59.038925,15.2578133,68.202425,0.018759831069633026
CN,001896,2024-11-12,4.47,4.66,4.39,4.46,4.4697,4.6597,4.3897,4.4597,52460970.0,235177401.0,0.9999327354260089,13.2078133,58.906847,15.2578133,68.049847,0.03438302000982015
CN,001896,2024-11-13,4.43,4.61,4.34,4.45,4.4297,4.6097,4.3397,4.4497,41575201.0,185475315.0,0.9999325842696629,13.2078133,58.774769,15.2578133,67.897269,0.027248466200592455
CN,001896,2024-11-14,4.43,4.48,4.25,4.26,4.4297,4.4797,4.2497,4.2597,27192759.0,118093992.0,0.9999295774647887,13.2078133,56.265285,15.2578133,64.998285,0.017822186223762485
CN,001896,2024-11-15,4.25,4.38,4.17,4.18,4.2497,4.3797,4.1697,4.1797,23335500.0,99376359.0,0.9999282296650719,13.2078133,55.20866,15.2578133,63.77766,0.015294131302550413
CN,001896,2024-11-18,4.18,4.27,4.15,4.17,4.1797,4.2697,4.1497,4.1697,20103202.0,84516734.0,0.9999280575539568,13.2078133,55.076581,15.2578133,63.625081,0.013175677015264042
CN,001896,2024-11-19,4.18,4.24,4.12,4.24,4.1797,4.2397,4.1197,4.2397,19102400.0,79944390.0,0.9999292452830189,13.2078133,56.001128,15.2578133,64.693128,0.01251974947157074
CN,001896,2024-11-20,4.23,4.31,4.2,4.28,4.2297,4.3097,4.1997,4.2797,17496209.0,74357818.0,0.999929906542056,13.2078133,56.529441,15.2578133,65.303441,0.01146704882016088
CN,001896,2024-11-21,4.28,4.32,4.2,4.25,4.2797,4.3197,4.1997,4.2497,13369700.0,56778904.0,0.9999294117647058,13.2078133,56.133207,15.2578133,64.845707,0.008762526934315024
CN,001896,2024-11-22,4.26,4.32,4.12,4.13,4.2597,4.3197,4.1197,4.1297,25075900.0,105740226.0,0.9999273607748184,13.2078133,54.548269,15.2578133,63.014769,0.016434792789082036
CN,001896,2024-11-25,4.12,4.17,4.06,4.15,4.1197,4.1697,4.0597,4.1497,18123200.0,74643416.0,0.9999277108433734,13.2078133,54.812425,15.2578133,63.319925,0.011877979919966645
CN,001896,2024-11-26,4.14,4.18,4.09,4.11,4.1397,4.1797,4.0897,4.1097,10758699.0,44489744.0,0.99992700729927,13.2078133,54.284113,15.2578133,62.709613,0.007051271888351131
CN,001896,2024-11-27,4.11,4.15,4.01,4.15,4.1097,4.1497,4.0097,4.1497,15613600.0,63720482.0,0.9999277108433734,13.2078133,54.812425,15.2578133,63.319925,0.010233183283216606
CN,001896,2024-11-28,4.14,4.22,4.11,4.21,4.1397,4.2197,4.1097,4.2097,15350165.0,64245932.0,0.9999287410926365,13.2078133,55.604894,15.2578133,64.235394,0.010060527480697381
CN,001896,2024-11-29,4.21,4.21,4.13,4.17,4.2097,4.2097,4.1297,4.1697,17867000.0,74594683.0,0.9999280575539568,13.2078133,55.076581,15.2578133,63.625081,0.011710065950276112
CN,001896,2024-12-02,4.2,4.32,4.18,4.31,4.1997,4.3197,4.1797,4.3097,24122502.0,102681717.0,0.9999303944315547,13.2078133,56.925675,15.2578133,65.761175,0.015809933917594863
CN,001896,2024-12-03,4.33,4.36,4.26,4.35,4.3297,4.3597,4.2597,4.3497,21236200.0,91747663.0,0.9999310344827588,13.2078133,57.453988,15.2578133,66.371488,0.013918246070031542
CN,001896,2024-12-04,4.34,4.34,4.22,4.25,4.3397,4.3397,4.2197,4.2497,17972700.0,76992166.0,0.9999294117647058,13.2078133,56.133207,15.2578133,64.845707,0.011779341932306906
CN,001896,2024-12-05,4.22,4.29,4.22,4.27,4.2197,4.2897,4.2197,4.2697,11726701.0,49978758.0,0.999929742388759,13.2078133,56.397363,15.2578133,65.150863,0.007685702249351813
CN,001896,2024-12-06,4.27,4.7,4.27,4.7,4.2697,4.6997,4.2697,4.6997,87647194.0,399332853.0,0.9999361702127659,13.2078133,62.076723,15.2578133,71.711723,0.057444138472975026
CN,001896,2024-12-09,4.72,4.77,4.58,4.64,4.7197,4.7697,4.5797,4.6397,103655866.0,484566085.0,0.9999353448275864,13.2078133,61.284254,15.2578133,70.796254,0.0679362527001166
CN,001896,2024-12-10,4.68,4.73,4.53,4.54,4.6797,4.7297,4.5297,4.5397,60301019.0,277679644.0,0.9999339207048458,13.2078133,59.963472,15.2578133,69.270472,0.03952140310957927
CN,001896,2024-12-11,4.53,4.65,4.51,4.62,4.5297,4.6497,4.5097000000000005,4.6197,41283901.0,189870171.0,0.9999350649350649,13.2078133,61.020097,15.2578133,70.491097,0.027057547623813172
CN,001896,2024-12-12,4.6,4.63,4.52,4.59,4.5997,4.6297,4.5197,4.5897,31764485.0,145119272.0,0.9999346405228757,13.2078133,60.623863,15.2578133,70.033363,0.02081850418237848
CN,001896,2024-12-13,4.57,4.65,4.53,4.54,4.5697,4.6497,4.5297,4.5397,32911333.0,150592112.0,0.9999339207048458,13.2078133,59.963472,15.2578133,69.270472,0.02157015055361832
CN,001896,2024-12-16,4.55,4.99,4.54,4.76,4.5497,4.9896,4.5397,4.7597000000000005,84444600.0,404051763.0,0.9999369747899162,13.2078133,62.869191,15.2578133,72.627191,0.0553451522440637
CN,001896,2024-12-17,4.68,4.79,4.45,4.48,4.6797,4.7897,4.4497,4.4797,47843023.0,219233960.0,0.9999330357142857,13.2078133,59.171004,15.2578133,68.355004,0.03135640871945916
CN,001896,2024-12-18,4.48,4.93,4.44,4.93,4.4797,4.9296,4.4397,4.9296,50262800.0,243017094.0,0.9999188640973631,13.2078133,65.11452,15.2578133,75.22102,0.03294233519032508
CN,001896,2024-12-19,4.82,5.18,4.78,4.82,4.8197,5.1796,4.7797,4.8197,139559775.0,689524030.0,0.9999377593360995,13.2078133,63.66166,15.2578133,73.54266,0.09146774328402615
CN,001896,2024-12-20,4.77,4.87,4.64,4.66,4.7697,4.8696,4.6397,4.6597,76424100.0,361392845.0,0.9999356223175965,13.2078133,61.54841,15.2578133,71.10141,0.05008850121399768
CN,001896,2024-12-23,4.61,4.72,4.48,4.53,4.6097,4.7197,4.4797,4.5297,48411901.0,220827512.0,0.999933774834437,13.2078133,59.831394,15.2578133,69.117894,0.03172925244799004
CN,001896,2024-12-24,4.55,4.98,4.45,4.8,4.5497,4.9796,4.4497,4.7997,91309533.0,436889767.0,0.9999374999999999,13.2078133,63.397504,15.2578133,73.237504,0.059844442453624726
CN,001896,2024-12-25,4.71,4.9,4.57,4.71,4.7097,4.8995999999999995,4.5697,4.7097,63058200.0,295845568.0,0.999936305732484,13.2078133,62.208801,15.2578133,71.864301,0.04132846480694583
CN,001896,2024-12-26,4.6899999999999995,4.78,4.58,4.67,4.6897,4.7797,4.5797,4.6697,48008900.0,224331251.0,0.9999357601713061,13.2078133,61.680488,15.2578133,71.253988,0.03146512482230989
CN,001896,2024-12-27,4.64,4.71,4.58,4.61,4.6397,4.7097,4.5797,4.6097,41184300.0,191304250.0,0.999934924078091,13.2078133,60.888019,15.2578133,70.338519,0.026992268938039764
CN,001896,2024-12-30,4.58,4.59,4.21,4.25,4.5797,4.5897,4.2097,4.2497,60671900.0,262496248.0,0.9999294117647058,13.2078133,56.133207,15.2578133,64.845707,0.039764479225866525
CN,001896,2024-12-31,4.28,4.28,4.13,4.15,4.2797,4.2797,4.1297,4.1497,27382901.0,114520829.0,0.9999277108433734,15.2578133,63.319925,15.2578133,63.319925,0.01794680565399237
CN,001896,2025-01-02,4.15,4.16,4.0,4.04,4.1497,4.1597,3.9997,4.0397,25836400.0,105480536.0,0.9999257425742574,15.2578133,61.641566,15.2578133,61.641566,0.016933225942671614
CN,001896,2025-01-03,4.04,4.06,3.83,3.84,4.0397,4.0597,3.8297,3.8397,27908600.0,109270198.0,0.9999218750000001,15.2578133,58.590003,15.2578133,58.590003,0.018291349783392617
CN,001896,2025-01-06,3.85,3.93,3.77,3.87,3.8497,3.9297,3.7697000000000003,3.8697,16789500.0,64776185.0,0.999922480620155,15.2578133,59.047737,15.2578133,59.047737,0.01100387039078529
CN,001896,2025-01-07,3.86,4.0,3.85,3.95,3.8597,3.9997,3.8497,3.9497,16943870.0,66545838.0,0.9999240506329113,15.2578133,60.268363,15.2578133,60.268363,0.011105044783841994
CN,001896,2025-01-08,3.94,3.99,3.89,3.9699999999999998,3.9397,3.9897,3.8897,3.9697,17521070.0,69006395.0,0.9999244332493703,15.2578133,60.573519,15.2578133,60.573519,0.011483342767079211
CN,001896,2025-01-09,3.95,3.9699999999999998,3.89,3.89,3.9497,3.9697,3.8897,3.8897,14757370.0,57813038.0,0.9999228791773779,15.2578133,59.352894,15.2578133,59.352894,0.009672008504652498
CN,001896,2025-01-10,3.9,3.91,3.76,3.77,3.8997,3.9097,3.7597,3.7697000000000003,12946269.0,49583273.0,0.9999204244031831,15.2578133,57.521956,15.2578133,57.521956,0.008485009447585783
CN,001896,2025-01-13,3.71,3.76,3.66,3.75,3.7096999999999998,3.7597,3.6597,3.7497,10550800.0,39249950.0,0.9999199999999999,15.2578133,57.2168,15.2578133,57.2168,0.006915014486381217
CN,001896,2025-01-14,3.7800000000000002,3.91,3.76,3.89,3.7797,3.9097,3.7597,3.8897,14714699.0,56635609.0,0.9999228791773779,15.2578133,59.352894,15.2578133,59.352894,0.00964404184969284
CN,001896,2025-01-15,3.89,3.9,3.84,3.87,3.8897,3.8997,3.8397,3.8697,9822383.0,38013994.0,0.999922480620155,15.2578133,59.047737,15.2578133,59.047737,0.006437608592313814
CN,001896,2025-01-16,3.88,3.9699999999999998,3.87,3.91,3.8797,3.9697,3.8697,3.9097,12647700.0,49559309.0,0.999923273657289,15.2578133,59.65805,15.2578133,59.65805,0.008289326754312822
CN,001896,2025-01-17,3.89,3.98,3.86,3.93,3.8897,3.9797000000000002,3.8597,3.9297,12339183.0,48395258.0,0.9999236641221374,15.2578133,59.963206,15.2578133,59.963206,0.008087124122825648
CN,001896,2025-01-20,3.94,4.02,3.88,3.9699999999999998,3.9397,4.0197,3.8797,3.9697,15786117.0,62412716.0,0.9999244332493703,15.2578133,60.573519,15.2578133,60.573519,0.010346251254758767
CN,001896,2025-01-21,3.9699999999999998,4.0,3.94,3.96,3.9697,3.9997,3.9397,3.9596999999999998,10436616.0,41400217.0,0.9999242424242424,15.2578133,60.420941,15.2578133,60.420941,0.006840178074534442
CN,001896,2025-01-22,3.98,4.09,3.95,3.9699999999999998,3.9797000000000002,4.0897,3.9497,3.9697,16309730.0,65465372.0,0.9999244332493703,15.2578133,60.573519,15.2578133,60.573519,0.010689428215771915
CN,001896,2025-01-23,4.05,4.05,3.91,3.92,4.0497,4.0497,3.9097,3.9196999999999997,14185717.0,56601610.0,0.999923469387755,15.2578133,59.810628,15.2578133,59.810628,0.009297346035817597
CN,001896,2025-01-24,3.92,3.93,3.86,3.91,3.9196999999999997,3.9297,3.8597,3.9097,13157056.0,51199816.0,0.999923273657289,15.2578133,59.65805,15.2578133,59.65805,0.008623159650275705
CN,001896,2025-01-27,3.91,3.95,3.83,3.84,3.9097,3.9497,3.8297,3.8397,10942300.0,42652451.0,0.9999218750000001,15.2578133,58.590003,15.2578133,58.590003,0.0071716043346788105
CN,001896,2025-02-05,3.85,3.88,3.82,3.87,3.8497,3.8797,3.8197,3.8697,10216600.0,39365409.0,0.999922480620155,15.2578133,59.047737,15.2578133,59.047737,0.006695979167604574
CN,001896,2025-02-06,3.86,3.92,3.8,3.92,3.8597,3.9196999999999997,3.7997,3.9196999999999997,12770353.0,49366011.0,0.999923469387755,15.2578133,59.810628,15.2578133,59.810628,0.008369713764946907
CN,001896,2025-02-07,3.92,4.03,3.91,3.99,3.9196999999999997,4.0297,3.9097,3.9897,20621453.0,82077938.0,0.9999248120300751,15.2578133,60.878675,15.2578133,60.878675,0.013515339711228477
CN,001896,2025-02-10,4.02,4.05,3.99,4.03,4.0197,4.0497,3.9897,4.0297,14489347.0,58141043.0,0.9999255583126551,15.2578133,61.488988,15.2578133,61.488988,0.009496345718163952
CN,001896,2025-02-11,4.03,4.03,3.95,3.99,4.0297,4.0297,3.9497,3.9897,15056500.0,59878591.0,0.9999248120300751,15.2578133,60.878675,15.2578133,60.878675,0.009868058878397732
CN,001896,2025-02-12,3.9699999999999998,4.07,3.95,4.04,3.9697,4.0697,3.9497,4.0397,18144646.0,73069294.0,0.9999257425742574,15.2578133,61.641566,15.2578133,61.641566,0.011892035669357679
CN,001896,2025-02-13,4.05,4.07,4.02,4.05,4.0497,4.0697,4.0197,4.0497,17068036.0,69108348.0,0.9999259259259259,15.2578133,61.794144,15.2578133,61.794144,0.011186423417567969
CN,001896,2025-02-14,4.04,4.1,4.01,4.02,4.0397,4.0997,4.0097,4.0197,20201101.0,81825866.0,0.9999253731343285,15.2578133,61.336409,15.2578133,61.336409,0.013239840206984313
CN,001896,2025-02-17,4.01,4.09,3.98,4.08,4.0097,4.0897,3.9797000000000002,4.0797,20968349.0,84853516.0,0.9999264705882352,15.2578133,62.251878,15.2578133,62.251878,0.01374269601267175
CN,001896,2025-02-18,4.09,4.21,4.02,4.05,4.0897,4.2097,4.0197,4.0497,28091500.0,115660446.0,0.9999259259259259,15.2578133,61.794144,15.2578133,61.794144,0.018411222792980433
CN,001896,2025-02-19,4.01,4.05,3.99,4.02,4.0097,4.0497,3.9897,4.0197,20179501.0,80932164.0,0.9999253731343285,15.2578133,61.336409,15.2578133,61.336409,0.013225683525698929
CN,001896,2025-02-20,4.0,4.02,3.95,4.0,3.9997,4.0197,3.9497,3.9997,14500020.0,57766588.0,0.999925,15.2578133,61.031253,15.2578133,61.031253,0.009503340822763901
CN,001896,2025-02-21,3.98,4.02,3.96,3.9699999999999998,3.9797000000000002,4.0197,3.9596999999999998,3.9697,15174300.0,60286590.0,0.9999244332493703,15.2578133,60.573519,15.2578133,60.573519,0.009945265223555986
CN,001896,2025-02-24,3.96,4.05,3.95,4.0,3.9596999999999998,4.0497,3.9497,3.9997,15862100.0,63551702.0,0.999925,15.2578133,61.031253,15.2578133,61.031253,0.010396050658189663
CN,001896,2025-02-25,4.01,4.02,3.96,3.9699999999999998,4.0097,4.0197,3.9596999999999998,3.9697,12254101.0,48860776.0,0.9999244332493703,15.2578133,60.573519,15.2578133,60.573519,0.008031361217403284
CN,001896,2025-02-26,3.9699999999999998,4.05,3.9699999999999998,4.02,3.9697,4.0497,3.9697,4.0197,16128202.0,64770957.0,0.9999253731343285,15.2578133,61.336409,15.2578133,61.336409,0.010570454417606486
CN,001896,2025-02-27,4.04,4.05,3.96,4.02,4.0397,4.0497,3.9596999999999998,4.0197,13710901.0,54778748.0,0.9999253731343285,15.2578133,61.336409,15.2578133,61.336409,0.008986150721873101
CN,001896,2025-02-28,4.01,4.07,3.93,3.94,4.0097,4.0697,3.9297,3.9397,25476218.0,102199667.0,0.9999238578680204,15.2578133,60.115784,15.2578133,60.115784,0.016697161971434005
CN,001896,2025-03-03,3.93,3.99,3.89,3.91,3.9297,3.9897,3.8897,3.9097,16147400.0,63659123.0,0.999923273657289,15.2578133,59.65805,15.2578133,59.65805,0.010583036823500784
CN,001896,2025-03-04,3.92,3.94,3.89,3.93,3.9196999999999997,3.9397,3.8897,3.9297,11835600.0,46309815.0,0.9999236641221374,15.2578133,59.963206,15.2578133,59.963206,0.0077570748620970475
CN,001896,2025-03-05,3.92,3.93,3.85,3.89,3.9196999999999997,3.9297,3.8497,3.8897,12716200.0,49317286.0,0.9999228791773779,15.2578133,59.352894,15.2578133,59.352894,0.008334221785241009
CN,001896,2025-03-06,3.9,3.94,3.88,3.94,3.8997,3.9397,3.8797,3.9397,12178900.0,47745148.0,0.9999238578680204,15.2578133,60.115784,15.2578133,60.115784,0.00798207433826707
CN,001896,2025-03-07,3.94,3.94,3.88,3.9,3.9397,3.9397,3.8797,3.8997,13017600.0,50876187.0,0.999923076923077,15.2578133,59.505472,15.2578133,59.505472,0.00853175992132503
CN,001896,2025-03-10,3.91,3.95,3.89,3.92,3.9097,3.9497,3.8897,3.9196999999999997,12084600.0,47416947.0,0.999923469387755,15.2578133,59.810628,15.2578133,59.810628,0.007920269938025784
CN,001896,2025-03-11,3.9,3.93,3.87,3.93,3.8997,3.9297,3.8697,3.9297,11719200.0,45758162.0,0.9999236641221374,15.2578133,59.963206,15.2578133,59.963206,0.007680786079614698
CN,001896,2025-03-12,3.94,4.08,3.93,4.04,3.9397,4.0797,3.9297,4.0397,30088615.0,120985024.0,0.9999257425742574,15.2578133,61.641566,15.2578133,61.641566,0.01972013578118694
CN,001896,2025-03-13,4.04,4.17,4.02,4.14,4.0397,4.1697,4.0197,4.1397,41024803.0,169027566.0,0.9999275362318842,15.2578133,63.167347,15.2578133,63.167347,0.026887734299383518
CN,001896,2025-03-14,4.12,4.18,4.08,4.11,4.1197,4.1797,4.0797,4.1097,28293800.0,116198387.0,0.99992700729927,15.2578133,62.709613,15.2578133,62.709613,0.01854381059964864
CN,001896,2025-03-17,4.12,4.16,4.11,4.14,4.1197,4.1597,4.1097,4.1397,19337601.0,80020876.0,0.9999275362318842,15.2578133,63.167347,15.2578133,63.167347,0.012673900656524614
CN,001896,2025-03-18,4.15,4.16,4.08,4.11,4.1497,4.1597,4.0797,4.1097,14492600.0,59445240.0,0.99992700729927,15.2578133,62.709613,15.2578133,62.709613,0.009498477740581608
CN,001896,2025-03-19,4.12,4.19,4.08,4.16,4.1197,4.1897,4.0797,4.1597,23708200.0,98396685.0,0.9999278846153846,15.2578133,63.472503,15.2578133,63.472503,0.01553839959491443
CN,001896,2025-03-20,4.15,4.2,4.13,4.18,4.1497,4.1997,4.1297,4.1797,22594174.0,94355257.0,0.9999282296650719,15.2578133,63.77766,15.2578133,63.77766,0.014808264825209258
CN,001896,2025-03-21,4.16,4.24,4.13,4.19,4.1597,4.2397,4.1297,4.1897,25928342.0,108681099.0,0.9999284009546539,15.2578133,63.930238,15.2578133,63.930238,0.016993484905205913
CN,001896,2025-03-24,4.17,4.22,4.05,4.13,4.1697,4.2197,4.0497,4.1297,23316101.0,96167693.0,0.9999273607748184,15.2578133,63.014769,15.2578133,63.014769,0.015281417160871932
CN,001896,2025-03-25,4.14,4.25,4.11,4.23,4.1397,4.2497,4.1097,4.2297,36020280.0,151213264.0,0.9999290780141844,15.2578133,64.54055,15.2578133,64.54055,0.023607760359736475
CN,001896,2025-03-26,4.2,4.23,4.13,4.21,4.1997,4.2297,4.1297,4.2097,23355580.0,97846577.0,0.9999287410926365,15.2578133,64.235394,15.2578133,64.235394,0.01530729177293053
CN,001896,2025-03-27,4.19,4.23,4.08,4.09,4.1897,4.2297,4.0797,4.0897,22809677.0,93921100.0,0.9999266503667481,15.2578133,62.404456,15.2578133,62.404456,0.014949505903313157
CN,001896,2025-03-28,4.08,4.1,3.9699999999999998,3.98,4.0797,4.0997,3.9697,3.9797000000000002,20373000.0,81888032.0,0.999924623115578,15.2578133,60.726097,15.2578133,60.726097,0.013352503140145253
CN,001896,2025-03-31,3.94,4.03,3.92,3.93,3.9397,4.0297,3.9196999999999997,3.9297,16275100.0,64415228.0,0.9999236641221374,15.2578133,59.963206,15.2578133,59.963206,0.010666731647581505
CN,001896,2025-04-01,3.9699999999999998,4.23,3.96,4.09,3.9697,4.2297,3.9596999999999998,4.0897,27615400.0,113019728.0,0.9999266503667481,15.2578133,62.404456,15.2578133,62.404456,0.018099185942981752
CN,001896,2025-04-02,4.06,4.07,4.01,4.02,4.0597,4.0697,4.0097,4.0197,15599784.0,62829917.0,0.9999253731343285,15.2578133,61.336409,15.2578133,61.336409,0.010224128250409251
CN,001896,2025-04-03,3.99,4.14,3.98,4.11,3.9897,4.1397,3.9797000000000002,4.1097,30487836.0,124213216.0,0.99992700729927,15.2578133,62.709613,15.2578133,62.709613,0.019981785987642147
CN,001896,2025-04-07,4.0,4.0,3.7,3.7,3.9997,3.9997,3.6997,3.6997,31943300.0,121675954.0,0.9999189189189188,15.2578133,56.453909,15.2578133,56.453909,0.02093569987515839
CN,001896,2025-04-08,3.67,3.84,3.67,3.76,3.6696999999999997,3.8397,3.6696999999999997,3.7597,24974400.0,93892207.0,0.9999202127659576,15.2578133,57.369378,15.2578133,57.369378,0.016368269495078958
CN,001896,2025-04-09,3.7,3.79,3.51,3.75,3.6997,3.7897,3.5097,3.7497,26319780.0,96486664.0,0.9999199999999999,15.2578133,57.2168,15.2578133,57.2168,0.017250034118585
CN,001896,2025-04-10,3.8,3.87,3.77,3.81,3.7997,3.8697,3.7697000000000003,3.8097,19304500.0,73957496.0,0.9999212598425197,15.2578133,58.132269,15.2578133,58.132269,0.012652206197856675
CN,001896,2025-04-11,3.7800000000000002,3.86,3.76,3.79,3.7797,3.8597,3.7597,3.7897,18155280.0,69069814.0,0.9999208443271768,15.2578133,57.827112,15.2578133,57.827112,0.011899005213283086
CN,001896,2025-04-14,3.84,3.96,3.82,3.95,3.8397,3.9596999999999998,3.8197,3.9497,23041800.0,90255501.0,0.9999240506329113,15.2578133,60.268363,15.2578133,60.268363,0.015101639761183864
CN,001896,2025-04-15,3.95,4.06,3.92,4.05,3.9497,4.0597,3.9196999999999997,4.0497,25573800.0,102097859.0,0.9999259259259259,15.2578133,61.794144,15.2578133,61.794144,0.016761117400748374
CN,001896,2025-04-16,4.06,4.14,4.0,4.06,4.0597,4.1397,3.9997,4.0597,27032452.0,109902665.0,0.9999261083743844,15.2578133,61.946722,15.2578133,61.946722,0.017717120709558033
CN,001896,2025-04-17,4.05,4.1,4.01,4.06,4.0497,4.0997,4.0097,4.0597,22079200.0,89765553.0,0.9999261083743844,15.2578133,61.946722,15.2578133,61.946722,0.014470749881308352
CN,001896,2025-04-18,4.04,4.08,4.0,4.04,4.0397,4.0797,3.9997,4.0397,16446900.0,66322866.0,0.9999257425742574,15.2578133,61.641566,15.2578133,61.641566,0.010779329695953221
CN,001896,2025-04-21,4.02,4.1,4.02,4.1,4.0197,4.0997,4.0197,4.0997,16626000.0,67898868.0,0.9999268292682929,15.2578133,62.557035,15.2578133,62.557035,0.010896712178277866
CN,001896,2025-04-22,4.09,4.17,4.06,4.08,4.0897,4.1697,4.0597,4.0797,18479300.0,75849892.0,0.9999264705882352,15.2578133,62.251878,15.2578133,62.251878,0.01211136854060208
CN,001896,2025-04-23,4.08,4.1,4.03,4.04,4.0797,4.0997,4.0297,4.0397,14656662.0,59506034.0,0.9999257425742574,15.2578133,61.641566,15.2578133,61.641566,0.009606004288963216
CN,001896,2025-04-24,4.06,4.3,4.04,4.2,4.0597,4.2997,4.0397,4.1997,50407736.0,211381023.0,0.9999285714285714,15.2578133,64.082816,15.2578133,64.082816,0.03303732652175001
CN,001896,2025-04-25,4.21,4.39,4.21,4.33,4.2097,4.3897,4.2097,4.3297,56785100.0,244745102.0,0.9999307159353348,15.2578133,66.066332,15.2578133,66.066332,0.03721706307679096
CN,001896,2025-04-28,4.39,4.67,4.26,4.43,4.3897,4.6697,4.2597,4.4297,83736900.0,370459215.0,0.9999322799097067,15.2578133,67.592113,15.2578133,67.592113,0.054881324311393954
CN,001896,2025-04-29,4.32,4.35,4.14,4.21,4.3197,4.3497,4.1397,4.2097,61107372.0,257413316.0,0.9999287410926365,15.2578133,64.235394,15.2578133,64.235394,0.04004988840701046
CN,001896,2025-04-30,4.36,4.5600000000000005,4.19,4.21,4.3597,4.5597,4.1897,4.2097,69676162.0,303484471.0,0.9999287410926365,15.2578133,64.235394,15.2578133,64.235394,0.04566588975105627
CN,001896,2025-05-06,4.26,4.63,4.19,4.63,4.2597,4.6297,4.1897,4.6297,63173582.0,278318294.0,0.9999352051835853,15.2578133,70.643676,15.2578133,70.643676,0.04140408639028241
CN,001896,2025-05-07,4.63,4.79,4.51,4.5600000000000005,4.6297,4.7897,4.5097000000000005,4.5597,112242843.0,519730146.0,0.9999342105263157,15.2578133,69.575629,15.2578133,69.575629,0.07356417383872432
CN,001896,2025-05-08,4.58,4.78,4.52,4.68,4.5797,4.7797,4.5197,4.6797,83654596.0,390275153.0,0.9999358974358976,15.2578133,71.406566,15.2578133,71.406566,0.054827382112481345
CN,001896,2025-05-09,4.67,4.99,4.62,4.77,4.6697,4.9896,4.6197,4.7697,106187614.0,511165796.0,0.9999371069182391,15.2578133,72.779769,15.2578133,72.779769,0.06959556517839945
CN,001896,2025-05-12,4.78,4.83,4.66,4.68,4.7797,4.8297,4.6597,4.6797,62628498.0,294436207.0,0.9999358974358976,15.2578133,71.406566,15.2578133,71.406566,0.04104683729483045
CN,001896,2025-05-13,4.67,4.73,4.59,4.71,4.6697,4.7297,4.5897,4.7097,55733443.0,259925677.0,0.999936305732484,15.2578133,71.864301,15.2578133,71.864301,0.03652780506889542
CN,001896,2025-05-14,4.66,4.78,4.6,4.72,4.6597,4.7797,4.5997,4.7197,48322500.0,226866235.0,0.999936440677966,15.2578133,72.016879,15.2578133,72.016879,0.03167065886171251
CN,001896,2025-05-15,4.6899999999999995,4.77,4.61,4.63,4.6897,4.7697,4.6097,4.6297,38261300.0,179374009.0,0.9999352051835853,15.2578133,70.643676,15.2578133,70.643676,0.025076529151133342
CN,001896,2025-05-16,4.63,5.08,4.63,4.92,4.6297,5.0796,4.6297,4.9196,98726047.0,483571285.0,0.9999186991869918,15.2578133,75.068441,15.2578133,75.068441,0.06470523990485583
CN,001896,2025-05-19,4.92,5.09,4.88,4.91,4.9196,5.0896,4.8796,4.9096,68043200.0,336299949.0,0.999918533604888,15.2578133,74.915863,15.2578133,74.915863,0.04459564333507738
CN,001896,2025-05-20,4.97,5.02,4.89,4.98,4.9696,5.0196,4.8896,4.9796,56845581.0,281445371.0,0.9999196787148593,15.2578133,75.98391,15.2578133,75.98391,0.03725670243979195
CN,001896,2025-05-21,4.97,5.13,4.97,4.97,4.9696,5.1296,4.9696,4.9696,72721800.0,366904659.0,0.9999195171026157,15.2578133,75.831332,15.2578133,75.831332,0.04766200671756811
CN,001896,2025-05-22,4.89,5.02,4.84,4.86,4.8896,5.0196,4.8397,4.8597,51669857.0,254096068.0,0.9999382716049382,15.2578133,74.152973,15.2578133,74.152973,0.03386452303751809
CN,001896,2025-05-23,4.84,4.89,4.65,4.67,4.8397,4.8896,4.6497,4.6697,54482404.0,258162269.0,0.9999357601713061,15.2578133,71.253988,15.2578133,71.253988,0.03570787171710903
CN,001896,2025-05-26,4.6899999999999995,4.78,4.66,4.74,4.6897,4.7797,4.6597,4.7397,28421604.0,134213215.0,0.9999367088607595,15.2578133,72.322035,15.2578133,72.322035,0.018627573585528145
CN,001896,2025-05-27,4.73,4.83,4.73,4.76,4.7297,4.8297,4.7297,4.7597000000000005,24107100.0,115018287.0,0.9999369747899162,15.2578133,72.627191,15.2578133,72.627191,0.01579983941735609
CN,001896,2025-05-28,4.76,4.79,4.68,4.7,4.7597000000000005,4.7897,4.6797,4.6997,20844078.0,98282888.0,0.9999361702127659,15.2578133,71.711723,15.2578133,71.711723,0.013661248561745084
CN,001896,2025-05-29,4.6899999999999995,4.74,4.64,4.7,4.6897,4.7397,4.6397,4.6997,17726900.0,83357453.0,0.9999361702127659,15.2578133,71.711723,15.2578133,71.711723,0.011618244142494521
CN,001896,2025-05-30,4.76,4.83,4.61,4.62,4.7597000000000005,4.8297,4.6097,4.6197,34019010.0,160196515.0,0.9999350649350649,15.2578133,70.491097,15.2578133,70.491097,0.022296124176588265
CN,001896,2025-06-03,4.6,4.68,4.55,4.66,4.5997,4.6797,4.5497,4.6597,21824300.0,100948373.0,0.9999356223175965,15.2578133,71.10141,15.2578133,71.10141,0.01430368793410259
CN,001896,2025-06-04,4.66,4.73,4.64,4.71,4.6597,4.7297,4.6397,4.7097,19668500.0,92406169.0,0.999936305732484,15.2578133,71.864301,15.2578133,71.864301,0.012890772493591857
CN,001896,2025-06-05,4.75,4.8,4.72,4.75,4.7497,4.7997,4.7197,4.7497,22851900.0,108636991.0,0.9999368421052631,15.2578133,72.474613,15.2578133,72.474613,0.014977178938216526
CN,001896,2025-06-06,4.74,4.77,4.68,4.7,4.7397,4.7697,4.6797,4.6997,15418083.0,72618675.0,0.9999361702127659,15.2578133,71.711723,15.2578133,71.711723,0.010105041067713157
CN,001896,2025-06-09,4.7,4.73,4.67,4.6899999999999995,4.6997,4.7297,4.6697,4.6897,13610700.0,63835359.0,0.9999360341151388,15.2578133,71.559144,15.2578133,71.559144,0.008920478794952879
CN,001896,2025-06-10,4.6899999999999995,4.76,4.66,4.72,4.6897,4.7597000000000005,4.6597,4.7197,27591111.0,130096460.0,0.999936440677966,15.2578133,72.016879,15.2578133,72.016879,0.01808326688595672
CN,001896,2025-06-11,4.73,4.76,4.6899999999999995,4.72,4.7297,4.7597000000000005,4.6897,4.7197,18993000.0,89867174.0,0.999936440677966,15.2578133,72.016879,15.2578133,72.016879,0.012448048502467913
CN,001896,2025-06-12,4.72,4.73,4.62,4.65,4.7197,4.7297,4.6197,4.6497,18804000.0,87657676.0,0.9999354838709678,15.2578133,70.948832,15.2578133,70.948832,0.0123241775412208
CN,001896,2025-06-13,4.67,5.12,4.63,5.12,4.6697,5.1196,4.6297,5.1196,66421573.0,335180860.0,0.999921875,15.2578133,78.120004,15.2578133,78.120004,0.04353282589976376
CN,001896,2025-06-16,4.95,5.02,4.87,4.9399999999999995,4.9496,5.0196,4.8696,4.9396,84257541.0,414763315.0,0.9999190283400812,15.2578133,75.373598,15.2578133,75.373598,0.05522255341792654
CN,001896,2025-06-17,4.97,5.07,4.92,5.0,4.9696,5.0696,4.9196,4.9996,58650795.0,293240737.0,0.99992,15.2578133,76.289067,15.2578133,76.289067,0.038439843145806486
CN,001896,2025-06-18,4.97,5.0,4.8100000000000005,4.85,4.9696,4.9996,4.8097,4.8496,44889700.0,218841849.0,0.9999175257731959,15.2578133,74.000395,15.2578133,74.000395,0.02942079518039456
CN,001896,2025-06-19,4.79,4.82,4.41,4.43,4.7897,4.8197,4.4097,4.4297,69110336.0,313427377.0,0.9999322799097067,15.2578133,67.592113,15.2578133,67.592113,0.045295046309158864
CN,001896,2025-06-20,4.41,4.49,4.29,4.3,4.4097,4.4897,4.2897,4.2997,46084895.0,201017708.0,0.9999302325581395,15.2578133,65.608597,15.2578133,65.608597,0.030204128267842942
CN,001896,2025-06-23,4.28,4.36,4.28,4.34,4.2797,4.3597,4.2797,4.3397,22428119.0,97065589.0,0.9999308755760368,15.2578133,66.21891,15.2578133,66.21891,0.014699432060818309
CN,001896,2025-06-24,4.34,4.41,4.32,4.4,4.3397,4.4097,4.3197,4.3997,20451495.0,89712680.0,0.9999318181818181,15.2578133,67.134379,15.2578133,67.134379,0.013403948913177487
CN,001896,2025-06-25,4.4,4.51,4.4,4.5,4.3997,4.5097000000000005,4.3997,4.4997,24043000.0,107451451.0,0.9999333333333333,15.2578133,68.66016,15.2578133,68.66016,0.01575782815483789
CN,001896,2025-06-26,4.48,4.54,4.45,4.48,4.4797,4.5397,4.4497,4.4797,21038495.0,94640050.0,0.9999330357142857,15.2578133,68.355004,15.2578133,68.355004,0.013788669835146036
CN,001896,2025-06-27,4.47,4.6,4.47,4.54,4.4697,4.5997,4.4697,4.5397,21227700.0,96647353.0,0.9999339207048458,15.2578133,69.270472,15.2578133,69.270472,0.013912675153784979
CN,001896,2025-06-30,4.5600000000000005,4.62,4.54,4.57,4.5597,4.6197,4.5397,4.5697,15212300.0,69511531.0,0.9999343544857767,15.2578133,69.728207,15.2578133,69.728207,0.009970170496187682
CN,001896,2025-07-01,4.57,4.76,4.55,4.72,4.5697,4.7597000000000005,4.5497,4.7197,37718100.0,176895410.0,0.999936440677966,15.2578133,72.016879,15.2578133,72.016879,0.024720514832882377
CN,001896,2025-07-02,4.72,4.82,4.7,4.78,4.7197,4.8197,4.6997,4.7797,30485002.0,145104081.0,0.9999372384937238,15.2578133,72.932348,15.2578133,72.932348,0.019979928578625353
CN,001896,2025-07-03,4.77,4.85,4.74,4.83,4.7697,4.8496,4.7397,4.8297,27097650.0,129904986.0,0.9999378881987577,15.2578133,73.695238,15.2578133,73.695238,0.01775985160337491
CN,001896,2025-07-04,4.88,5.08,4.86,4.9,4.8796,5.0796,4.8597,4.8995999999999995,48238500.0,238245976.0,0.9999183673469386,15.2578133,74.763285,15.2578133,74.763285,0.03161560510115824
CN,001896,2025-07-07,5.08,5.39,5.03,5.39,5.0796,5.3896,5.0296,5.3896,107019138.0,566907395.0,0.999925788497217,15.2578133,82.239614,15.2578133,82.239614,0.0701405475973415
CN,001896,2025-07-08,5.62,5.82,5.49,5.59,5.6196,5.8196,5.4896,5.5896,170418317.0,960869222.0,0.9999284436493739,15.2578133,85.291176,15.2578133,85.291176,0.11169249069262108
CN,001896,2025-07-09,5.68,6.05,5.58,5.6899999999999995,5.6796,6.0496,5.5796,5.6896,142312261.0,821366767.0,0.9999297012302286,15.2578133,86.816958,15.2578133,86.816958,0.09327172786941888
CN,001896,2025-07-10,5.6899999999999995,5.83,5.51,5.57,5.6896,5.8296,5.5096,5.5696,93780202.0,525577034.0,0.9999281867145422,15.2578133,84.98602,15.2578133,84.98602,0.061463723638563596
CN,001896,2025-07-11,5.61,6.13,5.48,6.13,5.6096,6.1296,5.4796,6.1296,135027358.0,786079911.0,0.9999347471451876,15.2578133,93.530396,15.2578133,93.530396,0.08849718851914383
CN,001896,2025-07-14,6.5600000000000005,6.74,6.44,6.74,6.5595,6.7395,6.4395,6.7395,42434829.0,280827338.0,0.9999258160237388,15.2578133,102.837662,15.2578133,102.837662,0.027811868034851365
CN,001896,2025-07-15,7.07,7.2,6.27,6.29,7.0695,7.1995000000000005,6.2695,6.2895,205534188.0,1361279959.0,0.9999205087440382,15.2578133,95.971646,15.2578133,95.971646,0.134707499665106
CN,001896,2025-07-16,6.55,6.92,6.25,6.92,6.5495,6.9195,6.2495,6.9195,108611802.0,722339387.0,0.99992774566474,15.2578133,105.584068,15.2578133,105.584068,0.07118438262709638
CN,001896,2025-07-17,7.05,7.17,6.53,6.62,7.0495,7.1695,6.5295,6.6195,184369614.0,1232386636.0,0.9999244712990937,15.2578133,101.006724,15.2578133,101.006724,0.12083619741237757
CN,001896,2025-07-18,6.3,6.55,6.18,6.37,6.2995,6.5495,6.1796,6.3695,129190804.0,816520501.0,0.9999215070643642,15.2578133,97.192271,15.2578133,97.192271,0.0846718998717857
CN,001896,2025-07-21,6.18,6.26,5.95,5.96,6.1796,6.2595,5.9496,5.9596,116809904.0,705703273.0,0.9999328859060402,15.2578133,90.936567,15.2578133,90.936567,0.07655743434742382
CN,001896,2025-07-22,5.9,5.9399999999999995,5.68,5.77,5.8995999999999995,5.9396,5.6796,5.7696,95717519.0,552310642.0,0.9999306759098787,15.2578133,88.037583,15.2578133,88.037583,0.06273344490327458
CN,001896,2025-07-23,5.71,5.8100000000000005,5.67,5.6899999999999995,5.7096,5.8096,5.6696,5.6896,53131838.0,304754629.0,0.9999297012302286,15.2578133,86.816958,15.2578133,86.816958,0.03482270817929067
CN,001896,2025-07-24,5.7,5.72,5.65,5.71,5.6996,5.7196,5.6495999999999995,5.7096,44049900.0,249972763.0,0.9999299474605955,15.2578133,87.122114,15.2578133,87.122114,0.028870388655234103
CN,001896,2025-07-25,5.7,5.75,5.5600000000000005,5.57,5.6996,5.7496,5.5596,5.5696,50541126.0,284018595.0,0.9999281867145422,15.2578133,84.98602,15.2578133,84.98602,0.03312475058270637
CN,001896,2025-07-28,5.59,5.61,5.55,5.6,5.5896,5.6096,5.5496,5.5996,25729342.0,143621552.0,0.9999285714285714,15.2578133,85.443754,15.2578133,85.443754,0.016863059924845193
CN,001896,2025-07-29,5.58,5.67,5.48,5.55,5.5796,5.6696,5.4796,5.5496,40910800.0,227147089.0,0.999927927927928,15.2578133,84.680864,15.2578133,84.680864,0.026813016515282697
CN,001896,2025-07-30,5.53,5.62,5.5,5.57,5.5296,5.6196,5.4996,5.5696,34782124.0,193828257.0,0.9999281867145422,15.2578133,84.98602,15.2578133,84.98602,0.02279627055077414
CN,001896,2025-07-31,5.53,5.55,5.42,5.43,5.5296,5.5496,5.4196,5.4296,36162821.0,197214063.0,0.999926335174954,15.2578133,82.849926,15.2578133,82.849926,0.023701182003583697
CN,001896,2025-08-01,5.41,5.48,5.4,5.45,5.4096,5.4796,5.3996,5.4496,18339481.0,99818480.0,0.9999266055045871,15.2578133,83.155082,15.2578133,83.155082,0.01201973090075758
CN,001896,2025-08-04,5.41,5.5,5.4,5.48,5.4096,5.4996,5.3996,5.4796,20566300.0,112428426.0,0.9999270072992699,15.2578133,83.612817,15.2578133,83.612817,0.013479192329611216
CN,001896,2025-08-05,5.49,5.59,5.46,5.59,5.4896,5.5896,5.4596,5.5896,31873328.0,176944634.0,0.9999284436493739,15.2578133,85.291176,15.2578133,85.291176,0.020889840092616678
CN,001896,2025-08-06,5.6,5.64,5.54,5.58,5.5996,5.6396,5.5396,5.5796,22228903.0,123865227.0,0.9999283154121864,15.2578133,85.138598,15.2578133,85.138598,0.014568865513644736
CN,001896,2025-08-07,5.58,5.63,5.52,5.55,5.5796,5.6296,5.5196,5.5496,22875831.0,127150702.0,0.999927927927928,15.2578133,84.680864,15.2578133,84.680864,0.014992863361357292
CN,001896,2025-08-08,5.51,5.74,5.49,5.7,5.5096,5.7396,5.4896,5.6996,58821865.0,333635741.0,0.9999298245614036,15.2578133,86.969536,15.2578133,86.969536,0.0385519627507829
CN,001896,2025-08-11,5.65,5.66,5.54,5.63,5.6495999999999995,5.6596,5.5396,5.6296,33554667.0,187641267.0,0.9999289520426288,15.2578133,85.901489,15.2578133,85.901489,0.02199179288686145
CN,001896,2025-08-12,5.62,5.64,5.55,5.57,5.6196,5.6396,5.5496,5.5696,24460950.0,136407446.0,0.9999281867145422,15.2578133,84.98602,15.2578133,84.98602,0.016031753383690964
CN,001896,2025-08-13,5.5600000000000005,5.58,5.53,5.5600000000000005,5.5596,5.5796,5.5296,5.5596,23740795.0,131836083.0,0.9999280575539566,15.2578133,84.833442,15.2578133,84.833442,0.015559762420215222
CN,001896,2025-08-14,5.55,5.57,5.43,5.47,5.5496,5.5696,5.4296,5.4696,31443529.0,172841476.0,0.999926873857404,15.2578133,83.460239,15.2578133,83.460239,0.020608149006515895
CN,001896,2025-08-15,5.46,5.52,5.45,5.49,5.4596,5.5196,5.4496,5.4896,18837800.0,103380747.0,0.9999271402550091,15.2578133,83.765395,15.2578133,83.765395,0.01234633012582478
CN,001896,2025-08-18,5.49,5.58,5.46,5.5600000000000005,5.4896,5.5796,5.4596,5.5596,24186418.0,134164473.0,0.9999280575539566,15.2578133,84.833442,15.2578133,84.833442,0.015851824586161373
CN,001896,2025-08-19,5.5600000000000005,5.62,5.54,5.6,5.5596,5.6196,5.5396,5.5996,26708101.0,149346832.0,0.9999285714285714,15.2578133,85.443754,15.2578133,85.443754,0.01750454044420638
CN,001896,2025-08-20,5.6,5.64,5.5600000000000005,5.63,5.5996,5.6396,5.5596,5.6296,22794471.0,127725254.0,0.9999289520426288,15.2578133,85.901489,15.2578133,85.901489,0.01493953986184901
CN,001896,2025-08-21,5.62,5.73,5.61,5.73,5.6196,5.7296,5.6096,5.7296,43743484.0,249158947.0,0.9999301919720767,15.2578133,87.42727,15.2578133,87.42727,0.028669563023162696
CN,001896,2025-08-22,5.75,5.79,5.65,5.71,5.7496,5.7896,5.6495999999999995,5.7096,43332006.0,247153948.0,0.9999299474605955,15.2578133,87.122114,15.2578133,87.122114,0.028399879555479946
CN,001896,2025-08-25,5.7,5.78,5.65,5.72,5.6996,5.7796,5.6495999999999995,5.7196,37838010.0,216440511.0,0.9999300699300699,15.2578133,87.274692,15.2578133,87.274692,0.0247991040760736
CN,001896,2025-08-26,5.74,5.77,5.7,5.71,5.7396,5.7696,5.6996,5.7096,27073625.0,154964981.0,0.9999299474605955,15.2578133,87.122114,15.2578133,87.122114,0.017744105572454476
CN,001896,2025-08-27,5.73,6.07,5.7,5.83,5.7296,6.0696,5.6996,5.8296,85188640.0,502840438.0,0.9999313893653516,15.2578133,88.953052,15.2578133,88.953052,0.05583279748219229
CN,001896,2025-08-28,5.83,5.85,5.45,5.66,5.8296,5.8496,5.4496,5.6596,61888999.0,349751405.0,0.9999293286219081,15.2578133,86.359223,15.2578133,86.359223,0.04056216823678135
CN,001896,2025-08-29,5.64,5.71,5.54,5.55,5.6396,5.7096,5.5396,5.5496,30988575.0,174216209.0,0.999927927927928,15.2578133,84.680864,15.2578133,84.680864,0.02030997128533484
CN,001896,2025-09-01,5.55,5.62,5.48,5.6,5.5496,5.6196,5.4796,5.5996,21859707.0,121849407.0,0.9999285714285714,15.2578133,85.443754,15.2578133,85.443754,0.014326893749578126
CN,001896,2025-09-02,5.5600000000000005,5.62,5.51,5.55,5.5596,5.6196,5.5096,5.5496,21978200.0,122170323.0,0.999927927927928,15.2578133,84.680864,15.2578133,84.680864,0.014404554288260953
CN,001896,2025-09-03,5.55,5.59,5.26,5.28,5.5496,5.5896,5.2596,5.2796,34565008.0,186176874.0,0.9999242424242424,15.2578133,80.561254,15.2578133,80.561254,0.02265397230938722
CN,001896,2025-09-04,5.29,5.42,5.25,5.37,5.2896,5.4196,5.2496,5.3696,25877417.0,138636715.0,0.999925512104283,15.2578133,81.934457,15.2578133,81.934457,0.016960108562869884
CN,001896,2025-09-05,5.37,5.49,5.29,5.48,5.3696,5.4896,5.2896,5.4796,22307504.0,120617053.0,0.9999270072992699,15.2578133,83.612817,15.2578133,83.612817,0.014620380759279576
CN,001896,2025-09-08,5.46,5.65,5.45,5.54,5.4596,5.6495999999999995,5.4496,5.5396,20565001.0,114349766.0,0.999927797833935,15.2578133,84.528286,15.2578133,84.528286,0.01347834096252836
CN,001896,2025-09-09,5.55,5.58,5.43,5.44,5.5496,5.5796,5.4296,5.4396,18304800.0,100563394.0,0.9999264705882352,15.2578133,83.002504,15.2578133,83.002504,0.011997000907069691
CN,001896,2025-09-10,5.43,5.47,5.36,5.45,5.4296,5.4696,5.3596,5.4496,17276777.0,93536667.0,0.9999266055045871,15.2578133,83.155082,15.2578133,83.155082,0.011323232667947247
CN,001896,2025-09-11,5.43,5.51,5.38,5.5,5.4296,5.5096,5.3796,5.4996,19900067.0,108625233.0,0.9999272727272728,15.2578133,83.917973,15.2578133,83.917973,0.013042541947999848
CN,001896,2025-09-12,5.5,5.55,5.45,5.45,5.4996,5.5496,5.4496,5.4496,22595864.0,124211269.0,0.9999266055045871,15.2578133,83.155082,15.2578133,83.155082,0.014809372454439458
CN,001896,2025-09-15,5.45,5.47,5.35,5.38,5.4496,5.4696,5.3496,5.3796,18208701.0,98147337.0,0.9999256505576208,15.2578133,82.087036,15.2578133,82.087036,0.011934017438789869
CN,001896,2025-09-16,5.38,5.41,5.3,5.38,5.3796,5.4096,5.2996,5.3796,16663446.0,89170796.0,0.9999256505576208,15.2578133,82.087036,15.2578133,82.087036,0.010921254358250667
CN,001896,2025-09-17,5.37,5.38,5.3,5.34,5.3696,5.3796,5.2996,5.3396,16836081.0,89871322.0,0.9999250936329588,15.2578133,81.476723,15.2578133,81.476723,0.01103439966721837
CN,001896,2025-09-18,5.33,5.35,5.17,5.2,5.3296,5.3496,5.1696,5.1996,27368045.0,143988323.0,0.9999230769230769,15.2578133,79.340629,15.2578133,79.340629,0.017937069003197203
CN,001896,2025-09-19,5.2,5.25,5.13,5.15,5.1996,5.2496,5.1296,5.1496,16263490.0,84137947.0,0.9999223300970874,15.2578133,78.577738,15.2578133,78.577738,0.01065912243139061
CN,001896,2025-09-22,5.15,5.2,5.11,5.18,5.1496,5.1996,5.1096,5.1796,13231281.0,68202697.0,0.9999227799227799,15.2578133,79.035473,15.2578133,79.035473,0.008671806857146431
CN,001896,2025-09-23,5.19,5.2,5.03,5.16,5.1896,5.1996,5.0296,5.1596,17557262.0,89601667.0,0.9999224806201551,15.2578133,78.730317,15.2578133,78.730317,0.011507063073055167
CN,001896,2025-09-24,5.16,5.21,5.12,5.21,5.1596,5.2096,5.1196,5.2096,13265600.0,68769026.0,0.9999232245681382,15.2578133,79.493207,15.2578133,79.493207,0.008694299595342408
CN,001896,2025-09-25,5.21,5.24,5.11,5.13,5.2096,5.2396,5.1096,5.1296,14526900.0,74987298.0,0.9999220272904483,15.2578133,78.272582,15.2578133,78.272582,0.00952095802614127
CN,001896,2025-09-26,5.11,5.27,5.08,5.17,5.1096,5.2696,5.0796,5.1696,21486617.0,111876525.0,0.9999226305609284,15.2578133,78.882895,15.2578133,78.882895,0.014082369850468677
CN,001896,2025-09-29,5.18,5.28,5.1,5.27,5.1796,5.2796,5.0996,5.2696,23216621.0,121405167.0,0.9999240986717267,15.2578133,80.408676,15.2578133,80.408676,0.0152162177787298
CN,001896,2025-09-30,5.27,5.5,5.24,5.46,5.2696,5.4996,5.2396,5.4596,48251421.0,259865184.0,0.99992673992674,15.2578133,83.307661,15.2578133,83.307661,0.03162407354925492
CN,001896,2025-10-09,5.46,5.84,5.41,5.6899999999999995,5.4596,5.8396,5.4096,5.6896,75734898.0,426102252.0,0.9999297012302286,15.2578133,86.816958,15.2578133,86.816958,0.04963679690588428
CN,001896,2025-10-10,5.65,6.03,5.63,5.92,5.6495999999999995,6.0296,5.6296,5.9196,71045408.0,418637012.0,0.9999324324324325,15.2578133,90.326255,15.2578133,90.326255,0.04656329619657884
CN,001896,2025-10-13,5.72,5.98,5.67,5.91,5.7196,5.9796,5.6696,5.9096,50622909.0,294218491.0,0.9999323181049069,15.2578133,90.173677,15.2578133,90.173677,0.03317835131722316
CN,001896,2025-10-14,5.93,6.03,5.86,5.91,5.9296,6.0296,5.8596,5.9096,52311505.0,310788682.0,0.9999323181049069,15.2578133,90.173677,15.2578133,90.173677,0.03428506036313867
CN,001896,2025-10-15,5.88,6.11,5.86,6.09,5.8796,6.1096,5.8596,6.0896,60748256.0,366081200.0,0.9999343185550083,15.2578133,92.920083,15.2578133,92.920083,0.03981452309421036
CN,001896,2025-10-16,6.05,6.14,5.92,5.95,6.0496,6.1396,5.9196,5.9496,41218482.0,247081987.0,0.9999327731092437,15.2578133,90.783989,15.2578133,90.783989,0.027014671886173885
CN,001896,2025-10-17,5.9399999999999995,5.96,5.73,5.76,5.9396,5.9596,5.7296,5.7596,41721753.0,243096686.0,0.9999305555555555,15.2578133,87.885005,15.2578133,87.885005,0.02734451666150614
CN,001896,2025-10-20,5.82,5.91,5.73,5.87,5.8196,5.9096,5.7296,5.8696,33584400.0,195676220.0,0.9999318568994889,15.2578133,89.563364,15.2578133,89.563364,0.022011279951891928
CN,001896,2025-10-21,5.92,6.2,5.86,6.12,5.9196,6.1996,5.8596,6.1196,59672311.0,362918043.0,0.9999346405228758,15.2578133,93.377817,15.2578133,93.377817,0.0391093466846917
CN,001896,2025-10-22,6.07,6.33,6.07,6.12,6.0696,6.3295,6.0696,6.1196,59333119.0,367830399.0,0.9999346405228758,15.2578133,93.377817,15.2578133,93.377817,0.03888703959957355
CN,001896,2025-10-23,6.11,6.3,6.08,6.21,6.1096,6.2995,6.0796,6.2096,48218059.0,299288763.0,0.9999355877616747,15.2578133,94.751021,15.2578133,94.751021,0.03160220803068812
CN,001896,2025-10-24,6.18,6.19,6.01,6.05,6.1796,6.1896,6.0096,6.0496,42071900.0,255653842.0,0.9999338842975206,15.2578133,92.30977,15.2578133,92.30977,0.02757400367456325
CN,001896,2025-10-27,6.11,6.51,6.08,6.42,6.1096,6.5095,6.0796,6.4195,71884458.0,455219492.0,0.9999221183800624,15.2578133,97.955161,15.2578133,97.955161,0.04711321117030577
CN,001896,2025-10-28,6.36,6.5600000000000005,6.31,6.55,6.3595,6.5595,6.3095,6.5495,64482000.0,415579478.0,0.9999236641221374,15.2578133,99.938677,15.2578133,99.938677,0.04226162604834075
CN,001896,2025-10-29,6.23,6.3,5.91,6.17,6.2296,6.2995,5.9096,6.1696,94698788.0,577463021.0,0.999935170178282,15.2578133,94.140708,15.2578133,94.140708,0.06206576665871249
CN,001896,2025-10-30,6.18,6.22,6.06,6.13,6.1796,6.2196,6.0596,6.1296,41031335.0,252051251.0,0.9999347471451876,15.2578133,93.530396,15.2578133,93.530396,0.02689201538466852
CN,001896,2025-10-31,6.13,6.14,5.96,6.03,6.1296,6.1396,5.9596,6.0296,48430607.0,292223946.0,0.9999336650082918,15.2578133,92.004614,15.2578133,92.004614,0.03174151239614395
CN,001896,2025-11-03,6.03,6.1,5.72,6.07,6.0296,6.0996,5.7196,6.0696,52987962.0,316604565.0,0.9999341021416804,15.2578133,92.614927,15.2578133,92.614927,0.03472841157389178
CN,001896,2025-11-04,6.04,6.08,5.9399999999999995,5.98,6.0396,6.0796,5.9396,5.9796,37798676.0,226807173.0,0.9999331103678928,15.2578133,91.241724,15.2578133,91.241724,0.02477332449729215
CN,001896,2025-11-05,5.88,6.32,5.88,6.16,5.8796,6.3195,5.8796,6.1596,67329400.0,414620557.0,0.9999350649350649,15.2578133,93.98813,15.2578133,93.98813,0.044127817450748334
CN,001896,2025-11-06,6.15,6.23,6.07,6.14,6.1496,6.2296,6.0696,6.1396,43008700.0,264645050.0,0.9999348534201955,15.2578133,93.682974,15.2578133,93.682974,0.028187984185125664
CN,001896,2025-11-07,6.1,6.2,6.06,6.08,6.0996,6.1996,6.0596,6.0796,29071600.0,177637774.0,0.9999342105263158,15.2578133,92.767505,15.2578133,92.767505,0.019053582206304754
CN,001896,2025-11-10,6.14,6.28,6.08,6.24,6.1396,6.2795,6.0796,6.2396,47474848.0,295246929.0,0.9999358974358974,15.2578133,95.208755,15.2578133,95.208755,0.03111510612074405
CN,001896,2025-11-11,6.2,6.22,6.05,6.07,6.1996,6.2196,6.0496,6.0696,34688973.0,211961457.0,0.9999341021416804,15.2578133,92.614927,15.2578133,92.614927,0.02273521920732901
CN,001896,2025-11-12,6.07,6.08,5.95,5.98,6.0696,6.0796,5.9496,5.9796,21796865.0,130608910.0,0.9999331103678928,15.2578133,91.241724,15.2578133,91.241724,0.014285706982664416
CN,001896,2025-11-13,6.0,6.02,5.88,5.95,5.9996,6.0196,5.8796,5.9496,22269300.0,132352687.0,0.9999327731092437,15.2578133,90.783989,15.2578133,90.783989,0.014595341784657963
CN,001896,2025-11-14,5.93,6.16,5.87,6.05,5.9296,6.1596,5.8696,6.0496,43451773.0,261684146.0,0.9999338842975206,15.2578133,92.30977,15.2578133,92.30977,0.028478375076197847
CN,001896,2025-11-17,6.04,6.39,5.89,6.12,6.0396,6.3895,5.8896,6.1196,63715475.0,391193325.0,0.9999346405228758,15.2578133,93.377817,15.2578133,93.377817,0.04175924409823523
CN,001896,2025-11-18,6.11,6.18,5.84,5.93,6.1096,6.1796,5.8396,5.9296,38328999.0,227946750.0,0.9999325463743677,15.2578133,90.478833,15.2578133,90.478833,0.02512089920513053
CN,001896,2025-11-19,5.91,5.98,5.72,5.78,5.9096,5.9796,5.7196,5.7796,28232764.0,163516497.0,0.9999307958477509,15.2578133,88.190161,15.2578133,88.190161,0.01850380748858685
CN,001896,2025-11-20,5.78,5.85,5.71,5.73,5.7796,5.8496,5.7096,5.7296,19318848.0,111558493.0,0.9999301919720767,15.2578133,87.42727,15.2578133,87.42727,0.012661609904480873
CN,001896,2025-11-21,5.6899999999999995,5.72,5.44,5.44,5.6896,5.7196,5.4396,5.4396,31835586.0,176620188.0,0.9999264705882352,15.2578133,83.002504,15.2578133,83.002504,0.020865103913678115
CN,001896,2025-11-24,5.46,5.49,5.3,5.41,5.4596,5.4896,5.2996,5.4096,22002100.0,118519269.0,0.9999260628465804,15.2578133,82.54477,15.2578133,82.54477,0.014420218393942466
CN,001896,2025-11-25,5.46,5.54,5.42,5.5,5.4596,5.5396,5.4196,5.4996,17527301.0,96463094.0,0.9999272727272728,15.2578133,83.917973,15.2578133,83.917973,0.011487426576388899
CN,001896,2025-11-26,5.5,5.53,5.45,5.46,5.4996,5.5296,5.4496,5.4596,14054100.0,77105364.0,0.99992673992674,15.2578133,83.307661,15.2578133,83.307661,0.009211084002450076
CN,001896,2025-11-27,5.45,5.57,5.44,5.5,5.4496,5.5696,5.4396,5.4996,15327388.0,84461072.0,0.9999272727272728,15.2578133,83.917973,15.2578133,83.917973,0.010045599391362325
CN,001896,2025-11-28,5.5,5.6,5.47,5.58,5.4996,5.5996,5.4696,5.5796,14084900.0,78071102.0,0.9999283154121864,15.2578133,85.138598,15.2578133,85.138598,0.009231270381319975
CN,001896,2025-12-01,5.62,5.64,5.5600000000000005,5.59,5.6196,5.6396,5.5596,5.5896,13276300.0,74363401.0,0.9999284436493739,15.2578133,85.291176,15.2578133,85.291176,0.008701312395793963
CN,001896,2025-12-02,5.6,5.62,5.51,5.54,5.5996,5.6196,5.5096,5.5396,12042140.0,66763049.0,0.999927797833935,15.2578133,84.528286,15.2578133,84.528286,0.007892441572869422
CN,001896,2025-12-03,5.5600000000000005,5.6,5.51,5.53,5.5596,5.5996,5.5096,5.5296,13463948.0,74732645.0,0.9999276672694394,15.2578133,84.375708,15.2578133,84.375708,0.008824297253656918
CN,001896,2025-12-04,5.57,5.63,5.46,5.5,5.5696,5.6296,5.4596,5.4996,12779100.0,70540428.0,0.9999272727272728,15.2578133,83.917973,15.2578133,83.917973,0.008375446565465577
CN,001896,2025-12-05,5.48,5.55,5.44,5.54,5.4796,5.5496,5.4396,5.5396,12590900.0,69262600.0,0.999927797833935,15.2578133,84.528286,15.2578133,84.528286,0.008252099925747552
CN,001896,2025-12-08,5.55,5.59,5.49,5.52,5.5496,5.5896,5.4896,5.5196,11310500.0,62453095.0,0.999927536231884,15.2578133,84.223129,15.2578133,84.223129,0.007412923318441706
CN,001896,2025-12-09,5.55,5.66,5.51,5.55,5.5496,5.6596,5.5096,5.5496,20451900.0,113840530.0,0.999927927927928,15.2578133,84.680864,15.2578133,84.680864,0.013404214350951588
CN,001896,2025-12-10,5.51,5.64,5.51,5.62,5.5096,5.6396,5.5096,5.6196,20749801.0,116167160.0,0.9999288256227759,15.2578133,85.748911,15.2578133,85.748911,0.01359945923574776
CN,001896,2025-12-11,5.6,5.67,5.49,5.5,5.5996,5.6696,5.4896,5.4996,16882306.0,94120700.0,0.9999272727272728,15.2578133,83.917973,15.2578133,83.917973,0.011064695620571002
CN,001896,2025-12-12,5.51,5.63,5.5,5.57,5.5096,5.6296,5.4996,5.5696,16169168.0,90343753.0,0.9999281867145422,15.2578133,84.98602,15.2578133,84.98602,0.010597303612307277
CN,001896,2025-12-15,5.57,5.63,5.46,5.48,5.5696,5.6296,5.4596,5.4796,19472101.0,108175557.0,0.9999270072992699,15.2578133,83.612817,15.2578133,83.612817,0.012762052213602588
CN,001896,2025-12-16,5.46,5.62,5.33,5.38,5.4596,5.6196,5.3296,5.3796,33579629.0,182315940.0,0.9999256505576208,15.2578133,82.087036,15.2578133,82.087036,0.022008153029372826
CN,001896,2025-12-17,5.39,5.46,5.3,5.43,5.3896,5.4596,5.2996,5.4296,18450896.0,99245481.0,0.999926335174954,15.2578133,82.849926,15.2578133,82.849926,0.012092752504711798
CN,001896,2025-12-18,5.4,5.41,5.3,5.3,5.3996,5.4096,5.2996,5.2996,18656400.0,99640433.0,0.9999245283018868,15.2578133,80.86641,15.2578133,80.86641,0.012227440219104005
CN,001896,2025-12-19,5.31,5.49,5.31,5.49,5.3096,5.4896,5.3096,5.4896,21353000.0,115865180.0,0.9999271402550091,15.2578133,83.765395,15.2578133,83.765395,0.013994797013278435
CN,001896,2025-12-22,5.43,5.5600000000000005,5.42,5.52,5.4296,5.5596,5.4196,5.5196,14003400.0,77190966.0,0.999927536231884,15.2578133,84.223129,15.2578133,84.223129,0.009177855125544103
CN,001896,2025-12-23,5.52,5.5600000000000005,5.38,5.4,5.5196,5.5596,5.3796,5.3996,17616164.0,95739305.0,0.9999259259259259,15.2578133,82.392192,15.2578133,82.392192,0.011545667556438117
CN,001896,2025-12-24,5.4,5.45,5.37,5.43,5.3996,5.4496,5.3696,5.4296,11601764.0,62907405.0,0.999926335174954,15.2578133,82.849926,15.2578133,82.849926,0.007603818300752179
CN,001896,2025-12-25,5.46,5.46,5.38,5.42,5.4596,5.4596,5.3796,5.4196,11458479.0,61897624.0,0.9999261992619927,15.2578133,82.697348,15.2578133,82.697348,0.0075099090378829055
CN,001896,2025-12-26,5.4,5.44,5.35,5.41,5.3996,5.4396,5.3496,5.4096,14194079.0,76513828.0,0.9999260628465804,15.2578133,82.54477,15.2578133,82.54477,0.009302826506600392
CN,001896,2025-12-29,5.41,5.41,5.27,5.29,5.4096,5.4096,5.2696,5.2896,20516502.0,109352704.0,0.9999243856332704,15.2578133,80.713832,15.2578133,80.713832,0.013446554625229291
CN,001896,2025-12-30,5.26,5.32,5.17,5.21,5.2596,5.3196,5.1696,5.2096,16552700.0,86328507.0,0.9999232245681382,15.2578133,79.493207,15.2578133,79.493207,0.010848671218175149
CN,001896,2025-12-31,5.21,5.24,5.16,5.2,5.2096,5.2396,5.1596,5.1996,11353897.0,58984130.0,0.9999230769230769,15.2578133,79.340629,15.2578133,79.340629,0.007441365795189013
CN,001896,2026-01-05,5.2,5.26,5.2,5.25,5.1996,5.2596,5.1996,5.2496,14798614.0,77443847.0,0.9999238095238095,15.2578133,80.10352,15.2578133,80.10352,0.009699039901084646
CN,001896,2026-01-06,5.25,5.3,5.21,5.3,5.2496,5.2996,5.2096,5.2996,19565101.0,103049947.0,0.9999245283018868,15.2578133,80.86641,15.2578133,80.86641,0.012823004591359103
CN,001896,2026-01-07,5.27,5.32,5.24,5.27,5.2696,5.3196,5.2396,5.2696,21534900.0,113586138.0,0.9999240986717267,15.2578133,80.408676,15.2578133,80.408676,0.014114014620954891
CN,001896,2026-01-08,5.24,5.58,5.23,5.46,5.2396,5.5796,5.2296,5.4596,44972711.0,244285539.0,0.99992673992674,15.2578133,83.307661,15.2578133,83.307661,0.029475200748458497
CN,001896,2026-01-09,5.47,5.54,5.41,5.46,5.4696,5.5396,5.4096,5.4596,22899500.0,125076568.0,0.99992673992674,15.2578133,83.307661,15.2578133,83.307661,0.015008376069197282
CN,001896,2026-01-12,5.48,6.01,5.48,6.01,5.4796,6.0096,5.4796,6.0096,40607597.0,239796760.0,0.9999334442595674,15.2578133,91.699458,15.2578133,91.699458,0.026614296689552494
CN,001896,2026-01-13,6.24,6.61,5.96,6.38,6.2396,6.6095,5.9596,6.3795,160255660.0,1003268658.0,0.9999216300940439,15.2578133,97.344849,15.2578133,97.344849,0.10503186587032101
CN,001896,2026-01-14,6.21,6.55,5.9,6.25,6.2096,6.5495,5.8995999999999995,6.2495,137341239.0,865053315.0,0.99992,15.2578133,95.361333,15.2578133,95.361333,0.09001371054920432
CN,001896,2026-01-15,6.25,6.41,6.17,6.28,6.2495,6.4094999999999995,6.1696,6.2795,53475900.0,334177245.0,0.999920382165605,15.2578133,95.819068,15.2578133,95.819068,0.03504820707171715
CN,001896,2026-01-16,6.45,6.58,6.22,6.34,6.4495000000000005,6.5795,6.2196,6.3395,69639796.0,444957556.0,0.9999211356466877,15.2578133,96.734536,15.2578133,96.734536,0.045642055405147736
CN,001896,2026-01-19,6.29,6.53,6.25,6.46,6.2895,6.5295,6.2495,6.4595,56028338.0,361417259.0,0.9999226006191951,15.2578133,98.565474,15.2578133,98.565474,0.036721079815546044
CN,001896,2026-01-20,6.44,6.65,6.3,6.53,6.4395,6.6495,6.2995,6.5295,65749320.0,424499946.0,0.9999234303215926,15.2578133,99.633521,15.2578133,99.633521,0.043092229998646
CN,001896,2026-01-21,6.47,6.47,6.31,6.36,6.4695,6.4695,6.3095,6.3595,42755416.0,272385470.0,0.9999213836477987,15.2578133,97.039693,15.2578133,97.039693,0.028021981367408657
CN,001896,2026-01-22,6.37,6.47,6.24,6.34,6.3695,6.4695,6.2396,6.3395,59388558.0,375312986.0,0.9999211356466877,15.2578133,96.734536,15.2578133,96.734536,0.03892337442613746
CN,001896,2026-01-23,6.32,6.5,6.32,6.4,6.3195,6.4995,6.3195,6.3995,40504258.0,259540937.0,0.999921875,15.2578133,97.650005,15.2578133,97.650005,0.02654656811143442
CN,001896,2026-01-26,6.4,6.55,6.37,6.48,6.3995,6.5495,6.3695,6.4795,52174941.0,337574053.0,0.9999228395061728,15.2578133,98.87063,15.2578133,98.87063,0.03419555605651565
CN,001896,2026-01-27,6.44,6.48,6.24,6.39,6.4395,6.4795,6.2396,6.3895,39918979.0,252538456.0,0.9999217527386542,15.2578133,97.497427,15.2578133,97.497427,0.026162975136155325
CN,001896,2026-01-28,6.36,6.38,6.29,6.35,6.3595,6.3795,6.2895,6.3495,27991959.0,177241970.0,0.9999212598425198,15.2578133,96.887114,15.2578133,96.887114,0.018345983431321707
CN,001896,2026-01-29,6.34,6.35,6.18,6.22,6.3395,6.3495,6.1796,6.2196,30723248.0,192452289.0,0.9999356913183279,15.2578133,94.903599,15.2578133,94.903599,0.02013607546239932
CN,001896,2026-01-30,6.22,6.29,6.05,6.2,6.2196,6.2895,6.0496,6.1996,32995079.0,203691453.0,0.9999354838709678,15.2578133,94.598442,15.2578133,94.598442,0.021625037842087108
CN,001896,2026-02-02,6.26,6.33,6.13,6.13,6.2595,6.3295,6.1296,6.1296,36348895.0,227095825.0,0.9999347471451876,15.2578133,93.530396,15.2578133,93.530396,0.023823135258838172
CN,001896,2026-02-03,6.16,6.29,6.13,6.24,6.1596,6.2895,6.1296,6.2396,23203697.0,143733658.0,0.9999358974358974,15.2578133,95.208755,15.2578133,95.208755,0.015207747364427378
CN,001896,2026-02-04,6.19,6.35,6.16,6.33,6.1896,6.3495,6.1596,6.3295,25232900.0,158161810.0,0.9999210110584519,15.2578133,96.581958,15.2578133,96.581958,0.016537690889165617
CN,001896,2026-02-05,6.32,6.32,6.08,6.1,6.3195,6.3195,6.0796,6.0996,28113400.0,172988622.0,0.9999344262295082,15.2578133,93.072661,15.2578133,93.072661,0.018425576094839226
CN,001896,2026-02-06,6.05,6.63,6.04,6.51,6.0496,6.6295,6.0396,6.5095,82046609.0,528180774.0,0.9999231950844855,15.2578133,99.328365,15.2578133,99.328365,0.05377350435923869
CN,001896,2026-02-09,6.62,7.08,6.57,6.77,6.6195,7.0795,6.5695,6.7695,83992413.0,575113466.0,0.9999261447562777,15.2578133,103.295396,15.2578133,103.295396,0.05504878801997138
CN,001896,2026-02-10,6.8,6.92,6.72,6.85,6.7995,6.9195,6.7195,6.8495,46644166.0,318967629.0,0.9999270072992701,15.2578133,104.516021,15.2578133,104.516021,0.03057067555021138
CN,001896,2026-02-11,7.54,7.54,7.54,7.54,7.5395,7.5395,7.5395,7.5395,12879418.0,97110812.0,0.9999336870026525,15.2578133,115.043912,15.2578133,115.043912,0.008441195174409428
CN,001896,2026-02-12,8.29,8.29,8.29,8.29,8.2894,8.2894,8.2894,8.2894,5343497.0,44297590.0,0.9999276236429435,15.2578133,126.487272,15.2578133,126.487272,0.003502138147148517
CN,001896,2026-02-13,9.12,9.12,9.12,9.12,9.1193,9.1193,9.1193,9.1193,26033522.0,237425721.0,0.9999232456140352,15.2578133,139.151257,15.2578133,139.151257,0.0170624200782428
CN,001896,2026-02-24,10.03,10.03,10.03,10.03,10.0293,10.0293,10.0293,10.0293,4148086.0,41605303.0,0.9999302093718844,15.2578133,153.035867,15.2578133,153.035867,0.00271866349288728
CN,001896,2026-02-25,10.5,11.03,9.88,11.03,10.4992,11.0292,9.8793,11.0292,320486311.0,3359413625.0,0.9999274705349048,15.2578133,168.293681,15.2578133,168.293681,0.2100473407942408
CN,001896,2026-02-26,11.04,12.13,11.04,12.13,11.0392,12.1291,11.0392,12.1291,103197871.0,1211628967.0,0.9999258037922505,15.2578133,185.077275,15.2578133,185.077275,0.0676360819017231
CN,001896,2026-02-27,12.76,13.34,12.54,13.34,12.7591,13.339,12.5391,13.339,128005862.0,1683749704.0,0.9999250374812594,15.2578133,203.539229,15.2578133,203.539229,0.08389528662013448
CN,001896,2026-03-02,13.35,14.5,12.55,14.14,13.349,14.499,12.5491,14.139,246454913.0,3360469254.0,0.9999292786421499,15.2578133,215.74548,15.2578133,215.74548,0.16152702104435895
CN,001896,2026-03-03,13.89,15.55,13.16,13.28,13.889,15.5489,13.1591,13.279,265270195.0,3862153461.0,0.9999246987951808,15.2578133,202.623761,15.2578133,202.623761,0.17385859282994373
CN,001896,2026-03-04,13.3,14.61,13.3,14.26,13.299,14.6089,13.299,14.259,257347463.0,3658419043.0,0.9999298737727911,15.2578133,217.576418,15.2578133,217.576418,0.16866601913394758
CN,001896,2026-03-05,14.3,14.94,13.51,14.44,14.299,14.9389,13.509,14.439,228609424.0,3281630233.0,0.9999307479224377,15.2578133,220.322824,15.2578133,220.322824,0.14983105344459813
CN,001896,2026-03-06,14.04,15.88,14.03,15.88,14.039,15.8789,14.029,15.8789,236409603.0,3637322087.0,0.9999307304785894,15.2578133,242.294075,15.2578133,242.294075,0.1549433056701513
CN,001896,2026-03-09,15.0,16.77,15.0,15.95,14.9989,16.7688,14.9989,15.9489,264301341.0,4202789024.0,0.9999310344827587,15.2578133,243.362122,15.2578133,243.362122,0.17322360406651457
CN,001896,2026-03-10,15.96,16.28,15.31,15.81,15.9588,16.2788,15.3089,15.8089,170709773.0,2675365723.0,0.9999304237824161,15.2578133,241.226028,15.2578133,241.226028,0.11188351151209852
CN,001896,2026-03-11,16.1,16.65,15.53,16.59,16.0988,16.6488,15.5289,16.5888,205440096.0,3319363058.0,0.9999276672694394,15.2578133,253.127123,15.2578133,253.127123,0.1346458315884623
CN,001896,2026-03-12,16.23,17.88,16.2,17.16,16.2288,17.8787,16.1988,17.1588,235530496.0,4020537590.0,0.9999300699300698,15.2578133,261.824076,15.2578133,261.824076,0.154367137262061
CN,001896,2026-03-13,17.16,17.52,15.44,15.44,17.1588,17.5187,15.4389,15.4389,225235048.0,3700395963.0,0.999928756476684,15.2578133,235.580637,15.2578133,235.580637,0.1476194809645495
CN,001896,2026-03-16,15.0,15.34,13.9,13.9,14.9989,15.3389,13.899000000000001,13.899000000000001,240807591.0,3430369115.0,0.9999280575539569,15.2578133,212.083605,15.2578133,212.083605,0.15782575541149138
CN,001896,2026-03-17,13.8,14.39,13.3,13.9,13.799,14.389,13.299,13.899000000000001,190011858.0,2658438961.0,0.9999280575539569,15.2578133,212.083605,15.2578133,212.083605,0.12453413491433926
CN,001896,2026-03-18,13.88,14.53,13.86,14.22,13.879,14.529,13.859,14.219,173347132.0,2456646560.0,0.9999296765119549,15.2578133,216.966105,15.2578133,216.966105,0.11361204164164206
CN,001896,2026-03-19,13.88,15.02,13.88,14.9,13.879,15.0189,13.879,14.8989,193041134.0,2815958727.0,0.9999261744966442,15.2578133,227.341418,15.2578133,227.341418,0.12651952819477744
CN,001896,2026-03-20,14.5,15.66,14.16,15.22,14.499,15.6589,14.159,15.2189,212949669.0,3205234332.0,0.999927726675427,15.2578133,232.223918,15.2578133,232.223918,0.13956762008616266
CN,001896,2026-03-23,14.96,16.52,14.81,16.21,14.9589,16.5188,14.8089,16.2088,220024312.0,3487309443.0,0.9999259716224552,15.2578133,247.329154,15.2578133,247.329154,0.1442043546305551
CN,001896,2026-03-24,15.79,16.99,15.3,16.9,15.7889,16.9888,15.2989,16.8988,224162326.0,3670680602.0,0.9999289940828404,15.2578133,257.857045,15.2578133,257.857045,0.14691641691539115
CN,001896,2026-03-25,16.66,17.7,15.6,16.07,16.6588,17.6987,15.5989,16.0688,269125869.0,4512272874.0,0.9999253266957062,15.2578133,245.19306,15.2578133,245.19306,0.1763856089391263
CN,001896,2026-03-26,15.6,16.05,14.58,15.04,15.5989,16.0488,14.5789,15.0389,217886509.0,3330259627.0,0.9999268617021277,15.2578133,229.477512,15.2578133,229.477512,0.1428032344582431
CN,001896,2026-03-27,14.98,16.54,14.62,16.54,14.9789,16.5388,14.6189,16.5388,226460978.0,3550966455.0,0.9999274486094316,15.2578133,252.364232,15.2578133,252.364232,0.14842295782974355
CN,001896,2026-03-30,15.5,16.1,14.89,14.89,15.4989,16.0988,14.8889,14.8889,177287172.0,2700715959.0,0.9999261249160509,15.2578133,227.18884,15.2578133,227.18884,0.11619435138847846
CN,001896,2026-03-31,14.16,14.58,13.72,13.72,14.159,14.5789,13.719,13.719,178706687.0,2519965414.0,0.9999271137026238,15.2578133,209.337198,15.2578133,209.337198,0.1171247042326832
CN,001896,2026-04-01,13.36,14.25,13.0,13.85,13.359,14.249,12.9991,13.849,158951396.0,2168582580.0,0.999927797833935,15.2578133,211.320714,15.2578133,211.320714,0.10417704875180246
CN,001896,2026-04-02,13.86,14.12,12.6,12.66,13.859,14.119,12.5991,12.6591,144014116.0,1922054510.0,0.9999289099526066,15.2578133,193.163916,15.2578133,193.163916,0.09438712688927711
CN,001896,2026-04-03,12.84,12.98,12.15,12.63,12.8391,12.9791,12.1491,12.6291,130047863.0,1637011260.0,0.9999287410926365,15.2578133,192.706182,15.2578133,192.706182,0.08523361797853432
CN,001896,2026-04-07,12.4,12.7,12.31,12.57,12.3991,12.6991,12.3091,12.5691,90953197.0,1140415771.0,0.999928400954654,15.2578133,191.790713,15.2578133,191.790713,0.05961089915813821
CN,001896,2026-04-08,12.7,13.15,12.57,13.1,12.6991,13.1491,12.5691,13.0991,118971029.0,1537852333.0,0.9999312977099237,15.2578133,199.877354,15.2578133,199.877354,0.07797383980311255
CN,001896,2026-04-09,13.0,13.41,12.72,12.8,12.9991,13.409,12.7191,12.7991,106103007.0,1384154063.0,0.9999296874999999,15.2578133,195.30001,15.2578133,195.30001,0.06954011358888498
CN,001896,2026-04-10,12.99,13.35,12.63,13.21,12.9891,13.349,12.6291,13.209,113106667.0,1473114042.0,0.9999242997728992,15.2578133,201.555714,15.2578133,201.555714,0.0741303257394033
CN,001896,2026-04-13,13.38,14.5,13.29,14.41,13.379,14.499,13.289,14.409,158629835.0,2209871811.0,0.9999306037473977,15.2578133,219.86509,15.2578133,219.86509,0.1039662970577835
CN,001896,2026-04-14,14.87,15.85,14.7,15.06,14.8689,15.8489,14.6989,15.0589,206827193.0,3192634494.0,0.9999269588313412,15.2578133,229.782668,15.2578133,229.782668,0.13555493761350454
CN,001896,2026-04-15,15.06,16.57,14.2,16.57,15.0589,16.5688,14.199,16.5688,266222299.0,4219852283.0,0.9999275799637899,15.2578133,252.821966,15.2578133,252.821966,0.1744826036113576
CN,001896,2026-04-16,16.41,17.68,15.75,17.06,16.4088,17.6787,15.7489,17.0588,225363194.0,3815691180.0,0.9999296600234469,15.2578133,260.298295,15.2578133,260.298295,0.14770346809788268
CN,001896,2026-04-17,17.28,18.09,16.47,17.08,17.2788,18.0887,16.4688,17.0788,200898919.0,3465716608.0,0.999929742388759,15.2578133,260.603451,15.2578133,260.603451,0.13166953550283644
CN,001896,2026-04-20,17.32,18.79,16.89,18.79,17.3188,18.7886,16.8888,18.7886,237693087.0,4276979509.0,0.9999254922831293,15.2578133,286.694312,15.2578133,286.694312,0.15578450353695178
CN,001896,2026-04-21,18.78,18.85,17.0,17.1,18.7786,18.8486,16.9988,17.0988,255123854.0,4471988506.0,0.9999298245614034,15.2578133,260.908607,15.2578133,260.908607,0.16720866154522943
CN,001896,2026-04-22,16.88,17.9,16.4,17.5,16.8788,17.8987,16.3988,17.4987,200697669.0,3478012629.0,0.9999257142857143,15.2578133,267.011733,15.2578133,267.011733,0.13153763586817516
CN,001896,2026-04-23,17.7,18.46,16.42,17.97,17.6987,18.4587,16.4188,17.9687,234670027.0,4112108201.0,0.9999276572064552,15.2578133,274.182905,15.2578133,274.182905,0.15380318423479464
CN,001896,2026-04-24,17.49,17.89,16.5,16.75,17.4887,17.8887,16.4988,16.7488,167387621.0,2863303768.0,0.9999283582089552,15.2578133,255.568373,15.2578133,255.568373,0.10970616674146878
CN,001896,2026-04-27,16.3,17.16,15.92,16.39,16.2988,17.1588,15.9189,16.3888,131307429.0,2175921495.0,0.9999267846247711,15.2578133,250.07556,15.2578133,250.07556,0.08605913994241887
CN,001896,2026-04-28,16.09,16.9,15.66,15.73,16.0888,16.8988,15.6589,15.7289,159330255.0,2565898285.0,0.9999300699300698,15.2578133,240.005403,15.2578133,240.005403,0.10442535366453855
CN,001896,2026-04-29,15.3,17.3,15.11,16.93,15.2989,17.2988,15.1089,16.9288,235256115.0,3951221796.0,0.9999291199054932,15.2578133,258.314779,15.2578133,258.314779,0.15418730743022002
CN,001896,2026-04-30,16.2,16.3,15.24,15.24,16.1988,16.2988,15.2389,15.2389,154696499.0,2412091282.0,0.9999278215223096,15.2578133,232.529075,15.2578133,232.529075,0.10138838112536086
CN,001896,2026-05-06,15.02,16.66,15.02,16.4,15.0189,16.6588,15.0189,16.3988,167337240.0,2657996307.0,0.9999268292682929,15.2578133,250.228138,15.2578133,250.228138,0.10967314693777253
CN,001896,2026-05-07,16.61,17.0,16.31,16.76,16.6088,16.9988,16.3088,16.7588,152446336.0,2540341390.0,0.9999284009546539,15.2578133,255.720951,15.2578133,255.720951,0.09991361999428844
CN,001896,2026-05-08,16.71,17.12,16.22,16.41,16.7088,17.1188,16.2188,16.4088,136150078.0,2262288117.0,0.999926873857404,15.2578133,250.380716,15.2578133,250.380716,0.08923302135306636
CN,001896,2026-05-11,16.76,17.56,16.52,16.81,16.7588,17.5587,16.5188,16.8088,158639457.0,2695300745.0,0.9999286139202858,15.2578133,256.483842,15.2578133,256.483842,0.10397260333497461
CN,001896,2026-05-12,16.81,17.46,15.73,16.98,16.8088,17.4587,15.7289,16.9788,198797782.0,3367425479.0,0.9999293286219081,15.2578133,259.07767,15.2578133,259.07767,0.1302924462970064
CN,001896,2026-05-13,16.98,18.67,16.8,17.76,16.9788,18.6687,16.7988,17.7587,241972103.0,4328468429.0,0.9999268018018018,15.2578133,270.978764,15.2578133,270.978764,0.1585889788020935
CN,001896,2026-05-14,17.72,19.4,16.81,16.82,17.7187,19.3986,16.8088,16.8188,235494075.0,4203577161.0,0.9999286563614744,15.2578133,256.63642,15.2578133,256.63642,0.15434326686904734
CN,001896,2026-05-15,16.01,16.3,15.14,15.19,16.0088,16.2988,15.1389,15.1889,185289442.0,2858482036.0,0.9999275839368006,15.2578133,231.766184,15.2578133,231.766184,0.12143905444170038
CN,001896,2026-05-18,14.7,15.36,14.51,14.72,14.6989,15.3589,14.509,14.7189,112610927.0,1664655260.0,0.9999252717391304,15.2578133,224.595012,15.2578133,224.595012,0.0738054167958655
CN,001896,2026-05-19,14.57,16.19,14.38,16.19,14.5689,16.1888,14.379,16.1888,134680818.0,2081427054.0,0.9999258801729463,15.2578133,247.023997,15.2578133,247.023997,0.088270065540781
CN,001896,2026-05-20,16.56,16.64,14.8,14.88,16.5588,16.6388,14.7989,14.8789,152158716.0,2348828287.0,0.9999260752688172,15.2578133,227.036262,15.2578133,227.036262,0.09972511329654296
CN,001896,2026-05-21,14.88,16.37,14.61,16.37,14.8789,16.3688,14.6089,16.3688,290881578.0,4681473689.0,0.9999266951740989,15.2578133,249.770404,15.2578133,249.770404,0.19064434220072676
CN,001896,2026-05-22,16.0,16.16,15.1,15.76,15.9988,16.1588,15.0989,15.7589,223548833.0,3516755775.0,0.9999302030456854,15.2578133,240.463138,15.2578133,240.463138,0.14651433243058493
CN,001896,2026-05-25,16.01,17.3,15.8,16.92,16.0088,17.2988,15.7989,16.9188,238377110.0,3940483471.0,0.9999290780141844,15.2578133,258.162201,15.2578133,258.162201,0.15623281351856624
CN,001896,2026-05-26,16.51,17.05,16.1,16.55,16.5088,17.0488,16.0988,16.5488,176586456.0,2915599870.0,0.9999274924471299,15.2578133,252.51681,15.2578133,252.51681,0.11573510078275764
CN,001896,2026-05-27,15.0,16.33,15.0,15.74,14.9989,16.3288,14.9989,15.7389,180705554.0,2824905073.0,0.9999301143583227,15.2578133,240.157981,15.2578133,240.157981,0.11843476548503841
CN,001896,2026-05-28,15.66,16.52,14.76,15.69,15.6589,16.5188,14.7589,15.6889,165112679.0,2593314593.0,0.999929891650733,15.2578133,239.395091,15.2578133,239.395091,0.10821516540643475
CN,001896,2026-05-29,15.47,17.11,15.25,16.37,15.4689,17.1088,15.2489,16.3688,213439640.0,3477182805.0,0.9999266951740989,15.2578133,249.770404,15.2578133,249.770404,0.13988874801607384
CN,001896,2026-06-01,16.4,18.01,15.09,17.65,16.3988,18.0087,15.0889,17.6487,269803509.0,4508601454.0,0.9999263456090653,15.2578133,269.300405,15.2578133,269.300405,0.17682973549034053
CN,001896,2026-06-02,17.13,18.88,16.43,18.25,17.1288,18.8786,16.4288,18.2487,275773304.0,4851887664.0,0.9999287671232876,15.2578133,278.455093,15.2578133,278.455093,0.18074235054377025
CN,001896,2026-06-03,18.2,20.08,18.03,20.08,18.1987,20.0786,18.0287,20.0786,164408239.0,3192284487.0,0.9999302788844623,15.2578133,306.376891,15.2578133,306.376891,0.10775347408399603
CN,001896,2026-06-04,21.65,22.09,21.02,22.09,21.6484,22.0884,21.0185,22.0884,206152136.0,4490332176.0,0.9999275690357627,15.2578133,337.045096,15.2578133,337.045096,0.13511250396542734
CN,001896,2026-06-05,23.01,24.04,19.88,19.88,23.0083,24.0383,19.8786,19.8786,299642076.0,6518799907.0,0.9999295774647887,15.2578133,303.325328,15.2578133,303.325328,0.19638598933439563
CN,001896,2026-06-08,19.87,21.5,19.0,19.6,19.87,21.5,19.0,19.6,265467874.0,5422822789.0,1.0,15.2578133,299.053141,15.2578133,299.053141,0.17398815202437953
CN,001896,2026-06-09,19.58,21.56,18.23,21.56,19.58,21.56,18.23,21.56,288303691.0,5636835631.23,1.0,15.2578133,328.958455,15.2578133,328.958455,0.18895479013365565
CN,001896,2026-06-10,21.01,22.35,20.36,21.17,21.01,22.35,20.36,21.17,246778476.0,5283869955.93,1.0,15.2578133,323.007908,15.2578133,323.007908,0.16173908485300445
CN,001896,2026-06-11,20.7,22.4,20.31,21.21,20.7,22.4,20.31,21.21,227208272.0,4876438610.67,1.0,15.2578133,323.61822,15.2578133,323.61822,0.1489127357456917
CN,001896,2026-06-12,20.8,22.2,20.2,21.8,20.8,22.2,20.2,21.8,228852412.0,4901686842.31,1.0,15.2578133,332.620323,15.2578133,332.620323,0.14999030824423576
CN,001896,2026-06-15,21.3,23.49,21.02,22.7,21.3,23.49,21.02,22.7,212149059.0,4773563367.08,1.0,15.2578133,346.352355,15.2578133,346.352355,0.13904289876190842
CN,001896,2026-06-16,22.68,23.8,22.05,22.06,22.68,23.8,22.05,22.06,250782411.0,5700662714.16,1.0,15.2578133,336.587355,15.2578133,336.587355,0.16436327150496724
CN,001896,2026-06-17,21.86,22.94,20.8,21.76,21.86,22.94,20.8,21.76,220457552.0,4797216250.32,1.0,15.2578133,332.010011,15.2578133,332.010011,0.14448830095463286
CN,001896,2026-06-18,21.4,21.78,19.58,19.85,21.4,21.78,19.58,19.85,214143270.0,4373279596.1,1.0,15.2578133,302.867588,15.2578133,302.867588,0.14034990846296436
