country,code,time,pct_chg,ma5,ma10,ma20,ma60,ema12,ema26,macd,macd_signal,macd_hist,rsi14,boll_upper,boll_lower,atr14,vol_ma5
HK,1359,2016-06-20,,,,,,1.3422,1.3422,0.0,0.0,0.0,,,,0.021,
HK,1359,2016-06-21,1.95947,,,,,1.346246,1.344148,0.002098,0.00042,0.003357,,,,0.022129,
HK,1359,2016-06-22,0.387285,,,,,1.350485,1.346345,0.004141,0.001164,0.005954,,,,0.022055,
HK,1359,2016-06-23,0.0,,,,,1.354072,1.348378,0.005694,0.00207,0.007248,,,,0.022737,
HK,1359,2016-06-24,-2.68598,1.35904,,,,1.35143,1.347528,0.003902,0.002436,0.002932,89.026722,,,0.026006,38096080.2
HK,1359,2016-06-27,-0.785399,1.35588,,,,1.347579,1.345963,0.001616,0.002272,-0.001312,86.130441,,,0.025655,40780349.0
HK,1359,2016-06-28,0.791616,1.34956,,,,1.345936,1.345292,0.000645,0.001947,-0.002604,86.599916,,,0.02608,37291050.6
HK,1359,2016-06-29,0.39644,1.34324,,,,1.345362,1.345063,0.000299,0.001617,-0.002637,86.842024,,,0.026096,37097721.8
HK,1359,2016-06-30,2.354344,1.34324,,,,1.349737,1.347191,0.002545,0.001803,0.001485,88.209814,,,0.02686,39703434.2
HK,1359,2016-07-04,0.0,1.35062,1.35483,,,1.353439,1.349162,0.004276,0.002298,0.003958,88.209814,,,0.026449,32657392.8
HK,1359,2016-07-05,-0.975397,1.35742,1.35665,,,1.35451,1.349995,0.004515,0.002741,0.003548,83.919584,,,0.026545,29933793.2
HK,1359,2016-07-06,-1.22758,1.35878,1.35417,,,1.352847,1.349529,0.003318,0.002856,0.000923,78.777244,,,0.026635,31123642.0
HK,1359,2016-07-07,0.833519,1.36132,1.35228,,,1.353163,1.349926,0.003236,0.002932,0.000608,79.676696,,,0.025925,29968184.6
HK,1359,2016-07-08,-0.826629,1.3553,1.34927,,,1.351707,1.349465,0.002242,0.002794,-0.001105,76.198858,,,0.025666,25426762.0
HK,1359,2016-07-11,1.659597,1.35374,1.35218,,,1.353906,1.35069,0.003216,0.002879,0.000674,78.235858,,,0.025819,20929181.4
HK,1359,2016-07-12,1.625183,1.3593,1.35836,,,1.359182,1.353469,0.005713,0.003446,0.004536,80.064981,,,0.026353,23132601.2
HK,1359,2016-07-13,0.799597,1.37042,1.3646,,,1.365354,1.356863,0.00849,0.004454,0.008072,80.92806,,,0.026056,21657827.6
HK,1359,2016-07-14,0.0,1.3793,1.37031,,,1.370576,1.360007,0.010569,0.005677,0.009784,80.92806,,,0.025781,21910345.8
HK,1359,2016-07-15,0.0,1.39042,1.37286,,,1.374995,1.362917,0.012078,0.006958,0.010241,80.92806,,,0.025525,26303896.0
HK,1359,2016-07-18,0.793254,1.3993,1.37652,1.365675,,1.380442,1.366435,0.014008,0.008368,0.01128,81.90645,1.413804,1.317546,0.025681,25902623.6
HK,1359,2016-07-19,-0.787011,1.40152,1.38041,1.36853,,1.383343,1.368869,0.014474,0.009589,0.009771,77.618338,1.417517,1.319543,0.025039,23106403.4
HK,1359,2016-07-20,0.0,1.40152,1.38597,1.37007,,1.385798,1.371123,0.014675,0.010606,0.008138,77.618338,1.42086,1.31928,0.025229,22358298.2
HK,1359,2016-07-21,0.0,1.40152,1.39041,1.371345,,1.387875,1.37321,0.014665,0.011418,0.006494,77.618338,1.423702,1.318988,0.024613,21754321.8
HK,1359,2016-07-22,-0.4002,1.4004,1.39541,1.37234,,1.388772,1.374728,0.014043,0.011943,0.004201,75.139571,1.425594,1.319086,0.02444,18513607.2
HK,1359,2016-07-25,0.401808,1.39818,1.39874,1.37546,,1.390391,1.376548,0.013843,0.012323,0.00304,75.966141,1.427337,1.323583,0.02428,19324949.6
HK,1359,2016-07-26,1.186307,1.4015,1.40151,1.379935,,1.394316,1.379463,0.014852,0.012829,0.004047,78.272301,1.429501,1.330369,0.025718,19952196.0
HK,1359,2016-07-27,0.395508,1.40594,1.40373,1.384165,,1.398498,1.382577,0.015921,0.013447,0.004947,79.004219,1.432749,1.335581,0.026259,23408119.2
HK,1359,2016-07-28,0.386915,1.41148,1.4065,1.388405,,1.402883,1.385868,0.017015,0.014161,0.005709,79.72655,1.436397,1.340413,0.025569,24301583.6
HK,1359,2016-07-29,-1.941135,1.4126,1.4065,1.38968,,1.402332,1.386863,0.015469,0.014422,0.002093,67.189215,1.437406,1.341954,0.025721,24260835.6
HK,1359,2016-08-01,0.793254,1.41482,1.4065,1.39151,,1.403573,1.388606,0.014967,0.014531,0.000871,69.274337,1.439467,1.343553,0.026263,24885329.4
HK,1359,2016-08-03,-0.39705,1.4126,1.40705,1.39373,,1.403762,1.389806,0.013956,0.014416,-0.000921,66.962299,1.439794,1.347666,0.026365,26014281.0
HK,1359,2016-08-04,-0.391515,1.40816,1.40705,1.39651,,1.403075,1.390509,0.012566,0.014046,-0.00296,64.679089,1.436467,1.356553,0.025675,21601941.0
HK,1359,2016-08-05,1.979561,1.40816,1.40982,1.400115,,1.406756,1.393212,0.013544,0.013946,-0.000804,70.191669,1.43732,1.36291,0.027405,24000294.8
HK,1359,2016-08-08,1.170287,1.41704,1.41482,1.405115,,1.41244,1.396952,0.015488,0.014254,0.002467,72.934278,1.437172,1.373058,0.026641,25961495.0
HK,1359,2016-08-09,0.380966,1.4248,1.41981,1.409275,,1.418095,1.400822,0.017273,0.014858,0.00483,73.789602,1.441541,1.377009,0.027116,26946979.8
HK,1359,2016-08-10,1.53878,1.43814,1.42537,1.41344,,1.426311,1.406058,0.020254,0.015937,0.008633,76.967752,1.45415,1.37273,0.027958,29970630.4
HK,1359,2016-08-11,0.754332,1.4548,1.43148,1.417605,,1.434971,1.411727,0.023244,0.017398,0.011691,78.373446,1.46765,1.36756,0.02874,34035413.6
HK,1359,2016-08-12,0.37097,1.46702,1.43759,1.422045,,1.443145,1.417385,0.02576,0.019071,0.013379,79.055546,1.479946,1.364144,0.027872,33596839.8
HK,1359,2016-08-15,0.745918,1.47812,1.44758,1.42704,,1.451769,1.423445,0.028324,0.020921,0.014805,80.399177,1.492918,1.361162,0.02866,37869930.4
HK,1359,2016-08-16,0.373533,1.48924,1.45702,1.43176,,1.459927,1.429471,0.030456,0.022828,0.015255,81.059347,1.505277,1.358243,0.028992,39979445.6
HK,1359,2016-08-17,0.0,1.4959,1.46702,1.437035,,1.466831,1.435051,0.03178,0.024619,0.014322,81.059347,1.515455,1.358615,0.028106,38953332.4
HK,1359,2016-08-18,-0.73764,1.49812,1.47646,1.441755,,1.470965,1.439396,0.031569,0.026009,0.011121,75.234274,1.521867,1.361643,0.027685,39772604.8
HK,1359,2016-08-19,-0.374908,1.49812,1.48257,1.446195,,1.473601,1.443003,0.030597,0.026926,0.007342,72.407247,1.526246,1.366144,0.027293,39679605.2
HK,1359,2016-08-22,-1.115516,1.49258,1.48535,1.450085,,1.473278,1.445114,0.028163,0.027174,0.001979,64.651915,1.527056,1.373114,0.028915,37084495.8
HK,1359,2016-08-23,0.0,1.48592,1.48758,1.453695,,1.473004,1.447069,0.025935,0.026926,-0.001981,64.651915,1.527508,1.379882,0.030028,35689695.8
HK,1359,2016-08-24,-0.380564,1.47814,1.48702,1.456195,,1.471911,1.448464,0.023448,0.02623,-0.005566,62.05163,1.52808,1.38431,0.031062,33274960.4
HK,1359,2016-08-25,-0.375196,1.47148,1.4848,1.45814,,1.47014,1.449348,0.020792,0.025143,-0.008701,59.519656,1.528248,1.388032,0.031229,30471000.4
HK,1359,2016-08-26,1.136675,1.46926,1.48369,1.46064,,1.471196,1.451396,0.019799,0.024074,-0.008549,64.259815,1.529686,1.391594,0.031777,32732283.6
HK,1359,2016-08-29,0.0,1.47036,1.48147,1.464525,,1.472089,1.453293,0.018796,0.023019,-0.008445,64.259815,1.527833,1.401217,0.031485,29161443.6
HK,1359,2016-08-30,1.13067,1.4748,1.48036,1.46869,,1.475413,1.456286,0.019128,0.02224,-0.006225,68.555837,1.528044,1.409336,0.032808,34870623.6
HK,1359,2016-08-31,-2.229363,1.4737,1.47592,1.47147,,1.473104,1.456591,0.016513,0.021095,-0.009164,54.490685,1.523329,1.419611,0.034036,49958082.4
HK,1359,2016-09-01,0.376609,1.4748,1.47314,1.4748,,1.471995,1.45728,0.014715,0.019819,-0.010207,56.092961,1.514918,1.434682,0.033198,58228882.4
HK,1359,2016-09-02,0.0,1.47258,1.47092,1.476745,,1.471058,1.457919,0.013139,0.018483,-0.010688,56.092961,1.510704,1.442786,0.032805,62339993.6
HK,1359,2016-09-05,3.028856,1.47924,1.4748,1.480075,,1.477095,1.461799,0.015296,0.017846,-0.005099,66.978,1.513476,1.446674,0.034826,78591165.6
HK,1359,2016-09-06,3.681388,1.49368,1.48424,1.48591,,1.490757,1.46951,0.021247,0.018526,0.005443,75.251957,1.53347,1.43835,0.037896,89421453.2
HK,1359,2016-09-07,0.351236,1.51588,1.49479,1.490905,,1.503164,1.477057,0.026106,0.020042,0.012129,75.89536,1.550758,1.431052,0.03916,89439608.8
HK,1359,2016-09-08,3.888253,1.5492,1.512,1.4984,,1.523062,1.488572,0.03449,0.022932,0.023117,81.613999,1.584154,1.412646,0.040727,93118521.8
HK,1359,2016-09-09,2.039816,1.58918,1.53088,1.507285,,1.545021,1.5017,0.043322,0.02701,0.032624,83.861241,1.619629,1.394941,0.044561,121910827.6
HK,1359,2016-09-12,-5.330772,1.60252,1.54088,1.511175,,1.549941,1.507277,0.042664,0.03014,0.025047,62.073127,1.627449,1.394901,0.048121,124705450.0
HK,1359,2016-09-13,-0.703868,1.60252,1.5481,1.51423,1.437222,1.552396,1.51162,0.040777,0.032268,0.017018,59.975506,1.632861,1.395599,0.048648,111470733.4
HK,1359,2016-09-14,-0.715244,1.59918,1.55753,1.516725,1.440763,1.552751,1.514811,0.03794,0.033402,0.009075,57.851208,1.63655,1.3969,0.047952,100908911.0
HK,1359,2016-09-15,0.360198,1.58474,1.56697,1.520055,1.44396,1.553912,1.518181,0.035732,0.033868,0.003727,58.640025,1.640833,1.399277,0.046912,95815717.0
HK,1359,2016-09-19,2.134205,1.5703,1.57974,1.52533,1.447623,1.560018,1.523767,0.036251,0.034345,0.003813,63.066452,1.64924,1.40142,0.047926,72507426.2
HK,1359,2016-09-20,0.0,1.57362,1.58807,1.531435,1.451287,1.565184,1.52894,0.036245,0.034725,0.00304,63.066452,1.656164,1.406706,0.046088,61287105.6
HK,1359,2016-09-21,1.047942,1.5825,1.59251,1.538375,1.455843,1.572125,1.534967,0.037159,0.035211,0.003895,65.230717,1.664431,1.412319,0.046761,66792354.6
HK,1359,2016-09-22,0.341551,1.59472,1.59695,1.54587,1.460667,1.578845,1.540954,0.03789,0.035747,0.004286,65.938634,1.671623,1.420117,0.046992,77951616.6
HK,1359,2016-09-23,-0.686966,1.6036,1.59417,1.553085,1.46513,1.582822,1.545676,0.037146,0.036027,0.002238,63.144378,1.674891,1.431279,0.046407,82374454.2
HK,1359,2016-09-26,-3.45859,1.59472,1.58251,1.556695,1.46858,1.57765,1.545937,0.031712,0.035164,-0.006903,51.412892,1.673442,1.439948,0.047456,79005049.4
HK,1359,2016-09-27,1.077976,1.58918,1.5814,1.56114,1.471782,1.575842,1.547416,0.028426,0.033816,-0.010781,54.171932,1.672034,1.450246,0.047238,81374984.0
HK,1359,2016-09-28,0.708858,1.58252,1.58251,1.565305,1.475168,1.57602,1.549607,0.026413,0.032336,-0.011846,55.961946,1.671929,1.458681,0.047435,82353070.6
HK,1359,2016-09-29,-1.414077,1.5703,1.58251,1.57002,1.478407,1.57274,1.549985,0.022756,0.03042,-0.015328,51.601289,1.665421,1.474619,0.047218,66545478.8
HK,1359,2016-09-30,-2.141892,1.55364,1.57862,1.572795,1.481368,1.564842,1.547867,0.016974,0.027731,-0.021512,45.855207,1.658673,1.486917,0.047017,60941241.2
HK,1359,2016-10-03,1.459182,1.55252,1.57362,1.57668,1.484513,1.561574,1.547551,0.014023,0.024989,-0.021933,49.863494,1.64879,1.50457,0.046037,51679836.2
HK,1359,2016-10-04,0.362788,1.54918,1.56918,1.578625,1.487938,1.55967,1.547673,0.011997,0.022391,-0.020788,50.851884,1.645367,1.511883,0.044335,41743414.6
HK,1359,2016-10-05,0.355022,1.54472,1.56362,1.578065,1.491083,1.558905,1.548194,0.010712,0.020055,-0.018686,51.855756,1.64541,1.51072,0.043154,28259528.8
HK,1359,2016-10-06,2.50209,1.5525,1.5614,1.579175,1.494507,1.564243,1.551557,0.012686,0.018581,-0.01179,58.337455,1.646776,1.511574,0.044036,34351810.2
HK,1359,2016-10-07,0.0,1.56694,1.56029,1.57723,1.497745,1.56876,1.554671,0.014088,0.017682,-0.007189,58.337455,1.640693,1.513767,0.043269,31850717.2
HK,1359,2016-10-11,0.696536,1.57916,1.56584,1.574175,1.501168,1.574289,1.558377,0.015912,0.017328,-0.002833,60.114515,1.624892,1.523458,0.043749,40970941.6
HK,1359,2016-10-12,-3.115847,1.58026,1.56472,1.57306,1.503758,1.571275,1.558105,0.01317,0.016497,-0.006653,49.808486,1.624456,1.521664,0.044589,50399769.2
HK,1359,2016-10-13,-1.06773,1.57694,1.56083,1.57167,1.505887,1.566171,1.556623,0.009548,0.015107,-0.011117,46.931741,1.625224,1.518116,0.043782,60772975.8
HK,1359,2016-10-14,2.529094,1.57362,1.56306,1.572785,1.508848,1.567837,1.558132,0.009705,0.014027,-0.008643,53.682728,1.625805,1.519765,0.043434,58206132.2
HK,1359,2016-10-17,-0.703868,1.56808,1.56751,1.573065,1.511625,1.567539,1.558708,0.008831,0.012987,-0.008312,51.663102,1.625877,1.520253,0.041924,54048566.8
HK,1359,2016-10-18,1.060093,1.56364,1.5714,1.57251,1.514678,1.569841,1.56047,0.009371,0.012264,-0.005787,54.424551,1.624677,1.520343,0.040908,47658442.4
HK,1359,2016-10-19,1.402844,1.57364,1.57695,1.573065,1.518195,1.575204,1.563746,0.011457,0.012103,-0.001291,57.889364,1.626342,1.519788,0.040365,41222845.6
HK,1359,2016-10-20,0.0,1.58696,1.58195,1.572785,1.521618,1.579742,1.56678,0.012962,0.012275,0.001374,57.889364,1.62533,1.52024,0.03986,32490039.8
HK,1359,2016-10-24,1.732411,1.59806,1.58584,1.57362,1.525228,1.587858,1.571648,0.01621,0.013062,0.006297,62.076511,1.629309,1.517931,0.040184,29404497.8
HK,1359,2016-10-25,-0.343032,1.61026,1.58917,1.57473,1.528652,1.593865,1.575741,0.018124,0.014074,0.008099,60.76578,1.633644,1.515816,0.0389,32062923.8
HK,1359,2016-10-26,-0.682279,1.61692,1.59028,1.57806,1.531798,1.597239,1.578708,0.018531,0.014965,0.007131,58.145072,1.638339,1.517781,0.038107,28105294.0
HK,1359,2016-10-27,-1.027355,1.61582,1.59473,1.579725,1.53513,1.597541,1.580226,0.017315,0.015435,0.003759,54.368671,1.640407,1.519043,0.040149,28686916.4
HK,1359,2016-10-28,-2.082291,1.60806,1.59751,1.57917,1.537722,1.592673,1.579165,0.013508,0.01505,-0.003083,47.678887,1.640144,1.518196,0.040853,31715357.6
HK,1359,2016-10-31,-1.066479,1.5914,1.59473,1.578895,1.540128,1.585985,1.576945,0.00904,0.013848,-0.009616,44.707875,1.640355,1.517435,0.039921,36370803.6
HK,1359,2016-11-01,0.716499,1.57808,1.59417,1.58084,1.542812,1.582033,1.575712,0.006321,0.012343,-0.012043,47.068795,1.637145,1.524535,0.039448,40045117.6
HK,1359,2016-11-02,-1.422803,1.56254,1.58973,1.580565,1.544663,1.575274,1.572926,0.002348,0.010344,-0.015991,43.104589,1.637643,1.523487,0.039009,45097872.0
HK,1359,2016-11-03,-0.72167,1.5481,1.58196,1.579455,1.546052,1.567848,1.569524,-0.001677,0.00794,-0.019233,41.234598,1.639705,1.519205,0.037808,46573877.4
HK,1359,2016-11-04,1.453831,1.54476,1.57641,1.57918,1.547718,1.564979,1.568019,-0.00304,0.005744,-0.017567,46.256378,1.639928,1.518432,0.037086,44892917.8
HK,1359,2016-11-07,0.0,1.54476,1.56808,1.57696,1.549013,1.562551,1.566625,-0.004074,0.00378,-0.015708,46.256378,1.638675,1.515245,0.036423,40163196.4
HK,1359,2016-11-08,-1.794475,1.53698,1.55753,1.57335,1.54966,1.55622,1.563275,-0.007055,0.001613,-0.017336,41.149435,1.639066,1.507634,0.038185,47559995.8
HK,1359,2016-11-09,-1.459182,1.5292,1.54587,1.568075,1.549845,1.547448,1.558529,-0.011081,-0.000926,-0.02031,37.581204,1.639562,1.496588,0.041808,53943402.8
HK,1359,2016-11-10,2.221185,1.5303,1.5392,1.566965,1.5504,1.545148,1.556601,-0.011452,-0.003031,-0.016843,45.25034,1.639923,1.494007,0.042393,52434635.4
HK,1359,2016-11-11,-1.083197,1.52364,1.5342,1.565855,1.550585,1.540649,1.553586,-0.012937,-0.005012,-0.01585,42.450324,1.641173,1.490537,0.042536,57210586.4
HK,1359,2016-11-14,-0.732238,1.51476,1.52976,1.562245,1.550585,1.535133,1.549972,-0.014839,-0.006977,-0.015722,40.639458,1.641878,1.482612,0.041484,60367222.2
HK,1359,2016-11-15,0.0,1.51144,1.52421,1.55919,1.55077,1.530467,1.546626,-0.016159,-0.008814,-0.014691,40.639458,1.642625,1.475755,0.042085,54177065.4
HK,1359,2016-11-16,-0.372142,1.51144,1.52032,1.555025,1.550955,1.525656,1.543113,-0.017456,-0.010542,-0.013828,39.64981,1.641645,1.468405,0.041457,48429559.6
HK,1359,2016-11-17,-0.366862,1.50368,1.51699,1.549475,1.551325,1.52074,1.539453,-0.018713,-0.012176,-0.013072,38.654201,1.636873,1.462077,0.040482,46020172.0
HK,1359,2016-11-18,0.368213,1.50034,1.51199,1.5442,1.551787,1.517426,1.536471,-0.019045,-0.01355,-0.010989,40.269412,1.630355,1.458045,0.039576,40198162.6
HK,1359,2016-11-21,0.0,1.49922,1.50699,1.537535,1.552342,1.514622,1.53371,-0.019088,-0.014658,-0.008861,40.269412,1.615577,1.459493,0.039128,38720161.4
HK,1359,2016-11-22,1.48079,1.50254,1.50699,1.53226,1.553358,1.515665,1.532798,-0.017133,-0.015153,-0.003961,46.823655,1.59885,1.46567,0.039104,33810835.2
HK,1359,2016-11-23,-1.459182,1.50254,1.50699,1.52643,1.553728,1.513132,1.53031,-0.017178,-0.015558,-0.00324,41.875223,1.582296,1.470564,0.03869,32460263.4
HK,1359,2016-11-24,-0.366862,1.50254,1.50311,1.521155,1.554007,1.510142,1.527598,-0.017455,-0.015937,-0.003036,40.726864,1.567683,1.474627,0.037112,38692413.0
HK,1359,2016-11-25,0.0,1.50144,1.50089,1.517545,1.554007,1.507613,1.525087,-0.017474,-0.016245,-0.002459,40.726864,1.560708,1.474382,0.03644,38527051.2
HK,1359,2016-11-28,0.743121,1.50256,1.50089,1.515325,1.554747,1.50718,1.523584,-0.016404,-0.016276,-0.000255,44.301979,1.556257,1.474393,0.035815,39292587.4
HK,1359,2016-11-29,1.475279,1.50368,1.50311,1.51366,1.555765,1.510229,1.523837,-0.013608,-0.015743,0.00427,50.705843,1.549536,1.477784,0.035236,40415753.2
HK,1359,2016-11-30,1.814014,1.51478,1.50866,1.51449,1.557245,1.517071,1.526123,-0.009052,-0.014405,0.010705,57.3024,1.553242,1.475738,0.034697,46415548.0
HK,1359,2016-12-01,-0.713964,1.52476,1.51365,1.51532,1.5578,1.521152,1.527418,-0.006265,-0.012777,0.013023,54.173875,1.555781,1.474859,0.034205,41868648.2
HK,1359,2016-12-02,-1.794506,1.5292,1.51532,1.513655,1.556967,1.520344,1.526565,-0.00622,-0.011466,0.01049,47.242196,1.551025,1.476285,0.03414,46260569.8
HK,1359,2016-12-05,-1.833894,1.52586,1.51421,1.5106,1.555578,1.515384,1.523715,-0.008332,-0.010839,0.005014,41.502691,1.545773,1.475427,0.034873,48487880.6
HK,1359,2016-12-06,1.122236,1.52142,1.51255,1.50977,1.55345,1.513755,1.522314,-0.008559,-0.010383,0.003648,45.765323,1.544667,1.474873,0.033968,46102318.6
HK,1359,2016-12-07,0.0,1.51144,1.51311,1.51005,1.550767,1.512378,1.521017,-0.008639,-0.010034,0.00279,45.765323,1.544692,1.475408,0.033527,37308272.6
HK,1359,2016-12-08,1.840776,1.50922,1.51699,1.51005,1.550025,1.515473,1.521867,-0.006394,-0.009306,0.005824,52.433078,1.544692,1.475408,0.033111,36692882.0
HK,1359,2016-12-09,-1.083197,1.50922,1.51921,1.51005,1.549192,1.515539,1.521425,-0.005886,-0.008622,0.005471,48.578641,1.544692,1.475408,0.033124,33647751.6
HK,1359,2016-12-12,-1.464477,1.51034,1.5181,1.509495,1.548175,1.512179,1.519372,-0.007193,-0.008336,0.002287,43.927866,1.544805,1.474185,0.03393,29329807.4
HK,1359,2016-12-13,0.0,1.50812,1.51477,1.50894,1.547065,1.509336,1.51747,-0.008134,-0.008296,0.000324,43.927866,1.544871,1.473009,0.033492,30176853.0
HK,1359,2016-12-14,-0.743121,1.50368,1.50756,1.50811,1.545215,1.505223,1.514887,-0.009664,-0.008569,-0.002189,41.617427,1.545634,1.470586,0.033085,30282837.0
HK,1359,2016-12-15,-1.497369,1.48926,1.49924,1.506445,1.542995,1.498327,1.510851,-0.012524,-0.00936,-0.006327,37.382575,1.548997,1.463893,0.033501,32442527.4
HK,1359,2016-12-16,0.760066,1.48038,1.4948,1.50506,1.540682,1.4942,1.507936,-0.013736,-0.010236,-0.007002,40.635291,1.55019,1.45993,0.033486,35567833.6
HK,1359,2016-12-19,-0.754332,1.47372,1.49203,1.50312,1.538092,1.489,1.504415,-0.015415,-0.011271,-0.008287,38.482514,1.55225,1.45399,0.032687,34781608.0
HK,1359,2016-12-20,0.760066,1.46928,1.4887,1.500625,1.535872,1.486308,1.501977,-0.015669,-0.012151,-0.007036,41.80285,1.550844,1.450406,0.033524,41061585.0
HK,1359,2016-12-21,0.754332,1.46928,1.48648,1.499795,1.534762,1.485737,1.500541,-0.014804,-0.012682,-0.004245,44.999776,1.550626,1.448964,0.034301,47896973.2
HK,1359,2016-12-22,-1.497369,1.46928,1.47927,1.49813,1.533003,1.481839,1.497568,-0.015729,-0.013291,-0.004876,40.238853,1.551755,1.444505,0.035029,52281417.0
HK,1359,2016-12-23,-0.383457,1.46594,1.47316,1.496185,1.530967,1.477679,1.4944,-0.016721,-0.013977,-0.005487,39.114662,1.553037,1.439333,0.034113,49371518.8
HK,1359,2016-12-28,3.814957,1.47592,1.47482,1.49646,1.530227,1.482698,1.495578,-0.01288,-0.013758,0.001755,53.099604,1.553528,1.439392,0.036433,57143561.6
HK,1359,2016-12-29,2.20486,1.49034,1.47981,1.49729,1.530597,1.492067,1.499135,-0.007068,-0.01242,0.010704,59.160834,1.556552,1.438028,0.038588,67730297.4
HK,1359,2016-12-30,1.081886,1.50588,1.48758,1.49757,1.530875,1.502565,1.503666,-0.001101,-0.010156,0.01811,61.825338,1.557956,1.437184,0.038611,77687022.4
HK,1359,2017-01-03,-0.358905,1.52474,1.49701,1.498125,1.530967,1.510586,1.507446,0.003139,-0.007497,0.021273,60.402195,1.560369,1.435881,0.037838,69485578.6
HK,1359,2017-01-04,-1.781694,1.53918,1.50256,1.49868,1.530505,1.513111,1.508895,0.004216,-0.005154,0.018741,53.804706,1.56174,1.43562,0.037907,71006398.4
HK,1359,2017-01-05,1.453831,1.54696,1.51144,1.501735,1.529765,1.518663,1.51188,0.006783,-0.002767,0.019099,57.78446,1.568273,1.435197,0.037178,62261207.8
HK,1359,2017-01-06,0.0,1.54808,1.51921,1.503955,1.529025,1.523361,1.514645,0.008716,-0.00047,0.018373,57.78446,1.573642,1.434268,0.036108,43804832.2
HK,1359,2017-01-09,-1.432998,1.54142,1.52365,1.505065,1.52773,1.523921,1.51556,0.008361,0.001296,0.01413,52.535418,1.575474,1.434656,0.037093,27830661.8
HK,1359,2017-01-10,0.726916,1.5381,1.53142,1.505345,1.527453,1.526102,1.517229,0.008873,0.002811,0.012123,54.748788,1.576231,1.434459,0.036029,28382363.6
HK,1359,2017-01-11,1.079254,1.54364,1.54141,1.507285,1.52773,1.530502,1.520005,0.010497,0.004349,0.012297,57.909859,1.581276,1.433294,0.035042,27400639.2
HK,1359,2017-01-12,-0.713964,1.54252,1.54474,1.50978,1.527173,1.532517,1.521753,0.010764,0.005632,0.010265,55.136277,1.585124,1.434436,0.034124,28978515.6
HK,1359,2017-01-13,0.0,1.5414,1.54474,1.512275,1.526802,1.534222,1.523371,0.010851,0.006676,0.008351,55.136277,1.588622,1.435928,0.033273,27243536.8
HK,1359,2017-01-16,-1.438196,1.54028,1.54085,1.514215,1.525783,1.532249,1.523225,0.009024,0.007145,0.003758,49.623443,1.58941,1.43902,0.033275,25364707.2
HK,1359,2017-01-17,0.0,1.53694,1.53752,1.517265,1.524395,1.53058,1.52309,0.00749,0.007214,0.000552,49.623443,1.588316,1.446214,0.032084,23008133.4
HK,1359,2017-01-18,0.729591,1.5325,1.53807,1.520315,1.523192,1.530876,1.523787,0.007089,0.007189,-0.000201,52.384198,1.588422,1.452208,0.031378,20209975.8
HK,1359,2017-01-19,-0.358891,1.52918,1.53585,1.523645,1.521433,1.530279,1.524025,0.006254,0.007002,-0.001496,50.895844,1.585976,1.461314,0.030329,16713184.4
HK,1359,2017-01-20,-0.726916,1.52364,1.53252,1.525865,1.519583,1.528067,1.523423,0.004644,0.006531,-0.003773,47.935719,1.583603,1.468127,0.029349,16359279.6
HK,1359,2017-01-23,-0.732238,1.52032,1.5303,1.526975,1.517733,1.524488,1.522044,0.002444,0.005713,-0.006539,45.110268,1.582139,1.471811,0.029631,19240871.2
HK,1359,2017-01-24,0.73764,1.51922,1.52808,1.52975,1.516345,1.523166,1.521589,0.001578,0.004886,-0.006617,48.386514,1.576122,1.483378,0.0287,18959725.8
HK,1359,2017-01-25,-0.732238,1.51368,1.52309,1.53225,1.515327,1.520341,1.520345,-4e-06,0.003908,-0.007825,45.464119,1.565811,1.498689,0.028236,18140125.8
HK,1359,2017-01-26,0.73764,1.51146,1.52032,1.53253,1.514772,1.519658,1.520016,-0.000358,0.003055,-0.006826,48.794658,1.565441,1.499619,0.027805,21032725.8
HK,1359,2017-01-27,-1.101656,1.50812,1.51588,1.53031,1.513753,1.51651,1.518474,-0.001963,0.002051,-0.008029,44.401213,1.565822,1.494798,0.027404,20798195.4
HK,1359,2017-02-01,0.373533,1.50812,1.51422,1.527535,1.513198,1.514709,1.517461,-0.002752,0.001091,-0.007685,46.152099,1.561894,1.493176,0.027033,17565263.8
HK,1359,2017-02-02,-1.109782,1.50256,1.51089,1.524205,1.51255,1.510615,1.515286,-0.004671,-6.2e-05,-0.009218,41.91317,1.560256,1.488154,0.026687,18409055.6
HK,1359,2017-02-03,0.0,1.49922,1.50645,1.52226,1.511532,1.507151,1.513272,-0.006121,-0.001274,-0.009695,41.91317,1.56155,1.48297,0.026367,23693514.4
HK,1359,2017-02-06,0.0,1.49366,1.50256,1.519205,1.510513,1.50422,1.511408,-0.007187,-0.002456,-0.009462,41.91317,1.559137,1.479273,0.025669,25058013.8
HK,1359,2017-02-07,0.0,1.49144,1.49978,1.51615,1.509958,1.50174,1.509681,-0.007941,-0.003553,-0.008775,41.91317,1.555783,1.476517,0.025021,29357585.4
HK,1359,2017-02-08,1.868154,1.49366,1.50089,1.515595,1.510237,1.503919,1.510142,-0.006223,-0.004087,-0.004272,51.821209,1.554915,1.476275,0.026806,36041445.8
HK,1359,2017-02-09,1.464477,1.50366,1.50311,1.515595,1.51033,1.509177,1.512213,-0.003035,-0.003877,0.001683,57.984496,1.554915,1.476275,0.027269,45072471.4
HK,1359,2017-02-10,1.807425,1.51922,1.50922,1.516155,1.511163,1.517904,1.51619,0.001714,-0.002759,0.008946,64.166415,1.557929,1.474381,0.0281,50616862.6
HK,1359,2017-02-13,0.708858,1.537,1.51533,1.517825,1.512367,1.526996,1.520694,0.006302,-0.000947,0.014496,66.298599,1.56603,1.46962,0.028864,58723606.6
HK,1359,2017-02-14,-0.355105,1.55366,1.52255,1.519215,1.513477,1.533827,1.52445,0.009377,0.001118,0.016518,64.222393,1.571723,1.466707,0.029188,61979268.0
HK,1359,2017-02-15,2.119129,1.57142,1.53254,1.52338,1.515235,1.544731,1.530395,0.014336,0.003762,0.021149,70.198807,1.587788,1.458972,0.031468,75170478.4
HK,1359,2017-02-16,-0.691718,1.58252,1.54309,1.52699,1.5169,1.552249,1.535076,0.017173,0.006444,0.021457,66.227519,1.598275,1.455705,0.031992,77608022.8
HK,1359,2017-02-17,-2.089608,1.5814,1.55031,1.52838,1.517918,1.553488,1.536945,0.016543,0.008464,0.016158,55.993522,1.60111,1.45565,0.033278,71368982.8
HK,1359,2017-02-20,4.979812,1.5936,1.5653,1.53393,1.520232,1.566489,1.54443,0.022059,0.011183,0.021753,68.301914,1.620932,1.446928,0.036851,79299607.8
HK,1359,2017-02-21,-0.335775,1.60582,1.57974,1.53976,1.522083,1.576645,1.550954,0.025691,0.014084,0.023213,66.876039,1.636257,1.443263,0.039376,95668802.0
HK,1359,2017-02-22,1.016845,1.6147,1.59306,1.546975,1.524582,1.587792,1.558224,0.029568,0.017181,0.024773,68.98083,1.653041,1.440909,0.038942,82391308.2
HK,1359,2017-02-23,5.724334,1.64468,1.6136,1.558355,1.528745,1.611747,1.571948,0.039799,0.021705,0.036188,77.670371,1.693497,1.423213,0.044889,111317707.0
HK,1359,2017-02-24,-2.225409,1.67356,1.62748,1.56835,1.532262,1.626047,1.581782,0.044266,0.026217,0.036098,69.10194,1.715229,1.421471,0.04684,120172784.4
HK,1359,2017-02-27,-0.651141,1.68468,1.63914,1.577235,1.535408,1.63644,1.590065,0.046376,0.030249,0.032254,66.830523,1.731653,1.422817,0.045873,107230227.4
HK,1359,2017-02-28,0.324752,1.698,1.65191,1.58723,1.538277,1.64608,1.598141,0.047939,0.033787,0.028304,67.402289,1.745968,1.428492,0.047746,92556810.6
HK,1359,2017-03-01,0.0,1.708,1.66135,1.596945,1.540683,1.654237,1.60562,0.048617,0.036753,0.023729,67.402289,1.758079,1.435811,0.046321,89763333.6
HK,1359,2017-03-02,0.982873,1.70246,1.67357,1.60833,1.543553,1.663708,1.613781,0.049927,0.039388,0.021079,69.267793,1.76927,1.44739,0.045791,57586366.4
HK,1359,2017-03-03,-0.646929,1.70246,1.68801,1.61916,1.5467,1.670015,1.620516,0.049499,0.04141,0.016178,66.54198,1.775361,1.462959,0.045692,55751641.8
HK,1359,2017-03-06,-0.651141,1.70246,1.69357,1.629435,1.550125,1.673643,1.62593,0.047714,0.042671,0.010086,63.836655,1.776573,1.482297,0.044807,52071875.4
HK,1359,2017-03-07,0.655409,1.70358,1.70079,1.640265,1.553457,1.678421,1.631764,0.046657,0.043468,0.006378,65.353589,1.77561,1.50492,0.043192,44354573.4
HK,1359,2017-03-08,0.651141,1.70692,1.70746,1.65026,1.556973,1.684172,1.637989,0.046182,0.044011,0.004343,66.85104,1.776618,1.523902,0.043278,44933745.0
HK,1359,2017-03-09,-1.940786,1.70026,1.70136,1.65748,1.559473,1.683915,1.641286,0.042628,0.043734,-0.002212,58.659943,1.773453,1.541507,0.043751,41030763.6
HK,1359,2017-03-10,-0.992571,1.69248,1.69747,1.662475,1.561972,1.681128,1.643102,0.038026,0.042593,-0.009134,55.019082,1.770579,1.554371,0.043798,33537228.2
HK,1359,2017-03-13,3.001561,1.69692,1.69969,1.669415,1.565673,1.686462,1.648487,0.037975,0.041669,-0.007388,62.519797,1.772377,1.566453,0.045426,34240068.2
HK,1359,2017-03-14,1.614407,1.70468,1.70413,1.67802,1.569837,1.695237,1.655525,0.039712,0.041278,-0.003131,65.911208,1.775392,1.580648,0.04456,41085174.2
HK,1359,2017-03-15,-0.63665,1.708,1.70746,1.684405,1.574,1.700954,1.66122,0.039735,0.040969,-0.002468,63.434187,1.778397,1.590413,0.042963,36865342.6
HK,1359,2017-03-16,3.526899,1.7302,1.71523,1.6944,1.579552,1.715192,1.671018,0.044174,0.04161,0.005128,70.096128,1.79014,1.59866,0.045451,47222948.0
HK,1359,2017-03-17,-0.925565,1.75242,1.72245,1.70523,1.584642,1.724686,1.678861,0.045824,0.042453,0.006743,66.548676,1.785615,1.624845,0.046562,51964306.2
HK,1359,2017-03-20,1.249367,1.76908,1.733,1.713285,1.590287,1.736134,1.687768,0.048366,0.043636,0.009461,68.821214,1.797312,1.629258,0.048393,53905575.8
HK,1359,2017-03-21,-2.162192,1.77242,1.73855,1.71967,1.595098,1.739836,1.693133,0.046703,0.044249,0.004908,61.001039,1.797339,1.642001,0.049694,57155007.6
HK,1359,2017-03-22,-0.318146,1.77686,1.74243,1.724945,1.599632,1.742108,1.697686,0.044422,0.044284,0.000276,59.945023,1.796842,1.653048,0.048923,63793643.4
HK,1359,2017-03-23,0.0,1.76908,1.74964,1.7255,1.604535,1.74403,1.701902,0.042128,0.043852,-0.00345,59.945023,1.798129,1.652871,0.048207,53345707.4
HK,1359,2017-03-24,-1.265246,1.76018,1.7563,1.726885,1.609162,1.74224,1.704161,0.038079,0.042698,-0.009237,55.525645,1.798928,1.654842,0.049528,52581950.6
HK,1359,2017-03-27,-1.598938,1.7413,1.75519,1.72744,1.612402,1.736465,1.704201,0.032264,0.040611,-0.016694,50.52081,1.798615,1.656265,0.050354,54758130.4
HK,1359,2017-03-28,1.302282,1.73464,1.75353,1.72883,1.615457,1.734993,1.705883,0.029111,0.038311,-0.0184,54.092225,1.798813,1.658847,0.049929,50364405.8
HK,1359,2017-03-29,-2.571081,1.72022,1.74854,1.728,1.617493,1.726918,1.70415,0.022767,0.035202,-0.02487,46.814251,1.799745,1.656255,0.05072,63537102.4
HK,1359,2017-03-30,-1.652303,1.70024,1.73466,1.724945,1.61916,1.715807,1.700487,0.01532,0.031226,-0.031812,42.920346,1.803398,1.646492,0.053447,69190108.8
HK,1359,2017-03-31,1.341633,1.68914,1.72466,1.723555,1.621658,1.709821,1.69874,0.011081,0.027197,-0.032231,46.730797,1.804344,1.642766,0.052408,64734760.0
HK,1359,2017-04-03,0.33395,1.6847,1.713,1.723,1.62388,1.705618,1.697537,0.008081,0.023374,-0.030585,47.679621,1.804751,1.641249,0.051436,62147249.0
HK,1359,2017-04-05,-2.312036,1.66804,1.70134,1.719945,1.625453,1.696077,1.693542,0.002535,0.019206,-0.033342,42.073479,1.808487,1.631403,0.051333,75688021.4
HK,1359,2017-04-06,1.350694,1.6647,1.69246,1.717445,1.627767,1.691419,1.691487,-6.8e-05,0.015351,-0.030838,45.977348,1.809084,1.625806,0.050445,61205534.2
HK,1359,2017-04-07,-0.336175,1.6658,1.68302,1.71633,1.629802,1.686616,1.689169,-0.002553,0.01177,-0.028647,45.150735,1.810159,1.622501,0.049221,54670769.2
HK,1359,2017-04-10,-0.99988,1.65914,1.67414,1.71522,1.631283,1.679998,1.685794,-0.005796,0.008257,-0.028106,42.700028,1.811896,1.618544,0.047691,54394874.4
HK,1359,2017-04-11,0.0,1.65136,1.66803,1.71161,1.63295,1.674398,1.682668,-0.00827,0.004952,-0.026443,42.700028,1.813197,1.610023,0.047063,52078581.0
HK,1359,2017-04-12,0.0,1.65136,1.6597,1.706615,1.634617,1.66966,1.679774,-0.010114,0.001938,-0.024105,42.700028,1.811218,1.602012,0.044894,40344836.6
HK,1359,2017-04-13,0.334631,1.64802,1.65636,1.70245,1.636745,1.666497,1.677502,-0.011005,-0.00065,-0.02071,43.958787,1.809225,1.595675,0.044466,37973148.4
HK,1359,2017-04-18,-2.352798,1.63804,1.65192,1.69329,1.638227,1.657851,1.672524,-0.014673,-0.003455,-0.022436,37.671604,1.798673,1.587907,0.044461,44102843.0
HK,1359,2017-04-19,-0.347761,1.63026,1.6447,1.68468,1.63943,1.649674,1.6675,-0.017826,-0.006329,-0.022994,36.852353,1.789469,1.579891,0.044064,47497730.8
HK,1359,2017-04-20,0.691718,1.6247,1.63803,1.675515,1.64091,1.644463,1.663671,-0.019208,-0.008905,-0.020606,39.653737,1.770252,1.580778,0.043695,47919415.4
HK,1359,2017-04-21,-0.340389,1.61804,1.6347,1.66802,1.642483,1.639207,1.659717,-0.02051,-0.011226,-0.018569,38.73675,1.75839,1.57765,0.042552,41892007.2
HK,1359,2017-04-24,-0.347761,1.60916,1.62859,1.660525,1.644148,1.633898,1.655642,-0.021744,-0.013329,-0.016828,37.778813,1.745641,1.575409,0.042284,41311123.8
HK,1359,2017-04-25,1.383436,1.61248,1.62526,1.65414,1.645998,1.632822,1.653513,-0.020691,-0.014802,-0.011779,43.72055,1.728556,1.579724,0.041643,35530410.2
HK,1359,2017-04-26,2.39105,1.6247,1.62748,1.65081,1.648682,1.637895,1.654423,-0.016528,-0.015147,-0.002762,52.313662,1.716351,1.585269,0.04224,37968203.0
HK,1359,2017-04-27,-1.002521,1.63136,1.62803,1.64803,1.650902,1.639619,1.654029,-0.01441,-0.015,0.00118,48.864262,1.70873,1.58733,0.042794,39124973.2
HK,1359,2017-04-28,-0.333515,1.63802,1.62803,1.643865,1.653308,1.640231,1.653256,-0.013025,-0.014605,0.00316,47.747628,1.692599,1.595131,0.041716,42124975.8
HK,1359,2017-05-02,-0.675347,1.64358,1.62637,1.641365,1.655437,1.639042,1.651719,-0.012677,-0.014219,0.003085,45.488373,1.686942,1.595788,0.041115,42059488.2
HK,1359,2017-05-04,-0.679939,1.64248,1.62748,1.6397,1.657658,1.636328,1.649473,-0.013145,-0.014004,0.001718,43.282839,1.685638,1.593762,0.040557,42014464.4
HK,1359,2017-05-05,-3.083755,1.6236,1.62415,1.634425,1.659047,1.626339,1.64369,-0.017351,-0.014674,-0.005354,35.04104,1.685954,1.582896,0.042024,42225914.0
HK,1359,2017-05-08,0.35637,1.60918,1.62027,1.62915,1.660528,1.618748,1.63875,-0.020001,-0.015739,-0.008525,36.499473,1.681507,1.576793,0.040208,39458697.6
HK,1359,2017-05-09,1.052632,1.59918,1.6186,1.62665,1.662287,1.614879,1.635405,-0.020526,-0.016696,-0.007659,40.746326,1.680754,1.572546,0.040907,39241851.8
HK,1359,2017-05-10,1.744478,1.59696,1.62027,1.62443,1.664045,1.615883,1.634368,-0.018485,-0.017054,-0.002862,47.1241,1.675484,1.573376,0.040764,45109365.8
HK,1359,2017-05-11,0.684594,1.59918,1.62083,1.623045,1.665618,1.618439,1.63423,-0.01579,-0.016802,0.002022,49.463075,1.671583,1.574507,0.040631,44492177.6
HK,1359,2017-05-12,-0.343032,1.61028,1.61694,1.62221,1.666635,1.619741,1.633687,-0.013946,-0.01623,0.004569,48.302203,1.669871,1.574549,0.040107,38518947.0
HK,1359,2017-05-15,0.0,1.62026,1.61472,1.621375,1.667467,1.620842,1.633184,-0.012342,-0.015453,0.006222,48.302203,1.668084,1.574666,0.039221,41318570.6
HK,1359,2017-05-16,0.682279,1.62914,1.61416,1.621095,1.668577,1.623482,1.633541,-0.010059,-0.014374,0.00863,50.948623,1.667332,1.574858,0.038405,38207840.0
HK,1359,2017-05-17,0.0,1.63246,1.61471,1.62054,1.669132,1.625715,1.633871,-0.008156,-0.01313,0.009949,50.948623,1.665673,1.575407,0.037648,30167370.8
HK,1359,2017-05-18,-1.355311,1.62912,1.61415,1.620815,1.669502,1.62419,1.632532,-0.008342,-0.012173,0.00766,45.541197,1.665761,1.575869,0.03773,29100296.4
HK,1359,2017-05-19,-0.340389,1.6258,1.61804,1.621095,1.670335,1.622053,1.630886,-0.008832,-0.011505,0.005344,44.287104,1.665705,1.576485,0.036621,25812750.4
HK,1359,2017-05-22,0.341551,1.62358,1.62192,1.621095,1.669965,1.621091,1.629768,-0.008677,-0.010939,0.004524,45.891729,1.665705,1.576485,0.036783,25714884.0
HK,1359,2017-05-23,-0.686966,1.61692,1.62303,1.620815,1.669502,1.618569,1.627911,-0.009342,-0.01062,0.002556,43.188218,1.665761,1.575869,0.036928,30811314.0
HK,1359,2017-05-24,-0.342743,1.60916,1.62081,1.62054,1.66867,1.615589,1.625784,-0.010195,-0.010535,0.000679,41.871958,1.665942,1.575138,0.035876,31302539.6
HK,1359,2017-05-25,1.732116,1.61138,1.62025,1.62054,1.666727,1.61733,1.625867,-0.008538,-0.010135,0.003195,50.117614,1.665942,1.575138,0.036084,31300417.6
HK,1359,2017-05-26,0.344213,1.61582,1.62081,1.618875,1.665523,1.619663,1.626358,-0.006695,-0.009447,0.005505,51.612024,1.659731,1.578019,0.035486,32189994.0
HK,1359,2017-05-29,0.679939,1.62138,1.62248,1.6186,1.66469,1.623346,1.627636,-0.00429,-0.008416,0.008252,54.520453,1.658705,1.578495,0.034537,29907022.4
HK,1359,2017-05-31,-0.340716,1.62804,1.62248,1.61832,1.663672,1.6256,1.628403,-0.002803,-0.007293,0.008981,52.796306,1.657797,1.578843,0.033655,26988716.4
HK,1359,2017-06-01,0.34188,1.63692,1.62304,1.618875,1.662747,1.62837,1.629529,-0.001159,-0.006066,0.009814,54.350951,1.659431,1.578319,0.03323,28198742.0
HK,1359,2017-06-02,0.675347,1.64248,1.62693,1.62054,1.661728,1.63242,1.631393,0.001027,-0.004648,0.011349,57.349422,1.664004,1.577076,0.032842,31509354.4
HK,1359,2017-06-05,-1.009246,1.64358,1.6297,1.62387,1.660617,1.633279,1.631883,0.001396,-0.003439,0.00967,51.833056,1.66159,1.58615,0.032482,35692806.4
HK,1359,2017-06-06,0.34188,1.64358,1.63248,1.6272,1.659783,1.634867,1.632751,0.002116,-0.002328,0.008888,53.450018,1.659089,1.595311,0.031748,34450152.0
HK,1359,2017-06-07,2.366756,1.65248,1.64026,1.631645,1.659413,1.642195,1.636436,0.005759,-0.000711,0.012939,62.79362,1.668028,1.595262,0.033444,40682315.4
HK,1359,2017-06-08,0.0,1.66026,1.64859,1.6347,1.658858,1.648396,1.639848,0.008548,0.001141,0.014813,62.79362,1.676921,1.592479,0.033834,46653265.4
HK,1359,2017-06-09,-1.325409,1.66136,1.65192,1.636085,1.658487,1.650212,1.641356,0.008856,0.002684,0.012344,55.400419,1.67972,1.59245,0.034989,58394175.8
HK,1359,2017-06-12,-2.337068,1.65804,1.65081,1.63581,1.657747,1.645779,1.639877,0.005902,0.003328,0.005148,45.387423,1.679742,1.591878,0.036054,61603208.6
HK,1359,2017-06-13,0.0,1.6536,1.64859,1.635535,1.656173,1.642029,1.638509,0.00352,0.003366,0.000308,45.387423,1.679754,1.591316,0.035064,64045636.8
HK,1359,2017-06-14,0.0,1.64138,1.64693,1.634705,1.654138,1.638855,1.637241,0.001613,0.003016,-0.002804,45.387423,1.679329,1.590081,0.034145,55275946.6
HK,1359,2017-06-15,-1.714568,1.6236,1.64193,1.632485,1.651825,1.631893,1.634009,-0.002116,0.001989,-0.008211,39.068478,1.68052,1.58445,0.034085,53793951.0
HK,1359,2017-06-16,0.696536,1.6125,1.63693,1.63193,1.648678,1.627709,1.631838,-0.004129,0.000766,-0.009788,42.510102,1.680969,1.582891,0.033629,40699817.6
HK,1359,2017-06-19,1.040693,1.6125,1.63527,1.632485,1.646087,1.626738,1.631065,-0.004326,-0.000253,-0.008147,47.330255,1.680778,1.584192,0.033605,33424417.6
HK,1359,2017-06-20,-0.345381,1.61138,1.63249,1.632485,1.643032,1.625056,1.629934,-0.004878,-0.001178,-0.007401,45.93931,1.680778,1.584192,0.032391,30566058.2
HK,1359,2017-06-21,-0.340389,1.60916,1.62527,1.632765,1.640533,1.622786,1.628479,-0.005694,-0.002081,-0.007226,44.554401,1.680472,1.585058,0.032056,31845279.6
HK,1359,2017-06-22,0.341551,1.6136,1.6186,1.633595,1.63822,1.621711,1.62754,-0.005829,-0.002831,-0.005997,46.297865,1.67948,1.58771,0.03333,27523160.4
HK,1359,2017-06-23,0.346578,1.61694,1.61472,1.63332,1.636,1.621663,1.627085,-0.005422,-0.003349,-0.004147,48.087752,1.679428,1.587212,0.032928,23447783.6
HK,1359,2017-06-26,0.684594,1.61916,1.61583,1.63332,1.634335,1.62333,1.627487,-0.004156,-0.00351,-0.001292,51.535811,1.679428,1.587212,0.032562,24030483.6
HK,1359,2017-06-27,-0.343032,1.62138,1.61638,1.632485,1.633038,1.623879,1.627443,-0.003564,-0.003521,-8.5e-05,49.740799,1.678422,1.586548,0.032215,24558216.2
HK,1359,2017-06-28,-0.682279,1.62248,1.61582,1.631375,1.631187,1.622636,1.626581,-0.003944,-0.003606,-0.000677,46.298528,1.677796,1.584954,0.031499,23342740.4
HK,1359,2017-06-29,0.686966,1.6247,1.61915,1.63054,1.63026,1.623292,1.626604,-0.003312,-0.003547,0.00047,50.02318,1.676651,1.584429,0.030835,22069323.2
HK,1359,2017-06-30,-0.682279,1.62358,1.62026,1.628595,1.629612,1.62214,1.625804,-0.003664,-0.00357,-0.000188,46.546452,1.673737,1.583453,0.029818,25542058.8
HK,1359,2017-07-03,0.686966,1.62246,1.62081,1.62804,1.628778,1.622872,1.625885,-0.003013,-0.003459,0.000892,50.268768,1.672978,1.583102,0.029274,30181158.8
HK,1359,2017-07-04,0.356506,1.62362,1.6225,1.627495,1.627948,1.624384,1.62639,-0.002006,-0.003168,0.002325,52.144033,1.671927,1.583063,0.029262,39084426.2
HK,1359,2017-07-05,0.71048,1.62932,1.6259,1.625585,1.62796,1.627448,1.627717,-0.000269,-0.002588,0.00464,55.738803,1.663148,1.588022,0.028836,39455687.4
HK,1359,2017-07-06,0.711549,1.63514,1.62992,1.62426,1.627797,1.631841,1.629812,0.002029,-0.001665,0.007388,59.077733,1.654937,1.593583,0.028447,39669504.2
HK,1359,2017-07-07,-0.706522,1.64084,1.63221,1.623465,1.627532,1.633757,1.630885,0.002873,-0.000757,0.00726,54.638882,1.651043,1.595887,0.02808,37780478.0
HK,1359,2017-07-10,-0.352734,1.64316,1.63281,1.62432,1.627447,1.634487,1.631449,0.003038,2e-06,0.006073,52.531732,1.652639,1.596001,0.028153,35086429.2
HK,1359,2017-07-11,1.422032,1.64898,1.6363,1.62634,1.62775,1.638689,1.633697,0.004992,0.001,0.007984,59.319037,1.658973,1.593707,0.029056,30276958.6
HK,1359,2017-07-12,1.053075,1.65598,1.64265,1.629235,1.628345,1.644937,1.637075,0.007862,0.002372,0.010979,63.536221,1.669078,1.589392,0.029902,37128203.8
HK,1359,2017-07-13,2.084202,1.66764,1.65139,1.63527,1.629432,1.655608,1.642796,0.012813,0.00446,0.016705,70.191748,1.686602,1.583938,0.030688,43871643.8
HK,1359,2017-07-14,0.344164,1.68282,1.66183,1.641045,1.631263,1.665545,1.648529,0.017016,0.006971,0.020089,71.147772,1.702342,1.579748,0.029746,43674569.0
HK,1359,2017-07-17,0.0,1.69916,1.67116,1.645985,1.633188,1.673954,1.653838,0.020116,0.0096,0.021031,71.147772,1.715524,1.576446,0.030535,45950693.0
HK,1359,2017-07-18,-0.680153,1.7085,1.67874,1.65062,1.634733,1.679269,1.657887,0.021381,0.011956,0.01885,66.260251,1.723757,1.577483,0.031268,44335322.0
HK,1359,2017-07-19,0.339479,1.7155,1.68574,1.65582,1.636467,1.684658,1.662066,0.022592,0.014084,0.017017,67.453838,1.731496,1.580144,0.031535,38278134.0
HK,1359,2017-07-20,4.083299,1.7295,1.69857,1.664245,1.63946,1.699988,1.67112,0.028867,0.01704,0.023654,77.705018,1.756027,1.572463,0.037611,57939999.8
HK,1359,2017-07-21,3.267388,1.75398,1.7184,1.675305,1.643055,1.721928,1.683822,0.038105,0.021253,0.033704,82.616094,1.793329,1.557281,0.041589,95126145.0
HK,1359,2017-07-24,2.849235,1.78896,1.74406,1.688435,1.646877,1.74857,1.699473,0.049097,0.026822,0.04455,85.676007,1.838554,1.538316,0.045282,122676233.6
HK,1359,2017-07-25,-2.770302,1.81578,1.76214,1.69922,1.650102,1.763036,1.710075,0.052961,0.03205,0.041823,72.023283,1.860671,1.537769,0.048298,131660004.8
HK,1359,2017-07-26,1.89949,1.84844,1.78197,1.71231,1.654002,1.780661,1.722484,0.058177,0.037275,0.041804,74.895428,1.886531,1.538089,0.050677,140684463.8
HK,1359,2017-07-27,0.308905,1.86826,1.79888,1.725135,1.658183,1.796467,1.734404,0.062063,0.042233,0.039661,75.347099,1.909771,1.540499,0.049971,124468104.0
HK,1359,2017-07-28,-1.545078,1.8706,1.81229,1.73706,1.662065,1.805365,1.743285,0.06208,0.046202,0.031755,68.671425,1.922715,1.551405,0.049316,94979726.0
HK,1359,2017-07-31,2.200291,1.8706,1.82978,1.75047,1.66746,1.81917,1.75453,0.06464,0.04989,0.0295,72.367949,1.941039,1.559901,0.049958,73441891.4
HK,1359,2017-08-01,3.999789,1.89626,1.85602,1.76738,1.674025,1.842513,1.770558,0.071955,0.054303,0.035305,77.645296,1.972604,1.562156,0.053468,89786839.0
HK,1359,2017-08-02,-1.775838,1.90792,1.87818,1.78196,1.67973,1.85688,1.782805,0.074075,0.058257,0.031635,70.910895,1.991523,1.572397,0.054642,89439486.2
HK,1359,2017-08-03,-0.60437,1.91608,1.89217,1.79537,1.684777,1.867237,1.793279,0.073958,0.061397,0.025121,68.763824,2.0053,1.58544,0.054903,88333317.0
HK,1359,2017-08-04,2.125559,1.93824,1.90442,1.81141,1.69032,1.882293,1.806007,0.076286,0.064375,0.023822,71.960019,2.02174,1.60108,0.058481,92126724.6
HK,1359,2017-08-07,2.96677,1.9639,1.91725,1.830655,1.696928,1.904002,1.82211,0.081892,0.067879,0.028027,75.766483,2.044584,1.616726,0.060547,96974874.4
HK,1359,2017-08-08,-0.291588,1.97322,1.93474,1.84844,1.703438,1.921463,1.836583,0.08488,0.071279,0.027202,74.661868,2.062403,1.634477,0.059972,76503097.4
HK,1359,2017-08-09,-2.889715,1.97788,1.9429,1.862435,1.708792,1.927269,1.845666,0.081603,0.073344,0.016518,64.634249,2.06671,1.65816,0.061517,85787575.2
HK,1359,2017-08-10,-2.679665,1.97438,1.94523,1.872055,1.71327,1.924104,1.850187,0.073917,0.073458,0.000918,57.185849,2.065346,1.678764,0.063366,113698241.0
HK,1359,2017-08-11,-3.66602,1.94872,1.94348,1.877885,1.716953,1.910673,1.849195,0.061478,0.071062,-0.019169,49.076653,2.059164,1.696606,0.065083,144823754.0
HK,1359,2017-08-14,2.221254,1.91956,1.94173,1.885755,1.721408,1.905585,1.851299,0.054285,0.067707,-0.026843,53.244305,2.052012,1.719498,0.065012,146085104.0
HK,1359,2017-08-15,-1.240946,1.88692,1.93007,1.893045,1.725383,1.897695,1.851522,0.046173,0.0634,-0.034454,50.692773,2.039137,1.746953,0.06329,150158217.0
HK,1359,2017-08-16,0.312786,1.8671,1.92249,1.900335,1.72964,1.891911,1.852157,0.039754,0.058671,-0.037834,51.318164,2.022635,1.778035,0.061269,141776232.0
HK,1359,2017-08-17,-0.94081,1.85428,1.91433,1.90325,1.733697,1.884325,1.851449,0.032876,0.053512,-0.041273,49.286897,2.016816,1.789684,0.060643,115010172.6
HK,1359,2017-08-18,-1.89949,1.84844,1.89858,1.9015,1.736708,1.872521,1.848201,0.02432,0.047673,-0.046707,45.415113,2.019733,1.783267,0.05964,85021265.6
HK,1359,2017-08-21,0.647267,1.83678,1.87817,1.89771,1.739822,1.864333,1.84606,0.018273,0.041793,-0.047041,46.916328,2.021261,1.774159,0.057458,70778536.6
HK,1359,2017-08-22,0.961908,1.83328,1.8601,1.89742,1.743042,1.860097,1.845374,0.014723,0.036379,-0.043313,49.168197,2.021513,1.773327,0.056276,66811323.4
HK,1359,2017-08-24,0.952744,1.83212,1.84961,1.896255,1.746647,1.859205,1.846035,0.01317,0.031737,-0.037135,51.388957,2.021502,1.771008,0.056006,67466919.6
HK,1359,2017-08-25,2.513078,1.84378,1.84903,1.89713,1.750935,1.86562,1.850099,0.01552,0.028494,-0.025947,56.801124,2.02225,1.77201,0.058248,69432719.6
HK,1359,2017-08-28,1.536114,1.86828,1.85836,1.90092,1.755525,1.87554,1.856025,0.019514,0.026698,-0.014367,59.819887,2.025211,1.776629,0.056588,66688863.0
HK,1359,2017-08-29,-2.720066,1.87994,1.85836,1.900045,1.759518,1.875857,1.857624,0.018233,0.025005,-0.013544,52.690532,2.024733,1.775357,0.056296,70190831.4
HK,1359,2017-08-30,-8.697273,1.85544,1.84436,1.887215,1.760697,1.851002,1.847007,0.003995,0.020803,-0.033616,37.656976,2.031384,1.743046,0.063939,147906631.4
HK,1359,2017-08-31,-1.020825,1.82394,1.82803,1.87526,1.760935,1.827279,1.835881,-0.008602,0.014922,-0.047048,36.456534,2.039548,1.710972,0.062708,164637479.6
HK,1359,2017-09-01,1.031353,1.78662,1.8152,1.864765,1.761465,1.809897,1.826875,-0.016977,0.008542,-0.051039,38.565609,2.041549,1.687981,0.061564,165692642.8
HK,1359,2017-09-04,-1.020825,1.73996,1.80412,1.85135,1.762075,1.792498,1.817239,-0.024742,0.001885,-0.053254,37.234684,2.036179,1.666521,0.059667,168874192.2
HK,1359,2017-09-05,-0.34182,1.70264,1.79129,1.83473,1.763235,1.776883,1.807888,-0.031006,-0.004693,-0.052626,36.781621,2.014394,1.655066,0.057069,171412724.2
HK,1359,2017-09-06,0.342992,1.69914,1.77729,1.818695,1.764492,1.764562,1.79966,-0.035097,-0.010774,-0.048647,37.599305,1.987143,1.650247,0.054243,95401333.4
HK,1359,2017-09-07,-0.34182,1.69798,1.76096,1.805285,1.765652,1.753245,1.791611,-0.038366,-0.016292,-0.044147,37.082771,1.969505,1.641065,0.051618,76793171.6
HK,1359,2017-09-08,1.034891,1.69682,1.74172,1.795375,1.767567,1.746361,1.785454,-0.039093,-0.020852,-0.036482,39.771313,1.957831,1.632919,0.052096,79731853.2
HK,1359,2017-09-11,0.684811,1.7015,1.72073,1.789545,1.769492,1.742336,1.780621,-0.038284,-0.024339,-0.027891,41.569037,1.953992,1.625098,0.050039,73565521.2
HK,1359,2017-09-12,-0.342983,1.70616,1.7044,1.78138,1.77104,1.738023,1.775708,-0.037685,-0.027008,-0.021354,40.90597,1.943731,1.619029,0.048543,69328153.2
HK,1359,2017-09-13,-0.676661,1.70734,1.70324,1.7738,1.772488,1.732589,1.7703,-0.037711,-0.029149,-0.017125,39.569563,1.935981,1.611619,0.046326,63739337.2
HK,1359,2017-09-14,-0.346508,1.7085,1.70324,1.765635,1.77393,1.727083,1.764856,-0.037773,-0.030874,-0.013799,38.873915,1.926048,1.605222,0.045095,57226443.2
HK,1359,2017-09-15,-1.031353,1.70266,1.69974,1.75747,1.774988,1.719732,1.758518,-0.038787,-0.032456,-0.012661,36.806971,1.918005,1.596935,0.044374,56159435.0
HK,1359,2017-09-18,3.126303,1.70498,1.70324,1.75368,1.776828,1.721588,1.756539,-0.034951,-0.032955,-0.003991,46.07098,1.912876,1.594484,0.04579,59518163.0
HK,1359,2017-09-19,-0.334912,1.70732,1.70674,1.749015,1.778387,1.722267,1.754277,-0.03201,-0.032766,0.001512,45.281209,1.905694,1.592336,0.045848,67189281.8
HK,1359,2017-09-20,0.336037,1.71314,1.71024,1.743765,1.780135,1.723734,1.752612,-0.028878,-0.031988,0.00622,46.273069,1.895278,1.592252,0.044652,69238019.6
HK,1359,2017-09-21,0.334912,1.7213,1.7149,1.73793,1.782165,1.725867,1.7515,-0.025633,-0.030717,0.010169,47.301783,1.880702,1.595158,0.043127,74315727.6
HK,1359,2017-09-22,-1.001381,1.72948,1.71607,1.728895,1.78372,1.724995,1.749181,-0.024186,-0.029411,0.01045,44.546166,1.850585,1.607205,0.042961,66525891.0
HK,1359,2017-09-25,-2.034647,1.72016,1.71257,1.71665,1.784877,1.718873,1.744442,-0.025569,-0.028643,0.006147,39.55455,1.797234,1.636066,0.043228,68711096.2
HK,1359,2017-09-26,0.344173,1.71316,1.71024,1.70732,1.785945,1.714585,1.740483,-0.025899,-0.028094,0.00439,40.739609,1.740429,1.674211,0.041811,59560807.8
HK,1359,2017-09-27,0.0,1.705,1.70907,1.706155,1.786917,1.710956,1.736818,-0.025862,-0.027648,0.003572,40.739609,1.739835,1.672475,0.040075,55327773.8
HK,1359,2017-09-28,-0.691898,1.69334,1.70732,1.70528,1.7875,1.706086,1.732557,-0.026471,-0.027412,0.001882,38.952941,1.740748,1.669812,0.039291,48369209.8
HK,1359,2017-09-29,0.0,1.68516,1.70732,1.70353,1.787888,1.701965,1.728612,-0.026647,-0.027259,0.001224,38.952941,1.740469,1.666591,0.037734,39428431.6
HK,1359,2017-10-03,1.73882,1.68982,1.70499,1.704115,1.788958,1.70297,1.727123,-0.024152,-0.026638,0.004972,45.82929,1.740979,1.667251,0.038789,37156431.6
HK,1359,2017-10-04,0.684811,1.69566,1.70441,1.705575,1.79032,1.705621,1.72661,-0.020989,-0.025508,0.009039,48.340213,1.742559,1.668591,0.038518,36290168.8
HK,1359,2017-10-06,4.406464,1.71666,1.71083,1.710535,1.792557,1.719526,1.73175,-0.012224,-0.022851,0.021254,60.964277,1.764288,1.656782,0.042424,68089887.0
HK,1359,2017-10-09,0.32294,1.74116,1.71725,1.716075,1.794598,1.732183,1.736939,-0.004755,-0.019232,0.028953,61.734815,1.782076,1.650074,0.041894,90809321.4
HK,1359,2017-10-10,0.643801,1.76798,1.72657,1.72132,1.79625,1.744678,1.742603,0.002076,-0.014971,0.034092,63.295329,1.799608,1.643032,0.040566,105240299.6
HK,1359,2017-10-11,-1.284879,1.7843,1.73706,1.724815,1.797415,1.751666,1.746121,0.005545,-0.010867,0.032825,58.164316,1.808637,1.640993,0.041833,112062014.6
HK,1359,2017-10-12,0.329591,1.79946,1.74756,1.7289,1.798678,1.758487,1.749816,0.008671,-0.00696,0.031262,59.069138,1.818066,1.639734,0.04093,116714215.8
HK,1359,2017-10-13,0.0,1.79946,1.75806,1.733565,1.800137,1.764258,1.753237,0.011021,-0.003363,0.02877,59.069138,1.826446,1.640684,0.039671,86149000.6
HK,1359,2017-10-16,0.0,1.7983,1.76973,1.738525,1.801498,1.769141,1.756404,0.012737,-0.000143,0.025761,59.069138,1.833592,1.643458,0.039752,69056345.2
HK,1359,2017-10-17,0.0,1.79482,1.7814,1.74436,1.801693,1.773273,1.759337,0.013936,0.002673,0.022527,59.069138,1.838491,1.650229,0.038162,59946820.4
HK,1359,2017-10-18,2.594655,1.80532,1.79481,1.7499,1.801693,1.783939,1.765505,0.018434,0.005825,0.025219,66.716589,1.853034,1.646766,0.040015,57753852.4
HK,1359,2017-10-19,-2.529035,1.80532,1.80239,1.7534,1.800042,1.785795,1.767764,0.018031,0.008266,0.019529,55.541134,1.857795,1.649005,0.042985,58238980.2
HK,1359,2017-10-20,0.32294,1.80648,1.80297,1.7569,1.799362,1.788257,1.770285,0.017972,0.010207,0.015529,56.517412,1.862846,1.650954,0.041579,64436740.4
HK,1359,2017-10-23,-0.649351,1.8053,1.8018,1.759525,1.797903,1.788541,1.771753,0.016788,0.011523,0.010529,53.944048,1.866028,1.653022,0.040274,61763554.4
HK,1359,2017-10-24,-0.977599,1.80062,1.79772,1.762145,1.796057,1.786088,1.771816,0.014273,0.012073,0.004399,50.257999,1.867218,1.657072,0.039483,61818734.4
HK,1359,2017-10-25,0.0,1.78662,1.79597,1.766515,1.794695,1.784013,1.771874,0.012139,0.012086,0.000106,50.257999,1.865519,1.667511,0.038327,50385597.0
HK,1359,2017-10-26,0.0,1.78194,1.79363,1.770595,1.792653,1.782257,1.771927,0.01033,0.011735,-0.002811,50.257999,1.863342,1.677848,0.037253,43294868.0
HK,1359,2017-10-27,0.98725,1.7796,1.79304,1.77555,1.78964,1.783464,1.773274,0.01019,0.011426,-0.002472,54.169357,1.861065,1.690035,0.036678,38272872.6
HK,1359,2017-10-30,-0.324004,1.77844,1.79187,1.7808,1.787113,1.783592,1.77409,0.009502,0.011041,-0.003078,52.690549,1.854047,1.707553,0.036137,37304170.0
HK,1359,2017-10-31,-0.980777,1.77728,1.78895,1.785175,1.78449,1.781009,1.77355,0.007459,0.010325,-0.005732,48.397412,1.842335,1.728015,0.035641,35700374.8
HK,1359,2017-11-01,0.662214,1.77846,1.78254,1.788675,1.78138,1.780623,1.773917,0.006706,0.009601,-0.00579,51.256896,1.833967,1.743383,0.03476,36016965.6
HK,1359,2017-11-02,-0.33174,1.77846,1.7802,1.791295,1.7772,1.779389,1.773819,0.005569,0.008795,-0.006451,49.759479,1.825027,1.757563,0.033941,43676365.6
HK,1359,2017-11-03,0.660047,1.7773,1.77845,1.79071,1.773313,1.780144,1.774596,0.005549,0.008145,-0.005194,52.70987,1.824501,1.756919,0.034017,43111381.2
HK,1359,2017-11-06,-0.655719,1.77496,1.7767,1.78925,1.770203,1.778984,1.774448,0.004536,0.007423,-0.005776,49.574638,1.823518,1.754982,0.035337,46073282.4
HK,1359,2017-11-07,-0.327203,1.77496,1.77612,1.78692,1.767872,1.777109,1.773881,0.003228,0.006584,-0.006713,48.048872,1.820636,1.753204,0.034477,47309409.4
HK,1359,2017-11-08,-0.662214,1.77028,1.77437,1.78517,1.76651,1.773723,1.77249,0.001233,0.005514,-0.008562,45.037626,1.82157,1.74877,0.033679,54638522.6
HK,1359,2017-11-09,0.0,1.76678,1.77262,1.783125,1.764468,1.770858,1.771202,-0.000344,0.004342,-0.009373,45.037626,1.821409,1.744841,0.032523,52502979.6
HK,1359,2017-11-10,-0.660931,1.75862,1.76796,1.7805,1.762622,1.766649,1.76915,-0.002501,0.002974,-0.010949,42.010292,1.82196,1.73904,0.032286,56252632.2
HK,1359,2017-11-13,-1.003728,1.7493,1.76213,1.777,1.760387,1.760395,1.765954,-0.005558,0.001267,-0.013651,37.874176,1.824074,1.729926,0.03248,55299829.6
HK,1359,2017-11-14,-1.013905,1.73764,1.7563,1.772625,1.758152,1.752412,1.761698,-0.009286,-0.000843,-0.016886,34.243406,1.827449,1.717801,0.033074,65372922.6
HK,1359,2017-11-15,-0.684811,1.72598,1.74813,1.765335,1.756305,1.743856,1.756891,-0.013035,-0.003282,-0.019506,32.032459,1.819774,1.710896,0.032797,64053209.0
HK,1359,2017-11-16,0.0,1.71432,1.74055,1.760375,1.754263,1.736617,1.752439,-0.015823,-0.00579,-0.020066,32.032459,1.820513,1.700237,0.032119,67487552.0
HK,1359,2017-11-17,0.0,1.70498,1.7318,1.755125,1.75193,1.730491,1.748318,-0.017827,-0.008197,-0.01926,32.032459,1.818145,1.692105,0.032325,65171991.2
HK,1359,2017-11-20,-0.68364,1.69682,1.72306,1.74988,1.749112,1.723523,1.743643,-0.02012,-0.010582,-0.019076,29.661012,1.817664,1.682096,0.032102,61925690.4
HK,1359,2017-11-21,1.382625,1.69682,1.71723,1.746675,1.745905,1.721212,1.741039,-0.019828,-0.012431,-0.014793,39.370374,1.815905,1.677445,0.032309,50691810.4
HK,1359,2017-11-22,0.339479,1.70032,1.71315,1.74376,1.742308,1.720148,1.739059,-0.01891,-0.013727,-0.010367,41.533868,1.813287,1.674233,0.032915,47020676.4
HK,1359,2017-11-23,0.0,1.70382,1.70907,1.740845,1.739587,1.719249,1.737225,-0.017976,-0.014577,-0.006799,41.533868,1.81018,1.67151,0.033893,44996558.4
HK,1359,2017-11-24,0.0,1.70732,1.70615,1.737055,1.739587,1.718487,1.735527,-0.017039,-0.015069,-0.00394,41.533868,1.803429,1.670681,0.033136,43831841.2
HK,1359,2017-11-27,-0.338331,1.71198,1.7044,1.733265,1.739782,1.716951,1.733525,-0.016574,-0.01537,-0.002407,39.761759,1.79702,1.66951,0.032855,43174503.0
HK,1359,2017-11-28,-0.339479,1.71082,1.70382,1.73006,1.739588,1.714758,1.731241,-0.016483,-0.015593,-0.001781,38.01502,1.793192,1.666928,0.031758,41481303.0
HK,1359,2017-11-29,-0.346508,1.70732,1.70382,1.725975,1.739588,1.711996,1.72869,-0.016695,-0.015813,-0.001763,36.269547,1.786562,1.665388,0.031568,39082345.8
HK,1359,2017-11-30,-0.34182,1.70266,1.70324,1.721895,1.739588,1.708765,1.725898,-0.017133,-0.016077,-0.002112,34.588239,1.780325,1.663465,0.030563,35786283.4
HK,1359,2017-12-01,0.342992,1.69916,1.70324,1.71752,1.739588,1.706925,1.723743,-0.016818,-0.016225,-0.001186,37.698441,1.769333,1.665707,0.030052,32935497.4
HK,1359,2017-12-04,-0.68364,1.6945,1.70324,1.71315,1.739492,1.703582,1.720888,-0.017305,-0.016441,-0.001728,34.196352,1.760165,1.666135,0.029577,30672901.0
HK,1359,2017-12-05,0.0,1.691,1.70091,1.70907,1.739103,1.700754,1.718244,-0.01749,-0.016651,-0.001678,34.196352,1.750595,1.667545,0.029128,30971701.0
HK,1359,2017-12-06,-4.15381,1.67468,1.691,1.702075,1.737353,1.687592,1.710611,-0.023019,-0.017925,-0.010189,20.723184,1.755621,1.648529,0.032462,51786054.6
HK,1359,2017-12-07,-0.359089,1.65836,1.68051,1.69479,1.735605,1.675563,1.703114,-0.027552,-0.01985,-0.015403,20.019375,1.756518,1.633062,0.032643,55221955.4
HK,1359,2017-12-08,0.0,1.64088,1.67002,1.688085,1.73405,1.665384,1.696172,-0.030789,-0.022038,-0.017502,20.019375,1.756013,1.620157,0.032397,64493666.4
HK,1359,2017-12-11,0.720766,1.62804,1.66127,1.682835,1.732787,1.658555,1.690604,-0.032049,-0.02404,-0.016017,25.85989,1.754365,1.611305,0.032162,67610928.4
HK,1359,2017-12-12,-1.437384,1.61054,1.65077,1.677295,1.731427,1.649193,1.683722,-0.034529,-0.026138,-0.016783,22.33227,1.756741,1.597849,0.032779,68072531.0
HK,1359,2017-12-13,1.827627,1.61288,1.64378,1.6738,1.729678,1.645763,1.679513,-0.03375,-0.02766,-0.012179,34.4081,1.755621,1.591979,0.033766,44039985.8
HK,1359,2017-12-14,0.356506,1.61754,1.63795,1.670595,1.728123,1.643754,1.676046,-0.032292,-0.028587,-0.007411,36.519388,1.753574,1.587616,0.03344,40805444.6
HK,1359,2017-12-15,-0.35524,1.62104,1.63096,1.6671,1.726375,1.641161,1.672405,-0.031244,-0.029118,-0.004253,35.295882,1.75125,1.58295,0.03313,33504964.6
HK,1359,2017-12-18,0.0,1.62222,1.62513,1.664185,1.72453,1.638967,1.669034,-0.030068,-0.029308,-0.001519,35.295882,1.749654,1.578716,0.032842,33164974.2
HK,1359,2017-12-19,0.713012,1.63038,1.62046,1.660685,1.723168,1.638895,1.666773,-0.027878,-0.029022,0.002289,39.961524,1.744322,1.577048,0.03341,34836617.0
HK,1359,2017-12-20,-0.353982,1.63154,1.62221,1.656605,1.722293,1.637942,1.664249,-0.026307,-0.028479,0.004344,38.467929,1.737291,1.575919,0.033524,34950282.8
HK,1359,2017-12-21,0.71048,1.63386,1.6257,1.653105,1.721515,1.63892,1.662771,-0.023851,-0.027553,0.007405,43.05232,1.729432,1.576778,0.033629,31484313.6
HK,1359,2017-12-22,0.358815,1.63852,1.62978,1.6499,1.720835,1.640655,1.66184,-0.021184,-0.02628,0.01019,45.285191,1.720875,1.578925,0.032477,30830696.6
HK,1359,2017-12-27,-0.709005,1.64084,1.63153,1.6464,1.720155,1.640324,1.660111,-0.019787,-0.024981,0.010388,41.786228,1.712185,1.580615,0.032236,29414853.4
HK,1359,2017-12-28,0.714068,1.64318,1.63678,1.643775,1.71967,1.641843,1.659377,-0.017534,-0.023492,0.011916,46.258019,1.704347,1.583203,0.031184,26605808.0
HK,1359,2017-12-29,1.060478,1.65018,1.64086,1.64232,1.71899,1.645821,1.659993,-0.014172,-0.021628,0.014911,52.175575,1.699001,1.585639,0.03187,28155661.4
HK,1359,2018-01-02,2.794268,1.66418,1.64902,1.643485,1.718892,1.656356,1.664016,-0.00766,-0.018834,0.022349,63.652706,1.704882,1.582088,0.034173,40041438.0
HK,1359,2018-01-03,0.344164,1.67818,1.65835,1.644655,1.717628,1.666178,1.668178,-0.001999,-0.015467,0.026936,64.804363,1.710781,1.578529,0.03381,45509976.6
HK,1359,2018-01-04,-0.342983,1.69334,1.66709,1.64611,1.71617,1.673582,1.671594,0.001987,-0.011976,0.027927,62.666065,1.716859,1.575361,0.033474,49397258.4
HK,1359,2018-01-05,-0.338331,1.705,1.67409,1.647275,1.714422,1.678954,1.674328,0.004626,-0.008656,0.026563,60.550896,1.721254,1.573296,0.032747,52664815.6
HK,1359,2018-01-08,3.072871,1.72366,1.68692,1.654565,1.713937,1.691576,1.680748,0.010828,-0.004759,0.031174,70.317257,1.741979,1.567151,0.034987,63036271.8
HK,1359,2018-01-09,0.329358,1.73416,1.69917,1.662435,1.71345,1.703149,1.687122,0.016027,-0.000602,0.033257,71.166528,1.759928,1.564942,0.035823,59024752.4
HK,1359,2018-01-10,0.0,1.74348,1.71083,1.670305,1.712963,1.712942,1.693024,0.019917,0.003502,0.03283,71.166528,1.774579,1.566031,0.035343,58568396.8
HK,1359,2018-01-11,0.0,1.75398,1.72366,1.677595,1.712477,1.721228,1.698489,0.022738,0.007349,0.030778,71.166528,1.787306,1.567884,0.035318,55534913.2
HK,1359,2018-01-12,0.0,1.76564,1.73532,1.68605,1.71199,1.728239,1.703549,0.024689,0.010817,0.027744,71.166528,1.795893,1.576207,0.034467,53903657.2
HK,1359,2018-01-15,-0.662214,1.76446,1.74406,1.69246,1.710532,1.732371,1.707368,0.025003,0.013654,0.022698,66.039756,1.802709,1.582211,0.035755,44925164.6
HK,1359,2018-01-16,2.660817,1.77146,1.75281,1.700915,1.710628,1.743053,1.714363,0.02869,0.016661,0.024056,74.069403,1.817301,1.584529,0.037787,49102943.4
HK,1359,2018-01-17,0.643801,1.78078,1.76213,1.71024,1.710822,1.753875,1.721699,0.032176,0.019764,0.024824,75.611917,1.831206,1.589274,0.038002,55963990.6
HK,1359,2018-01-18,2.895114,1.8006,1.77729,1.72219,1.712085,1.77111,1.732381,0.038729,0.023557,0.030344,81.093576,1.854548,1.589832,0.041952,79604759.8
HK,1359,2018-01-19,0.0,1.82042,1.79303,1.73356,1.71364,1.785693,1.742271,0.043422,0.02753,0.031783,81.093576,1.874027,1.593093,0.042698,96865658.6
HK,1359,2018-01-22,0.937885,1.84608,1.80527,1.746095,1.715487,1.800725,1.752725,0.048,0.031624,0.032751,82.605065,1.892923,1.599267,0.042977,100682079.6
HK,1359,2018-01-23,2.166295,1.87056,1.82101,1.76009,1.718013,1.819721,1.765427,0.054294,0.036158,0.036272,85.51298,1.918352,1.601828,0.044072,103594843.4
HK,1359,2018-01-24,2.426983,1.90206,1.84142,1.776125,1.721027,1.842979,1.780647,0.062332,0.041393,0.041878,87.988175,1.950743,1.601507,0.045924,105686263.6
HK,1359,2018-01-25,-2.663758,1.91256,1.85658,1.79012,1.723262,1.854582,1.790851,0.063732,0.045861,0.035742,72.907247,1.963233,1.617007,0.049308,93290584.2
HK,1359,2018-01-26,2.126772,1.93122,1.87582,1.80557,1.726468,1.870677,1.803321,0.067356,0.05016,0.034393,76.306055,1.981114,1.630026,0.049536,81915774.2
HK,1359,2018-01-29,0.301143,1.94756,1.89682,1.82044,1.729578,1.885204,1.815305,0.069899,0.054108,0.031583,76.760085,1.99713,1.64375,0.051412,89199483.6
HK,1359,2018-01-30,-2.971859,1.94406,1.90731,1.83006,1.731813,1.888511,1.822075,0.066436,0.056573,0.019726,63.740225,2.003508,1.656612,0.053568,88641610.2
HK,1359,2018-01-31,1.227251,1.9359,1.91898,1.840555,1.734243,1.894909,1.830077,0.064833,0.058225,0.013215,66.213125,2.011527,1.669583,0.054327,87171848.0
HK,1359,2018-02-01,-2.419564,1.9289,1.92073,1.84901,1.73609,1.893139,1.834027,0.059112,0.058403,0.001419,57.748497,2.010641,1.687379,0.055025,78805887.2
HK,1359,2018-02-02,1.550388,1.91958,1.9254,1.859215,1.73852,1.896133,1.839847,0.056286,0.057979,-0.003387,61.097333,2.009442,1.708988,0.056509,75544058.6
HK,1359,2018-02-05,-1.218237,1.90442,1.92599,1.86563,1.740757,1.895082,1.84351,0.051572,0.056698,-0.010252,57.201361,2.009349,1.721911,0.056637,70015823.6
HK,1359,2018-02-06,-5.864606,1.87878,1.91142,1.866215,1.741147,1.877146,1.838694,0.038451,0.053048,-0.029194,43.120094,2.008408,1.724022,0.062592,89363887.2
HK,1359,2018-02-07,-1.641833,1.84262,1.88926,1.86534,1.741243,1.857477,1.832073,0.025405,0.04752,-0.04423,40.304217,2.01016,1.72052,0.066035,88279547.2
HK,1359,2018-02-08,-0.668839,1.81346,1.87118,1.86388,1.741437,1.839035,1.825075,0.01396,0.040808,-0.053696,39.199621,2.013164,1.714596,0.065068,93445172.6
HK,1359,2018-02-09,-5.029926,1.76098,1.84028,1.85805,1.740465,1.809983,1.812121,-0.002138,0.032219,-0.068713,32.118279,2.029505,1.686595,0.069578,124446021.8
HK,1359,2018-02-12,0.351473,1.71432,1.80937,1.853095,1.739785,1.786293,1.800556,-0.014263,0.022922,-0.074371,32.98348,2.041094,1.665096,0.068351,132509526.4
HK,1359,2018-02-13,0.350242,1.69098,1.78488,1.846095,1.739202,1.767141,1.790278,-0.023138,0.01371,-0.073696,33.890903,2.050888,1.641302,0.067633,102808324.0
HK,1359,2018-02-14,0.704056,1.67582,1.75922,1.8391,1.738813,1.752734,1.781628,-0.028894,0.00519,-0.068166,35.779943,2.057019,1.621181,0.065302,93278148.6
HK,1359,2018-02-15,2.091425,1.67,1.74173,1.83123,1.739202,1.745929,1.776211,-0.030282,-0.001905,-0.056754,41.19338,2.055971,1.606489,0.065216,87096824.8
HK,1359,2018-02-20,-0.339479,1.6805,1.72074,1.82307,1.739105,1.739278,1.770766,-0.031487,-0.007821,-0.047332,40.582874,2.05395,1.59219,0.064308,55880258.2
HK,1359,2018-02-21,2.73683,1.69916,1.70674,1.816365,1.739688,1.74082,1.769176,-0.028356,-0.011928,-0.032855,47.336193,2.047636,1.585094,0.064293,44289396.6
HK,1359,2018-02-22,-2.0008,1.70966,1.70032,1.80587,1.739688,1.73674,1.765111,-0.028371,-0.015217,-0.026308,43.350814,2.03566,1.57608,0.062615,47101819.8
HK,1359,2018-02-23,2.724144,1.72716,1.70149,1.795375,1.740467,1.740472,1.764806,-0.024334,-0.01704,-0.014588,49.464541,2.012903,1.577847,0.062728,47610264.0
HK,1359,2018-02-26,0.0,1.73766,1.70383,1.787505,1.741342,1.743631,1.764524,-0.020894,-0.017811,-0.006166,49.464541,1.997933,1.577077,0.061162,48458277.8
HK,1359,2018-02-27,-1.32879,1.74464,1.71257,1.776425,1.741923,1.742703,1.76253,-0.019827,-0.018214,-0.003226,46.545385,1.972362,1.580488,0.060122,50937774.0
HK,1359,2018-02-28,-1.34093,1.73764,1.7184,1.763885,1.742215,1.738333,1.758957,-0.020624,-0.018696,-0.003856,43.775155,1.941126,1.586644,0.059156,52359373.6
HK,1359,2018-03-01,0.344164,1.73882,1.72424,1.75456,1.742702,1.735543,1.756087,-0.020543,-0.019066,-0.002955,44.673113,1.919996,1.589124,0.057845,51687373.0
HK,1359,2018-03-02,-2.034647,1.72366,1.72541,1.742315,1.742508,1.727798,1.750836,-0.023037,-0.01986,-0.006355,40.537105,1.889178,1.595452,0.057463,61193897.4
HK,1359,2018-03-05,-1.388559,1.70382,1.72074,1.731235,1.742118,1.717645,1.74424,-0.026596,-0.021207,-0.010777,38.003761,1.866856,1.595614,0.056694,62535192.2
HK,1359,2018-03-06,1.757131,1.6945,1.71957,1.720155,1.742215,1.713546,1.740297,-0.026751,-0.022316,-0.008871,42.807019,1.828077,1.612233,0.05598,58698659.6
HK,1359,2018-03-07,-1.034891,1.68634,1.71199,1.709365,1.743187,1.707385,1.735349,-0.027964,-0.023446,-0.009037,40.768408,1.786143,1.632587,0.05531,55841504.2
HK,1359,2018-03-08,1.392292,1.68166,1.71024,1.70528,1.744643,1.705756,1.732493,-0.026737,-0.024104,-0.005266,44.554475,1.775307,1.635253,0.05386,54501084.0
HK,1359,2018-03-09,0.347713,1.68516,1.70441,1.70295,1.746198,1.705286,1.730286,-0.025,-0.024283,-0.001434,45.504374,1.770001,1.635899,0.052098,43178781.4
HK,1359,2018-03-12,0.681271,1.69566,1.69974,1.701785,1.747753,1.706673,1.729102,-0.022429,-0.023912,0.002966,47.411978,1.767176,1.636394,0.050041,41018903.4
HK,1359,2018-03-13,0.0,1.70032,1.69741,1.70499,1.749697,1.707846,1.728006,-0.02016,-0.023162,0.006005,47.411978,1.766097,1.643883,0.047717,39732275.2
HK,1359,2018-03-14,-1.020825,1.70498,1.69566,1.70703,1.750862,1.706147,1.725694,-0.019547,-0.022439,0.005783,44.675776,1.764046,1.650014,0.045973,40843356.6
HK,1359,2018-03-15,0.689533,1.70732,1.69449,1.709365,1.752125,1.706509,1.724421,-0.017912,-0.021534,0.007244,46.882901,1.762472,1.656258,0.044768,36671877.8
HK,1359,2018-03-16,-0.684811,1.70614,1.69565,1.71053,1.75329,1.705015,1.722375,-0.017359,-0.020699,0.006679,44.951637,1.761414,1.659646,0.04282,56482570.4
HK,1359,2018-03-19,0.347713,1.70382,1.69974,1.71024,1.754553,1.704659,1.720917,-0.016258,-0.019811,0.007105,46.156157,1.761233,1.659247,0.041426,60686567.0
HK,1359,2018-03-20,0.681271,1.70382,1.70207,1.71082,1.755817,1.706142,1.720427,-0.014285,-0.018705,0.008841,48.540276,1.761721,1.659919,0.040967,61612528.6
HK,1359,2018-03-21,0.344164,1.7085,1.70674,1.709365,1.757275,1.708305,1.72041,-0.012105,-0.017385,0.01056,49.75879,1.757364,1.661366,0.039705,62577037.4
HK,1359,2018-03-22,0.67434,1.71316,1.71024,1.71024,1.758733,1.71192,1.721254,-0.009334,-0.015775,0.012882,52.157448,1.759195,1.661285,0.038947,68996686.6
HK,1359,2018-03-23,-3.031528,1.70966,1.7079,1.706155,1.759218,1.706901,1.718146,-0.011245,-0.014869,0.007248,42.311592,1.750943,1.661367,0.041165,59515253.2
HK,1359,2018-03-26,0.351337,1.70616,1.70499,1.702365,1.759997,1.703563,1.715706,-0.012143,-0.014324,0.004362,43.600116,1.740243,1.664487,0.041561,56338850.2
HK,1359,2018-03-27,1.382625,1.705,1.70441,1.70091,1.760968,1.704322,1.715172,-0.01085,-0.013629,0.005559,48.49294,1.735341,1.666479,0.040671,54864686.4
HK,1359,2018-03-28,-1.363769,1.698,1.70325,1.699455,1.76126,1.70138,1.712952,-0.011572,-0.013218,0.003292,44.349555,1.733959,1.664951,0.04068,57963819.8
HK,1359,2018-03-29,-1.388559,1.684,1.69858,1.696535,1.760385,1.695291,1.709163,-0.013872,-0.013348,-0.001047,40.597884,1.733331,1.659739,0.041524,65459143.6
HK,1359,2018-04-03,0.704056,1.68284,1.69625,1.69595,1.759607,1.691939,1.706521,-0.014583,-0.013595,-0.001975,43.185782,1.733805,1.658095,0.041887,59685222.8
HK,1359,2018-04-04,-2.091425,1.6735,1.68983,1.694785,1.758343,1.683717,1.701483,-0.017765,-0.014429,-0.006672,37.87064,1.737848,1.651722,0.042645,63076579.4
HK,1359,2018-04-06,0.353982,1.66066,1.68283,1.69245,1.757273,1.677653,1.697247,-0.019594,-0.015462,-0.008263,39.205943,1.740818,1.644082,0.042099,64292811.2
HK,1359,2018-04-09,1.064283,1.65598,1.67699,1.691865,1.75562,1.675214,1.694621,-0.019407,-0.016251,-0.006312,43.174401,1.741405,1.642325,0.041592,57381210.4
HK,1359,2018-04-10,1.757131,1.66182,1.67291,1.691575,1.754357,1.677643,1.694353,-0.01671,-0.016343,-0.000734,49.140151,1.741064,1.642086,0.041957,51488771.8
HK,1359,2018-04-11,0.691898,1.66766,1.67525,1.691575,1.753288,1.681498,1.694971,-0.013474,-0.015769,0.004591,51.344308,1.741064,1.642086,0.040624,48457138.6
HK,1359,2018-04-12,0.0,1.6805,1.677,1.690995,1.75222,1.68476,1.695544,-0.010784,-0.014772,0.007976,51.344308,1.73967,1.64232,0.038972,41494192.8
HK,1359,2018-04-13,-0.346508,1.691,1.67583,1.69012,1.751053,1.686612,1.695637,-0.009025,-0.013623,0.009196,50.075123,1.737705,1.642535,0.037438,39121463.8
HK,1359,2018-04-16,-1.714993,1.69218,1.67408,1.688665,1.749597,1.683702,1.693567,-0.009865,-0.012871,0.006012,44.263422,1.737116,1.640214,0.037679,39688358.4
HK,1359,2018-04-17,-0.701565,1.68518,1.6735,1.68604,1.747167,1.679441,1.690785,-0.011344,-0.012566,0.002443,42.1455,1.735584,1.636496,0.037487,36620346.6
HK,1359,2018-04-18,-1.407005,1.67118,1.66942,1.682835,1.744155,1.67225,1.686482,-0.014232,-0.012899,-0.002667,38.223151,1.737235,1.628435,0.038138,49768726.8
HK,1359,2018-04-19,1.427084,1.66184,1.67117,1.6805,1.740657,1.66975,1.684224,-0.014474,-0.013214,-0.002521,43.850756,1.735297,1.625703,0.037493,51404991.0
HK,1359,2018-04-20,-1.757246,1.64786,1.66943,1.67613,1.736673,1.663157,1.679978,-0.01682,-0.013935,-0.00577,39.064441,1.733335,1.618925,0.037315,55317347.6
HK,1359,2018-04-23,-0.362653,1.63852,1.66535,1.67117,1.7323,1.656672,1.675609,-0.018937,-0.014936,-0.008003,38.155113,1.729423,1.612917,0.036314,56115853.8
HK,1359,2018-04-24,0.721777,1.63386,1.65952,1.666215,1.727442,1.652984,1.672431,-0.019447,-0.015838,-0.007218,41.083924,1.719657,1.612773,0.036213,55014806.0
HK,1359,2018-04-25,-1.071844,1.63036,1.65077,1.66301,1.721513,1.647171,1.668191,-0.021021,-0.016875,-0.008292,38.172067,1.720466,1.605554,0.034876,41600698.8
HK,1359,2018-04-26,-0.359089,1.62104,1.64144,1.65922,1.716363,1.64136,1.663836,-0.022477,-0.017995,-0.008963,37.230245,1.720212,1.598228,0.034471,42031738.8
HK,1359,2018-04-27,0.720766,1.61986,1.63386,1.654845,1.710727,1.638228,1.660663,-0.022436,-0.018883,-0.007105,40.397633,1.713581,1.596109,0.03368,36396806.2
HK,1359,2018-04-30,1.437384,1.62452,1.63152,1.6528,1.70538,1.639162,1.659451,-0.020289,-0.019164,-0.00225,46.263141,1.709994,1.595606,0.033774,35035972.4
HK,1359,2018-05-02,-0.705467,1.62452,1.62919,1.651345,1.700813,1.638168,1.65747,-0.019302,-0.019192,-0.00022,43.944501,1.709028,1.593662,0.033026,32750330.8
HK,1359,2018-05-03,-0.35524,1.62686,1.62861,1.649015,1.69576,1.636434,1.655205,-0.018771,-0.019108,0.000673,42.789738,1.706695,1.591335,0.032331,32413715.6
HK,1359,2018-05-04,-0.362653,1.62918,1.62511,1.64814,1.691387,1.63406,1.652672,-0.018612,-0.019009,0.000793,41.592416,1.706951,1.589329,0.031686,31504091.8
HK,1359,2018-05-07,0.721777,1.63152,1.62569,1.64756,1.686722,1.633851,1.651192,-0.017342,-0.018675,0.002667,44.885879,1.706739,1.588381,0.030259,34973447.0
HK,1359,2018-05-08,0.0,1.6292,1.62686,1.646105,1.682445,1.633674,1.649822,-0.016149,-0.01817,0.004042,44.885879,1.705243,1.586967,0.029762,35647006.6
HK,1359,2018-05-09,-0.35524,1.62804,1.62628,1.6429,1.679918,1.632631,1.648124,-0.015493,-0.017635,0.004283,43.476431,1.698818,1.586982,0.029714,34475852.2
HK,1359,2018-05-10,0.356506,1.6292,1.62803,1.6394,1.677975,1.632642,1.646982,-0.01434,-0.016976,0.005271,45.325317,1.68822,1.59058,0.028842,34926814.4
HK,1359,2018-05-11,1.071844,1.63504,1.63211,1.636775,1.676518,1.635343,1.64722,-0.011877,-0.015956,0.008158,50.578158,1.676497,1.597053,0.028446,40015915.2
HK,1359,2018-05-14,0.351473,1.6397,1.63561,1.634735,1.676615,1.638521,1.647871,-0.009349,-0.014635,0.01057,52.216704,1.664975,1.604495,0.027664,42779856.0
HK,1359,2018-05-15,0.0,1.64436,1.63678,1.63415,1.676615,1.64121,1.648473,-0.007263,-0.01316,0.011795,52.216704,1.662189,1.606111,0.026938,40250024.0
HK,1359,2018-05-16,0.350242,1.65134,1.63969,1.63444,1.676615,1.644378,1.64946,-0.005082,-0.011545,0.012925,53.985994,1.66348,1.6054,0.027093,48992200.0
HK,1359,2018-05-17,-0.349019,1.656,1.6426,1.635605,1.676323,1.646166,1.649944,-0.003779,-0.009991,0.012426,51.915818,1.666105,1.605105,0.027236,50302688.2
HK,1359,2018-05-18,1.056763,1.66066,1.64785,1.63648,1.67574,1.650371,1.651689,-0.001318,-0.008257,0.013877,57.243335,1.670113,1.602847,0.027376,50974022.6
HK,1359,2018-05-21,0.346579,1.66532,1.65251,1.6391,1.67535,1.654822,1.653735,0.001087,-0.006388,0.01495,58.869848,1.677206,1.600994,0.026671,51481947.0
HK,1359,2018-05-23,-1.387483,1.66532,1.65484,1.64085,1.673795,1.655003,1.653902,0.001101,-0.00489,0.011982,50.550459,1.678684,1.603016,0.02643,54913693.4
HK,1359,2018-05-24,0.350242,1.66532,1.65833,1.642305,1.67292,1.656049,1.654487,0.001561,-0.0036,0.010322,52.355424,1.681002,1.603608,0.026206,43721317.4
HK,1359,2018-05-25,-0.349019,1.66532,1.66066,1.644345,1.67117,1.656041,1.654599,0.001442,-0.002592,0.008067,50.375227,1.681377,1.607313,0.025585,40646682.2
HK,1359,2018-05-28,0.706522,1.66416,1.66241,1.64726,1.669615,1.657835,1.65557,0.002265,-0.00162,0.007771,54.143081,1.681934,1.612586,0.025421,32634270.8
HK,1359,2018-05-29,-1.049349,1.65834,1.66183,1.64872,1.668158,1.65666,1.655172,0.001488,-0.000999,0.004974,48.242895,1.68124,1.6162,0.025277,30585972.6
HK,1359,2018-05-30,-1.769482,1.65134,1.65833,1.647555,1.666603,1.651174,1.652641,-0.001467,-0.001092,-0.000749,40.343014,1.682223,1.612887,0.027221,35189729.6
HK,1359,2018-05-31,2.159161,1.65018,1.65775,1.64872,1.665533,1.651917,1.65289,-0.000973,-0.001068,0.000191,50.752737,1.682875,1.614565,0.028191,43547508.0
HK,1359,2018-06-01,-0.706522,1.64784,1.65658,1.64959,1.664852,1.650745,1.652253,-0.001509,-0.001156,-0.000704,47.753014,1.682335,1.616845,0.027428,50475903.8
HK,1359,2018-06-04,1.423098,1.64784,1.656,1.651925,1.66495,1.653353,1.653398,-4.4e-05,-0.000934,0.001779,53.653084,1.682788,1.621062,0.027554,53036377.0
HK,1359,2018-06-05,0.347784,1.6525,1.65542,1.653965,1.664658,1.656453,1.654887,0.001566,-0.000434,0.004,55.00926,1.684869,1.623061,0.026422,49118004.8
HK,1359,2018-06-06,-0.346579,1.66184,1.65659,1.655715,1.664562,1.658183,1.655836,0.002347,0.000122,0.00445,53.32875,1.68555,1.62588,0.025363,38197235.0
HK,1359,2018-06-07,1.049349,1.66768,1.65893,1.65863,1.664368,1.66234,1.658011,0.004329,0.000964,0.00673,57.543256,1.688023,1.629237,0.025223,33174488.0
HK,1359,2018-06-08,-1.388559,1.67118,1.65951,1.660085,1.663687,1.662257,1.658292,0.003965,0.001564,0.004802,50.921664,1.686974,1.633196,0.025921,26659622.2
HK,1359,2018-06-11,0.355037,1.67118,1.65951,1.66096,1.66291,1.663094,1.658988,0.004106,0.002072,0.004067,52.408684,1.687643,1.634277,0.025734,22763643.0
HK,1359,2018-06-12,-0.353781,1.66884,1.66067,1.66125,1.662035,1.662895,1.659197,0.003698,0.002397,0.002602,50.752646,1.687837,1.634663,0.02556,24580009.4
HK,1359,2018-06-13,-1.402094,1.663,1.66242,1.660375,1.661063,1.659142,1.657664,0.001478,0.002214,-0.001471,44.740174,1.688691,1.632059,0.025399,27010992.0
HK,1359,2018-06-14,0.0,1.65366,1.66067,1.65921,1.659897,1.655966,1.656244,-0.000278,0.001715,-0.003986,44.740174,1.689071,1.629349,0.025249,26656693.4
HK,1359,2018-06-15,-0.707965,1.64668,1.65893,1.657755,1.658732,1.651494,1.65407,-0.002576,0.000857,-0.006866,41.875805,1.690769,1.624741,0.025938,33382271.8
HK,1359,2018-06-19,-2.513984,1.63034,1.65076,1.65338,1.656787,1.641418,1.649028,-0.00761,-0.000836,-0.013547,33.686649,1.698029,1.608731,0.028671,43525069.0
HK,1359,2018-06-20,0.0,1.61518,1.64201,1.648715,1.654648,1.632892,1.644359,-0.011467,-0.002962,-0.017009,33.686649,1.700485,1.596945,0.029123,44323849.6
HK,1359,2018-06-21,-1.103405,1.60118,1.63209,1.64434,1.65212,1.622986,1.63874,-0.015754,-0.005521,-0.020467,30.706797,1.706629,1.582051,0.029543,50437336.6
HK,1359,2018-06-22,0.0,1.58718,1.62042,1.639675,1.649398,1.614603,1.633537,-0.018934,-0.008203,-0.021461,30.706797,1.709548,1.569802,0.029511,54270931.0
HK,1359,2018-06-25,-0.73956,1.57318,1.60993,1.63472,1.647358,1.605726,1.62786,-0.022134,-0.01099,-0.02229,28.75161,1.712829,1.556611,0.030732,50809450.6
HK,1359,2018-06-26,-2.248057,1.56036,1.59535,1.62743,1.644637,1.59283,1.620012,-0.027182,-0.014228,-0.025907,23.822808,1.718075,1.536785,0.032287,49524799.2
HK,1359,2018-06-27,-3.068533,1.5382,1.57669,1.61868,1.640748,1.574733,1.609285,-0.034552,-0.018293,-0.032518,19.114405,1.730221,1.507139,0.035816,62320413.2
HK,1359,2018-06-28,-1.972614,1.51372,1.55745,1.609935,1.636763,1.554943,1.597197,-0.042254,-0.023085,-0.038338,16.876126,1.744439,1.475431,0.036587,68674492.4
HK,1359,2018-06-29,1.61123,1.4939,1.54054,1.600605,1.633557,1.541783,1.587731,-0.045948,-0.027658,-0.036581,24.499558,1.746443,1.454767,0.036888,67401392.0
HK,1359,2018-07-03,-0.394719,1.47524,1.52421,1.59157,1.630058,1.529755,1.578536,-0.048781,-0.031882,-0.033798,23.911674,1.747501,1.435639,0.037581,75101336.8
HK,1359,2018-07-04,-2.992621,1.45482,1.50759,1.579175,1.626413,1.512838,1.566777,-0.053939,-0.036294,-0.035291,20.007292,1.747821,1.410529,0.039811,73830580.2
HK,1359,2018-07-05,-3.965347,1.43248,1.48534,1.563675,1.621733,1.489863,1.55172,-0.061857,-0.041406,-0.040901,16.318795,1.750769,1.376581,0.044118,79480289.2
HK,1359,2018-07-06,0.916758,1.41846,1.46609,1.54909,1.61697,1.472346,1.538704,-0.066358,-0.046397,-0.039922,19.851776,1.746659,1.351521,0.044988,73518816.0
HK,1359,2018-07-09,0.0,1.39978,1.44684,1.53363,1.61172,1.457523,1.526651,-0.069128,-0.050943,-0.03637,19.851776,1.734539,1.332721,0.045346,79957489.2
HK,1359,2018-07-10,-0.90843,1.37976,1.4275,1.518715,1.606067,1.443058,1.514566,-0.071508,-0.055056,-0.032904,18.925114,1.7236,1.31383,0.044785,76950212.4
HK,1359,2018-07-11,-3.212321,1.35974,1.40728,1.501315,1.599683,1.42408,1.500132,-0.076052,-0.059255,-0.033593,16.090798,1.711669,1.290961,0.045608,80963618.4
HK,1359,2018-07-12,1.89437,1.35598,1.39423,1.48546,1.593815,1.411868,1.488618,-0.07675,-0.062754,-0.027993,23.164135,1.69282,1.2781,0.044579,71280144.6
HK,1359,2018-07-13,-0.461069,1.34848,1.38347,1.47046,1.588328,1.40058,1.477498,-0.076918,-0.065587,-0.022662,22.654102,1.674747,1.266173,0.04363,67396963.6
HK,1359,2018-07-16,0.0,1.34098,1.37038,1.45546,1.583037,1.39103,1.467202,-0.076173,-0.067704,-0.016937,22.654102,1.652103,1.258817,0.043199,56245263.6
HK,1359,2018-07-17,-0.933881,1.33348,1.35662,1.440415,1.577925,1.381025,1.456743,-0.075718,-0.069307,-0.012822,21.544892,1.628129,1.252701,0.04235,48583466.0
HK,1359,2018-07-18,-0.475113,1.33348,1.34661,1.4271,1.57232,1.37159,1.446591,-0.075001,-0.070446,-0.009111,20.987147,1.609317,1.244883,0.04111,39750468.4
HK,1359,2018-07-19,0.0,1.32848,1.34223,1.413785,1.5672,1.363607,1.437192,-0.073585,-0.071073,-0.005023,20.987147,1.586269,1.241301,0.039517,28760277.6
HK,1359,2018-07-20,0.0,1.32472,1.3366,1.401345,1.562178,1.356852,1.428489,-0.071637,-0.071186,-0.000901,20.987147,1.562946,1.239744,0.040265,30114880.8
HK,1359,2018-07-23,0.477381,1.32222,1.3316,1.38922,1.557067,1.352106,1.420897,-0.068791,-0.070707,0.003832,23.461851,1.534389,1.244051,0.040068,33849179.2
HK,1359,2018-07-24,2.360483,1.32848,1.33098,1.37924,1.552768,1.352905,1.416186,-0.063281,-0.069222,0.011881,34.447015,1.502756,1.255724,0.040777,41243198.8
HK,1359,2018-07-25,0.920946,1.3385,1.33599,1.371635,1.548775,1.355504,1.41275,-0.057246,-0.066827,0.019161,38.258185,1.476383,1.266887,0.040093,43819403.8
HK,1359,2018-07-26,-0.459921,1.34726,1.33787,1.36605,1.544483,1.356734,1.409102,-0.052368,-0.063935,0.023134,37.087843,1.459407,1.272693,0.040351,49528544.4
HK,1359,2018-07-27,0.462046,1.35728,1.341,1.362235,1.539908,1.358744,1.406191,-0.047446,-0.060637,0.026382,39.094305,1.448133,1.276337,0.039254,44566343.2
HK,1359,2018-07-30,0.452621,1.36728,1.34475,1.357565,1.53563,1.361399,1.403954,-0.042555,-0.057021,0.028931,41.08568,1.428504,1.286626,0.038236,42175254.8
HK,1359,2018-07-31,0.0,1.37102,1.34975,1.353185,1.531448,1.363645,1.401884,-0.038238,-0.053264,0.030052,41.08568,1.405862,1.300508,0.036848,32033140.8
HK,1359,2018-08-01,-0.90843,1.36976,1.35413,1.35037,1.527157,1.363623,1.399041,-0.035417,-0.049695,0.028555,38.167722,1.393693,1.307047,0.036895,30305579.4
HK,1359,2018-08-02,-2.295563,1.3635,1.35538,1.348805,1.522148,1.358789,1.394089,-0.035301,-0.046816,0.023031,32.032878,1.392379,1.305231,0.037388,27664379.4
HK,1359,2018-08-03,-0.938298,1.35348,1.35538,1.34599,1.516932,1.352775,1.388579,-0.035804,-0.044614,0.017619,29.96167,1.389447,1.302533,0.036503,27616224.4
HK,1359,2018-08-06,-0.469804,1.34098,1.35413,1.342865,1.511708,1.346733,1.383018,-0.036285,-0.042948,0.013326,28.961408,1.386229,1.299501,0.036124,27254937.4
HK,1359,2018-08-07,1.423677,1.33222,1.35162,1.3413,1.5067,1.344497,1.379253,-0.034756,-0.04131,0.013106,35.911094,1.383823,1.298777,0.03533,28315044.4
HK,1359,2018-08-08,-1.403693,1.32222,1.34599,1.34099,1.501088,1.339728,1.374383,-0.034655,-0.039979,0.010648,32.488288,1.384223,1.297757,0.035485,30965509.2
HK,1359,2018-08-09,1.903312,1.32348,1.34349,1.34068,1.495797,1.339539,1.371725,-0.032186,-0.03842,0.012469,40.634751,1.383891,1.297469,0.036071,28594804.2
HK,1359,2018-08-10,-0.470676,1.32598,1.33973,1.340365,1.4904,1.33841,1.368797,-0.030387,-0.036813,0.012853,39.346268,1.383726,1.297004,0.035731,29995108.8
HK,1359,2018-08-13,-1.403693,1.32598,1.33348,1.339115,1.484595,1.334578,1.364701,-0.030123,-0.035475,0.010704,35.725163,1.384033,1.294197,0.035857,33191509.8
HK,1359,2018-08-14,-0.479635,1.32098,1.3266,1.338175,1.478782,1.330366,1.360442,-0.030076,-0.034395,0.008639,34.57083,1.384902,1.291448,0.034631,32960398.8
HK,1359,2018-08-15,-3.350673,1.31096,1.31659,1.33536,1.471947,1.320063,1.353253,-0.03319,-0.034154,0.001929,27.83656,1.391944,1.278776,0.035736,38805687.2
HK,1359,2018-08-16,0.498654,1.2972,1.31034,1.33286,1.46512,1.312315,1.347064,-0.034749,-0.034273,-0.000952,29.950236,1.396026,1.269694,0.035869,50517275.4
HK,1359,2018-08-17,0.984485,1.2872,1.30659,1.330985,1.45889,1.307682,1.342259,-0.034577,-0.034334,-0.000487,34.076131,1.397727,1.264243,0.035543,51796887.2
HK,1359,2018-08-20,0.0,1.28094,1.30346,1.328795,1.452563,1.303762,1.337811,-0.034049,-0.034277,0.000456,34.076131,1.39884,1.25875,0.03479,48565813.2
HK,1359,2018-08-21,0.974887,1.27844,1.29971,1.325665,1.446542,1.302368,1.334617,-0.03225,-0.033872,0.003244,38.291411,1.39593,1.2554,0.034541,49232225.2
HK,1359,2018-08-22,0.965475,1.2872,1.29908,1.322535,1.440533,1.303111,1.332586,-0.029475,-0.032992,0.007034,42.266924,1.390185,1.254885,0.034752,41266736.8
HK,1359,2018-08-23,0.0,1.2947,1.29595,1.31972,1.434817,1.30374,1.330706,-0.026966,-0.031787,0.009643,42.266924,1.38496,1.25448,0.033613,27957443.6
HK,1359,2018-08-24,-0.474296,1.29846,1.29283,1.31628,1.429483,1.303319,1.328505,-0.025187,-0.030467,0.01056,40.756512,1.377741,1.254819,0.03344,28945332.0
HK,1359,2018-08-27,2.882398,1.30972,1.29533,1.314405,1.424192,1.308731,1.329246,-0.020515,-0.028476,0.015924,51.942626,1.370519,1.258291,0.034173,30789682.0
HK,1359,2018-08-28,0.0,1.31848,1.29846,1.31253,1.419095,1.313311,1.329931,-0.01662,-0.026105,0.01897,51.942626,1.362451,1.262609,0.033518,29074079.2
HK,1359,2018-08-29,0.933881,1.32724,1.30722,1.311905,1.413817,1.319109,1.331492,-0.012383,-0.023361,0.021956,55.211886,1.359517,1.264293,0.032917,27332390.2
HK,1359,2018-08-30,-3.242043,1.32724,1.31097,1.310655,1.407712,1.317277,1.329693,-0.012415,-0.021172,0.017512,43.933767,1.357374,1.263936,0.034137,34196554.6
HK,1359,2018-08-31,-2.868727,1.32098,1.30972,1.308155,1.401078,1.309958,1.325249,-0.015291,-0.019996,0.009409,36.970659,1.357922,1.258388,0.034827,41856874.8
HK,1359,2018-09-03,0.0,1.30722,1.30847,1.305965,1.394153,1.303764,1.321134,-0.01737,-0.01947,0.004201,36.970659,1.358383,1.253547,0.034125,44412757.0
HK,1359,2018-09-04,0.0,1.29346,1.30597,1.30284,1.387618,1.298523,1.317324,-0.018801,-0.019336,0.001072,36.970659,1.356075,1.249605,0.033023,48279728.0
HK,1359,2018-09-05,-0.49618,1.27594,1.30159,1.300335,1.38088,1.29312,1.31333,-0.02021,-0.019511,-0.001397,35.78074,1.355988,1.244682,0.032007,55763232.0
HK,1359,2018-09-06,-0.490739,1.26594,1.29659,1.29627,1.374137,1.287594,1.309172,-0.021578,-0.019925,-0.003307,34.600479,1.352055,1.240485,0.031057,55856848.8
HK,1359,2018-09-07,-1.988546,1.25844,1.28971,1.29127,1.367365,1.279072,1.30347,-0.024399,-0.020819,-0.007159,30.265302,1.351059,1.231481,0.031517,52498296.0
HK,1359,2018-09-10,-3.051453,1.24342,1.27532,1.285325,1.359967,1.266076,1.295406,-0.02933,-0.022521,-0.013617,25.159547,1.357461,1.213189,0.032394,53627771.8
HK,1359,2018-09-11,-1.565378,1.22466,1.25906,1.27876,1.35245,1.252203,1.286554,-0.034351,-0.024887,-0.018927,23.074632,1.364377,1.193143,0.031866,55232444.6
HK,1359,2018-09-12,-1.063016,1.20466,1.2403,1.27376,1.345407,1.238541,1.277431,-0.03889,-0.027688,-0.022405,21.775632,1.37298,1.17454,0.032719,49610432.4
HK,1359,2018-09-13,2.148874,1.1909,1.22842,1.269695,1.33878,1.230827,1.270836,-0.040009,-0.030152,-0.019714,30.234806,1.375679,1.163711,0.033503,47297579.4
HK,1359,2018-09-14,0.0,1.18214,1.22029,1.265005,1.332445,1.2243,1.26473,-0.04043,-0.032208,-0.016445,30.234806,1.376517,1.153493,0.033339,42458529.6
HK,1359,2018-09-17,-1.581959,1.17714,1.21028,1.259375,1.325797,1.215884,1.257683,-0.041799,-0.034126,-0.015346,27.629021,1.37799,1.14076,0.033186,38195371.6
HK,1359,2018-09-18,2.676129,1.18214,1.2034,1.254685,1.319863,1.213579,1.253477,-0.039898,-0.03528,-0.009235,37.315439,1.374751,1.134619,0.034837,37321318.6
HK,1359,2018-09-19,2.081772,1.19464,1.19965,1.25062,1.31493,1.215475,1.251434,-0.03596,-0.035416,-0.001087,43.787091,1.368789,1.132451,0.035027,36438070.8
HK,1359,2018-09-20,0.0,1.20214,1.19652,1.246555,1.310775,1.217078,1.249543,-0.032464,-0.034826,0.004723,43.787091,1.362226,1.130884,0.033418,32556765.0
HK,1359,2018-09-21,5.612203,1.2234,1.20277,1.24624,1.308252,1.22902,1.252888,-0.023868,-0.032634,0.017533,57.719168,1.361349,1.131131,0.036838,35957153.0
HK,1359,2018-09-24,-2.896424,1.24092,1.20903,1.242175,1.304715,1.233356,1.253207,-0.019852,-0.030078,0.020452,50.388571,1.349439,1.134911,0.037778,33080153.0
HK,1359,2018-09-26,1.487432,1.25592,1.21903,1.239045,1.301587,1.239901,1.254888,-0.014987,-0.02706,0.024145,53.556253,1.338233,1.139857,0.039544,32435326.2
HK,1359,2018-09-27,-3.425033,1.25718,1.22591,1.233105,1.29846,1.238716,1.253208,-0.014491,-0.024546,0.020109,46.141803,1.317956,1.148254,0.040734,34558461.2
HK,1359,2018-09-28,0.503165,1.25968,1.23091,1.229665,1.296375,1.238667,1.252111,-0.013443,-0.022325,0.017764,47.257445,1.307511,1.151819,0.039167,34267648.8
HK,1359,2018-10-02,-3.536822,1.23966,1.23153,1.22591,1.293352,1.231888,1.247851,-0.015963,-0.021053,0.01018,40.823845,1.302909,1.148911,0.039948,29827576.0
HK,1359,2018-10-03,1.046375,1.22964,1.23528,1.22278,1.290537,1.228074,1.244832,-0.016758,-0.020194,0.006872,43.20041,1.297459,1.148101,0.03888,31025254.4
HK,1359,2018-10-04,-1.03554,1.21338,1.23465,1.219025,1.287722,1.222924,1.241111,-0.018187,-0.019792,0.003211,41.409445,1.291406,1.146644,0.037889,28527996.8
HK,1359,2018-10-05,-1.565378,1.20212,1.22965,1.21465,1.285325,1.21569,1.236281,-0.020591,-0.019952,-0.001277,38.816845,1.286348,1.142952,0.036968,25147570.6
HK,1359,2018-10-08,-0.53576,1.18836,1.22402,1.21027,1.282407,1.208599,1.231341,-0.022742,-0.02051,-0.004464,37.95469,1.281738,1.138802,0.036556,27494770.6
HK,1359,2018-10-09,1.068741,1.18586,1.21276,1.207765,1.2798,1.204522,1.227694,-0.023172,-0.021042,-0.004258,40.765886,1.279494,1.136036,0.035731,27105165.6
HK,1359,2018-10-10,0.53295,1.18212,1.20588,1.207455,1.277298,1.202042,1.224783,-0.022741,-0.021382,-0.002718,42.187619,1.279462,1.135448,0.034964,28514287.2
HK,1359,2018-10-11,-3.685628,1.17212,1.19275,1.20589,1.274275,1.193205,1.218844,-0.025639,-0.022234,-0.006811,35.761105,1.281826,1.129954,0.036488,37844157.0
HK,1359,2018-10-12,2.184169,1.17086,1.18649,1.2062,1.271773,1.189573,1.215196,-0.025623,-0.022911,-0.005423,41.261153,1.281488,1.130912,0.036118,40260617.4
HK,1359,2018-10-15,-1.068741,1.16836,1.17836,1.204635,1.269063,1.184577,1.210893,-0.026315,-0.023592,-0.005446,39.442749,1.282591,1.126679,0.035324,37012214.8
HK,1359,2018-10-16,0.544465,1.16462,1.17524,1.203385,1.266458,1.181319,1.207375,-0.026055,-0.024085,-0.003941,40.857449,1.283124,1.123646,0.035479,38090285.2
HK,1359,2018-10-18,1.074437,1.16212,1.17212,1.2037,1.263957,1.180486,1.205043,-0.024558,-0.024179,-0.000757,43.669331,1.282951,1.124449,0.034281,38802130.0
HK,1359,2018-10-19,-0.53576,1.16712,1.16962,1.202135,1.260828,1.178811,1.202418,-0.023607,-0.024065,0.000916,42.570771,1.282769,1.121501,0.03496,33105361.0
HK,1359,2018-10-22,3.206224,1.17462,1.17274,1.201195,1.258117,1.183163,1.202765,-0.019602,-0.023172,0.007141,50.545697,1.281135,1.121255,0.037378,40461786.8
HK,1359,2018-10-23,-1.549167,1.18088,1.17462,1.19932,1.255198,1.183969,1.201701,-0.017732,-0.022084,0.008705,47.037884,1.27861,1.12003,0.037836,44855374.6
HK,1359,2018-10-24,-0.530125,1.18462,1.17462,1.19369,1.25207,1.183681,1.200249,-0.016567,-0.020981,0.008827,45.882612,1.260023,1.127357,0.038705,45609083.0
HK,1359,2018-10-25,-1.58193,1.18212,1.17212,1.189,1.248527,1.180561,1.197519,-0.016958,-0.020176,0.006436,42.542614,1.249736,1.128264,0.038619,48817871.8
HK,1359,2018-10-26,-1.615953,1.17712,1.17212,1.182435,1.24467,1.175029,1.193599,-0.018571,-0.019855,0.002569,39.434643,1.231429,1.133441,0.038546,48716656.4
HK,1359,2018-10-29,0.550411,1.16588,1.17025,1.17837,1.241127,1.171316,1.190436,-0.01912,-0.019708,0.001177,40.990404,1.223513,1.133227,0.037579,39224647.4
HK,1359,2018-10-30,2.172213,1.16338,1.17213,1.175245,1.238522,1.172022,1.18936,-0.017338,-0.019234,0.003792,46.827414,1.211012,1.139478,0.038023,38628462.2
HK,1359,2018-10-31,2.126031,1.16714,1.17588,1.17556,1.236542,1.176464,1.190214,-0.01375,-0.018137,0.008775,51.946341,1.212106,1.139014,0.037536,38170675.6
HK,1359,2018-11-01,1.040886,1.17714,1.17963,1.175875,1.234873,1.182147,1.191932,-0.009785,-0.016467,0.013364,54.314569,1.213593,1.138157,0.037533,36741986.4
HK,1359,2018-11-02,3.609692,1.19966,1.18839,1.179005,1.233623,1.193693,1.196767,-0.003073,-0.013788,0.02143,61.478468,1.230348,1.127662,0.038874,39080049.6
HK,1359,2018-11-05,-1.988546,1.21592,1.1909,1.18182,1.232268,1.199618,1.199391,0.000226,-0.010985,0.022423,56.073649,1.238108,1.125532,0.038776,44247060.2
HK,1359,2018-11-06,1.517611,1.23092,1.19715,1.185885,1.230808,1.207507,1.203207,0.0043,-0.007928,0.024457,58.9787,1.249342,1.122428,0.037792,41046035.2
HK,1359,2018-11-07,0.503637,1.24218,1.20466,1.18964,1.229558,1.215152,1.207206,0.007946,-0.004753,0.025398,59.939923,1.260243,1.119037,0.036428,38917735.2
HK,1359,2018-11-08,0.0,1.25094,1.21404,1.19308,1.22862,1.221621,1.210909,0.010712,-0.00166,0.024744,59.939923,1.269565,1.116595,0.036054,34052016.0
HK,1359,2018-11-09,-2.48966,1.24468,1.22217,1.197145,1.227265,1.222279,1.21202,0.01026,0.000724,0.019072,52.809724,1.271504,1.122786,0.036158,27446611.8
HK,1359,2018-11-12,1.533567,1.24718,1.23155,1.2009,1.226953,1.225729,1.214441,0.011288,0.002837,0.016903,56.181373,1.276883,1.124917,0.035811,20870660.2
HK,1359,2018-11-13,1.50237,1.24968,1.2403,1.206215,1.226848,1.231524,1.218067,0.013457,0.004961,0.016993,59.296596,1.284048,1.128382,0.036374,22326261.6
HK,1359,2018-11-14,-0.490739,1.24968,1.24593,1.210905,1.226432,1.235474,1.220966,0.014508,0.00687,0.015276,57.828656,1.289156,1.132654,0.035119,20672072.0
HK,1359,2018-11-15,2.48966,1.25594,1.25344,1.216535,1.226537,1.243632,1.225968,0.017664,0.009029,0.01727,62.831235,1.299935,1.133135,0.034846,22178974.8
HK,1359,2018-11-16,1.4513,1.2722,1.25844,1.223415,1.226745,1.253412,1.231986,0.021426,0.011508,0.019836,65.466921,1.312688,1.134142,0.034143,25326861.4
HK,1359,2018-11-19,-0.956242,1.2822,1.26469,1.227795,1.226537,1.259764,1.236631,0.023133,0.013833,0.018599,62.28735,1.321901,1.133689,0.03394,28443261.4
HK,1359,2018-11-20,-0.478875,1.28722,1.26845,1.2328,1.226225,1.264185,1.240473,0.023712,0.015809,0.015805,60.712317,1.328625,1.136975,0.033751,27777316.2
HK,1359,2018-11-21,1.4513,1.29722,1.27345,1.239055,1.226328,1.270803,1.245416,0.025387,0.017724,0.015324,63.694263,1.337131,1.140979,0.033576,29350804.6
HK,1359,2018-11-22,-0.956242,1.29846,1.2772,1.24562,1.225598,1.274479,1.249067,0.025412,0.019262,0.012301,60.39442,1.340071,1.151169,0.032964,26992857.8
HK,1359,2018-11-23,-1.452074,1.2922,1.2822,1.252185,1.224555,1.274698,1.251054,0.023643,0.020138,0.00701,55.718919,1.335197,1.169173,0.032845,23591571.2
HK,1359,2018-11-26,1.47347,1.2922,1.2872,1.259375,1.223617,1.277775,1.254287,0.023488,0.020808,0.005359,59.126584,1.330043,1.188707,0.032292,20719463.4
HK,1359,2018-11-27,-0.478875,1.2922,1.28971,1.265005,1.223305,1.279425,1.256822,0.022603,0.021167,0.002872,57.553581,1.325365,1.204645,0.031328,19007348.0
HK,1359,2018-11-28,1.940241,1.29346,1.29534,1.270635,1.224035,1.284667,1.26102,0.023647,0.021663,0.003968,61.949414,1.326893,1.214377,0.030876,21218481.8
HK,1359,2018-11-29,-0.951656,1.29472,1.29659,1.275015,1.224557,1.28718,1.263981,0.023199,0.02197,0.002456,58.677325,1.326176,1.223854,0.030906,21785633.4
HK,1359,2018-11-30,0.960799,1.30224,1.29722,1.27783,1.225287,1.291229,1.26765,0.02358,0.022292,0.002575,60.901324,1.330919,1.224741,0.030041,24380373.4
HK,1359,2018-12-03,3.334602,1.31476,1.30348,1.284085,1.226852,1.301394,1.27429,0.027104,0.023254,0.007698,67.501536,1.343319,1.224851,0.031024,27946293.6
HK,1359,2018-12-04,0.0,1.32852,1.31036,1.289405,1.22852,1.309995,1.280439,0.029556,0.024515,0.010082,67.501536,1.354576,1.224234,0.031044,30884900.6
HK,1359,2018-12-05,-1.385103,1.33352,1.31349,1.29347,1.230292,1.31438,1.28474,0.02964,0.02554,0.008201,62.268904,1.360222,1.226718,0.031512,26708668.0
HK,1359,2018-12-06,-3.735525,1.33102,1.31287,1.295035,1.231857,1.310399,1.285018,0.02538,0.025508,-0.000255,50.955477,1.359749,1.230321,0.033283,30303458.4
HK,1359,2018-12-07,-1.459061,1.32226,1.31225,1.297225,1.23342,1.304137,1.283884,0.020254,0.024457,-0.008407,47.463621,1.355028,1.239422,0.033141,35340337.2
HK,1359,2018-12-10,-1.480665,1.30098,1.30787,1.297535,1.234878,1.295947,1.281441,0.014506,0.022467,-0.015921,44.20159,1.354264,1.240806,0.03301,34498274.0
HK,1359,2018-12-11,-0.495643,1.27846,1.30349,1.2966,1.235817,1.288063,1.278719,0.009344,0.019842,-0.020997,43.148392,1.356097,1.237103,0.031995,33115391.0
HK,1359,2018-12-12,0.0,1.2597,1.29661,1.295975,1.236755,1.281392,1.276199,0.005193,0.016912,-0.02344,43.148392,1.357348,1.234602,0.031045,33223320.6
HK,1359,2018-12-13,2.506628,1.25718,1.2941,1.295345,1.238527,1.280547,1.276177,0.00437,0.014404,-0.020068,50.089048,1.357268,1.233422,0.031506,34520752.8
HK,1359,2018-12-14,-1.465632,1.25468,1.28847,1.292845,1.239465,1.276955,1.274771,0.002184,0.01196,-0.019552,46.430312,1.35666,1.22903,0.030591,27610017.2
HK,1359,2018-12-17,0.994273,1.25844,1.27971,1.291595,1.240195,1.275839,1.274396,0.001443,0.009857,-0.016827,49.106424,1.35619,1.227,0.029749,23843910.0
HK,1359,2018-12-18,-3.449634,1.25468,1.26657,1.288465,1.240195,1.268156,1.270803,-0.002647,0.007356,-0.020006,41.317642,1.359138,1.217792,0.031196,26649042.4
HK,1359,2018-12-19,-1.019659,1.24842,1.25406,1.283775,1.23884,1.259732,1.266551,-0.006819,0.004521,-0.02268,39.397133,1.360998,1.206552,0.031203,31492378.4
HK,1359,2018-12-20,-0.519202,1.23466,1.24592,1.279395,1.238005,1.251635,1.262147,-0.010513,0.001514,-0.024054,38.42765,1.363291,1.195499,0.030767,27303823.0
HK,1359,2018-12-21,-1.549167,1.2209,1.23779,1.27502,1.236547,1.241906,1.256685,-0.014778,-0.001744,-0.026068,35.625317,1.36784,1.1822,0.030798,28578278.4
HK,1359,2018-12-24,-0.530125,1.20338,1.23091,1.26939,1.235712,1.232705,1.25116,-0.018455,-0.005086,-0.026736,34.707032,1.370079,1.168701,0.029941,28958180.8
HK,1359,2018-12-27,0.0,1.19462,1.22465,1.26407,1.234773,1.22492,1.246044,-0.021124,-0.008294,-0.025661,34.707032,1.371195,1.156945,0.030031,24790430.0
HK,1359,2018-12-28,0.0,1.18836,1.21839,1.2575,1.234565,1.218332,1.241308,-0.022975,-0.01123,-0.02349,34.707032,1.367765,1.147235,0.029672,20056447.6
HK,1359,2018-12-31,0.53295,1.18462,1.20964,1.25187,1.234253,1.213727,1.237389,-0.023661,-0.013717,-0.01989,36.7435,1.364156,1.139584,0.029338,17642247.6
HK,1359,2019-01-02,-1.581959,1.18086,1.20088,1.244675,1.233837,1.206938,1.232367,-0.025429,-0.016059,-0.01874,33.396091,1.358671,1.130679,0.030371,17119845.4
HK,1359,2019-01-03,1.068741,1.18086,1.19212,1.235915,1.23394,1.203117,1.228644,-0.025527,-0.017953,-0.015148,37.474778,1.340482,1.131348,0.029537,17338421.0
HK,1359,2019-01-04,1.59039,1.18462,1.18962,1.228095,1.234462,1.202776,1.226589,-0.023813,-0.019125,-0.009376,43.116828,1.317471,1.138719,0.030549,20715011.2
HK,1359,2019-01-07,1.040886,1.19088,1.18962,1.22184,1.234983,1.204411,1.225612,-0.021201,-0.01954,-0.003323,46.569146,1.295575,1.148105,0.030153,22511057.2
HK,1359,2019-01-08,1.030163,1.19838,1.1915,1.21871,1.235608,1.207717,1.225633,-0.017916,-0.019215,0.002597,49.847133,1.285884,1.151536,0.030235,23823274.6
HK,1359,2019-01-09,1.533567,1.2134,1.19713,1.21746,1.237277,1.213406,1.227045,-0.013639,-0.0181,0.008922,54.380286,1.281656,1.153264,0.031196,25219729.2
HK,1359,2019-01-10,1.50237,1.22966,1.20526,1.218085,1.23884,1.221098,1.229738,-0.008641,-0.016208,0.015135,58.407358,1.283797,1.152373,0.031204,27629039.0
HK,1359,2019-01-11,1.986703,1.24718,1.2159,1.220275,1.24103,1.231467,1.234091,-0.002624,-0.013491,0.021735,63.11404,1.29203,1.14852,0.030768,25323936.2
HK,1359,2019-01-14,-1.459061,1.25844,1.22466,1.221525,1.242802,1.237349,1.236729,0.00062,-0.010669,0.022579,57.834967,1.295767,1.147283,0.031256,23941526.4
HK,1359,2019-01-15,1.968969,1.2722,1.23529,1.222465,1.244782,1.246172,1.241023,0.005149,-0.007505,0.025309,62.345384,1.299846,1.145084,0.031259,26373538.8
HK,1359,2019-01-16,0.0,1.2822,1.2478,1.22434,1.246867,1.253638,1.244999,0.008639,-0.004276,0.025831,62.345384,1.306657,1.142023,0.030369,23066283.0
HK,1359,2019-01-17,-1.452074,1.2847,1.25718,1.22465,1.248013,1.257063,1.247288,0.009775,-0.001466,0.022482,57.025294,1.307691,1.141609,0.029986,22092796.0
HK,1359,2019-01-18,2.45317,1.28844,1.26781,1.228715,1.249993,1.264776,1.251726,0.013051,0.001437,0.023227,62.727859,1.319227,1.138203,0.030079,23838312.2
HK,1359,2019-01-21,0.481946,1.2972,1.27782,1.23372,1.252183,1.272272,1.256302,0.015971,0.004344,0.023253,63.769953,1.331101,1.136339,0.029274,26888738.8
HK,1359,2019-01-22,-1.903312,1.29596,1.28408,1.23779,1.254268,1.274769,1.258687,0.016082,0.006692,0.018781,56.963742,1.337164,1.138416,0.029418,25412059.6
HK,1359,2019-01-23,0.0,1.29472,1.28846,1.242795,1.256667,1.276881,1.260895,0.015986,0.008551,0.014871,56.963742,1.341797,1.143793,0.02866,25428618.4
HK,1359,2019-01-24,-5.339542,1.28348,1.28409,1.244675,1.257813,1.268084,1.257844,0.010241,0.008889,0.002704,42.489677,1.340368,1.148982,0.034213,46106442.0
HK,1359,2019-01-25,1.533164,1.26972,1.27908,1.24749,1.258855,1.263517,1.256403,0.007114,0.008534,-0.002839,46.470928,1.338869,1.156111,0.034005,48745017.0
HK,1359,2019-01-28,0.0,1.2547,1.27595,1.250305,1.25948,1.259653,1.25507,0.004583,0.007744,-0.00632,46.470928,1.336791,1.163819,0.033812,47014353.8
HK,1359,2019-01-29,1.009367,1.24718,1.27157,1.25343,1.260105,1.258307,1.254761,0.003546,0.006904,-0.006717,49.197379,1.335127,1.171733,0.033182,47168163.2
HK,1359,2019-01-30,0.0,1.23966,1.26719,1.257495,1.26,1.257167,1.254475,0.002692,0.006062,-0.006739,49.197379,1.329634,1.185356,0.032598,47898700.0
HK,1359,2019-01-31,0.999281,1.2484,1.26594,1.26156,1.26052,1.258126,1.255136,0.00299,0.005447,-0.004915,52.030977,1.32487,1.19825,0.032948,28538612.0
HK,1359,2019-02-01,1.488048,1.25716,1.26344,1.265625,1.261042,1.26183,1.257141,0.004689,0.005296,-0.001213,56.005483,1.322995,1.208255,0.032387,24330290.4
HK,1359,2019-02-04,0.491343,1.26718,1.26094,1.26938,1.261563,1.265933,1.259464,0.006469,0.00553,0.001878,57.282782,1.322239,1.216521,0.030974,21906515.4
HK,1359,2019-02-08,-2.918122,1.26718,1.25718,1.27063,1.261458,1.26362,1.258829,0.004791,0.005382,-0.001183,48.274467,1.320409,1.220851,0.031447,24327321.6
HK,1359,2019-02-11,-0.495643,1.26594,1.2528,1.27063,1.261772,1.260709,1.257783,0.002927,0.004891,-0.003929,46.962982,1.320409,1.220851,0.030987,24806986.8
HK,1359,2019-02-12,0.498112,1.26344,1.25592,1.270005,1.261875,1.2592,1.257273,0.001927,0.004298,-0.004742,48.470581,1.320441,1.219569,0.031009,24933252.4
HK,1359,2019-02-13,1.502918,1.26094,1.25905,1.269065,1.26198,1.260816,1.258193,0.002622,0.003963,-0.002682,52.847445,1.318783,1.219347,0.031023,29308199.6
HK,1359,2019-02-14,3.937938,1.26718,1.26718,1.271565,1.263022,1.269875,1.262749,0.007125,0.004596,0.005059,62.074036,1.325967,1.217163,0.033278,41869513.4
HK,1359,2019-02-15,-1.416989,1.2772,1.27219,1.27188,1.26323,1.274663,1.265583,0.00908,0.005493,0.007176,57.539253,1.326884,1.216876,0.03403,50353465.8
HK,1359,2019-02-18,3.843198,1.29846,1.2822,1.274695,1.26396,1.286407,1.27191,0.014497,0.007293,0.014408,64.918861,1.33905,1.21034,0.035621,56461350.8
HK,1359,2019-02-19,1.391562,1.32224,1.29284,1.27939,1.265212,1.299237,1.279161,0.020076,0.00985,0.020452,67.225374,1.355954,1.202826,0.035762,62795719.2
HK,1359,2019-02-20,3.650168,1.35226,1.3066,1.28502,1.2674,1.317785,1.289579,0.028206,0.013521,0.02937,72.419186,1.382609,1.187431,0.037229,67019913.6
HK,1359,2019-02-21,0.880406,1.37478,1.32098,1.29096,1.269485,1.335403,1.300151,0.035252,0.017867,0.034769,73.547774,1.407401,1.174519,0.039041,66012692.0
HK,1359,2019-02-22,1.745444,1.40604,1.34162,1.2994,1.272195,1.354156,1.311791,0.042365,0.022767,0.039196,75.690284,1.436536,1.162264,0.040717,60734325.6
HK,1359,2019-02-25,3.863309,1.43856,1.36851,1.310655,1.276157,1.378686,1.32674,0.051946,0.028603,0.046686,79.6815,1.476342,1.144968,0.04228,68926241.6
HK,1359,2019-02-26,-0.825846,1.46482,1.39353,1.324725,1.279597,1.397519,1.339656,0.057863,0.034455,0.046817,76.671639,1.504334,1.145116,0.042381,78215814.0
HK,1359,2019-02-27,-2.91786,1.47232,1.41229,1.33567,1.28241,1.406716,1.34837,0.058346,0.039233,0.038226,67.106287,1.519532,1.151808,0.044268,80168837.2
HK,1359,2019-02-28,-2.140946,1.47108,1.42293,1.345055,1.284287,1.409698,1.354128,0.05557,0.0425,0.02614,61.244888,1.527253,1.162857,0.044685,77072380.2
HK,1359,2019-03-01,2.629549,1.47234,1.43919,1.35569,1.286997,1.417991,1.362237,0.055754,0.045151,0.021205,65.181393,1.539487,1.171893,0.045065,74891630.8
HK,1359,2019-03-04,3.416234,1.47234,1.45545,1.368825,1.290332,1.4327,1.373449,0.059251,0.047971,0.02256,69.613283,1.558251,1.179399,0.047203,72705878.6
HK,1359,2019-03-05,-1.651691,1.46984,1.46733,1.380085,1.29252,1.4413,1.381979,0.059321,0.050241,0.01816,65.148151,1.569878,1.190292,0.04696,59632261.8
HK,1359,2019-03-06,-1.262932,1.47234,1.47233,1.389465,1.294395,1.445685,1.388484,0.0572,0.051633,0.011135,61.93113,1.577515,1.201415,0.045841,51757025.6
HK,1359,2019-03-07,-2.551368,1.47358,1.47233,1.396655,1.295958,1.443625,1.39173,0.051896,0.051685,0.00042,55.99184,1.579642,1.213668,0.047481,50874033.6
HK,1359,2019-03-08,-3.490889,1.45732,1.46483,1.403225,1.297522,1.434191,1.391031,0.04316,0.04998,-0.013642,49.214737,1.573823,1.232627,0.047661,56912627.2
HK,1359,2019-03-11,0.90429,1.43356,1.45295,1.41073,1.299607,1.428131,1.39131,0.03682,0.047348,-0.021056,50.817448,1.565218,1.256242,0.046935,48434449.0
HK,1359,2019-03-12,1.340694,1.41854,1.44419,1.41886,1.302317,1.42588,1.392954,0.032926,0.044464,-0.023076,53.197063,1.554855,1.282865,0.046261,44564757.2
HK,1359,2019-03-13,-0.438628,1.40604,1.43919,1.42574,1.305027,1.423021,1.394017,0.029005,0.041372,-0.024735,52.293664,1.543563,1.307917,0.045193,41182439.6
HK,1359,2019-03-14,-0.888226,1.39854,1.43606,1.429495,1.307528,1.41868,1.394075,0.024605,0.038019,-0.026827,50.434067,1.537978,1.321012,0.044643,35706659.8
HK,1359,2019-03-15,-1.792372,1.39604,1.42668,1.432935,1.309093,1.41116,1.392277,0.018883,0.034191,-0.030617,46.846027,1.528495,1.337375,0.044133,34249777.4
HK,1359,2019-03-18,2.277705,1.39728,1.41542,1.435435,1.31149,1.409597,1.392923,0.016674,0.030688,-0.028028,51.484871,1.524698,1.346172,0.044102,32090367.6
HK,1359,2019-03-19,-0.442541,1.39354,1.40604,1.436685,1.313575,1.40732,1.393062,0.014258,0.027402,-0.026287,50.540942,1.522884,1.350486,0.04363,33955684.8
HK,1359,2019-03-20,-0.451678,1.38978,1.39791,1.43512,1.316285,1.404425,1.392724,0.011701,0.024262,-0.025122,49.546889,1.523595,1.346645,0.0423,35288736.2
HK,1359,2019-03-21,0.453727,1.38978,1.39416,1.433245,1.319308,1.402944,1.392878,0.010066,0.021423,-0.022713,50.593381,1.523452,1.343038,0.041064,35837525.0
HK,1359,2019-03-22,0.0,1.39478,1.39541,1.43012,1.322437,1.401691,1.39302,0.008671,0.018872,-0.020403,50.593381,1.521105,1.339135,0.040359,30229978.6
HK,1359,2019-03-25,-3.140235,1.38478,1.39103,1.42199,1.325147,1.393892,1.389907,0.003985,0.015895,-0.02382,43.344301,1.510714,1.333266,0.041498,32970561.8
HK,1359,2019-03-26,0.0,1.37602,1.38478,1.414485,1.327962,1.387294,1.387025,0.000268,0.01277,-0.025003,43.344301,1.500525,1.328445,0.04077,31895246.0
HK,1359,2019-03-27,-1.391562,1.36476,1.37727,1.40823,1.330463,1.378818,1.382964,-0.004147,0.009386,-0.027066,40.458589,1.498971,1.317489,0.040093,36359891.0
HK,1359,2019-03-28,0.0,1.35224,1.37101,1.403535,1.332965,1.371646,1.379204,-0.007558,0.005997,-0.027111,40.458589,1.49965,1.30742,0.039465,37282435.0
HK,1359,2019-03-29,2.349497,1.34598,1.37038,1.39853,1.335883,1.370393,1.378041,-0.007648,0.003268,-0.021833,47.240852,1.492001,1.305059,0.04201,50894451.4
HK,1359,2019-04-01,1.378805,1.35224,1.36851,1.391965,1.339428,1.372224,1.378356,-0.006132,0.001388,-0.01504,50.861417,1.469224,1.314706,0.042138,49959993.4
HK,1359,2019-04-02,0.0,1.3585,1.36726,1.38665,1.342765,1.373775,1.378648,-0.004874,0.000136,-0.010019,50.861417,1.44995,1.32335,0.040914,50338550.4
HK,1359,2019-04-03,1.352818,1.37226,1.36851,1.38321,1.3461,1.377963,1.380304,-0.002341,-0.000359,-0.003963,54.466096,1.434376,1.332044,0.039777,49179935.6
HK,1359,2019-04-04,0.0,1.38602,1.36913,1.381645,1.349227,1.381507,1.381837,-0.00033,-0.000354,4.7e-05,54.466096,1.428438,1.334852,0.038722,49354431.6
HK,1359,2019-04-08,-1.78444,1.38852,1.36725,1.38133,1.351728,1.38066,1.381405,-0.000745,-0.000432,-0.000626,48.903797,1.428185,1.334475,0.039077,38254675.4
HK,1359,2019-04-09,0.90843,1.38976,1.371,1.381015,1.354125,1.381866,1.38193,-6.4e-05,-0.000358,0.000588,51.567116,1.427588,1.334442,0.038515,35703742.2
HK,1359,2019-04-10,0.0,1.391,1.37475,1.379765,1.35621,1.382887,1.382417,0.00047,-0.000193,0.001325,51.567116,1.42407,1.33546,0.037549,37556236.6
HK,1359,2019-04-11,-1.800504,1.3835,1.37788,1.377575,1.35746,1.379904,1.381016,-0.001112,-0.000376,-0.00147,46.005013,1.420529,1.334621,0.037996,35369688.4
HK,1359,2019-04-12,-0.454712,1.37476,1.38039,1.3757,1.35892,1.376427,1.379259,-0.002832,-0.000868,-0.003929,44.716842,1.418756,1.332644,0.036625,33190629.6
HK,1359,2019-04-15,0.0,1.37102,1.37977,1.375075,1.359963,1.373484,1.377632,-0.004148,-0.001524,-0.005249,44.716842,1.418813,1.331337,0.036687,30769401.8
HK,1359,2019-04-16,0.920946,1.36728,1.37852,1.373515,1.361215,1.372917,1.377052,-0.004135,-0.002046,-0.004178,48.113931,1.415639,1.331391,0.036745,29040977.2
HK,1359,2019-04-17,0.912542,1.36604,1.37852,1.37289,1.362988,1.374361,1.377441,-0.00308,-0.002253,-0.001655,51.334412,1.414093,1.331687,0.036799,29687817.6
HK,1359,2019-04-18,-0.90429,1.3673,1.3754,1.371955,1.364032,1.373659,1.376875,-0.003216,-0.002445,-0.001541,48.118066,1.412543,1.331367,0.035956,27152808.0
HK,1359,2019-04-23,-1.372463,1.36604,1.3704,1.369765,1.364657,1.370173,1.374958,-0.004785,-0.002913,-0.003744,43.684862,1.40991,1.32962,0.036074,32088597.8
HK,1359,2019-04-24,-0.466321,1.36352,1.36727,1.36726,1.365593,1.366254,1.372717,-0.006463,-0.003623,-0.005679,42.279128,1.407095,1.327425,0.035283,29814997.8
HK,1359,2019-04-25,-2.32022,1.35226,1.35977,1.365385,1.36601,1.358138,1.36833,-0.010192,-0.004937,-0.010511,36.086007,1.411188,1.319582,0.036334,32868987.4
HK,1359,2019-04-26,-0.479635,1.33724,1.35164,1.363195,1.367468,1.350301,1.363802,-0.013501,-0.00665,-0.013702,34.972033,1.415295,1.311095,0.035074,29433398.2
HK,1359,2019-04-29,0.481946,1.32598,1.34664,1.36226,1.36872,1.34464,1.360076,-0.015436,-0.008407,-0.014059,37.064304,1.417148,1.307372,0.033905,30186137.6
HK,1359,2019-04-30,-0.479635,1.31722,1.34163,1.36101,1.369867,1.33888,1.356159,-0.01728,-0.010182,-0.014196,35.823038,1.419594,1.302426,0.033712,26849598.6
HK,1359,2019-05-02,-0.474296,1.30848,1.336,1.357885,1.370702,1.333052,1.352074,-0.019021,-0.01195,-0.014144,34.595147,1.42201,1.29376,0.033539,25827267.0
HK,1359,2019-05-03,0.0,1.30598,1.32912,1.35382,1.371537,1.328121,1.34829,-0.020169,-0.013594,-0.013152,34.595147,1.42145,1.28619,0.033822,21992315.2
HK,1359,2019-05-06,-3.850884,1.29472,1.31598,1.34725,1.371328,1.316241,1.341076,-0.024835,-0.015842,-0.017987,26.184091,1.426984,1.267516,0.035878,32937618.0
HK,1359,2019-05-07,0.503637,1.28346,1.30472,1.34006,1.370912,1.307158,1.334863,-0.027706,-0.018215,-0.018982,28.536995,1.424882,1.255238,0.035101,35382265.4
HK,1359,2019-05-08,-1.988546,1.26846,1.29284,1.33162,1.369973,1.295626,1.327258,-0.031633,-0.020898,-0.021469,25.115748,1.423782,1.239458,0.034829,36438895.8
HK,1359,2019-05-09,-2.540172,1.24844,1.27846,1.322865,1.36914,1.281053,1.317899,-0.036846,-0.024088,-0.025517,21.620826,1.428746,1.216984,0.035027,42850852.6
HK,1359,2019-05-10,0.516279,1.22966,1.26782,1.313795,1.368513,1.269675,1.309691,-0.040016,-0.027273,-0.025485,23.880366,1.426491,1.201099,0.035654,47648211.4
HK,1359,2019-05-14,-1.03554,1.2184,1.25656,1.3041,1.367575,1.258125,1.301166,-0.043041,-0.030427,-0.025228,22.473682,1.422632,1.185568,0.035786,39692717.6
HK,1359,2019-05-15,0.0,1.20588,1.24467,1.295655,1.366323,1.248352,1.293272,-0.04492,-0.033326,-0.023189,22.473682,1.419981,1.171329,0.034573,37676822.8
HK,1359,2019-05-16,-0.519002,1.19712,1.23279,1.28721,1.364135,1.239129,1.285504,-0.046375,-0.035936,-0.020879,21.737121,1.416486,1.157934,0.033889,36860866.0
HK,1359,2019-05-17,0.0,1.19462,1.22153,1.278765,1.362258,1.231324,1.278311,-0.046987,-0.038146,-0.017682,21.737121,1.410664,1.146866,0.034147,32364392.8
HK,1359,2019-05-20,-1.051834,1.18838,1.20902,1.26907,1.35934,1.222797,1.270725,-0.047928,-0.040102,-0.015651,20.189887,1.401282,1.136858,0.033493,30112467.2
HK,1359,2019-05-21,1.590271,1.18838,1.20339,1.259685,1.35642,1.218459,1.265086,-0.046627,-0.041407,-0.010439,28.40058,1.384876,1.134494,0.03378,27007477.6
HK,1359,2019-05-22,-1.046375,1.18588,1.19588,1.2503,1.352458,1.212866,1.258939,-0.046073,-0.04234,-0.007466,26.442302,1.36904,1.13156,0.034495,27676772.4
HK,1359,2019-05-23,-2.11488,1.17962,1.18837,1.240605,1.347872,1.204286,1.251395,-0.047109,-0.043294,-0.00763,23.023095,1.356503,1.124707,0.03471,31966505.0
HK,1359,2019-05-24,-0.535822,1.17212,1.18337,1.230915,1.342765,1.196073,1.243951,-0.047878,-0.044211,-0.007335,22.254529,1.342714,1.119116,0.034466,35598202.6
HK,1359,2019-05-27,-1.094795,1.1646,1.17649,1.222155,1.33651,1.187185,1.236125,-0.04894,-0.045157,-0.007567,20.739311,1.334153,1.110157,0.03424,36576477.8
HK,1359,2019-05-28,-0.544672,1.1521,1.17024,1.2134,1.33036,1.17871,1.22842,-0.049709,-0.046067,-0.007284,20.017101,1.324811,1.101989,0.034473,46749304.6
HK,1359,2019-05-29,-0.556488,1.14084,1.16336,1.204015,1.324835,1.17057,1.220818,-0.050248,-0.046903,-0.006689,19.282313,1.311676,1.096354,0.033796,58738571.4
HK,1359,2019-05-30,1.110322,1.13708,1.15835,1.19557,1.320038,1.165606,1.214706,-0.0491,-0.047343,-0.003515,25.153006,1.295769,1.095371,0.033168,53835373.2
HK,1359,2019-05-31,0.0,1.13456,1.15334,1.187435,1.314617,1.161405,1.209046,-0.047641,-0.047403,-0.000478,25.153006,1.278033,1.096837,0.032585,50928517.6
HK,1359,2019-06-03,-1.098129,1.13206,1.14833,1.178675,1.308153,1.155927,1.20288,-0.046953,-0.047313,0.00072,23.19637,1.256658,1.100692,0.032493,51581687.2
HK,1359,2019-06-04,-1.661041,1.12706,1.13958,1.171485,1.301795,1.148415,1.195785,-0.04737,-0.047324,-9.1e-05,20.613047,1.248009,1.094961,0.032851,44254535.0
HK,1359,2019-06-05,0.560022,1.12456,1.1327,1.16429,1.295853,1.143013,1.189675,-0.046662,-0.047192,0.001059,23.649088,1.233979,1.094601,0.03184,35656068.2
HK,1359,2019-06-06,-0.556903,1.11832,1.1277,1.158035,1.290433,1.137488,1.183558,-0.04607,-0.046967,0.001794,22.713619,1.224607,1.091463,0.031351,39845768.2
HK,1359,2019-06-10,1.129076,1.11458,1.12457,1.15397,1.286055,1.134736,1.178821,-0.044085,-0.046391,0.004612,28.826377,1.219496,1.088444,0.030898,42599820.4
HK,1359,2019-06-11,3.349411,1.12084,1.12645,1.15147,1.282093,1.138176,1.177212,-0.039035,-0.04492,0.011769,43.311843,1.212348,1.090592,0.032712,54002064.6
HK,1359,2019-06-12,-1.624752,1.12708,1.12707,1.148655,1.277507,1.138195,1.174329,-0.036134,-0.043163,0.014057,39.023844,1.206422,1.090888,0.033061,54036652.0
HK,1359,2019-06-13,-0.544672,1.13084,1.1277,1.14553,1.27292,1.137258,1.171201,-0.033944,-0.041319,0.01475,37.698317,1.199665,1.091395,0.032035,53592052.0
HK,1359,2019-06-14,-2.764773,1.12958,1.12395,1.14115,1.26802,1.131649,1.165986,-0.034337,-0.039922,0.01117,31.821793,1.194876,1.087424,0.031983,54987382.4
HK,1359,2019-06-17,-0.563227,1.12458,1.11958,1.13646,1.263433,1.125949,1.160698,-0.034749,-0.038888,0.008277,30.797679,1.189236,1.083684,0.031484,56276307.4
HK,1359,2019-06-18,1.708387,1.11582,1.11833,1.13333,1.258638,1.124003,1.157187,-0.033184,-0.037747,0.009125,37.347055,1.183752,1.082908,0.031021,46299208.8
HK,1359,2019-06-19,2.245576,1.11582,1.12145,1.130515,1.254363,1.126203,1.155788,-0.029586,-0.036115,0.013058,44.860289,1.172524,1.088506,0.032384,50502647.2
HK,1359,2019-06-20,2.205043,1.12208,1.12646,1.12958,1.250612,1.131925,1.156352,-0.024427,-0.033777,0.018701,51.18908,1.167598,1.091562,0.032306,52548247.2
HK,1359,2019-06-21,-1.615953,1.13084,1.13021,1.128955,1.246442,1.133875,1.155482,-0.021606,-0.031343,0.019473,46.85149,1.165526,1.092384,0.032234,58072561.0
HK,1359,2019-06-24,0.550411,1.1421,1.13334,1.128955,1.242377,1.136494,1.155142,-0.018648,-0.028804,0.020312,48.428549,1.165526,1.092384,0.030825,54148589.8
HK,1359,2019-06-25,0.0,1.14962,1.13272,1.129585,1.239042,1.138711,1.154828,-0.016117,-0.026267,0.020299,48.428549,1.167198,1.091972,0.029966,51834587.8
HK,1359,2019-06-26,1.624815,1.15588,1.13585,1.13146,1.236018,1.143463,1.155922,-0.012459,-0.023505,0.022092,53.208208,1.172928,1.089992,0.030504,51701523.8
HK,1359,2019-06-27,1.598837,1.16086,1.14147,1.134585,1.23362,1.150361,1.158321,-0.00796,-0.020396,0.024873,57.454643,1.182755,1.086415,0.030697,51859396.8
HK,1359,2019-06-28,0.555415,1.17092,1.15088,1.137415,1.231332,1.157213,1.16103,-0.003817,-0.01708,0.026526,58.873263,1.192307,1.082523,0.029925,41580070.6
HK,1359,2019-07-02,0.560716,1.18106,1.16158,1.14058,1.228633,1.164042,1.164035,6e-06,-0.013663,0.027339,60.319715,1.202198,1.078962,0.030159,44333193.0
HK,1359,2019-07-03,0.0,1.1912,1.17041,1.14437,1.225622,1.16982,1.166818,0.003002,-0.01033,0.026664,60.319715,1.211006,1.077734,0.029427,43991248.8
HK,1359,2019-07-04,-0.55759,1.19626,1.17607,1.14876,1.222498,1.173678,1.168898,0.00478,-0.007308,0.024177,57.955725,1.216555,1.080965,0.028746,35207712.8
HK,1359,2019-07-05,0.0,1.19758,1.17922,1.15284,1.219063,1.176943,1.170824,0.006119,-0.004623,0.021483,57.955725,1.221424,1.084256,0.028114,28446639.8
HK,1359,2019-07-08,-2.217759,1.19228,1.1816,1.155905,1.215187,1.175629,1.170645,0.004984,-0.002701,0.015371,49.124431,1.221451,1.090359,0.02847,28280459.8
HK,1359,2019-07-09,-0.564875,1.18432,1.18269,1.158015,1.211617,1.173501,1.169989,0.003512,-0.001459,0.009941,47.195523,1.221432,1.094598,0.027387,23284337.4
HK,1359,2019-07-10,0.568084,1.17768,1.18444,1.15858,1.207948,1.172717,1.169872,0.002845,-0.000598,0.006885,49.337834,1.222156,1.095004,0.026852,21165038.0
HK,1359,2019-07-11,1.138309,1.17504,1.18565,1.16075,1.204502,1.174099,1.170748,0.003351,0.000192,0.006318,53.43743,1.224372,1.097128,0.026827,22636611.6
HK,1359,2019-07-12,0.0,1.1724,1.18499,1.16323,1.201472,1.175268,1.171559,0.003709,0.000895,0.005627,53.43743,1.226053,1.100407,0.026332,23176411.6
HK,1359,2019-07-15,-0.56698,1.17372,1.183,1.16694,1.198433,1.175227,1.171814,0.003413,0.001399,0.004028,51.025116,1.222975,1.110905,0.025873,22665373.6
HK,1359,2019-07-16,0.0,1.17636,1.18034,1.17096,1.195395,1.175192,1.17205,0.003142,0.001747,0.002789,51.025116,1.216144,1.125776,0.024975,21921502.0
HK,1359,2019-07-17,-0.561702,1.17636,1.17702,1.173715,1.192038,1.174147,1.17178,0.002367,0.001871,0.000992,48.522633,1.210425,1.137005,0.025084,23343278.4
HK,1359,2019-07-18,-0.564875,1.17238,1.17371,1.17489,1.188363,1.172247,1.17104,0.001207,0.001739,-0.001063,46.088393,1.208351,1.141429,0.024235,21738959.8
HK,1359,2019-07-19,1.712859,1.17238,1.17239,1.175805,1.185228,1.173702,1.17183,0.001872,0.001765,0.000213,53.640252,1.208959,1.142651,0.024397,21276223.8
HK,1359,2019-07-22,-1.684015,1.16974,1.17173,1.176665,1.182075,1.171871,1.171087,0.000784,0.001569,-0.00157,46.609093,1.207336,1.145994,0.024547,20426943.4
HK,1359,2019-07-23,0.568084,1.16842,1.17239,1.17754,1.179137,1.171337,1.170888,0.000449,0.001345,-0.001792,48.996947,1.20615,1.14893,0.023736,21205777.0
HK,1359,2019-07-24,0.0,1.16842,1.17239,1.178415,1.176718,1.170885,1.170704,0.000181,0.001112,-0.001862,48.996947,1.204687,1.152143,0.022984,19289800.6
HK,1359,2019-07-25,0.0,1.16974,1.17106,1.178355,1.174405,1.170503,1.170533,-3e-05,0.000884,-0.001828,48.996947,1.204713,1.151997,0.022763,20186055.2
HK,1359,2019-07-26,-0.564875,1.16576,1.16907,1.17703,1.171877,1.169164,1.169886,-0.000722,0.000562,-0.00257,46.404812,1.203914,1.150146,0.022087,20219883.2
HK,1359,2019-07-29,-0.576691,1.16442,1.16708,1.17504,1.169342,1.167,1.168791,-0.001791,9.2e-05,-0.003765,43.867649,1.202229,1.147851,0.02241,21084839.2
HK,1359,2019-07-30,-0.571379,1.16044,1.16443,1.172385,1.1668,1.164154,1.167288,-0.003134,-0.000553,-0.005161,41.462747,1.199046,1.145724,0.021759,20108105.2
HK,1359,2019-07-31,-0.58337,1.15512,1.16177,1.169395,1.164147,1.160715,1.1654,-0.004685,-0.00138,-0.006611,39.118258,1.19569,1.1431,0.021626,20441705.2
HK,1359,2019-08-01,0.0,1.1498,1.15977,1.16674,1.162328,1.157805,1.163652,-0.005847,-0.002273,-0.007147,39.118258,1.192921,1.140559,0.021503,21643227.2
HK,1359,2019-08-02,-2.90769,1.13916,1.15246,1.162425,1.159852,1.150235,1.159574,-0.009339,-0.003686,-0.011305,29.524226,1.196017,1.128833,0.02281,25020135.2
HK,1359,2019-08-05,-3.590114,1.1219,1.14316,1.157445,1.157128,1.137706,1.15285,-0.015143,-0.005978,-0.018331,22.424096,1.210125,1.104765,0.024023,27844319.2
HK,1359,2019-08-06,-3.106287,1.09932,1.12988,1.151135,1.154373,1.121998,1.144165,-0.022167,-0.009216,-0.025903,18.440313,1.225844,1.076426,0.02515,36016323.2
HK,1359,2019-08-07,-0.637312,1.07676,1.11594,1.144165,1.151405,1.10769,1.135634,-0.027944,-0.012961,-0.029965,17.764653,1.235329,1.053001,0.025254,37619071.4
HK,1359,2019-08-08,0.0,1.0542,1.102,1.13653,1.148645,1.095584,1.127735,-0.032151,-0.016799,-0.030704,17.764653,1.238748,1.034312,0.026293,39237919.8
HK,1359,2019-08-09,-1.292517,1.03562,1.08739,1.12823,1.145663,1.083294,1.119436,-0.036142,-0.020668,-0.030949,16.363418,1.240857,1.015603,0.026786,39873919.8
HK,1359,2019-08-12,1.309442,1.02766,1.07478,1.12093,1.143007,1.074941,1.112737,-0.037796,-0.024093,-0.027405,22.911699,1.239266,1.002594,0.026766,34825860.2
HK,1359,2019-08-13,-3.226433,1.0197,1.05951,1.11197,1.139797,1.062766,1.104075,-0.041309,-0.027537,-0.027546,18.927846,1.239364,0.984576,0.027697,33483269.2
HK,1359,2019-08-14,-1.998393,1.00908,1.04292,1.102345,1.136463,1.049402,1.094581,-0.045179,-0.031065,-0.028228,17.017779,1.239912,0.964778,0.028561,35905252.6
HK,1359,2019-08-15,-1.362845,0.9958,1.025,1.092385,1.132597,1.036048,1.084804,-0.048757,-0.034603,-0.028307,15.865434,1.239785,0.944985,0.029371,37930621.4
HK,1359,2019-08-16,0.685643,0.9865,1.01106,1.08176,1.129048,1.025763,1.076241,-0.050478,-0.037778,-0.025399,18.803712,1.232474,0.931046,0.029166,38269105.8
HK,1359,2019-08-19,3.425506,0.98118,1.00442,1.07379,1.12647,1.022169,1.070771,-0.048602,-0.039943,-0.017319,31.721326,1.223586,0.923994,0.029933,45463105.8
HK,1359,2019-08-20,1.326816,0.98516,1.00243,1.066155,1.124217,1.021174,1.066692,-0.045518,-0.041058,-0.00892,36.106635,1.21138,0.92093,0.030638,46219176.4
HK,1359,2019-08-21,1.309442,0.99578,1.00243,1.059185,1.122395,1.022378,1.0639,-0.041522,-0.041151,-0.000743,40.240059,1.19732,0.92105,0.030342,43789233.4
HK,1359,2019-08-22,0.0,1.00906,1.00243,1.052215,1.120677,1.023397,1.061315,-0.037918,-0.040504,0.005172,40.240059,1.18138,0.92305,0.029603,43334940.6
HK,1359,2019-08-23,-1.292517,1.01836,1.00243,1.04491,1.118842,1.022213,1.057936,-0.035723,-0.039548,0.00765,37.431637,1.164639,0.925181,0.029382,39853442.0
HK,1359,2019-08-26,-1.95924,1.01704,0.99911,1.036945,1.116467,1.018149,1.053333,-0.035184,-0.038675,0.006982,33.647689,1.147105,0.926785,0.030126,34330752.0
HK,1359,2019-08-27,1.33561,1.01572,1.00044,1.029975,1.114313,1.016757,1.050057,-0.0333,-0.0376,0.008601,38.148008,1.127991,0.931959,0.030817,34806466.0
HK,1359,2019-08-28,-1.318006,1.00908,1.00243,1.022675,1.112147,1.013533,1.046038,-0.032505,-0.036581,0.008152,35.551276,1.107094,0.938256,0.03098,33929677.4
HK,1359,2019-08-29,5.99518,1.01438,1.01172,1.01836,1.111287,1.019989,1.046739,-0.026749,-0.034615,0.015731,51.507694,1.084914,0.951806,0.034931,40093321.4
HK,1359,2019-08-30,2.520133,1.02766,1.02301,1.017035,1.110767,1.029545,1.049358,-0.019813,-0.031655,0.023683,56.656823,1.077088,0.956982,0.034808,46993712.4
HK,1359,2019-09-02,1.229092,1.04758,1.03231,1.018365,1.110572,1.039676,1.052769,-0.013092,-0.027942,0.0297,59.000993,1.083875,0.952855,0.034693,50709523.4
HK,1359,2019-09-03,-1.816688,1.06086,1.03829,1.02036,1.109837,1.045188,1.054452,-0.009265,-0.024207,0.029884,54.271383,1.090139,0.950581,0.034586,46681511.2
HK,1359,2019-09-04,1.850302,1.08078,1.04493,1.02368,1.108808,1.052913,1.057486,-0.004573,-0.02028,0.031414,57.905324,1.100727,0.946633,0.034959,50560261.8
HK,1359,2019-09-05,0.60252,1.09008,1.05223,1.02733,1.108203,1.060465,1.060783,-0.000318,-0.016288,0.031938,59.06714,1.111616,0.943044,0.034833,48506017.8
HK,1359,2019-09-06,2.413793,1.09938,1.06352,1.032975,1.108145,1.070947,1.065806,0.005141,-0.012002,0.034285,63.446058,1.127847,0.938103,0.035659,73967686.0
HK,1359,2019-09-09,-3.535354,1.09804,1.07281,1.03596,1.107943,1.073678,1.067502,0.006176,-0.008366,0.029085,54.097441,1.133853,0.938067,0.037376,79416646.0
HK,1359,2019-09-10,0.615413,1.10202,1.08144,1.04094,1.107957,1.07702,1.069569,0.007451,-0.005203,0.025308,55.288808,1.140277,0.941603,0.0366,78894318.6
HK,1359,2019-09-11,2.419208,1.10732,1.09405,1.04824,1.1081,1.083925,1.073445,0.01048,-0.002066,0.025092,59.739648,1.148836,0.947644,0.036835,75184498.2
HK,1359,2019-09-12,1.773777,1.11528,1.10268,1.0572,1.108158,1.092829,1.078508,0.01432,0.001211,0.026218,62.739286,1.157611,0.956789,0.036097,65594322.2
HK,1359,2019-09-13,1.164827,1.12058,1.10998,1.066495,1.10802,1.102409,1.084182,0.018227,0.004614,0.027225,64.635726,1.167018,0.965972,0.035419,30684900.4
HK,1359,2019-09-16,-1.722795,1.12988,1.11396,1.073135,1.107863,1.107454,1.087961,0.019493,0.00759,0.023806,59.736641,1.173389,0.972881,0.035732,22158308.8
HK,1359,2019-09-17,-2.343199,1.13252,1.11727,1.07778,1.107158,1.10763,1.08949,0.01814,0.0097,0.01688,53.860088,1.175537,0.980023,0.036022,20771385.2
HK,1359,2019-09-18,-0.595345,1.12854,1.11793,1.08143,1.106343,1.106764,1.090416,0.016347,0.011029,0.010636,52.48057,1.177057,0.985803,0.035349,21456532.8
HK,1359,2019-09-19,-0.598911,1.11926,1.11727,1.08475,1.105107,1.105016,1.090786,0.01423,0.011669,0.005121,51.071844,1.177431,0.992069,0.035189,22619080.0
HK,1359,2019-09-20,0.0,1.10732,1.11395,1.088735,1.103558,1.103536,1.091127,0.012409,0.011817,0.001183,51.071844,1.175886,1.001584,0.033625,27341567.8
HK,1359,2019-09-23,-1.816688,1.09538,1.11263,1.09272,1.101568,1.099223,1.08997,0.009253,0.011304,-0.004103,46.689323,1.169136,1.016304,0.033595,25386959.0
HK,1359,2019-09-24,-0.622966,1.08742,1.10997,1.095705,1.099355,1.094542,1.088402,0.006141,0.010272,-0.008262,45.280488,1.162934,1.028476,0.032145,24103813.2
HK,1359,2019-09-25,-2.479416,1.07548,1.10201,1.09803,1.0967,1.086505,1.084987,0.001518,0.008521,-0.014005,40.12349,1.153458,1.042602,0.03222,23893742.4
HK,1359,2019-09-26,-0.642809,1.06352,1.09139,1.097035,1.094045,1.078674,1.081328,-0.002655,0.006286,-0.017882,38.91669,1.156078,1.037992,0.03134,27059050.2
HK,1359,2019-09-27,-0.637312,1.05024,1.07878,1.09438,1.09128,1.071032,1.077452,-0.006421,0.003745,-0.020331,37.713358,1.160251,1.028509,0.030052,23164455.4
HK,1359,2019-09-30,-0.651118,1.0396,1.06749,1.090725,1.088845,1.063534,1.073367,-0.009833,0.001029,-0.021723,36.480189,1.163694,1.017756,0.029327,23247374.8
HK,1359,2019-10-02,1.956373,1.0343,1.06086,1.089065,1.086853,1.060268,1.071066,-0.010798,-0.001336,-0.018924,42.52202,1.164802,1.013328,0.030075,22011907.4
HK,1359,2019-10-03,-1.276024,1.03164,1.05356,1.085745,1.08453,1.055457,1.06795,-0.012493,-0.003568,-0.01785,39.810205,1.16578,1.00571,0.029355,18419759.2
HK,1359,2019-10-04,-1.292517,1.02766,1.04559,1.08143,1.081763,1.049341,1.064079,-0.014739,-0.005802,-0.017874,37.251751,1.166633,0.996227,0.02868,14374909.0
HK,1359,2019-10-08,1.95924,1.02898,1.03961,1.07678,1.079328,1.047227,1.06197,-0.014743,-0.00759,-0.014306,43.139877,1.161326,0.992234,0.029003,16220792.8
HK,1359,2019-10-09,1.28428,1.0343,1.03695,1.07479,1.077227,1.047484,1.061002,-0.013518,-0.008776,-0.009484,46.737225,1.159991,0.989589,0.028352,16992068.8
HK,1359,2019-10-10,0.0,1.03562,1.03496,1.072465,1.075125,1.047702,1.060105,-0.012403,-0.009501,-0.005804,46.737225,1.157828,0.987102,0.027277,18461089.2
HK,1359,2019-10-11,1.897226,1.04358,1.03761,1.06981,1.073465,1.050948,1.060749,-0.009801,-0.009561,-0.000481,52.00625,1.152105,0.987515,0.0277,22886112.2
HK,1359,2019-10-14,1.244386,1.05686,1.04226,1.066825,1.072137,1.05574,1.062331,-0.00659,-0.008967,0.004753,55.196341,1.142525,0.991125,0.028093,25619527.4
HK,1359,2019-10-15,-0.609925,1.06484,1.04691,1.062845,1.070367,1.05878,1.063306,-0.004526,-0.008079,0.007106,53.302924,1.127061,0.998629,0.027037,23907527.4
HK,1359,2019-10-16,0.613668,1.07148,1.05289,1.06019,1.069038,1.062368,1.064698,-0.00233,-0.006929,0.009197,54.966551,1.116071,1.004309,0.026998,24384451.4
HK,1359,2019-10-17,0.609925,1.07944,1.05753,1.059195,1.06771,1.066419,1.066476,-5.7e-05,-0.005555,0.010995,56.630483,1.112228,1.006162,0.026491,22745681.8
HK,1359,2019-10-18,-1.827868,1.07944,1.06151,1.057535,1.06605,1.066785,1.066648,0.000137,-0.004416,0.009107,50.564016,1.107068,1.008002,0.026499,20545693.4
HK,1359,2019-10-21,0.0,1.07678,1.06682,1.056205,1.06439,1.067095,1.066808,0.000287,-0.003476,0.007526,50.564016,1.10295,1.00946,0.025556,16917293.4
HK,1359,2019-10-22,1.861901,1.07942,1.07213,1.05587,1.063172,1.070419,1.068429,0.00199,-0.002383,0.008744,56.027124,1.101571,1.010169,0.025631,16404031.6
HK,1359,2019-10-23,-0.606228,1.07942,1.07545,1.0562,1.061955,1.072216,1.069442,0.002774,-0.001351,0.008251,53.89968,1.102554,1.009846,0.025221,14238631.6
HK,1359,2019-10-24,0.609925,1.07942,1.07943,1.057195,1.060958,1.074752,1.070869,0.003884,-0.000304,0.008376,55.710781,1.105405,1.008985,0.024841,15350289.2
HK,1359,2019-10-25,-0.606228,1.08208,1.08076,1.059185,1.059963,1.075883,1.071701,0.004182,0.000593,0.007178,53.449437,1.108053,1.010317,0.024488,15701995.8
HK,1359,2019-10-28,1.229092,1.0874,1.08209,1.062175,1.05919,1.078885,1.073456,0.005429,0.00156,0.007738,57.21804,1.112208,1.012142,0.024161,17212242.2
HK,1359,2019-10-29,-0.611649,1.0874,1.08341,1.06516,1.058858,1.080395,1.074585,0.00581,0.00241,0.0068,54.810747,1.11403,1.01629,0.023856,18733003.2
HK,1359,2019-10-30,-1.827868,1.08474,1.08208,1.067485,1.058858,1.078611,1.074157,0.004455,0.002819,0.003271,48.309567,1.112228,1.022742,0.023574,20818040.4
HK,1359,2019-10-31,1.244386,1.08342,1.08142,1.069475,1.059633,1.079148,1.074745,0.004403,0.003136,0.002534,52.375327,1.113086,1.025864,0.02284,22547920.6
HK,1359,2019-11-01,1.229092,1.08608,1.08408,1.072795,1.06074,1.081648,1.076275,0.005373,0.003583,0.00358,56.094411,1.113595,1.031995,0.02263,19968482.4
HK,1359,2019-11-04,1.816688,1.09006,1.08873,1.077775,1.062178,1.086826,1.079166,0.00766,0.004399,0.006522,61.001641,1.113479,1.042071,0.022435,21166362.0
HK,1359,2019-11-05,2.376042,1.10068,1.09404,1.083085,1.06428,1.095283,1.083805,0.011478,0.005814,0.011327,66.388997,1.12341,1.04276,0.023204,21968244.6
HK,1359,2019-11-06,0.0,1.11528,1.10001,1.08773,1.06616,1.10244,1.088101,0.014338,0.007519,0.013638,66.388997,1.132402,1.043058,0.022968,21634408.2
HK,1359,2019-11-07,-0.578035,1.1259,1.10466,1.092045,1.068483,1.10748,1.09159,0.01589,0.009193,0.013393,63.841578,1.137545,1.046545,0.023227,21601078.4
HK,1359,2019-11-08,-0.581395,1.13254,1.10931,1.095035,1.071028,1.110729,1.094332,0.016397,0.010634,0.011527,61.308158,1.141871,1.048199,0.02299,22873329.8
HK,1359,2019-11-11,-2.941698,1.12856,1.10931,1.0957,1.073242,1.108371,1.094411,0.01396,0.011299,0.005321,50.460542,1.142159,1.049241,0.024197,22720263.4
HK,1359,2019-11-12,0.60252,1.1206,1.11064,1.097025,1.075455,1.107391,1.094973,0.012418,0.011523,0.001789,52.268594,1.142607,1.051443,0.024362,21113352.6
HK,1359,2019-11-13,-1.206897,1.10998,1.11263,1.097355,1.076893,1.104515,1.094508,0.010007,0.01122,-0.002426,48.432503,1.142595,1.052115,0.024515,21323708.6
HK,1359,2019-11-14,-0.606228,1.09936,1.11263,1.097025,1.078,1.101067,1.093589,0.007478,0.010471,-0.005988,46.604598,1.142607,1.051443,0.023706,17933151.8
HK,1359,2019-11-15,0.0,1.09006,1.1113,1.09769,1.078885,1.098149,1.092738,0.005411,0.009459,-0.008097,46.604598,1.141975,1.053405,0.022956,16663369.6
HK,1359,2019-11-18,0.609925,1.08872,1.10864,1.098685,1.07988,1.096695,1.092439,0.004256,0.008419,-0.008325,48.843756,1.141188,1.056182,0.022738,14966175.2
HK,1359,2019-11-19,1.22164,1.08872,1.10466,1.09935,1.081318,1.097511,1.093147,0.004364,0.007608,-0.006487,53.110972,1.141623,1.057077,0.023006,16305429.8
HK,1359,2019-11-20,-0.598911,1.09006,1.10002,1.100015,1.082978,1.097186,1.093314,0.003872,0.006861,-0.005976,50.844417,1.141594,1.058436,0.022313,14838627.0
HK,1359,2019-11-21,-1.816688,1.08874,1.09405,1.099355,1.084085,1.09385,1.091994,0.001856,0.00586,-0.008008,44.6563,1.142036,1.056674,0.022619,16138139.6
HK,1359,2019-11-22,0.613668,1.08874,1.0894,1.099355,1.085523,1.092042,1.091262,0.000781,0.004844,-0.008126,46.961874,1.142036,1.056674,0.022425,16446062.6
HK,1359,2019-11-25,1.229092,1.09008,1.0894,1.099355,1.086188,1.092559,1.091568,0.000991,0.004073,-0.006165,51.359341,1.142036,1.056674,0.023195,16464662.4
HK,1359,2019-11-26,-0.611649,1.08742,1.08807,1.099355,1.086298,1.091965,1.091356,0.00061,0.00338,-0.005542,49.148622,1.142036,1.056674,0.022488,19398856.8
HK,1359,2019-11-27,-0.606228,1.08476,1.08741,1.10002,1.086077,1.090447,1.09067,-0.000223,0.00266,-0.005765,47.002336,1.141163,1.058877,0.022303,18249820.8
HK,1359,2019-11-28,1.229092,1.08874,1.08874,1.100685,1.086408,1.091209,1.09102,0.000189,0.002166,-0.003953,51.590116,1.141071,1.060299,0.022131,16426477.0
HK,1359,2019-11-29,-1.214168,1.08874,1.08874,1.10002,1.086187,1.089808,1.09036,-0.000552,0.001622,-0.004348,47.190775,1.141163,1.058877,0.021972,17668061.8
HK,1359,2019-12-02,-3.678033,1.07812,1.0841,1.09637,1.085192,1.082499,1.0868,-0.004301,0.000438,-0.009477,37.017803,1.143899,1.048841,0.024674,22809196.8
HK,1359,2019-12-03,0.0,1.06884,1.07813,1.091395,1.083753,1.076315,1.083503,-0.007189,-0.001088,-0.012202,37.017803,1.139686,1.043104,0.024812,18479944.2
HK,1359,2019-12-04,-1.276024,1.05822,1.07149,1.085755,1.082758,1.069035,1.079466,-0.010431,-0.002956,-0.014949,34.163554,1.135507,1.036003,0.023989,19963661.4
HK,1359,2019-12-05,0.641399,1.04626,1.0675,1.080775,1.081762,1.063892,1.076217,-0.012325,-0.00483,-0.01499,36.769035,1.129664,1.031886,0.023697,22254241.4
HK,1359,2019-12-06,0.646968,1.0383,1.06352,1.07646,1.080435,1.06057,1.073704,-0.013135,-0.006491,-0.013287,39.391274,1.122875,1.030045,0.023426,22793102.6
HK,1359,2019-12-09,0.0,1.0383,1.05821,1.073805,1.078777,1.057759,1.071378,-0.013619,-0.007917,-0.011405,39.391274,1.121636,1.025974,0.023174,17195417.8
HK,1359,2019-12-10,0.0,1.0383,1.05357,1.07082,1.076897,1.055381,1.069224,-0.013844,-0.009102,-0.009483,39.391274,1.118691,1.022949,0.02294,17218383.6
HK,1359,2019-12-11,1.909239,1.04494,1.05158,1.069495,1.07568,1.05643,1.068704,-0.012274,-0.009736,-0.005075,47.472245,1.116777,1.022213,0.023673,18537132.4
HK,1359,2019-12-12,0.0,1.05026,1.04826,1.0685,1.074907,1.057318,1.068222,-0.010905,-0.00997,-0.001869,47.472245,1.115515,1.021485,0.022932,18728506.0
HK,1359,2019-12-13,2.494822,1.05954,1.04892,1.06883,1.074685,1.062146,1.069739,-0.007593,-0.009495,0.003803,56.441622,1.116313,1.021347,0.024137,23621957.2
HK,1359,2019-12-16,1.22164,1.07148,1.05489,1.069495,1.074795,1.068277,1.072129,-0.003852,-0.008366,0.009029,60.122038,1.118423,1.020567,0.024313,29688908.6
HK,1359,2019-12-17,4.818512,1.09404,1.06617,1.07215,1.07579,1.081634,1.078275,0.00336,-0.006021,0.018761,70.748718,1.132317,1.011983,0.026369,37025377.4
HK,1359,2019-12-18,2.302831,1.11794,1.08144,1.076465,1.07756,1.097029,1.085936,0.011093,-0.002598,0.027383,74.425321,1.15287,1.00006,0.026857,44400290.6
HK,1359,2019-12-19,-0.56698,1.1405,1.09538,1.08144,1.07933,1.109025,1.092533,0.016491,0.00122,0.030543,71.971514,1.169078,0.993802,0.02636,44610720.2
HK,1359,2019-12-20,-0.561702,1.15644,1.10799,1.085755,1.081432,1.118159,1.098153,0.020006,0.004977,0.030058,69.53929,1.181244,0.990266,0.025899,41990316.8
HK,1359,2019-12-23,-2.276618,1.1644,1.11794,1.088075,1.083202,1.121796,1.101386,0.02041,0.008064,0.024693,60.644124,1.186595,0.989555,0.02642,37666396.6
HK,1359,2019-12-24,0.0,1.16174,1.12789,1.09073,1.085082,1.124874,1.10438,0.020494,0.01055,0.019889,60.644124,1.191998,0.989462,0.025012,27704294.6
HK,1359,2019-12-27,1.164827,1.15642,1.13718,1.09438,1.087295,1.129524,1.108137,0.021387,0.012717,0.01734,63.361798,1.199336,0.989424,0.025597,19877180.0
HK,1359,2019-12-30,0.580036,1.15378,1.14714,1.0977,1.089287,1.13449,1.112112,0.022378,0.014649,0.015457,64.68479,1.206698,0.988702,0.025661,19674631.0
HK,1359,2019-12-31,1.136168,1.1551,1.15577,1.102345,1.09172,1.140722,1.11677,0.023952,0.01651,0.014884,67.197885,1.216102,0.988588,0.025728,17361942.6
HK,1359,2020-01-02,2.26383,1.16706,1.16573,1.11031,1.094818,1.150088,1.123054,0.027034,0.018615,0.016838,71.585947,1.228361,0.992259,0.02674,22966896.2
HK,1359,2020-01-03,1.656125,1.183,1.17237,1.11927,1.097917,1.161074,1.130346,0.030728,0.021037,0.019381,74.35039,1.242406,0.996134,0.027673,31432571.8
HK,1359,2020-01-06,-1.088825,1.19362,1.17502,1.12823,1.100572,1.168324,1.136113,0.032211,0.023272,0.017878,69.484674,1.249858,1.006602,0.028068,35732752.0
HK,1359,2020-01-07,1.647078,1.20688,1.18033,1.137855,1.103558,1.177521,1.142927,0.034594,0.025536,0.018114,72.39558,1.259105,1.016605,0.028913,37952697.8
HK,1359,2020-01-08,-1.074831,1.21486,1.18498,1.146485,1.105993,1.183271,1.148258,0.035013,0.027432,0.015162,67.777103,1.263808,1.029162,0.029691,41667672.4
HK,1359,2020-01-09,1.086509,1.22016,1.19361,1.155775,1.108427,1.190168,1.154173,0.035996,0.029144,0.013702,69.848576,1.267939,1.043611,0.028991,35261472.4
HK,1359,2020-01-10,0.0,1.22148,1.20224,1.165065,1.11097,1.196004,1.159649,0.036355,0.030587,0.011537,69.848576,1.268537,1.061593,0.029292,30646527.0
HK,1359,2020-01-13,0.545558,1.2268,1.21021,1.173695,1.113515,1.201972,1.165215,0.036757,0.031821,0.009873,70.94799,1.269949,1.077441,0.028621,25450078.8
HK,1359,2020-01-14,0.0,1.22814,1.21751,1.182325,1.11595,1.207023,1.17037,0.036653,0.032787,0.007732,70.94799,1.26734,1.09731,0.02847,24332231.8
HK,1359,2020-01-15,-1.077098,1.22946,1.22216,1.188965,1.118495,1.20925,1.174157,0.035093,0.033248,0.003689,65.453442,1.263832,1.114098,0.028329,19946725.0
HK,1359,2020-01-16,-1.629144,1.22416,1.22216,1.193945,1.120708,1.208073,1.17619,0.031883,0.032975,-0.002184,58.191726,1.257389,1.130501,0.028677,20336405.6
HK,1359,2020-01-17,1.106858,1.22152,1.2215,1.196935,1.122812,1.209123,1.179057,0.030066,0.032393,-0.004655,61.283357,1.258379,1.135491,0.028057,20428379.0
HK,1359,2020-01-20,0.0,1.21754,1.22217,1.198595,1.125025,1.210012,1.181712,0.0283,0.031575,-0.00655,61.283357,1.260097,1.137093,0.027474,19583890.0
HK,1359,2020-01-21,-4.37073,1.20294,1.21554,1.197935,1.126243,1.202595,1.180237,0.022357,0.029731,-0.014748,45.651978,1.260706,1.135164,0.029783,20664212.2
HK,1359,2020-01-22,1.712859,1.19498,1.21222,1.1986,1.127903,1.19938,1.180346,0.019034,0.027592,-0.017115,50.724554,1.260379,1.136821,0.030506,18984785.0
HK,1359,2020-01-23,-2.250994,1.18568,1.20492,1.199265,1.128898,1.192568,1.178476,0.014092,0.024892,-0.021599,44.716597,1.258831,1.139699,0.03212,18295456.4
HK,1359,2020-01-24,-0.571379,1.1724,1.19696,1.1996,1.129895,1.185788,1.176255,0.009533,0.02182,-0.024574,43.344792,1.257932,1.141268,0.031718,15053952.8
HK,1359,2020-01-29,-5.781454,1.14584,1.18169,1.19595,1.130117,1.169836,1.169281,0.000555,0.017567,-0.034024,32.531898,1.271545,1.120355,0.035146,18022460.6
HK,1359,2020-01-30,-3.068108,1.12326,1.1631,1.190305,1.129563,1.151231,1.160364,-0.009133,0.012227,-0.04272,28.679498,1.288685,1.091925,0.035478,17627185.8
HK,1359,2020-01-31,-0.629231,1.09538,1.14518,1.18367,1.128678,1.134472,1.151618,-0.017146,0.006352,-0.046997,27.970393,1.3013,1.06604,0.035315,22653662.8
HK,1359,2020-02-03,0.633215,1.07414,1.12991,1.176035,1.127572,1.121307,1.14401,-0.022702,0.000541,-0.046488,29.838589,1.307076,1.044994,0.036593,28102785.2
HK,1359,2020-02-04,3.165221,1.06086,1.11663,1.169065,1.126577,1.115275,1.139424,-0.024148,-0.004396,-0.039504,38.482126,1.304449,1.033681,0.037301,31281107.8
HK,1359,2020-02-05,0.0,1.06086,1.10335,1.16276,1.125582,1.110171,1.135177,-0.025006,-0.008518,-0.032975,38.482126,1.301958,1.023562,0.037001,31650974.4
HK,1359,2020-02-06,2.448942,1.0728,1.09803,1.156785,1.125138,1.10993,1.133209,-0.023279,-0.011471,-0.023617,44.779646,1.294503,1.019067,0.036729,31513900.4
HK,1359,2020-02-07,0.0,1.08606,1.09072,1.15147,1.124805,1.109725,1.131386,-0.021661,-0.013509,-0.016304,44.779646,1.288006,1.014934,0.035998,28380146.8
HK,1359,2020-02-10,-1.190691,1.09536,1.08475,1.144835,1.124805,1.107521,1.12872,-0.021199,-0.015047,-0.012305,42.279336,1.278702,1.010968,0.03532,25044972.4
HK,1359,2020-02-11,0.60252,1.09934,1.0801,1.13853,1.124805,1.106672,1.126741,-0.020069,-0.016051,-0.008036,43.964082,1.267919,1.009141,0.034219,25831003.2
HK,1359,2020-02-12,0.598911,1.10464,1.08275,1.13222,1.125137,1.106968,1.125397,-0.018429,-0.016527,-0.003804,45.671788,1.254318,1.010122,0.033667,25190035.0
HK,1359,2020-02-13,0.604366,1.10598,1.08939,1.126245,1.12569,1.10825,1.124649,-0.016399,-0.016501,0.000204,47.423465,1.239018,1.013472,0.032684,24796108.6
HK,1359,2020-02-14,1.192504,1.10998,1.09802,1.1216,1.126465,1.111381,1.124942,-0.013561,-0.015913,0.004704,50.813734,1.225609,1.017591,0.031771,28080566.2
HK,1359,2020-02-17,0.584795,1.11794,1.10665,1.11828,1.12724,1.115045,1.125702,-0.010656,-0.014862,0.008411,52.452244,1.215906,1.020654,0.030923,25283289.8
HK,1359,2020-02-18,0.581395,1.1259,1.11262,1.114625,1.127903,1.119162,1.126894,-0.007733,-0.013436,0.011406,54.098937,1.202494,1.026756,0.030135,24761736.4
HK,1359,2020-02-19,1.75162,1.13654,1.12059,1.11197,1.12901,1.125721,1.12948,-0.003759,-0.0115,0.015484,58.759876,1.190244,1.033696,0.030354,25249704.6
HK,1359,2020-02-20,1.136168,1.14848,1.12723,1.11263,1.130668,1.133303,1.132852,0.000451,-0.00911,0.019122,61.53597,1.192774,1.032486,0.029608,25143357.4
HK,1359,2020-02-21,-1.123404,1.15512,1.13255,1.111635,1.131997,1.137687,1.134996,0.002691,-0.00675,0.018882,57.376546,1.188762,1.034508,0.028436,22684548.4
HK,1359,2020-02-24,-1.721467,1.15644,1.13719,1.11097,1.13277,1.13832,1.1355,0.00282,-0.004836,0.015311,51.676977,1.186805,1.035135,0.028305,26118824.8
HK,1359,2020-02-25,-1.742862,1.15246,1.13918,1.10964,1.133323,1.135794,1.134493,0.001301,-0.003609,0.009819,46.705521,1.183708,1.035572,0.028654,26181224.8
HK,1359,2020-02-26,0.0,1.14448,1.14051,1.11163,1.133987,1.133656,1.13356,9.6e-05,-0.002868,0.005928,46.705521,1.184764,1.038496,0.02945,24053491.4
HK,1359,2020-02-27,0.0,1.13386,1.14117,1.11528,1.134428,1.131847,1.132696,-0.000849,-0.002464,0.00323,46.705521,1.18258,1.04798,0.029247,22357048.6
HK,1359,2020-02-28,-3.547553,1.11792,1.13652,1.11727,1.134428,1.124194,1.128948,-0.004754,-0.002922,-0.003665,37.656351,1.177838,1.056702,0.030472,25143978.4
HK,1359,2020-03-02,5.51705,1.11792,1.13718,1.121915,1.136087,1.126903,1.1299,-0.002998,-0.002937,-0.000121,52.517439,1.174523,1.069307,0.033038,27437811.6
HK,1359,2020-03-03,-1.156069,1.11926,1.13586,1.12424,1.137525,1.127164,1.129804,-0.00264,-0.002878,0.000475,49.696655,1.173615,1.074865,0.03305,29004728.8
HK,1359,2020-03-04,5.28974,1.13254,1.13851,1.12955,1.14018,1.136569,1.134137,0.002432,-0.001816,0.008496,60.127602,1.182377,1.076723,0.036375,40282462.2
HK,1359,2020-03-05,1.119246,1.14848,1.14117,1.1342,1.142947,1.146574,1.139134,0.00744,3.5e-05,0.014809,62.017227,1.194654,1.073746,0.037569,46670178.6
HK,1359,2020-03-06,-1.656125,1.1684,1.14316,1.137855,1.14527,1.151978,1.142287,0.009691,0.001966,0.015449,57.61733,1.200476,1.075234,0.037257,44792716.8
HK,1359,2020-03-09,-5.619023,1.1631,1.14051,1.13885,1.146487,1.146335,1.140288,0.006047,0.002783,0.006529,45.912595,1.199337,1.078363,0.040289,43119486.8
HK,1359,2020-03-10,0.0,1.16044,1.13985,1.139515,1.147703,1.141561,1.138437,0.003123,0.002851,0.000545,45.912595,1.198644,1.080386,0.040254,43164632.2
HK,1359,2020-03-11,-1.784273,1.14186,1.1372,1.138855,1.148257,1.134459,1.135249,-0.00079,0.002123,-0.005826,42.884541,1.199622,1.078088,0.0407,33595596.6
HK,1359,2020-03-12,-3.642505,1.11264,1.13056,1.135865,1.148145,1.122311,1.129342,-0.00703,0.000292,-0.014645,37.538706,1.206118,1.065612,0.041114,34005970.4
HK,1359,2020-03-13,-1.885362,1.08342,1.12591,1.131215,1.14726,1.108971,1.122398,-0.013427,-0.002452,-0.02195,35.183043,1.213974,1.048456,0.044342,45055491.6
HK,1359,2020-03-16,-2.558903,1.06218,1.11264,1.12491,1.145712,1.093606,1.114006,-0.020399,-0.006041,-0.028716,32.278213,1.223242,1.026578,0.044025,47195348.4
HK,1359,2020-03-17,-1.318006,1.03828,1.09936,1.11761,1.143057,1.078559,1.10525,-0.02669,-0.010171,-0.033039,30.899332,1.23045,1.00477,0.044202,53172185.4
HK,1359,2020-03-18,-4.669612,1.00906,1.07546,1.106985,1.139183,1.058673,1.093698,-0.035025,-0.015142,-0.039766,26.618001,1.239486,0.974484,0.046259,57437157.8
HK,1359,2020-03-19,-1.401032,0.98516,1.0489,1.095035,1.1352,1.0398,1.082017,-0.042216,-0.020557,-0.043319,25.528474,1.243046,0.947024,0.049119,63409618.8
HK,1359,2020-03-20,2.84188,0.97056,1.02699,1.085075,1.13177,1.027923,1.073171,-0.045247,-0.025495,-0.039505,31.562042,1.240403,0.929747,0.049882,60440641.2
HK,1359,2020-03-23,-6.201953,0.94932,1.00575,1.07313,1.127788,1.008689,1.060558,-0.051869,-0.03077,-0.042199,26.393597,1.245031,0.901229,0.050583,63536075.4
HK,1359,2020-03-24,3.665965,0.93736,0.98782,1.063835,1.124358,0.997506,1.051332,-0.053826,-0.035381,-0.036889,32.949537,1.244084,0.883586,0.050284,58172631.2
HK,1359,2020-03-25,4.262821,0.94268,0.97587,1.056535,1.121372,0.994182,1.045744,-0.051562,-0.038617,-0.02589,39.898704,1.238603,0.874467,0.050014,58288678.0
HK,1359,2020-03-26,2.039143,0.95464,0.9699,1.05023,1.118605,0.994431,1.042045,-0.047614,-0.040416,-0.014394,43.067928,1.231539,0.868921,0.049763,49920684.4
HK,1359,2020-03-27,0.0,0.96128,0.96592,1.045915,1.115618,0.994642,1.038619,-0.043977,-0.041129,-0.005698,43.067928,1.22809,0.86374,0.048573,43136300.8
HK,1359,2020-03-30,-1.998393,0.97588,0.9626,1.03762,1.111857,0.991758,1.033973,-0.042215,-0.041346,-0.001738,40.585863,1.216657,0.858583,0.047003,34955973.2
HK,1359,2020-03-31,0.0,0.98386,0.96061,1.029985,1.107763,0.989319,1.029671,-0.040353,-0.041147,0.001589,40.585863,1.205847,0.854123,0.046967,37204097.0
HK,1359,2020-04-01,0.0,0.98386,0.96327,1.019365,1.103892,0.987254,1.025688,-0.038434,-0.040605,0.004341,40.585863,1.180761,0.857969,0.046455,35910135.0
HK,1359,2020-04-02,-2.039143,0.9759,0.96527,1.007085,1.099357,0.982446,1.020526,-0.03808,-0.0401,0.004039,37.860645,1.147108,0.867062,0.045987,33283475.0
HK,1359,2020-04-03,-1.391213,0.96528,0.96328,0.995135,1.09482,0.976331,1.014761,-0.03843,-0.039766,0.002671,36.115224,1.112465,0.877805,0.044602,30809584.0
HK,1359,2020-04-06,-2.110958,0.95466,0.96527,0.98551,1.089732,0.968096,1.007949,-0.039854,-0.039784,-0.000141,33.617933,1.093001,0.878019,0.043788,35042924.6
HK,1359,2020-04-07,2.871695,0.94934,0.9666,0.97721,1.085085,0.965204,1.003605,-0.038401,-0.039507,0.002212,39.606797,1.067608,0.886812,0.043503,33879125.4
HK,1359,2020-04-08,0.0,0.94402,0.96394,0.969905,1.080327,0.962757,0.999582,-0.036825,-0.038971,0.004291,39.606797,1.042846,0.896964,0.042288,29664503.8
HK,1359,2020-04-09,3.497314,0.94932,0.96261,0.966255,1.076122,0.965795,0.998317,-0.032523,-0.037681,0.010317,46.605986,1.028171,0.904339,0.041639,29423596.2
HK,1359,2020-04-14,-1.35369,0.95462,0.95995,0.962935,1.071917,0.966318,0.99616,-0.029842,-0.036113,0.012543,44.386712,1.016128,0.909742,0.040565,32533887.2
HK,1359,2020-04-15,-0.680974,0.96258,0.95862,0.96061,1.067933,0.965746,0.993674,-0.027928,-0.034476,0.013096,43.285209,1.009412,0.911808,0.039568,29537461.6
HK,1359,2020-04-16,0.0,0.96524,0.95729,0.95895,1.063728,0.965262,0.991373,-0.02611,-0.032803,0.013386,43.285209,1.005034,0.912866,0.038163,27792916.8
HK,1359,2020-04-17,2.067318,0.97188,0.95795,0.96061,1.059855,0.967914,0.990715,-0.022801,-0.030803,0.016003,47.813837,1.007567,0.913653,0.036858,27073516.8
HK,1359,2020-04-20,-1.35369,0.96922,0.95927,0.96227,1.056645,0.968112,0.989122,-0.021009,-0.028844,0.015669,45.215243,1.00796,0.91658,0.035654,25336516.8
HK,1359,2020-04-21,-2.05324,0.96524,0.95993,0.961605,1.052772,0.965218,0.986172,-0.020954,-0.027266,0.012624,41.574439,1.007643,0.915567,0.035479,23057916.8
HK,1359,2020-04-22,0.0,0.96258,0.96258,0.963925,1.049342,0.962769,0.983441,-0.020672,-0.025947,0.010551,41.574439,1.001859,0.925991,0.034845,24035395.4
HK,1359,2020-04-23,-1.401032,0.95726,0.96125,0.963925,1.0458,0.958651,0.979926,-0.021276,-0.025013,0.007474,39.13206,1.001859,0.925991,0.034727,23223521.4
HK,1359,2020-04-24,-0.705128,0.94664,0.95926,0.9616,1.043255,0.954151,0.976184,-0.022033,-0.024417,0.004767,37.940897,1.001937,0.921263,0.033668,24690788.2
HK,1359,2020-04-27,2.862062,0.944,0.95661,0.95961,1.041707,0.954435,0.974689,-0.020254,-0.023584,0.006661,45.183169,0.996806,0.922414,0.034106,26286188.2
HK,1359,2020-04-28,2.771967,0.95064,0.95794,0.958945,1.04071,0.958753,0.975267,-0.016514,-0.02217,0.011312,51.282763,0.99394,0.92395,0.034991,27710988.2
HK,1359,2020-04-29,2.025445,0.96126,0.96192,0.96027,1.039935,0.965468,0.977277,-0.011809,-0.020098,0.016577,55.304747,0.999485,0.921055,0.034863,25082682.0
HK,1359,2020-05-04,-4.628891,0.96526,0.96126,0.959275,1.037833,0.964011,0.975701,-0.01169,-0.018416,0.013453,45.808476,0.997858,0.920692,0.036166,26571188.4
HK,1359,2020-05-05,3.472803,0.97722,0.96193,0.95994,1.036285,0.967886,0.976701,-0.008815,-0.016496,0.015363,52.140771,1.000073,0.919807,0.035954,25567980.6
HK,1359,2020-05-06,-1.344521,0.9812,0.9626,0.960935,1.034073,0.969119,0.976642,-0.007522,-0.014701,0.014358,49.638433,1.001611,0.920259,0.035286,27873788.2
HK,1359,2020-05-07,0.0,0.97988,0.96526,0.962595,1.031862,0.970162,0.976587,-0.006424,-0.013046,0.013243,49.638433,1.002867,0.922323,0.033716,26331629.4
HK,1359,2020-05-08,2.039143,0.97856,0.96991,0.966245,1.030202,0.974107,0.97801,-0.003903,-0.011217,0.014628,53.5101,1.004616,0.927874,0.033679,28507375.4
HK,1359,2020-05-11,0.0,0.98652,0.97589,0.96857,1.028432,0.977444,0.979328,-0.001884,-0.009351,0.014934,53.5101,1.008167,0.928973,0.032695,23979826.6
HK,1359,2020-05-12,-1.33561,0.98518,0.9812,0.97023,1.02633,0.978222,0.979563,-0.001341,-0.007749,0.012816,50.500803,1.009236,0.931224,0.031309,23549497.4
HK,1359,2020-05-13,-1.35369,0.98384,0.98252,0.969565,1.023895,0.976834,0.978795,-0.001961,-0.006591,0.00926,47.616935,1.008163,0.930967,0.030023,20872624.0
HK,1359,2020-05-14,0.0,0.9825,0.98119,0.969565,1.021238,0.975659,0.978084,-0.002425,-0.005758,0.006666,47.616935,1.008163,0.930967,0.028828,23140173.8
HK,1359,2020-05-15,1.372266,0.97984,0.9792,0.97056,1.018693,0.976712,0.978411,-0.0017,-0.004946,0.006493,50.870706,1.009414,0.931706,0.028669,21678877.0
HK,1359,2020-05-18,-0.671756,0.97586,0.98119,0.971225,1.015928,0.976587,0.978225,-0.001638,-0.004285,0.005292,49.236306,1.009966,0.932484,0.027093,21200958.2
HK,1359,2020-05-19,2.039143,0.97852,0.98185,0.97189,1.013162,0.979543,0.979527,1.6e-05,-0.003425,0.00688,54.031887,1.011821,0.931959,0.02705,22928628.4
HK,1359,2020-05-20,-0.662784,0.98252,0.98318,0.97289,1.010065,0.981029,0.980244,0.000785,-0.002583,0.006735,52.26828,1.013497,0.932283,0.026061,21865694.2
HK,1359,2020-05-21,-1.344521,0.98386,0.98318,0.97422,1.006967,0.98024,0.979922,0.000318,-0.002003,0.00464,48.810798,1.013366,0.935074,0.026571,22130903.2
HK,1359,2020-05-22,-2.039143,0.97856,0.9792,0.974555,1.00387,0.97651,0.97815,-0.00164,-0.00193,0.000581,44.109283,1.012949,0.936161,0.027995,25067863.8
HK,1359,2020-05-25,0.690377,0.9759,0.97588,0.975885,1.001215,0.97437,0.976998,-0.002628,-0.00207,-0.001116,45.968145,1.010502,0.941268,0.028366,28032663.8
HK,1359,2020-05-26,0.0,0.96926,0.97389,0.977545,0.99856,0.97256,0.975932,-0.003372,-0.00233,-0.002084,45.968145,1.00566,0.94943,0.027762,26511483.8
HK,1359,2020-05-27,2.067318,0.96792,0.97522,0.97887,0.996237,0.974089,0.976418,-0.002329,-0.00233,1e-06,51.597446,1.005242,0.952498,0.029572,32148815.4
HK,1359,2020-05-28,-2.025445,0.96526,0.97456,0.977875,0.994245,0.972321,0.975395,-0.003073,-0.002479,-0.001189,46.392276,1.005112,0.950638,0.030302,27977115.4
HK,1359,2020-05-29,-1.381675,0.96392,0.97124,0.97522,0.991037,0.96878,0.973462,-0.004682,-0.002919,-0.003526,43.251809,1.002727,0.947713,0.029559,28841853.2
HK,1359,2020-06-01,2.096281,0.96524,0.97057,0.97588,0.98838,0.968844,0.973146,-0.004302,-0.003196,-0.002212,48.832974,1.002115,0.949645,0.029819,27279015.4
HK,1359,2020-06-02,2.063558,0.97056,0.96991,0.97588,0.985062,0.971976,0.974335,-0.002359,-0.003028,0.001338,53.755567,1.002115,0.949645,0.029589,28208915.4
HK,1359,2020-06-03,-1.344521,0.96924,0.96858,0.97588,0.9813,0.97258,0.974451,-0.001871,-0.002797,0.001851,50.290616,1.002115,0.949645,0.029847,24536310.4
HK,1359,2020-06-04,1.362845,0.97456,0.96991,0.976545,0.978092,0.975137,0.975544,-0.000407,-0.002319,0.003824,53.517253,1.003415,0.949675,0.029615,26487835.2
HK,1359,2020-06-05,0.667206,0.98386,0.97389,0.976545,0.9761,0.978316,0.977044,0.001272,-0.001601,0.005745,55.075623,1.003415,0.949675,0.028921,23729476.4
HK,1359,2020-06-08,0.662784,0.9905,0.97787,0.976875,0.974218,0.982021,0.978922,0.003099,-0.000661,0.007519,56.641084,1.004823,0.948927,0.028748,26937324.2
HK,1359,2020-06-09,1.985235,0.99712,0.98384,0.978865,0.973,0.988218,0.982135,0.006082,0.000688,0.010789,61.048444,1.013094,0.944636,0.028116,29359904.0
HK,1359,2020-06-10,-0.645603,1.00508,0.98716,0.98119,0.972337,0.992446,0.984622,0.007824,0.002115,0.011418,58.909683,1.018642,0.943738,0.027529,27384249.8
HK,1359,2020-06-11,-3.268682,1.00374,0.98915,0.981855,0.971452,0.990916,0.984465,0.006451,0.002982,0.006938,49.512794,1.018902,0.944808,0.028406,28911040.0
HK,1359,2020-06-12,-0.671756,0.99976,0.99181,0.981525,0.970898,0.988606,0.98383,0.004775,0.003341,0.002869,47.877779,1.018661,0.944389,0.028277,26527161.0
HK,1359,2020-06-15,-0.686546,0.99312,0.99181,0.98119,0.970455,0.98562,0.982746,0.002874,0.003247,-0.000747,46.209564,1.018642,0.943738,0.027207,23939259.0
HK,1359,2020-06-16,2.063558,0.9865,0.99181,0.98086,0.97112,0.986171,0.983224,0.002946,0.003187,-0.000482,51.627752,1.017906,0.943814,0.027635,19706011.2
HK,1359,2020-06-17,-0.677315,0.97986,0.99247,0.980525,0.971895,0.985606,0.983171,0.002435,0.003037,-0.001203,49.817414,1.017384,0.943666,0.02614,18210648.4
HK,1359,2020-06-18,0.681934,0.9812,0.99247,0.98119,0.972338,0.986159,0.983617,0.002542,0.002938,-0.000792,51.643479,1.018171,0.944209,0.026173,16683219.6
HK,1359,2020-06-19,-0.677315,0.98252,0.99114,0.982515,0.973665,0.985596,0.983535,0.002061,0.002762,-0.001402,49.696015,1.017643,0.947387,0.025253,21561701.6
HK,1359,2020-06-22,0.681934,0.98652,0.98982,0.983845,0.974552,0.986151,0.983954,0.002196,0.002649,-0.000906,51.659162,1.017853,0.949837,0.024871,22214224.6
HK,1359,2020-06-23,0.0,0.98652,0.98651,0.985175,0.974773,0.98662,0.984343,0.002277,0.002575,-0.000596,51.659162,1.017808,0.952542,0.024987,23874859.6
HK,1359,2020-06-24,6.03518,0.9998,0.98983,0.988495,0.975658,0.996201,0.989125,0.007076,0.003475,0.007203,65.551824,1.031292,0.945698,0.029367,36701229.4
HK,1359,2020-06-26,-1.267995,1.00908,0.99514,0.992145,0.976322,1.002263,0.992567,0.009695,0.004719,0.009952,61.323573,1.037839,0.946451,0.02964,36220643.2
HK,1359,2020-06-29,-1.921591,1.01572,0.99912,0.995465,0.976985,1.00433,0.994281,0.010049,0.005785,0.008528,55.549982,1.037746,0.953184,0.029416,34916641.2
HK,1359,2020-06-30,-0.649798,1.0197,1.00311,0.99746,0.977538,1.005064,0.995379,0.009685,0.006565,0.00624,53.74275,1.038338,0.956582,0.028736,35068410.2
HK,1359,2020-07-02,2.626102,1.02898,1.00775,0.99978,0.978533,1.009762,0.998358,0.011404,0.007533,0.007742,59.447474,1.043675,0.955885,0.029998,44495323.2
HK,1359,2020-07-03,2.935496,1.0324,1.0161,1.004285,0.980367,1.018414,1.003369,0.015045,0.009035,0.01202,64.809111,1.055359,0.953211,0.030027,41764201.4
HK,1359,2020-07-06,10.741088,1.06138,1.03523,1.01385,0.98433,1.04335,1.016489,0.026861,0.0126,0.028521,77.093523,1.105542,0.922158,0.037082,59072602.0
HK,1359,2020-07-07,-3.642524,1.08574,1.05073,1.020935,0.987908,1.057835,1.025453,0.032381,0.016557,0.03165,67.555998,1.126762,0.915108,0.042612,71583466.6
HK,1359,2020-07-08,2.514286,1.11714,1.06842,1.02912,0.991522,1.074491,1.035871,0.038619,0.020969,0.035301,70.196951,1.151909,0.906331,0.043147,78994634.8
HK,1359,2020-07-09,3.687505,1.15184,1.09041,1.03846,0.995852,1.0952,1.048703,0.046497,0.026075,0.040844,73.667552,1.184054,0.892866,0.045179,86843123.2
HK,1359,2020-07-10,-1.778182,1.17616,1.10428,1.047055,0.99927,1.109415,1.058992,0.050424,0.030944,0.038958,69.320825,1.205948,0.888162,0.045531,86709165.6
HK,1359,2020-07-13,-0.597844,1.17616,1.11877,1.056955,1.002792,1.120351,1.067992,0.052359,0.035227,0.034263,67.896085,1.223036,0.890874,0.045857,71767751.6
HK,1359,2020-07-14,-2.431173,1.17902,1.13238,1.06575,1.005945,1.12519,1.0742,0.050989,0.03838,0.025219,62.320259,1.232359,0.899141,0.045646,58978415.6
HK,1359,2020-07-15,-1.857961,1.17188,1.14451,1.07381,1.008742,1.125991,1.078363,0.047628,0.040229,0.014797,58.464805,1.236507,0.911113,0.045964,53245444.8
HK,1359,2020-07-16,-3.167021,1.14898,1.15041,1.07908,1.01061,1.121162,1.079566,0.041596,0.040503,0.002186,52.602036,1.237238,0.920922,0.046767,40956951.8
HK,1359,2020-07-17,-3.270601,1.12322,1.14969,1.082895,1.012103,1.111568,1.078028,0.03354,0.03911,-0.01114,47.475089,1.23512,0.93067,0.048026,41975351.8
HK,1359,2020-07-20,6.762372,1.1132,1.14468,1.089955,1.015122,1.114465,1.081907,0.032558,0.0378,-0.010484,56.588409,1.237158,0.942752,0.050217,41912834.4
HK,1359,2020-07-21,-0.636943,1.10748,1.14325,1.09699,1.01802,1.115809,1.084966,0.030843,0.036408,-0.011131,55.54475,1.236211,0.957769,0.050716,41792062.0
HK,1359,2020-07-22,-1.905271,1.10176,1.13682,1.10262,1.020783,1.113654,1.086213,0.027441,0.034615,-0.014348,52.448541,1.232761,0.972479,0.050158,39223159.6
HK,1359,2020-07-23,-0.653476,1.10176,1.12537,1.10789,1.023537,1.110722,1.086834,0.023888,0.032469,-0.017163,51.4102,1.227328,0.988452,0.049646,34265964.2
HK,1359,2020-07-24,-3.270601,1.10176,1.11249,1.108385,1.02525,1.102734,1.084758,0.017977,0.029571,-0.023188,46.482633,1.22692,0.98985,0.050193,31297964.2
HK,1359,2020-07-27,-2.701171,1.08172,1.09746,1.108115,1.026045,1.091575,1.080716,0.010859,0.025828,-0.029939,42.941606,1.227334,0.988896,0.048651,29244096.8
HK,1359,2020-07-28,0.0,1.06312,1.0853,1.10884,1.026508,1.082133,1.076974,0.005158,0.021694,-0.033072,42.941606,1.225961,0.991719,0.047726,27978096.8
HK,1359,2020-07-29,2.77616,1.05452,1.07814,1.111325,1.028222,1.078543,1.075628,0.002915,0.017939,-0.030047,47.573501,1.221795,1.000855,0.047381,29885201.8
HK,1359,2020-07-30,-2.021156,1.04308,1.07242,1.111415,1.029025,1.072213,1.072796,-0.000583,0.014234,-0.029634,44.65259,1.221641,1.001189,0.046547,28090582.2
HK,1359,2020-07-31,0.684403,1.04022,1.07099,1.11034,1.030168,1.06795,1.0707,-0.002751,0.010837,-0.027176,45.840697,1.222715,0.997965,0.0468,25500675.6
HK,1359,2020-08-03,0.689325,1.04452,1.06312,1.1039,1.031432,1.06545,1.069293,-0.003843,0.007901,-0.023489,47.081282,1.214198,0.993602,0.0455,24463569.6
HK,1359,2020-08-04,3.404013,1.05598,1.05955,1.1014,1.03296,1.068842,1.070642,-0.001799,0.005961,-0.015521,52.862923,1.210801,0.991999,0.045829,24735769.6
HK,1359,2020-08-05,1.314943,1.06458,1.05955,1.098185,1.034727,1.073913,1.07295,0.000963,0.004961,-0.007997,54.978828,1.203494,0.992876,0.046134,25041816.6
HK,1359,2020-08-06,1.297876,1.08032,1.0617,1.093535,1.036953,1.080403,1.076146,0.004257,0.004821,-0.001127,57.054853,1.18631,1.00076,0.04846,30377528.2
HK,1359,2020-08-07,0.636144,1.09606,1.06814,1.090315,1.03952,1.086987,1.079631,0.007356,0.005328,0.004056,58.088229,1.173815,1.006815,0.047549,30103954.8
HK,1359,2020-08-10,-2.546296,1.10464,1.07458,1.08602,1.04161,1.088158,1.08074,0.007418,0.005746,0.003345,52.597821,1.158652,1.013388,0.046195,31371659.0
HK,1359,2020-08-11,0.0,1.10606,1.08102,1.08316,1.043478,1.089149,1.081767,0.007383,0.006073,0.002619,52.597821,1.149432,1.016888,0.044431,28226756.8
HK,1359,2020-08-12,3.270601,1.11178,1.08818,1.08316,1.046053,1.095496,1.085369,0.010126,0.006884,0.006485,58.317326,1.149432,1.016888,0.044829,29852082.2
HK,1359,2020-08-13,-1.265039,1.11178,1.09605,1.084235,1.048058,1.098666,1.087646,0.01102,0.007711,0.006618,55.439798,1.151897,1.016573,0.044691,25735017.0
HK,1359,2020-08-14,1.917391,1.11464,1.10535,1.08817,1.05053,1.10464,1.091339,0.013301,0.008829,0.008945,58.722264,1.158557,1.017783,0.044563,27219601.0
HK,1359,2020-08-17,2.514286,1.12894,1.11679,1.089955,1.0537,1.114095,1.096876,0.017219,0.010507,0.013424,62.679051,1.16611,1.0138,0.044959,32692602.8
HK,1359,2020-08-18,-1.835177,1.13896,1.12251,1.09103,1.056845,1.118804,1.100419,0.018385,0.012083,0.012605,58.18469,1.1696,1.01246,0.044812,40514910.8
HK,1359,2020-08-19,0.62025,1.14324,1.12751,1.09353,1.059998,1.12388,1.104225,0.019655,0.013597,0.012116,59.229227,1.176377,1.010683,0.043654,39773400.8
HK,1359,2020-08-20,0.0,1.15038,1.13108,1.09639,1.063152,1.128176,1.107749,0.020426,0.014963,0.010927,59.229227,1.183049,1.009731,0.044621,42764496.8
HK,1359,2020-08-21,-1.241535,1.15038,1.13251,1.100325,1.065735,1.12961,1.109953,0.019657,0.015902,0.007511,55.963781,1.186946,1.013704,0.04297,37239145.0
HK,1359,2020-08-24,-1.257143,1.1418,1.13537,1.104975,1.068412,1.128624,1.110934,0.01769,0.016259,0.002861,52.827253,1.185832,1.024118,0.041943,29781343.2
HK,1359,2020-08-25,-0.632123,1.13608,1.13752,1.10927,1.071192,1.126697,1.111317,0.01538,0.016084,-0.001406,51.290218,1.182554,1.035986,0.040483,22863737.4
HK,1359,2020-08-26,-0.645103,1.1275,1.13537,1.111775,1.07352,1.123959,1.111138,0.012821,0.015431,-0.00522,49.710666,1.181317,1.042233,0.039634,19544551.6
HK,1359,2020-08-27,0.649292,1.12036,1.13537,1.11571,1.075635,1.12275,1.111505,0.011245,0.014594,-0.006698,51.324988,1.176303,1.055117,0.039868,21524661.6
HK,1359,2020-08-28,-1.926351,1.11178,1.13108,1.118215,1.077613,1.118419,1.110253,0.008166,0.013308,-0.010284,46.522483,1.170382,1.066048,0.039063,25722575.0
HK,1359,2020-08-31,-3.270601,1.0989,1.12035,1.11857,1.078773,1.109247,1.106442,0.002805,0.011208,-0.016805,39.838026,1.168989,1.068151,0.040873,33603975.0
HK,1359,2020-09-01,1.350586,1.0903,1.11319,1.11785,1.080062,1.103686,1.103972,-0.000286,0.008909,-0.01839,43.340035,1.17039,1.06531,0.039996,36206888.0
HK,1359,2020-09-02,0.0,1.08314,1.10532,1.116415,1.08124,1.09898,1.101685,-0.002705,0.006586,-0.018582,43.340035,1.172104,1.060726,0.040211,43732611.4
HK,1359,2020-09-03,0.670953,1.07598,1.09817,1.114625,1.082207,1.096107,1.100101,-0.003995,0.00447,-0.016929,45.202639,1.172498,1.056752,0.039896,39345434.2
HK,1359,2020-09-04,-0.666482,1.07168,1.09173,1.11212,1.083163,1.092567,1.098101,-0.005534,0.002469,-0.016006,43.657087,1.172571,1.051669,0.039089,36666788.4
HK,1359,2020-09-07,0.0,1.07454,1.08672,1.111045,1.084673,1.089572,1.096249,-0.006677,0.00064,-0.014634,43.657087,1.173437,1.048653,0.038347,30286187.6
HK,1359,2020-09-08,0.0,1.07454,1.08242,1.10997,1.086293,1.087038,1.094534,-0.007496,-0.000987,-0.013018,43.657087,1.174173,1.045767,0.037143,27459940.2
HK,1359,2020-09-09,-1.332588,1.07168,1.07741,1.10639,1.087787,1.082694,1.091887,-0.009194,-0.002629,-0.01313,40.243773,1.173554,1.039226,0.036026,20082340.2
HK,1359,2020-09-10,-1.350586,1.06452,1.07025,1.10281,1.088708,1.076818,1.088377,-0.011559,-0.004415,-0.014289,37.118443,1.174969,1.030651,0.034988,19535284.6
HK,1359,2020-09-11,0.689325,1.06024,1.06596,1.09852,1.089862,1.072953,1.08566,-0.012707,-0.006073,-0.013267,39.659347,1.172107,1.024933,0.034018,20764032.4
HK,1359,2020-09-14,-0.684606,1.05452,1.06453,1.09244,1.090783,1.068576,1.082611,-0.014035,-0.007666,-0.01274,38.005497,1.162707,1.022173,0.033124,19739961.8
HK,1359,2020-09-15,0.0,1.0488,1.06167,1.08743,1.091817,1.064872,1.079788,-0.014916,-0.009116,-0.011601,38.005497,1.156354,1.018506,0.032286,20874699.2
HK,1359,2020-09-16,0.689325,1.04738,1.05953,1.082425,1.092858,1.062846,1.077708,-0.014862,-0.010265,-0.009194,40.865465,1.146276,1.018574,0.031002,19195515.6
HK,1359,2020-09-17,0.0,1.04882,1.05667,1.07742,1.0939,1.061131,1.075781,-0.01465,-0.011142,-0.007017,40.865465,1.134014,1.020826,0.031344,22559596.8
HK,1359,2020-09-18,2.034801,1.0531,1.05667,1.0742,1.094303,1.062972,1.075583,-0.01261,-0.011436,-0.002349,48.978959,1.123629,1.024771,0.03422,30562315.8
HK,1359,2020-09-21,-2.665176,1.0531,1.05381,1.070265,1.094452,1.06013,1.07328,-0.01315,-0.011779,-0.002743,40.901995,1.115845,1.024685,0.033818,33447260.6
HK,1359,2020-09-22,-0.679751,1.05168,1.05024,1.06633,1.094813,1.056633,1.070622,-0.013989,-0.012221,-0.003537,39.174872,1.108891,1.023769,0.032938,45622020.4
HK,1359,2020-09-23,-0.694043,1.04738,1.04738,1.062395,1.095165,1.052567,1.067628,-0.015061,-0.012789,-0.004545,37.447977,1.102992,1.021798,0.031607,47147467.2
HK,1359,2020-09-24,-0.689187,1.04166,1.04524,1.057745,1.094957,1.048033,1.06433,-0.016296,-0.01349,-0.005612,35.773312,1.093712,1.021778,0.033949,56162186.0
HK,1359,2020-09-25,0.0,1.03166,1.04238,1.05417,1.094242,1.044197,1.061276,-0.017078,-0.014208,-0.005741,35.773312,1.088968,1.019372,0.035103,62610843.8
HK,1359,2020-09-28,2.091682,1.03166,1.04238,1.053455,1.091975,1.044244,1.060033,-0.015789,-0.014524,-0.00253,44.456128,1.08843,1.01848,0.03566,64784570.4
HK,1359,2020-09-29,-1.369076,1.03022,1.04095,1.05131,1.090187,1.042083,1.057823,-0.01574,-0.014767,-0.001945,40.514608,1.086465,1.016155,0.035663,51023007.6
HK,1359,2020-09-30,0.698893,1.03166,1.03952,1.049525,1.088042,1.041363,1.05631,-0.014948,-0.014803,-0.000288,43.243155,1.083684,1.015366,0.034644,48462144.4
HK,1359,2020-10-05,-1.378446,1.03166,1.03666,1.046665,1.084942,1.038553,1.05385,-0.015297,-0.014902,-0.00079,39.379653,1.079595,1.013735,0.034212,34894214.0
HK,1359,2020-10-06,0.693969,1.03308,1.03237,1.04452,1.082318,1.037268,1.052098,-0.01483,-0.014888,0.000115,42.143554,1.075832,1.013208,0.033811,18690869.6
HK,1359,2020-10-07,0.0,1.03022,1.03094,1.042375,1.079813,1.036181,1.050476,-0.014296,-0.014769,0.000947,42.143554,1.071352,1.013398,0.032932,14502952.4
HK,1359,2020-10-09,2.77616,1.03594,1.03308,1.04166,1.078263,1.039661,1.051093,-0.011432,-0.014102,0.005339,52.303043,1.06817,1.01515,0.033137,14585820.4
HK,1359,2020-10-12,0.0,1.04022,1.03594,1.04166,1.07707,1.042605,1.051664,-0.009059,-0.013093,0.008069,52.303043,1.06817,1.01515,0.033327,19988627.4
HK,1359,2020-10-14,-0.67057,1.04594,1.0388,1.04202,1.076355,1.044004,1.051667,-0.007662,-0.012007,0.00869,49.786009,1.068868,1.015172,0.032989,21996948.6
HK,1359,2020-10-15,-0.684606,1.0488,1.04094,1.04166,1.076117,1.044081,1.051136,-0.007055,-0.011017,0.007923,47.300112,1.06817,1.01515,0.032169,21422635.0
HK,1359,2020-10-16,3.427477,1.05882,1.04452,1.04345,1.075282,1.049653,1.053296,-0.003643,-0.009542,0.011798,58.417881,1.074866,1.012034,0.03345,25605064.0
HK,1359,2020-10-19,-0.666482,1.06168,1.04881,1.04488,1.074447,1.05326,1.054763,-0.001503,-0.007934,0.012863,55.865274,1.078856,1.010904,0.033617,25956244.0
HK,1359,2020-10-20,0.0,1.06454,1.05238,1.04595,1.073968,1.056312,1.056121,0.000191,-0.006309,0.013,55.865274,1.082002,1.009898,0.032745,24145474.2
HK,1359,2020-10-21,0.670953,1.07026,1.0581,1.04738,1.07373,1.060003,1.057912,0.002091,-0.004629,0.013439,57.993996,1.086379,1.008381,0.031942,21506883.4
HK,1359,2020-10-22,-0.666482,1.07598,1.06239,1.04738,1.073968,1.062018,1.059037,0.00298,-0.003107,0.012175,55.130384,1.086379,1.008381,0.031196,22266840.6
HK,1359,2020-10-23,2.003541,1.07884,1.06883,1.049885,1.075042,1.06703,1.061672,0.005359,-0.001414,0.013546,61.27889,1.093932,1.005838,0.031018,17723488.8
HK,1359,2020-10-27,-2.612827,1.07742,1.06955,1.051315,1.075638,1.066872,1.061992,0.00488,-0.000155,0.01007,51.223502,1.095505,1.007125,0.031359,18832664.8
HK,1359,2020-10-28,-0.675422,1.07456,1.06955,1.052745,1.075638,1.06563,1.061756,0.003874,0.000651,0.006447,49.041752,1.095949,1.009541,0.030141,16528816.8
HK,1359,2020-10-29,-1.350586,1.0674,1.06883,1.053815,1.075757,1.062379,1.060478,0.001902,0.000901,0.002002,44.947025,1.095044,1.012586,0.029009,17336626.8
HK,1359,2020-10-30,-0.679751,1.06026,1.06812,1.05453,1.075638,1.058536,1.058768,-0.000232,0.000674,-0.001812,43.026153,1.094065,1.014995,0.02898,26281810.0
HK,1359,2020-11-02,2.062849,1.0531,1.06597,1.055245,1.075757,1.058577,1.05877,-0.000194,0.000501,-0.001389,49.966743,1.094545,1.015945,0.029974,27561142.6
HK,1359,2020-11-03,1.350586,1.05452,1.06597,1.05739,1.075517,1.060811,1.059832,0.000979,0.000596,0.000766,53.999401,1.095657,1.019123,0.029883,28273203.6
HK,1359,2020-11-04,-0.661635,1.05596,1.06526,1.05882,1.07492,1.061609,1.060289,0.001321,0.000741,0.001159,51.768377,1.096118,1.021522,0.029284,30032153.2
HK,1359,2020-11-05,2.016886,1.06456,1.06598,1.06204,1.074443,1.065593,1.062304,0.003288,0.001251,0.004075,57.495249,1.097522,1.026558,0.028728,29448280.2
HK,1359,2020-11-06,0.652874,1.076,1.06813,1.06526,1.073967,1.070055,1.064697,0.005359,0.002072,0.006573,59.217376,1.100285,1.030235,0.028212,20797715.8
HK,1359,2020-11-09,0.0,1.08316,1.06813,1.06848,1.073967,1.073831,1.066912,0.00692,0.003042,0.007756,59.217376,1.101821,1.035139,0.027218,18145219.4
HK,1359,2020-11-10,0.0,1.08746,1.07099,1.07027,1.073967,1.077027,1.068963,0.008064,0.004046,0.008035,59.217376,1.105148,1.035392,0.026803,20885385.6
HK,1359,2020-11-11,5.883428,1.10606,1.08101,1.07528,1.074443,1.089638,1.075632,0.014006,0.006038,0.015935,72.047483,1.126898,1.023662,0.029995,28529895.0
HK,1359,2020-11-12,-1.233822,1.1175,1.09103,1.07993,1.07492,1.098109,1.080748,0.017361,0.008303,0.018116,67.00659,1.138501,1.021359,0.029896,29217881.6
HK,1359,2020-11-13,-3.127457,1.12036,1.09818,1.08315,1.074443,1.099769,1.082834,0.016936,0.010029,0.013813,56.372761,1.140647,1.025653,0.030825,27484642.0
HK,1359,2020-11-16,0.0,1.12322,1.10319,1.08458,1.07349,1.101174,1.084764,0.016409,0.011305,0.010208,56.372761,1.143135,1.026025,0.029644,27567645.8
HK,1359,2020-11-17,0.0,1.12608,1.10677,1.08637,1.072893,1.102363,1.086552,0.01581,0.012206,0.007208,56.372761,1.145596,1.027144,0.02957,22585614.6
HK,1359,2020-11-18,-0.640274,1.11464,1.11035,1.087805,1.07206,1.102276,1.087682,0.014594,0.012684,0.003821,54.240572,1.147067,1.028543,0.028993,13562318.0
HK,1359,2020-11-19,-1.297876,1.1032,1.11035,1.088165,1.070988,1.100003,1.087668,0.012334,0.012614,-0.000559,50.128125,1.147327,1.029003,0.028451,13691194.4
HK,1359,2020-11-20,-1.977011,1.09462,1.10749,1.08781,1.069797,1.094772,1.086063,0.008708,0.011833,-0.006249,44.647161,1.147413,1.028207,0.028469,16171847.0
HK,1359,2020-11-23,0.0,1.08604,1.10463,1.08638,1.068843,1.090345,1.084577,0.005768,0.01062,-0.009704,44.647161,1.146632,1.026128,0.028992,20440699.4
HK,1359,2020-11-24,0.666041,1.07888,1.10248,1.086735,1.068127,1.087692,1.083727,0.003965,0.009289,-0.010648,46.871949,1.146585,1.026885,0.027943,20621887.8
HK,1359,2020-11-25,0.0,1.07314,1.09389,1.08745,1.06753,1.085447,1.08294,0.002507,0.007933,-0.01085,46.871949,1.146281,1.028619,0.027483,23664736.2
HK,1359,2020-11-26,0.670953,1.0717,1.08745,1.08924,1.066933,1.084655,1.082744,0.001911,0.006728,-0.009634,49.269993,1.144823,1.033657,0.026034,22699170.6
HK,1359,2020-11-27,0.666482,1.076,1.08531,1.091745,1.066815,1.085093,1.083096,0.001996,0.005782,-0.007571,51.621625,1.14202,1.04147,0.025203,22088355.6
HK,1359,2020-11-30,-0.662069,1.07886,1.08245,1.09282,1.067173,1.084356,1.082889,0.001466,0.004919,-0.006905,49.16712,1.141111,1.044529,0.028517,29160478.8
HK,1359,2020-12-01,1.990188,1.0846,1.08174,1.094255,1.067652,1.087039,1.08429,0.002749,0.004485,-0.003471,55.908889,1.141817,1.046693,0.02853,34876766.4
HK,1359,2020-12-02,-0.653476,1.0889,1.08102,1.095685,1.06801,1.088202,1.085054,0.003149,0.004218,-0.002138,53.35679,1.141449,1.049921,0.028021,33784966.4
HK,1359,2020-12-03,0.0,1.09176,1.08173,1.09604,1.068248,1.089187,1.085761,0.003426,0.004059,-0.001267,53.35679,1.141654,1.050426,0.028069,38110930.2
HK,1359,2020-12-04,-1.964188,1.08888,1.08244,1.094965,1.068248,1.086712,1.084823,0.001889,0.003625,-0.003473,46.073274,1.141665,1.048265,0.028621,43792708.8
HK,1359,2020-12-07,1.341907,1.09032,1.08459,1.09461,1.068488,1.086833,1.085021,0.001812,0.003262,-0.002902,50.906976,1.141423,1.047797,0.029641,40672933.2
HK,1359,2020-12-08,-0.662069,1.08602,1.08531,1.093895,1.068608,1.085828,1.084672,0.001156,0.002841,-0.00337,48.563088,1.141122,1.046668,0.031617,45683263.4
HK,1359,2020-12-09,0.0,1.08316,1.08603,1.08996,1.068967,1.084978,1.084348,0.00063,0.002399,-0.003538,48.563088,1.126807,1.053113,0.033452,57861290.2
HK,1359,2020-12-10,-1.990188,1.076,1.08388,1.085665,1.069205,1.08095,1.082455,-0.001505,0.001618,-0.006247,41.884453,1.115309,1.056021,0.032598,55972692.0
HK,1359,2020-12-11,-1.350586,1.07028,1.07958,1.082445,1.069085,1.075343,1.079644,-0.004301,0.000434,-0.009471,38.128554,1.115129,1.049761,0.031805,50428001.8
HK,1359,2020-12-14,0.0,1.06168,1.076,1.079225,1.069085,1.070598,1.077041,-0.006443,-0.000941,-0.011004,38.128554,1.1135,1.04495,0.031062,43871474.6
HK,1359,2020-12-15,0.0,1.05452,1.07027,1.076005,1.069085,1.066583,1.07463,-0.008048,-0.002363,-0.01137,38.128554,1.110622,1.041388,0.029865,36098248.4
HK,1359,2020-12-16,0.0,1.04736,1.06526,1.07314,1.068965,1.063185,1.072398,-0.009213,-0.003733,-0.010961,38.128554,1.108225,1.038055,0.029267,24070940.2
HK,1359,2020-12-17,-0.679751,1.04308,1.05954,1.070635,1.068727,1.059218,1.069806,-0.010588,-0.005104,-0.010968,35.974217,1.108319,1.032951,0.028198,23525469.8
HK,1359,2020-12-18,0.0,1.04166,1.05597,1.069205,1.068132,1.055862,1.067405,-0.011544,-0.006392,-0.010304,35.974217,1.10956,1.02885,0.028227,33590517.4
HK,1359,2020-12-21,-0.694043,1.0388,1.05024,1.067415,1.067893,1.051914,1.064649,-0.012736,-0.007661,-0.010151,33.732624,1.111209,1.023621,0.027232,33644926.6
HK,1359,2020-12-22,-0.689187,1.03452,1.04452,1.064915,1.067655,1.047481,1.061572,-0.014091,-0.008947,-0.010289,31.638999,1.112656,1.017174,0.027844,35409198.6
HK,1359,2020-12-23,-1.397713,1.02738,1.03737,1.0617,1.067298,1.04153,1.057663,-0.016133,-0.010384,-0.011498,27.885095,1.115125,1.008275,0.027384,34157603.0
HK,1359,2020-12-24,0.703807,1.02308,1.03308,1.05848,1.067178,1.037587,1.054569,-0.016982,-0.011704,-0.010558,32.187182,1.114722,1.002238,0.026963,34506418.2
HK,1359,2020-12-28,0.0,1.01878,1.03022,1.0549,1.067058,1.03425,1.051705,-0.017454,-0.012854,-0.009201,32.187182,1.112398,0.997402,0.026566,25117503.8
HK,1359,2020-12-29,0.708731,1.01736,1.02808,1.05204,1.066702,1.032535,1.049586,-0.017051,-0.013693,-0.006716,36.633088,1.109889,0.994191,0.026204,24965621.8
HK,1359,2020-12-30,1.397713,1.02022,1.02737,1.04882,1.066822,1.033283,1.048683,-0.0154,-0.014035,-0.002731,44.426134,1.102231,0.995409,0.025868,22148492.2
HK,1359,2020-12-31,1.378446,1.0288,1.02809,1.046675,1.06706,1.036117,1.048907,-0.01279,-0.013786,0.001991,50.925689,1.095836,0.997514,0.025042,20823087.2
HK,1359,2021-01-04,-1.359703,1.0331,1.02809,1.043815,1.067298,1.036314,1.048054,-0.01174,-0.013377,0.003273,45.229091,1.087882,0.999748,0.025296,23669742.4
HK,1359,2021-01-05,0.684403,1.03882,1.0288,1.042385,1.067537,1.037574,1.047791,-0.010218,-0.012745,0.005054,48.320148,1.084365,1.000405,0.024511,21879260.4
HK,1359,2021-01-06,1.369076,1.04596,1.03166,1.04095,1.068013,1.040839,1.048607,-0.007767,-0.011749,0.007964,53.956379,1.078379,1.003521,0.024288,25018492.4
HK,1359,2021-01-07,1.350586,1.0531,1.03666,1.04059,1.068252,1.045802,1.050421,-0.004619,-0.010323,0.011409,58.795803,1.07661,1.00457,0.024596,28832828.2
HK,1359,2021-01-08,0.670953,1.05882,1.04381,1.04059,1.06861,1.05111,1.052634,-0.001524,-0.008563,0.014078,61.017452,1.07661,1.00457,0.02489,32825550.4
HK,1359,2021-01-11,0.0,1.0674,1.05025,1.041665,1.069087,1.0556,1.054683,0.000917,-0.006667,0.015169,61.017452,1.080931,1.002399,0.025155,34485474.0
HK,1359,2021-01-12,1.323706,1.07742,1.05812,1.04417,1.069922,1.0616,1.05764,0.00396,-0.004542,0.017004,65.324059,1.089728,0.998612,0.026429,41917468.6
HK,1359,2021-01-13,0.657775,1.08602,1.06599,1.047035,1.07028,1.067785,1.060911,0.006874,-0.002259,0.018265,67.283845,1.099063,0.995007,0.02607,44734121.2
HK,1359,2021-01-14,-1.297876,1.0889,1.071,1.049185,1.07052,1.070818,1.062881,0.007937,-0.00022,0.016313,60.027488,1.104091,0.994279,0.025229,42116213.0
HK,1359,2021-01-15,0.0,1.09034,1.07458,1.051335,1.07076,1.073385,1.064705,0.00868,0.00156,0.014239,60.027488,1.108653,0.994017,0.02547,42464456.6
HK,1359,2021-01-18,3.282759,1.09892,1.08316,1.055625,1.071475,1.081048,1.069038,0.012011,0.00365,0.016721,69.539066,1.120478,0.990772,0.026715,42847813.2
HK,1359,2021-01-19,3.187322,1.1118,1.09461,1.061705,1.072907,1.093041,1.075701,0.01734,0.006388,0.021903,75.766473,1.139992,0.983418,0.029914,48490363.4
HK,1359,2021-01-20,0.612597,1.12466,1.10534,1.0685,1.074098,1.104281,1.082398,0.021883,0.009487,0.024792,76.780337,1.157524,0.979476,0.030334,46064673.0
HK,1359,2021-01-21,-1.22631,1.13752,1.11321,1.074935,1.075528,1.111591,1.087539,0.024053,0.0124,0.023305,70.392524,1.168397,0.981473,0.030211,45137520.8
HK,1359,2021-01-22,-4.341031,1.14038,1.11536,1.079585,1.076245,1.110085,1.088595,0.02149,0.014218,0.014544,53.600893,1.16857,0.9906,0.031624,47327037.0
HK,1359,2021-01-25,0.6444,1.13752,1.11822,1.084235,1.077318,1.109903,1.090099,0.019804,0.015335,0.008937,55.233902,1.169044,0.999426,0.030901,43869988.2
HK,1359,2021-01-26,-1.289566,1.12464,1.11822,1.08817,1.078272,1.107548,1.090432,0.017116,0.015692,0.002849,51.316498,1.167025,1.009315,0.030737,33709889.0
HK,1359,2021-01-27,0.657775,1.11178,1.11822,1.092105,1.078988,1.106664,1.091274,0.01539,0.015631,-0.000483,53.11938,1.165225,1.018985,0.030077,28952127.6
HK,1359,2021-01-28,-1.951352,1.09748,1.1175,1.09425,1.079108,1.102608,1.090462,0.012147,0.014934,-0.005575,47.466576,1.163225,1.025275,0.029978,29056252.2
HK,1359,2021-01-29,-2.647413,1.08746,1.11392,1.09425,1.07887,1.094776,1.08759,0.007186,0.013385,-0.012398,41.18759,1.163225,1.025275,0.030394,26785685.0
HK,1359,2021-02-01,0.675097,1.07744,1.10748,1.09532,1.078392,1.089241,1.085458,0.003784,0.011464,-0.015362,43.19647,1.161334,1.029306,0.030773,28964525.8
HK,1359,2021-02-02,1.350586,1.07314,1.09889,1.09675,1.078033,1.086758,1.084542,0.002216,0.009615,-0.014798,47.114636,1.159455,1.034045,0.030111,27906685.6
HK,1359,2021-02-03,-0.661635,1.06598,1.08888,1.09711,1.077557,1.083564,1.083169,0.000396,0.007771,-0.01475,45.438763,1.159017,1.035203,0.029496,27584302.4
HK,1359,2021-02-04,-0.675422,1.06168,1.07958,1.096395,1.07696,1.079755,1.081364,-0.001609,0.005895,-0.015008,43.739661,1.159709,1.033081,0.029432,29511045.4
HK,1359,2021-02-05,0.680015,1.06454,1.076,1.09568,1.07541,1.077638,1.080226,-0.002587,0.004198,-0.013571,45.917542,1.160019,1.031341,0.029372,27157840.4
HK,1359,2021-02-08,-1.341463,1.06312,1.07028,1.09425,1.07386,1.073648,1.078113,-0.004465,0.002466,-0.013861,42.406378,1.161115,1.027385,0.029317,24949011.2
HK,1359,2021-02-09,0.0,1.05884,1.06599,1.092105,1.072907,1.070271,1.076156,-0.005885,0.000796,-0.013361,42.406378,1.161492,1.022718,0.028759,21953258.8
HK,1359,2021-02-10,1.359703,1.05884,1.06241,1.090315,1.072192,1.069614,1.075404,-0.00579,-0.000521,-0.010537,47.09791,1.160452,1.020178,0.028233,22207132.8
HK,1359,2021-02-11,0.666041,1.0617,1.06169,1.089595,1.071595,1.07015,1.075233,-0.005083,-0.001434,-0.007298,49.305937,1.160128,1.019062,0.027238,16216690.4
HK,1359,2021-02-16,2.674494,1.06886,1.0667,1.09031,1.071595,1.07502,1.077201,-0.002181,-0.001583,-0.001197,57.100503,1.161033,1.019587,0.02785,15460363.8
HK,1359,2021-02-17,1.942276,1.08316,1.07314,1.09031,1.07219,1.082432,1.080608,0.001824,-0.000902,0.005451,61.815085,1.161033,1.019587,0.028417,13123720.8
HK,1359,2021-02-18,-3.178419,1.09032,1.07458,1.086735,1.072548,1.083212,1.081119,0.002093,-0.000303,0.004791,51.622797,1.150048,1.023422,0.028938,20136450.6
HK,1359,2021-02-19,0.652874,1.09604,1.07744,1.08316,1.073025,1.084964,1.082118,0.002846,0.000327,0.005039,53.272936,1.135218,1.031102,0.028921,27914427.0
HK,1359,2021-02-22,0.657775,1.10178,1.08174,1.08066,1.073503,1.087554,1.083575,0.003978,0.001057,0.005842,54.951057,1.12323,1.03809,0.029919,40071520.0
HK,1359,2021-02-23,1.942276,1.10606,1.08746,1.08173,1.074338,1.093038,1.086511,0.006527,0.002151,0.008752,59.595661,1.127339,1.036121,0.030332,44370978.8
HK,1359,2021-02-24,-1.905271,1.10178,1.09247,1.081375,1.074697,1.094386,1.087643,0.006743,0.00307,0.007346,53.639907,1.126237,1.036513,0.031737,52103215.2
HK,1359,2021-02-25,1.942276,1.10892,1.09962,1.082805,1.075292,1.098819,1.090277,0.008542,0.004164,0.008756,58.144535,1.130964,1.034646,0.03202,52461420.2
HK,1359,2021-02-26,-1.905271,1.11036,1.1032,1.082805,1.07565,1.099278,1.091131,0.008147,0.004961,0.006373,52.636619,1.130964,1.034646,0.032283,53294647.4
HK,1359,2021-03-01,0.6444,1.11178,1.10678,1.084235,1.075768,1.100758,1.092447,0.008311,0.005631,0.005361,54.1872,1.133693,1.034777,0.030998,45409584.2
HK,1359,2021-03-02,-1.289566,1.10606,1.10606,1.08638,1.075768,1.099811,1.092606,0.007204,0.005945,0.002518,50.594526,1.133682,1.039078,0.031341,43807038.4
HK,1359,2021-03-03,2.612827,1.11034,1.10606,1.0896,1.076245,1.103409,1.094873,0.008536,0.006464,0.004146,56.768142,1.137714,1.041486,0.031653,39492757.2
HK,1359,2021-03-04,-1.905271,1.10606,1.10749,1.091035,1.076723,1.103161,1.095386,0.007776,0.006726,0.002099,51.574935,1.138806,1.043264,0.031435,35210642.4
HK,1359,2021-03-05,-0.653476,1.10462,1.10749,1.092465,1.076842,1.101844,1.095327,0.006517,0.006684,-0.000335,49.920266,1.138845,1.046085,0.031232,29491739.0
HK,1359,2021-03-08,-0.648639,1.10034,1.10606,1.0939,1.076962,1.099637,1.094748,0.00489,0.006325,-0.002871,48.275478,1.13773,1.05007,0.031558,30203206.2
HK,1359,2021-03-09,1.967816,1.1032,1.10463,1.096045,1.077438,1.101062,1.095796,0.005266,0.006114,-0.001694,53.272856,1.138377,1.053713,0.031861,39216192.0
HK,1359,2021-03-10,1.938858,1.10464,1.10749,1.09998,1.078632,1.105576,1.098359,0.007217,0.006334,0.001765,57.695128,1.139639,1.060321,0.03265,41109437.6
HK,1359,2021-03-11,0.0,1.11036,1.10821,1.103915,1.080063,1.109395,1.100733,0.008662,0.0068,0.003725,57.695128,1.138983,1.068847,0.031853,41582304.2
HK,1359,2021-03-12,0.0,1.11752,1.11107,1.107135,1.081495,1.112627,1.10293,0.009696,0.007379,0.004634,57.695128,1.139401,1.074869,0.031107,39030038.2
HK,1359,2021-03-15,0.628096,1.12752,1.11393,1.110355,1.083045,1.116453,1.105491,0.010962,0.008096,0.005733,59.284445,1.141215,1.079495,0.029906,39502804.6
HK,1359,2021-03-16,0.632967,1.13468,1.11894,1.1125,1.084715,1.120799,1.108395,0.012404,0.008957,0.006893,60.889082,1.146489,1.078511,0.029813,29988288.4
HK,1359,2021-03-17,1.869485,1.14182,1.12323,1.114645,1.08686,1.127768,1.11267,0.015099,0.010186,0.009826,65.270199,1.155737,1.073553,0.029726,31852802.6
HK,1359,2021-03-18,-0.608867,1.14754,1.12895,1.11822,1.088887,1.132573,1.116102,0.016472,0.011443,0.010058,62.758383,1.161619,1.074821,0.030667,36257207.0
HK,1359,2021-03-19,0.0,1.15326,1.13539,1.12144,1.091033,1.136639,1.119279,0.01736,0.012626,0.009467,62.758383,1.166861,1.076019,0.031034,41531024.8
HK,1359,2021-03-22,-1.233822,1.1547,1.14111,1.123585,1.09306,1.137879,1.121162,0.016717,0.013444,0.006545,57.582216,1.169145,1.078025,0.03086,40507270.0
HK,1359,2021-03-23,-0.628986,1.15326,1.14397,1.1243,1.095205,1.137821,1.122372,0.015448,0.013845,0.003206,55.11728,1.17026,1.07834,0.030699,40453387.4
HK,1359,2021-03-24,-1.257143,1.14468,1.14325,1.12537,1.096993,1.135571,1.122434,0.013138,0.013704,-0.001132,50.49405,1.170167,1.080573,0.031063,34531091.8
HK,1359,2021-03-25,0.641026,1.13896,1.14325,1.12573,1.098902,1.134776,1.123024,0.011752,0.013313,-0.003123,52.647723,1.170567,1.080893,0.030887,30367515.4
HK,1359,2021-03-26,0.0,1.13324,1.14325,1.12716,1.10069,1.134103,1.12357,0.010532,0.012757,-0.004449,52.647723,1.170657,1.083663,0.029702,25968913.8
HK,1359,2021-03-29,1.893135,1.13466,1.14468,1.129305,1.102597,1.136825,1.125661,0.011164,0.012438,-0.002549,58.822645,1.173218,1.085392,0.030138,29147154.4
HK,1359,2021-03-30,1.241535,1.14038,1.14682,1.13288,1.104503,1.141329,1.128657,0.012672,0.012485,0.000374,62.355301,1.176551,1.089209,0.029007,30929001.8
HK,1359,2021-03-31,-0.608867,1.14754,1.14611,1.13467,1.10653,1.144048,1.130904,0.013143,0.012617,0.001053,59.620381,1.179525,1.089815,0.027956,30717237.0
HK,1359,2021-04-01,1.233822,1.15612,1.14754,1.138245,1.108677,1.148548,1.134045,0.014503,0.012994,0.003018,63.128132,1.183447,1.093043,0.027495,30391688.0
HK,1359,2021-04-07,-2.437569,1.15898,1.14611,1.14075,1.110108,1.147956,1.134834,0.013122,0.01302,0.000205,53.178301,1.181315,1.100185,0.028595,34053841.2
HK,1359,2021-04-08,-0.628986,1.15612,1.14539,1.14325,1.111182,1.146347,1.135032,0.011316,0.012679,-0.002726,50.999056,1.175739,1.110761,0.028081,30031658.8
HK,1359,2021-04-09,0.0,1.1504,1.14539,1.14468,1.112135,1.144986,1.135214,0.009772,0.012097,-0.004651,50.999056,1.17328,1.11608,0.028118,26929610.2
HK,1359,2021-04-12,-0.624176,1.14468,1.14611,1.14468,1.11297,1.142742,1.134858,0.007884,0.011255,-0.006741,48.71589,1.17328,1.11608,0.027639,24482292.6
HK,1359,2021-04-13,-0.636943,1.13466,1.14539,1.14432,1.113447,1.139736,1.133994,0.005741,0.010152,-0.008821,46.445114,1.173798,1.114842,0.0272,22619415.0
HK,1359,2021-04-14,1.273148,1.13322,1.1461,1.144675,1.114042,1.139392,1.134254,0.005138,0.009149,-0.008023,51.300424,1.17364,1.11571,0.026279,17619583.8
HK,1359,2021-04-15,-2.514286,1.1275,1.14181,1.143245,1.114398,1.134701,1.132376,0.002325,0.007784,-0.010919,42.919576,1.176055,1.110435,0.026444,18281352.4
HK,1359,2021-04-16,2.579132,1.1275,1.13895,1.142885,1.115232,1.135131,1.132755,0.002376,0.006703,-0.008654,51.459533,1.175781,1.109989,0.027106,19484334.4
HK,1359,2021-04-19,0.632967,1.13036,1.13752,1.141815,1.11559,1.136603,1.13364,0.002963,0.005955,-0.005983,53.351683,1.172967,1.110663,0.026705,21013090.2
HK,1359,2021-04-20,0.0,1.13466,1.13466,1.1411,1.115352,1.137849,1.134459,0.00339,0.005442,-0.004104,53.351683,1.171283,1.110917,0.026326,19422777.4
HK,1359,2021-04-21,-1.878221,1.1318,1.13251,1.13931,1.114637,1.135595,1.133625,0.00197,0.004747,-0.005555,47.005975,1.169279,1.109341,0.026489,22733698.6
HK,1359,2021-04-22,-0.632123,1.13324,1.13037,1.13788,1.114042,1.132596,1.132327,0.000269,0.003852,-0.007166,45.098333,1.169375,1.106385,0.026132,20766028.2
HK,1359,2021-04-23,-0.645103,1.12752,1.12751,1.13645,1.11416,1.128951,1.130592,-0.001641,0.002753,-0.008789,43.184388,1.170386,1.102514,0.026309,22336175.6
HK,1359,2021-04-26,-0.640274,1.11894,1.12465,1.13538,1.114042,1.124774,1.128459,-0.003686,0.001465,-0.010302,41.322038,1.172151,1.098609,0.025451,21514929.6
HK,1359,2021-04-27,-0.653476,1.10892,1.12179,1.13359,1.114042,1.120131,1.125951,-0.00582,8e-06,-0.011656,39.463428,1.174418,1.092762,0.024147,21914681.0
HK,1359,2021-04-28,0.657775,1.10464,1.11822,1.13216,1.114042,1.117311,1.124162,-0.006851,-0.001363,-0.010975,42.260258,1.175274,1.089046,0.023444,18287654.2
HK,1359,2021-04-29,0.6444,1.1032,1.11822,1.130015,1.114518,1.116017,1.123032,-0.007014,-0.002494,-0.009041,44.96068,1.173276,1.086754,0.022791,16770276.8
HK,1359,2021-04-30,-1.289566,1.10034,1.11393,1.12644,1.115233,1.112722,1.120926,-0.008203,-0.003636,-0.009135,40.819822,1.168993,1.083887,0.022184,11283347.4
HK,1359,2021-05-03,0.0,1.0989,1.10892,1.12322,1.11583,1.109934,1.118976,-0.009041,-0.004717,-0.008649,40.819822,1.165173,1.081267,0.021621,11117282.2
HK,1359,2021-05-04,-0.648639,1.09748,1.1032,1.11893,1.11607,1.106483,1.116644,-0.010161,-0.005806,-0.008711,38.764035,1.156877,1.080983,0.021612,10023954.0
HK,1359,2021-05-05,0.652874,1.09604,1.10034,1.116425,1.116547,1.104655,1.115011,-0.010356,-0.006716,-0.007281,41.914395,1.153848,1.079002,0.021597,8995266.8
HK,1359,2021-05-06,-0.648639,1.09176,1.09748,1.113925,1.117025,1.102015,1.112973,-0.010958,-0.007564,-0.006787,39.71409,1.152056,1.075794,0.022097,14724678.0
HK,1359,2021-05-07,1.967816,1.09462,1.09748,1.112495,1.11774,1.103075,1.112672,-0.009597,-0.007971,-0.003252,48.491023,1.149097,1.075893,0.022048,19090205.2
HK,1359,2021-05-10,3.868699,1.10606,1.10248,1.113565,1.119408,1.110571,1.11557,-0.004999,-0.007376,0.004755,60.809046,1.153314,1.073816,0.024051,27076107.6
HK,1359,2021-05-11,0.0,1.11892,1.1082,1.114995,1.121077,1.116914,1.118254,-0.00134,-0.006169,0.009658,60.809046,1.157956,1.072034,0.023355,30122772.0
HK,1359,2021-05-12,-0.616426,1.12894,1.11249,1.115355,1.122388,1.121189,1.120213,0.000976,-0.00474,0.011432,58.140309,1.159176,1.071534,0.024237,33106130.4
HK,1359,2021-05-13,-1.249236,1.13752,1.11464,1.11643,1.123343,1.122606,1.120967,0.001638,-0.003464,0.010206,53.086868,1.160618,1.072242,0.024034,31527965.4
HK,1359,2021-05-14,1.265039,1.14468,1.11965,1.11679,1.124058,1.126005,1.122725,0.00328,-0.002116,0.01079,57.102268,1.161769,1.071811,0.02436,30321038.2
HK,1359,2021-05-17,1.869485,1.14754,1.1268,1.11786,1.124773,1.132173,1.125938,0.006235,-0.000445,0.013361,62.30236,1.166327,1.069393,0.024663,25678800.0
HK,1359,2021-05-18,0.0,1.1504,1.13466,1.11893,1.126083,1.137393,1.128913,0.00848,0.00134,0.01428,62.30236,1.170561,1.067299,0.023923,22985746.0
HK,1359,2021-05-20,-1.22631,1.15182,1.14038,1.12036,1.127037,1.139609,1.130608,0.009001,0.002872,0.012258,56.952064,1.173933,1.066787,0.024257,24391420.4
HK,1359,2021-05-21,0.625109,1.15754,1.14753,1.122505,1.12799,1.142592,1.132712,0.009881,0.004274,0.011215,58.867382,1.1786,1.06641,0.023546,21642659.0
HK,1359,2021-05-24,0.0,1.1604,1.15254,1.12501,1.128587,1.145117,1.134659,0.010458,0.005511,0.009895,58.867382,1.182897,1.067123,0.023392,26330493.8
HK,1359,2021-05-25,2.467645,1.1647,1.15612,1.1293,1.130017,1.151653,1.13858,0.013072,0.007023,0.012099,65.864211,1.192173,1.066427,0.023764,37500842.8
HK,1359,2021-05-26,-1.204109,1.16614,1.15827,1.133235,1.130852,1.154983,1.141152,0.013831,0.008384,0.010893,60.337615,1.196776,1.069694,0.024117,40183626.8
HK,1359,2021-05-27,1.218785,1.1733,1.16256,1.137525,1.132282,1.160001,1.144593,0.015408,0.009789,0.011238,63.62462,1.203535,1.071515,0.02393,41532170.0
HK,1359,2021-05-28,0.0,1.17902,1.16828,1.14146,1.133593,1.164247,1.147779,0.016468,0.011125,0.010687,63.62462,1.209526,1.073394,0.023756,41291901.6
HK,1359,2021-05-31,0.0,1.18474,1.17257,1.14611,1.135143,1.16784,1.150728,0.017112,0.012322,0.009578,63.62462,1.213439,1.078781,0.023595,34161466.8
HK,1359,2021-06-01,-1.810374,1.18044,1.17257,1.149685,1.135858,1.167572,1.151867,0.015705,0.012999,0.005413,55.05648,1.213178,1.086192,0.023446,18676437.8
HK,1359,2021-06-02,1.234886,1.18188,1.17401,1.154335,1.13717,1.169561,1.153988,0.015573,0.013514,0.004119,59.035514,1.212312,1.096358,0.022799,18615918.8
HK,1359,2021-06-03,-1.219822,1.17758,1.17544,1.15791,1.138362,1.169029,1.154885,0.014143,0.01364,0.001008,53.89676,1.209137,1.106683,0.0222,13325907.8
HK,1359,2021-06-04,1.234886,1.17616,1.17759,1.16256,1.139912,1.170793,1.156782,0.014011,0.013714,0.000594,57.848116,1.203159,1.121961,0.02215,16188209.2
HK,1359,2021-06-07,-0.609911,1.1733,1.17902,1.16578,1.140985,1.171179,1.158006,0.013173,0.013606,-0.000865,55.296209,1.198246,1.133314,0.02261,15684594.4
HK,1359,2021-06-08,-0.613654,1.1733,1.17687,1.166495,1.14158,1.170398,1.158606,0.011792,0.013243,-0.002902,52.788377,1.198321,1.134669,0.023045,20853989.8
HK,1359,2021-06-09,1.234886,1.1733,1.17759,1.16793,1.142415,1.171952,1.160227,0.011724,0.012939,-0.00243,56.989737,1.199564,1.136296,0.022935,23281051.0
HK,1359,2021-06-10,-0.609911,1.17474,1.17616,1.16936,1.14313,1.172159,1.161196,0.010964,0.012544,-0.003161,54.383792,1.199199,1.139521,0.022832,24262462.4
HK,1359,2021-06-11,0.0,1.1733,1.17473,1.171505,1.143727,1.172335,1.162092,0.010242,0.012084,-0.003683,54.383792,1.195411,1.147599,0.022737,23489345.6
HK,1359,2021-06-15,-1.832438,1.169,1.17115,1.17186,1.143845,1.169176,1.16133,0.007846,0.011236,-0.006781,46.94898,1.194331,1.149389,0.023156,27063734.0
HK,1359,2021-06-16,-1.241535,1.16328,1.16829,1.17043,1.143368,1.164302,1.159565,0.004738,0.009936,-0.010398,42.761649,1.197379,1.143481,0.023031,24390113.8
HK,1359,2021-06-17,0.632967,1.15612,1.16471,1.16936,1.14313,1.161287,1.158464,0.002823,0.008514,-0.011382,45.402043,1.19852,1.1402,0.022921,20784830.4
HK,1359,2021-06-18,1.249236,1.15326,1.164,1.16972,1.14313,1.160935,1.158503,0.002431,0.007297,-0.009732,50.30525,1.198173,1.141267,0.023841,27770993.8
HK,1359,2021-06-21,-1.855047,1.1461,1.1597,1.168645,1.14301,1.157329,1.156948,0.000382,0.005914,-0.011065,43.919032,1.200103,1.137187,0.024181,26933541.0
HK,1359,2021-06-22,-1.257143,1.14038,1.15469,1.166855,1.142772,1.152079,1.154448,-0.002369,0.004258,-0.013253,40.258299,1.203885,1.129825,0.024497,26772408.4
HK,1359,2021-06-23,1.273148,1.14038,1.15183,1.16435,1.14301,1.149836,1.153192,-0.003356,0.002735,-0.012182,45.179208,1.202197,1.126503,0.02479,26014667.4
HK,1359,2021-06-24,0.632967,1.14038,1.14825,1.16292,1.143248,1.149046,1.152563,-0.003518,0.001484,-0.010004,47.522994,1.201461,1.124379,0.024548,24515762.8
HK,1359,2021-06-25,0.0,1.13752,1.14539,1.160775,1.143487,1.148377,1.151981,-0.003604,0.000467,-0.008141,47.522994,1.198346,1.123204,0.023816,19057031.0
HK,1359,2021-06-28,0.0,1.13896,1.14253,1.15863,1.143368,1.147811,1.151442,-0.00363,-0.000353,-0.006555,47.522994,1.194699,1.122561,0.02365,18562141.0
HK,1359,2021-06-29,1.013366,1.14558,1.14298,1.157065,1.143205,1.149117,1.151801,-0.002684,-0.000819,-0.00373,51.679986,1.190597,1.123533,0.024175,20911628.8
HK,1359,2021-06-30,-0.674565,1.14778,1.14408,1.156185,1.14303,1.149022,1.151557,-0.002534,-0.001162,-0.002745,48.876297,1.189646,1.122724,0.023556,19538695.4
HK,1359,2021-07-02,-1.349586,1.14544,1.14291,1.15381,1.142358,1.146557,1.150182,-0.003625,-0.001655,-0.003941,43.792073,1.18677,1.12085,0.02353,27983532.2
HK,1359,2021-07-05,-0.679612,1.14156,1.13954,1.15177,1.142035,1.143287,1.148339,-0.005052,-0.002334,-0.005436,41.483491,1.186441,1.117099,0.022957,25811901.0
HK,1359,2021-07-06,1.37741,1.14078,1.13987,1.149785,1.14209,1.142904,1.147781,-0.004876,-0.002843,-0.004067,47.484981,1.182116,1.117454,0.022424,25990580.2
HK,1359,2021-07-07,-0.683731,1.13612,1.14085,1.14777,1.142015,1.141381,1.146686,-0.005305,-0.003335,-0.00394,44.984677,1.178992,1.116548,0.021929,24179051.4
HK,1359,2021-07-08,1.368049,1.13612,1.14195,1.14689,1.142317,1.142476,1.14682,-0.004344,-0.003537,-0.001615,50.556156,1.176967,1.116813,0.02202,28455672.4
HK,1359,2021-07-09,-1.349586,1.13612,1.14078,1.144515,1.14248,1.141018,1.145796,-0.004778,-0.003785,-0.001986,45.584627,1.170872,1.118158,0.022104,22331835.6
HK,1359,2021-07-12,1.368049,1.14076,1.14116,1.143275,1.142663,1.142169,1.145997,-0.003828,-0.003794,-6.8e-05,50.795446,1.16621,1.12034,0.02219,23516284.4
HK,1359,2021-07-13,0.679147,1.14386,1.14232,1.142425,1.143453,1.144343,1.14676,-0.002417,-0.003518,0.002203,53.222975,1.161835,1.123015,0.021712,21535015.8
HK,1359,2021-07-14,-2.680965,1.14232,1.13922,1.1411,1.14325,1.141413,1.14517,-0.003757,-0.003566,-0.000382,43.943814,1.161369,1.120831,0.02349,22979295.2
HK,1359,2021-07-15,0.0,1.13768,1.1369,1.14049,1.142927,1.138934,1.143698,-0.004764,-0.003806,-0.001917,43.943814,1.16186,1.11912,0.024583,26442506.0
HK,1359,2021-07-16,1.37741,1.13924,1.13768,1.140295,1.142862,1.139221,1.143484,-0.004262,-0.003897,-0.000731,49.090716,1.161579,1.119011,0.024485,33341358.6
HK,1359,2021-07-19,-4.084853,1.12838,1.13457,1.137055,1.142378,1.132295,1.139833,-0.007538,-0.004625,-0.005826,37.841353,1.164731,1.109379,0.027171,50253829.8
HK,1359,2021-07-20,-1.41656,1.11286,1.12836,1.134115,1.141755,1.12405,1.135305,-0.011255,-0.005951,-0.010608,34.970806,1.171697,1.096533,0.028002,62761150.2
HK,1359,2021-07-21,0.0,1.10354,1.12293,1.13189,1.141252,1.117073,1.131112,-0.014039,-0.007569,-0.012941,34.970806,1.17642,1.08736,0.027666,61527070.8
HK,1359,2021-07-22,0.0,1.09422,1.11595,1.12895,1.140867,1.111169,1.127229,-0.01606,-0.009267,-0.013586,34.970806,1.179029,1.078871,0.026804,57497278.6
HK,1359,2021-07-23,0.0,1.0818,1.11052,1.12565,1.140602,1.106174,1.123635,-0.017461,-0.010906,-0.01311,34.970806,1.179685,1.071615,0.026554,53816316.4
HK,1359,2021-07-26,-1.436915,1.0756,1.10199,1.121575,1.139958,1.099563,1.119158,-0.019595,-0.012644,-0.013903,31.73302,1.181247,1.061903,0.026322,39809534.0
HK,1359,2021-07-27,-3.64936,1.06474,1.0888,1.11556,1.13855,1.087999,1.112139,-0.02414,-0.014943,-0.018394,25.394745,1.187655,1.043465,0.02887,37591489.6
HK,1359,2021-07-28,0.0,1.05388,1.07871,1.108965,1.13738,1.078215,1.10564,-0.027425,-0.017439,-0.019971,25.394745,1.188676,1.029254,0.028465,37947056.4
HK,1359,2021-07-29,0.75166,1.04456,1.06939,1.103145,1.136338,1.07112,1.100192,-0.029072,-0.019766,-0.018613,28.673716,1.187331,1.018959,0.027539,35867950.2
HK,1359,2021-07-30,-0.746052,1.0337,1.05775,1.097715,1.135287,1.063932,1.094578,-0.030646,-0.021942,-0.017408,27.377872,1.187332,1.008098,0.027236,35630538.0
HK,1359,2021-08-02,4.539242,1.03524,1.05542,1.094995,1.134892,1.065004,1.092824,-0.02782,-0.023117,-0.009405,43.87393,1.1844,1.00559,0.029169,37142928.0
HK,1359,2021-08-03,0.728359,1.0461,1.05542,1.09189,1.134745,1.067111,1.091778,-0.024667,-0.023427,-0.002479,46.086197,1.179001,1.004779,0.029307,29854087.8
HK,1359,2021-08-04,1.436915,1.06006,1.05697,1.08995,1.1345,1.071279,1.091957,-0.020678,-0.022878,0.004398,50.280158,1.175016,1.004884,0.028878,26283321.0
HK,1359,2021-08-05,-1.41656,1.06938,1.05697,1.08646,1.133282,1.072421,1.090975,-0.018555,-0.022013,0.006916,46.393583,1.167251,1.005669,0.02903,25711121.0
HK,1359,2021-08-06,0.0,1.08024,1.05697,1.083745,1.132063,1.073387,1.090066,-0.016679,-0.020946,0.008534,46.393583,1.161697,1.005793,0.02917,24394859.6
HK,1359,2021-08-09,1.436915,1.0849,1.06007,1.08103,1.131222,1.076589,1.090372,-0.013784,-0.019514,0.01146,50.803906,1.153351,1.008709,0.029858,20664105.8
HK,1359,2021-08-10,2.12941,1.09266,1.06938,1.07909,1.131007,1.082883,1.092382,-0.009499,-0.017511,0.016024,56.586084,1.145031,1.013149,0.030497,25257874.2
HK,1359,2021-08-11,1.387025,1.10042,1.08024,1.079475,1.130812,1.090593,1.09539,-0.004797,-0.014968,0.020341,59.957716,1.14657,1.01238,0.03109,28620830.8
HK,1359,2021-08-12,-0.679612,1.10974,1.08956,1.079475,1.130132,1.095933,1.097606,-0.001673,-0.012309,0.021272,57.56594,1.14657,1.01238,0.030534,28611792.4
HK,1359,2021-08-13,-0.693148,1.1175,1.09887,1.07831,1.129322,1.099251,1.09908,0.000171,-0.009813,0.019968,55.165284,1.141819,1.014801,0.030017,26032407.4
HK,1359,2021-08-16,0.697987,1.12372,1.10431,1.079865,1.12888,1.103258,1.101022,0.002236,-0.007403,0.019279,57.092295,1.146309,1.013421,0.029537,23123753.6
HK,1359,2021-08-17,-2.763707,1.11906,1.10586,1.08064,1.1278,1.101865,1.100517,0.001348,-0.005653,0.014002,48.197348,1.147372,1.013908,0.030756,19183750.0
HK,1359,2021-08-18,0.0,1.1113,1.10586,1.081415,1.12672,1.100685,1.100049,0.000637,-0.004395,0.010064,48.197348,1.148399,1.014431,0.029666,17227984.6
HK,1359,2021-08-19,-1.41656,1.10198,1.10586,1.081415,1.124905,1.097303,1.098467,-0.001164,-0.003749,0.005169,44.21553,1.148399,1.014431,0.030319,20672090.6
HK,1359,2021-08-20,-0.723093,1.09266,1.10508,1.081025,1.123198,1.093241,1.096425,-0.003184,-0.003636,0.000903,42.320748,1.148158,1.013892,0.030924,26101100.0
HK,1359,2021-08-23,-0.719021,1.08024,1.10198,1.081025,1.121125,1.088619,1.093964,-0.005345,-0.003978,-0.002734,40.476708,1.148158,1.013892,0.03038,29232641.8
HK,1359,2021-08-24,3.64936,1.0818,1.10043,1.084905,1.119698,1.090678,1.094559,-0.003881,-0.003958,0.000154,51.859595,1.147302,1.022508,0.031531,31368750.8
HK,1359,2021-08-25,0.0,1.08336,1.09733,1.088785,1.118272,1.09242,1.095111,-0.002691,-0.003705,0.002028,51.859595,1.144994,1.032576,0.030386,29702559.6
HK,1359,2021-08-26,0.0,1.08802,1.095,1.09228,1.117203,1.093894,1.095621,-0.001727,-0.003309,0.003164,51.859595,1.142308,1.042252,0.029873,26989292.0
HK,1359,2021-08-27,-0.707804,1.09268,1.09267,1.09577,1.115765,1.093941,1.095516,-0.001575,-0.002962,0.002775,49.48361,1.134928,1.056612,0.028846,20843250.8
HK,1359,2021-08-30,-2.83312,1.09268,1.08646,1.095385,1.11405,1.089211,1.093122,-0.00391,-0.003152,-0.001517,41.370971,1.135649,1.055121,0.029557,25273709.0
HK,1359,2021-08-31,0.724229,1.08646,1.08413,1.094995,1.112223,1.086394,1.091476,-0.005081,-0.003538,-0.003087,43.8341,1.136041,1.053949,0.02966,27732687.2
HK,1359,2021-09-01,2.17574,1.0849,1.08413,1.094995,1.110905,1.087595,1.091678,-0.004082,-0.003647,-0.000871,50.597613,1.136041,1.053949,0.029763,29935082.2
HK,1359,2021-09-02,1.41656,1.08644,1.08723,1.096545,1.109965,1.090996,1.093013,-0.002017,-0.003321,0.002608,54.521082,1.137354,1.055736,0.028744,30014882.2
HK,1359,2021-09-03,0.702893,1.0911,1.09189,1.098485,1.108915,1.095073,1.094826,0.000247,-0.002607,0.005708,56.397714,1.139405,1.057565,0.028355,33303282.2
HK,1359,2021-09-06,0.0,1.10196,1.09732,1.09965,1.107985,1.098524,1.096506,0.002018,-0.001682,0.0074,56.397714,1.141335,1.057965,0.027444,29887482.2
HK,1359,2021-09-07,-1.387025,1.10818,1.09732,1.098875,1.106797,1.099059,1.096913,0.002146,-0.000917,0.006124,51.50011,1.139773,1.057977,0.028255,27724595.0
HK,1359,2021-09-08,2.114338,1.1144,1.09965,1.09849,1.106355,1.103096,1.099016,0.00408,8.3e-05,0.007995,57.477961,1.138224,1.058756,0.028451,27827131.6
HK,1359,2021-09-09,-0.693148,1.11596,1.1012,1.0981,1.106022,1.105312,1.100385,0.004927,0.001051,0.007751,55.032575,1.136916,1.059284,0.028084,30587203.8
HK,1359,2021-09-10,2.085011,1.12062,1.10586,1.099265,1.105957,1.110771,1.103379,0.007393,0.00232,0.010146,60.446114,1.141581,1.056949,0.028849,37698070.6
HK,1359,2021-09-13,2.717391,1.13148,1.11672,1.10159,1.10617,1.12016,1.108447,0.011714,0.004199,0.01503,66.265168,1.153414,1.049766,0.030667,48117773.0
HK,1359,2021-09-14,-3.968254,1.13614,1.12216,1.103145,1.105967,1.120951,1.109695,0.011256,0.00561,0.011292,53.54109,1.155848,1.050442,0.032355,49315492.6
HK,1359,2021-09-15,-0.693148,1.13458,1.12449,1.10431,1.105872,1.12042,1.110273,0.010147,0.006517,0.007259,51.746168,1.1572,1.05142,0.033365,51884529.0
HK,1359,2021-09-16,-3.472036,1.12682,1.12139,1.10431,1.104892,1.114002,1.107935,0.006067,0.006427,-0.00072,43.867958,1.1572,1.05142,0.034861,52394256.8
HK,1359,2021-09-17,-4.320015,1.10508,1.11285,1.10237,1.103015,1.101401,1.102317,-0.000916,0.004959,-0.011749,36.650724,1.162386,1.042354,0.036249,53896942.0
HK,1359,2021-09-20,-2.247844,1.0725,1.10199,1.099655,1.100752,1.08717,1.095397,-0.008227,0.002322,-0.021097,33.679874,1.170457,1.028853,0.036989,43098039.6
HK,1359,2021-09-21,0.763207,1.05076,1.09345,1.095385,1.098617,1.076313,1.089561,-0.013247,-0.000792,-0.02491,35.54723,1.174874,1.015896,0.037118,37994320.0
HK,1359,2021-09-23,2.291954,1.03524,1.08491,1.09228,1.096677,1.070711,1.085882,-0.015171,-0.003668,-0.023006,40.964093,1.175267,1.009293,0.03946,41485112.6
HK,1359,2021-09-24,-0.750072,1.02592,1.07637,1.088785,1.094737,1.064771,1.081898,-0.017127,-0.00636,-0.021535,39.759419,1.175638,1.001932,0.039412,42373381.8
HK,1359,2021-09-27,-0.746052,1.02438,1.06473,1.085295,1.092927,1.05856,1.077639,-0.019079,-0.008904,-0.020351,38.554058,1.176498,0.994092,0.038819,35908230.4
HK,1359,2021-09-28,0.0,1.02748,1.04999,1.083355,1.091245,1.053305,1.073695,-0.020391,-0.011201,-0.018379,38.554058,1.177943,0.988767,0.03826,46523220.8
HK,1359,2021-09-29,-0.761421,1.02748,1.03912,1.08064,1.089175,1.047658,1.069466,-0.021808,-0.013322,-0.016972,37.228125,1.179522,0.981758,0.036084,48610821.2
HK,1359,2021-09-30,0.767263,1.02438,1.02981,1.07715,1.087365,1.04408,1.066128,-0.022048,-0.015068,-0.013961,39.469977,1.178761,0.975539,0.034614,44115840.8
HK,1359,2021-10-04,0.75166,1.02438,1.02515,1.07327,1.085425,1.042237,1.063607,-0.021371,-0.016328,-0.010085,41.684139,1.175537,0.971003,0.034356,38985931.6
HK,1359,2021-10-05,-0.746052,1.02438,1.02438,1.068615,1.083615,1.039493,1.060703,-0.02121,-0.017305,-0.007812,40.104295,1.17088,0.96635,0.033009,32875184.4
HK,1359,2021-10-06,0.75166,1.02592,1.0267,1.064345,1.081675,1.038355,1.058584,-0.020229,-0.017889,-0.004679,42.453115,1.165211,0.963479,0.032316,20341320.0
HK,1359,2021-10-07,1.511481,1.03214,1.02981,1.06163,1.079865,1.039793,1.057778,-0.017985,-0.017909,-0.000153,46.988776,1.161211,0.962049,0.032229,18066319.6
HK,1359,2021-10-08,0.734943,1.03834,1.03136,1.058135,1.0787,1.042194,1.057602,-0.015408,-0.017408,0.004001,49.120412,1.153343,0.962927,0.031591,27300686.2
HK,1359,2021-10-11,-1.468637,1.0399,1.03214,1.054255,1.077277,1.041841,1.056291,-0.01445,-0.016817,0.004734,45.181873,1.145721,0.962789,0.031549,30804126.2
HK,1359,2021-10-12,-1.490528,1.0399,1.03214,1.048435,1.075337,1.039158,1.053928,-0.014771,-0.016407,0.003274,41.590565,1.131566,0.965304,0.03096,37887878.4
HK,1359,2021-10-15,0.0,1.03836,1.03214,1.041065,1.074173,1.036887,1.051741,-0.014854,-0.016097,0.002486,41.590565,1.102426,0.979704,0.029855,43461289.6
HK,1359,2021-10-18,0.0,1.0337,1.03292,1.03602,1.073268,1.034966,1.049716,-0.01475,-0.015827,0.002155,41.590565,1.083976,0.988064,0.02883,46675909.6
HK,1359,2021-10-19,0.0,1.0275,1.03292,1.031365,1.072363,1.033341,1.047841,-0.0145,-0.015562,0.002124,41.590565,1.06157,1.00116,0.028435,48662082.8
HK,1359,2021-10-20,0.0,1.0244,1.03215,1.02865,1.071458,1.031965,1.046104,-0.014139,-0.015277,0.002276,41.590565,1.049732,1.007568,0.028068,52746803.0
HK,1359,2021-10-21,0.75166,1.02594,1.03292,1.02865,1.070682,1.031986,1.045067,-0.013081,-0.014838,0.003514,44.750645,1.049732,1.007568,0.027728,54729439.0
HK,1359,2021-10-22,0.755741,1.02904,1.0337,1.0302,1.070293,1.033203,1.044684,-0.011481,-0.014167,0.005372,47.829764,1.049748,1.010652,0.026861,50764602.2
HK,1359,2021-10-25,-0.750072,1.03058,1.03214,1.030975,1.070422,1.033034,1.043752,-0.010718,-0.013477,0.005517,45.121638,1.049508,1.012442,0.026607,50864171.0
HK,1359,2021-10-26,-1.501792,1.02902,1.02826,1.02981,1.070292,1.030505,1.041741,-0.011235,-0.013029,0.003587,40.245163,1.048874,1.010746,0.025814,39969305.0
HK,1359,2021-10-27,0.0,1.02746,1.02593,1.029035,1.070033,1.028366,1.039878,-0.011512,-0.012725,0.002426,40.245163,1.048907,1.009163,0.025077,34259864.8
HK,1359,2021-10-28,-2.291954,1.0197,1.02282,1.02748,1.069515,1.022971,1.036428,-0.013457,-0.012872,-0.00117,33.86458,1.052705,1.002255,0.0255,37384823.2
HK,1359,2021-10-29,1.570523,1.0135,1.02127,1.026705,1.068482,1.020807,1.034389,-0.013583,-0.013014,-0.001137,40.649215,1.053182,1.000228,0.025893,43141322.8
HK,1359,2021-11-01,0.0,1.00886,1.01972,1.02632,1.067318,1.018975,1.032501,-0.013526,-0.013116,-0.00082,40.649215,1.053586,0.999054,0.025708,41639432.8
HK,1359,2021-11-02,-2.309446,1.00266,1.01584,1.02438,1.065508,1.01384,1.029027,-0.015187,-0.01353,-0.003313,34.515696,1.056926,0.991834,0.026093,42685378.8
HK,1359,2021-11-03,-0.791396,0.9949,1.01118,1.021665,1.063827,1.008296,1.025232,-0.016937,-0.014212,-0.00545,32.734986,1.059768,0.983562,0.025886,46807152.4
HK,1359,2021-11-04,0.0,0.9918,1.00575,1.019335,1.062145,1.003604,1.021719,-0.018115,-0.014992,-0.006245,32.734986,1.061919,0.976751,0.025694,39180344.2
HK,1359,2021-11-05,0.0,0.98558,0.99954,1.01662,1.060205,0.999634,1.018466,-0.018831,-0.01576,-0.006143,32.734986,1.062406,0.970834,0.024966,36924347.0
HK,1359,2021-11-08,0.797709,0.98092,0.99489,1.013515,1.058007,0.997475,1.016031,-0.018556,-0.016319,-0.004473,36.806914,1.05887,0.96816,0.02429,35975276.6
HK,1359,2021-11-09,0.0,0.98092,0.99179,1.010025,1.05555,0.995648,1.013777,-0.018129,-0.016681,-0.002895,36.806914,1.052608,0.967442,0.023662,32302087.0
HK,1359,2021-11-10,-1.572646,0.97938,0.98714,1.006535,1.052963,0.991718,1.010542,-0.018824,-0.01711,-0.003428,32.300541,1.05018,0.96289,0.023636,32705753.4
HK,1359,2021-11-11,3.195547,0.98404,0.98792,1.00537,1.051023,0.993161,1.009842,-0.016681,-0.017024,0.000686,46.427645,1.048283,0.962457,0.024719,31929707.4
HK,1359,2021-11-12,0.0,0.9887,0.98714,1.004205,1.048953,0.994382,1.009195,-0.014812,-0.016582,0.003539,46.427645,1.046245,0.962165,0.024618,25574461.4
HK,1359,2021-11-15,-1.548297,0.9887,0.98481,1.002265,1.047143,0.993031,1.007447,-0.014416,-0.016148,0.003466,41.41605,1.043978,0.960552,0.024524,23885830.8
HK,1359,2021-11-16,0.78125,0.99024,0.98558,1.00071,1.045462,0.993073,1.006399,-0.013326,-0.015584,0.004515,44.614497,1.04131,0.96011,0.023879,24109880.6
HK,1359,2021-11-17,0.0,0.99488,0.98713,0.999155,1.044038,0.993108,1.005429,-0.012321,-0.014931,0.005221,44.614497,1.038365,0.959945,0.023281,16758890.8
HK,1359,2021-11-18,-0.775194,0.99178,0.98791,0.99683,1.042617,0.991953,1.00396,-0.012007,-0.014347,0.004679,41.957797,1.033374,0.960286,0.022725,13745528.4
HK,1359,2021-11-19,0.0,0.98868,0.98869,0.994115,1.041323,0.990975,1.0026,-0.011625,-0.013802,0.004355,41.957797,1.025102,0.963128,0.022209,19115185.4
HK,1359,2021-11-22,-0.791396,0.98712,0.98791,0.9914,1.039253,0.988948,1.000763,-0.011815,-0.013405,0.00318,39.214419,1.01777,0.96503,0.02173,20640587.6
HK,1359,2021-11-23,2.3829,0.98868,0.98946,0.990625,1.037572,0.990818,1.000788,-0.00997,-0.012718,0.005495,49.778035,1.014808,0.966442,0.021842,21926927.4
HK,1359,2021-11-24,-0.779143,0.98868,0.99178,0.98946,1.03576,0.9912,1.000233,-0.009034,-0.011981,0.005895,46.843211,1.010575,0.968345,0.021389,20912694.8
HK,1359,2021-11-25,-0.775194,0.98868,0.99023,0.989075,1.03395,0.990338,0.999149,-0.008811,-0.011347,0.005072,44.080284,1.010177,0.967973,0.020968,21074156.4
HK,1359,2021-11-26,-1.572646,0.98558,0.98713,0.987135,1.032398,0.987225,0.996997,-0.009773,-0.011032,0.002519,39.082976,1.007718,0.966552,0.021135,18636342.6
HK,1359,2021-11-29,-0.804041,0.98248,0.9848,0.984805,1.030588,0.98339,0.994427,-0.011037,-0.011033,-8e-06,36.82077,1.005555,0.964055,0.020739,20885141.6
HK,1359,2021-11-30,0.810558,0.97628,0.98248,0.98403,1.02852,0.981345,0.992625,-0.01128,-0.011082,-0.000395,40.527937,1.005739,0.962321,0.020922,31318902.8
HK,1359,2021-12-01,0.793733,0.97318,0.98093,0.98403,1.026322,0.9808,0.991527,-0.010727,-0.011011,0.000569,44.019997,1.005739,0.962321,0.021642,37054332.2
HK,1359,2021-12-02,0.797709,0.97318,0.98093,0.98442,1.024123,0.981538,0.991088,-0.00955,-0.010719,0.002339,47.389965,1.005946,0.962894,0.021203,39228650.8
HK,1359,2021-12-03,1.572646,0.97938,0.98248,0.985585,1.022183,0.984548,0.99183,-0.007282,-0.010032,0.0055,53.394162,1.008054,0.963116,0.021353,41756284.2
HK,1359,2021-12-06,0.0,0.98714,0.98481,0.98636,1.020502,0.987094,0.992516,-0.005422,-0.00911,0.007375,53.394162,1.009824,0.962896,0.021492,41403405.0
HK,1359,2021-12-07,0.779143,0.9949,0.98559,0.987525,1.018562,0.990449,0.99373,-0.003281,-0.007944,0.009326,56.304575,1.012954,0.962096,0.021621,30823387.6
HK,1359,2021-12-08,0.0,1.00112,0.98715,0.989465,1.016752,0.993288,0.994854,-0.001566,-0.006668,0.010205,56.304575,1.015199,0.963731,0.021741,29571222.6
HK,1359,2021-12-09,2.299534,1.01042,0.9918,0.991015,1.01494,0.999259,0.997613,0.001646,-0.005005,0.013303,64.048983,1.022465,0.959565,0.022403,32839399.8
HK,1359,2021-12-10,0.0,1.01662,0.998,0.992565,1.012612,1.004311,1.000167,0.004144,-0.003176,0.014639,64.048983,1.028575,0.956555,0.022467,29659396.4
HK,1359,2021-12-13,-2.247844,1.01818,1.00266,0.99373,1.010672,1.005017,1.000814,0.004203,-0.0017,0.011806,53.128347,1.030267,0.957193,0.022519,27891593.8
HK,1359,2021-12-14,-0.773119,1.01662,1.00576,0.99412,1.008732,1.004415,1.000835,0.003579,-0.000644,0.008447,50.039208,1.030797,0.957443,0.022575,26958143.4
HK,1359,2021-12-15,1.548297,1.01816,1.00964,0.995285,1.007697,1.006289,1.002003,0.004286,0.000342,0.007888,55.567983,1.033242,0.957328,0.023184,27820693.2
HK,1359,2021-12-16,-1.52469,1.01196,1.01119,0.99606,1.00718,1.005491,1.001936,0.003555,0.000985,0.00514,49.650855,1.033827,0.958293,0.023192,26142779.2
HK,1359,2021-12-17,0.0,1.00576,1.01119,0.996835,1.00705,1.004815,1.001874,0.002941,0.001376,0.003131,49.650855,1.034346,0.959324,0.023757,29907787.6
HK,1359,2021-12-20,-1.548297,1.0011,1.00964,0.997225,1.006533,1.001859,1.000669,0.00119,0.001339,-0.000297,44.193142,1.034093,0.960357,0.024281,29377700.2
HK,1359,2021-12-21,0.78125,0.99954,1.00808,0.996835,1.005757,1.000542,1.000123,0.000419,0.001155,-0.001471,47.292691,1.033696,0.959974,0.024211,29120162.2
HK,1359,2021-12-22,-0.775194,0.99334,1.00575,0.99645,1.004982,0.998244,0.999047,-0.000804,0.000763,-0.003134,44.623619,1.03361,0.95929,0.024146,27192171.8
HK,1359,2021-12-23,3.145292,0.99644,1.0042,0.998,1.004852,1.001068,1.000347,0.00072,0.000755,-6.9e-05,55.510017,1.035801,0.960199,0.024636,25199239.6
HK,1359,2021-12-24,-0.757427,0.998,1.00188,0.99994,1.004593,1.002273,1.000981,0.001292,0.000862,0.000859,52.73678,1.035745,0.964135,0.023983,18690162.8
HK,1359,2021-12-28,11.537318,1.02594,1.01352,1.00809,1.006405,1.0212,1.01019,0.01101,0.002892,0.016237,73.935562,1.070347,0.945833,0.040006,96592333.0
HK,1359,2021-12-29,-3.447969,1.04458,1.02206,1.01391,1.00744,1.031246,1.015842,0.015404,0.005394,0.020019,63.682143,1.082331,0.945489,0.041027,102842817.6
HK,1359,2021-12-30,1.426599,1.06786,1.0306,1.02012,1.008605,1.042131,1.022224,0.019907,0.008297,0.023221,65.726952,1.096398,0.943842,0.041418,107047363.0
HK,1359,2021-12-31,0.0,1.08494,1.04069,1.02594,1.009898,1.051342,1.028134,0.023208,0.011279,0.023858,65.726952,1.108314,0.943566,0.040124,105123468.4
HK,1359,2022-01-03,4.927405,1.11442,1.05621,1.0337,1.011968,1.067489,1.037627,0.029862,0.014996,0.029733,72.107494,1.132795,0.934605,0.042243,111904226.4
HK,1359,2022-01-04,-2.015048,1.11596,1.07095,1.040295,1.01339,1.077568,1.044692,0.032876,0.018572,0.028608,66.395542,1.147091,0.933499,0.042547,49165706.4
HK,1359,2022-01-05,-2.736099,1.11906,1.08182,1.04495,1.014167,1.081327,1.048937,0.03239,0.021335,0.022109,59.627806,1.15396,0.93594,0.043944,50483063.2
HK,1359,2022-01-06,0.69873,1.1206,1.09423,1.04999,1.01533,1.085692,1.053438,0.032254,0.023519,0.01747,60.699369,1.161166,0.938814,0.04302,50759916.6
HK,1359,2022-01-07,2.099667,1.1268,1.10587,1.055035,1.01714,1.09297,1.059332,0.033638,0.025543,0.016191,63.828023,1.171536,0.938534,0.043275,59059002.0
HK,1359,2022-01-10,0.688438,1.1237,1.11906,1.06047,1.01908,1.100328,1.065366,0.034962,0.027427,0.015071,64.837194,1.182208,0.938732,0.041841,58215626.6
HK,1359,2022-01-11,1.358696,1.12836,1.12216,1.06784,1.021278,1.108939,1.072102,0.036837,0.029309,0.015057,66.818323,1.193966,0.941714,0.041624,48760128.2
HK,1359,2022-01-12,0.674565,1.14078,1.12992,1.07599,1.023607,1.117426,1.078917,0.038509,0.031149,0.01472,67.801458,1.204848,0.947132,0.040865,44279683.0
HK,1359,2022-01-13,1.331501,1.15476,1.13768,1.08414,1.026193,1.126991,1.086375,0.040616,0.033042,0.015148,69.721334,1.217483,0.950797,0.040168,43388397.8
HK,1359,2022-01-14,-9.867752,1.1408,1.1338,1.087245,1.026712,1.117177,1.084658,0.032519,0.032938,-0.000838,47.038532,1.215504,0.958986,0.047834,68263455.8
HK,1359,2022-01-17,0.0,1.12528,1.12449,1.09035,1.0271,1.108873,1.083069,0.025804,0.031511,-0.011413,47.038532,1.213001,0.967699,0.046075,68711494.0
HK,1359,2022-01-18,2.915726,1.11286,1.12061,1.09578,1.028135,1.106615,1.083893,0.022722,0.029753,-0.014062,51.874509,1.208624,0.982936,0.045555,66834712.8
HK,1359,2022-01-19,2.12941,1.10354,1.12216,1.10199,1.029817,1.10829,1.086383,0.021907,0.028184,-0.012553,55.186663,1.204817,0.999163,0.045073,66103665.2
HK,1359,2022-01-20,0.0,1.09112,1.12294,1.108585,1.031498,1.109707,1.088688,0.021019,0.026751,-0.011463,55.186663,1.196552,1.020618,0.042967,62825303.0
HK,1359,2022-01-21,0.0,1.10198,1.12139,1.11363,1.033568,1.110906,1.090822,0.020084,0.025418,-0.010667,55.186663,1.190831,1.036429,0.041563,32016590.0
HK,1359,2022-01-24,0.0,1.11284,1.11906,1.11906,1.035378,1.11192,1.092798,0.019122,0.024159,-0.010073,55.186663,1.179487,1.058633,0.041365,32079776.0
HK,1359,2022-01-25,-2.085011,1.11284,1.11285,1.117505,1.0368,1.109194,1.092902,0.016292,0.022585,-0.012586,50.510834,1.178804,1.056206,0.040625,31281541.2
HK,1359,2022-01-26,0.0,1.10818,1.10586,1.11789,1.03861,1.106887,1.092998,0.013889,0.020846,-0.013914,50.510834,1.178498,1.057282,0.03938,28747117.2
HK,1359,2022-01-27,-0.70371,1.10198,1.09655,1.117115,1.040422,1.103751,1.092517,0.011234,0.018924,-0.015379,48.922162,1.178901,1.055329,0.038789,27556844.4
HK,1359,2022-01-28,-1.435803,1.09266,1.09732,1.11556,1.041973,1.098697,1.090915,0.007781,0.016695,-0.017828,45.780573,1.180284,1.050836,0.038232,25398904.8
HK,1359,2022-01-31,2.904099,1.08956,1.1012,1.112845,1.044043,1.099205,1.091737,0.007469,0.01485,-0.014763,52.349996,1.175011,1.050679,0.038273,19948336.4
HK,1359,2022-02-04,2.114338,1.09578,1.10431,1.11246,1.046372,1.10322,1.094223,0.008997,0.013679,-0.009365,56.593346,1.174216,1.050704,0.038311,17196447.4
HK,1359,2022-02-07,-0.693148,1.10044,1.10431,1.113235,1.04857,1.105417,1.095947,0.00947,0.012837,-0.006735,54.832948,1.174835,1.051635,0.036688,19784168.8
HK,1359,2022-02-08,2.774049,1.11284,1.10741,1.115175,1.051543,1.112045,1.09984,0.012205,0.012711,-0.001012,60.139797,1.178624,1.051726,0.036839,24543228.8
HK,1359,2022-02-09,0.0,1.12836,1.11051,1.11595,1.054,1.117653,1.103444,0.014209,0.013011,0.002397,60.139797,1.180618,1.051282,0.035315,26271598.0
HK,1359,2022-02-10,0.679147,1.13922,1.11439,1.116725,1.056587,1.123599,1.107359,0.01624,0.013656,0.005166,61.461142,1.182919,1.050531,0.034457,31408130.2
HK,1359,2022-02-11,-0.674565,1.14386,1.11982,1.116335,1.059302,1.12743,1.110407,0.017023,0.01433,0.005387,59.342643,1.181678,1.050992,0.034217,35281076.8
HK,1359,2022-02-14,-1.349586,1.14696,1.1237,1.11478,1.06163,1.128287,1.11208,0.016206,0.014705,0.003003,55.265959,1.176903,1.052657,0.03343,36024551.4
HK,1359,2022-02-15,-0.679612,1.14232,1.12758,1.112065,1.06383,1.127827,1.11306,0.014768,0.014718,0.0001,53.306814,1.166943,1.057187,0.033264,34351091.4
HK,1359,2022-02-16,1.37741,1.14078,1.13457,1.115945,1.066417,1.129823,1.115115,0.014709,0.014716,-1.4e-05,56.639033,1.167316,1.064574,0.032552,35228578.2
HK,1359,2022-02-17,0.674965,1.13922,1.13922,1.12021,1.069132,1.132696,1.117588,0.015109,0.014794,0.000629,58.233628,1.167346,1.073074,0.031891,35762446.0
HK,1359,2022-02-18,1.358293,1.14234,1.1431,1.123705,1.072237,1.137528,1.121033,0.016495,0.015134,0.002721,61.335888,1.172928,1.074482,0.031277,33699313.6
HK,1359,2022-02-21,-0.670046,1.147,1.14698,1.125645,1.074823,1.140416,1.123645,0.016771,0.015462,0.002618,58.977097,1.176759,1.074531,0.030708,28006042.8
HK,1359,2022-02-22,-1.340483,1.1501,1.14621,1.12681,1.077282,1.140475,1.124916,0.015559,0.015481,0.000156,54.492405,1.178189,1.075431,0.030729,26137642.8
HK,1359,2022-02-23,0.0,1.1501,1.14544,1.127975,1.079868,1.140525,1.126093,0.014432,0.015271,-0.001678,54.492405,1.179514,1.076436,0.030191,23090744.8
HK,1359,2022-02-24,-4.084853,1.13924,1.13923,1.12681,1.081937,1.133398,1.12373,0.009668,0.014151,-0.008966,43.072286,1.180261,1.073359,0.031363,21908696.8
HK,1359,2022-02-25,0.0,1.12526,1.1338,1.12681,1.084135,1.127368,1.121543,0.005825,0.012486,-0.013321,43.072286,1.180261,1.073359,0.031337,20659163.6
HK,1359,2022-02-28,0.0,1.11284,1.12992,1.12681,1.086203,1.122265,1.119517,0.002747,0.010538,-0.015581,43.072286,1.180261,1.073359,0.03187,25720827.4
HK,1359,2022-03-01,1.41656,1.10662,1.12836,1.12797,1.088402,1.120332,1.11879,0.001542,0.008739,-0.014394,47.631641,1.178815,1.077125,0.031808,24093643.4
HK,1359,2022-03-02,-1.396774,1.0973,1.1237,1.129135,1.090212,1.116312,1.116969,-0.000657,0.006859,-0.015033,43.84957,1.175573,1.082697,0.031193,26240744.6
HK,1359,2022-03-03,3.54597,1.10506,1.12215,1.130685,1.09241,1.118879,1.118156,0.000723,0.005632,-0.009819,53.74956,1.175435,1.085935,0.032844,27388283.4
HK,1359,2022-03-04,-2.056487,1.10816,1.11671,1.129905,1.09422,1.117467,1.11753,-6.3e-05,0.004493,-0.009112,48.248182,1.175538,1.084272,0.032712,26829010.4
HK,1359,2022-03-07,-4.190322,1.10196,1.1074,1.12719,1.095125,1.109118,1.113505,-0.004387,0.002717,-0.014209,39.548418,1.181153,1.073227,0.033697,25598238.0
HK,1359,2022-03-08,-0.733634,1.0911,1.09886,1.122535,1.0959,1.100854,1.109201,-0.008347,0.000504,-0.017703,38.300859,1.183897,1.061173,0.032947,30847142.8
HK,1359,2022-03-09,-2.207694,1.07868,1.08799,1.116715,1.0959,1.090276,1.10349,-0.013214,-0.002239,-0.021949,34.772195,1.188344,1.045086,0.033922,34594524.8
HK,1359,2022-03-10,2.257533,1.06316,1.08411,1.11167,1.096288,1.084911,1.099928,-0.015017,-0.004795,-0.020444,40.659761,1.185612,1.037728,0.033721,31331441.8
HK,1359,2022-03-11,-1.468637,1.0492,1.07868,1.10624,1.096805,1.077986,1.095481,-0.017495,-0.007335,-0.020321,38.190223,1.184396,1.028084,0.033526,32919277.4
HK,1359,2022-03-14,-2.2406,1.03988,1.07092,1.10042,1.097063,1.068542,1.089638,-0.021096,-0.010087,-0.022018,34.771362,1.186656,1.014184,0.032796,35087420.8
HK,1359,2022-03-15,-4.57407,1.02282,1.05696,1.09266,1.096288,1.053397,1.080784,-0.027387,-0.013547,-0.027679,29.160756,1.194977,0.990343,0.034889,42403134.6
HK,1359,2022-03-16,4.79332,1.01972,1.0492,1.08645,1.096547,1.047736,1.076029,-0.028293,-0.016496,-0.023594,39.648062,1.191369,0.981531,0.036275,45772627.4
HK,1359,2022-03-17,6.875861,1.02594,1.04455,1.08335,1.09797,1.0537,1.076805,-0.023105,-0.017818,-0.010574,51.315807,1.184343,0.982357,0.039227,55359219.6
HK,1359,2022-03-18,0.708698,1.0368,1.043,1.079855,1.09978,1.05993,1.078093,-0.018163,-0.017887,-0.000552,52.407333,1.174036,0.985674,0.040304,62503284.8
HK,1359,2022-03-21,-1.41656,1.04922,1.04455,1.075975,1.101203,1.062818,1.078138,-0.01532,-0.017374,0.004107,49.978195,1.16339,0.98856,0.039646,59689318.4
HK,1359,2022-03-22,0.723093,1.0725,1.04766,1.07326,1.102885,1.066461,1.078758,-0.012296,-0.016358,0.008124,51.203919,1.155683,0.990837,0.039586,50712467.8
HK,1359,2022-03-23,0.708698,1.08802,1.05387,1.07093,1.104178,1.070729,1.079902,-0.009173,-0.014921,0.011497,52.442802,1.148048,0.993812,0.038423,42072561.2
HK,1359,2022-03-24,0.0,1.08956,1.05775,1.07093,1.1056,1.07434,1.080961,-0.006621,-0.013261,0.01328,52.442802,1.148048,0.993812,0.037335,31412380.4
HK,1359,2022-03-25,0.71285,1.09112,1.06396,1.07132,1.105212,1.078595,1.082519,-0.003924,-0.011394,0.014939,53.820235,1.148982,0.993658,0.03744,24038215.0
HK,1359,2022-03-28,2.813067,1.10198,1.0756,1.07326,1.105987,1.086965,1.086258,0.000707,-0.008974,0.019361,58.913592,1.154945,0.991575,0.03698,24449541.4
HK,1359,2022-03-29,-1.368049,1.10818,1.09034,1.07365,1.106245,1.091663,1.088573,0.00309,-0.006561,0.019302,55.610908,1.156098,0.991202,0.036003,20793573.4
HK,1359,2022-03-30,-4.170022,1.10352,1.09577,1.072485,1.105727,1.088469,1.087264,0.001205,-0.005008,0.012425,47.067825,1.154396,0.990574,0.03731,28426851.6
HK,1359,2022-03-31,-2.894761,1.09266,1.09111,1.06783,1.103787,1.080997,1.083755,-0.002759,-0.004558,0.003598,42.401294,1.145949,0.989711,0.036859,29944709.6
HK,1359,2022-04-01,-1.490528,1.07714,1.08413,1.063565,1.101977,1.072289,1.079359,-0.007069,-0.00506,-0.004018,40.252393,1.141388,0.985742,0.037555,33778161.0
HK,1359,2022-04-04,2.274502,1.06008,1.08103,1.06279,1.101072,1.068506,1.077013,-0.008507,-0.005749,-0.005515,44.78264,1.140921,0.984659,0.037087,32574561.0
HK,1359,2022-04-06,1.479431,1.04922,1.0787,1.06318,1.100297,1.06769,1.07599,-0.0083,-0.00626,-0.004081,47.627526,1.141237,0.985123,0.036652,37150022.6
HK,1359,2022-04-07,-3.64936,1.03992,1.07172,1.062795,1.098487,1.06103,1.072169,-0.011139,-0.007235,-0.007807,41.819215,1.141534,0.984056,0.037355,38313258.2
HK,1359,2022-04-08,2.274502,1.04148,1.06707,1.06241,1.096935,1.058979,1.070356,-0.011377,-0.008064,-0.006626,46.072378,1.141365,0.983455,0.036901,39683994.2
HK,1359,2022-04-11,-1.488976,1.04302,1.06008,1.06202,1.094865,1.054844,1.067522,-0.012678,-0.008987,-0.007384,43.765535,1.141492,0.982548,0.03648,36475823.6
HK,1359,2022-04-12,-0.746052,1.03836,1.04922,1.06241,1.092537,1.05016,1.064328,-0.014168,-0.010023,-0.00829,42.630909,1.141058,0.983762,0.035538,40044382.2
HK,1359,2022-04-13,0.0,1.0306,1.03991,1.065125,1.08995,1.046197,1.061371,-0.015173,-0.011053,-0.008241,42.630909,1.133979,0.996271,0.035214,38238946.2
HK,1359,2022-04-14,2.274502,1.03526,1.03759,1.06668,1.089692,1.046428,1.060358,-0.01393,-0.011628,-0.004602,47.415177,1.132414,1.000946,0.034913,32654714.2
HK,1359,2022-04-19,0.734943,1.0368,1.03914,1.065125,1.089562,1.047809,1.059991,-0.012182,-0.011739,-0.000886,48.930884,1.130379,0.999871,0.034084,33898301.0
HK,1359,2022-04-20,-1.468637,1.03836,1.04069,1.06241,1.088657,1.046592,1.058502,-0.011911,-0.011773,-0.000274,46.053217,1.127116,0.997704,0.032756,31105640.6
HK,1359,2022-04-21,-0.750072,1.0399,1.03913,1.06008,1.087233,1.044362,1.056547,-0.012184,-0.011856,-0.000658,44.630759,1.125622,0.994538,0.032081,27857082.0
HK,1359,2022-04-22,0.0,1.04144,1.03602,1.05736,1.08581,1.042476,1.054736,-0.01226,-0.011936,-0.000647,44.630759,1.122806,0.991914,0.032011,25301219.8
HK,1359,2022-04-25,-2.247844,1.03368,1.03447,1.053095,1.084,1.03731,1.051341,-0.01403,-0.012355,-0.00335,40.333352,1.119493,0.986697,0.032496,35179960.0
HK,1359,2022-04-26,-0.773119,1.02282,1.02981,1.04844,1.08206,1.03174,1.047619,-0.01588,-0.01306,-0.005639,38.974585,1.115706,0.981174,0.031839,34019240.0
HK,1359,2022-04-27,-0.779143,1.0135,1.02593,1.043005,1.080378,1.025826,1.043595,-0.01777,-0.014002,-0.007535,37.610097,1.109645,0.976365,0.031229,34852876.4
HK,1359,2022-04-28,2.345716,1.0104,1.02515,1.037185,1.079085,1.024406,1.041596,-0.017189,-0.014639,-0.0051,43.925482,1.090336,0.984034,0.03122,33614541.6
HK,1359,2022-04-29,1.52469,1.0104,1.02592,1.032915,1.078178,1.02559,1.040892,-0.015302,-0.014772,-0.001061,47.716947,1.071219,0.994611,0.030647,33254685.2
HK,1359,2022-05-03,0.0,1.01504,1.02436,1.030975,1.077532,1.026592,1.040241,-0.01365,-0.014548,0.001796,47.716947,1.065088,0.996862,0.030115,23908956.4
HK,1359,2022-05-04,-0.746052,1.0197,1.02126,1.0302,1.076238,1.026254,1.039068,-0.012813,-0.014201,0.002775,45.927802,1.064171,0.996229,0.029071,18888904.4
HK,1359,2022-05-05,-1.513081,1.02282,1.01816,1.029425,1.074298,1.023584,1.036833,-0.013249,-0.01401,0.001523,42.475293,1.064577,0.994273,0.029216,24246335.6
HK,1359,2022-05-06,-2.309446,1.01662,1.01351,1.02632,1.0721,1.017741,1.033038,-0.015297,-0.014268,-0.002059,37.867104,1.065235,0.987405,0.028793,28718429.2
HK,1359,2022-05-10,-0.791396,1.00576,1.00808,1.02205,1.069255,1.011596,1.028946,-0.01735,-0.014884,-0.004932,36.44177,1.062551,0.981549,0.029508,35908015.4
HK,1359,2022-05-11,1.585191,0.998,1.00652,1.020495,1.066668,1.008781,1.026306,-0.017525,-0.015412,-0.004225,41.179851,1.06286,0.97813,0.029065,34355820.0
HK,1359,2022-05-12,-1.560455,0.98868,1.00419,1.017,1.063693,1.004015,1.022713,-0.018698,-0.016069,-0.005257,38.119557,1.0613,0.9727,0.028646,39088400.8
HK,1359,2022-05-13,0.0,0.98246,1.00264,1.014285,1.060848,0.999982,1.019386,-0.019404,-0.016736,-0.005336,38.119557,1.061133,0.967437,0.027707,38555652.8
HK,1359,2022-05-16,0.0,0.9809,0.99876,1.011955,1.058262,0.996569,1.016305,-0.019736,-0.017336,-0.0048,38.119557,1.061136,0.962774,0.027392,39127628.4
HK,1359,2022-05-17,0.797709,0.98246,0.99411,1.010015,1.055933,0.994882,1.014031,-0.019149,-0.017699,-0.002901,40.880917,1.060132,0.959898,0.027093,37894919.2
HK,1359,2022-05-18,1.572646,0.98402,0.99101,1.007685,1.053605,0.995838,1.013073,-0.017235,-0.017606,0.000743,46.034482,1.054821,0.960549,0.026265,37277563.4
HK,1359,2022-05-19,-0.779143,0.98712,0.9879,1.00458,1.051018,0.995448,1.011608,-0.016161,-0.017317,0.002313,43.957829,1.046643,0.962517,0.025496,35745088.6
HK,1359,2022-05-20,0.785261,0.99178,0.98712,1.00264,1.048302,0.996317,1.01083,-0.014513,-0.016756,0.004487,46.55427,1.041463,0.963817,0.024789,32330547.6
HK,1359,2022-05-23,0.0,0.99644,0.98867,1.00109,1.045715,0.997053,1.010109,-0.013056,-0.016016,0.00592,46.55427,1.037483,0.964697,0.024133,28883983.8
HK,1359,2022-05-24,-0.779143,0.99798,0.99022,0.99915,1.043257,0.996476,1.008864,-0.012388,-0.015291,0.005804,44.180371,1.032754,0.965546,0.024073,27290497.0
HK,1359,2022-05-25,2.345716,1.00108,0.99255,0.999535,1.041187,0.999572,1.009437,-0.009865,-0.014206,0.00868,52.046623,1.033748,0.965322,0.024575,28803337.0
HK,1359,2022-05-26,0.767263,1.0073,0.99721,1.0007,1.040023,1.003392,1.010546,-0.007154,-0.012795,0.011282,54.365092,1.036592,0.964808,0.023927,28484670.4
HK,1359,2022-05-27,0.0,1.01196,1.00187,1.002255,1.03886,1.006624,1.011572,-0.004948,-0.011226,0.012555,54.365092,1.039403,0.965107,0.023875,27174380.0
HK,1359,2022-05-30,1.513081,1.01972,1.00808,1.00342,1.037955,1.011743,1.01367,-0.001927,-0.009366,0.014878,58.94024,1.04363,0.96321,0.023277,24699918.6
HK,1359,2022-05-31,-0.750072,1.02748,1.01273,1.00342,1.036662,1.014875,1.015035,-0.00016,-0.007525,0.014729,55.902923,1.04363,0.96321,0.023278,29733639.4
HK,1359,2022-06-01,1.511481,1.0337,1.01739,1.0042,1.035887,1.019925,1.017455,0.00247,-0.005526,0.015992,60.308386,1.047119,0.961281,0.02328,31765289.8
HK,1359,2022-06-02,-0.744488,1.0368,1.02205,1.004975,1.034335,1.022998,1.019118,0.00388,-0.003645,0.01505,57.229751,1.049841,0.960109,0.022731,32170082.4
HK,1359,2022-06-06,0.0,1.0399,1.02593,1.006525,1.033172,1.025598,1.020657,0.004941,-0.001928,0.013738,57.229751,1.053898,0.959152,0.023329,33518084.2
HK,1359,2022-06-07,-0.750072,1.03834,1.02903,1.00885,1.032653,1.026599,1.021505,0.005094,-0.000523,0.011234,54.030913,1.05645,0.96125,0.02277,34530331.4
HK,1359,2022-06-08,1.511481,1.04146,1.03447,1.012345,1.032525,1.029845,1.023445,0.0064,0.000861,0.011077,58.970405,1.060573,0.964117,0.022808,29679060.8
HK,1359,2022-06-09,-2.223919,1.0368,1.03525,1.0139,1.032397,1.029007,1.023516,0.005491,0.001787,0.007408,50.28021,1.061574,0.966226,0.022843,29243971.0
HK,1359,2022-06-10,0.75166,1.03524,1.03602,1.016615,1.032008,1.029483,1.024152,0.005331,0.002496,0.00567,52.757884,1.06188,0.97135,0.022876,28062680.8
HK,1359,2022-06-13,-1.501792,1.03058,1.03524,1.018555,1.03162,1.027501,1.023592,0.003909,0.002779,0.00226,47.61417,1.060179,0.976931,0.022899,27647707.0
HK,1359,2022-06-14,0.767263,1.02904,1.03369,1.020885,1.03175,1.027024,1.023652,0.003372,0.002897,0.000949,50.243165,1.058107,0.983663,0.023477,29908429.0
HK,1359,2022-06-15,0.75166,1.02592,1.03369,1.02321,1.032783,1.027805,1.024278,0.003527,0.003023,0.001007,52.763369,1.056974,0.989446,0.023465,29263142.0
HK,1359,2022-06-16,-1.501792,1.02436,1.03058,1.023985,1.032783,1.026081,1.023709,0.002372,0.002893,-0.001042,47.543065,1.056367,0.991603,0.024003,27952388.4
HK,1359,2022-06-17,1.52469,1.02436,1.0298,1.025925,1.031877,1.027007,1.024331,0.002676,0.00285,-0.000347,52.5941,1.055223,0.996627,0.023946,30939626.4
HK,1359,2022-06-20,-0.746052,1.02592,1.02825,1.02709,1.030713,1.026606,1.024336,0.00227,0.002734,-0.000927,50.017522,1.054112,1.000068,0.023342,28457364.0
HK,1359,2022-06-21,0.75166,1.02746,1.02825,1.02864,1.029937,1.027451,1.024911,0.00254,0.002695,-0.00031,52.522362,1.05294,1.00434,0.022782,27134715.6
HK,1359,2022-06-22,-0.746052,1.02592,1.02592,1.030195,1.028902,1.026982,1.024873,0.002109,0.002578,-0.000938,49.832914,1.048488,1.011902,0.022819,23239685.0
HK,1359,2022-06-23,0.0,1.02748,1.02592,1.030585,1.027738,1.026585,1.024838,0.001747,0.002412,-0.00133,49.832914,1.048014,1.013156,0.022296,20246177.8
HK,1359,2022-06-24,0.0,1.02594,1.02515,1.030585,1.026575,1.026248,1.024806,0.001443,0.002218,-0.00155,49.832914,1.048014,1.013156,0.021811,16767108.4
HK,1359,2022-06-27,1.513081,1.02904,1.02748,1.03136,1.02554,1.028349,1.025924,0.002425,0.002259,0.000332,55.554796,1.048997,1.013723,0.021917,21472663.6
HK,1359,2022-06-28,0.750072,1.03216,1.02981,1.03175,1.024118,1.031326,1.027537,0.003789,0.002565,0.002448,58.142087,1.050439,1.013061,0.021466,21729453.6
HK,1359,2022-06-29,-1.488976,1.0337,1.02981,1.03175,1.022695,1.031445,1.027875,0.00357,0.002766,0.001608,51.664315,1.050439,1.013061,0.021597,26843692.6
HK,1359,2022-06-30,0.910764,1.03712,1.0323,1.03144,1.022205,1.032992,1.028884,0.004108,0.003035,0.002147,54.923249,1.049245,1.013635,0.02254,31135272.2
HK,1359,2022-07-04,-0.806529,1.03886,1.0324,1.0311,1.022092,1.033009,1.029196,0.003812,0.00319,0.001244,51.576699,1.048501,1.013699,0.023352,37132270.4
HK,1359,2022-07-05,-1.645533,1.0341,1.03157,1.02991,1.021953,1.030407,1.028226,0.002181,0.002988,-0.001615,45.53031,1.047983,1.011837,0.024098,39051441.0
HK,1359,2022-07-06,-0.82669,1.0261,1.02913,1.02869,1.021287,1.026914,1.026706,0.000208,0.002432,-0.004448,42.856826,1.049145,1.008235,0.024191,42144808.2
HK,1359,2022-07-07,0.0,1.02122,1.02746,1.02669,1.020362,1.023958,1.025298,-0.00134,0.001678,-0.006036,42.856826,1.047141,1.006239,0.02367,40202876.0
HK,1359,2022-07-08,0.833581,1.01614,1.02663,1.026275,1.020223,1.022749,1.024617,-0.001868,0.000969,-0.005673,46.500159,1.047226,1.005324,0.022579,34740731.6
HK,1359,2022-07-11,-0.82669,1.01106,1.02496,1.025055,1.019557,1.020434,1.023364,-0.00293,0.000189,-0.006238,43.512486,1.047308,1.002802,0.022781,30506742.2
HK,1359,2022-07-12,-0.843505,1.00768,1.02089,1.024185,1.019008,1.017167,1.021574,-0.004407,-0.00073,-0.007353,40.665232,1.048915,0.999455,0.022368,24374883.8
HK,1359,2022-07-13,0.850681,1.00768,1.01689,1.02335,1.01873,1.015711,1.020546,-0.004835,-0.001551,-0.006568,44.571232,1.049101,0.997599,0.021984,20849560.0
HK,1359,2022-07-14,0.0,1.00768,1.01445,1.02213,1.018452,1.014478,1.019594,-0.005116,-0.002264,-0.005704,44.571232,1.048414,0.995846,0.022228,20038207.4
HK,1359,2022-07-15,-3.364096,0.99922,1.00768,1.01999,1.01722,1.00822,1.016202,-0.007982,-0.003408,-0.009149,34.167552,1.053658,0.986322,0.023062,24384207.2
HK,1359,2022-07-18,2.608338,0.99752,1.00429,1.018345,1.016283,1.006832,1.014943,-0.008111,-0.004348,-0.007524,44.601508,1.052694,0.983996,0.023229,24123127.0
HK,1359,2022-07-19,0.850681,0.99922,1.00345,1.01751,1.015747,1.006966,1.014406,-0.007441,-0.004967,-0.004947,47.594827,1.052041,0.982979,0.022784,24144250.4
HK,1359,2022-07-20,-0.843505,0.99752,1.0026,1.015865,1.015198,1.005771,1.01328,-0.007509,-0.005475,-0.004067,44.97763,1.050593,0.981137,0.022971,26865356.2
HK,1359,2022-07-21,0.0,0.99582,1.00175,1.014605,1.01465,1.00476,1.012237,-0.007477,-0.005876,-0.003203,44.97763,1.049828,0.979382,0.022545,25748156.4
HK,1359,2022-07-22,0.850681,1.0026,1.00091,1.01377,1.01463,1.005212,1.011901,-0.006688,-0.006038,-0.001301,48.276276,1.048816,0.978724,0.022748,24918320.4
HK,1359,2022-07-25,-0.843505,1.0026,1.00006,1.01251,1.014598,1.004287,1.01096,-0.006673,-0.006165,-0.001015,45.348461,1.047748,0.977272,0.022338,24948893.4
HK,1359,2022-07-26,-3.392714,0.99412,0.99667,1.00878,1.014132,0.998289,1.007578,-0.009289,-0.00679,-0.004998,35.97712,1.047274,0.970286,0.023771,39860292.8
HK,1359,2022-07-27,-0.880555,0.98564,0.99158,1.004235,1.013135,0.991906,1.003817,-0.01191,-0.007814,-0.008193,34.075659,1.04469,0.96378,0.02328,39456003.6
HK,1359,2022-07-28,-1.766304,0.97378,0.9848,0.999625,1.011598,0.983905,0.999082,-0.015177,-0.009286,-0.01178,30.611498,1.046785,0.952465,0.023432,55043428.6
HK,1359,2022-07-29,-2.702415,0.95514,0.97887,0.993275,1.009638,0.973228,0.992817,-0.019589,-0.011347,-0.016484,26.286224,1.049501,0.937049,0.024179,65479029.6
HK,1359,2022-08-01,-0.92947,0.9365,0.96955,0.98692,1.007665,0.962885,0.986386,-0.023501,-0.013778,-0.019446,25.012553,1.051774,0.922066,0.023659,68731786.8
HK,1359,2022-08-02,-1.865342,0.92126,0.95769,0.98057,1.005668,0.951533,0.979179,-0.027646,-0.016551,-0.022189,22.661464,1.05665,0.90449,0.024991,63040270.4
HK,1359,2022-08-03,-0.956023,0.90602,0.94583,0.974215,1.003918,0.940621,0.971877,-0.031257,-0.019492,-0.023529,21.563598,1.060692,0.887738,0.024413,62475565.4
HK,1359,2022-08-04,0.0,0.89416,0.93397,0.96786,1.002298,0.931387,0.965116,-0.033729,-0.02234,-0.022779,21.563598,1.061909,0.873811,0.023876,46546973.8
HK,1359,2022-08-05,1.930502,0.89078,0.92296,0.961935,1.000703,0.926189,0.960115,-0.033926,-0.024657,-0.018538,29.487299,1.05799,0.86588,0.023985,37017937.6
HK,1359,2022-08-08,-0.94697,0.8874,0.91195,0.956005,0.999225,0.920483,0.954854,-0.034372,-0.0266,-0.015543,27.966063,1.054636,0.857374,0.023479,31111940.4
HK,1359,2022-08-09,2.856822,0.89248,0.90687,0.95177,0.99817,0.919562,0.951865,-0.032303,-0.027741,-0.009125,38.222393,1.049891,0.853649,0.023616,23787972.6
HK,1359,2022-08-10,-2.777474,0.89418,0.9001,0.94584,0.996692,0.914876,0.947216,-0.03234,-0.02866,-0.007359,33.140774,1.044059,0.847621,0.023744,21755637.8
HK,1359,2022-08-11,2.856822,0.90096,0.89756,0.94118,0.995507,0.914818,0.944793,-0.029975,-0.028923,-0.002103,41.514473,1.036002,0.846358,0.023862,23017785.6
HK,1359,2022-08-12,0.0,0.90434,0.89756,0.938215,0.994063,0.914769,0.942549,-0.02778,-0.028695,0.00183,41.514473,1.032478,0.843952,0.023972,19675449.0
HK,1359,2022-08-15,-1.848004,0.90604,0.89672,0.933135,0.992468,0.912128,0.939219,-0.027091,-0.028374,0.002565,37.855898,1.024614,0.841656,0.024074,20829049.0
HK,1359,2022-08-16,0.935829,0.90434,0.89841,0.92805,0.990883,0.911185,0.936758,-0.025573,-0.027814,0.004481,40.65534,1.013491,0.842609,0.022954,17954428.4
HK,1359,2022-08-17,1.87638,0.91112,0.90265,0.92424,0.989582,0.913003,0.935739,-0.022737,-0.026798,0.008124,45.960929,1.003201,0.845279,0.024336,22566924.2
HK,1359,2022-08-18,-2.751896,0.90774,0.90435,0.91916,0.987987,0.910633,0.932914,-0.022281,-0.025895,0.007228,40.180771,0.990922,0.847398,0.024412,20162982.8
HK,1359,2022-08-19,1.882799,0.90774,0.90604,0.9145,0.986285,0.911228,0.93155,-0.020322,-0.02478,0.008916,45.125674,0.973655,0.855345,0.024483,21303223.8
HK,1359,2022-08-22,0.92947,0.91282,0.90943,0.91069,0.984595,0.913039,0.930917,-0.017878,-0.0234,0.011044,47.477365,0.955644,0.865736,0.024548,22067499.6
HK,1359,2022-08-23,1.830986,0.9196,0.91197,0.90942,0.983187,0.917171,0.931582,-0.014411,-0.021602,0.014383,51.891871,0.949278,0.869562,0.025216,28236848.0
HK,1359,2022-08-24,-1.798064,0.9196,0.91536,0.90773,0.981238,0.918068,0.930947,-0.012878,-0.019857,0.013958,47.584741,0.941864,0.873596,0.025836,24279912.0
HK,1359,2022-08-25,1.830986,0.92806,0.9179,0.90773,0.979702,0.921427,0.93161,-0.010183,-0.017922,0.015479,51.885538,0.941864,0.873596,0.025805,24843492.0
HK,1359,2022-08-26,-0.904352,0.93144,0.91959,0.908575,0.977763,0.922961,0.931594,-0.008633,-0.016065,0.014863,49.677689,0.944144,0.873006,0.026383,25636823.8
HK,1359,2022-08-29,0.0,0.93312,0.92297,0.909845,0.975955,0.92426,0.93158,-0.00732,-0.014316,0.013991,49.677689,0.946745,0.872945,0.026313,25577762.8
HK,1359,2022-08-30,0.0,0.93142,0.92551,0.91196,0.974147,0.925358,0.931566,-0.006208,-0.012694,0.012972,49.677689,0.94871,0.87521,0.026248,19243607.4
HK,1359,2022-08-31,-1.814473,0.92972,0.92466,0.913655,0.972187,0.923688,0.930302,-0.006615,-0.011478,0.009727,44.930008,0.947473,0.879837,0.026787,24740941.0
HK,1359,2022-09-01,0.92947,0.92634,0.9272,0.915775,0.970108,0.923582,0.929761,-0.00618,-0.010419,0.008478,47.640407,0.946182,0.885368,0.026688,27016321.0
HK,1359,2022-09-02,-1.84182,0.92126,0.92635,0.916195,0.968135,0.920877,0.928001,-0.007124,-0.00976,0.005271,43.074252,0.945808,0.886582,0.025996,25241984.8
HK,1359,2022-09-05,-2.803532,0.9111,0.92211,0.91577,0.96561,0.91468,0.92449,-0.00981,-0.00977,-8e-05,37.318881,0.94712,0.88442,0.026554,30750372.0
HK,1359,2022-09-06,0.965251,0.90264,0.91703,0.9145,0.963485,0.910745,0.921869,-0.011124,-0.01004,-0.002166,40.198516,0.947941,0.881059,0.025871,34031599.4
HK,1359,2022-09-07,-1.900799,0.89418,0.91195,0.913655,0.960948,0.904815,0.918189,-0.013374,-0.010707,-0.005334,36.598409,0.950319,0.876991,0.026445,32734665.8
HK,1359,2022-09-08,-3.886723,0.87724,0.90179,0.909845,0.957718,0.894582,0.912272,-0.01769,-0.012104,-0.011172,30.665667,0.959056,0.860634,0.027577,42757869.2
HK,1359,2022-09-09,4.043898,0.87048,0.89587,0.90773,0.955312,0.891139,0.909303,-0.018165,-0.013316,-0.009698,40.970623,0.959527,0.855933,0.028029,45186020.2
HK,1359,2022-09-13,0.0,0.8688,0.88995,0.90646,0.952647,0.888225,0.906555,-0.01833,-0.014319,-0.008023,40.970623,0.96039,0.85253,0.027234,41157196.4
HK,1359,2022-09-14,-0.974547,0.86372,0.88318,0.904345,0.949968,0.884452,0.903381,-0.018929,-0.015241,-0.007376,39.273228,0.961408,0.847282,0.026503,38883406.8
HK,1359,2022-09-15,-0.984138,0.86032,0.87725,0.900955,0.94702,0.879952,0.899812,-0.01986,-0.016165,-0.007391,37.595835,0.961152,0.840758,0.026424,33767105.0
HK,1359,2022-09-16,-1.976146,0.86032,0.86878,0.89799,0.943918,0.873544,0.895255,-0.021712,-0.017274,-0.008875,34.445723,0.964106,0.831874,0.025744,25309157.8
HK,1359,2022-09-19,-1.013957,0.85184,0.86116,0.893755,0.940675,0.866814,0.890407,-0.023593,-0.018538,-0.01011,32.950305,0.965693,0.821817,0.025119,22694763.2
HK,1359,2022-09-20,0.0,0.84336,0.85608,0.889095,0.937432,0.861119,0.885917,-0.024798,-0.01979,-0.010016,32.950305,0.964826,0.813364,0.024539,20169666.8
HK,1359,2022-09-21,-3.060979,0.8315,0.84761,0.88232,0.933507,0.852393,0.879879,-0.027486,-0.021329,-0.012313,28.641065,0.962756,0.801884,0.024601,23005856.4
HK,1359,2022-09-22,-1.044257,0.81966,0.83999,0.87597,0.929312,0.843717,0.873666,-0.029948,-0.023053,-0.013791,27.36642,0.962388,0.789552,0.024051,24182854.6
HK,1359,2022-09-23,0.0,0.8112,0.83576,0.868775,0.925377,0.836376,0.867913,-0.031536,-0.02475,-0.013574,27.36642,0.956653,0.780897,0.02354,19550586.2
HK,1359,2022-09-26,-1.067839,0.80274,0.82729,0.86158,0.921143,0.828857,0.861956,-0.033099,-0.02642,-0.01336,26.008053,0.951314,0.771846,0.023066,22212545.8
HK,1359,2022-09-27,0.0,0.79428,0.81882,0.854385,0.91705,0.822494,0.856441,-0.033947,-0.027925,-0.012043,26.008053,0.943647,0.765123,0.022632,21464264.0
HK,1359,2022-09-28,-5.371429,0.78244,0.80697,0.845075,0.912535,0.810603,0.848201,-0.037598,-0.02986,-0.015477,20.216491,0.938985,0.751165,0.024037,24724207.4
HK,1359,2022-09-29,-4.549114,0.7655,0.79258,0.834915,0.907595,0.795325,0.83806,-0.042735,-0.032435,-0.0206,16.957434,0.939898,0.729932,0.027163,33644535.4
HK,1359,2022-09-30,3.570926,0.75364,0.78242,0.8256,0.903078,0.786306,0.830552,-0.044246,-0.034797,-0.018898,26.516096,0.930727,0.720473,0.028852,37515929.0
HK,1359,2022-10-03,-8.04941,0.73162,0.76718,0.81417,0.897433,0.769551,0.819207,-0.049656,-0.037769,-0.023775,20.564641,0.930913,0.697427,0.031026,78520738.4
HK,1359,2022-10-05,6.259226,0.71808,0.75618,0.80613,0.892635,0.761897,0.811844,-0.049946,-0.040204,-0.019485,32.270133,0.925583,0.686677,0.032439,87292771.2
HK,1359,2022-10-06,-1.180884,0.7113,0.74687,0.79724,0.887837,0.754113,0.804396,-0.050283,-0.04222,-0.016126,31.275156,0.917134,0.677346,0.031936,79624367.8
HK,1359,2022-10-07,-1.194995,0.7096,0.73755,0.78877,0.882755,0.746219,0.79687,-0.050652,-0.043906,-0.013491,30.270054,0.91021,0.66733,0.031469,69234143.4
HK,1359,2022-10-10,-2.404667,0.69944,0.72654,0.78115,0.877392,0.736939,0.78865,-0.051711,-0.045467,-0.012488,28.321219,0.908198,0.654102,0.031643,74516413.8
HK,1359,2022-10-11,-1.239248,0.69944,0.71553,0.77141,0.872452,0.727779,0.78041,-0.052631,-0.0469,-0.011461,27.366877,0.898911,0.643909,0.031804,35688890.6
HK,1359,2022-10-12,-1.254798,0.68926,0.70367,0.761245,0.866947,0.718721,0.77215,-0.053429,-0.048206,-0.010446,26.408534,0.887392,0.635098,0.031947,38381700.4
HK,1359,2022-10-13,-1.255793,0.6791,0.6952,0.751085,0.86116,0.709764,0.763879,-0.054116,-0.049388,-0.009456,25.459691,0.875305,0.626865,0.032086,48244795.8
HK,1359,2022-10-14,2.558668,0.67402,0.69181,0.742195,0.855797,0.704785,0.757473,-0.052689,-0.050048,-0.005282,30.84333,0.860654,0.623736,0.031609,56144415.4
HK,1359,2022-10-17,0.0,0.67232,0.68588,0.73415,0.850433,0.700572,0.751542,-0.05097,-0.050232,-0.001476,30.84333,0.847137,0.621163,0.030565,52010563.6
HK,1359,2022-10-18,2.494833,0.6757,0.68757,0.727375,0.84521,0.699607,0.747302,-0.047695,-0.049725,0.00406,36.188403,0.83259,0.62216,0.029589,50219983.2
HK,1359,2022-10-19,-2.434106,0.6774,0.68333,0.719755,0.839847,0.69619,0.742124,-0.045934,-0.048967,0.006066,33.407722,0.815876,0.623634,0.02929,42606474.8
HK,1359,2022-10-20,1.254798,0.68248,0.68079,0.71383,0.83519,0.694607,0.737959,-0.043352,-0.047844,0.008983,36.068529,0.802685,0.624975,0.029612,51525681.6
HK,1359,2022-10-21,1.224668,0.68586,0.67994,0.708745,0.830815,0.69456,0.734725,-0.040165,-0.046308,0.012286,38.676262,0.789477,0.628013,0.028704,44404662.2
HK,1359,2022-10-24,-7.316722,0.67908,0.6757,0.70112,0.825875,0.686705,0.727968,-0.041263,-0.045299,0.008072,30.558304,0.776045,0.626195,0.030882,46252604.2
HK,1359,2022-10-25,-2.626263,0.66554,0.67062,0.693075,0.821077,0.677458,0.720459,-0.043001,-0.04484,0.003676,28.421078,0.763596,0.622554,0.030491,50463185.6
HK,1359,2022-10-26,2.697095,0.65876,0.66808,0.685875,0.816702,0.672233,0.714758,-0.042525,-0.044377,0.003703,33.434724,0.744817,0.626933,0.030734,51170052.8
HK,1359,2022-10-27,1.320901,0.65198,0.66723,0.681215,0.81275,0.669121,0.71011,-0.040989,-0.043699,0.00542,35.867832,0.735186,0.627244,0.030353,38501010.6
HK,1359,2022-10-28,-2.592025,0.64014,0.663,0.677405,0.808658,0.663887,0.704553,-0.040667,-0.043093,0.004852,33.264403,0.733075,0.621735,0.030607,44903723.8
HK,1359,2022-10-31,-2.676744,0.63506,0.65707,0.671475,0.804283,0.656843,0.698149,-0.041307,-0.042735,0.002857,30.839497,0.725869,0.617081,0.030835,49230909.8
HK,1359,2022-11-01,4.109367,0.63844,0.65199,0.66978,0.800048,0.65479,0.694101,-0.039311,-0.042051,0.005478,38.100128,0.725428,0.614132,0.031054,46247362.8
HK,1359,2022-11-02,3.947164,0.64352,0.65114,0.667235,0.796378,0.656961,0.692235,-0.035274,-0.040695,0.010843,44.387554,0.717936,0.616534,0.03125,47517161.4
HK,1359,2022-11-03,-6.323815,0.63844,0.64521,0.663,0.79158,0.65229,0.687373,-0.035083,-0.039573,0.00898,37.547554,0.712404,0.613596,0.032646,52495509.4
HK,1359,2022-11-04,5.41015,0.64352,0.64183,0.660885,0.78777,0.653553,0.685382,-0.031829,-0.038024,0.01239,44.878499,0.70679,0.61498,0.03455,66969885.0
HK,1359,2022-11-07,3.845572,0.65708,0.64607,0.660885,0.78396,0.658529,0.685421,-0.026891,-0.035798,0.017813,49.647729,0.70679,0.61498,0.035104,67587333.2
HK,1359,2022-11-08,0.0,0.66556,0.652,0.66131,0.78015,0.66274,0.685456,-0.022716,-0.033181,0.020931,49.647729,0.70797,0.61465,0.03501,73287125.8
HK,1359,2022-11-09,1.224668,0.67064,0.65708,0.66258,0.776762,0.667596,0.686111,-0.018516,-0.030248,0.023465,51.265001,0.711333,0.613827,0.033717,73736915.6
HK,1359,2022-11-10,-1.209852,0.6825,0.66047,0.66385,0.773093,0.670412,0.686096,-0.015684,-0.027335,0.023303,49.551038,0.713633,0.614067,0.033123,65689447.6
HK,1359,2022-11-11,6.16708,0.69604,0.66978,0.66639,0.769847,0.679302,0.689214,-0.009912,-0.023851,0.027877,57.294122,0.723346,0.609434,0.033778,51551410.0
HK,1359,2022-11-14,6.976105,0.71466,0.68587,0.67147,0.76787,0.69464,0.695865,-0.001225,-0.019325,0.036201,64.367353,0.746654,0.596286,0.034994,53251080.4
HK,1359,2022-11-15,2.182285,0.73668,0.70112,0.676555,0.765895,0.710234,0.703283,0.006952,-0.01407,0.042043,66.374455,0.769003,0.584107,0.035516,51640537.2
HK,1359,2022-11-16,-4.258794,0.75024,0.71044,0.68079,0.763213,0.718213,0.707639,0.010574,-0.009141,0.039431,59.211932,0.780481,0.581099,0.036008,51313182.2
HK,1359,2022-11-17,-1.115339,0.76378,0.72314,0.684175,0.760108,0.723658,0.711044,0.012614,-0.00479,0.034808,57.535429,0.788805,0.579545,0.03525,51855604.6
HK,1359,2022-11-18,-2.242569,0.76548,0.73076,0.686295,0.757003,0.725664,0.712944,0.01272,-0.001288,0.028016,54.246751,0.79335,0.57924,0.034546,45804633.2
HK,1359,2022-11-21,1.153794,0.75872,0.73669,0.69138,0.753758,0.72867,0.715334,0.013336,0.001637,0.023399,55.620739,0.799477,0.583283,0.033893,34281704.0
HK,1359,2022-11-22,0.0,0.74856,0.74262,0.69731,0.750655,0.731213,0.717546,0.013667,0.004043,0.019248,55.620739,0.803538,0.591082,0.035101,32329304.6
HK,1359,2022-11-23,2.267848,0.74856,0.7494,0.70324,0.747833,0.735965,0.720846,0.015118,0.006258,0.017721,58.494829,0.81003,0.59645,0.034408,30432469.8
HK,1359,2022-11-24,3.332896,0.75534,0.75956,0.710015,0.745435,0.743893,0.725784,0.01811,0.008628,0.018963,62.432704,0.820085,0.599945,0.034372,33752081.4
HK,1359,2022-11-25,2.146032,0.76888,0.76718,0.71848,0.7436,0.753202,0.731607,0.021595,0.011221,0.020747,64.824054,0.83023,0.60673,0.033731,33962601.4
HK,1359,2022-11-28,-1.044257,0.77904,0.76888,0.727375,0.741483,0.759786,0.736377,0.023409,0.013659,0.019501,62.688082,0.83395,0.6208,0.03495,42228084.0
HK,1359,2022-11-29,4.246231,0.79596,0.77226,0.73669,0.740213,0.770558,0.743297,0.02726,0.016379,0.021762,67.349999,0.844867,0.628513,0.035475,43505599.4
HK,1359,2022-11-30,4.085322,0.81628,0.78242,0.74643,0.739932,0.784887,0.752216,0.032671,0.019638,0.026067,71.232305,0.863178,0.629682,0.03657,59207312.4
HK,1359,2022-12-01,-1.956698,0.82814,0.79174,0.75744,0.739227,0.794412,0.759222,0.03519,0.022748,0.024884,66.95786,0.868292,0.646588,0.038193,65908370.0
HK,1359,2022-12-02,0.0,0.83662,0.80275,0.766755,0.738803,0.802472,0.765709,0.036763,0.025551,0.022423,66.95786,0.87473,0.65878,0.037879,68414462.8
HK,1359,2022-12-05,6.991025,0.85862,0.81883,0.77776,0.739932,0.818399,0.776101,0.042298,0.0289,0.026795,73.434205,0.894997,0.660523,0.040009,72639464.4
HK,1359,2022-12-06,-0.927152,0.87218,0.83407,0.788345,0.740355,0.830584,0.785101,0.045483,0.032217,0.026532,71.298771,0.908682,0.668008,0.039573,73635654.2
HK,1359,2022-12-07,0.0,0.87896,0.84762,0.79851,0.740778,0.840894,0.793434,0.04746,0.035266,0.024389,71.298771,0.919696,0.677324,0.040375,70689228.4
HK,1359,2022-12-08,2.829768,0.8942,0.86117,0.810365,0.741767,0.853526,0.803032,0.050494,0.038311,0.024366,73.954835,0.931556,0.689174,0.040513,65129830.6
HK,1359,2022-12-09,1.830986,0.91282,0.87472,0.82095,0.743178,0.866814,0.81317,0.053644,0.041378,0.024532,75.57448,0.948405,0.693495,0.04064,70841338.6
HK,1359,2022-12-12,-4.500479,0.91114,0.88488,0.82688,0.744167,0.87155,0.819424,0.052126,0.043527,0.017197,64.725128,0.956985,0.696775,0.041366,62062043.4
HK,1359,2022-12-13,0.0,0.91114,0.89166,0.83196,0.745297,0.875558,0.825215,0.050343,0.044891,0.010905,64.725128,0.964751,0.699169,0.040225,57242261.8
HK,1359,2022-12-14,0.0,0.91114,0.89505,0.838735,0.746427,0.878949,0.830577,0.048372,0.045587,0.005571,64.725128,0.9704,0.70707,0.039774,43535895.2
HK,1359,2022-12-15,-4.723708,0.89758,0.89589,0.843815,0.747273,0.875295,0.832401,0.042895,0.045048,-0.004308,54.864596,0.96966,0.71797,0.039961,41953004.4
HK,1359,2022-12-16,7.92797,0.8942,0.90351,0.85313,0.74939,0.882635,0.839112,0.043523,0.044743,-0.002441,64.244849,0.973335,0.732925,0.04255,42230264.6
HK,1359,2022-12-19,-2.751896,0.8942,0.90267,0.86075,0.751083,0.884937,0.843444,0.041493,0.044093,-0.005201,59.274849,0.971577,0.749923,0.043746,42567551.4
HK,1359,2022-12-20,0.0,0.8942,0.90267,0.86837,0.752918,0.886885,0.847456,0.039429,0.04316,-0.007462,59.274849,0.966613,0.770127,0.043043,40841457.8
HK,1359,2022-12-21,-1.893939,0.8908,0.90097,0.874295,0.75447,0.885918,0.849911,0.036007,0.04173,-0.011445,55.917107,0.959633,0.788957,0.042383,37307299.8
HK,1359,2022-12-22,2.884397,0.90096,0.89927,0.88022,0.75715,0.889008,0.854066,0.034942,0.040372,-0.01086,59.599523,0.956617,0.803823,0.04117,32772757.8
HK,1359,2022-12-23,0.93819,0.89926,0.89673,0.885725,0.760537,0.89293,0.858542,0.034387,0.039175,-0.009576,60.780218,0.955011,0.816439,0.041258,22563218.0
HK,1359,2022-12-28,1.848004,0.90602,0.90011,0.892495,0.763782,0.898848,0.863939,0.034909,0.038322,-0.006826,63.089885,0.951013,0.833977,0.041332,28990620.6
HK,1359,2022-12-29,-1.814473,0.9094,0.9018,0.89673,0.767733,0.901256,0.867684,0.033572,0.037372,-0.0076,59.327324,0.948337,0.845123,0.040794,26642163.6
HK,1359,2022-12-30,0.0,0.91618,0.90349,0.89927,0.770978,0.903294,0.871152,0.032141,0.036326,-0.008369,59.327324,0.949094,0.849446,0.039694,27664541.2
HK,1359,2023-01-03,1.848004,0.92126,0.91111,0.9035,0.774647,0.907618,0.875615,0.032003,0.035461,-0.006917,61.958505,0.948961,0.858039,0.039881,29162258.4
HK,1359,2023-01-04,2.727078,0.92972,0.91449,0.909,0.77888,0.915184,0.881629,0.033555,0.03508,-0.003049,65.564206,0.952254,0.865746,0.039453,33772177.2
HK,1359,2023-01-05,3.54306,0.94158,0.9238,0.913235,0.78396,0.926802,0.889708,0.037094,0.035483,0.003222,69.693022,0.969203,0.857267,0.039664,28315834.4
HK,1359,2023-01-06,-2.563844,0.95174,0.93057,0.91662,0.788758,0.932725,0.895308,0.037417,0.03587,0.003095,63.545257,0.976451,0.856789,0.039859,32967645.4
HK,1359,2023-01-09,2.631306,0.96698,0.94158,0.921275,0.794122,0.941644,0.902374,0.03927,0.03655,0.005441,66.707924,0.988494,0.854056,0.039434,39674880.4
HK,1359,2023-01-10,-0.857979,0.97714,0.9492,0.924235,0.799483,0.947883,0.908287,0.039597,0.037159,0.004875,64.685482,0.99652,0.85195,0.038431,40811022.2
HK,1359,2023-01-11,0.0,0.98222,0.95597,0.92635,0.804563,0.953163,0.913762,0.039401,0.037608,0.003587,64.685482,1.002705,0.849995,0.0375,41953887.0
HK,1359,2023-01-12,-0.855223,0.97884,0.96021,0.93016,0.809503,0.956338,0.918209,0.038129,0.037712,0.000834,62.513277,1.007987,0.852333,0.037843,41818045.8
HK,1359,2023-01-13,0.8626,0.98222,0.96698,0.93439,0.814302,0.960317,0.922949,0.037368,0.037643,-0.000551,63.821638,1.013857,0.854923,0.036347,40307896.0
HK,1359,2023-01-16,2.596213,0.98562,0.9763,0.939895,0.819807,0.967606,0.929227,0.038379,0.03779,0.001178,67.526903,1.023549,0.856241,0.03738,43644120.8
HK,1359,2023-01-17,-0.843505,0.98902,0.98308,0.947095,0.825028,0.972467,0.93441,0.038057,0.037844,0.000426,65.132318,1.024937,0.869253,0.036531,43718280.4
HK,1359,2023-01-18,-0.850681,0.99072,0.98647,0.95048,0.829968,0.975272,0.93858,0.036692,0.037613,-0.001842,62.736475,1.029712,0.871248,0.035736,40895414.4
HK,1359,2023-01-19,1.715958,0.9975,0.98817,0.955985,0.836038,0.980261,0.9437,0.036561,0.037403,-0.001683,65.472042,1.035055,0.876915,0.035005,36397244.4
HK,1359,2023-01-20,-0.843505,1.0009,0.99156,0.961065,0.842248,0.983175,0.947811,0.035364,0.036995,-0.003263,62.982398,1.037489,0.884641,0.03614,38003428.8
HK,1359,2023-01-26,0.850681,1.0009,0.99326,0.96742,0.848318,0.986948,0.952247,0.034701,0.036536,-0.003671,64.438675,1.03684,0.898,0.034773,31855773.2
HK,1359,2023-01-27,-0.843505,1.0009,0.99496,0.97208,0.854105,0.988833,0.955725,0.033108,0.03585,-0.005486,61.819607,1.036731,0.907429,0.033504,27843584.4
HK,1359,2023-01-30,-4.243395,0.99412,0.99242,0.974195,0.859467,0.983905,0.955805,0.0281,0.0343,-0.012401,50.740884,1.033739,0.914651,0.034739,33065355.6
HK,1359,2023-01-31,-1.766304,0.98056,0.98903,0.97462,0.86483,0.977135,0.954627,0.022508,0.031942,-0.018868,47.116439,1.033047,0.916193,0.034679,37331027.2
HK,1359,2023-02-01,3.606767,0.97548,0.98819,0.977585,0.870335,0.976622,0.956047,0.020575,0.029668,-0.018187,54.185815,1.029119,0.926051,0.035223,38496231.2
HK,1359,2023-02-02,-0.872869,0.967,0.98395,0.980125,0.875275,0.97488,0.956732,0.018148,0.027364,-0.018433,52.298043,1.023301,0.936949,0.035129,40051239.8
HK,1359,2023-02-03,-1.750751,0.95684,0.97887,0.980975,0.880638,0.970806,0.956115,0.014691,0.02483,-0.020277,48.667624,1.020822,0.941128,0.035041,48823470.0
HK,1359,2023-02-06,-1.792493,0.95176,0.97294,0.979705,0.885153,0.964744,0.954284,0.010459,0.021956,-0.022993,45.263784,1.023931,0.935479,0.03496,46773927.0
HK,1359,2023-02-07,0.0,0.95006,0.96531,0.97674,0.889245,0.959614,0.952589,0.007025,0.018969,-0.02389,45.263784,1.025354,0.928126,0.033677,42286499.0
HK,1359,2023-02-08,0.0,0.94158,0.95853,0.975045,0.893337,0.955273,0.95102,0.004254,0.016026,-0.023545,45.263784,1.027359,0.922731,0.033086,40114050.0
HK,1359,2023-02-09,0.0,0.9348,0.9509,0.97208,0.897288,0.9516,0.949566,0.002034,0.013228,-0.022387,45.263784,1.027158,0.917002,0.032537,38369897.0
HK,1359,2023-02-10,-0.901868,0.92972,0.94328,0.96912,0.90124,0.9472,0.947598,-0.000398,0.010503,-0.021801,43.253227,1.02794,0.9103,0.032634,35460906.0
HK,1359,2023-02-13,-0.92091,0.92634,0.93905,0.965735,0.904345,0.94217,0.945147,-0.002977,0.007807,-0.021568,41.256221,1.028794,0.902676,0.031517,30359593.2
HK,1359,2023-02-14,0.0,0.92296,0.93651,0.96277,0.906603,0.937913,0.942877,-0.004964,0.005253,-0.020433,41.256221,1.029503,0.896037,0.03048,29371507.8
HK,1359,2023-02-15,-1.848004,0.9162,0.92889,0.95854,0.908297,0.931711,0.939523,-0.007812,0.00264,-0.020903,37.286585,1.030343,0.886737,0.030725,27806875.0
HK,1359,2023-02-16,1.882799,0.91282,0.92381,0.95388,0.910837,0.929063,0.937669,-0.008606,0.00039,-0.017993,43.174839,1.024402,0.883358,0.030944,28555371.0
HK,1359,2023-02-17,-0.92947,0.90942,0.91957,0.94922,0.913377,0.925515,0.935323,-0.009809,-0.001649,-0.016318,41.085396,1.019464,0.878976,0.031148,24765281.0
HK,1359,2023-02-20,2.803532,0.9128,0.91957,0.946255,0.916622,0.92642,0.935033,-0.008613,-0.003042,-0.011141,49.02433,1.014214,0.878296,0.031945,24244807.0
HK,1359,2023-02-21,-0.901868,0.9145,0.91873,0.94202,0.919585,0.925894,0.934141,-0.008247,-0.004083,-0.008329,46.779295,1.004468,0.879572,0.031477,25616231.2
HK,1359,2023-02-22,0.0,0.91958,0.91789,0.93821,0.922548,0.925449,0.933316,-0.007867,-0.00484,-0.006055,46.779295,0.995307,0.881113,0.030436,22097334.4
HK,1359,2023-02-23,-0.92091,0.91958,0.9162,0.93355,0.925088,0.923764,0.931922,-0.008158,-0.005504,-0.005309,44.393465,0.981715,0.885385,0.030076,17993846.0
HK,1359,2023-02-24,-0.92947,0.91958,0.9145,0.92889,0.927063,0.921031,0.930002,-0.008971,-0.006197,-0.005548,42.082103,0.967914,0.889866,0.029142,16463859.6
HK,1359,2023-02-27,-0.927152,0.91282,0.91281,0.92593,0.928617,0.917427,0.927602,-0.010175,-0.006993,-0.006366,39.872725,0.965017,0.886843,0.028875,15254005.4
HK,1359,2023-02-28,-3.776738,0.90096,0.90773,0.92212,0.929745,0.909161,0.922869,-0.013708,-0.008336,-0.010744,32.464888,0.96908,0.87516,0.029234,19624179.0
HK,1359,2023-03-01,4.897534,0.89756,0.90857,0.91873,0.931015,0.908675,0.921619,-0.012944,-0.009257,-0.007374,45.95701,0.959682,0.877778,0.030774,24503745.8
HK,1359,2023-03-02,0.93819,0.89756,0.90857,0.91619,0.931862,0.909571,0.921092,-0.011521,-0.00971,-0.003621,48.196618,0.951134,0.881246,0.030391,24574619.2
HK,1359,2023-03-03,1.848004,0.90264,0.91111,0.91534,0.933272,0.912929,0.921855,-0.008926,-0.009553,0.001254,52.418653,0.947851,0.882829,0.029427,25291885.6
HK,1359,2023-03-06,0.912605,0.9111,0.91196,0.915765,0.934823,0.917079,0.923192,-0.006113,-0.008865,0.005504,54.430322,0.949311,0.882219,0.029739,29332198.8
HK,1359,2023-03-07,-1.798064,0.92296,0.91196,0.915345,0.935107,0.91799,0.923178,-0.005188,-0.00813,0.005883,49.911999,0.948302,0.882388,0.031244,29557417.4
HK,1359,2023-03-08,-0.92091,0.92466,0.91111,0.9145,0.935388,0.917453,0.922535,-0.005082,-0.00752,0.004876,47.764379,0.946624,0.882376,0.030826,26706036.6
HK,1359,2023-03-09,-2.777474,0.91958,0.90857,0.912385,0.935247,0.913091,0.920058,-0.006968,-0.00741,0.000885,41.954931,0.945339,0.879431,0.031046,27950335.2
HK,1359,2023-03-10,-0.956023,0.90942,0.90603,0.910265,0.93454,0.908092,0.917135,-0.009043,-0.007736,-0.002614,40.193146,0.945585,0.874945,0.03125,32658492.4
HK,1359,2023-03-13,-0.953895,0.89588,0.90349,0.90815,0.933412,0.90257,0.913807,-0.011237,-0.008436,-0.0056,38.473738,0.947083,0.869217,0.030832,35635033.2
HK,1359,2023-03-14,-1.949094,0.88232,0.90264,0.905185,0.932705,0.895283,0.909466,-0.014183,-0.009586,-0.009195,35.192543,0.950277,0.860093,0.031044,33646066.2
HK,1359,2023-03-15,2.970065,0.87554,0.9001,0.904335,0.932422,0.893024,0.907327,-0.014304,-0.010529,-0.007549,43.012696,0.950593,0.858077,0.031248,35193607.4
HK,1359,2023-03-16,-0.953895,0.87216,0.89587,0.90222,0.931998,0.88982,0.904725,-0.014905,-0.011405,-0.007002,41.240372,0.950259,0.854181,0.03083,36328627.6
HK,1359,2023-03-17,2.912176,0.87556,0.89249,0.9018,0.932705,0.891017,0.904198,-0.013181,-0.01176,-0.002842,48.191942,0.949847,0.853753,0.031042,44457213.4
HK,1359,2023-03-20,-2.829768,0.87556,0.88572,0.89884,0.931858,0.888122,0.901827,-0.013705,-0.012149,-0.003113,42.745877,0.94652,0.85116,0.031246,44456133.4
HK,1359,2023-03-21,-0.974547,0.87726,0.87979,0.895875,0.931293,0.884365,0.899003,-0.014638,-0.012647,-0.003983,41.073109,0.944542,0.847208,0.030829,40977510.8
HK,1359,2023-03-22,1.956698,0.87726,0.8764,0.893755,0.93101,0.883786,0.89764,-0.013854,-0.012888,-0.001932,45.628884,0.941189,0.846321,0.030441,41268996.4
HK,1359,2023-03-23,0.965251,0.88064,0.8764,0.892485,0.931152,0.884603,0.897007,-0.012404,-0.012791,0.000775,47.814218,0.93898,0.84599,0.030081,38647697.4
HK,1359,2023-03-24,-0.956023,0.87724,0.8764,0.891215,0.930728,0.883987,0.895792,-0.011805,-0.012594,0.001579,45.830461,0.937552,0.844878,0.029139,26714234.4
HK,1359,2023-03-27,-1.919146,0.87554,0.87555,0.88952,0.929882,0.880866,0.893415,-0.012549,-0.012585,7.3e-05,42.091284,0.937257,0.841783,0.029479,22103496.4
HK,1359,2023-03-28,0.0,0.87554,0.8764,0.88952,0.928753,0.878225,0.891214,-0.012988,-0.012666,-0.000646,42.091284,0.937257,0.841783,0.028588,21047069.6
HK,1359,2023-03-29,-0.984138,0.87046,0.87386,0.88698,0.927765,0.874683,0.888546,-0.013863,-0.012905,-0.001916,40.179125,0.936319,0.837641,0.029568,22258985.2
HK,1359,2023-03-30,-1.976146,0.8603,0.87047,0.88317,0.926495,0.869086,0.884824,-0.015739,-0.013472,-0.004533,36.617315,0.935119,0.831221,0.02987,25130759.2
HK,1359,2023-03-31,0.0,0.85184,0.86454,0.878515,0.924943,0.864349,0.881378,-0.017029,-0.014183,-0.005691,36.617315,0.929007,0.828023,0.028951,29284934.4
HK,1359,2023-04-03,0.0,0.84676,0.86115,0.873435,0.922968,0.860342,0.878187,-0.017845,-0.014916,-0.005859,36.617315,0.918336,0.828534,0.028097,30390113.6
HK,1359,2023-04-04,-2.015985,0.8383,0.85692,0.868355,0.920147,0.854351,0.87398,-0.01963,-0.015858,-0.007543,32.967202,0.912661,0.824049,0.027297,31882787.0
HK,1359,2023-04-06,-1.034819,0.82984,0.85015,0.863275,0.917607,0.847974,0.869456,-0.021482,-0.016983,-0.008998,31.27839,0.908541,0.818009,0.027162,33365986.2
HK,1359,2023-04-11,2.078977,0.82814,0.84422,0.86031,0.914925,0.845178,0.866519,-0.021341,-0.017855,-0.006972,38.071126,0.906186,0.814434,0.027036,33213285.0
HK,1359,2023-04-12,0.0,0.82644,0.83914,0.85777,0.912385,0.842812,0.863799,-0.020987,-0.018481,-0.005011,38.071126,0.904488,0.811052,0.026919,34593713.4
HK,1359,2023-04-13,0.0,0.82474,0.83575,0.85565,0.909845,0.84081,0.86128,-0.02047,-0.018879,-0.003182,38.071126,0.903393,0.807907,0.02681,36656627.4
HK,1359,2023-04-14,0.0,0.82642,0.83236,0.85438,0.907445,0.839116,0.858948,-0.019832,-0.01907,-0.001525,38.071126,0.903437,0.805323,0.02671,46503565.2
HK,1359,2023-04-17,1.024343,0.8315,0.83067,0.852265,0.905047,0.838991,0.857419,-0.018428,-0.018941,0.001026,41.952671,0.900254,0.804276,0.027216,51489611.6
HK,1359,2023-04-18,0.0,0.8332,0.83067,0.85057,0.902223,0.838884,0.856003,-0.017118,-0.018577,0.002917,41.952671,0.898014,0.803126,0.027086,53965874.6
HK,1359,2023-04-19,-2.015985,0.83152,0.82898,0.84676,0.89926,0.836194,0.853439,-0.017245,-0.01831,0.002131,36.655034,0.890586,0.802934,0.026359,57262423.0
HK,1359,2023-04-20,0.0,0.82984,0.82729,0.84422,0.896438,0.833918,0.851066,-0.017148,-0.018078,0.00186,36.655034,0.887741,0.800699,0.025683,53404407.8
HK,1359,2023-04-21,-4.1271,0.82138,0.8239,0.84041,0.892768,0.826777,0.846358,-0.01958,-0.018378,-0.002404,28.331993,0.889436,0.791384,0.027477,54545326.2
HK,1359,2023-04-24,-1.079365,0.80952,0.82051,0.83533,0.889098,0.819427,0.841368,-0.021941,-0.019091,-0.005701,26.695229,0.887594,0.783066,0.027329,54417296.8
HK,1359,2023-04-25,-1.078306,0.79598,0.81459,0.829405,0.885147,0.811915,0.836126,-0.024211,-0.020115,-0.008192,25.148997,0.882798,0.776012,0.026584,51953241.4
HK,1359,2023-04-26,1.09006,0.7875,0.80951,0.824325,0.881477,0.806851,0.831894,-0.025043,-0.021101,-0.007885,29.543852,0.876589,0.772061,0.026499,46752369.4
HK,1359,2023-04-27,-1.078306,0.77734,0.80359,0.81967,0.878373,0.801274,0.827354,-0.02608,-0.022097,-0.007967,27.786855,0.873634,0.765706,0.026421,49602035.6
HK,1359,2023-04-28,2.193096,0.77734,0.79936,0.81586,0.875833,0.799155,0.824402,-0.025247,-0.022727,-0.005041,36.029653,0.867564,0.764156,0.026948,42027106.0
HK,1359,2023-05-02,0.0,0.77904,0.79428,0.812475,0.872728,0.797362,0.821669,-0.024307,-0.023043,-0.002528,36.029653,0.862262,0.762688,0.026837,32693227.4
HK,1359,2023-05-03,-1.079365,0.78072,0.78835,0.80951,0.869623,0.794537,0.818508,-0.023971,-0.023228,-0.001485,33.780466,0.859852,0.759168,0.026128,29200246.2
HK,1359,2023-05-04,2.182285,0.78412,0.78581,0.807395,0.867083,0.794762,0.816841,-0.022079,-0.022998,0.00184,41.628822,0.856254,0.758536,0.026676,30626081.4
HK,1359,2023-05-05,3.190955,0.79428,0.78581,0.80655,0.86525,0.79886,0.817178,-0.018318,-0.022062,0.007488,50.977632,0.8538,0.7593,0.027184,35922075.2
HK,1359,2023-05-08,6.184563,0.81122,0.79428,0.80909,0.864263,0.810143,0.821254,-0.011111,-0.019872,0.017522,63.55114,0.864086,0.754094,0.030078,56495914.8
HK,1359,2023-05-09,1.937629,0.83154,0.80529,0.8129,0.863558,0.82229,0.82628,-0.003989,-0.016695,0.025412,66.618571,0.878046,0.747754,0.031559,78727263.6
HK,1359,2023-05-10,0.0,0.85356,0.81714,0.815865,0.862853,0.832569,0.830933,0.001636,-0.013029,0.02933,66.618571,0.888755,0.742975,0.031119,83424235.6
HK,1359,2023-05-11,-1.900799,0.8688,0.82646,0.817985,0.862007,0.838666,0.83399,0.004676,-0.009488,0.028328,60.694633,0.894737,0.741233,0.031917,81637315.8
HK,1359,2023-05-12,-4.86127,0.87048,0.83238,0.817985,0.860595,0.837302,0.833679,0.003622,-0.006866,0.020977,48.937077,0.894737,0.741233,0.032666,78266915.8
HK,1359,2023-05-15,1.024343,0.8637,0.83746,0.81841,0.859325,0.837455,0.834022,0.003434,-0.004806,0.01648,50.986902,0.895512,0.741308,0.032147,55830396.6
HK,1359,2023-05-16,-2.015985,0.85016,0.84085,0.817565,0.858055,0.834985,0.833087,0.001899,-0.003465,0.010727,46.951276,0.894145,0.740985,0.031665,34734007.8
HK,1359,2023-05-17,-2.069637,0.83322,0.84339,0.81587,0.85622,0.83028,0.830962,-0.000682,-0.002908,0.004453,43.243449,0.892039,0.739701,0.031218,33836242.2
HK,1359,2023-05-18,2.113376,0.82306,0.84593,0.81587,0.85481,0.828914,0.830254,-0.00134,-0.002595,0.00251,47.692059,0.892039,0.739701,0.030802,30080665.8
HK,1359,2023-05-19,-3.092281,0.8163,0.84339,0.8146,0.852553,0.82385,0.827716,-0.003866,-0.002849,-0.002034,42.350846,0.891204,0.737996,0.030416,26352745.8
HK,1359,2023-05-22,0.0,0.80784,0.83577,0.815025,0.850437,0.819566,0.825367,-0.005801,-0.003439,-0.004724,42.350846,0.891115,0.738935,0.030058,28255225.4
HK,1359,2023-05-23,-1.067839,0.80106,0.82561,0.81545,0.848178,0.814632,0.822562,-0.00793,-0.004338,-0.007184,40.586709,0.890822,0.740078,0.029725,27228185.4
HK,1359,2023-05-24,-1.079365,0.79598,0.8146,0.81587,0.84592,0.80915,0.819335,-0.010185,-0.005507,-0.009355,38.844177,0.890326,0.741414,0.028809,25420579.0
HK,1359,2023-05-25,-3.260591,0.78242,0.80274,0.8146,0.84338,0.800604,0.814466,-0.013862,-0.007178,-0.013368,34.12879,0.892323,0.736877,0.028566,31612160.0
HK,1359,2023-05-29,-2.242569,0.77056,0.79343,0.812905,0.840698,0.790773,0.808705,-0.017933,-0.009329,-0.017208,31.397753,0.895705,0.730105,0.028947,35586880.0
HK,1359,2023-05-30,1.153794,0.7604,0.78412,0.81079,0.838723,0.783762,0.804001,-0.02024,-0.011511,-0.017457,34.247686,0.898115,0.723465,0.028693,36549760.0
HK,1359,2023-05-31,-1.140633,0.75024,0.77565,0.80825,0.835902,0.776521,0.799016,-0.022495,-0.013708,-0.017574,32.781109,0.900928,0.715572,0.028458,46505205.2
HK,1359,2023-06-01,0.0,0.74178,0.76888,0.806135,0.832938,0.770395,0.7944,-0.024005,-0.015767,-0.016476,32.781109,0.903213,0.709057,0.02824,48943131.4
HK,1359,2023-06-02,3.447808,0.74348,0.76295,0.80444,0.830117,0.769119,0.792007,-0.022889,-0.017191,-0.011394,41.467767,0.903333,0.705547,0.028037,47462251.4
HK,1359,2023-06-05,-2.217557,0.74518,0.75787,0.80063,0.826872,0.765439,0.78854,-0.023101,-0.018373,-0.009456,37.953381,0.902444,0.698816,0.028456,49751293.6
HK,1359,2023-06-06,1.127214,0.74686,0.75363,0.7947,0.824048,0.763618,0.785952,-0.022334,-0.019166,-0.006338,40.645948,0.892901,0.696499,0.02763,46101598.2
HK,1359,2023-06-07,-2.242569,0.74686,0.74855,0.78708,0.821085,0.759476,0.782304,-0.022827,-0.019898,-0.005859,37.152689,0.878194,0.695966,0.027471,41862193.0
HK,1359,2023-06-08,0.0,0.74686,0.74432,0.77946,0.818545,0.755972,0.778926,-0.022953,-0.020509,-0.004889,37.152689,0.860054,0.698866,0.027323,45207946.8
HK,1359,2023-06-09,0.0,0.74178,0.74263,0.772685,0.816147,0.753007,0.775798,-0.02279,-0.020965,-0.00365,37.152689,0.843094,0.702276,0.027186,49802386.8
HK,1359,2023-06-12,0.0,0.74008,0.74263,0.76803,0.813888,0.750499,0.772902,-0.022403,-0.021253,-0.002301,37.152689,0.834943,0.701117,0.027058,41764575.4
HK,1359,2023-06-13,0.0,0.7367,0.74178,0.76295,0.811913,0.748376,0.77022,-0.021844,-0.021371,-0.000946,37.152689,0.822807,0.703093,0.026333,40449730.2
HK,1359,2023-06-14,0.0,0.7367,0.74178,0.758715,0.809515,0.746579,0.767737,-0.021158,-0.021328,0.000342,37.152689,0.813172,0.704258,0.025059,35296290.2
HK,1359,2023-06-15,1.153794,0.7384,0.74263,0.755755,0.807398,0.746367,0.766068,-0.019701,-0.021003,0.002605,41.122785,0.806249,0.705261,0.025083,36063973.4
HK,1359,2023-06-16,1.127214,0.74178,0.74178,0.752365,0.804998,0.74748,0.765144,-0.017664,-0.020335,0.005342,44.831717,0.792896,0.711834,0.024499,31244777.8
HK,1359,2023-06-19,-2.242569,0.74178,0.74093,0.7494,0.80274,0.745822,0.763037,-0.017216,-0.019711,0.004991,39.447602,0.785119,0.713681,0.024563,34154466.2
HK,1359,2023-06-20,-1.153794,0.74008,0.73839,0.74601,0.800482,0.743111,0.760457,-0.017346,-0.019238,0.003784,37.038271,0.775767,0.716253,0.024623,40724926.8
HK,1359,2023-06-21,-2.320791,0.735,0.73585,0.7422,0.79766,0.738217,0.756815,-0.018599,-0.01911,0.001023,32.754734,0.769109,0.715291,0.024071,41705173.4
HK,1359,2023-06-23,-5.960917,0.71974,0.72907,0.736695,0.79399,0.727552,0.750303,-0.022751,-0.019838,-0.005825,24.956459,0.7742,0.69919,0.02538,40942610.2
HK,1359,2023-06-26,3.318882,0.70724,0.72451,0.73357,0.790832,0.721944,0.745918,-0.023973,-0.020665,-0.006616,33.838299,0.775117,0.692023,0.026453,40525365.8
HK,1359,2023-06-27,1.316741,0.69994,0.72086,0.731745,0.788107,0.718599,0.742531,-0.023932,-0.021319,-0.005227,37.123422,0.775718,0.687772,0.025864,45141846.6
HK,1359,2023-06-28,1.299629,0.69616,0.71812,0.72995,0.785533,0.717168,0.74007,-0.022901,-0.021635,-0.002532,40.314926,0.774506,0.685394,0.025966,39242446.6
HK,1359,2023-06-29,0.0,0.69576,0.71538,0.72858,0.783102,0.715958,0.73779,-0.021833,-0.021675,-0.000316,40.314926,0.7739,0.68326,0.025412,36319000.0
HK,1359,2023-06-30,0.0,0.70384,0.71179,0.72721,0.780952,0.714934,0.73568,-0.020746,-0.021489,0.001485,40.314926,0.773118,0.681302,0.025546,33120100.0
HK,1359,2023-07-03,2.56591,0.71112,0.70918,0.72548,0.779105,0.716867,0.735074,-0.018207,-0.020833,0.005251,47.030957,0.768517,0.682443,0.025672,29397013.4
HK,1359,2023-07-04,0.0,0.71658,0.70826,0.724595,0.777258,0.718503,0.734513,-0.01601,-0.019868,0.007716,47.030957,0.766691,0.682499,0.025788,21369813.4
HK,1359,2023-07-05,0.0,0.72022,0.70819,0.72329,0.775693,0.719887,0.733994,-0.014107,-0.018716,0.009219,47.030957,0.763273,0.683307,0.025246,19919213.4
HK,1359,2023-07-06,-1.250859,0.72204,0.7089,0.722375,0.774118,0.719658,0.732839,-0.01318,-0.017609,0.008857,43.94307,0.761924,0.682826,0.025393,22932940.2
HK,1359,2023-07-07,-1.266704,0.72204,0.71294,0.721005,0.77211,0.718065,0.731095,-0.01303,-0.016693,0.007326,41.041173,0.760372,0.681638,0.024879,19109840.2
HK,1359,2023-07-10,0.0,0.7184,0.71476,0.719635,0.770102,0.716716,0.72948,-0.012764,-0.015907,0.006286,41.041173,0.758627,0.680643,0.025052,19068526.8
HK,1359,2023-07-11,0.0,0.71476,0.71567,0.718265,0.768093,0.715575,0.727986,-0.01241,-0.015208,0.005595,41.041173,0.756684,0.679846,0.024562,19171868.2
HK,1359,2023-07-12,0.0,0.71112,0.71567,0.716895,0.766085,0.71461,0.726602,-0.011992,-0.014565,0.005146,41.041173,0.754533,0.679257,0.024108,19330049.8
HK,1359,2023-07-13,2.56591,0.71294,0.71749,0.716435,0.764238,0.716593,0.726668,-0.010075,-0.013667,0.007183,49.935102,0.753311,0.679559,0.023686,18238323.0
HK,1359,2023-07-14,-1.250859,0.71476,0.7184,0.715095,0.76224,0.716871,0.726056,-0.009185,-0.01277,0.007171,46.183743,0.749561,0.680629,0.023294,19538723.0
HK,1359,2023-07-18,-2.533408,0.71294,0.71567,0.712425,0.76022,0.714306,0.72414,-0.009834,-0.012183,0.004698,39.751647,0.742546,0.682304,0.02293,22010123.0
HK,1359,2023-07-19,1.299629,0.71294,0.71385,0.711055,0.758352,0.713536,0.723041,-0.009505,-0.011648,0.004285,43.954632,0.739052,0.683058,0.022592,24036960.0
HK,1359,2023-07-20,0.0,0.71294,0.71203,0.71011,0.757048,0.712884,0.722023,-0.009139,-0.011146,0.004014,43.954632,0.736982,0.683238,0.022279,23568778.4
HK,1359,2023-07-21,-1.282955,0.70748,0.71021,0.709555,0.755735,0.710933,0.720407,-0.009474,-0.010811,0.002675,40.664611,0.736762,0.682348,0.021987,21083778.4
HK,1359,2023-07-24,-1.299629,0.70202,0.70839,0.710665,0.75441,0.707882,0.718236,-0.010354,-0.01072,0.000732,37.631229,0.73241,0.68892,0.021717,18988938.6
HK,1359,2023-07-25,3.950224,0.70566,0.7093,0.71203,0.7534,0.7095,0.718248,-0.008748,-0.010326,0.003155,49.743119,0.73205,0.69201,0.022766,18643123.8
HK,1359,2023-07-26,0.0,0.70748,0.71021,0.71294,0.75253,0.710869,0.718259,-0.00739,-0.009738,0.004697,49.743119,0.732372,0.693508,0.022439,15713232.6
HK,1359,2023-07-27,2.533408,0.71294,0.71294,0.714305,0.751682,0.714828,0.719618,-0.00479,-0.008749,0.007917,56.304031,0.736202,0.692408,0.022787,18568432.6
HK,1359,2023-07-28,2.470812,0.72386,0.71567,0.71658,0.751137,0.720977,0.722224,-0.001247,-0.007248,0.012004,61.690018,0.744539,0.688621,0.024402,25492432.6
HK,1359,2023-07-31,-1.205617,0.73478,0.7184,0.7184,0.750582,0.724781,0.723963,0.000818,-0.005635,0.012906,57.850425,0.748854,0.687946,0.025252,38343872.4
HK,1359,2023-08-01,1.22033,0.74206,0.72386,0.719765,0.749895,0.729399,0.726247,0.003152,-0.003878,0.014059,60.498148,0.753948,0.685582,0.025391,39600087.2
HK,1359,2023-08-02,-2.411235,0.7457,0.72659,0.72022,0.748482,0.730507,0.727014,0.003493,-0.002404,0.011793,53.288304,0.755039,0.685401,0.02617,44876800.0
HK,1359,2023-08-03,1.235406,0.74752,0.73023,0.72113,0.746373,0.732844,0.728398,0.004446,-0.001034,0.01096,56.105083,0.757575,0.684685,0.026251,44913200.0
HK,1359,2023-08-04,1.22033,0.74752,0.73569,0.72295,0.744135,0.736222,0.730354,0.005868,0.000347,0.011043,58.78179,0.762196,0.683704,0.026969,44108844.2
HK,1359,2023-08-07,-2.411235,0.7457,0.74024,0.724315,0.741593,0.73628,0.730817,0.005464,0.00137,0.008187,51.95761,0.763466,0.685164,0.026985,33146844.2
HK,1359,2023-08-08,0.0,0.74206,0.74206,0.72568,0.739333,0.736329,0.731245,0.005085,0.002113,0.005943,51.95761,0.764545,0.686815,0.026358,32442316.0
HK,1359,2023-08-09,0.0,0.74206,0.74388,0.727045,0.73778,0.736371,0.731642,0.004729,0.002636,0.004186,51.95761,0.765427,0.688663,0.026425,31196229.4
HK,1359,2023-08-10,-2.470812,0.7366,0.74206,0.7275,0.735782,0.733606,0.730661,0.002946,0.002698,0.000495,45.377909,0.76524,0.68976,0.027137,34349615.2
HK,1359,2023-08-11,-1.266704,0.7275,0.73751,0.72659,0.733913,0.729867,0.729078,0.000788,0.002316,-0.003056,42.481177,0.765155,0.688025,0.027149,34742094.2
HK,1359,2023-08-14,-1.282955,0.72022,0.73296,0.72568,0.732177,0.725303,0.726939,-0.001637,0.001526,-0.006324,39.748613,0.765803,0.685557,0.02716,40543694.2
HK,1359,2023-08-15,2.599257,0.71658,0.72932,0.72659,0.73046,0.724241,0.726307,-0.002066,0.000807,-0.005747,47.08033,0.765155,0.688025,0.02782,42335022.4
HK,1359,2023-08-16,0.0,0.71294,0.7275,0.727045,0.729167,0.723342,0.725721,-0.002379,0.00017,-0.005098,47.08033,0.764993,0.689097,0.027133,41161889.0
HK,1359,2023-08-17,-1.266704,0.71112,0.72386,0.727045,0.727722,0.721182,0.724505,-0.003323,-0.000528,-0.005589,43.977162,0.764993,0.689097,0.026495,35602425.8
HK,1359,2023-08-18,-1.282955,0.7093,0.7184,0.727045,0.726267,0.717954,0.722704,-0.00475,-0.001373,-0.006755,41.062453,0.764993,0.689097,0.025902,30650650.6
HK,1359,2023-08-21,-5.198515,0.70202,0.71112,0.72568,0.724347,0.709623,0.718341,-0.008719,-0.002842,-0.011753,31.942679,0.770112,0.681248,0.026652,35197527.8
HK,1359,2023-08-22,4.112685,0.69656,0.70657,0.724315,0.723305,0.706773,0.716323,-0.00955,-0.004184,-0.010733,42.294209,0.771169,0.677461,0.027348,34339211.0
HK,1359,2023-08-23,-1.316741,0.68928,0.70111,0.722495,0.722393,0.702962,0.713781,-0.010819,-0.005511,-0.010617,40.1045,0.772825,0.672165,0.026695,32077431.0
HK,1359,2023-08-24,2.668622,0.68746,0.69929,0.720675,0.721643,0.702537,0.712775,-0.010238,-0.006456,-0.007564,46.113473,0.771464,0.669886,0.026738,33196708.4
HK,1359,2023-08-25,-1.299629,0.68564,0.69747,0.71749,0.720883,0.700777,0.711169,-0.010392,-0.007243,-0.006297,43.750061,0.7673,0.66768,0.026778,34899560.4
HK,1359,2023-08-28,1.316741,0.69292,0.69747,0.715215,0.720275,0.700688,0.710357,-0.009668,-0.007728,-0.00388,46.692353,0.763804,0.666626,0.028116,28128483.2
HK,1359,2023-08-29,3.898886,0.7002,0.69838,0.71385,0.719698,0.704813,0.711627,-0.006813,-0.007545,0.001464,54.398674,0.75935,0.66835,0.029357,27447200.0
HK,1359,2023-08-30,-1.250859,0.70748,0.69838,0.71294,0.719252,0.706904,0.712128,-0.005225,-0.007081,0.003713,51.714954,0.757297,0.668583,0.02986,28578600.0
HK,1359,2023-08-31,-2.533408,0.70748,0.69747,0.710665,0.718362,0.705872,0.711245,-0.005372,-0.006739,0.002734,46.747624,0.752673,0.668657,0.029027,30402349.8
HK,1359,2023-09-04,2.599257,0.71294,0.69929,0.708845,0.718057,0.7078,0.711775,-0.003975,-0.006187,0.004423,51.739704,0.74591,0.67178,0.029554,30808514.4
HK,1359,2023-09-05,-1.266704,0.71476,0.70384,0.70748,0.7176,0.70803,0.711591,-0.003561,-0.005661,0.004201,49.253513,0.742299,0.672661,0.028093,25095114.4
HK,1359,2023-09-06,1.282955,0.71294,0.70657,0.70657,0.717295,0.709626,0.712096,-0.00247,-0.005023,0.005106,51.750346,0.739178,0.673962,0.027386,24270714.4
HK,1359,2023-09-07,-1.266704,0.71112,0.7093,0.705205,0.716838,0.709576,0.711889,-0.002313,-0.004481,0.004336,49.146241,0.734818,0.675592,0.02673,23065314.4
HK,1359,2023-09-11,1.282955,0.71476,0.71112,0.705205,0.716533,0.710933,0.712371,-0.001438,-0.003872,0.004869,51.760409,0.734818,0.675592,0.026771,21499774.0
HK,1359,2023-09-12,-1.266704,0.71294,0.71294,0.705205,0.716077,0.710682,0.712144,-0.001462,-0.00339,0.003857,49.045269,0.734818,0.675592,0.026159,20058503.4
HK,1359,2023-09-13,0.0,0.71294,0.71385,0.70566,0.715478,0.710469,0.711933,-0.001464,-0.003005,0.003083,49.045269,0.735231,0.676089,0.02559,22627019.2
HK,1359,2023-09-14,2.56591,0.71476,0.71385,0.706115,0.715043,0.713089,0.713086,3e-06,-0.002403,0.004813,54.572558,0.736719,0.675511,0.025712,22643219.2
HK,1359,2023-09-15,0.0,0.7184,0.71476,0.70657,0.71489,0.715306,0.714154,0.001153,-0.001692,0.00569,54.572558,0.738146,0.674994,0.025176,24223198.2
HK,1359,2023-09-18,0.0,0.72022,0.71749,0.70748,0.714878,0.717182,0.715142,0.00204,-0.000946,0.005971,54.572558,0.740341,0.674619,0.024677,22747788.8
HK,1359,2023-09-19,0.0,0.72386,0.7184,0.708845,0.715148,0.71877,0.716058,0.002712,-0.000214,0.005852,54.572558,0.742638,0.675052,0.024215,20407294.8
HK,1359,2023-09-20,0.0,0.7275,0.72022,0.71203,0.716125,0.720113,0.716905,0.003208,0.00047,0.005475,54.572558,0.739692,0.684368,0.024435,18796460.4
HK,1359,2023-09-21,-1.250859,0.72568,0.72022,0.713395,0.71658,0.719849,0.717016,0.002833,0.000943,0.003781,50.597443,0.739438,0.687352,0.02399,17035660.4
HK,1359,2023-09-22,1.266704,0.72568,0.72204,0.71567,0.717035,0.721026,0.717793,0.003234,0.001401,0.003665,54.190895,0.738035,0.693305,0.023576,15398996.4
HK,1359,2023-09-25,1.250859,0.7275,0.72386,0.71749,0.71749,0.723422,0.719186,0.004237,0.001968,0.004537,57.518608,0.740439,0.694541,0.022542,14196196.4
HK,1359,2023-09-26,-3.706218,0.72386,0.72386,0.7184,0.71749,0.72125,0.718453,0.002796,0.002134,0.001325,46.585356,0.738337,0.698463,0.022882,15288396.4
HK,1359,2023-09-27,0.0,0.72022,0.72386,0.718855,0.71749,0.719411,0.717775,0.001636,0.002034,-0.000797,46.585356,0.737482,0.700228,0.021898,14453315.0
HK,1359,2023-09-28,2.56591,0.72204,0.72386,0.718855,0.71749,0.720656,0.718496,0.00216,0.002059,0.000201,53.429649,0.737482,0.700228,0.022934,16897915.0
HK,1359,2023-09-29,-1.250859,0.72022,0.72295,0.718855,0.717338,0.720309,0.718489,0.00182,0.002011,-0.000383,49.981157,0.737482,0.700228,0.022595,14950200.0
HK,1359,2023-10-03,-3.800111,0.71112,0.71931,0.7184,0.716732,0.715815,0.71646,-0.000645,0.00148,-0.00425,41.357242,0.739151,0.697649,0.024231,16621000.0
HK,1359,2023-10-04,-1.316741,0.70566,0.71476,0.71658,0.716125,0.710613,0.713907,-0.003295,0.000525,-0.00764,38.945039,0.742702,0.690458,0.024451,16858000.0
HK,1359,2023-10-05,-2.668622,0.69656,0.70839,0.714305,0.715367,0.703411,0.710196,-0.006785,-0.000937,-0.011696,34.598585,0.749064,0.679546,0.024004,17625251.6
HK,1359,2023-10-06,2.74179,0.68746,0.70475,0.712485,0.714912,0.700117,0.708107,-0.00799,-0.002348,-0.011286,41.615775,0.749906,0.675064,0.02424,13802051.6
HK,1359,2023-10-09,5.337243,0.68746,0.70384,0.71294,0.715063,0.70293,0.70887,-0.00594,-0.003066,-0.005748,52.575374,0.750416,0.675464,0.025108,17369644.4
HK,1359,2023-10-10,-2.533408,0.68928,0.7002,0.71203,0.714912,0.70251,0.708227,-0.005718,-0.003596,-0.004243,47.749029,0.749814,0.674246,0.024615,21436244.4
HK,1359,2023-10-11,0.0,0.69292,0.69929,0.711575,0.714457,0.702154,0.707633,-0.005478,-0.003973,-0.003011,47.749029,0.749697,0.673453,0.023507,25566156.8
HK,1359,2023-10-12,2.599257,0.70384,0.7002,0.71203,0.714457,0.704654,0.70843,-0.003777,-0.003934,0.000314,52.776646,0.75025,0.67381,0.023778,27471505.2
HK,1359,2023-10-13,-1.266704,0.7093,0.69838,0.71112,0.714608,0.705368,0.708495,-0.003126,-0.003772,0.001292,50.176926,0.748684,0.673556,0.023379,28938105.2
HK,1359,2023-10-16,-1.282955,0.70566,0.69656,0.709755,0.714457,0.704573,0.70788,-0.003307,-0.003679,0.000744,47.649227,0.74682,0.67269,0.023009,26994116.0
HK,1359,2023-10-17,1.299629,0.70748,0.69838,0.708845,0.714457,0.705301,0.707985,-0.002685,-0.00348,0.001591,50.34315,0.745005,0.672685,0.022666,24021116.0
HK,1359,2023-10-18,1.282955,0.71112,0.70202,0.70839,0.71476,0.707316,0.708757,-0.001441,-0.003072,0.003263,52.950514,0.743822,0.672958,0.021697,24561437.6
HK,1359,2023-10-19,-3.800111,0.70566,0.70475,0.70657,0.71476,0.704821,0.707449,-0.002628,-0.002984,0.000711,45.270777,0.741626,0.671514,0.022097,27269437.6
HK,1359,2023-10-20,0.0,0.70202,0.70566,0.705205,0.714305,0.70271,0.706238,-0.003528,-0.003092,-0.000871,45.270777,0.740437,0.669973,0.022469,27579057.6
HK,1359,2023-10-24,-1.316741,0.69838,0.70202,0.70293,0.713698,0.699524,0.704443,-0.004919,-0.003458,-0.002922,42.867245,0.737986,0.667874,0.022164,28566056.0
HK,1359,2023-10-25,0.0,0.69292,0.7002,0.7002,0.712788,0.696828,0.70278,-0.005952,-0.003957,-0.003991,42.867245,0.732757,0.667643,0.021881,26503002.0
HK,1359,2023-10-26,-1.334311,0.68382,0.69747,0.69838,0.711423,0.693147,0.700567,-0.00742,-0.004649,-0.005542,40.380815,0.73272,0.66404,0.021618,20911368.0
HK,1359,2023-10-27,4.057066,0.68564,0.69565,0.697925,0.710665,0.694232,0.70054,-0.006308,-0.004981,-0.002654,49.789907,0.731913,0.663937,0.022024,17233968.0
HK,1359,2023-10-30,0.0,0.68746,0.69474,0.69656,0.709755,0.69515,0.700514,-0.005364,-0.005058,-0.000614,49.789907,0.727766,0.665354,0.0211,14101748.0
HK,1359,2023-10-31,-1.299629,0.68928,0.69383,0.695195,0.708997,0.694527,0.699817,-0.00529,-0.005104,-0.000372,46.926842,0.724808,0.665582,0.021543,14384462.8
HK,1359,2023-11-01,1.316741,0.69292,0.69292,0.69565,0.708238,0.6954,0.699845,-0.004446,-0.004972,0.001053,50.021803,0.725277,0.666023,0.020654,12405716.8
HK,1359,2023-11-02,-1.299629,0.69656,0.69019,0.696105,0.707177,0.694738,0.699198,-0.004459,-0.00487,0.000821,47.066021,0.725154,0.667056,0.020479,13273516.8
HK,1359,2023-11-03,1.316741,0.69656,0.6911,0.697925,0.70657,0.695579,0.699272,-0.003693,-0.004635,0.001882,50.232959,0.722929,0.672921,0.020316,11579716.8
HK,1359,2023-11-06,2.599257,0.7002,0.69383,0.699745,0.706267,0.69909,0.700689,-0.001599,-0.004028,0.004856,55.913912,0.725144,0.674346,0.020165,14377024.4
HK,1359,2023-11-07,-2.533408,0.70202,0.69565,0.698835,0.70566,0.69926,0.700653,-0.001392,-0.0035,0.004216,49.792796,0.722756,0.674914,0.020025,14749107.6
HK,1359,2023-11-08,1.299629,0.70384,0.69838,0.69929,0.705508,0.700805,0.701293,-0.000488,-0.002898,0.00482,52.587637,0.72364,0.67494,0.020544,18161612.0
HK,1359,2023-11-09,-1.282955,0.70566,0.70111,0.69929,0.705357,0.700712,0.701212,-0.0005,-0.002418,0.003836,49.613406,0.72364,0.67494,0.020377,18753612.0
HK,1359,2023-11-10,0.0,0.70566,0.70111,0.69838,0.705357,0.700633,0.701137,-0.000504,-0.002036,0.003063,49.613406,0.721112,0.675648,0.020221,18875812.6
HK,1359,2023-11-13,0.0,0.70202,0.70111,0.697925,0.705053,0.700566,0.701068,-0.000501,-0.001729,0.002455,49.613406,0.720122,0.675728,0.019427,16618400.4
HK,1359,2023-11-14,0.0,0.70202,0.70202,0.697925,0.70475,0.70051,0.701003,-0.000493,-0.001482,0.001977,49.613406,0.720122,0.675728,0.019339,27757665.4
HK,1359,2023-11-15,2.599257,0.70384,0.70384,0.69838,0.704902,0.703262,0.702292,0.00097,-0.000991,0.003923,56.267169,0.721829,0.674931,0.019258,30976697.0
HK,1359,2023-11-16,0.0,0.70748,0.70657,0.69838,0.705205,0.705591,0.703485,0.002106,-0.000372,0.004956,56.267169,0.721829,0.674931,0.019182,32167068.6
HK,1359,2023-11-17,0.0,0.71112,0.70839,0.699745,0.706115,0.707562,0.70459,0.002972,0.000297,0.00535,56.267169,0.724483,0.675007,0.019112,32589868.0
HK,1359,2023-11-20,-1.266704,0.71294,0.70748,0.700655,0.706418,0.707829,0.704939,0.00289,0.000816,0.004149,51.980528,0.725393,0.675917,0.019047,34123372.6
HK,1359,2023-11-21,0.0,0.71476,0.70839,0.70202,0.706873,0.708056,0.705262,0.002793,0.001211,0.003165,51.980528,0.725469,0.678571,0.018987,26088667.6
HK,1359,2023-11-22,0.0,0.71294,0.70839,0.703385,0.707025,0.708247,0.705561,0.002686,0.001506,0.00236,51.980528,0.72513,0.68164,0.01893,21822331.6
HK,1359,2023-11-23,2.56591,0.71476,0.71112,0.706115,0.707632,0.711209,0.707186,0.004023,0.002009,0.004027,59.657781,0.72544,0.68679,0.018878,20579760.0
HK,1359,2023-11-24,1.250859,0.7184,0.71476,0.707935,0.708238,0.715115,0.709365,0.00575,0.002758,0.005985,62.855482,0.731153,0.684717,0.01948,26849160.0
HK,1359,2023-11-27,-2.470812,0.72022,0.71658,0.708845,0.708087,0.715621,0.710034,0.005586,0.003323,0.004526,53.689444,0.732206,0.685484,0.020038,29509960.0
HK,1359,2023-11-28,-1.266704,0.72022,0.71749,0.709755,0.707935,0.714648,0.70998,0.004668,0.003592,0.002152,49.780558,0.731652,0.687858,0.019257,25712600.0
HK,1359,2023-11-29,-2.56591,0.71658,0.71476,0.7093,0.707783,0.711025,0.708581,0.002444,0.003363,-0.001837,43.032547,0.732321,0.686279,0.020482,29058600.0
HK,1359,2023-11-30,0.0,0.7093,0.71203,0.7093,0.707328,0.70796,0.707286,0.000674,0.002825,-0.004303,43.032547,0.732321,0.686279,0.020319,35083818.6
HK,1359,2023-12-01,1.316741,0.70202,0.71021,0.7093,0.707177,0.706766,0.706762,5e-06,0.002261,-0.004512,47.184184,0.732321,0.686279,0.020167,31878918.2
HK,1359,2023-12-04,-3.898886,0.69292,0.70657,0.707025,0.706418,0.701556,0.704253,-0.002697,0.001269,-0.007933,38.191904,0.734552,0.679498,0.020677,32959743.6
HK,1359,2023-12-05,0.0,0.68564,0.70293,0.70566,0.705812,0.697147,0.701931,-0.004783,5.9e-05,-0.009684,38.191904,0.736866,0.674454,0.0205,35032943.6
HK,1359,2023-12-06,1.352355,0.68382,0.7002,0.704295,0.705205,0.694817,0.700454,-0.005637,-0.001081,-0.009114,42.433154,0.737093,0.671497,0.020986,40153255.0
HK,1359,2023-12-07,-1.334311,0.68018,0.69474,0.70293,0.704598,0.691445,0.698413,-0.006968,-0.002258,-0.00942,39.513204,0.738455,0.667405,0.020787,34586236.4
HK,1359,2023-12-08,-1.352355,0.6729,0.68746,0.70111,0.70384,0.687192,0.695849,-0.008657,-0.003538,-0.010239,36.787053,0.740525,0.661695,0.020602,35809336.8
HK,1359,2023-12-11,0.0,0.67108,0.682,0.69929,0.702778,0.683593,0.693475,-0.009882,-0.004807,-0.010151,36.787053,0.741934,0.656646,0.02108,35989911.4
HK,1359,2023-12-12,2.74179,0.6729,0.67927,0.69838,0.70202,0.683348,0.692625,-0.009277,-0.005701,-0.007153,45.507586,0.741679,0.655081,0.020875,35954372.0
HK,1359,2023-12-13,-1.334311,0.67108,0.67745,0.696105,0.70111,0.681741,0.691164,-0.009423,-0.006445,-0.005956,42.360877,0.739738,0.652472,0.021334,28449541.4
HK,1359,2023-12-14,0.0,0.67108,0.67563,0.69383,0.7002,0.680381,0.689811,-0.009431,-0.007042,-0.004776,42.360877,0.73732,0.65034,0.02111,27039141.4
HK,1359,2023-12-15,2.704711,0.67654,0.67472,0.692465,0.699593,0.68203,0.689907,-0.007877,-0.007209,-0.001335,50.32772,0.734473,0.650457,0.022202,28383621.2
HK,1359,2023-12-18,-1.316741,0.68018,0.67563,0.6911,0.698987,0.682025,0.689321,-0.007296,-0.007227,-0.000138,46.841503,0.732602,0.649598,0.021916,21907463.4
HK,1359,2023-12-19,-1.334311,0.67836,0.67563,0.68928,0.698077,0.680621,0.688105,-0.007483,-0.007278,-0.000411,43.589759,0.730622,0.647938,0.021651,20317602.8
HK,1359,2023-12-20,0.0,0.67836,0.67472,0.68746,0.697015,0.679433,0.686978,-0.007545,-0.007331,-0.000427,43.589759,0.728319,0.646601,0.021404,20435322.0
HK,1359,2023-12-21,0.0,0.67836,0.67472,0.68473,0.696408,0.678428,0.685936,-0.007507,-0.007367,-0.000281,43.589759,0.721627,0.647833,0.021175,21064820.0
HK,1359,2023-12-22,0.0,0.67472,0.67563,0.681545,0.695802,0.677578,0.68497,-0.007392,-0.007372,-4.1e-05,43.589759,0.710018,0.653072,0.021613,16781850.0
HK,1359,2023-12-27,1.352355,0.67472,0.67745,0.679725,0.695043,0.678258,0.68475,-0.006492,-0.007196,0.001408,48.407169,0.702656,0.656794,0.021369,18940261.8
HK,1359,2023-12-28,2.668622,0.68018,0.67927,0.67927,0.69474,0.681634,0.685894,-0.004261,-0.006609,0.004696,56.422674,0.700101,0.658439,0.022443,19883461.8
HK,1359,2023-12-29,1.299629,0.68746,0.68291,0.68018,0.695043,0.68589,0.687628,-0.001738,-0.005635,0.007793,59.786747,0.704325,0.656035,0.02149,18657334.4
HK,1359,2024-01-02,-2.56591,0.6911,0.68473,0.68018,0.695195,0.686692,0.687885,-0.001194,-0.004746,0.007105,51.263118,0.704325,0.656035,0.021255,17282557.4
HK,1359,2024-01-03,0.0,0.69474,0.68473,0.679725,0.69565,0.68737,0.688123,-0.000754,-0.003948,0.006388,51.263118,0.702656,0.656794,0.021036,17101047.6
HK,1359,2024-01-04,0.0,0.69656,0.68564,0.680635,0.695802,0.687944,0.688344,-0.0004,-0.003238,0.005676,51.263118,0.703853,0.657417,0.020834,18013911.8
HK,1359,2024-01-05,0.0,0.69474,0.68746,0.681545,0.695347,0.688429,0.688548,-0.000119,-0.002614,0.004991,51.263118,0.704906,0.658184,0.020646,17079286.4
HK,1359,2024-01-08,-3.950224,0.68564,0.68655,0.680635,0.69474,0.68464,0.686715,-0.002075,-0.002506,0.000864,39.811678,0.705239,0.656031,0.021121,21725029.8
HK,1359,2024-01-09,0.0,0.68018,0.68564,0.68018,0.694133,0.681434,0.685018,-0.003584,-0.002722,-0.001723,39.811678,0.70566,0.6547,0.020912,24136908.8
HK,1359,2024-01-10,-1.370895,0.6729,0.68382,0.679725,0.693072,0.677321,0.682772,-0.005451,-0.003268,-0.004366,36.646919,0.706643,0.652807,0.020719,25431204.0
HK,1359,2024-01-11,2.779899,0.66926,0.68291,0.68018,0.692465,0.676641,0.682041,-0.0054,-0.003694,-0.003411,45.908295,0.706302,0.654058,0.021189,26009816.6
HK,1359,2024-01-12,-1.352355,0.6638,0.67927,0.67927,0.691858,0.674665,0.680689,-0.006024,-0.00416,-0.003728,42.558282,0.706326,0.652214,0.020975,24174222.6
HK,1359,2024-01-15,0.0,0.6638,0.67472,0.678815,0.6911,0.672994,0.679438,-0.006445,-0.004617,-0.003655,42.558282,0.706581,0.651049,0.020127,21296232.0
HK,1359,2024-01-16,-1.370895,0.66198,0.67108,0.677905,0.690038,0.670179,0.677606,-0.007426,-0.005179,-0.004495,39.2376,0.707518,0.648292,0.020639,21743073.6
HK,1359,2024-01-17,-4.169849,0.65652,0.66471,0.67472,0.688977,0.663598,0.673887,-0.010289,-0.006201,-0.008176,31.337779,0.710938,0.638502,0.021115,30329227.4
HK,1359,2024-01-18,1.45043,0.64924,0.65925,0.672445,0.688067,0.659429,0.671117,-0.011688,-0.007298,-0.00878,35.96575,0.712101,0.632789,0.021557,33527128.0
HK,1359,2024-01-19,-1.429694,0.64196,0.65288,0.67017,0.687157,0.654501,0.667879,-0.013378,-0.008514,-0.009727,33.531786,0.714415,0.625925,0.020667,34889512.6
HK,1359,2024-01-22,-2.884922,0.63106,0.64743,0.66699,0.685945,0.647547,0.66354,-0.015993,-0.01001,-0.011965,29.286437,0.718533,0.615447,0.021784,42575287.2
HK,1359,2024-01-23,2.970622,0.6256,0.64379,0.664715,0.685187,0.644448,0.660863,-0.016415,-0.011291,-0.010248,37.771081,0.71896,0.61047,0.022171,48210283.8
HK,1359,2024-01-24,4.351291,0.63106,0.64379,0.663805,0.684428,0.646025,0.660406,-0.014381,-0.011909,-0.004945,47.920995,0.718081,0.609529,0.023837,52139726.2
HK,1359,2024-01-25,6.949748,0.6438,0.64652,0.664715,0.684428,0.65436,0.663354,-0.008994,-0.011326,0.004663,59.714698,0.720762,0.608668,0.026684,57547943.0
HK,1359,2024-01-26,0.0,0.65836,0.65016,0.664715,0.68458,0.661412,0.666083,-0.004671,-0.009995,0.010648,59.714698,0.720762,0.608668,0.026728,64094874.8
HK,1359,2024-01-29,2.599257,0.68018,0.65562,0.66517,0.684883,0.670179,0.669959,0.000221,-0.007952,0.016345,63.544528,0.722783,0.607557,0.028719,66977874.8
HK,1359,2024-01-30,-5.066815,0.6911,0.65835,0.664715,0.684732,0.671998,0.670851,0.001147,-0.006132,0.014559,52.744502,0.721641,0.607789,0.029268,65114314.4
HK,1359,2024-01-31,0.0,0.69656,0.66381,0.66426,0.684428,0.673537,0.671677,0.00186,-0.004534,0.012788,52.744502,0.720477,0.608043,0.029127,55449223.0
HK,1359,2024-02-01,-2.668622,0.68928,0.66654,0.662895,0.683518,0.672039,0.671093,0.000946,-0.003438,0.008767,48.012545,0.717748,0.608042,0.028997,48438774.8
HK,1359,2024-02-02,-1.370895,0.68018,0.66927,0.661075,0.68276,0.669371,0.669879,-0.000508,-0.002852,0.004688,45.800041,0.714459,0.607691,0.029526,45606347.0
HK,1359,2024-02-05,-1.38995,0.66562,0.6729,0.660165,0.681698,0.665714,0.66808,-0.002366,-0.002755,0.000777,43.634606,0.713952,0.606378,0.029367,36889547.0
HK,1359,2024-02-06,5.638166,0.66562,0.67836,0.661075,0.681395,0.66822,0.669111,-0.000892,-0.002382,0.002981,53.171997,0.715686,0.606464,0.030519,33728669.2
HK,1359,2024-02-07,-1.334311,0.6638,0.68018,0.661985,0.68094,0.66894,0.669392,-0.000452,-0.001996,0.003088,50.855255,0.716747,0.607223,0.030289,30767283.2
HK,1359,2024-02-08,1.352355,0.66744,0.67836,0.66244,0.680637,0.670949,0.670326,0.000623,-0.001472,0.004191,53.057887,0.717707,0.607173,0.029426,26650760.0
HK,1359,2024-02-09,-1.334311,0.67108,0.67563,0.662895,0.680182,0.671249,0.670517,0.000732,-0.001031,0.003528,50.614864,0.718348,0.607442,0.029274,21326694.4
HK,1359,2024-02-14,-1.352355,0.67472,0.67017,0.662895,0.679272,0.670103,0.670019,8.4e-05,-0.000808,0.001785,48.223629,0.718348,0.607442,0.029133,17301327.0
HK,1359,2024-02-15,-1.370895,0.66926,0.66744,0.662895,0.67821,0.667733,0.668884,-0.001151,-0.000877,-0.000548,45.8889,0.718348,0.607442,0.028352,13007110.0
HK,1359,2024-02-16,8.339698,0.67654,0.67017,0.66699,0.678058,0.674128,0.671878,0.00225,-0.000251,0.005003,58.782952,0.723441,0.610539,0.030877,12535496.0
HK,1359,2024-02-19,-2.56591,0.67836,0.6729,0.66972,0.677755,0.676739,0.673302,0.003437,0.000486,0.005902,54.150912,0.725283,0.614157,0.030621,13140019.2
HK,1359,2024-02-20,1.316741,0.68382,0.67745,0.67336,0.677603,0.680349,0.675294,0.005054,0.0014,0.007309,56.017117,0.726856,0.619864,0.030384,16065876.0
HK,1359,2024-02-21,3.898886,0.69656,0.68564,0.67927,0.677907,0.687603,0.679162,0.008441,0.002808,0.011266,61.128784,0.729146,0.629394,0.030814,29175844.2
HK,1359,2024-02-22,0.0,0.71112,0.69019,0.684275,0.677907,0.693741,0.682742,0.010999,0.004446,0.013105,61.128784,0.732385,0.636165,0.030563,36266921.2
HK,1359,2024-02-23,-1.250859,0.71294,0.69474,0.68746,0.677603,0.697534,0.685383,0.012151,0.005987,0.012328,58.500418,0.73575,0.63917,0.03033,38134454.0
HK,1359,2024-02-26,-1.266704,0.71658,0.69747,0.687915,0.677452,0.699345,0.687155,0.01219,0.007228,0.009924,55.911455,0.736844,0.638986,0.029463,40562145.0
HK,1359,2024-02-27,0.0,0.7184,0.70111,0.68837,0.677452,0.700876,0.688795,0.012081,0.008198,0.007765,55.911455,0.737913,0.638827,0.028659,41901699.8
HK,1359,2024-02-28,-3.848865,0.7093,0.70293,0.68655,0.6773,0.697972,0.688292,0.00968,0.008495,0.002371,48.451078,0.734184,0.638916,0.028562,35559699.0
HK,1359,2024-02-29,0.0,0.7002,0.70566,0.68655,0.677148,0.695515,0.687826,0.007689,0.008333,-0.001289,48.451078,0.734184,0.638916,0.028472,39069439.0
HK,1359,2024-03-01,1.334311,0.69474,0.70384,0.687005,0.676997,0.694836,0.688068,0.006767,0.00802,-0.002506,50.979701,0.73463,0.63938,0.028388,43583114.2
HK,1359,2024-03-04,-3.950224,0.68564,0.70111,0.687005,0.676845,0.690061,0.686271,0.00379,0.007174,-0.006768,44.005737,0.73463,0.63938,0.02831,52355023.2
HK,1359,2024-03-05,0.0,0.67654,0.69747,0.68746,0.676693,0.686021,0.684606,0.001414,0.006022,-0.009216,44.005737,0.734004,0.640916,0.028238,54771050.4
HK,1359,2024-03-06,-1.370895,0.67108,0.69019,0.687915,0.676238,0.681202,0.682391,-0.001189,0.00458,-0.011538,41.795397,0.732967,0.642863,0.027521,57155650.4
HK,1359,2024-03-07,0.0,0.66562,0.68291,0.68655,0.675935,0.677125,0.68034,-0.003215,0.003021,-0.012472,41.795397,0.733835,0.639265,0.026855,54606403.0
HK,1359,2024-03-08,2.779899,0.66198,0.67836,0.68655,0.676087,0.676475,0.679789,-0.003314,0.001754,-0.010136,47.868984,0.733835,0.639265,0.026237,49488595.0
HK,1359,2024-03-11,0.0,0.6638,0.67472,0.686095,0.676238,0.675925,0.679278,-0.003354,0.000733,-0.008172,47.868984,0.73372,0.63847,0.025663,39335959.6
HK,1359,2024-03-12,1.352355,0.66744,0.67199,0.68655,0.676238,0.67686,0.67948,-0.00262,6.2e-05,-0.005365,50.843448,0.733835,0.639265,0.02643,48831627.8
HK,1359,2024-03-13,-1.334311,0.67108,0.67108,0.687005,0.676238,0.67625,0.678993,-0.002742,-0.000499,-0.004487,47.900151,0.733575,0.640435,0.025842,47081227.8
HK,1359,2024-03-14,0.0,0.67472,0.67017,0.687915,0.676238,0.675735,0.678541,-0.002806,-0.00096,-0.003692,47.900151,0.732598,0.643232,0.025296,43106875.2
HK,1359,2024-03-15,-4.057066,0.66926,0.66562,0.68473,0.67548,0.671099,0.676101,-0.005002,-0.001769,-0.006467,39.869812,0.731875,0.637585,0.025439,70601852.2
HK,1359,2024-03-18,1.409542,0.66562,0.66471,0.68291,0.675025,0.668576,0.674516,-0.00594,-0.002603,-0.006674,43.2831,0.731712,0.634108,0.024922,82089995.2
HK,1359,2024-03-19,-1.38995,0.65834,0.66289,0.68018,0.67457,0.665041,0.672374,-0.007333,-0.003549,-0.007568,40.789572,0.730879,0.629481,0.023792,72655969.8
HK,1359,2024-03-20,-1.409542,0.65106,0.66107,0.67563,0.673963,0.66065,0.669717,-0.009066,-0.004653,-0.008828,38.406768,0.724837,0.626423,0.023393,68706197.0
HK,1359,2024-03-21,1.429694,0.6456,0.66016,0.671535,0.673508,0.658335,0.66793,-0.009595,-0.005641,-0.007909,42.052293,0.716218,0.626852,0.023022,70065251.0
HK,1359,2024-03-22,-2.819083,0.64196,0.65561,0.666985,0.67275,0.653576,0.664928,-0.011352,-0.006783,-0.009138,37.297598,0.71016,0.62381,0.023327,51578552.4
HK,1359,2024-03-25,0.0,0.6365,0.65106,0.66289,0.67184,0.649549,0.662148,-0.0126,-0.007947,-0.009306,37.297598,0.70475,0.62103,0.022961,48408044.8
HK,1359,2024-03-26,-2.884922,0.62924,0.64379,0.65789,0.670325,0.643356,0.658234,-0.014877,-0.009333,-0.011089,32.994765,0.700268,0.615512,0.023264,56012370.6
HK,1359,2024-03-27,-1.493517,0.62198,0.63652,0.6538,0.668507,0.636717,0.653935,-0.017218,-0.01091,-0.012616,31.054985,0.701532,0.606068,0.023545,69042515.6
HK,1359,2024-03-28,-1.516161,0.61108,0.62834,0.649255,0.66684,0.629699,0.64928,-0.019581,-0.012644,-0.013875,29.205876,0.702386,0.596124,0.023163,79186468.0
HK,1359,2024-04-02,1.539503,0.60564,0.6238,0.64471,0.665325,0.625161,0.645645,-0.020484,-0.014212,-0.012544,33.471878,0.698295,0.591125,0.022809,72172072.8
HK,1359,2024-04-03,0.0,0.6002,0.61835,0.64153,0.66381,0.621321,0.642278,-0.020958,-0.015561,-0.010793,33.471878,0.697693,0.585367,0.02183,69546872.8
HK,1359,2024-04-05,-3.032323,0.59474,0.61199,0.63744,0.661992,0.615271,0.637813,-0.022542,-0.016957,-0.011169,29.367145,0.698242,0.576638,0.02287,60221384.4
HK,1359,2024-04-08,3.127148,0.59474,0.60836,0.634715,0.660932,0.612953,0.635027,-0.022075,-0.017981,-0.008188,37.607097,0.697045,0.572385,0.023187,51626612.2
HK,1359,2024-04-09,0.0,0.59656,0.60382,0.63199,0.659872,0.610991,0.632447,-0.021457,-0.018676,-0.005561,37.607097,0.695343,0.568637,0.02218,42404083.6
HK,1359,2024-04-10,-1.516161,0.59474,0.60019,0.6279,0.658812,0.607931,0.629385,-0.021454,-0.019232,-0.004445,35.224235,0.690721,0.565079,0.021896,47329259.4
HK,1359,2024-04-11,1.539503,0.59474,0.59747,0.624265,0.6576,0.606741,0.627223,-0.020482,-0.019482,-0.002,39.361936,0.684614,0.563916,0.022282,46837272.8
HK,1359,2024-04-12,-3.032323,0.59474,0.59474,0.619265,0.656237,0.602935,0.623873,-0.020938,-0.019773,-0.00233,34.601409,0.676121,0.562409,0.021991,48725287.2
HK,1359,2024-04-15,0.0,0.5911,0.59292,0.61472,0.654873,0.599714,0.620771,-0.021057,-0.02003,-0.002055,34.601409,0.668128,0.561312,0.02172,48386943.2
HK,1359,2024-04-16,-1.563574,0.58564,0.5911,0.60972,0.65351,0.595589,0.617225,-0.021636,-0.020351,-0.002571,32.333769,0.658966,0.560474,0.020818,50273708.4
HK,1359,2024-04-17,0.0,0.582,0.58837,0.606085,0.652602,0.592098,0.613942,-0.021844,-0.02065,-0.002388,32.333769,0.654932,0.557238,0.019981,47653849.4
HK,1359,2024-04-18,1.58841,0.57836,0.58655,0.60245,0.651693,0.590545,0.611576,-0.021031,-0.020726,-0.00061,37.113539,0.646908,0.557992,0.020504,53351335.8
HK,1359,2024-04-19,1.563574,0.58018,0.58746,0.599725,0.651088,0.59063,0.610059,-0.019429,-0.020466,0.002075,41.559195,0.639727,0.559723,0.02034,54026662.6
HK,1359,2024-04-22,3.079005,0.58564,0.58837,0.598365,0.651088,0.593502,0.610003,-0.0165,-0.019673,0.006346,49.281698,0.634979,0.561751,0.020187,51359206.6
HK,1359,2024-04-23,0.0,0.59292,0.58928,0.59655,0.650787,0.595933,0.609951,-0.014018,-0.018542,0.009048,49.281698,0.626635,0.566465,0.020038,52788963.6
HK,1359,2024-04-24,1.477105,0.602,0.592,0.596095,0.65018,0.599374,0.610569,-0.011195,-0.017073,0.011755,52.854604,0.62453,0.56766,0.020549,54225517.4
HK,1359,2024-04-25,-1.455604,0.60746,0.59291,0.59519,0.648665,0.600901,0.610475,-0.009574,-0.015573,0.011998,49.127542,0.62057,0.56981,0.020374,52136637.6
HK,1359,2024-04-26,4.464139,0.61654,0.59836,0.59655,0.647603,0.606378,0.612403,-0.006025,-0.013664,0.015277,58.623676,0.627181,0.565919,0.021512,61706417.2
HK,1359,2024-04-29,4.289081,0.62744,0.60654,0.59973,0.646693,0.615212,0.61621,-0.000998,-0.01113,0.020265,65.570326,0.642152,0.557308,0.022575,76049069.6
HK,1359,2024-04-30,-2.74179,0.6347,0.61381,0.602455,0.646087,0.619887,0.618387,0.0015,-0.008604,0.020209,58.516927,0.649101,0.555809,0.022913,83131454.6
HK,1359,2024-05-02,2.819083,0.6438,0.6229,0.605635,0.645783,0.626643,0.621751,0.004892,-0.005905,0.021594,62.823611,0.659366,0.551904,0.023876,78725099.2
HK,1359,2024-05-03,0.0,0.6547,0.63108,0.608815,0.645783,0.632359,0.624866,0.007494,-0.003225,0.021438,62.823611,0.668122,0.549508,0.024121,75108818.8
HK,1359,2024-05-06,0.0,0.66016,0.63835,0.612905,0.645935,0.637196,0.62775,0.009447,-0.000691,0.020275,62.823611,0.675445,0.550365,0.023698,70317271.6
HK,1359,2024-05-07,0.0,0.66016,0.6438,0.616085,0.646238,0.641289,0.63042,0.010869,0.001621,0.018496,62.823611,0.682089,0.550081,0.023305,55452619.2
HK,1359,2024-05-08,-2.74179,0.66016,0.64743,0.618355,0.645632,0.641952,0.631545,0.010408,0.003378,0.014059,55.125824,0.685136,0.551574,0.02359,53605906.4
HK,1359,2024-05-09,2.819083,0.66016,0.65198,0.62199,0.64548,0.645314,0.633934,0.01138,0.004979,0.012802,60.356945,0.690337,0.553643,0.023855,63922205.6
HK,1359,2024-05-10,5.483579,0.66744,0.66107,0.62699,0.645783,0.653758,0.638843,0.014915,0.006966,0.015898,68.312947,0.702487,0.551493,0.025401,88442372.4
HK,1359,2024-05-13,1.299629,0.67654,0.66835,0.633355,0.64639,0.662303,0.644062,0.018241,0.009221,0.01804,69.9373,0.713902,0.552808,0.026187,94439065.2
HK,1359,2024-05-14,-2.56591,0.682,0.67108,0.63881,0.646845,0.666733,0.647546,0.019187,0.011214,0.015946,62.983242,0.719484,0.558136,0.026267,107559599.8
HK,1359,2024-05-16,2.633483,0.69474,0.67745,0.64563,0.647755,0.673282,0.65212,0.021161,0.013204,0.015916,66.563654,0.725924,0.565336,0.02829,127830235.4
HK,1359,2024-05-17,3.848865,0.7093,0.68473,0.653815,0.64821,0.683023,0.658378,0.024645,0.015492,0.018306,71.081993,0.736134,0.571496,0.02887,141354439.4
HK,1359,2024-05-20,2.470812,0.72022,0.69383,0.662455,0.649272,0.694066,0.66552,0.028545,0.018103,0.020885,73.639448,0.748976,0.575934,0.03005,142148864.6
HK,1359,2024-05-21,-4.82247,0.72204,0.69929,0.66882,0.649575,0.697809,0.669437,0.028372,0.020156,0.016431,61.856827,0.752076,0.585564,0.030504,146687395.6
HK,1359,2024-05-22,2.533408,0.73114,0.70657,0.675185,0.649727,0.703777,0.674412,0.029365,0.021998,0.014733,64.882421,0.75873,0.59164,0.030275,146026601.0
HK,1359,2024-05-23,-2.470812,0.73296,0.71385,0.68064,0.649575,0.706027,0.677671,0.028356,0.02327,0.010173,59.776122,0.760428,0.600852,0.030063,131543189.4
HK,1359,2024-05-24,0.0,0.72932,0.71931,0.685645,0.649575,0.70793,0.680688,0.027243,0.024064,0.006357,59.776122,0.76163,0.60966,0.029215,120934626.6
HK,1359,2024-05-27,2.533408,0.72568,0.72295,0.69201,0.65003,0.712341,0.684829,0.027512,0.024754,0.005516,63.140452,0.762475,0.621545,0.030378,108523039.0
HK,1359,2024-05-28,0.0,0.72932,0.72568,0.697015,0.650485,0.716073,0.688664,0.027409,0.025285,0.004248,63.140452,0.76518,0.62885,0.029509,96205519.0
HK,1359,2024-05-29,0.0,0.72932,0.73023,0.700655,0.651395,0.719231,0.692215,0.027016,0.025631,0.00277,63.140452,0.769111,0.632199,0.029351,93590781.0
HK,1359,2024-05-30,-4.941624,0.72568,0.72932,0.703385,0.651698,0.716303,0.692807,0.023497,0.025204,-0.003415,52.228421,0.767026,0.639744,0.030504,96985104.8
HK,1359,2024-05-31,-2.599257,0.7184,0.72386,0.704295,0.651547,0.711026,0.692006,0.01902,0.023967,-0.009895,47.781941,0.766142,0.642448,0.031575,268884560.6
HK,1359,2024-06-03,4.002933,0.71294,0.71931,0.70657,0.652305,0.71076,0.693287,0.017473,0.022669,-0.01039,54.095071,0.765573,0.647567,0.03192,291587507.6
HK,1359,2024-06-04,1.282955,0.7093,0.71931,0.7093,0.653215,0.711936,0.695147,0.016788,0.021493,-0.009408,56.004467,0.7651,0.6535,0.03159,292596617.6
HK,1359,2024-06-05,-2.533408,0.70202,0.71567,0.71112,0.653973,0.71013,0.695522,0.014609,0.020116,-0.011014,51.399658,0.76311,0.65913,0.031284,293647239.4
HK,1359,2024-06-06,-1.299629,0.7002,0.71294,0.713395,0.65458,0.707202,0.695194,0.012008,0.018494,-0.012972,49.220496,0.757028,0.669762,0.030349,284597419.4
HK,1359,2024-06-07,1.316741,0.70384,0.71112,0.715215,0.655035,0.706125,0.695565,0.01056,0.016907,-0.012694,51.437737,0.753076,0.677354,0.029481,106978279.6
HK,1359,2024-06-11,-3.898886,0.69656,0.70475,0.71385,0.655035,0.701014,0.693886,0.007128,0.014952,-0.015648,45.078565,0.755551,0.672149,0.029975,83068188.6
HK,1359,2024-06-12,-1.352355,0.68564,0.69747,0.711575,0.654732,0.695288,0.691657,0.003631,0.012687,-0.018113,43.163014,0.758641,0.664509,0.028484,75980935.2
HK,1359,2024-06-13,1.370895,0.68018,0.6911,0.710665,0.654732,0.691844,0.690268,0.001576,0.010465,-0.017778,45.65019,0.759931,0.661399,0.02775,63772553.4
HK,1359,2024-06-14,0.0,0.67654,0.68837,0.708845,0.654732,0.68893,0.688981,-5.2e-05,0.008362,-0.016827,45.65019,0.760795,0.656895,0.027068,56923053.4
HK,1359,2024-06-17,-1.352355,0.66926,0.68655,0.705205,0.655035,0.685064,0.687116,-0.002053,0.006279,-0.016663,43.445296,0.759034,0.651376,0.026434,50060198.6
HK,1359,2024-06-18,0.0,0.66744,0.682,0.700655,0.655187,0.681792,0.685389,-0.003597,0.004304,-0.015801,43.445296,0.752285,0.649025,0.025846,37352893.4
HK,1359,2024-06-19,1.370895,0.66926,0.67745,0.69838,0.655642,0.680424,0.684464,-0.00404,0.002635,-0.01335,46.445236,0.750687,0.646073,0.0253,37594186.8
HK,1359,2024-06-20,-1.352355,0.66744,0.67381,0.69474,0.656097,0.677867,0.682933,-0.005067,0.001095,-0.012323,43.935412,0.746024,0.643456,0.024793,36969544.8
HK,1359,2024-06-21,-1.370895,0.6638,0.67017,0.691555,0.656248,0.674303,0.680842,-0.006539,-0.000432,-0.012215,41.519197,0.744453,0.638657,0.024322,38423207.0
HK,1359,2024-06-24,-1.38995,0.66016,0.66471,0.687915,0.656552,0.669887,0.678231,-0.008345,-0.002015,-0.01266,39.19771,0.7429,0.63293,0.024535,45345007.0
HK,1359,2024-06-25,0.0,0.65652,0.66198,0.683365,0.656855,0.66615,0.675814,-0.009664,-0.003544,-0.012239,39.19771,0.736512,0.630218,0.024082,47345712.2
HK,1359,2024-06-26,1.409542,0.65288,0.66107,0.67927,0.657612,0.664389,0.67425,-0.009862,-0.004808,-0.010107,42.900419,0.7278,0.63074,0.023662,48107746.2
HK,1359,2024-06-27,-4.169849,0.6456,0.65652,0.67381,0.658065,0.658698,0.67078,-0.012082,-0.006263,-0.011638,35.84756,0.719817,0.627803,0.024572,68311946.2
HK,1359,2024-06-28,1.59388,0.64214,0.65297,0.67067,0.658837,0.655422,0.668307,-0.012886,-0.007587,-0.010597,39.754615,0.717607,0.623733,0.024931,73120104.8
HK,1359,2024-07-02,1.537496,0.64246,0.65131,0.66893,0.65962,0.654157,0.666744,-0.012587,-0.008587,-0.008,43.393067,0.716631,0.621229,0.02455,65385304.8
HK,1359,2024-07-03,3.02843,0.6467,0.65161,0.666805,0.66073,0.656102,0.666748,-0.010646,-0.008999,-0.003294,49.908877,0.710763,0.622847,0.024897,64525893.2
HK,1359,2024-07-04,0.0,0.64912,0.651,0.664225,0.662143,0.657748,0.666752,-0.009004,-0.009,-8e-06,49.908877,0.701283,0.627167,0.024518,61654109.2
HK,1359,2024-07-05,0.0,0.657,0.6513,0.662555,0.663253,0.65914,0.666755,-0.007615,-0.008723,0.002216,49.908877,0.695791,0.629319,0.024167,45469109.2
HK,1359,2024-07-08,-2.939412,0.65896,0.65055,0.66036,0.664037,0.657303,0.665307,-0.008003,-0.008579,0.001151,43.635609,0.691497,0.629223,0.023841,37582988.4
HK,1359,2024-07-09,0.0,0.65896,0.65071,0.65771,0.664972,0.655749,0.663966,-0.008217,-0.008507,0.00058,43.635609,0.683374,0.632046,0.024238,41897588.4
HK,1359,2024-07-10,0.0,0.65504,0.65087,0.656425,0.665755,0.654434,0.662724,-0.00829,-0.008463,0.000347,43.635609,0.681484,0.631366,0.023907,38483274.4
HK,1359,2024-07-11,1.514215,0.65308,0.6511,0.656085,0.667005,0.654829,0.6623,-0.007471,-0.008265,0.001587,47.737904,0.680918,0.631252,0.023599,42846592.0
HK,1359,2024-07-12,1.491629,0.65308,0.65504,0.65578,0.668418,0.65667,0.662633,-0.005963,-0.007804,0.003683,51.536488,0.67992,0.63164,0.023313,45239473.6
HK,1359,2024-07-15,-1.469706,0.65504,0.657,0.654985,0.66982,0.656721,0.662216,-0.005495,-0.007342,0.003695,47.795338,0.67783,0.63214,0.023048,41331673.6
HK,1359,2024-07-16,1.491629,0.65896,0.65896,0.655135,0.671385,0.658272,0.662555,-0.004284,-0.006731,0.004894,51.580587,0.678247,0.632023,0.022802,37379873.6
HK,1359,2024-07-17,0.0,0.66288,0.65896,0.655285,0.672798,0.659584,0.66287,-0.003286,-0.006042,0.005511,51.580587,0.678658,0.631912,0.022573,37222148.4
HK,1359,2024-07-18,0.0,0.66484,0.65896,0.65498,0.67406,0.660694,0.663161,-0.002467,-0.005327,0.00572,51.580587,0.677572,0.632388,0.022361,35660230.8
HK,1359,2024-07-19,-1.469706,0.66288,0.65798,0.65464,0.674855,0.660126,0.662705,-0.002579,-0.004777,0.004397,47.297315,0.676892,0.632388,0.022164,32083149.2
HK,1359,2024-07-22,0.0,0.66288,0.65896,0.654755,0.67565,0.659645,0.662282,-0.002637,-0.004349,0.003424,47.297315,0.677031,0.632479,0.02128,31544949.2
HK,1359,2024-07-23,-1.491629,0.65896,0.65896,0.654835,0.676132,0.65773,0.661165,-0.003435,-0.004166,0.001463,43.142391,0.67699,0.63268,0.02116,28602749.2
HK,1359,2024-07-24,0.0,0.65504,0.65896,0.654915,0.676763,0.65611,0.66013,-0.00402,-0.004137,0.000234,43.142391,0.676948,0.632882,0.020349,26608000.0
HK,1359,2024-07-25,-4.542645,0.64524,0.65504,0.65307,0.676452,0.650216,0.656995,-0.006779,-0.004665,-0.004226,33.042975,0.680407,0.625733,0.021695,44150526.2
HK,1359,2024-07-26,-1.586274,0.63544,0.64916,0.6521,0.675522,0.643721,0.653366,-0.009644,-0.005661,-0.007966,30.481491,0.684006,0.620194,0.021546,46612726.2
HK,1359,2024-07-29,0.0,0.62564,0.64426,0.65063,0.674895,0.638226,0.650005,-0.011779,-0.006885,-0.009789,30.481491,0.687442,0.613818,0.020707,48568926.2
HK,1359,2024-07-30,0.0,0.6178,0.63838,0.64867,0.673965,0.633576,0.646894,-0.013318,-0.008171,-0.010293,30.481491,0.689912,0.607428,0.021328,55427065.2
HK,1359,2024-07-31,3.223684,0.61388,0.63446,0.64671,0.673362,0.632656,0.645464,-0.012808,-0.009099,-0.007419,41.759266,0.688045,0.605375,0.022604,61505760.6
HK,1359,2024-08-01,-1.561504,0.61388,0.62956,0.64426,0.672595,0.630371,0.643415,-0.013044,-0.009888,-0.006313,38.404517,0.686343,0.602177,0.02239,40226836.0
HK,1359,2024-08-02,0.0,0.61584,0.62564,0.64181,0.671828,0.628437,0.641518,-0.013081,-0.010527,-0.005109,38.404517,0.684064,0.599556,0.02219,37045236.0
HK,1359,2024-08-05,-1.586274,0.61584,0.62074,0.63985,0.671202,0.625293,0.639035,-0.013742,-0.01117,-0.005145,35.131328,0.684491,0.595209,0.022705,41450036.0
HK,1359,2024-08-06,0.0,0.61584,0.61682,0.63789,0.670272,0.622632,0.636736,-0.014104,-0.011757,-0.004695,35.131328,0.684468,0.591312,0.022484,38560322.6
HK,1359,2024-08-07,-1.611842,0.60996,0.61192,0.63544,0.668572,0.618873,0.633882,-0.015008,-0.012407,-0.005203,31.971118,0.684869,0.586011,0.022278,39456664.0
HK,1359,2024-08-08,0.0,0.60604,0.60996,0.6325,0.66672,0.615693,0.631239,-0.015546,-0.013035,-0.005022,31.971118,0.683422,0.581578,0.021386,39146262.4
HK,1359,2024-08-09,1.638248,0.60408,0.60996,0.62956,0.665335,0.614509,0.629517,-0.015008,-0.013429,-0.003157,38.397802,0.678989,0.580131,0.021259,36920262.4
HK,1359,2024-08-12,0.0,0.60408,0.60996,0.62711,0.663647,0.613508,0.627923,-0.014415,-0.013626,-0.001578,38.397802,0.675707,0.578513,0.02114,29757859.0
HK,1359,2024-08-13,1.611842,0.60604,0.61094,0.62466,0.661667,0.614168,0.627173,-0.013005,-0.013502,0.000994,44.480655,0.669825,0.579495,0.02103,26263153.2
HK,1359,2024-08-14,0.0,0.60996,0.60996,0.62221,0.659383,0.614727,0.626479,-0.011752,-0.013152,0.0028,44.480655,0.663077,0.581343,0.020228,17956116.4
HK,1359,2024-08-15,-1.586274,0.61192,0.60898,0.61927,0.657543,0.613692,0.62511,-0.011418,-0.012805,0.002774,39.910154,0.655023,0.583517,0.019483,18067116.4
HK,1359,2024-08-16,1.611842,0.61388,0.60898,0.61731,0.655563,0.614324,0.624569,-0.010245,-0.012293,0.004097,45.897008,0.648593,0.586027,0.019492,17774316.4
HK,1359,2024-08-19,1.586274,0.6178,0.61094,0.61584,0.65405,0.616367,0.624793,-0.008427,-0.01152,0.006186,51.139526,0.641842,0.589838,0.018799,18991119.8
HK,1359,2024-08-20,-1.561504,0.6178,0.61192,0.61437,0.652373,0.616587,0.624275,-0.007688,-0.010754,0.006131,46.307244,0.636085,0.592655,0.018857,21463000.0
HK,1359,2024-08-21,0.0,0.6178,0.61388,0.6129,0.650393,0.616774,0.623796,-0.007022,-0.010007,0.005971,46.307244,0.628702,0.597098,0.01821,22203800.0
HK,1359,2024-08-22,0.0,0.61976,0.61584,0.6129,0.648413,0.616932,0.623352,-0.00642,-0.00929,0.00574,46.307244,0.628702,0.597098,0.018309,25615148.0
HK,1359,2024-08-23,0.0,0.61976,0.61682,0.61339,0.646433,0.617065,0.62294,-0.005875,-0.008607,0.005464,46.307244,0.629162,0.597618,0.017701,23427948.0
HK,1359,2024-08-26,0.0,0.6178,0.6178,0.61388,0.64506,0.617178,0.62256,-0.005381,-0.007962,0.005161,46.307244,0.62956,0.5982,0.017837,23520236.2
HK,1359,2024-08-27,1.586274,0.61976,0.61878,0.61486,0.644153,0.618782,0.622933,-0.004151,-0.0072,0.006097,52.77156,0.631375,0.598345,0.017963,23335636.2
HK,1359,2024-08-28,-3.123008,0.6178,0.6178,0.61388,0.642465,0.617123,0.621827,-0.004704,-0.006701,0.003993,41.905093,0.62956,0.5982,0.01808,28934236.2
HK,1359,2024-08-29,0.0,0.61584,0.6178,0.61339,0.640625,0.615719,0.620803,-0.005083,-0.006377,0.002588,41.905093,0.629162,0.597618,0.017488,37060493.0
HK,1359,2024-08-30,1.611842,0.61584,0.6178,0.61339,0.639252,0.616039,0.62058,-0.004541,-0.00601,0.002938,48.102044,0.629162,0.597618,0.018339,54566458.0
HK,1359,2024-09-02,0.0,0.61584,0.61682,0.61388,0.63803,0.61631,0.620374,-0.004064,-0.005621,0.003113,48.102044,0.62956,0.5982,0.018429,56969969.8
HK,1359,2024-09-03,0.0,0.61388,0.61682,0.61437,0.636657,0.616539,0.620184,-0.003644,-0.005225,0.003163,48.102044,0.629896,0.598844,0.017813,54757911.0
HK,1359,2024-09-04,-3.172548,0.61192,0.61486,0.61437,0.635412,0.613718,0.618555,-0.004837,-0.005148,0.000621,37.981641,0.629896,0.598844,0.01794,54118047.2
HK,1359,2024-09-05,1.638248,0.61192,0.61388,0.61486,0.634482,0.612838,0.617773,-0.004935,-0.005105,0.00034,44.292685,0.628857,0.600863,0.017359,44301970.2
HK,1359,2024-09-09,-3.223684,0.60604,0.61094,0.61388,0.633073,0.609079,0.615597,-0.006519,-0.005388,-0.002262,36.329978,0.631844,0.595916,0.017519,38755143.2
HK,1359,2024-09-10,0.0,0.60016,0.608,0.6129,0.631665,0.605897,0.613583,-0.007686,-0.005847,-0.003676,36.329978,0.633919,0.591881,0.017668,47704543.2
HK,1359,2024-09-11,-1.665534,0.59232,0.6031,0.61094,0.630245,0.601698,0.610992,-0.009294,-0.006537,-0.005514,32.900196,0.63657,0.58531,0.017806,55030872.2
HK,1359,2024-09-12,0.0,0.5884,0.60016,0.60898,0.628825,0.598144,0.608592,-0.010448,-0.007319,-0.006258,32.900196,0.637985,0.579975,0.017234,53594112.6
HK,1359,2024-09-13,0.0,0.58252,0.59722,0.60751,0.627253,0.595137,0.60637,-0.011233,-0.008102,-0.006263,32.900196,0.639401,0.575619,0.017403,59679984.8
HK,1359,2024-09-16,-1.693744,0.5786,0.59232,0.60506,0.62567,0.591085,0.603587,-0.012502,-0.008982,-0.00704,29.430059,0.640719,0.569401,0.01756,48430446.8
HK,1359,2024-09-17,0.0,0.57468,0.58742,0.60212,0.624238,0.587657,0.601011,-0.013354,-0.009856,-0.006995,29.430059,0.639514,0.564726,0.017006,34703222.0
HK,1359,2024-09-19,1.722925,0.57468,0.5835,0.60016,0.623122,0.586264,0.599351,-0.013087,-0.010502,-0.005169,37.121689,0.638166,0.562154,0.017191,47353075.4
HK,1359,2024-09-20,0.0,0.57468,0.58154,0.5982,0.622005,0.585085,0.597814,-0.012729,-0.010948,-0.003563,37.121689,0.636407,0.559993,0.016663,47580803.0
HK,1359,2024-09-23,0.0,0.57468,0.5786,0.59624,0.620737,0.584087,0.59639,-0.012303,-0.011219,-0.002169,37.121689,0.634246,0.558234,0.016873,53669403.0
HK,1359,2024-09-24,6.774974,0.58448,0.58154,0.59624,0.620577,0.589274,0.597976,-0.008703,-0.010716,0.004026,59.289377,0.634246,0.558234,0.019168,80584753.0
HK,1359,2024-09-25,3.172548,0.5982,0.58644,0.59722,0.620577,0.596678,0.600896,-0.004219,-0.009416,0.010395,65.784622,0.638287,0.556153,0.021298,109504747.0
HK,1359,2024-09-26,9.224976,0.62172,0.5982,0.60065,0.621393,0.611989,0.607956,0.004033,-0.006726,0.021518,77.422426,0.659081,0.542219,0.024677,131324823.4
HK,1359,2024-09-27,7.052571,0.65506,0.61487,0.607515,0.622702,0.632498,0.61813,0.014369,-0.002507,0.033752,82.710718,0.693536,0.521494,0.027122,199905036.0
HK,1359,2024-09-30,42.103851,0.75116,0.66292,0.63007,0.62924,0.698129,0.650794,0.047335,0.007461,0.079748,93.381102,0.844897,0.415243,0.048999,489936430.0
HK,1359,2024-10-02,38.88207,0.92178,0.75313,0.672725,0.642642,0.817017,0.711543,0.105474,0.027064,0.156821,96.464661,1.097274,0.248176,0.088927,658058657.2
HK,1359,2024-10-03,-0.666259,1.08652,0.84236,0.71489,0.656207,0.916107,0.767065,0.149041,0.051459,0.195164,95.326497,1.259714,0.170066,0.10919,737086295.4
HK,1359,2024-10-04,4.701937,1.25324,0.93748,0.76049,0.670917,1.010521,0.823564,0.186957,0.078559,0.216796,95.708738,1.408137,0.112843,0.119598,773880581.4
HK,1359,2024-10-07,32.690548,1.51016,1.08261,0.832075,0.693962,1.167349,0.912923,0.254426,0.113732,0.281388,97.385256,1.67822,-0.01407,0.148876,843098551.6
HK,1359,2024-10-08,-30.917779,1.5788,1.16498,0.87179,0.706383,1.203495,0.949173,0.254322,0.14185,0.224944,63.733804,1.746228,-0.002648,0.188678,948626847.8
HK,1359,2024-10-09,-7.694502,1.5435,1.23264,0.90709,0.716843,1.21748,0.974745,0.242735,0.162027,0.161416,59.901405,1.789878,0.024302,0.203222,1129772571.6
HK,1359,2024-10-10,7.578801,1.52978,1.30815,0.947295,0.729102,1.244406,1.00569,0.238717,0.177365,0.122703,62.130956,1.841533,0.053057,0.206221,1235452435.2
HK,1359,2024-10-14,4.222621,1.51408,1.38366,0.99093,0.742177,1.276236,1.038698,0.237538,0.1894,0.096277,63.44301,1.89407,0.08779,0.213905,1513654612.8
HK,1359,2024-10-15,-16.888307,1.34934,1.42975,1.02231,0.751167,1.265461,1.051106,0.214356,0.194391,0.03993,54.903752,1.909434,0.135186,0.218933,1597507785.8
HK,1359,2024-10-16,3.249876,1.31796,1.44838,1.05565,0.76081,1.262375,1.065498,0.196877,0.194888,0.003978,55.925517,1.923475,0.187825,0.213102,1328590288.8
HK,1359,2024-10-17,-10.237675,1.28266,1.41308,1.083105,0.768492,1.240148,1.069379,0.170769,0.190064,-0.038591,51.813435,1.92184,0.24437,0.211888,1085732886.2
HK,1359,2024-10-18,15.788532,1.26304,1.39641,1.119385,0.779115,1.248495,1.086048,0.162447,0.184541,-0.044188,56.573628,1.928235,0.310535,0.212867,1068743129.0
HK,1359,2024-10-21,-0.757108,1.2297,1.37189,1.154685,0.789738,1.254049,1.100755,0.153294,0.178291,-0.049995,56.241411,1.92684,0.38253,0.203262,790554017.8
HK,1359,2024-10-22,5.347968,1.25912,1.30423,1.19342,0.801507,1.269319,1.119462,0.149856,0.172604,-0.045496,58.098988,1.922623,0.464217,0.195051,631460755.8
HK,1359,2024-10-23,3.620779,1.2905,1.30423,1.234605,0.814582,1.289777,1.140413,0.149364,0.167956,-0.037185,59.422101,1.911419,0.557791,0.190226,569095308.6
HK,1359,2024-10-24,-4.899094,1.33364,1.30815,1.270395,0.826675,1.296519,1.154723,0.141796,0.162724,-0.041857,56.717906,1.885882,0.654908,0.181545,480664210.4
HK,1359,2024-10-25,3.681764,1.3513,1.30717,1.30766,0.839587,1.309778,1.17161,0.138167,0.157813,-0.039291,58.182631,1.851402,0.763918,0.176285,331327912.8
HK,1359,2024-10-28,9.929847,1.39838,1.31404,1.34885,0.854787,1.34212,1.197417,0.144703,0.155191,-0.020977,62.050144,1.821195,0.876505,0.1791,364844654.4
HK,1359,2024-10-29,-3.875,1.41994,1.33953,1.38464,0.868678,1.360424,1.216949,0.143475,0.152848,-0.018745,59.507552,1.768894,1.000386,0.176115,385720456.4
HK,1359,2024-10-30,-2.68291,1.42386,1.35718,1.40278,0.88208,1.369882,1.232131,0.137751,0.149828,-0.024154,57.809738,1.756923,1.048637,0.171942,362204375.6
HK,1359,2024-10-31,4.135312,1.45328,1.39346,1.40327,0.896462,1.386931,1.250543,0.136388,0.14714,-0.021505,59.66856,1.757816,1.048724,0.169468,383002588.0
HK,1359,2024-11-01,-5.294793,1.4572,1.40425,1.40033,0.9097,1.389295,1.261784,0.127511,0.143214,-0.031407,56.118351,1.753883,1.046777,0.16577,396431371.8
HK,1359,2024-11-04,9.791058,1.46112,1.42975,1.40082,0.925227,1.412419,1.282363,0.130056,0.140583,-0.021054,60.545683,1.755116,1.046524,0.163736,355676721.6
HK,1359,2024-11-05,8.917901,1.50428,1.46211,1.38317,0.943205,1.453109,1.311588,0.14152,0.14077,0.0015,64.4124,1.628883,1.137457,0.164648,394436081.6
HK,1359,2024-11-06,-4.096845,1.54154,1.4827,1.393465,0.960038,1.476969,1.33356,0.143409,0.141298,0.004222,61.181391,1.658051,1.128879,0.162695,440118016.4
HK,1359,2024-11-07,4.271857,1.58078,1.51703,1.41259,0.977853,1.507727,1.358992,0.148735,0.142785,0.0119,63.170894,1.700074,1.125106,0.163681,492809385.0
HK,1359,2024-11-08,-7.018904,1.61216,1.53468,1.420925,0.993707,1.515646,1.373822,0.141824,0.142593,-0.001539,57.713487,1.715182,1.126668,0.165296,537714025.0
HK,1359,2024-11-11,-5.034633,1.60038,1.53075,1.422395,1.008088,1.51027,1.381739,0.128531,0.139781,-0.0225,54.341552,1.717537,1.127253,0.162597,545631017.4
HK,1359,2024-11-12,-10.59634,1.52976,1.51702,1.428275,1.019855,1.481582,1.377447,0.104135,0.132652,-0.057033,48.271026,1.71035,1.1462,0.164997,577244568.8
HK,1359,2024-11-13,-0.740293,1.47092,1.50623,1.431705,1.031622,1.4558,1.372748,0.083053,0.122732,-0.079358,47.911013,1.706373,1.157037,0.157419,529990568.8
HK,1359,2024-11-14,-4.474886,1.38658,1.48368,1.43857,1.042245,1.424939,1.36404,0.060898,0.110365,-0.098933,45.70828,1.687146,1.189994,0.152474,469800857.2
HK,1359,2024-11-15,-2.342256,1.3199,1.46603,1.43514,1.052215,1.394302,1.3538,0.040502,0.096392,-0.111781,44.604061,1.693288,1.176992,0.147183,403701017.2
HK,1359,2024-11-18,3.197912,1.27676,1.43857,1.43416,1.063002,1.374409,1.347223,0.027187,0.082551,-0.110729,46.461234,1.694724,1.173596,0.14297,371475637.6
HK,1359,2024-11-19,2.324111,1.27088,1.40032,1.431215,1.074278,1.3621,1.34331,0.01879,0.069799,-0.102017,47.872748,1.696653,1.165777,0.136258,238858926.2
HK,1359,2024-11-20,-2.271323,1.26108,1.366,1.42435,1.085065,1.347162,1.337509,0.009653,0.05777,-0.096234,46.551054,1.699354,1.149346,0.130025,208525057.4
HK,1359,2024-11-21,0.0,1.26304,1.32481,1.42092,1.095852,1.334522,1.332138,0.002383,0.046693,-0.088618,46.551054,1.70201,1.13983,0.124938,172907540.6
HK,1359,2024-11-22,-5.422925,1.25716,1.28853,1.411605,1.105495,1.313272,1.322083,-0.008811,0.035592,-0.088806,43.31492,1.709018,1.114192,0.123721,182368081.8
HK,1359,2024-11-25,-1.646606,1.2395,1.25813,1.39444,1.114647,1.292261,1.311314,-0.019053,0.024663,-0.087432,42.403281,1.704217,1.084663,0.118391,163885225.2
HK,1359,2024-11-26,0.0,1.21596,1.24342,1.38022,1.124125,1.274482,1.301343,-0.02686,0.014358,-0.082437,42.403281,1.702317,1.058123,0.113441,157174025.2
HK,1359,2024-11-27,2.507011,1.2042,1.23264,1.369435,1.134095,1.263977,1.294295,-0.030318,0.005423,-0.071482,44.434316,1.699572,1.039298,0.110946,163200494.0
HK,1359,2024-11-28,-1.624938,1.18852,1.22578,1.35473,1.143575,1.252073,1.286318,-0.034245,-0.002511,-0.063468,43.340775,1.689894,1.019566,0.106528,151049141.2
HK,1359,2024-11-29,4.129445,1.19636,1.22676,1.346395,1.153872,1.249539,1.282561,-0.033022,-0.008613,-0.048818,46.86164,1.684689,1.008101,0.106626,138429685.2
HK,1359,2024-12-02,3.172548,1.21598,1.22774,1.333155,1.164822,1.253425,1.281986,-0.028561,-0.012602,-0.031917,49.56194,1.660724,1.005586,0.10251,131567085.2
HK,1359,2024-12-03,0.768748,1.23756,1.22676,1.31354,1.176262,1.258221,1.28218,-0.023958,-0.014874,-0.018169,50.242686,1.600945,1.026135,0.098688,136720285.2
HK,1359,2024-12-04,-1.525767,1.24932,1.22676,1.29638,1.187212,1.259264,1.280907,-0.021643,-0.016227,-0.010831,48.823401,1.550408,1.042352,0.095139,119995285.2
HK,1359,2024-12-05,-1.549407,1.26108,1.2248,1.274805,1.198162,1.257131,1.278277,-0.021146,-0.017211,-0.007869,47.381967,1.459816,1.089794,0.091143,125690285.2
HK,1359,2024-12-06,3.934479,1.27284,1.2346,1.261565,1.209928,1.262865,1.279471,-0.016606,-0.01709,0.000968,51.256406,1.393582,1.129548,0.089533,114338841.2
HK,1359,2024-12-09,6.064586,1.29246,1.25422,1.256175,1.223167,1.279793,1.286392,-0.006599,-0.014992,0.016787,56.750696,1.357108,1.155242,0.092245,134440041.2
HK,1359,2024-12-10,-6.431641,1.29246,1.26501,1.254215,1.234933,1.280533,1.286259,-0.005726,-0.013139,0.014825,49.932727,1.351267,1.157163,0.098263,199032986.8
HK,1359,2024-12-11,0.0,1.29638,1.27285,1.252745,1.2467,1.281159,1.286136,-0.004978,-0.011507,0.013058,49.932727,1.34698,1.15851,0.094744,211405463.4
HK,1359,2024-12-12,2.28865,1.3101,1.28559,1.255685,1.25912,1.286211,1.2882,-0.001989,-0.009603,0.015228,52.152454,1.353638,1.157732,0.092877,223572404.0
HK,1359,2024-12-13,-7.458143,1.29442,1.28363,1.255195,1.269907,1.275409,1.282852,-0.007443,-0.009171,0.003457,44.991946,1.353837,1.156553,0.093243,252710422.0
HK,1359,2024-12-16,0.805921,1.265,1.27873,1.253235,1.280693,1.267777,1.278626,-0.010849,-0.009507,-0.002685,45.79345,1.352575,1.153895,0.088683,228380421.0
HK,1359,2024-12-17,1.598956,1.25716,1.27481,1.250785,1.291807,1.264335,1.276165,-0.01183,-0.009971,-0.003718,47.442849,1.348344,1.153226,0.085848,158027495.4
HK,1359,2024-12-18,0.786896,1.25128,1.27383,1.250295,1.303083,1.262929,1.274612,-0.011683,-0.010314,-0.002738,48.290081,1.347662,1.152928,0.083216,157839618.8
HK,1359,2024-12-19,-4.684512,1.22776,1.26893,1.246865,1.312727,1.252694,1.268818,-0.016124,-0.011476,-0.009297,43.734624,1.34672,1.14701,0.081472,160865076.6
HK,1359,2024-12-20,-0.819124,1.22188,1.25815,1.246375,1.32188,1.242526,1.262728,-0.020202,-0.013221,-0.013963,43.00644,1.347306,1.145444,0.07846,126287724.2
HK,1359,2024-12-23,1.651778,1.21796,1.24148,1.24785,1.33038,1.236937,1.258541,-0.021604,-0.014898,-0.013412,44.979563,1.345473,1.150227,0.074255,123696325.2
HK,1359,2024-12-24,-0.812469,1.20816,1.23266,1.248835,1.337898,1.230701,1.253938,-0.023237,-0.016566,-0.013343,44.156417,1.343931,1.153739,0.071052,110600390.2
HK,1359,2024-12-27,3.276496,1.20424,1.22776,1.250305,1.34084,1.231454,1.252579,-0.021125,-0.017477,-0.007295,48.237032,1.343612,1.156998,0.070176,115806790.2
HK,1359,2024-12-30,-2.379411,1.2062,1.21698,1.251285,1.336428,1.227569,1.249144,-0.021575,-0.018297,-0.006556,45.548751,1.342278,1.160292,0.067964,101267061.8
HK,1359,2024-12-31,3.249876,1.21796,1.21992,1.251775,1.332833,1.230312,1.248867,-0.018554,-0.018348,-0.000412,49.583274,1.34253,1.16102,0.067309,103945355.0
HK,1359,2025-01-02,-7.090092,1.20814,1.21305,1.24589,1.326622,1.219049,1.242069,-0.02302,-0.019283,-0.007475,42.028999,1.344807,1.146973,0.069509,116124155.0
HK,1359,2025-01-03,-2.540835,1.1944,1.20128,1.238045,1.311585,1.204995,1.233597,-0.028602,-0.021147,-0.014911,39.851902,1.347738,1.128352,0.067344,135048525.4
HK,1359,2025-01-06,0.0,1.17282,1.18853,1.23118,1.307008,1.193104,1.225753,-0.032649,-0.023447,-0.018404,39.851902,1.350066,1.112294,0.065333,123145772.0
HK,1359,2025-01-07,0.0,1.15712,1.18166,1.225295,1.30423,1.183042,1.21849,-0.035448,-0.025847,-0.019202,39.851902,1.352167,1.098423,0.064167,121596343.0
HK,1359,2025-01-08,-4.345127,1.12378,1.17087,1.21451,1.299,1.166989,1.208135,-0.041146,-0.028907,-0.024478,35.973003,1.352257,1.076763,0.065883,150923814.0
HK,1359,2025-01-09,-0.908501,1.10614,1.15714,1.19931,1.292627,1.151898,1.197821,-0.045923,-0.03231,-0.027225,35.234351,1.330737,1.067883,0.063977,138980137.2
HK,1359,2025-01-10,-2.750491,1.0885,1.14145,1.187055,1.289848,1.134606,1.186094,-0.051488,-0.036146,-0.030684,33.042351,1.329621,1.044489,0.063615,142080850.4
HK,1359,2025-01-13,0.0,1.07086,1.12184,1.1748,1.286417,1.119975,1.175235,-0.05526,-0.039969,-0.030584,33.042351,1.323716,1.025884,0.061878,140497023.2
HK,1359,2025-01-14,5.656566,1.06498,1.11105,1.164015,1.28609,1.11664,1.169536,-0.052896,-0.042554,-0.020684,41.486054,1.301876,1.026154,0.063758,152791536.2
HK,1359,2025-01-15,0.892288,1.07086,1.09732,1.15862,1.282985,1.115326,1.164985,-0.049659,-0.043975,-0.011368,42.78116,1.296367,1.020873,0.061304,108886052.6
HK,1359,2025-01-16,0.884397,1.08066,1.0934,1.153225,1.280207,1.115722,1.161498,-0.045775,-0.044335,-0.00288,44.113267,1.288453,1.017997,0.061125,104843917.0
HK,1359,2025-01-17,1.753287,1.10026,1.09438,1.14783,1.27661,1.119073,1.15972,-0.040647,-0.043598,0.005901,46.781815,1.276362,1.019298,0.059559,86076948.4
HK,1359,2025-01-20,0.861538,1.12182,1.09634,1.142435,1.27236,1.123415,1.1588,-0.035385,-0.041955,0.013141,48.115815,1.261172,1.023698,0.057405,89399729.0
HK,1359,2025-01-21,1.708359,1.13554,1.10026,1.14096,1.269582,1.130105,1.1594,-0.029295,-0.039423,0.020257,50.773535,1.257695,1.024225,0.056812,80144389.0
HK,1359,2025-01-22,-1.679664,1.14338,1.10712,1.138995,1.265658,1.132751,1.158504,-0.025753,-0.036689,0.021872,48.119075,1.253899,1.024091,0.055554,88871943.8
HK,1359,2025-01-23,1.708359,1.15318,1.11692,1.13703,1.259773,1.138004,1.159126,-0.021121,-0.033575,0.024908,50.88438,1.248565,1.025495,0.055793,99362676.2
HK,1359,2025-01-24,0.839832,1.16102,1.13064,1.136045,1.255033,1.143958,1.160427,-0.01647,-0.030154,0.027369,52.254696,1.245799,1.026291,0.053215,104037676.2
HK,1359,2025-01-27,-0.832838,1.16494,1.14338,1.13261,1.250783,1.147487,1.160907,-0.01342,-0.026807,0.026775,50.730452,1.233639,1.031581,0.052921,95214102.2
HK,1359,2025-01-28,-0.839832,1.16298,1.14926,1.130155,1.24539,1.148966,1.160625,-0.011659,-0.023778,0.024238,49.185376,1.226174,1.034136,0.054741,80119139.0
HK,1359,2025-02-03,-2.540835,1.15906,1.15122,1.12427,1.240813,1.145694,1.158186,-0.012492,-0.02152,0.018058,44.779186,1.204433,1.044107,0.057131,77324605.4
HK,1359,2025-02-04,3.476102,1.15906,1.15612,1.12476,1.234602,1.148957,1.158831,-0.009875,-0.019191,0.018633,51.072812,1.205834,1.043686,0.057257,65854285.4
HK,1359,2025-02-05,-3.359328,1.14926,1.15514,1.12476,1.225448,1.145686,1.156525,-0.010839,-0.017521,0.013364,45.489476,1.205834,1.043686,0.058067,68895389.4
HK,1359,2025-02-06,2.607076,1.1473,1.15612,1.12623,1.21793,1.147442,1.156568,-0.009126,-0.015842,0.013432,49.912126,1.208521,1.043939,0.05602,70386363.4
HK,1359,2025-02-07,1.69389,1.15122,1.1571,1.12868,1.209593,1.151944,1.158059,-0.006116,-0.013897,0.015562,52.669146,1.213867,1.043493,0.056925,95535712.6
HK,1359,2025-02-10,-1.665675,1.1571,1.15808,1.1326,1.202892,1.152737,1.157988,-0.005251,-0.012168,0.013832,49.72175,1.215409,1.049791,0.055666,96595954.2
HK,1359,2025-02-11,-2.540835,1.14926,1.15416,1.13554,1.197008,1.148885,1.155745,-0.00686,-0.011106,0.008493,45.599641,1.213103,1.057977,0.05519,100833830.0
HK,1359,2025-02-12,6.092046,1.163,1.15613,1.143385,1.194885,1.156195,1.158756,-0.002561,-0.009397,0.013672,54.989893,1.211692,1.075078,0.056855,124271707.8
HK,1359,2025-02-13,-5.742227,1.15712,1.15221,1.147795,1.19178,1.151811,1.156456,-0.004645,-0.008446,0.007604,46.370077,1.197583,1.098007,0.057701,152116807.6
HK,1359,2025-02-14,7.830097,1.16498,1.1581,1.15368,1.191127,1.161686,1.160866,0.00082,-0.006593,0.014826,55.931672,1.206412,1.100948,0.059887,172528807.6
HK,1359,2025-02-17,4.029605,1.18656,1.17183,1.161525,1.19178,1.177581,1.16858,0.009001,-0.003474,0.02495,60.174932,1.22933,1.09372,0.066816,249495187.4
HK,1359,2025-02-18,-3.098814,1.20618,1.17772,1.16692,1.191127,1.184999,1.172818,0.012181,-0.000343,0.025048,55.565445,1.23711,1.09673,0.066244,272754631.0
HK,1359,2025-02-19,0.0,1.21206,1.18753,1.171335,1.189983,1.191276,1.176743,0.014533,0.002632,0.023802,55.565445,1.244608,1.098062,0.065012,255356449.2
HK,1359,2025-02-20,-3.197912,1.22384,1.19048,1.1733,1.188677,1.190557,1.177473,0.013084,0.004722,0.016723,51.031803,1.245995,1.100605,0.063876,243304802.0
HK,1359,2025-02-21,0.825889,1.21992,1.19245,1.174775,1.187533,1.191456,1.178875,0.012581,0.006294,0.012573,52.084357,1.248085,1.101465,0.06212,233671766.2
HK,1359,2025-02-24,2.457372,1.21208,1.19932,1.1787,1.188023,1.196739,1.182351,0.014388,0.007913,0.012951,55.195754,1.254082,1.103318,0.06399,188863437.4
HK,1359,2025-02-25,-5.604503,1.19834,1.20226,1.17821,1.187697,1.190641,1.180481,0.01016,0.008362,0.003596,47.443178,1.254019,1.102401,0.065027,181729358.0
HK,1359,2025-02-26,5.937257,1.19834,1.2052,1.180665,1.188515,1.19605,1.183838,0.012213,0.009132,0.00616,54.348447,1.259249,1.102081,0.068089,229975859.2
HK,1359,2025-02-27,-1.598956,1.20226,1.21305,1.18263,1.188515,1.197612,1.185494,0.012118,0.009729,0.004776,52.239645,1.261703,1.103557,0.066733,234738606.6
HK,1359,2025-02-28,-6.508042,1.18852,1.20422,1.18116,1.187533,1.186856,1.181213,0.005643,0.008912,-0.006538,44.750315,1.263117,1.099203,0.068273,228665071.8
HK,1359,2025-03-03,1.738051,1.17282,1.19245,1.18214,1.186062,1.18077,1.178701,0.00207,0.007544,-0.010948,46.801084,1.261957,1.102323,0.066196,197465970.6
HK,1359,2025-03-04,-2.562538,1.16498,1.18166,1.17969,1.183447,1.171098,1.174197,-0.003099,0.005415,-0.017028,44.153625,1.264104,1.095276,0.064268,177144150.6
HK,1359,2025-03-05,1.753287,1.14732,1.17283,1.18018,1.180995,1.165929,1.171479,-0.00555,0.003222,-0.017544,46.333203,1.263488,1.096872,0.063178,127347649.4
HK,1359,2025-03-06,2.584615,1.13946,1.17086,1.18067,1.17936,1.166079,1.17114,-0.005061,0.001565,-0.013253,49.515987,1.263543,1.097797,0.062172,124236442.4
HK,1359,2025-03-07,0.839832,1.14926,1.16889,1.18067,1.178215,1.167713,1.171552,-0.003839,0.000485,-0.008647,50.568361,1.263543,1.097797,0.062638,117006775.8
HK,1359,2025-03-10,0.0,1.15514,1.16398,1.18165,1.176253,1.169095,1.171933,-0.002838,-0.00018,-0.005316,50.568361,1.263846,1.099454,0.062371,126040975.8
HK,1359,2025-03-11,0.841336,1.16888,1.16693,1.184595,1.173148,1.171788,1.173019,-0.001231,-0.00039,-0.001682,51.746835,1.26298,1.10621,0.061423,133703127.2
HK,1359,2025-03-12,0.825889,1.18066,1.16399,1.184595,1.171678,1.175575,1.174751,0.000823,-0.000147,0.001942,52.942796,1.26298,1.10621,0.059143,138734441.6
HK,1359,2025-03-13,-1.646606,1.18262,1.16104,1.187045,1.16988,1.175748,1.174896,0.000852,5.3e-05,0.001599,50.24677,1.261108,1.112982,0.057726,124753048.6
HK,1359,2025-03-14,5.838362,1.19636,1.17281,1.188515,1.168737,1.186464,1.180118,0.006345,0.001311,0.010069,58.234296,1.26591,1.11112,0.06131,169038625.8
HK,1359,2025-03-17,2.360687,1.21598,1.18556,1.189005,1.169717,1.200054,1.187132,0.012922,0.003633,0.018578,61.111604,1.268428,1.109582,0.06043,173614667.4
HK,1359,2025-03-18,-0.768748,1.23166,1.20027,1.190965,1.17037,1.210046,1.1929,0.017146,0.006336,0.02162,59.636767,1.275682,1.106248,0.058914,175188164.8
HK,1359,2025-03-19,-0.774704,1.24342,1.21204,1.192435,1.170533,1.216992,1.197515,0.019478,0.008964,0.021027,58.126075,1.280474,1.104396,0.057506,166446250.4
HK,1359,2025-03-20,-3.90376,1.24932,1.21597,1.193415,1.169717,1.215332,1.198158,0.017174,0.010606,0.013136,51.149277,1.281609,1.105221,0.057598,173813650.4
HK,1359,2025-03-21,-3.258166,1.23362,1.21499,1.19194,1.169225,1.207881,1.195842,0.012038,0.010893,0.002292,46.344587,1.280868,1.103012,0.057691,132835510.4
HK,1359,2025-03-24,0.0,1.21204,1.21401,1.188995,1.168897,1.201576,1.193699,0.007878,0.01029,-0.004824,46.344587,1.277141,1.100849,0.05637,123933542.8
HK,1359,2025-03-25,-2.519496,1.18654,1.2091,1.188015,1.167752,1.191718,1.189536,0.002183,0.008668,-0.012971,42.852195,1.277974,1.098056,0.055844,115760065.2
HK,1359,2025-03-26,0.0,1.163,1.20321,1.1836,1.16677,1.183377,1.185681,-0.002304,0.006474,-0.017556,42.852195,1.274372,1.092828,0.053955,119670665.2
HK,1359,2025-03-27,-1.723077,1.14534,1.19733,1.179185,1.164808,1.173304,1.18066,-0.007357,0.003708,-0.022129,40.492906,1.273645,1.084725,0.052201,107789551.8
HK,1359,2025-03-28,-0.876644,1.13358,1.1836,1.178205,1.163173,1.163272,1.175286,-0.012013,0.000563,-0.025153,39.327026,1.275155,1.081255,0.051272,95599151.8
HK,1359,2025-03-31,-2.65319,1.11594,1.16399,1.174775,1.160395,1.150261,1.168131,-0.01787,-0.003123,-0.029493,35.980121,1.280328,1.069222,0.05041,95683877.8
HK,1359,2025-04-01,-1.817002,1.10026,1.1434,1.171835,1.158762,1.136236,1.160055,-0.023818,-0.007262,-0.033112,33.908302,1.286448,1.057222,0.049609,99935330.6
HK,1359,2025-04-02,0.925314,1.08654,1.12477,1.168405,1.157782,1.125877,1.153303,-0.027426,-0.011295,-0.032261,35.895905,1.290767,1.046043,0.048166,87654730.6
HK,1359,2025-04-03,-0.91683,1.07478,1.11006,1.163015,1.156638,1.115604,1.146325,-0.030721,-0.01518,-0.031082,34.769824,1.294336,1.031694,0.047525,91869444.0
HK,1359,2025-04-07,-18.515721,1.02576,1.07967,1.14733,1.152227,1.076741,1.125338,-0.048596,-0.021863,-0.053465,20.745439,1.332331,0.962329,0.059545,156737278.6
HK,1359,2025-04-08,4.542294,0.99046,1.0532,1.133605,1.149285,1.049889,1.108809,-0.05892,-0.029275,-0.059291,27.077379,1.346483,0.920727,0.059492,170729094.6
HK,1359,2025-04-09,2.172467,0.963,1.03163,1.120365,1.146833,1.030183,1.094956,-0.064773,-0.036374,-0.056798,30.085095,1.35064,0.89009,0.060142,189172051.0
HK,1359,2025-04-10,0.0,0.93358,1.01006,1.106635,1.144872,1.013509,1.08213,-0.068621,-0.042824,-0.051595,30.085095,1.349538,0.863732,0.059347,222680904.4
HK,1359,2025-04-11,3.189412,0.912,0.99339,1.09536,1.1434,1.003923,1.072431,-0.068509,-0.047961,-0.041096,34.765794,1.345047,0.845673,0.058608,229959504.4
HK,1359,2025-04-14,3.090833,0.93552,0.98064,1.08212,1.141438,1.000335,1.065629,-0.065294,-0.051427,-0.027734,39.152781,1.326607,0.837633,0.057921,169191165.4
HK,1359,2025-04-15,0.0,0.9512,0.97083,1.06741,1.139313,0.997299,1.059331,-0.062032,-0.053548,-0.016967,39.152781,1.298807,0.836013,0.055884,145535550.0
HK,1359,2025-04-16,-1.998776,0.95904,0.96102,1.05221,1.136698,0.991714,1.052047,-0.060333,-0.054905,-0.010855,37.217617,1.269182,0.835238,0.055392,127553549.6
HK,1359,2025-04-17,0.0,0.96688,0.95023,1.0375,1.133757,0.986989,1.045303,-0.058314,-0.055587,-0.005454,37.217617,1.236583,0.838417,0.054236,95246392.2
HK,1359,2025-04-22,0.0,0.96884,0.94042,1.02524,1.130652,0.982991,1.039058,-0.056067,-0.055683,-0.000769,37.217617,1.211012,0.839468,0.052462,82155147.6
HK,1359,2025-04-23,1.019771,0.96688,0.9512,1.015435,1.127383,0.981115,1.034002,-0.052887,-0.055124,0.004474,39.097431,1.190666,0.840204,0.050814,75099852.0
HK,1359,2025-04-24,0.0,0.96492,0.95806,1.00563,1.124442,0.979528,1.02932,-0.049792,-0.054057,0.008531,39.097431,1.167283,0.843977,0.049985,82208211.4
HK,1359,2025-04-25,3.02843,0.97276,0.9659,0.998765,1.121663,0.982708,1.027163,-0.044455,-0.052137,0.015364,44.84342,1.148668,0.848862,0.049215,110411567.8
HK,1359,2025-04-28,-3.919216,0.97276,0.96982,0.98994,1.118068,0.979369,1.022262,-0.042894,-0.050288,0.014789,39.493164,1.126304,0.853576,0.049199,128374472.0
HK,1359,2025-04-29,-1.019771,0.9708,0.96982,0.981605,1.114473,0.975035,1.016998,-0.041963,-0.048623,0.01332,38.264052,1.105471,0.857739,0.048485,139300917.0
HK,1359,2025-04-30,2.060555,0.9708,0.96884,0.97474,1.111368,0.974383,1.013576,-0.039193,-0.046737,0.015089,42.142382,1.084181,0.865299,0.047122,139935717.0
HK,1359,2025-05-02,2.018953,0.97472,0.96982,0.970325,1.10908,0.976848,1.011859,-0.035012,-0.044392,0.01876,45.808627,1.069254,0.871396,0.045156,125604357.0
HK,1359,2025-05-06,1.978998,0.97668,0.97472,0.96787,1.106465,0.981948,1.011722,-0.029774,-0.041468,0.023389,49.270464,1.060073,0.875667,0.04473,93345201.2
HK,1359,2025-05-07,-0.970297,0.98452,0.97864,0.964435,1.10434,0.984756,1.010868,-0.026112,-0.038397,0.02457,47.632025,1.04581,0.88306,0.045043,87075167.6
HK,1359,2025-05-08,0.979804,0.99628,0.98354,0.96198,1.101888,0.98864,1.010804,-0.022164,-0.035151,0.025973,49.442586,1.034235,0.889725,0.043932,78177341.2
HK,1359,2025-05-09,0.970297,1.00608,0.98844,0.96982,1.099273,0.993434,1.01147,-0.018037,-0.031728,0.027382,51.257434,1.030517,0.909123,0.042902,77453541.2
HK,1359,2025-05-12,1.931751,1.0159,0.99531,0.976685,1.097313,1.000521,1.013547,-0.013026,-0.027987,0.029923,54.77212,1.036285,0.917085,0.041944,91353734.0
HK,1359,2025-05-13,-1.895142,1.01786,0.99727,0.981585,1.095515,1.003487,1.01401,-0.010523,-0.024495,0.027943,50.825338,1.038378,0.924792,0.041755,88042744.0
HK,1359,2025-05-14,3.853697,1.02964,1.00708,0.98845,1.093227,1.012043,1.01735,-0.005307,-0.020657,0.0307,57.417472,1.047811,0.929089,0.04298,88667777.4
HK,1359,2025-05-15,-2.775942,1.03358,1.01493,0.992375,1.091593,1.014759,1.018265,-0.003506,-0.017227,0.027443,51.820819,1.051746,0.933004,0.042717,87249158.6
HK,1359,2025-05-16,-0.961445,1.03358,1.01983,0.994335,1.088323,1.015535,1.018378,-0.002844,-0.01435,0.023013,50.051627,1.054603,0.934067,0.041073,82466558.6
HK,1359,2025-05-19,0.0,1.02964,1.02277,0.996295,1.084237,1.016191,1.018484,-0.002293,-0.011939,0.019292,50.051627,1.057196,0.935394,0.040246,72834165.8
HK,1359,2025-05-20,0.0,1.02964,1.02375,0.999235,1.080803,1.016746,1.018581,-0.001835,-0.009918,0.016166,50.051627,1.058696,0.939774,0.038779,68361355.8
HK,1359,2025-05-21,0.970779,1.02376,1.0267,1.00267,1.077535,1.018739,1.019405,-0.000666,-0.008068,0.014804,52.094359,1.060822,0.944518,0.037416,49877782.0
HK,1359,2025-05-22,-1.913179,1.01982,1.0267,1.00512,1.074592,1.017395,1.018708,-0.001314,-0.006717,0.010806,47.896662,1.060085,0.950155,0.036151,43454491.8
HK,1359,2025-05-23,-0.970297,1.0159,1.02474,1.00659,1.071322,1.014749,1.017337,-0.002588,-0.005891,0.006606,45.914607,1.059333,0.953847,0.035676,42321085.2
HK,1359,2025-05-26,0.0,1.01198,1.02081,1.00806,1.067562,1.012511,1.016068,-0.003557,-0.005424,0.003735,45.914607,1.058311,0.957809,0.034527,40761885.2
HK,1359,2025-05-27,0.0,1.00806,1.01885,1.00806,1.064947,1.010617,1.014892,-0.004275,-0.005194,0.001838,45.914607,1.058311,0.957809,0.034161,42026085.2
HK,1359,2025-05-28,0.979804,1.00412,1.01394,1.01051,1.06135,1.010522,1.01453,-0.004008,-0.004957,0.001898,48.572631,1.055885,0.965135,0.033821,43718659.0
HK,1359,2025-05-29,1.950495,1.00806,1.01394,1.014435,1.058408,1.013472,1.015654,-0.002181,-0.004402,0.004441,53.517895,1.051414,0.977456,0.033512,54594194.0
HK,1359,2025-05-30,-0.961445,1.01198,1.01394,1.016885,1.05661,1.014446,1.015961,-0.001515,-0.003825,0.004619,50.870523,1.048004,0.985766,0.033226,55756479.8
HK,1359,2025-06-02,-1.921945,1.01198,1.01198,1.017375,1.054158,1.012254,1.014793,-0.002539,-0.003567,0.002057,46.017174,1.047087,0.987663,0.036452,63410079.8
HK,1359,2025-06-03,1.959608,1.0159,1.01198,1.017865,1.052523,1.013415,1.015164,-0.001749,-0.003204,0.002909,51.046856,1.047397,0.988333,0.035956,70671879.8
HK,1359,2025-06-04,0.970779,1.01984,1.01198,1.01934,1.050727,1.01592,1.016241,-0.00032,-0.002627,0.004613,53.408195,1.048133,0.990547,0.035495,83793713.8
HK,1359,2025-06-05,3.806934,1.02768,1.01787,1.022285,1.049093,1.024071,1.020142,0.00393,-0.001316,0.010491,61.356731,1.057896,0.986674,0.036459,91322513.8
HK,1359,2025-06-06,0.0,1.0375,1.02474,1.02474,1.047297,1.030968,1.023753,0.007215,0.00039,0.013649,61.356731,1.065696,0.983784,0.036655,104923020.8
HK,1359,2025-06-09,3.667322,1.05908,1.03553,1.02817,1.046153,1.042834,1.030001,0.012833,0.002879,0.019909,67.73961,1.082728,0.973612,0.040337,143764420.8
HK,1359,2025-06-10,-0.884397,1.07478,1.04534,1.032095,1.044682,1.051368,1.03506,0.016307,0.005565,0.021485,64.855485,1.094421,0.969769,0.040956,163070020.8
HK,1359,2025-06-11,4.46144,1.0983,1.05907,1.036505,1.043863,1.066126,1.043374,0.022752,0.009002,0.0275,71.409996,1.115974,0.957036,0.04363,199132791.8
HK,1359,2025-06-12,-1.708359,1.11006,1.06887,1.041405,1.043047,1.075599,1.049621,0.025978,0.012397,0.027162,66.099607,1.130137,0.952673,0.043314,207320191.8
HK,1359,2025-06-13,-1.738051,1.1179,1.0777,1.04582,1.040758,1.080599,1.053953,0.026647,0.015247,0.022799,61.198515,1.138511,0.953129,0.04372,214450605.6
HK,1359,2025-06-16,2.65319,1.12378,1.09143,1.051705,1.03847,1.089353,1.060141,0.029212,0.01804,0.022344,65.348888,1.151699,0.951711,0.044097,188169805.6
HK,1359,2025-06-17,1.723077,1.13554,1.10516,1.05857,1.036672,1.099776,1.067323,0.032452,0.020923,0.02306,67.820136,1.167328,0.949812,0.044455,191112201.8
HK,1359,2025-06-18,-3.38778,1.12966,1.11398,1.06298,1.034383,1.102564,1.07107,0.031494,0.023037,0.016915,58.789584,1.17383,0.95213,0.045479,161818797.0
HK,1359,2025-06-19,-3.506575,1.11986,1.11496,1.066415,1.032258,1.098893,1.071635,0.027258,0.023881,0.006753,51.416594,1.174714,0.958116,0.045731,152848197.0
HK,1359,2025-06-20,0.908501,1.11594,1.11692,1.07083,1.030952,1.097294,1.072884,0.02441,0.023987,0.000846,53.003438,1.175096,0.966564,0.044564,140817587.8
HK,1359,2025-06-23,1.800643,1.11006,1.11692,1.076225,1.029972,1.098956,1.075493,0.023464,0.023882,-0.000837,56.092319,1.1764,0.97605,0.044881,127944387.8
HK,1359,2025-06-24,4.421984,1.11006,1.1228,1.08407,1.030298,1.107902,1.081538,0.026364,0.024378,0.00397,62.693794,1.183775,0.984365,0.045875,130687520.2
HK,1359,2025-06-25,8.478092,1.13752,1.13359,1.09633,1.03226,1.130563,1.094402,0.036161,0.026735,0.018852,71.82649,1.215072,0.977588,0.050306,199997520.0
HK,1359,2025-06-26,0.0,1.17282,1.14634,1.107605,1.034548,1.149738,1.106313,0.043425,0.030073,0.026704,71.82649,1.240838,0.974372,0.053712,256085720.0
HK,1359,2025-06-27,7.034736,1.22382,1.16988,1.12379,1.038472,1.179547,1.123882,0.055665,0.035191,0.040948,77.560854,1.285934,0.961646,0.07089,616442550.8
HK,1359,2025-06-30,-2.195757,1.265,1.18753,1.13948,1.042393,1.200232,1.137965,0.062267,0.040607,0.043322,72.268608,1.311198,0.967762,0.070034,659367452.8
HK,1359,2025-07-02,0.745814,1.29834,1.2042,1.15468,1.046805,1.219243,1.15173,0.067512,0.045988,0.043049,72.929429,1.334938,0.974422,0.069238,662485629.6
HK,1359,2025-07-03,2.734552,1.3193,1.22841,1.171195,1.051657,1.240898,1.167158,0.07374,0.051538,0.044403,75.273357,1.362792,0.979598,0.069293,600212749.6
HK,1359,2025-07-04,1.470588,1.34426,1.25854,1.18675,1.057005,1.262298,1.182924,0.079374,0.057105,0.044537,76.484796,1.392586,0.980914,0.072915,581934949.6
HK,1359,2025-07-07,-2.173913,1.34556,1.28469,1.200805,1.065122,1.275791,1.1953,0.080491,0.061782,0.037417,70.875497,1.410878,0.990732,0.069849,224866527.4
HK,1359,2025-07-08,6.666667,1.37076,1.31788,1.2174,1.074085,1.301054,1.213426,0.087628,0.066952,0.041353,76.454404,1.447081,0.987719,0.071289,229248566.0
HK,1359,2025-07-09,-2.083333,1.388,1.34317,1.232985,1.082222,1.317815,1.227987,0.089828,0.071527,0.036602,71.535423,1.470395,0.995575,0.069054,211485250.8
HK,1359,2025-07-10,6.382979,1.416,1.36765,1.25062,1.091858,1.345843,1.248136,0.097707,0.076763,0.041889,76.433949,1.511217,0.990023,0.071264,247060288.8
HK,1359,2025-07-11,0.666667,1.442,1.39313,1.269735,1.101172,1.371098,1.267533,0.103565,0.082123,0.042883,76.909435,1.547012,0.992458,0.073317,289016748.2
HK,1359,2025-07-14,-0.662252,1.472,1.40878,1.28933,1.109828,1.390929,1.284753,0.106176,0.086934,0.038484,75.273826,1.573454,1.005206,0.07308,315653288.8
HK,1359,2025-07-15,-2.666667,1.476,1.42338,1.305455,1.117818,1.401555,1.297734,0.103821,0.090311,0.02702,68.956683,1.589887,1.021023,0.075003,329305198.4
HK,1359,2025-07-16,-2.054795,1.48,1.434,1.3191,1.125635,1.405932,1.307532,0.0984,0.091929,0.012942,64.579287,1.599915,1.038285,0.073217,346363607.6
HK,1359,2025-07-17,-1.398601,1.462,1.439,1.333705,1.133118,1.406557,1.315122,0.091435,0.09183,-0.00079,61.764336,1.601212,1.066198,0.071558,312120164.2
HK,1359,2025-07-18,0.0,1.442,1.442,1.35027,1.140602,1.407087,1.32215,0.084937,0.090452,-0.011029,61.764336,1.592388,1.108152,0.070733,257576004.8
HK,1359,2025-07-21,2.836879,1.432,1.452,1.368345,1.148588,1.413689,1.33162,0.082069,0.088775,-0.013413,65.275219,1.581884,1.154806,0.069966,250162384.8
HK,1359,2025-07-22,-0.689655,1.428,1.452,1.38494,1.156408,1.417737,1.339649,0.078088,0.086638,-0.017099,63.700457,1.563766,1.206114,0.06854,209055137.8
HK,1359,2025-07-23,0.694444,1.432,1.456,1.399585,1.163905,1.4227,1.347823,0.074878,0.084286,-0.018816,64.619664,1.546504,1.252666,0.067216,209779947.8
HK,1359,2025-07-24,4.827586,1.454,1.458,1.412825,1.173222,1.43767,1.360577,0.077093,0.082847,-0.011508,70.290973,1.552877,1.272773,0.068129,224241044.0
HK,1359,2025-07-25,-1.315789,1.472,1.457,1.425065,1.182368,1.447259,1.370904,0.076355,0.081549,-0.010388,66.987058,1.549828,1.300302,0.06612,212337344.0
HK,1359,2025-07-28,2.0,1.488,1.46,1.43439,1.191688,1.459988,1.382689,0.077299,0.080699,-0.006799,69.31679,1.561236,1.307544,0.065683,203817060.0
HK,1359,2025-07-29,-3.267974,1.496,1.462,1.44269,1.199848,1.463067,1.389897,0.07317,0.079193,-0.012046,61.523891,1.558152,1.327228,0.06742,225895888.8
HK,1359,2025-07-30,-0.675676,1.5,1.466,1.45,1.207515,1.464134,1.395831,0.068303,0.077015,-0.017424,60.069343,1.552176,1.347824,0.067604,219196882.8
HK,1359,2025-07-31,-3.401361,1.48,1.467,1.453,1.214512,1.457344,1.397621,0.059723,0.073556,-0.027668,53.285884,1.547678,1.358322,0.067775,204731632.8
HK,1359,2025-08-01,-2.112676,1.458,1.465,1.4535,1.220845,1.446983,1.397057,0.049927,0.06883,-0.037808,49.662122,1.546726,1.360274,0.066505,190250770.4
HK,1359,2025-08-04,1.438849,1.434,1.461,1.4565,1.227348,1.441294,1.398015,0.043278,0.06372,-0.040884,52.005449,1.539512,1.373488,0.065326,178783522.4
HK,1359,2025-08-05,2.12766,1.426,1.461,1.4565,1.234023,1.441095,1.401125,0.039969,0.05897,-0.038001,55.362181,1.539512,1.373488,0.063517,145664226.8
HK,1359,2025-08-06,-0.694444,1.418,1.459,1.4575,1.24086,1.439388,1.403264,0.036123,0.054401,-0.036554,54.006266,1.53871,1.37629,0.061123,122534882.6
HK,1359,2025-08-07,2.097902,1.426,1.453,1.4555,1.247542,1.442559,1.407467,0.035092,0.050539,-0.030894,57.378761,1.534361,1.376639,0.060329,111772858.8
HK,1359,2025-08-08,0.0,1.44,1.449,1.453,1.254713,1.445242,1.411358,0.033884,0.047208,-0.026648,57.378761,1.52786,1.37814,0.058162,101843721.2
HK,1359,2025-08-11,-0.684932,1.448,1.441,1.4505,1.261883,1.445974,1.414221,0.031753,0.044117,-0.024727,55.797104,1.522187,1.378813,0.056151,92763533.2
HK,1359,2025-08-12,2.758621,1.458,1.442,1.452,1.26972,1.452747,1.419834,0.032913,0.041876,-0.017926,60.488763,1.525648,1.378352,0.056426,100753616.6
HK,1359,2025-08-13,0.671141,1.472,1.445,1.4555,1.277723,1.460017,1.425772,0.034245,0.04035,-0.01221,61.586465,1.531256,1.379744,0.057395,131364440.6
HK,1359,2025-08-14,-0.666667,1.478,1.452,1.4595,1.285395,1.46463,1.43053,0.0341,0.0391,-0.01,59.797381,1.533655,1.385345,0.058296,146846228.0
HK,1359,2025-08-15,8.053691,1.508,1.474,1.4695,1.295395,1.486994,1.443824,0.043171,0.039914,0.006513,70.770552,1.565098,1.373902,0.064846,228699817.4
HK,1359,2025-08-18,1.863354,1.546,1.497,1.479,1.306058,1.510534,1.458355,0.052178,0.042367,0.019623,72.771459,1.599482,1.358518,0.065214,281503017.4
HK,1359,2025-08-19,1.219512,1.58,1.519,1.49,1.317055,1.533529,1.473292,0.060236,0.045941,0.028591,74.04698,1.632408,1.347592,0.06627,310539510.6
HK,1359,2025-08-20,-1.807229,1.606,1.539,1.499,1.327552,1.54837,1.4849,0.06347,0.049447,0.028047,68.837836,1.65248,1.34552,0.067251,302303426.8
HK,1359,2025-08-21,-0.613497,1.632,1.555,1.504,1.337718,1.55939,1.494907,0.064483,0.052454,0.024058,67.142256,1.66616,1.34184,0.067447,295650550.8
HK,1359,2025-08-22,0.617284,1.636,1.572,1.5105,1.347723,1.570253,1.504914,0.065339,0.055031,0.020616,67.991326,1.68167,1.33933,0.066915,233613963.2
HK,1359,2025-08-25,0.613497,1.636,1.591,1.516,1.35806,1.580984,1.514921,0.066063,0.057237,0.017651,68.857963,1.696155,1.335845,0.066421,211794467.6
HK,1359,2025-08-26,0.0,1.632,1.606,1.524,1.368723,1.590063,1.524186,0.065877,0.058965,0.013824,68.857963,1.711126,1.336874,0.064534,190845554.6
HK,1359,2025-08-27,-6.097561,1.614,1.61,1.5275,1.377393,1.582361,1.525357,0.057004,0.058573,-0.003138,52.403046,1.713067,1.341933,0.067782,205443554.6
HK,1359,2025-08-28,9.090909,1.626,1.629,1.5405,1.388232,1.597382,1.536812,0.06057,0.058972,0.003195,65.009744,1.730497,1.350503,0.074369,269216379.6
HK,1359,2025-08-29,-2.97619,1.626,1.631,1.5525,1.397583,1.6024,1.543715,0.058685,0.058915,-0.000459,58.999436,1.733041,1.371959,0.074771,271173177.8
HK,1359,2025-09-01,-3.680982,1.612,1.624,1.5605,1.405935,1.597416,1.545662,0.051754,0.057483,-0.011458,52.70268,1.728842,1.392158,0.075859,254611255.2
HK,1359,2025-09-02,-5.732484,1.58,1.606,1.5625,1.412133,1.579352,1.540798,0.038554,0.053697,-0.030287,44.952697,1.725947,1.399053,0.077583,262018255.2
HK,1359,2025-09-03,-2.702703,1.56,1.587,1.563,1.417828,1.557913,1.533332,0.024581,0.047874,-0.046585,41.996819,1.724876,1.401124,0.076327,241623486.4
HK,1359,2025-09-04,-2.083333,1.506,1.566,1.5605,1.422207,1.535157,1.524196,0.010961,0.040491,-0.05906,39.878851,1.730026,1.390974,0.07659,179569820.6
HK,1359,2025-09-05,0.0,1.462,1.544,1.558,1.426912,1.515902,1.515737,0.000165,0.032426,-0.064522,39.878851,1.734703,1.381297,0.073976,173563499.8
HK,1359,2025-09-08,0.0,1.43,1.521,1.556,1.431943,1.49961,1.507905,-0.008295,0.024282,-0.065154,39.878851,1.738362,1.373638,0.071549,175210518.0
HK,1359,2025-09-09,2.12766,1.422,1.501,1.5535,1.436985,1.490439,1.502875,-0.012436,0.016938,-0.058748,43.44136,1.740719,1.366281,0.07001,164217110.0
HK,1359,2025-09-10,2.083333,1.428,1.494,1.552,1.4422,1.487294,1.50044,-0.013145,0.010922,-0.048133,46.834071,1.741378,1.362622,0.067866,152500805.6
HK,1359,2025-09-11,1.360544,1.444,1.475,1.552,1.448402,1.487711,1.499666,-0.011956,0.006346,-0.036604,49.029213,1.741378,1.362622,0.067304,147032010.6
HK,1359,2025-09-12,0.0,1.46,1.461,1.546,1.455257,1.488063,1.49895,-0.010887,0.0029,-0.027574,49.029213,1.735251,1.356749,0.066068,145956731.4
HK,1359,2025-09-15,-3.355705,1.466,1.448,1.536,1.461115,1.480669,1.494584,-0.013915,-0.000463,-0.026903,43.787333,1.725462,1.346538,0.067064,146178731.4
HK,1359,2025-09-16,-2.083333,1.46,1.441,1.5235,1.466147,1.469797,1.488318,-0.018522,-0.004075,-0.028893,40.957861,1.711572,1.335428,0.067988,146438939.4
HK,1359,2025-09-17,-1.41844,1.444,1.436,1.5115,1.470028,1.45752,1.481035,-0.023515,-0.007963,-0.031104,39.141957,1.701476,1.321524,0.065988,162336347.8
HK,1359,2025-09-18,-2.158273,1.418,1.431,1.4985,1.471775,1.442517,1.47207,-0.029553,-0.012281,-0.034543,36.525983,1.692539,1.304461,0.066989,179902086.0
HK,1359,2025-09-19,0.735294,1.394,1.427,1.4855,1.473688,1.431361,1.464509,-0.033148,-0.016454,-0.033388,38.01313,1.677383,1.293617,0.065061,190263231.8
HK,1359,2025-09-22,-2.919708,1.372,1.419,1.47,1.473463,1.415767,1.454545,-0.038779,-0.020919,-0.035719,34.528327,1.659526,1.280474,0.063986,189981965.2
HK,1359,2025-09-23,-2.255639,1.35,1.405,1.453,1.47323,1.397956,1.443098,-0.045141,-0.025764,-0.038755,32.14796,1.639451,1.266549,0.062987,179594365.2
HK,1359,2025-09-24,-0.769231,1.33,1.387,1.4405,1.472667,1.381348,1.431757,-0.050409,-0.030693,-0.039433,31.37159,1.635279,1.245721,0.060631,165510430.0
HK,1359,2025-09-25,-1.550388,1.312,1.365,1.42,1.471167,1.364217,1.419775,-0.055558,-0.035666,-0.039784,29.820475,1.594929,1.245071,0.058443,142231279.2
HK,1359,2025-09-26,0.787402,1.294,1.344,1.4025,1.4695,1.351261,1.409421,-0.05816,-0.040165,-0.035992,31.640434,1.558945,1.246055,0.057125,124670553.4
HK,1359,2025-09-29,6.25,1.3,1.336,1.392,1.469667,1.352605,1.40576,-0.053155,-0.042763,-0.020785,44.124295,1.529055,1.254945,0.061616,142687566.0
HK,1359,2025-09-30,0.0,1.312,1.331,1.386,1.468333,1.353743,1.402371,-0.048628,-0.043936,-0.009384,44.124295,1.517514,1.254486,0.060787,136997966.0
HK,1359,2025-10-02,-2.205882,1.32,1.325,1.3805,1.467,1.35009,1.39701,-0.04692,-0.044533,-0.004774,40.877641,1.511721,1.249279,0.06073,127652246.2
HK,1359,2025-10-03,-0.75188,1.33,1.321,1.376,1.464,1.345461,1.391306,-0.045845,-0.044795,-0.002099,39.825714,1.509026,1.242974,0.05925,108206376.6
HK,1359,2025-10-06,-0.757576,1.336,1.315,1.371,1.460667,1.340005,1.385283,-0.045278,-0.044892,-0.000772,38.751784,1.506041,1.235959,0.05716,95067756.6
HK,1359,2025-10-08,-0.763359,1.324,1.312,1.3655,1.457333,1.333851,1.378966,-0.045115,-0.044936,-0.000357,37.65819,1.502682,1.228318,0.055935,55697069.2
HK,1359,2025-10-09,0.0,1.312,1.312,1.3585,1.454667,1.328643,1.373116,-0.044473,-0.044844,0.00074,37.65819,1.49404,1.22296,0.054082,68287220.4
HK,1359,2025-10-10,-2.307692,1.3,1.31,1.3485,1.452,1.319621,1.365478,-0.045857,-0.045046,-0.001622,34.291227,1.479079,1.217921,0.055933,92595648.0
HK,1359,2025-10-13,-0.787402,1.288,1.309,1.337,1.4495,1.310448,1.357665,-0.047216,-0.04548,-0.003472,33.224862,1.455676,1.218324,0.05551,114763117.6
HK,1359,2025-10-14,-0.793651,1.276,1.306,1.325,1.446833,1.301149,1.34969,-0.048541,-0.046092,-0.004897,32.148238,1.426686,1.223314,0.056545,137729739.8
HK,1359,2025-10-15,2.4,1.272,1.298,1.317,1.444,1.297895,1.344528,-0.046632,-0.0462,-0.000864,38.578485,1.405566,1.228434,0.055363,151413183.2
HK,1359,2025-10-16,0.78125,1.27,1.291,1.311,1.4415,1.29668,1.340488,-0.043808,-0.045722,0.003828,40.599277,1.389205,1.232795,0.054266,137990072.0
HK,1359,2025-10-17,-3.875969,1.264,1.282,1.3035,1.438,1.28796,1.333045,-0.045084,-0.045594,0.00102,34.489292,1.378673,1.228327,0.054675,115972858.6
HK,1359,2025-10-20,-0.806452,1.258,1.273,1.297,1.433167,1.279043,1.325412,-0.046369,-0.045749,-0.001238,33.406446,1.373968,1.220032,0.053627,105005528.0
HK,1359,2025-10-21,0.813008,1.256,1.266,1.2905,1.428833,1.273037,1.319085,-0.046048,-0.045809,-0.000479,35.584446,1.363568,1.217432,0.053368,97647705.8
HK,1359,2025-10-22,1.612903,1.252,1.262,1.287,1.424333,1.271031,1.314708,-0.043677,-0.045383,0.003411,39.823485,1.358861,1.215139,0.051699,87194347.4
HK,1359,2025-10-23,0.793651,1.248,1.259,1.2855,1.420833,1.270872,1.311397,-0.040524,-0.044411,0.007774,41.882861,1.357465,1.213535,0.051577,83743095.6
HK,1359,2025-10-24,0.787402,1.256,1.26,1.285,1.417667,1.272277,1.309071,-0.036794,-0.042888,0.012187,43.94862,1.356972,1.213028,0.050036,78790587.2
HK,1359,2025-10-27,1.5625,1.27,1.264,1.2865,1.415667,1.276542,1.308399,-0.031857,-0.040682,0.017649,47.934635,1.35841,1.21459,0.049319,84548933.8
HK,1359,2025-10-28,-0.769231,1.28,1.268,1.287,1.414,1.278612,1.307036,-0.028424,-0.03823,0.019612,46.166818,1.358861,1.215139,0.047939,74486926.6
HK,1359,2025-10-30,0.0,1.286,1.269,1.2835,1.412,1.280364,1.305774,-0.02541,-0.035666,0.020512,46.166818,1.347147,1.219853,0.048801,91370248.2
HK,1359,2025-10-31,-2.325581,1.284,1.266,1.2785,1.409,1.277231,1.302384,-0.025152,-0.033563,0.016822,40.916593,1.332268,1.224732,0.047458,88094860.0
HK,1359,2025-11-03,-0.793651,1.278,1.267,1.2745,1.406,1.273042,1.298503,-0.025461,-0.031943,0.012963,39.311746,1.324088,1.224912,0.045497,88878874.0
HK,1359,2025-11-04,-0.8,1.266,1.268,1.2705,1.402333,1.267958,1.29417,-0.026211,-0.030797,0.009171,37.718533,1.317606,1.223394,0.045104,82117058.0
HK,1359,2025-11-05,-0.806452,1.254,1.267,1.2665,1.3985,1.262119,1.289416,-0.027298,-0.030097,0.005598,36.141147,1.313094,1.219906,0.044025,97527154.6
HK,1359,2025-11-06,2.439024,1.248,1.267,1.2645,1.395333,1.261793,1.287237,-0.025445,-0.029166,0.007443,43.742172,1.308534,1.220466,0.043023,84744822.6
HK,1359,2025-11-07,-0.793651,1.246,1.265,1.262,1.391333,1.259978,1.284479,-0.024501,-0.028233,0.007465,41.949735,1.30328,1.22072,0.041379,78881781.0
HK,1359,2025-11-10,3.2,1.254,1.266,1.263,1.387833,1.264597,1.284888,-0.020291,-0.026645,0.012708,50.659247,1.305942,1.220058,0.042709,91431780.8
HK,1359,2025-11-11,0.775194,1.266,1.266,1.265,1.384667,1.270044,1.286007,-0.015964,-0.024509,0.01709,52.574924,1.310826,1.219174,0.04323,91695998.8
HK,1359,2025-11-12,0.769231,1.282,1.268,1.268,1.379667,1.276191,1.287785,-0.011594,-0.021926,0.020664,54.478279,1.317234,1.218766,0.042999,82809288.8
HK,1359,2025-11-13,0.763359,1.294,1.271,1.27,1.374333,1.282931,1.290171,-0.00724,-0.018989,0.023497,56.364267,1.324037,1.215963,0.042785,77172755.6
HK,1359,2025-11-14,-3.030303,1.3,1.273,1.2695,1.368,1.28248,1.289418,-0.006938,-0.016578,0.019281,47.828349,1.32297,1.21603,0.0433,89552797.2
HK,1359,2025-11-17,0.0,1.298,1.276,1.2715,1.362167,1.282098,1.28872,-0.006622,-0.014587,0.015931,47.828349,1.323375,1.219625,0.041636,74786597.4
HK,1359,2025-11-18,-2.34375,1.288,1.277,1.2725,1.356,1.27716,1.285852,-0.008692,-0.013408,0.009432,42.261359,1.321846,1.223154,0.041519,73361779.4
HK,1359,2025-11-19,-0.8,1.274,1.278,1.2725,1.3495,1.271443,1.282455,-0.011012,-0.012929,0.003833,40.566379,1.321846,1.223154,0.040696,65625164.4
HK,1359,2025-11-20,6.451613,1.274,1.284,1.2755,1.344167,1.278913,1.285236,-0.006323,-0.011608,0.010569,55.829105,1.328594,1.222406,0.047075,155637364.4
HK,1359,2025-11-21,-5.30303,1.268,1.284,1.2745,1.337667,1.274465,1.282626,-0.008161,-0.010918,0.005514,44.951428,1.328713,1.220287,0.049427,167282921.6
HK,1359,2025-11-24,0.8,1.264,1.281,1.2735,1.333,1.27224,1.28095,-0.008711,-0.010477,0.003533,46.553498,1.328007,1.218993,0.048754,179001541.6
HK,1359,2025-11-25,1.587302,1.27,1.279,1.2725,1.326333,1.273434,1.28088,-0.007446,-0.009871,0.004849,49.706074,1.325745,1.219255,0.047414,175571611.6
HK,1359,2025-11-26,7.8125,1.298,1.286,1.277,1.322167,1.289829,1.288222,0.001606,-0.007575,0.018363,61.829574,1.347739,1.206261,0.052599,228390847.2
HK,1359,2025-11-27,-1.449275,1.306,1.29,1.2805,1.318667,1.300624,1.293539,0.007085,-0.004643,0.023457,58.777879,1.359866,1.201134,0.052413,154429537.2
HK,1359,2025-11-28,-1.470588,1.324,1.296,1.2845,1.316333,1.306682,1.296981,0.009701,-0.001774,0.022951,55.811328,1.367319,1.201681,0.051526,141830749.6
HK,1359,2025-12-01,0.0,1.34,1.302,1.289,1.314667,1.311808,1.300167,0.011641,0.000909,0.021464,55.811328,1.373593,1.204407,0.049989,131170129.6
HK,1359,2025-12-02,0.0,1.352,1.311,1.294,1.3135,1.316145,1.303118,0.013027,0.003332,0.01939,55.811328,1.378238,1.209762,0.048561,127640459.6
HK,1359,2025-12-03,-1.492537,1.34,1.319,1.2985,1.312,1.316738,1.304368,0.01237,0.00514,0.01446,52.501799,1.378068,1.218932,0.04795,73581062.4
HK,1359,2025-12-04,-0.757576,1.33,1.318,1.301,1.310333,1.315701,1.304785,0.010916,0.006295,0.009242,50.877289,1.378692,1.223308,0.045953,56751772.8
HK,1359,2025-12-05,1.526718,1.328,1.326,1.305,1.3085,1.317901,1.306653,0.011248,0.007286,0.007925,53.946492,1.379967,1.230033,0.046242,52248757.6
HK,1359,2025-12-08,0.75188,1.328,1.334,1.3075,1.306333,1.321301,1.309123,0.012178,0.008264,0.007827,55.445452,1.383625,1.231375,0.046511,60520958.0
HK,1359,2025-12-09,-3.731343,1.318,1.335,1.307,1.303,1.316486,1.307707,0.008779,0.008367,0.000823,47.177192,1.383446,1.230554,0.048903,110550962.4
HK,1359,2025-12-10,6.20155,1.328,1.334,1.31,1.301,1.324719,1.312321,0.012397,0.009173,0.006449,57.975494,1.39124,1.22876,0.051838,141512595.0
HK,1359,2025-12-11,3.649635,1.35,1.34,1.315,1.300667,1.339377,1.320297,0.01908,0.011154,0.015851,63.058424,1.40934,1.22066,0.05385,184191744.6
HK,1359,2025-12-12,-2.816901,1.36,1.344,1.32,1.300167,1.345627,1.32472,0.020907,0.013105,0.015604,57.107563,1.416954,1.223046,0.057146,286740909.4
HK,1359,2025-12-15,0.0,1.368,1.348,1.325,1.3,1.350915,1.328815,0.0221,0.014904,0.014393,57.107563,1.423489,1.226511,0.055922,305796255.6
HK,1359,2025-12-16,-1.449275,1.382,1.35,1.3305,1.3,1.352313,1.331125,0.021188,0.016161,0.010054,54.144568,1.423768,1.237232,0.054784,275586851.2
HK,1359,2025-12-17,1.470588,1.384,1.356,1.3375,1.300167,1.356572,1.334745,0.021827,0.017294,0.009066,56.571178,1.423261,1.251739,0.053728,262462615.8
HK,1359,2025-12-18,-2.898551,1.368,1.359,1.3385,1.300333,1.354023,1.335134,0.018888,0.017613,0.002551,50.782995,1.423887,1.253113,0.056319,254913065.8
HK,1359,2025-12-19,0.746269,1.362,1.361,1.3435,1.301167,1.353404,1.336235,0.017168,0.017524,-0.000711,52.102422,1.418673,1.268327,0.054439,154170093.4
HK,1359,2025-12-22,0.0,1.356,1.362,1.348,1.302167,1.35288,1.337255,0.015625,0.017144,-0.003038,52.102422,1.412684,1.283316,0.053408,129222606.8
HK,1359,2025-12-23,0.740741,1.356,1.369,1.352,1.303667,1.353976,1.33894,0.015036,0.016723,-0.003374,53.546717,1.40878,1.29522,0.051736,111081446.6
HK,1359,2025-12-24,0.0,1.352,1.368,1.351,1.305,1.354902,1.3405,0.014403,0.016259,-0.003712,53.546717,1.406462,1.295538,0.049469,87875762.6
HK,1359,2025-12-29,-2.941176,1.348,1.358,1.349,1.304333,1.349533,1.338981,0.010551,0.015117,-0.009131,46.975536,1.405886,1.292114,0.050935,72135398.6
HK,1359,2025-12-30,-1.515152,1.338,1.35,1.347,1.303333,1.341912,1.336094,0.005819,0.013257,-0.014878,44.06383,1.407696,1.286304,0.04944,69041451.8
HK,1359,2025-12-31,-1.538462,1.324,1.34,1.344,1.3025,1.332387,1.331939,0.000449,0.010696,-0.020494,41.306559,1.41135,1.27665,0.048766,66107391.8
HK,1359,2026-01-02,2.34375,1.314,1.335,1.3425,1.302333,1.328943,1.330314,-0.00137,0.008282,-0.019306,46.694752,1.411457,1.273543,0.047425,59948728.0
HK,1359,2026-01-05,-0.763359,1.302,1.327,1.3415,1.302167,1.32449,1.328068,-0.003578,0.00591,-0.018976,45.205035,1.412288,1.270712,0.046895,75116412.0
HK,1359,2026-01-06,3.846154,1.308,1.328,1.3435,1.303,1.328415,1.329693,-0.001278,0.004473,-0.011501,53.23812,1.412861,1.274139,0.04926,73868281.4
HK,1359,2026-01-07,-1.481481,1.314,1.326,1.3435,1.3035,1.328659,1.329716,-0.001057,0.003367,-0.008847,50.075742,1.412861,1.274139,0.049313,83408481.4
HK,1359,2026-01-08,-3.007519,1.316,1.32,1.341,1.303833,1.322711,1.326774,-0.004062,0.001881,-0.011887,44.395757,1.414185,1.267815,0.049362,97075200.8
HK,1359,2026-01-09,0.775194,1.314,1.314,1.3415,1.3045,1.319217,1.32479,-0.005573,0.00039,-0.011927,46.043495,1.41341,1.26959,0.047979,104576024.8
HK,1359,2026-01-12,0.0,1.314,1.308,1.338,1.305333,1.316261,1.322954,-0.006693,-0.001027,-0.011334,46.043495,1.410829,1.265171,0.046694,101279169.8
HK,1359,2026-01-13,-0.769231,1.302,1.305,1.3315,1.3055,1.312221,1.320513,-0.008292,-0.00248,-0.011625,44.513666,1.3967,1.2663,0.046216,84931166.6
HK,1359,2026-01-14,-0.775194,1.292,1.303,1.3265,1.305333,1.307264,1.317512,-0.010248,-0.004033,-0.01243,42.975919,1.391392,1.261608,0.046487,89898966.6
HK,1359,2026-01-15,-1.5625,1.286,1.301,1.3205,1.305667,1.299992,1.313252,-0.01326,-0.005879,-0.014762,39.999714,1.386674,1.254326,0.046738,86437947.2
HK,1359,2026-01-16,0.0,1.278,1.296,1.3155,1.306167,1.29384,1.309307,-0.015468,-0.007797,-0.015342,39.999714,1.384049,1.246951,0.045542,86937747.2
HK,1359,2026-01-19,-0.793651,1.268,1.291,1.309,1.306333,1.287095,1.304914,-0.017819,-0.009801,-0.016036,38.455404,1.376498,1.241502,0.043718,85464402.2
HK,1359,2026-01-20,0.8,1.262,1.282,1.305,1.306333,1.282927,1.301587,-0.018661,-0.011573,-0.014175,40.912151,1.374138,1.235862,0.042738,81138648.8
HK,1359,2026-01-21,-0.793651,1.256,1.274,1.3,1.306,1.277861,1.297766,-0.019905,-0.013239,-0.013331,39.225878,1.369857,1.230143,0.041114,68200048.8
HK,1359,2026-01-22,-0.8,1.252,1.269,1.2945,1.305333,1.272036,1.293487,-0.021451,-0.014882,-0.013138,37.558741,1.365062,1.223938,0.04032,54490307.2
HK,1359,2026-01-23,-0.806452,1.246,1.262,1.288,1.304167,1.265569,1.288784,-0.023215,-0.016548,-0.013334,35.914907,1.357166,1.218834,0.041011,68733487.2
HK,1359,2026-01-26,0.0,1.242,1.255,1.2815,1.303167,1.260097,1.28443,-0.024333,-0.018105,-0.012455,35.914907,1.3467,1.2163,0.040225,65071487.2
HK,1359,2026-01-27,0.0,1.236,1.249,1.277,1.302167,1.255467,1.280398,-0.024931,-0.01947,-0.010922,35.914907,1.343363,1.210637,0.039494,74255938.4
HK,1359,2026-01-28,1.626016,1.236,1.246,1.2745,1.302,1.254626,1.278146,-0.023521,-0.020281,-0.00648,42.230703,1.340976,1.208024,0.03953,78088938.4
HK,1359,2026-01-29,7.2,1.256,1.254,1.2775,1.3035,1.26776,1.282728,-0.014968,-0.019218,0.0085,60.903407,1.349853,1.205147,0.04385,118275980.0
HK,1359,2026-01-30,-0.746269,1.276,1.261,1.2785,1.305,1.277335,1.28623,-0.008894,-0.017153,0.016518,58.635562,1.353139,1.203861,0.045003,119270800.0
HK,1359,2026-02-02,-4.511278,1.284,1.263,1.277,1.305667,1.276207,1.285027,-0.008821,-0.015487,0.013332,47.263618,1.351054,1.202946,0.047503,135018594.0
HK,1359,2026-02-03,-1.574803,1.288,1.262,1.272,1.3055,1.272175,1.282433,-0.010258,-0.014441,0.008366,44.187279,1.338813,1.205187,0.048396,136684994.0
HK,1359,2026-02-04,3.2,1.296,1.266,1.27,1.306167,1.274917,1.282993,-0.008076,-0.013168,0.010184,51.0497,1.331968,1.208032,0.04851,136148994.0
HK,1359,2026-02-05,0.0,1.286,1.271,1.27,1.306167,1.277238,1.283512,-0.006275,-0.011789,0.011029,51.0497,1.331968,1.208032,0.047902,101811894.0
HK,1359,2026-02-06,-1.550388,1.274,1.275,1.2685,1.305667,1.276124,1.282511,-0.006387,-0.010709,0.008643,47.652148,1.328924,1.208076,0.046624,85481451.2
HK,1359,2026-02-09,0.787402,1.276,1.28,1.2675,1.305167,1.276721,1.282325,-0.005605,-0.009688,0.008166,49.463218,1.326449,1.208551,0.046151,68527987.0
HK,1359,2026-02-10,0.78125,1.284,1.286,1.2675,1.304667,1.278764,1.282894,-0.00413,-0.008577,0.008892,51.27849,1.326449,1.208551,0.044283,64593787.0
HK,1359,2026-02-11,-0.775194,1.282,1.289,1.2675,1.304667,1.278954,1.28268,-0.003726,-0.007606,0.007761,49.368764,1.326449,1.208551,0.043262,57988022.2
HK,1359,2026-02-12,-1.5625,1.276,1.281,1.2675,1.304333,1.276038,1.281,-0.004962,-0.007077,0.004231,45.70276,1.326449,1.208551,0.041601,53793122.2
HK,1359,2026-02-13,0.793651,1.276,1.275,1.268,1.304667,1.275109,1.280185,-0.005076,-0.006677,0.003202,47.790354,1.326856,1.209144,0.040772,52801565.0
HK,1359,2026-02-16,-1.574803,1.27,1.273,1.268,1.304833,1.271246,1.277949,-0.006703,-0.006682,-4.1e-05,44.135492,1.326856,1.209144,0.041431,46903435.2
HK,1359,2026-02-20,0.8,1.264,1.274,1.268,1.303833,1.269516,1.276619,-0.007104,-0.006767,-0.000674,46.345001,1.326856,1.209144,0.040615,35355435.2
HK,1359,2026-02-23,0.793651,1.262,1.272,1.269,1.304167,1.26959,1.276129,-0.006539,-0.006721,0.000365,48.536995,1.327275,1.210725,0.039857,26067386.0
HK,1359,2026-02-24,0.0,1.264,1.27,1.2705,1.304333,1.269653,1.275675,-0.006022,-0.006581,0.001119,48.536995,1.327236,1.213764,0.038438,32981986.0
HK,1359,2026-02-25,1.574803,1.268,1.272,1.2735,1.3045,1.272784,1.276736,-0.003953,-0.006055,0.004206,52.991552,1.327639,1.219361,0.03855,37564739.6
HK,1359,2026-02-26,-1.550388,1.272,1.271,1.2755,1.302667,1.272355,1.276237,-0.003882,-0.005621,0.003478,48.473051,1.325888,1.225112,0.037939,40496139.6
HK,1359,2026-02-27,-0.787402,1.272,1.268,1.277,1.301,1.270455,1.275034,-0.00458,-0.005413,0.001665,46.345171,1.323519,1.230481,0.036658,45833070.8
HK,1359,2026-03-02,-3.968254,1.26,1.261,1.275,1.298833,1.261154,1.270217,-0.009063,-0.006143,-0.005841,37.484724,1.328852,1.221148,0.038325,80643684.8
HK,1359,2026-03-03,-0.826446,1.246,1.255,1.268,1.2965,1.251746,1.265016,-0.01327,-0.007568,-0.011404,36.002223,1.322626,1.213374,0.039159,89568284.8
HK,1359,2026-03-04,-4.166667,1.218,1.243,1.259,1.293333,1.236092,1.256496,-0.020404,-0.010135,-0.020537,29.681325,1.327381,1.190619,0.040648,100488531.2
HK,1359,2026-03-05,0.0,1.194,1.233,1.253,1.2905,1.222847,1.248607,-0.02576,-0.01326,-0.025,29.681325,1.33597,1.17003,0.040601,107833862.4
HK,1359,2026-03-06,2.608696,1.178,1.225,1.2495,1.288333,1.216256,1.243525,-0.02727,-0.016062,-0.022416,37.336965,1.338376,1.160624,0.041273,111607101.8
HK,1359,2026-03-09,-0.847458,1.17,1.215,1.2435,1.285667,1.209139,1.238079,-0.02894,-0.018638,-0.020604,35.932653,1.336726,1.150274,0.041182,84649301.8
HK,1359,2026-03-10,0.0,1.164,1.205,1.2375,1.282833,1.203118,1.233036,-0.029918,-0.020894,-0.018049,35.932653,1.333391,1.141609,0.040383,75534501.8
HK,1359,2026-03-11,0.0,1.168,1.193,1.2325,1.280833,1.198023,1.228367,-0.030344,-0.022784,-0.01512,35.932653,1.33147,1.13353,0.039641,58733870.2
HK,1359,2026-03-12,0.854701,1.174,1.184,1.2275,1.277667,1.19525,1.224784,-0.029534,-0.024134,-0.0108,38.80726,1.32647,1.12853,0.038953,51000539.0
HK,1359,2026-03-13,-2.542373,1.168,1.173,1.2205,1.273167,1.188289,1.219245,-0.030956,-0.025498,-0.010915,33.893993,1.320595,1.120405,0.039742,61334168.4
HK,1359,2026-03-16,1.73913,1.168,1.169,1.215,1.269667,1.185475,1.215597,-0.030122,-0.026423,-0.007398,39.40217,1.313489,1.116511,0.039046,66647405.2
HK,1359,2026-03-17,1.709402,1.172,1.168,1.2115,1.2665,1.186171,1.213701,-0.02753,-0.026644,-0.001771,44.392034,1.308304,1.114696,0.040543,74802003.6
HK,1359,2026-03-18,0.0,1.176,1.172,1.2075,1.263667,1.18676,1.211945,-0.025185,-0.026353,0.002335,44.392034,1.300854,1.114146,0.039075,81740158.0
HK,1359,2026-03-19,-1.680672,1.174,1.174,1.2035,1.260167,1.184182,1.208838,-0.024656,-0.026013,0.002714,40.522186,1.29608,1.11092,0.038427,84054198.0
HK,1359,2026-03-20,-2.564103,1.172,1.17,1.1975,1.256833,1.177384,1.203739,-0.026355,-0.026082,-0.000546,35.520224,1.290209,1.104791,0.038539,82113170.2
HK,1359,2026-03-23,-2.631579,1.16,1.164,1.1895,1.252833,1.167018,1.196795,-0.029778,-0.026821,-0.005914,31.352453,1.28341,1.09559,0.040072,91539133.4
HK,1359,2026-03-24,0.900901,1.146,1.159,1.182,1.249,1.159784,1.191107,-0.031323,-0.027721,-0.007203,34.127042,1.272907,1.091093,0.040067,86925733.4
HK,1359,2026-03-25,2.678571,1.138,1.157,1.175,1.2455,1.158279,1.188062,-0.029783,-0.028134,-0.003299,41.735299,1.252071,1.097929,0.040062,87074714.4
HK,1359,2026-03-26,-1.73913,1.13,1.152,1.168,1.241667,1.153928,1.183761,-0.029833,-0.028473,-0.002719,38.539513,1.233909,1.102091,0.039344,87221074.4
HK,1359,2026-03-27,1.769912,1.132,1.152,1.1625,1.238833,1.153324,1.18126,-0.027936,-0.028366,0.000859,43.221625,1.213441,1.111559,0.040105,80536302.2
HK,1359,2026-03-30,-1.73913,1.136,1.148,1.1585,1.236,1.149736,1.177463,-0.027727,-0.028238,0.001022,39.944539,1.206364,1.110636,0.039383,68547702.2
HK,1359,2026-03-31,0.0,1.138,1.142,1.155,1.2335,1.146699,1.173947,-0.027248,-0.02804,0.001584,39.944539,1.200387,1.109613,0.039427,62224503.8
HK,1359,2026-04-01,0.0,1.134,1.136,1.154,1.2305,1.14413,1.170692,-0.026562,-0.027744,0.002366,39.944539,1.200648,1.107352,0.039468,70021800.0
HK,1359,2026-04-02,0.884956,1.136,1.133,1.1535,1.227833,1.143495,1.168418,-0.024924,-0.02718,0.004513,42.659551,1.200521,1.106479,0.039506,77599684.8
HK,1359,2026-04-08,0.877193,1.136,1.134,1.152,1.2245,1.144496,1.167054,-0.022559,-0.026256,0.007395,45.321623,1.197431,1.106569,0.039541,93163684.8
HK,1359,2026-04-09,-2.608696,1.134,1.135,1.1495,1.221,1.140727,1.163569,-0.022842,-0.025573,0.005463,39.410423,1.19618,1.10282,0.03886,90049684.8
HK,1359,2026-04-10,1.785714,1.136,1.137,1.148,1.2185,1.140615,1.161823,-0.021208,-0.0247,0.006985,44.598268,1.193869,1.102131,0.039656,97016138.0
HK,1359,2026-04-13,-2.631579,1.132,1.133,1.145,1.215333,1.135905,1.157984,-0.022079,-0.024176,0.004194,39.179244,1.192539,1.097461,0.03968,85790219.0
HK,1359,2026-04-14,0.900901,1.128,1.132,1.142,1.212333,1.133458,1.15517,-0.021712,-0.023683,0.003942,41.721251,1.187869,1.096131,0.038274,78932934.2
HK,1359,2026-04-15,0.0,1.122,1.129,1.1405,1.2095,1.131388,1.152565,-0.021178,-0.023182,0.004009,41.721251,1.18718,1.09382,0.037683,57889774.2
HK,1359,2026-04-16,0.892857,1.124,1.129,1.1385,1.207,1.131174,1.150894,-0.01972,-0.022489,0.00554,44.41556,1.183344,1.093656,0.03642,57411774.2
HK,1359,2026-04-17,0.0,1.122,1.129,1.1355,1.204833,1.130994,1.149346,-0.018352,-0.021662,0.006619,44.41556,1.173697,1.097303,0.034533,42046221.0
HK,1359,2026-04-20,0.0,1.126,1.129,1.1325,1.202667,1.130841,1.147913,-0.017072,-0.020744,0.007344,44.41556,1.161396,1.103604,0.032781,35392540.0
HK,1359,2026-04-21,0.0,1.128,1.128,1.1305,1.200667,1.130711,1.146586,-0.015875,-0.01977,0.007791,44.41556,1.153716,1.107284,0.031154,27895740.0
HK,1359,2026-04-22,0.0,1.13,1.126,1.13,1.1985,1.130602,1.145358,-0.014756,-0.018767,0.008023,44.41556,1.152804,1.107196,0.029643,23086300.0
HK,1359,2026-04-23,-1.769912,1.126,1.125,1.13,1.196167,1.127432,1.142738,-0.015306,-0.018075,0.005538,39.169442,1.152804,1.107196,0.028954,20962500.0
HK,1359,2026-04-24,0.0,1.122,1.122,1.1295,1.194,1.124751,1.140313,-0.015563,-0.017573,0.004019,39.169442,1.153562,1.105438,0.028314,21709469.8
HK,1359,2026-04-27,-1.801802,1.114,1.12,1.1265,1.191667,1.119404,1.136586,-0.017182,-0.017495,0.000625,34.450279,1.154267,1.098733,0.028435,27628269.8
HK,1359,2026-04-28,0.0,1.106,1.117,1.1245,1.189333,1.114881,1.133136,-0.018255,-0.017647,-0.001217,34.450279,1.156422,1.092578,0.028546,30254269.8
HK,1359,2026-04-29,1.834862,1.102,1.116,1.1225,1.187333,1.11413,1.131422,-0.017292,-0.017576,0.000567,42.48658,1.152749,1.092251,0.02865,34469069.8
HK,1359,2026-04-30,-0.900901,1.1,1.113,1.121,1.184833,1.111956,1.129094,-0.017138,-0.017488,0.0007,39.855533,1.152559,1.089441,0.028747,39231469.8
HK,1359,2026-05-04,2.727273,1.104,1.113,1.121,1.181333,1.114732,1.129161,-0.01443,-0.016877,0.004894,49.88255,1.152559,1.089441,0.030265,40325400.0
HK,1359,2026-05-05,0.0,1.112,1.113,1.121,1.178,1.117081,1.129224,-0.012143,-0.01593,0.007574,49.88255,1.152559,1.089441,0.030246,32239200.0
HK,1359,2026-05-06,-0.884956,1.118,1.112,1.12,1.1755,1.11753,1.12854,-0.01101,-0.014946,0.007871,46.862268,1.150332,1.089668,0.030228,39906200.0
HK,1359,2026-05-07,0.892857,1.122,1.112,1.119,1.1735,1.119448,1.128648,-0.0092,-0.013797,0.009193,50.115037,1.146495,1.091505,0.028783,38740800.0
HK,1359,2026-05-08,-1.769912,1.124,1.112,1.1185,1.1705,1.117995,1.127267,-0.009272,-0.012892,0.007239,44.277282,1.146267,1.090733,0.02887,40454378.2
HK,1359,2026-05-11,4.504505,1.13,1.117,1.1195,1.168333,1.124457,1.129692,-0.005235,-0.01136,0.012252,57.580764,1.151422,1.087578,0.03038,61062578.2
HK,1359,2026-05-12,0.0,1.136,1.124,1.122,1.1665,1.129925,1.131937,-0.002012,-0.009491,0.014958,57.580764,1.158111,1.085889,0.030352,66835025.4
HK,1359,2026-05-13,0.862069,1.146,1.132,1.1245,1.164667,1.136091,1.134756,0.001334,-0.007326,0.01732,59.80657,1.166201,1.082799,0.030327,64907225.4
HK,1359,2026-05-14,-3.418803,1.146,1.134,1.125,1.162,1.135154,1.134404,0.00075,-0.005711,0.01292,48.780609,1.166713,1.083287,0.031018,70225257.2
HK,1359,2026-05-15,0.0,1.15,1.137,1.125,1.1595,1.134361,1.134078,0.000283,-0.004512,0.00959,48.780609,1.166713,1.083287,0.030945,66748079.0
HK,1359,2026-05-18,-2.654867,1.138,1.134,1.1235,1.156833,1.129074,1.131553,-0.002479,-0.004105,0.003253,42.039173,1.166523,1.080477,0.031592,51453279.0
HK,1359,2026-05-19,-0.909091,1.124,1.13,1.1215,1.153833,1.123063,1.128475,-0.005412,-0.004367,-0.002091,40.052187,1.166788,1.076212,0.032907,59186733.8
HK,1359,2026-05-20,0.0,1.108,1.127,1.1195,1.151167,1.117976,1.125625,-0.007649,-0.005023,-0.005252,40.052187,1.166606,1.072394,0.032699,58503994.2
HK,1359,2026-05-21,-1.834862,1.096,1.121,1.1165,1.148,1.110595,1.121505,-0.01091,-0.0062,-0.009418,36.094996,1.167988,1.065012,0.034649,63837550.6
HK,1359,2026-05-22,0.0,1.084,1.117,1.1145,1.144667,1.10435,1.11769,-0.01334,-0.007628,-0.011423,36.094996,1.169808,1.059192,0.033603,60842429.0
HK,1359,2026-05-26,0.0,1.078,1.108,1.1125,1.141333,1.099065,1.114157,-0.015092,-0.009121,-0.011942,36.094996,1.171109,1.053891,0.035489,66204429.0
HK,1359,2026-05-27,0.0,1.074,1.099,1.1115,1.137667,1.094594,1.110886,-0.016293,-0.010555,-0.011474,36.094996,1.172254,1.050746,0.035811,57273127.0
HK,1359,2026-05-28,-2.803738,1.064,1.086,1.109,1.133833,1.086195,1.105635,-0.019441,-0.012332,-0.014217,30.095758,1.176794,1.041206,0.03611,56218066.6
HK,1359,2026-05-29,0.961538,1.06,1.078,1.106,1.130333,1.080626,1.101514,-0.020888,-0.014044,-0.013689,34.031692,1.178498,1.033502,0.037102,54686478.4
HK,1359,2026-06-01,1.904762,1.06,1.072,1.1045,1.128,1.078991,1.09918,-0.020188,-0.015273,-0.009832,41.166521,1.178655,1.030345,0.037309,59710199.8
HK,1359,2026-06-02,0.934579,1.062,1.07,1.102,1.126,1.079147,1.097759,-0.018613,-0.015941,-0.005344,44.404278,1.175919,1.028081,0.036787,50938223.8
HK,1359,2026-06-03,-1.851852,1.06,1.067,1.0985,1.1245,1.076201,1.094962,-0.018761,-0.016505,-0.004513,39.698722,1.173407,1.023593,0.037017,52848532.0
HK,1359,2026-06-04,-1.886792,1.06,1.062,1.0945,1.122667,1.070632,1.090891,-0.020259,-0.017256,-0.006007,35.632281,1.172852,1.016148,0.036515,54922332.0
HK,1359,2026-06-05,0.0,1.058,1.059,1.09,1.120333,1.065919,1.087121,-0.021202,-0.018045,-0.006315,35.632281,1.17,1.01,0.035336,44416795.6
HK,1359,2026-06-08,-0.961538,1.05,1.055,1.086,1.118,1.060393,1.08289,-0.022497,-0.018935,-0.007123,33.634438,1.169522,1.002478,0.035669,46632673.4
HK,1359,2026-06-09,0.0,1.04,1.051,1.0795,1.115667,1.055717,1.078972,-0.023255,-0.019799,-0.006912,33.634438,1.159118,0.999882,0.035264,47641049.4
HK,1359,2026-06-10,2.912621,1.04,1.05,1.0745,1.113833,1.056376,1.077567,-0.021191,-0.020078,-0.002226,44.467593,1.145345,1.003655,0.034888,50249150.0
HK,1359,2026-06-11,0.0,1.044,1.052,1.069,1.111833,1.056934,1.076266,-0.019332,-0.019928,0.001193,44.467593,1.124821,1.013179,0.033825,47998307.8
HK,1359,2026-06-12,-1.886792,1.044,1.051,1.0645,1.11,1.054328,1.073579,-0.019251,-0.019793,0.001084,39.484317,1.114088,1.014912,0.03498,70373644.2
HK,1359,2026-06-15,0.961538,1.048,1.049,1.0605,1.108,1.053663,1.071833,-0.01817,-0.019468,0.002596,42.928194,1.100237,1.020763,0.036053,74389766.6
HK,1359,2026-06-16,-0.952381,1.05,1.045,1.0575,1.1055,1.051561,1.069475,-0.017914,-0.019158,0.002487,40.449206,1.093763,1.021237,0.03562,76016688.8
HK,1359,2026-06-17,0.0,1.046,1.043,1.055,1.103,1.049782,1.067291,-0.017509,-0.018828,0.002637,40.449206,1.088764,1.021236,0.034505,73154972.0
HK,1359,2026-06-18,1.923077,1.046,1.045,1.0535,1.101167,1.051354,1.066751,-0.015397,-0.018142,0.005489,47.483591,1.08335,1.02365,0.034897,94829814.2
