country,code,time,raw_open,raw_high,raw_low,raw_close,adj_open,adj_high,adj_low,adj_close,volume,amount,adj_factor,float_shares,float_market_cap,total_shares,total_market_cap,turnover_rate
CN,000063,2016-06-20,13.74,13.99,13.58,13.67,12.4664,12.6933,12.3213,12.4029,17879853.0,244601134.2,0.9073117736,33.89136518,463.294962,41.53876776,567.834955,0.004304377323685925
CN,000063,2016-06-21,13.74,13.84,13.49,13.52,12.4664,12.5572,12.2396,12.2668,22316195.0,305028082.2,0.9073117736,33.89136518,458.211257,41.53876776,561.60414,0.005372377709646339
CN,000063,2016-06-22,13.5,13.73,13.45,13.7,12.2487,12.4574,12.2033,12.4302,16226608.0,220807311.4,0.9073117736,33.89136518,464.311703,41.53876776,569.081118,0.003906376831819626
CN,000063,2016-06-23,13.74,13.99,13.68,13.93,12.4664,12.6933,12.412,12.6388,45962928.0,638090257.1,0.9073117736,33.89136518,472.106717,41.53876776,578.635035,0.011065067761653795
CN,000063,2016-06-24,13.86,13.88,13.32,13.63,12.5753,12.5935,12.0854,12.3666,35273397.0,481645071.3,0.9073117736,33.89136518,461.939307,41.53876776,566.173405,0.008491681121548994
CN,000063,2016-06-27,13.58,14.3,13.53,14.18,12.3213,12.9745,12.2759,12.8657,57486716.0,807363790.7,0.9073117736,33.89136518,480.579558,41.53876776,589.019727,0.013839292569327772
CN,000063,2016-06-28,14.08,14.55,14.0,14.42,12.7749,13.2014,12.7023,13.0834,58434065.0,838696572.7,0.9073117736,33.89136518,488.713486,41.53876776,598.989031,0.0140673563880413
CN,000063,2016-06-29,14.5,14.54,14.17,14.32,13.156,13.1923,12.8566,12.9927,35884273.0,513899514.8,0.9073117736,33.89136518,485.324349,41.53876776,594.835154,0.008638742778151203
CN,000063,2016-06-30,14.35,14.46,14.25,14.34,13.0199,13.1197,12.9292,13.0108,22994999.0,329924883.7,0.9073117736,33.89136518,486.002177,41.53876776,595.66593,0.005535792282731884
CN,000063,2016-07-01,14.33,14.46,14.19,14.2,13.0018,13.1197,12.8747,12.8838,24175112.0,345593243.0,0.9073117736,33.89136518,481.257386,41.53876776,589.850502,0.005819891466130482
CN,000063,2016-07-04,14.08,14.48,14.05,14.42,12.7749,13.1379,12.7477,13.0834,37947654.0,545124350.2,0.9073117736,33.89136518,488.713486,41.53876776,598.989031,0.009135478986582244
CN,000063,2016-07-05,14.39,14.46,14.3,14.38,13.0562,13.1197,12.9745,13.0471,27539091.0,396376711.3,0.9073117736,33.89508836,487.411371,41.54242094,597.380013,0.006629149283277182
CN,000063,2016-07-06,14.38,14.44,14.28,14.36,13.0471,13.1016,12.9564,13.029,25941580.0,372298303.6,0.9073117736,33.89508836,486.733469,41.54242094,596.549165,0.006244599956624483
CN,000063,2016-07-07,14.35,14.43,14.12,14.25,13.0199,13.0925,12.8112,12.9292,31750682.0,452725961.3,0.9073117736,33.89508836,483.005009,41.54242094,591.979498,0.007642954185519839
CN,000063,2016-07-08,14.24,14.28,14.15,14.18,12.9201,12.9564,12.8384,12.8657,22461116.0,319182124.4,0.9073117736,33.89508836,480.632353,41.54242094,589.071529,0.005406790334256336
CN,000063,2016-07-11,14.19,14.41,14.17,14.23,12.8747,13.0743,12.8566,12.911,30387960.0,434359605.9,0.9073117736,33.89529096,482.32999,41.54262354,591.151533,0.007314887075136324
CN,000063,2016-07-12,14.24,14.79,14.2,14.75,12.9201,13.4191,12.8838,13.3828,63228097.0,917923253.1,0.9073117736,33.89529096,499.955542,41.54262354,612.753697,0.015220053913812108
CN,000063,2016-07-13,14.8,15.06,14.71,14.89,13.4282,13.6641,13.3465,13.5099,63524296.0,944078211.6,0.9073117736,33.89529096,504.700882,41.54262354,618.569665,0.015291353936477937
CN,000063,2016-07-14,14.8,14.84,14.69,14.78,13.4282,13.4645,13.3284,13.41,27828789.0,410501130.1,0.9073117736,33.89529096,500.9724,41.54262354,613.999976,0.006698852077362084
CN,000063,2016-07-15,14.6,14.65,14.45,14.55,13.4746,13.5208,13.3362,13.4285,29297412.0,426045567.0,0.9229209622,33.89529096,493.176483,41.54262354,604.445173,0.007052374044646098
CN,000063,2016-07-18,14.65,15.1,14.57,15.0,13.5208,13.9361,13.4469,13.8438,69416761.0,1035061121.9,0.9229209622,33.89529096,508.429364,41.54262354,623.139353,0.016709768205457925
CN,000063,2016-07-19,14.95,15.04,14.75,14.88,13.7976,13.880700000000001,13.6131,13.733,32650098.0,484692925.3,0.9229209622,33.89529096,504.361929,41.54262354,618.154238,0.00785942129258214
CN,000063,2016-07-20,14.87,15.28,14.85,15.02,13.7238,14.1022,13.705400000000001,13.8623,49914695.0,753481481.3,0.9229209622,33.89529096,509.10727,41.54262354,623.970206,0.012015296759468937
CN,000063,2016-07-21,15.02,15.26,14.95,14.99,13.8623,14.0838,13.7976,13.8346,46985876.0,708809881.8,0.9229209622,33.89529096,508.090411,41.54262354,622.723927,0.011310281343872968
CN,000063,2016-07-22,15.01,15.12,14.69,14.72,13.853,13.9545,13.5577,13.5854,35298286.0,524131992.9,0.9229209622,33.89529096,498.938683,41.54262354,611.507419,0.00849688416188074
CN,000063,2016-07-25,14.73,15.15,14.72,15.13,13.5946,13.9822,13.5854,13.963799999999999,41577437.0,623141926.8,0.9229209622,33.89529096,512.835752,41.54262354,628.539894,0.010008380178484991
CN,000063,2016-07-26,15.12,15.2,14.95,15.15,13.9545,14.0284,13.7976,13.9822,30116618.0,453813870.5,0.9229209622,33.89529096,513.513658,41.54262354,629.370747,0.007249570545539021
CN,000063,2016-07-27,15.15,15.2,14.31,14.55,13.9822,14.0284,13.207,13.4285,56352485.0,832031742.7,0.9229209622,33.89529096,493.176483,41.54262354,604.445173,0.013564979820241753
CN,000063,2016-07-28,14.6,14.88,14.54,14.81,13.4746,13.733,13.4192,13.6684,40799212.0,600764275.3,0.9229209622,33.89529096,501.989259,41.54262354,615.246255,0.009821048485470786
CN,000063,2016-07-29,14.81,14.84,14.53,14.56,13.6684,13.6961,13.41,13.4377,21216556.0,311288144.2,0.9229209622,33.89529096,493.515436,41.54262354,604.860599,0.005107177686929495
CN,000063,2016-08-01,14.5,14.6,14.12,14.21,13.3823,13.4746,13.0316,13.1147,28516021.0,406676312.5,0.9229209622,33.89529096,481.652085,41.54262354,590.32068,0.0068642802428072166
CN,000063,2016-08-02,14.18,14.34,14.18,14.32,13.087,13.2347,13.087,13.2162,15420830.0,219819630.5,0.9229209622,33.89529096,485.380567,41.54262354,594.890369,0.003712050103227544
CN,000063,2016-08-03,14.33,14.45,14.2,14.32,13.2254,13.3362,13.1055,13.2162,17423584.0,249951107.5,0.9229209622,33.89529096,485.380567,41.54262354,594.890369,0.004194146280439755
CN,000063,2016-08-04,14.29,14.39,14.22,14.35,13.1885,13.2808,13.1239,13.2439,13288706.0,190108536.2,0.9229209622,33.89529096,486.397425,41.54262354,596.136648,0.0031988124166507565
CN,000063,2016-08-05,14.34,14.65,14.32,14.45,13.2347,13.5208,13.2162,13.3362,23666734.0,343467914.7,0.9229209622,33.89779205,489.823095,41.54512463,600.327051,0.005696633289892721
CN,000063,2016-08-08,14.45,14.95,14.4,14.87,13.3362,13.7976,13.29,13.7238,32905897.0,485844111.7,0.9229209622,33.89779205,504.060168,41.54512463,617.776003,0.007920519505732436
CN,000063,2016-08-09,14.82,14.88,14.73,14.84,13.6777,13.733,13.5946,13.6961,20215455.0,299212317.7,0.9229209622,33.89779205,503.043234,41.54512463,616.52965,0.004865903082500875
CN,000063,2016-08-10,14.9,14.9,14.69,14.72,13.7515,13.7515,13.5577,13.5854,21859181.0,322650367.5,0.9229209622,33.89779205,498.975499,41.54512463,611.544235,0.005261551432250452
CN,000063,2016-08-11,14.74,14.82,14.62,14.65,13.6038,13.6777,13.4931,13.5208,16346900.0,240358673.9,0.9229209622,33.89779205,496.602654,41.54512463,608.636076,0.003934733653006254
CN,000063,2016-08-12,14.7,14.94,14.64,14.89,13.5669,13.7884,13.5115,13.7423,26890280.0,397660888.8,0.9229209622,33.89779205,504.738124,41.54512463,618.606906,0.0064725476790560305
CN,000063,2016-08-15,14.92,15.25,14.91,15.18,13.77,14.0745,13.7607,14.0099,53378349.0,806598452.6,0.9229209622,33.89779205,514.568483,41.54512463,630.654992,0.012848282313601524
CN,000063,2016-08-16,15.16,15.33,15.11,15.16,13.9915,14.1484,13.9453,13.9915,54222968.0,824584901.2,0.9229209622,33.89779205,513.890527,41.54512463,629.824089,0.013051583906152313
CN,000063,2016-08-17,15.2,15.32,14.93,15.03,14.0284,14.1391,13.7792,13.8715,44721570.0,675312615.8,0.9229209622,33.89779205,509.483815,41.54512463,624.423223,0.010764577167186129
CN,000063,2016-08-18,14.95,15.08,14.92,14.96,13.7976,13.9176,13.77,13.8069,27248318.0,408109401.9,0.9229209622,33.89779205,507.110969,41.54512463,621.515064,0.006558728188366974
CN,000063,2016-08-19,15.0,15.03,14.77,14.89,13.8438,13.8715,13.631499999999999,13.7423,30777105.0,457482103.4,0.9229209622,33.89779205,504.738124,41.54512463,618.606906,0.007408114736470343
CN,000063,2016-08-22,14.86,14.96,14.69,14.7,13.7146,13.8069,13.5577,13.5669,24646708.0,364953406.4,0.9229209622,33.89779205,498.297543,41.54512463,610.713332,0.0059325151192836855
CN,000063,2016-08-23,14.68,14.76,14.65,14.7,13.5485,13.6223,13.5208,13.5669,18990081.0,279088850.7,0.9229209622,33.89779205,498.297543,41.54512463,610.713332,0.004570952950346222
CN,000063,2016-08-24,14.71,14.76,14.68,14.7,13.5761,13.6223,13.5485,13.5669,12153872.0,178883288.5,0.9229209622,33.89779205,498.297543,41.54512463,610.713332,0.0029254628812025786
CN,000063,2016-08-25,14.64,14.7,14.52,14.7,13.5115,13.5669,13.4008,13.5669,19664656.0,287155135.1,0.9229209622,33.89779205,498.297543,41.54512463,610.713332,0.004733324589860546
CN,000063,2016-08-26,14.82,14.98,14.69,14.7,13.6777,13.8253,13.5577,13.5669,29620333.0,439632349.2,0.9229209622,33.89779205,498.297543,41.54512463,610.713332,0.0071296772518551965
CN,000063,2016-08-29,14.6,14.72,14.6,14.66,13.4746,13.5854,13.4746,13.53,13776248.0,201984645.5,0.9229209622,33.89779205,496.941631,41.54512463,609.051527,0.0033159722404712886
CN,000063,2016-08-30,14.64,14.75,14.64,14.67,13.5115,13.6131,13.5115,13.5392,13543417.0,198919765.8,0.9229209622,33.89779205,497.280609,41.54512463,609.466978,0.00325992932278273
CN,000063,2016-08-31,14.68,14.73,14.56,14.68,13.5485,13.5946,13.4377,13.5485,13783841.0,201986988.9,0.9229209622,33.89779205,497.619587,41.54512463,609.88243,0.0033177998917462872
CN,000063,2016-09-01,14.68,14.93,14.62,14.78,13.5485,13.7792,13.4931,13.6408,27473180.0,406007236.8,0.9229209622,33.89779205,501.009366,41.54512463,614.036942,0.006612852950779559
CN,000063,2016-09-02,14.73,14.82,14.63,14.67,13.5946,13.6777,13.5023,13.5392,14381094.0,211539849.1,0.9229209622,33.89779205,497.280609,41.54512463,609.466978,0.003461559961145314
CN,000063,2016-09-05,14.71,14.86,14.68,14.71,13.5761,13.7146,13.5485,13.5761,15787574.0,233271797.3,0.9229209622,33.89779205,498.636521,41.54512463,611.128783,0.0038001026933012724
CN,000063,2016-09-06,14.7,14.97,14.59,14.94,13.5669,13.8161,13.4654,13.7884,26428832.0,391798910.9,0.9229209622,33.89906005,506.451957,41.54639263,620.703106,0.006361282009576002
CN,000063,2016-09-07,14.98,15.14,14.89,15.01,13.8253,13.973,13.7423,13.853,37024513.0,555622880.8,0.9229209622,33.89906005,508.824891,41.54639263,623.611353,0.008911607159189358
CN,000063,2016-09-08,15.0,15.15,14.93,15.11,13.8438,13.9822,13.7792,13.9453,38657842.0,582301341.4,0.9229209622,33.89906005,512.214797,41.54639263,627.765993,0.009304740930043052
CN,000063,2016-09-09,15.13,15.17,14.85,14.86,13.963799999999999,14.0007,13.705400000000001,13.7146,30348075.0,455359277.0,0.9229209622,33.89906005,503.740032,41.54639263,617.379394,0.007304623356899133
CN,000063,2016-09-12,14.6,14.72,14.48,14.49,13.4746,13.5854,13.3639,13.3731,37197425.0,543243118.6,0.9229209622,33.89906005,491.19738,41.54639263,602.007229,0.008953226175680128
CN,000063,2016-09-13,14.58,14.65,14.51,14.6,13.4562,13.5208,13.3916,13.4746,14516173.0,211514295.2,0.9229209622,33.89906005,494.926277,41.54639263,606.577332,0.003493967124721702
CN,000063,2016-09-14,14.55,14.58,14.48,14.5,13.4285,13.4562,13.3639,13.3823,14545880.0,211199780.7,0.9229209622,33.89906005,491.536371,41.54639263,602.422693,0.003501117444669949
CN,000063,2016-09-19,14.6,14.7,14.57,14.7,13.4746,13.5669,13.4469,13.5669,14669833.0,214916361.2,0.9229209622,33.89906005,498.316183,41.54639263,610.731972,0.003530952285230931
CN,000063,2016-09-20,14.72,14.88,14.66,14.76,13.5854,13.733,13.53,13.6223,14727282.0,217898698.8,0.9229209622,33.89906005,500.350126,41.54639263,613.224755,0.0035447799598768677
CN,000063,2016-09-21,14.75,14.88,14.69,14.8,13.6131,13.733,13.5577,13.6592,13700861.0,203179850.5,0.9229209622,33.89906005,501.706089,41.54639263,614.886611,0.003297725778990213
CN,000063,2016-09-22,14.9,14.92,14.74,14.85,13.7515,13.77,13.6038,13.705400000000001,25251888.0,374175360.2,0.9229209622,33.89906005,503.401042,41.54639263,616.963931,0.006077997727717522
CN,000063,2016-09-23,14.85,14.88,14.65,14.75,13.705400000000001,13.733,13.5208,13.6131,17635857.0,260121359.9,0.9229209622,33.89906005,500.011136,41.54639263,612.809291,0.004244858791245675
CN,000063,2016-09-26,14.75,14.83,14.52,14.52,13.6131,13.6869,13.4008,13.4008,14345715.0,210520457.5,0.9229209622,33.89906005,492.214352,41.54639263,603.253621,0.003452938773230864
CN,000063,2016-09-27,14.53,14.7,14.33,14.69,13.41,13.5669,13.2254,13.5577,20621355.0,298809314.3,0.9229209622,33.89906005,497.977192,41.54639263,610.316508,0.004963452587484008
CN,000063,2016-09-28,14.65,14.71,14.56,14.7,13.5208,13.5761,13.4377,13.5669,11423888.0,167312548.5,0.9229209622,33.89906005,498.316183,41.54639263,610.731972,0.002749670254584507
CN,000063,2016-09-29,14.72,14.82,14.69,14.71,13.5854,13.6777,13.5577,13.5761,12449800.0,183513736.8,0.9229209622,33.89906005,498.655173,41.54639263,611.147436,0.002996601921826107
CN,000063,2016-09-30,14.7,14.85,14.68,14.78,13.5669,13.705400000000001,13.5485,13.6408,13969526.0,206688884.3,0.9229209622,33.89906005,501.028108,41.54639263,614.055683,0.003362392043133204
CN,000063,2016-10-10,14.93,15.15,14.92,15.09,13.7792,13.9822,13.77,13.9269,37937749.0,570529466.1,0.9229209622,33.89906005,511.536816,41.54639263,626.935065,0.009131418300949129
CN,000063,2016-10-11,15.1,15.28,15.05,15.12,13.9361,14.1022,13.8899,13.9545,35308826.0,535436491.0,0.9229209622,33.89906005,512.553788,41.54639263,628.181457,0.008498650247315106
CN,000063,2016-10-12,15.03,15.06,14.95,15.0,13.8715,13.8992,13.7976,13.8438,17449173.0,261566564.3,0.9229209622,33.89906005,508.485901,41.54639263,623.195889,0.004199924926189675
CN,000063,2016-10-13,14.99,15.06,14.87,14.94,13.8346,13.8992,13.7238,13.7884,15608109.0,233202964.9,0.9229209622,33.89906005,506.451957,41.54639263,620.703106,0.0037567904243820264
CN,000063,2016-10-14,14.9,15.03,14.78,14.99,13.7515,13.8715,13.6408,13.8346,17297071.0,257837640.1,0.9229209622,33.89906005,508.14691,41.54639263,622.780426,0.004163314768153916
CN,000063,2016-10-17,15.0,15.01,14.73,14.73,13.8438,13.853,13.5946,13.5946,16109617.0,239559769.4,0.9229209622,33.89906005,499.333155,41.54639263,611.978363,0.00387750078411561
CN,000063,2016-10-18,14.76,14.98,14.71,14.98,13.6223,13.8253,13.5761,13.8253,17693731.0,263223586.5,0.9229209622,33.89906005,507.80792,41.54639263,622.364962,0.004258788761174811
CN,000063,2016-10-19,15.0,15.13,14.9,14.92,13.8438,13.963799999999999,13.7515,13.77,20850992.0,313042529.2,0.9229209622,33.89906005,505.773976,41.54639263,619.872178,0.0050187250155971
CN,000063,2016-10-20,14.91,14.94,14.8,14.86,13.7607,13.7884,13.6592,13.7146,13695099.0,203517056.1,0.9229209622,33.94872945,504.47812,41.59606203,618.117482,0.003292402773638233
CN,000063,2016-10-21,14.88,15.09,14.84,14.96,13.733,13.9269,13.6961,13.8069,26355991.0,394306193.6,0.9229209622,33.94872945,507.872993,41.59606203,622.277088,0.0063361745592627194
CN,000063,2016-10-24,14.97,15.46,14.97,15.37,13.8161,14.2683,13.8161,14.1853,75622877.0,1154197323.1,0.9229209622,33.94872945,521.791972,41.59606203,639.331473,0.01818029719867691
CN,000063,2016-10-25,15.44,15.5,15.24,15.43,14.2499,14.3053,14.0653,14.2406,50279000.0,774117010.5,0.9229209622,33.94872945,523.828895,41.59606203,641.827237,0.01208744230733613
CN,000063,2016-10-26,15.43,15.68,15.26,15.34,14.2406,14.4714,14.0838,14.1576,37723126.0,582929448.0,0.9229209622,33.94872945,520.77351,41.59606203,638.083592,0.00906891762320992
CN,000063,2016-10-27,15.35,15.51,15.21,15.39,14.1668,14.3145,14.0376,14.2037,23748205.0,364573538.8,0.9229209622,33.94872945,522.470946,41.59606203,640.163395,0.005709243577642583
CN,000063,2016-10-28,15.39,15.72,15.35,15.48,14.2037,14.5083,14.1668,14.2868,50045942.0,779477336.3,0.9229209622,33.94872945,525.526332,41.59606203,643.90704,0.012031413445798248
CN,000063,2016-10-31,15.47,15.47,15.26,15.3,14.2776,14.2776,14.0838,14.1207,23695336.0,363594756.0,0.9229209622,33.94872945,519.415561,41.59606203,636.419749,0.005696533480239163
CN,000063,2016-11-01,15.34,15.43,15.19,15.32,14.1576,14.2406,14.0191,14.1391,21710354.0,331791186.0,0.9229209622,33.94872945,520.094535,41.59606203,637.25167,0.005219329172156252
CN,000063,2016-11-02,15.28,15.47,15.24,15.38,14.1022,14.2776,14.0653,14.1945,24131557.0,371144488.0,0.9229209622,33.94872945,522.131459,41.59606203,639.747434,0.005801404224898931
CN,000063,2016-11-03,15.29,15.53,15.24,15.43,14.1114,14.3329,14.0653,14.2406,27117062.0,417314500.0,0.9229209622,33.94872945,523.828895,41.59606203,641.827237,0.006519141639043277
CN,000063,2016-11-04,15.45,15.7,15.41,15.44,14.2591,14.4898,14.2222,14.2499,34611271.0,539189891.0,0.9229209622,33.94872945,524.168383,41.59606203,642.243198,0.008320804737486347
CN,000063,2016-11-07,15.41,15.65,15.41,15.63,14.2222,14.4437,14.2222,14.4252,26261443.0,409143538.0,0.9229209622,33.94872945,530.618641,41.59606203,650.14645,0.00631344452295981
CN,000063,2016-11-08,15.71,16.45,15.71,16.32,14.4991,15.182,14.4991,15.062,100639674.0,1627171294.0,0.9229209622,33.94872945,554.043265,41.59606203,678.847732,0.0241945196464551
CN,000063,2016-11-09,16.25,16.51,15.86,16.2,14.9974,15.2374,14.6375,14.9513,71994404.0,1167778473.0,0.9229209622,33.94872945,549.969417,41.59606203,673.856205,0.01730798553672606
CN,000063,2016-11-10,16.36,16.46,16.22,16.35,15.099,15.1913,14.9698,15.0897,34895909.0,569803151.0,0.9229209622,33.94872945,555.061727,41.59606203,680.095614,0.008389233811323846
CN,000063,2016-11-11,16.34,17.05,16.3,16.84,15.0805,15.7358,15.0436,15.542,58579360.0,983604797.0,0.9229209622,33.94872945,571.696604,41.59606203,700.477685,0.01408291004993484
CN,000063,2016-11-14,16.8,17.03,16.58,16.65,15.505,15.7173,15.302,15.3666,46779413.0,783880855.0,0.9229209622,33.94872945,565.246345,41.59606203,692.574433,0.011246115790062447
CN,000063,2016-11-15,16.6,16.79,16.46,16.77,15.3205,15.4958,15.1913,15.4774,31602969.0,525190416.0,0.9229209622,33.94872945,569.320193,41.59606203,697.56596,0.0075975867564596
CN,000063,2016-11-16,16.77,16.85,16.36,16.44,15.4774,15.5512,15.099,15.1728,31096708.0,513460160.0,0.9229209622,33.94872945,558.117112,41.59606203,683.83926,0.007475877879394537
CN,000063,2016-11-17,16.4,16.7,16.36,16.6,15.1359,15.4128,15.099,15.3205,25671384.0,425253157.0,0.9229209622,33.94872945,563.548909,41.59606203,690.49463,0.0061715899888516446
CN,000063,2016-11-18,16.5,16.69,16.15,16.22,15.2282,15.4035,14.9052,14.9698,27852600.0,458693984.0,0.9229209622,33.94872945,550.648392,41.59606203,674.688126,0.006695970397368888
CN,000063,2016-11-21,16.64,16.83,16.34,16.41,15.3574,15.5327,15.0805,15.1451,43463132.0,722083605.0,0.9229209622,33.94872945,557.09865,41.59606203,682.591378,0.010448857386704882
CN,000063,2016-11-22,16.45,16.83,16.35,16.73,15.182,15.5327,15.0897,15.4404,33559185.0,558158389.0,0.9229209622,33.94872945,567.962244,41.59606203,695.902118,0.00806787550605064
CN,000063,2016-11-23,16.8,17.03,16.61,16.65,15.505,15.7173,15.3297,15.3666,36702134.0,615517180.0,0.9229209622,33.94872945,565.246345,41.59606203,692.574433,0.008823463618630439
CN,000063,2016-11-24,16.66,17.07,16.41,16.95,15.3758,15.7542,15.1451,15.6435,48388278.0,814523250.0,0.9229209622,33.94872945,575.430964,41.59606203,705.053251,0.011632898798232703
CN,000063,2016-11-25,16.91,17.37,16.75,17.32,15.6066,16.0311,15.4589,15.985,61063766.0,1047134503.0,0.9229209622,33.94872945,587.991994,41.59606203,720.443794,0.014680179569873577
CN,000063,2016-11-28,17.37,17.37,17.05,17.17,16.0311,16.0311,15.7358,15.8465,36260300.0,622696736.0,0.9229209622,33.94872945,582.899685,41.59606203,714.204385,0.008717243467385992
CN,000063,2016-11-29,17.05,17.5,16.76,16.9,15.7358,16.1511,15.4681,15.5973,53183180.0,909013857.0,0.9229209622,33.94872945,573.733528,41.59606203,702.973448,0.012785628591870815
CN,000063,2016-11-30,16.81,17.14,16.64,16.84,15.5143,15.8188,15.3574,15.542,36174773.0,609965079.0,0.9229209622,33.94872945,571.696604,41.59606203,700.477685,0.008696682145994963
CN,000063,2016-12-01,16.92,17.68,16.85,17.54,15.6158,16.3172,15.5512,16.188,85183782.0,1478157779.0,0.9229209622,33.94872945,595.460715,41.59606203,729.594928,0.020478809253280654
CN,000063,2016-12-02,17.55,17.58,17.14,17.14,16.1972,16.2249,15.8188,15.8188,44970469.0,779588536.0,0.9229209622,33.94872945,581.881223,41.59606203,712.956503,0.010811232315108651
CN,000063,2016-12-05,16.96,16.99,16.02,16.33,15.6527,15.6804,14.7852,15.0713,63654136.0,1047688789.0,0.9229209622,34.15802323,557.800519,41.80535581,682.68146,0.015226311262437262
CN,000063,2016-12-06,16.29,16.53,16.26,16.29,15.0344,15.2559,15.0067,15.0344,30888159.0,506282259.0,0.9229209622,34.15802323,556.434198,41.80535581,681.009246,0.007388565029892997
CN,000063,2016-12-07,16.22,16.4,16.02,16.38,14.9698,15.1359,14.7852,15.1174,18598911.0,302348871.0,0.9229209622,34.15802323,559.508421,41.80535581,684.771728,0.004448930200362287
CN,000063,2016-12-08,16.43,16.48,16.16,16.32,15.1636,15.2097,14.9144,15.062,18590671.0,303949480.0,0.9229209622,34.15802323,557.458939,41.80535581,682.263407,0.004446959161044394
CN,000063,2016-12-09,16.29,16.41,16.23,16.29,15.0344,15.1451,14.979,15.0344,24524204.0,400401034.0,0.9229209622,34.15802323,556.434198,41.80535581,681.009246,0.005866282806312993
CN,000063,2016-12-12,16.25,16.25,15.31,15.56,14.9974,14.9974,14.1299,14.3606,51462395.0,809582300.0,0.9229209622,34.15802323,531.498841,41.80535581,650.491336,0.012310000477902882
CN,000063,2016-12-13,15.45,15.75,15.37,15.6,14.2591,14.536,14.1853,14.3975,23340757.0,364244675.0,0.9229209622,34.15802323,532.865162,41.82574893,652.481683,0.005580475567589555
CN,000063,2016-12-14,15.61,15.73,15.42,15.49,14.4068,14.5175,14.2314,14.296,15579584.0,242723255.0,0.9229209622,34.15802323,529.10778,41.82574893,647.880851,0.003724878668897035
CN,000063,2016-12-15,15.42,15.54,15.17,15.26,14.2314,14.3422,14.0007,14.0838,29021332.0,445025097.0,0.9229209622,34.15802323,521.251434,41.82574893,638.260929,0.006938628175808733
CN,000063,2016-12-16,15.23,15.5,15.18,15.5,14.0561,14.3053,14.0099,14.3053,29727576.0,455532077.0,0.9229209622,34.15802323,529.44936,41.82574893,648.299108,0.007107482056030215
CN,000063,2016-12-19,15.37,15.72,15.33,15.58,14.1853,14.5083,14.1484,14.3791,25238548.0,392807939.0,0.9229209622,34.15802323,532.182002,41.82574893,651.645168,0.006034213049535464
CN,000063,2016-12-20,15.62,15.72,15.39,15.48,14.416,14.5083,14.2037,14.2868,23868729.0,372213801.0,0.9229209622,34.15802323,528.7662,41.82574893,647.462593,0.005706706899605538
CN,000063,2016-12-21,15.57,15.86,15.57,15.86,14.3699,14.6375,14.3699,14.6375,31607232.0,498077091.0,0.9229209622,34.15802323,541.746248,41.82574893,663.356378,0.007556883692124242
CN,000063,2016-12-22,15.84,16.03,15.78,15.94,14.619,14.7944,14.5637,14.7113,24280332.0,387252788.0,0.9229209622,34.15802323,544.47889,41.82574893,666.702438,0.005805115896582225
CN,000063,2016-12-23,15.91,15.97,15.5,15.5,14.6837,14.739,14.3053,14.3053,18562574.0,291239518.0,0.9229209622,34.15802323,529.44936,41.82574893,648.299108,0.004438073310071867
CN,000063,2016-12-26,15.66,15.96,15.49,15.93,14.4529,14.729800000000001,14.296,14.7021,21215981.0,333975391.0,0.9229209622,34.15802323,544.13731,41.82574893,666.28418,0.005072468884061653
CN,000063,2016-12-27,15.85,16.05,15.73,15.99,14.6283,14.812899999999999,14.5175,14.7575,22533918.0,359145314.0,0.9229209622,34.15802323,546.186791,41.82574893,668.793725,0.005387570713369171
CN,000063,2016-12-28,16.01,16.02,15.7,15.71,14.7759,14.7852,14.4898,14.4991,17691457.0,279712143.0,0.9229209622,34.15802323,536.622545,41.82574893,657.082516,0.004229800410653399
CN,000063,2016-12-29,15.74,16.1,15.71,15.81,14.5268,14.859,14.4991,14.5914,23584452.0,374976368.0,0.9229209622,34.15802323,540.038347,41.82574893,661.265091,0.0056387399158043
CN,000063,2016-12-30,15.83,16.01,15.81,15.95,14.6098,14.7759,14.5914,14.7206,12645444.0,200969809.0,0.9229209622,34.15802323,544.820471,41.82574893,667.120695,0.0030233634360411674
CN,000063,2017-01-03,15.99,16.27,15.9,16.2,14.7575,15.0159,14.6744,14.9513,20062983.0,324116410.0,0.9229209622,34.15802323,553.359976,41.82574893,677.577133,0.004796801853704427
CN,000063,2017-01-04,16.2,16.22,16.06,16.15,14.9513,14.9698,14.8221,14.9052,18185991.0,293351552.0,0.9229209622,34.15802323,551.652075,41.84628172,675.81745,0.004345903686660933
CN,000063,2017-01-05,16.18,16.2,15.85,15.88,14.9328,14.9513,14.6283,14.656,30229481.0,482052097.0,0.9229209622,34.15802323,542.429409,41.84628172,664.518954,0.007223934781654001
CN,000063,2017-01-06,15.87,15.94,15.61,15.63,14.6467,14.7113,14.4068,14.4252,23102502.0,363094492.0,0.9229209622,34.15802323,533.889903,41.84628172,654.057383,0.005520801622132749
CN,000063,2017-01-09,15.55,15.55,14.91,15.05,14.3514,14.3514,13.7607,13.8899,77286913.0,1166409635.0,0.9229209622,34.15802323,514.07825,41.84628172,629.78654,0.018469242624025425
CN,000063,2017-01-10,15.01,15.15,14.96,15.0,13.853,13.9822,13.8069,13.8438,30724511.0,461663986.0,0.9229209622,34.15802323,512.370348,41.84628172,627.694226,0.007342232030454342
CN,000063,2017-01-11,14.98,15.01,14.8,14.93,13.8253,13.853,13.6592,13.7792,24737224.0,368236825.0,0.9229209622,34.15802323,509.979287,41.84628172,624.764986,0.005911450906324396
CN,000063,2017-01-12,14.9,15.18,14.86,15.17,13.7515,14.0099,13.7146,14.0007,35905761.0,540847812.0,0.9229209622,34.15802323,518.177212,41.84628172,634.808094,0.008580394607160332
CN,000063,2017-01-13,15.12,15.15,14.85,14.9,13.9545,13.9822,13.705400000000001,13.7515,15265363.0,228271946.0,0.9229209622,34.15802323,508.954546,41.84628172,623.509598,0.0036479616282619628
CN,000063,2017-01-16,14.88,14.88,14.45,14.64,13.733,13.733,13.3362,13.5115,30856422.0,449877292.0,0.9229209622,34.15802323,500.07346,41.84628172,612.629564,0.007373754783391541
CN,000063,2017-01-17,14.63,14.79,14.57,14.79,13.5023,13.65,13.4469,13.65,12104716.0,177649943.0,0.9229209622,34.15802323,505.197164,41.84628172,618.906507,0.002892662263518308
CN,000063,2017-01-18,14.79,15.0,14.73,14.99,13.65,13.8438,13.5946,13.8346,20178306.0,301009284.0,0.9229209622,34.15802323,512.028768,41.84628172,627.275763,0.004822006919280474
CN,000063,2017-01-19,14.95,15.05,14.84,14.86,13.7976,13.8899,13.6961,13.7146,11508438.0,172010595.0,0.9229209622,34.15802323,507.588225,41.84628172,621.835746,0.0027501697945362872
CN,000063,2017-01-20,14.85,15.03,14.85,14.98,13.705400000000001,13.8715,13.705400000000001,13.8253,11296301.0,169270722.0,0.9229209622,34.15802323,511.687188,41.84628172,626.8573,0.002699475445772055
CN,000063,2017-01-23,14.98,15.08,14.96,14.99,13.8253,13.9176,13.8069,13.8346,11537061.0,173439679.0,0.9229209622,34.15802323,512.028768,41.84628172,627.275763,0.002757009828781509
CN,000063,2017-01-24,15.04,15.1,14.9,15.08,13.880700000000001,13.9361,13.7515,13.9176,16262715.0,244264712.0,0.9229209622,34.15802323,515.10299,41.84628172,631.041928,0.003886298694067101
CN,000063,2017-01-25,15.05,15.29,14.95,15.29,13.8899,14.1114,13.7976,14.1114,22278994.0,337373409.0,0.9229209622,34.15802323,522.276175,41.84628172,639.829647,0.005324008032319866
CN,000063,2017-01-26,15.22,15.28,15.13,15.15,14.0468,14.1022,13.963799999999999,13.9822,16977622.0,257988226.0,0.9229209622,34.15802323,517.494052,41.84628172,633.971168,0.00405713991833251
CN,000063,2017-02-03,15.13,15.13,14.98,15.0,13.963799999999999,13.963799999999999,13.8253,13.8438,10108094.0,151809039.0,0.9229209622,34.15802323,512.370348,41.84628172,627.694226,0.0024155297877204085
CN,000063,2017-02-06,15.0,15.11,14.98,15.07,13.8438,13.9453,13.8253,13.9084,9363077.0,140862143.0,0.9229209622,34.1690636,514.927788,41.85732209,630.789844,0.0022369030154074055
CN,000063,2017-02-07,15.07,15.07,14.88,14.93,13.9084,13.9084,13.733,13.7792,13704698.0,204992481.0,0.9229209622,34.1690636,510.14412,41.85732209,624.929819,0.003274145911803122
CN,000063,2017-02-08,14.91,15.01,14.82,14.99,13.7607,13.853,13.6777,13.8346,13495686.0,201072937.0,0.9229209622,34.1690636,512.194263,41.85732209,627.441258,0.003224211518114345
CN,000063,2017-02-09,15.0,15.15,14.94,15.15,13.8438,13.9822,13.7884,13.9822,21708115.0,327030793.0,0.9229209622,34.1690636,517.661314,41.85732209,634.13843,0.0051862168710468505
CN,000063,2017-02-10,15.15,15.25,15.07,15.21,13.9822,14.0745,13.9084,14.0376,24527740.0,372148531.0,0.9229209622,34.1690636,519.711457,41.85732209,636.649869,0.005859844532639093
CN,000063,2017-02-13,15.2,15.31,15.16,15.27,14.0284,14.1299,13.9915,14.093,21181908.0,323294179.0,0.9229209622,34.1690636,521.761601,41.85732209,639.161308,0.005060502426422665
CN,000063,2017-02-14,15.23,15.75,15.17,15.51,14.0561,14.536,14.0007,14.3145,52264641.0,810321321.0,0.9229209622,34.1690636,529.962176,41.85732209,649.207066,0.012486379536565333
CN,000063,2017-02-15,15.59,15.72,15.33,15.37,14.3883,14.5083,14.1484,14.1853,33878612.0,527432098.0,0.9229209622,34.1690636,525.178508,41.85732209,643.347041,0.008093831690225074
CN,000063,2017-02-16,15.35,15.49,15.26,15.4,14.1668,14.296,14.0838,14.213,17220380.0,265160113.0,0.9229209622,34.1690636,526.203579,41.85732209,644.60276,0.004114066342556125
CN,000063,2017-02-17,15.4,15.46,15.11,15.18,14.213,14.2683,13.9453,14.0099,19963225.0,305737408.0,0.9229209622,34.1690636,518.686385,41.85732209,635.394149,0.004769350737984586
CN,000063,2017-02-20,15.22,15.74,15.21,15.68,14.0468,14.5268,14.0376,14.4714,42482023.0,661450892.0,0.9229209622,34.1690636,535.770917,41.85732209,656.32281,0.010149245312124076
CN,000063,2017-02-21,15.67,15.78,15.49,15.71,14.4621,14.5637,14.296,14.4991,25565206.0,399398607.0,0.9229209622,34.1690636,536.795989,41.85732209,657.57853,0.006107702242640053
CN,000063,2017-02-22,15.69,15.7,15.49,15.52,14.4806,14.4898,14.296,14.3237,32502741.0,506141955.0,0.9229209622,34.1690636,530.303867,41.85732209,649.625639,0.007765126715491704
CN,000063,2017-02-23,15.55,15.75,15.5,15.66,14.3514,14.536,14.3053,14.4529,33679954.0,526953421.0,0.9229209622,34.1690636,535.087536,41.85732209,655.485664,0.008046370937821264
CN,000063,2017-02-24,15.67,15.74,15.42,15.59,14.4621,14.5268,14.2314,14.3883,35201004.0,548462443.0,0.9229209622,34.1690636,532.695702,41.85732209,652.555651,0.008409760166766561
CN,000063,2017-02-27,15.66,15.87,15.58,15.65,14.4529,14.6467,14.3791,14.4437,45502185.0,714687150.0,0.9229209622,34.1690636,534.745845,41.85732209,655.067091,0.010870782632047736
CN,000063,2017-02-28,15.65,15.88,15.64,15.8,14.4437,14.656,14.4345,14.5821,36443835.0,574740653.0,0.9229209622,34.1690636,539.871205,41.85732209,661.345689,0.008706680977258859
CN,000063,2017-03-01,15.86,15.87,15.71,15.75,14.6375,14.6467,14.4991,14.536,27874794.0,439842489.0,0.9229209622,34.1690636,538.162752,41.85732209,659.252823,0.006659478582997903
CN,000063,2017-03-02,15.8,15.85,15.61,15.62,14.5821,14.6283,14.4068,14.416,22117741.0,347350721.0,0.9229209622,34.1690636,533.720773,41.85732209,653.811371,0.005284079318892711
CN,000063,2017-03-03,15.56,15.6,15.44,15.57,14.3606,14.3975,14.2499,14.3699,22824464.0,354142316.0,0.9229209622,34.1707106,532.037964,41.85896909,651.744149,0.005452705715452678
CN,000063,2017-03-06,15.54,15.57,15.33,15.56,14.3422,14.3699,14.1484,14.3606,42549206.0,656175834.0,0.9229209622,34.1707106,531.696257,41.85896909,651.325559,0.010164895821613748
CN,000063,2017-03-07,15.5,15.53,15.2,15.28,14.3053,14.3329,14.0284,14.1022,45872108.0,703384411.0,0.9229209622,34.1707106,522.128458,41.85896909,639.605048,0.010958728558596711
CN,000063,2017-03-16,16.81,16.81,16.5,16.81,15.5143,15.5143,15.2282,15.5143,336313742.0,5643965608.0,0.9229209622,34.1707106,574.409645,41.85896909,703.64927,0.08034448752832389
CN,000063,2017-03-17,17.0,17.78,16.85,17.16,15.6896,16.4095,15.5512,15.8373,251089297.0,4340764586.0,0.9229209622,34.1707106,586.369394,41.85896909,718.29991,0.05998458692571686
CN,000063,2017-03-20,17.45,17.5,17.11,17.22,16.1049,16.1511,15.7912,15.8927,115382381.0,1996411105.0,0.9229209622,34.1707106,588.419637,41.85896909,720.811448,0.027564553907650953
CN,000063,2017-03-21,17.16,17.33,16.95,17.05,15.8373,15.9942,15.6435,15.7358,93304824.0,1596416031.0,0.9229209622,34.1707106,582.610616,41.85896909,713.695423,0.022290282352483995
CN,000063,2017-03-22,16.9,17.54,16.85,17.3,15.5973,16.188,15.5512,15.9665,99889405.0,1720565250.0,0.9229209622,34.1707106,591.153293,41.85896909,724.160165,0.023863321809294947
CN,000063,2017-03-23,17.3,17.47,17.22,17.4,15.9665,16.1234,15.8927,16.0588,71145094.0,1234266025.0,0.9229209622,34.1707106,594.570364,41.85896909,728.346062,0.01699637987907265
CN,000063,2017-03-24,17.27,18.33,17.11,17.9,15.9388,16.9171,15.7912,16.5203,113528916.0,2016869358.0,0.9229209622,34.2557343,613.177644,41.85896909,749.275547,0.02712176588866871
CN,000063,2017-03-27,17.8,18.05,17.5,17.53,16.428,16.6587,16.1511,16.1788,58282628.0,1034160636.0,0.9229209622,34.2557343,600.503022,41.85896909,733.787728,0.013923569850630547
CN,000063,2017-03-28,17.52,17.7,17.36,17.51,16.1696,16.3357,16.0219,16.1603,43738316.0,766166625.0,0.9229209622,34.2557343,599.817908,41.85896909,732.950549,0.010448971140679376
CN,000063,2017-03-29,17.46,17.57,17.01,17.05,16.1142,16.2157,15.6989,15.7358,58411878.0,1009883439.0,0.9229209622,34.2557343,584.06027,41.85896909,713.695423,0.013954447343031782
CN,000063,2017-03-30,17.06,17.14,16.82,17.0,15.745,15.8188,15.5235,15.6896,41117675.0,698689104.0,0.9229209622,34.2557343,582.347483,41.85896909,711.602475,0.009822906749469592
CN,000063,2017-03-31,17.0,17.13,16.91,16.96,15.6896,15.8096,15.6066,15.6527,26395903.0,449334731.0,0.9229209622,34.2557343,580.977254,41.85896909,709.928116,0.0063059133021758805
CN,000063,2017-04-05,16.97,17.38,16.8,17.33,15.6619,16.0403,15.505,15.9942,59246029.0,1016914580.0,0.9229209622,34.2557343,593.651875,41.85896909,725.415934,0.014153723870412692
CN,000063,2017-04-06,17.23,17.5,17.1,17.29,15.9019,16.1511,15.7819,15.9573,38260152.0,661334893.0,0.9229209622,34.2557343,592.281646,41.85896909,723.741576,0.009140251858027783
CN,000063,2017-04-07,17.26,17.52,17.13,17.26,15.9296,16.1696,15.8096,15.9296,38108067.0,660476399.0,0.9229209622,34.2557343,591.253974,41.85896909,722.485806,0.009103919142887806
CN,000063,2017-04-10,17.27,17.62,17.25,17.35,15.9388,16.2618,15.9204,16.0127,48092199.0,838638506.0,0.9229209622,34.2557343,594.33699,41.85896909,726.253114,0.011489102585541006
CN,000063,2017-04-11,17.45,17.63,16.98,17.3,16.1049,16.2711,15.6712,15.9665,52837847.0,910748564.0,0.9229209622,34.2557343,592.624203,41.85896909,724.160165,0.012622825680774549
CN,000063,2017-04-12,17.22,17.3,17.04,17.05,15.8927,15.9665,15.7265,15.7358,25831611.0,443425930.0,0.9229209622,34.2557343,584.06027,41.85896909,713.695423,0.0061711053954673495
CN,000063,2017-04-13,17.0,17.17,16.88,16.96,15.6896,15.8465,15.5789,15.6527,30520463.0,518926245.0,0.9229209622,34.2557343,580.977254,41.85896909,709.928116,0.007291260072453925
CN,000063,2017-04-14,16.89,16.92,16.64,16.79,15.5881,15.6158,15.3574,15.4958,32446396.0,543104175.0,0.9229209622,34.2557343,575.153779,41.85896909,702.812091,0.007751360510154408
CN,000063,2017-04-17,16.79,17.02,16.67,16.85,15.4958,15.7081,15.3851,15.5512,25338416.0,426458822.0,0.9229209622,34.2557343,577.209123,41.85896909,705.323629,0.006053282379105051
CN,000063,2017-04-18,17.0,17.16,16.77,16.85,15.6896,15.8373,15.4774,15.5512,26980277.0,459053383.0,0.9229209622,34.2557343,577.209123,41.85896909,705.323629,0.006445518747007441
CN,000063,2017-04-19,16.8,17.26,16.8,17.25,15.505,15.9296,15.505,15.9204,37739226.0,643998364.0,0.9229209622,34.2557343,590.911417,41.85896909,722.067217,0.00901580397712561
CN,000063,2017-04-25,17.35,18.08,17.35,17.66,16.0127,16.6864,16.0127,16.2988,93136185.0,1655855396.0,0.9229209622,34.2557343,604.956268,41.85896909,739.229394,0.022249994929342393
CN,000063,2017-04-26,17.62,18.15,17.61,17.92,16.2618,16.751,16.2526,16.5387,43368644.0,776266073.0,0.9229209622,34.2557343,613.862759,41.85896909,750.112726,0.010360657451155589
CN,000063,2017-04-27,17.82,17.98,17.7,17.87,16.4464,16.5941,16.3357,16.4926,32620043.0,582084768.0,0.9229209622,34.2557343,612.149972,41.85896909,748.019778,0.007792844331608932
CN,000063,2017-04-28,17.9,17.94,17.59,17.76,16.5203,16.5572,16.2342,16.3911,28001721.0,496239165.0,0.9229209622,34.2557343,608.381841,41.85896909,743.415291,0.00668953909012765
CN,000063,2017-05-02,17.73,17.79,17.42,17.64,16.3634,16.4187,16.0773,16.2803,19238235.0,338576390.0,0.9229209622,34.2557343,604.271153,41.85896909,738.392215,0.004595964835788554
CN,000063,2017-05-03,17.58,18.05,17.55,17.82,16.2249,16.6587,16.1972,16.4464,34074547.0,608521968.0,0.9229209622,34.25892071,610.493967,41.8621555,745.983611,0.008139701979751139
CN,000063,2017-05-04,17.78,18.08,17.66,17.83,16.4095,16.6864,16.2988,16.4557,33992154.0,608315582.0,0.9229209622,34.25892071,610.836556,41.8621555,746.402233,0.008120020002314501
CN,000063,2017-05-05,17.8,17.89,17.42,17.6,16.428,16.511,16.0773,16.2434,32366194.0,571931810.0,0.9229209622,34.25892071,602.957005,41.8621555,736.773937,0.007731611908994987
CN,000063,2017-05-08,17.56,17.67,17.03,17.03,16.2065,16.308,15.7173,15.7173,29396110.0,509739181.0,0.9229209622,34.25892071,583.42942,41.8621555,712.912508,0.00702212049257712
CN,000063,2017-05-09,17.0,17.29,16.92,17.16,15.6896,15.9573,15.6158,15.8373,18897550.0,324066655.0,0.9229209622,34.25892071,587.883079,41.8621555,718.354588,0.004514232431246881
CN,000063,2017-05-10,17.2,17.3,16.75,16.81,15.8742,15.9665,15.4589,15.5143,21510725.0,367620629.0,0.9229209622,34.25892071,575.892457,41.8621555,703.702834,0.005138465696062879
CN,000063,2017-05-11,16.85,17.33,16.67,17.3,15.5512,15.9942,15.3851,15.9665,27008366.0,458480396.0,0.9229209622,34.25892071,592.679328,41.8621555,724.21529,0.00645173801430268
CN,000063,2017-05-12,17.26,17.32,17.02,17.24,15.9296,15.985,15.7081,15.9111,17560470.0,301749506.0,0.9229209622,34.25892071,590.623793,41.8621555,721.703561,0.004194831773533496
CN,000063,2017-05-15,17.42,17.69,17.38,17.44,16.0773,16.3264,16.0403,16.0957,25198383.0,441625534.0,0.9229209622,34.25892071,597.475577,41.8621555,730.075992,0.00601937064611974
CN,000063,2017-05-16,17.4,19.05,17.35,18.94,16.0588,17.5816,16.0127,17.4801,82768238.0,1512100288.0,0.9229209622,34.25892071,648.863958,41.8621555,792.869225,0.01977161400587698
CN,000063,2017-05-17,18.89,19.2,18.7,18.97,17.4339,17.7201,17.2586,17.5078,43957728.0,831162202.0,0.9229209622,34.25892071,649.891726,41.8621555,794.12509,0.01050058877164125
CN,000063,2017-05-18,18.85,19.28,18.75,19.04,17.397,17.7939,17.3047,17.572400000000002,47342727.0,902115666.0,0.9229209622,34.25892071,652.28985,41.8621555,797.055441,0.011309194769008013
CN,000063,2017-05-19,19.06,19.44,18.86,19.12,17.5908,17.9416,17.4063,17.6462,36851241.0,704631971.0,0.9229209622,34.25892071,655.030564,41.8621555,800.404413,0.00880299653944002
CN,000063,2017-05-22,19.1,19.35,18.79,19.0,17.6278,17.8585,17.3417,17.5355,37183546.0,708742983.0,0.9229209622,34.25892071,650.919493,41.8621555,795.380955,0.008882377306156632
CN,000063,2017-05-23,18.91,19.49,18.77,19.0,17.4524,17.9877,17.3232,17.5355,52076966.0,998929926.0,0.9229209622,34.25892071,650.919493,41.8621555,795.380955,0.012440106195678338
CN,000063,2017-05-24,18.9,19.11,18.61,18.98,17.4432,17.637,17.1755,17.517,34497917.0,649857131.0,0.9229209622,34.25892071,650.234315,41.8621555,794.543711,0.008240836284696329
CN,000063,2017-05-25,18.98,20.05,18.9,19.92,17.517,18.5045,17.4432,18.3846,78010763.0,1530069832.0,0.9229209622,34.25892071,682.437701,41.8621555,833.894138,0.01863515198112529
CN,000063,2017-05-26,19.98,20.02,19.34,19.38,18.4399,18.4768,17.8493,17.8862,58506902.0,1146608482.0,0.9229209622,34.25892071,663.937883,41.8621555,811.288574,0.0139760844374103
CN,000063,2017-05-31,19.57,19.65,19.21,19.53,18.0615,18.1354,17.7293,18.0246,37396905.0,727783801.0,0.9229209622,34.25892071,669.076721,41.8621555,817.567897,0.008933344342481362
CN,000063,2017-06-01,19.52,19.88,19.35,19.55,18.0154,18.3476,17.8585,18.0431,31005437.0,609032268.0,0.9229209622,34.25892071,669.7619,41.8621555,818.40514,0.007406555307454247
CN,000063,2017-06-02,19.6,19.85,19.46,19.75,18.0892,18.32,17.96,18.2277,34907014.0,687515929.0,0.9229209622,34.25892071,676.613684,41.8621555,826.777571,0.0083385610662117
CN,000063,2017-06-05,19.8,20.05,19.47,19.62,18.2738,18.5045,17.9692,18.1077,34713598.0,685277769.0,0.9229209622,34.2862841,672.696894,41.88951889,821.872361,0.008286941201486786
CN,000063,2017-06-06,19.59,19.82,19.45,19.81,18.08,18.2923,17.9508,18.283,21330193.0,419096315.0,0.9229209622,34.2862841,679.211288,41.88951889,829.831369,0.005092011931674873
CN,000063,2017-06-07,20.1,20.8,20.0,20.59,18.5507,19.1967,18.4584,19.0029,68665711.0,1409594489.0,0.9229209622,34.2862841,705.95459,41.88951889,862.505194,0.016392098266946698
CN,000063,2017-06-08,20.5,21.05,20.48,20.63,18.9199,19.4275,18.9014,19.0398,52968033.0,1103905032.0,0.9229209622,34.2862841,707.326041,41.88951889,864.180775,0.012644698340673638
CN,000063,2017-06-09,20.66,21.09,20.57,20.98,19.0675,19.4644,18.9845,19.3629,45549467.0,950759889.0,0.9229209622,34.2862841,719.32624,41.88951889,878.842106,0.010873714525013014
CN,000063,2017-06-12,21.2,21.34,20.76,20.99,19.5659,19.6951,19.1598,19.3721,42664909.0,896034110.0,0.9229209622,34.2862841,719.669103,41.88951889,879.261002,0.010185103608383792
CN,000063,2017-06-13,21.0,21.07,20.69,20.95,19.3813,19.4459,19.0952,19.3352,28341655.0,592736283.0,0.9229209622,34.2862841,718.297652,41.88951889,877.585421,0.00676581057768267
CN,000063,2017-06-14,20.95,21.17,20.69,20.79,19.3352,19.5382,19.0952,19.1875,31596851.0,659087671.0,0.9229209622,34.2862841,712.811846,41.88951889,870.883098,0.007542901383749934
CN,000063,2017-06-15,20.78,21.3,20.5,21.3,19.1783,19.6582,18.9199,19.6582,41767474.0,872576664.0,0.9229209622,34.2862841,730.297851,41.88951889,892.246752,0.009970865053303551
CN,000063,2017-06-16,21.3,21.65,21.2,21.44,19.6582,19.9812,19.5659,19.7874,47052698.0,1009536820.0,0.9229209622,34.2862841,735.097931,41.88951889,898.111285,0.011232570639820017
CN,000063,2017-06-19,21.42,21.64,21.29,21.61,19.7689,19.972,19.649,19.9443,28916595.0,621120478.0,0.9229209622,34.2862841,740.926599,41.88951889,905.232503,0.0069030620943472
CN,000063,2017-06-20,21.61,22.03,21.55,21.86,19.9443,20.3319,19.8889,20.175,39573899.0,862564356.0,0.9229209622,34.2862841,749.49817,41.88951889,915.704883,0.00944720780964787
CN,000063,2017-06-21,21.92,22.88,21.83,22.81,20.2304,21.1164,20.1473,21.0518,65379709.0,1467790546.0,0.9229209622,34.2862841,782.07014,41.88951889,955.499926,0.015607653353977206
CN,000063,2017-06-22,22.87,23.03,22.2,22.4,21.1072,21.2548,20.4888,20.6734,61980733.0,1405774689.0,0.9229209622,34.2862841,768.012764,41.88951889,938.325223,0.014796238926199804
CN,000063,2017-06-23,22.41,23.71,22.24,23.55,20.6826,21.8824,20.5257,21.7348,86533074.0,1990509651.0,0.9229209622,34.2862841,807.441991,41.88951889,986.49817,0.02065745233962509
CN,000063,2017-06-26,23.73,24.52,23.7,23.85,21.9009,22.63,21.8732,22.0116,85735201.0,2056379441.0,0.9229209622,34.2862841,817.727876,41.88951889,999.065026,0.02046698154379304
CN,000063,2017-06-27,23.85,24.21,23.6,23.97,22.0116,22.3439,21.7809,22.1224,63140367.0,1507770336.0,0.9229209622,34.2862841,821.84223,41.88951889,1004.091768,0.015073070465622625
CN,000063,2017-06-28,23.88,23.97,23.56,23.83,22.0393,22.1224,21.744,21.9932,39966411.0,949383204.0,0.9229209622,34.2862841,817.04215,41.88951889,998.227235,0.009540909530364863
CN,000063,2017-06-29,24.0,24.09,23.58,23.97,22.1501,22.2331,21.7624,22.1224,44048627.0,1049808451.0,0.9229209622,34.2862841,821.84223,41.88951889,1004.091768,0.010515429197377444
CN,000063,2017-06-30,23.85,23.85,23.42,23.74,22.0116,22.0116,21.6148,21.9101,51249374.0,1210854453.0,0.9229209622,34.2862841,813.956385,41.88951889,994.457178,0.012234414564315852
CN,000063,2017-07-03,23.65,23.88,22.56,22.6,21.826999999999998,22.0393,20.8211,20.858,108802582.0,2502009393.0,0.9229209622,34.2862841,774.870021,41.88951889,946.703127,0.025973700554000324
CN,000063,2017-07-04,22.61,22.81,22.37,22.64,20.8672,21.0518,20.6457,20.8949,62910985.0,1420710615.0,0.9229209622,34.2862841,776.241472,41.88951889,948.378708,0.015018311660537671
CN,000063,2017-07-05,22.52,23.62,22.45,23.52,20.7841,21.7994,20.7195,21.7071,86108210.0,1982933303.0,0.9229209622,34.2862841,806.413402,41.88951889,985.241484,0.020556027445938516
CN,000063,2017-07-06,23.38,23.61,22.96,23.25,21.5779,21.7901,21.1902,21.4579,55380530.0,1291237246.0,0.9229209622,34.2862841,797.156105,41.88951889,973.931314,0.013220617344741245
CN,000063,2017-07-07,23.06,23.65,23.06,23.19,21.2825,21.826999999999998,21.2825,21.4025,45953356.0,1073768761.0,0.9229209622,34.2862841,795.098928,41.88951889,971.417943,0.010970132199577525
CN,000063,2017-07-10,23.01,23.35,22.44,22.45,21.2364,21.5502,20.7103,20.7195,47513241.0,1084894427.0,0.9229209622,34.2862841,769.727078,41.88951889,940.419699,0.0113425129385629
CN,000063,2017-07-11,22.41,23.13,22.3,22.61,20.6826,21.3471,20.5811,20.8672,45243414.0,1029543400.0,0.9229209622,34.2862841,775.212883,41.88951889,947.122022,0.01080065257345332
CN,000063,2017-07-12,22.68,23.43,22.51,23.41,20.9318,21.624,20.7749,21.6055,51282064.0,1177130450.0,0.9229209622,34.2862841,802.641911,41.88951889,980.633637,0.012242218425727066
CN,000063,2017-07-13,23.3,23.59,23.1,23.22,21.504,21.7717,21.3194,21.4302,47628680.0,1110206325.0,0.9229209622,34.2862841,796.127517,41.88951889,972.674629,0.01137007090605905
CN,000063,2017-07-14,23.08,24.02,22.91,23.97,21.301,22.1685,21.1441,22.1224,66493515.0,1573078653.0,0.9229209622,34.2862841,821.84223,41.88951889,1004.091768,0.01587354468658592
CN,000063,2017-07-17,23.84,24.02,22.65,22.9,22.0024,22.1685,20.9041,21.1349,77158477.0,1799659919.0,0.9229209622,34.2862841,785.155906,41.88951889,959.269983,0.018419518544152944
CN,000063,2017-07-18,22.8,23.17,21.41,22.07,21.0426,21.384,19.7597,20.3688,96659797.0,2136469277.0,0.9229209622,34.2862841,756.69829,41.88951889,924.501682,0.023074936060694395
CN,000063,2017-07-19,21.87,22.7,21.82,22.67,20.1842,20.9503,20.1381,20.9226,57064874.0,1274264752.0,0.9229209622,34.2862841,777.270061,41.88951889,949.635393,0.013622709334487657
CN,000063,2017-07-20,23.6,24.0,23.23,23.58,21.7809,22.1501,21.4394,21.7624,96716578.0,2287340218.0,0.9229209622,34.2862841,808.470579,41.88951889,987.754855,0.023088491002719178
CN,000063,2017-07-21,23.72,24.37,23.41,23.66,21.8917,22.4915,21.6055,21.8363,69648934.0,1668504039.0,0.9229209622,34.2862841,811.213482,41.88951889,991.106017,0.016626816407916974
CN,000063,2017-07-24,23.72,24.07,23.38,23.97,21.8917,22.2147,21.5779,22.1224,50853687.0,1207725978.0,0.9229209622,34.2862841,821.84223,41.88951889,1004.091768,0.012139954897438547
CN,000063,2017-07-25,23.9,24.08,23.0,23.12,22.0578,22.2239,21.2271,21.3379,57363811.0,1349045922.0,0.9229209622,34.2862841,792.698888,41.88951889,968.485677,0.013694072531755449
CN,000063,2017-07-26,23.16,23.37,22.82,22.92,21.3748,21.5686,21.061,21.1533,37773378.0,869853315.0,0.9229209622,34.2862841,785.841632,41.88951889,960.107773,0.009017381674683637
CN,000063,2017-07-27,22.87,23.46,22.55,22.75,21.1072,21.651699999999998,20.8118,20.9964,65093844.0,1493195417.0,0.9229209622,34.29691051,780.254714,41.9001453,953.228306,0.015535469754086987
CN,000063,2017-07-28,22.78,23.44,22.65,23.25,21.0241,21.6332,20.9041,21.4579,43881362.0,1018514120.0,0.9229209622,34.29691051,797.403169,41.9001453,974.178378,0.01047284244143182
CN,000063,2017-07-31,23.25,23.39,22.65,22.95,21.4579,21.5871,20.9041,21.181,60460770.0,1380817128.0,0.9229209622,34.29691051,787.114096,41.9001453,961.608335,0.014429728003831051
CN,000063,2017-08-01,22.8,23.07,22.62,22.82,21.0426,21.2918,20.8764,21.061,33329111.0,761588286.0,0.9229209622,34.29691051,782.655498,41.9001453,956.161316,0.007954414181947957
CN,000063,2017-08-02,22.89,23.26,22.72,22.85,21.1256,21.4671,20.9687,21.0887,40050246.0,918913224.0,0.9229209622,34.29691051,783.684405,41.9001453,957.41832,0.009558498118143757
CN,000063,2017-08-03,22.69,22.69,21.99,22.14,20.941,20.941,20.295,20.4334,65762993.0,1462862938.0,0.9229209622,34.29691051,759.333599,41.9001453,927.669217,0.015695170632260315
CN,000063,2017-08-04,22.13,22.29,21.8,21.84,20.4242,20.5719,20.1196,20.1566,35201734.0,773761020.0,0.9229209622,34.29691051,749.044526,41.9001453,915.099173,0.008401339362419824
CN,000063,2017-08-07,21.82,22.24,21.78,22.12,20.1381,20.5257,20.1012,20.415,25513821.0,563880307.0,0.9229209622,34.29691051,758.64766,41.9001453,926.831214,0.006089196306438584
CN,000063,2017-08-08,22.15,22.49,22.15,22.28,20.4427,20.7565,20.4427,20.5626,24752752.0,552063255.0,0.9229209622,34.29691051,764.135166,41.9001453,933.535237,0.005907557556846945
CN,000063,2017-08-09,22.29,22.79,22.0,22.68,20.5719,21.0333,20.3042,20.9318,38609819.0,866662293.0,0.9229209622,34.29691051,777.85393,41.9001453,950.295295,0.009214721983314937
CN,000063,2017-08-10,22.6,22.95,22.27,22.48,20.858,21.181,20.5534,20.7472,35171966.0,793953446.0,0.9229209622,34.29691051,770.994548,41.9001453,941.915266,0.0083942348524505
CN,000063,2017-08-11,22.18,22.5,21.84,21.88,20.4704,20.7657,20.1566,20.1935,25037910.0,554014280.0,0.9229209622,34.29691051,750.416402,41.9001453,916.775179,0.005975614122751025
CN,000063,2017-08-14,21.77,22.5,21.1,21.77,20.092,20.7657,19.4736,20.092,74821328.0,1638780030.0,0.9229209622,34.29691051,746.643742,41.9001453,912.166163,0.01785705693006272
CN,000063,2017-08-15,21.63,21.99,21.58,21.84,19.9627,20.295,19.9166,20.1566,32893653.0,716996039.0,0.9229209622,34.29691051,749.044526,41.9001453,915.099173,0.007850486618718242
CN,000063,2017-08-16,21.84,22.77,21.68,22.43,20.1566,21.0149,20.0089,20.7011,68023854.0,1522966665.0,0.9229209622,34.29691051,769.279703,41.9001453,939.820259,0.016234753725305102
CN,000063,2017-08-17,22.53,23.07,22.43,22.95,20.7934,21.2918,20.7011,21.181,61914144.0,1410479476.0,0.9229209622,34.29691051,787.114096,41.9001453,961.608335,0.014776594104078203
CN,000063,2017-08-18,22.77,23.25,22.58,23.25,21.0149,21.4579,20.8395,21.4579,49243713.0,1130044166.0,0.9229209622,34.29691051,797.403169,41.9001453,974.178378,0.011752635378092591
CN,000063,2017-08-21,23.5,23.79,22.89,23.03,21.6886,21.9563,21.1256,21.2548,47015453.0,1093524279.0,0.9229209622,34.29691051,789.857849,41.9001453,964.960346,0.011220832926324005
CN,000063,2017-08-22,22.97,23.13,22.68,22.87,21.1995,21.3471,20.9318,21.1072,30417995.0,695042352.0,0.9229209622,34.29691051,784.370343,41.9001453,958.256323,0.007259639502968502
CN,000063,2017-08-23,22.81,23.15,22.73,22.86,21.0518,21.3656,20.978,21.0979,22980649.0,528109854.0,0.9229209622,34.29691051,784.027374,41.9001453,957.837322,0.0054846227466423605
CN,000063,2017-08-24,22.65,23.05,22.58,22.82,20.9041,21.2733,20.8395,21.061,26350959.0,600564398.0,0.9229209622,34.29691051,782.655498,41.9001453,956.161316,0.0062889898856746925
CN,000063,2017-08-25,22.93,23.52,22.8,22.91,21.1625,21.7071,21.0426,21.1441,63585521.0,1471588620.0,0.9229209622,34.29415515,785.679094,41.9001453,959.932329,0.015175489379508189
CN,000063,2017-08-28,22.98,23.89,22.78,23.69,21.2087,22.0485,21.0241,21.864,98868558.0,2318035713.0,0.9229209622,34.29415515,812.428536,41.9001453,992.614442,0.023596232731918475
CN,000063,2017-08-29,23.5,23.89,23.46,23.72,21.6886,22.0485,21.651699999999998,21.8917,51101031.0,1208435729.0,0.9229209622,34.29415515,813.45736,41.9001453,993.871447,0.01219590782660126
CN,000063,2017-08-30,23.69,24.33,23.61,24.03,21.864,22.4546,21.7901,22.1778,70829866.0,1700003303.0,0.9229209622,34.29415515,824.088548,41.9001453,1006.860492,0.016904444004398236
CN,000063,2017-08-31,23.99,24.32,23.43,23.86,22.1408,22.4454,21.624,22.0209,59815650.0,1428072794.0,0.9229209622,34.29415515,818.258542,41.9001453,999.737467,0.014275761950639345
CN,000063,2017-09-01,23.87,23.95,23.46,23.68,22.0301,22.1039,21.651699999999998,21.8547,39839513.0,943362852.0,0.9229209622,34.29415515,812.085594,41.9001453,992.195441,0.009508204020476273
CN,000063,2017-09-04,23.68,24.5,23.4,24.39,21.8547,22.6115,21.5963,22.51,82345310.0,1986787514.0,0.9229209622,34.29415515,836.434444,41.9001453,1021.944544,0.019652750464328343
CN,000063,2017-09-05,24.29,24.65,24.19,24.36,22.4177,22.75,22.3254,22.4823,49024031.0,1196281749.0,0.9229209622,34.29415515,835.405619,41.9001453,1020.68754,0.011700205488308892
CN,000063,2017-09-06,24.28,24.99,24.19,24.95,22.4085,23.0638,22.3254,23.0268,70812533.0,1752357670.0,0.9229209622,34.29415515,855.639171,41.9001453,1045.408625,0.01690030726456693
CN,000063,2017-09-07,25.0,25.0,24.38,24.46,23.073,23.073,22.5008,22.5746,49566912.0,1217895477.0,0.9229209622,34.29415515,838.835035,41.9001453,1024.877554,0.011829770910126176
CN,000063,2017-09-08,24.69,25.38,24.64,25.35,22.7869,23.4237,22.7407,23.396,78442124.0,1963777073.0,0.9229209622,34.29415515,869.356833,41.9001453,1062.168683,0.01872120572336058
CN,000063,2017-09-11,25.37,25.88,25.02,25.3,23.4145,23.8852,23.0914,23.3499,78179226.0,1988520819.0,0.9229209622,34.29415515,867.642125,41.9001453,1060.073676,0.018658461788198143
CN,000063,2017-09-12,25.19,25.37,24.67,24.94,23.2483,23.4145,22.7684,23.0176,58212996.0,1453317230.0,0.9229209622,34.29415515,855.296229,41.9001453,1044.989624,0.013893268288976555
CN,000063,2017-09-13,24.91,25.08,24.71,24.93,22.9899,23.1468,22.8053,23.0084,29693142.0,739153411.0,0.9229209622,34.29415515,854.953288,41.9001453,1044.570622,0.007086644160157602
CN,000063,2017-09-14,24.93,25.06,24.44,24.55,23.0084,23.1284,22.5562,22.6577,42365945.0,1046059585.0,0.9229209622,34.29415515,841.921509,41.9001453,1028.648567,0.010111168993965278
CN,000063,2017-09-15,24.65,24.97,24.4,24.62,22.75,23.0453,22.5192,22.7223,34832814.0,859409336.0,0.9229209622,34.29415515,844.3221,41.9001453,1031.581577,0.008313291935052073
CN,000063,2017-09-18,24.45,25.24,24.45,24.94,22.5654,23.2945,22.5654,23.0176,45193379.0,1127062300.0,0.9229209622,34.29415515,855.296229,41.9001453,1044.989624,0.01078597190449361
CN,000063,2017-09-19,25.0,25.08,24.49,24.52,23.073,23.1468,22.6023,22.63,30608127.0,756859067.0,0.9229209622,34.29415515,840.892684,41.9001453,1027.391563,0.0073050169112420715
CN,000063,2017-09-20,24.5,24.86,24.36,24.78,22.6115,22.9438,22.4823,22.8699,32313463.0,795239754.0,0.9229209622,34.29415515,849.809165,41.9001453,1038.285601,0.0077120169318362726
CN,000063,2017-09-21,24.82,25.05,24.49,24.97,22.9069,23.1191,22.6023,23.0453,39029956.0,967520025.0,0.9229209622,34.29415515,856.325054,41.9001453,1046.246628,0.009314992995978943
CN,000063,2017-09-22,25.11,26.95,25.11,26.7,23.1745,24.872700000000002,23.1745,24.642,126589696.0,3292870847.0,0.9229209622,34.29415515,915.653943,41.9001453,1118.73388,0.030212233178103082
CN,000063,2017-09-25,27.1,27.5,26.1,26.25,25.0111,25.3803,24.0882,24.2266,117839660.0,3175436715.0,0.9229209622,34.29415515,900.221573,41.9001453,1099.878814,0.028123926338747086
CN,000063,2017-09-26,26.11,26.58,25.9,26.58,24.0974,24.5312,23.9036,24.5312,55781288.0,1468524857.0,0.9229209622,34.29415515,911.538644,41.9001453,1113.705862,0.013312910396995687
CN,000063,2017-09-27,26.58,28.51,26.46,28.02,24.5312,26.3124,24.4205,25.8602,128773768.0,3558520282.0,0.9229209622,34.29415515,960.922227,41.9001453,1174.042071,0.030733489604390464
CN,000063,2017-09-28,28.0,28.45,27.51,28.15,25.8417,26.2571,25.3895,25.9802,81270620.0,2273833998.0,0.9229209622,34.29415515,965.380467,41.9001453,1179.48909,0.019396262093630497
CN,000063,2017-09-29,28.18,29.45,28.02,28.3,26.0079,27.18,25.8602,26.1186,117805018.0,3387908458.0,0.9229209622,34.29415515,970.524591,41.9001453,1185.774112,0.02811565858698824
CN,000063,2017-10-09,30.2,31.13,29.72,29.98,27.8722,28.7305,27.4292,27.6691,206120278.0,6308174372.0,0.9229209622,34.29415515,1028.138771,41.9001453,1256.166356,0.04919321317962112
CN,000063,2017-10-10,29.7,30.2,29.05,30.1,27.4107,27.8722,26.8108,27.7799,111333517.0,3303225235.0,0.9229209622,34.29415515,1032.25407,41.9001453,1261.194374,0.026571152964474327
CN,000063,2017-10-11,29.88,29.88,28.8,28.89,27.5768,27.5768,26.5801,26.6631,101168351.0,2960045289.0,0.9229209622,34.29415515,990.758142,41.9001453,1210.495198,0.024145107439520024
CN,000063,2017-10-12,28.95,29.55,28.81,29.17,26.7185,27.2723,26.5893,26.9216,69056385.0,2016209072.0,0.9229209622,34.29415515,1000.360506,41.9001453,1222.227238,0.016481180317052504
CN,000063,2017-10-13,28.9,29.82,28.62,29.5,26.6724,27.5215,26.414,27.2261,73711648.0,2168069839.0,0.9229209622,34.29415515,1011.677577,41.9001453,1236.054286,0.017592217753001443
CN,000063,2017-10-16,29.44,31.35,29.33,30.45,27.1708,28.9335,27.0692,28.1029,113867370.0,3485773890.0,0.9229209622,34.29415515,1044.257024,41.9001453,1275.859424,0.02717588905353987
CN,000063,2017-10-17,30.46,31.07,29.95,30.46,28.1121,28.6751,27.6414,28.1121,63331539.0,1934054932.0,0.9229209622,34.32072828,1045.409383,41.92671843,1277.087843,0.01510529356256132
CN,000063,2017-10-18,30.26,30.97,30.1,30.63,27.9275,28.5828,27.7799,28.269,57665041.0,1758105711.0,0.9229209622,34.32072828,1051.243907,41.92671843,1284.215386,0.013753769233400983
CN,000063,2017-10-19,29.68,29.95,28.02,28.38,27.3923,27.6414,25.8602,26.1925,153742041.0,4471537918.0,0.9229209622,34.32072828,974.022269,41.92671843,1189.880269,0.03666922830048924
CN,000063,2017-10-20,28.01,28.79,27.77,28.66,25.851,26.5709,25.6295,26.4509,73551420.0,2086105807.0,0.9229209622,34.32072828,983.632072,41.92671843,1201.61975,0.01754285161210505
CN,000063,2017-10-23,28.44,28.77,28.23,28.49,26.2478,26.5524,26.054,26.294,53506423.0,1524821995.0,0.9229209622,34.32072828,977.797549,41.92671843,1194.492208,0.012761891462918387
CN,000063,2017-10-24,28.38,28.38,27.19,27.72,26.1925,26.1925,25.0942,25.5833,94452010.0,2622727115.0,0.9229209622,34.32072828,951.370588,41.92671843,1162.208635,0.02252788043922282
CN,000063,2017-10-25,27.69,28.3,27.59,28.27,25.5556,26.1186,25.4633,26.0909,52419667.0,1468815698.0,0.9229209622,34.32072828,970.246988,41.92671843,1185.26833,0.012502687775939063
CN,000063,2017-10-26,28.55,30.48,28.53,30.0,26.3494,28.1306,26.3309,27.6876,126595645.0,3760662622.0,0.9229209622,34.32072828,1029.621848,41.92671843,1257.801553,0.03019450358638526
CN,000063,2017-10-27,29.7,30.21,29.56,30.08,27.4107,27.8814,27.2815,27.7614,68956729.0,2062546658.0,0.9229209622,34.32072828,1032.367507,41.92671843,1261.15569,0.016446965463116022
CN,000063,2017-10-30,30.32,31.7,30.02,31.5,27.9829,29.2565,27.706,29.072,127493048.0,3950702516.0,0.9229209622,34.32072828,1081.102941,41.92671843,1320.691631,0.030408544425641088
CN,000063,2017-10-31,31.44,32.76,31.11,32.29,29.0166,30.2348,28.712,29.8011,104498637.0,3337991853.0,0.9229209622,34.32072828,1108.216316,41.92671843,1353.813738,0.024924115435952566
CN,000063,2017-11-01,32.3,32.68,31.5,31.58,29.8103,30.161,29.072,29.1458,80329202.0,2569999995.0,0.9229209622,34.32072828,1083.848599,41.92671843,1324.045768,0.019159429835682466
CN,000063,2017-11-02,31.49,32.15,30.71,32.12,29.0627,29.6719,28.3429,29.6442,73116697.0,2300195087.0,0.9229209622,34.32072828,1102.381792,41.92671843,1346.686196,0.017439165223978634
CN,000063,2017-11-03,31.88,32.84,31.81,32.75,29.4227,30.3087,29.3581,30.2256,97203440.0,3147490111.0,0.9229209622,34.32072828,1124.003851,41.92671843,1373.100029,0.02318412784017163
CN,000063,2017-11-06,32.71,34.07,32.31,34.0,30.1887,31.4439,29.8195,31.3793,88333543.0,2942024845.0,0.9229209622,34.32072828,1166.904762,41.92671843,1425.508427,0.021068556354459245
CN,000063,2017-11-07,34.09,34.3,33.02,33.65,31.4623,31.6561,30.4748,31.0562,76933073.0,2587933303.0,0.9229209622,34.32072828,1154.892507,41.92671843,1410.834075,0.0183494143784341
CN,000063,2017-11-08,33.91,34.1,32.6,32.81,31.2962,31.4716,30.0872,30.281,96617918.0,3221803587.0,0.9229209622,34.32072828,1126.063095,41.92671843,1375.615632,0.02304447417255212
CN,000063,2017-11-09,32.75,34.98,32.42,34.94,30.2256,32.2837,29.9211,32.2468,108013722.0,3659011021.0,0.9229209622,34.32072828,1199.166246,41.92671843,1464.919542,0.02576250325441938
CN,000063,2017-11-10,34.7,36.55,34.6,35.26,32.0253,33.7327,31.933,32.5421,118503153.0,4201364086.0,0.9229209622,34.32072828,1210.148879,41.92671843,1478.336092,0.028264352049839164
CN,000063,2017-11-13,35.2,37.22,35.03,36.59,32.4868,34.3511,32.3299,33.7696,101216328.0,3681941469.0,0.9229209622,34.32072828,1255.795448,41.92671843,1534.098627,0.02414124734541024
CN,000063,2017-11-14,36.58,36.85,36.01,36.57,33.7604,34.0096,33.2343,33.7512,79459108.0,2894185502.0,0.9229209622,34.32072828,1255.109033,41.92671843,1533.260093,0.018951902504047227
CN,000063,2017-11-15,36.36,37.2,34.78,36.02,33.5574,34.3326,32.0991,33.2436,118900253.0,4275503124.0,0.9229209622,34.32072828,1236.232633,41.92671843,1510.200398,0.02835906492384169
CN,000063,2017-11-16,35.82,38.04,35.1,37.9,33.059,35.1079,32.3945,34.9787,118064131.0,4316192849.0,0.9229209622,34.32072828,1300.755602,41.92671843,1589.022629,0.02815964030123595
CN,000063,2017-11-17,37.55,38.18,36.0,36.05,34.6556,35.2371,33.2251,33.2712,114990410.0,4290400454.0,0.9229209622,34.32072828,1237.262254,41.92671843,1511.458199,0.02742652282505383
CN,000063,2017-11-20,35.98,39.25,35.7,39.25,33.2066,36.2246,32.9482,36.2246,131933654.0,4928858513.0,0.9229209622,34.32072828,1347.088585,41.92671843,1645.623698,0.03146767954670093
CN,000063,2017-11-21,39.0,40.89,38.7,40.04,35.9939,37.7382,35.717,36.9537,152363369.0,6061896280.0,0.9229209622,34.32072828,1374.20196,41.92671843,1678.745806,0.036340399321826915
CN,000063,2017-11-22,39.93,41.39,39.2,40.15,36.8522,38.1996,36.1784,37.0552,129121695.0,5191500870.0,0.9229209622,34.32072828,1377.97724,41.92671843,1683.357745,0.030796995289669275
CN,000063,2017-11-23,40.0,40.8,38.47,38.81,36.9168,37.6551,35.5047,35.8185,128064271.0,5055096713.0,0.9229209622,34.32072828,1331.987465,41.92671843,1627.175942,0.030544787618857774
CN,000063,2017-11-24,38.61,39.85,37.78,38.18,35.6339,36.7783,34.8679,35.2371,111401932.0,4312257665.0,0.9229209622,34.32072828,1310.365406,41.92671843,1600.76211,0.026570629939949728
CN,000063,2017-11-27,38.01,38.19,34.36,34.36,35.0802,35.2463,31.7115,31.7115,168387919.0,6011627109.0,0.9229209622,34.32072828,1179.260224,41.92671843,1440.602045,0.040162437058158286
CN,000063,2017-11-28,34.0,35.57,33.91,35.52,31.3793,32.8282,31.2962,32.7821,130367865.0,4505041592.0,0.9229209622,34.32072828,1219.072269,41.92671843,1489.237039,0.031094221031788966
CN,000063,2017-11-29,35.1,35.35,33.04,34.22,32.3945,32.6252,30.4933,31.5823,132018297.0,4522386285.0,0.9229209622,34.32072828,1174.455322,41.92671843,1434.732305,0.031487867866505
CN,000063,2017-11-30,33.49,34.21,32.52,33.08,30.9086,31.5731,30.0133,30.5302,107362412.0,3579593659.0,0.9229209622,34.32072828,1135.329691,41.92671843,1386.935846,0.025607158399303324
CN,000063,2017-12-01,33.3,34.18,33.09,33.56,30.7332,31.5454,30.5394,30.9732,97851251.0,3294255402.0,0.9229209622,34.32072828,1151.803641,41.92671843,1407.060671,0.023338638143924968
CN,000063,2017-12-04,33.6,35.23,33.48,34.92,31.0101,32.5145,30.8993,32.2283,116601214.0,4026393806.0,0.9229209622,34.32072828,1198.479832,41.92671843,1464.081008,0.027810717930303805
CN,000063,2017-12-05,34.38,35.17,33.2,34.02,31.73,32.4591,30.6409,31.3977,100278933.0,3429654206.0,0.9229209622,34.32072828,1167.591176,41.92671843,1426.346961,0.023917667958541444
CN,000063,2017-12-06,34.06,34.61,32.85,34.57,31.4346,31.9422,30.3179,31.9053,100061620.0,3381634081.0,0.9229209622,34.32072828,1186.467577,41.92671843,1449.406656,0.023865836332280777
CN,000063,2017-12-07,34.37,34.64,33.79,33.86,31.7207,31.9699,31.1855,31.2501,62206652.0,2123092903.0,0.9229209622,34.32072828,1162.09986,41.92671843,1419.638686,0.014836995197670661
CN,000063,2017-12-08,33.66,35.77,33.58,35.31,31.0655,33.0128,30.9916,32.5883,109014847.0,3804449200.0,0.9229209622,34.32072828,1211.864916,41.92671843,1480.432428,0.026001282972338745
CN,000063,2017-12-11,35.45,37.28,35.3,37.27,32.7175,34.4064,32.5791,34.3972,132211141.0,4834922536.0,0.9229209622,34.32072828,1279.133543,41.92671843,1562.608796,0.03153386335750007
CN,000063,2017-12-12,37.02,37.68,36.82,37.09,34.1665,34.7756,33.9819,34.2311,94863947.0,3534232799.0,0.9229209622,34.32072828,1272.955812,41.92671843,1555.061987,0.022626132106757395
CN,000063,2017-12-13,36.84,38.28,36.78,38.1,34.0004,35.3294,33.945,35.1632,100966683.0,3816250281.0,0.9229209622,34.32072828,1307.619747,41.92671843,1597.407972,0.024081704168803942
CN,000063,2017-12-14,38.08,38.36,37.6,38.29,35.1448,35.4032,34.7018,35.3386,77064989.0,2933720165.0,0.9229209622,34.32072828,1314.140686,41.92671843,1605.374049,0.018380877847300678
CN,000063,2017-12-15,38.02,38.18,36.47,37.0,35.0894,35.2371,33.6589,34.148,104199384.0,3876692152.0,0.9229209622,34.32072828,1269.866946,41.92671843,1551.288582,0.024852740186182037
CN,000063,2017-12-18,36.5,37.15,34.63,34.97,33.6866,34.2865,31.9607,32.2745,125209561.0,4475091213.0,0.9229209622,34.32072828,1200.195868,41.92671843,1466.177344,0.029863906761280958
CN,000063,2017-12-19,35.3,35.93,35.05,35.66,32.5791,33.1605,32.3483,32.9113,80228527.0,2845905777.0,0.9229209622,34.32072828,1223.87717,41.92671843,1495.106779,0.019135417701232192
CN,000063,2017-12-20,35.39,36.09,34.72,35.39,32.6621,33.3082,32.0438,32.6621,80731481.0,2855820068.0,0.9229209622,34.32072828,1214.610574,41.92671843,1483.786565,0.019255377960187284
CN,000063,2017-12-21,35.35,38.15,35.14,37.85,32.6252,35.2094,32.4314,34.9325,141365229.0,5216019590.0,0.9229209622,34.32072828,1299.039565,41.92671843,1586.926293,0.03371721763438761
CN,000063,2017-12-22,37.86,38.17,37.51,38.07,34.9417,35.2278,34.6187,35.1355,100714058.0,3814448883.0,0.9229209622,34.32072828,1306.590126,41.92671843,1596.150171,0.024021450228247688
CN,000063,2017-12-25,37.9,38.15,36.72,37.21,34.9787,35.2094,33.8896,34.3418,99357251.0,3701906857.0,0.9229209622,34.32072828,1277.074299,41.92671843,1560.093193,0.023697836301184615
CN,000063,2017-12-26,37.44,37.45,36.06,37.2,34.5541,34.5633,33.2805,34.3326,93008020.0,3417270004.0,0.9229209622,34.32072828,1276.731092,41.92671843,1559.673926,0.02218347237341847
CN,000063,2017-12-27,36.8,37.1,36.07,36.18,33.9634,34.2403,33.2897,33.3912,81586682.0,2981699620.0,0.9229209622,34.32072828,1241.723949,41.92671843,1516.908673,0.019459353141652494
CN,000063,2017-12-28,36.25,36.81,35.6,36.22,33.455799999999996,33.9727,32.8559,33.4281,79808486.0,2892809996.0,0.9229209622,34.32072828,1243.096778,41.92671843,1518.585742,0.019035233137371967
CN,000063,2017-12-29,35.92,36.67,35.81,36.36,33.1513,33.8435,33.0497,33.5574,55651080.0,2016965851.0,0.9229209622,34.32072828,1247.90168,41.92671843,1524.455482,0.013273416590643485
CN,000063,2018-01-02,36.48,36.6,34.78,35.73,33.6681,33.7789,32.0991,32.9759,89960742.0,3195105241.0,0.9229209622,34.32072828,1226.279621,41.92671843,1498.041649,0.021456661853990942
CN,000063,2018-01-03,35.63,37.5,35.52,36.69,32.8836,34.6095,32.7821,33.8619,139132102.0,5111714723.0,0.9229209622,34.32072828,1259.227521,41.92671843,1538.291299,0.03318459140375895
CN,000063,2018-01-04,36.37,36.95,35.88,36.9,33.5666,34.1019,33.1144,34.0557,94830024.0,3445268920.0,0.9229209622,34.32072828,1266.434874,41.92671843,1547.09591,0.022618041084786135
CN,000063,2018-01-05,36.7,36.78,35.87,36.04,33.8711,33.945,33.1051,33.262,76047333.0,2754542276.0,0.9229209622,34.32072828,1236.919047,41.92671843,1511.038932,0.018138155297550196
CN,000063,2018-01-08,36.0,36.02,34.92,35.57,33.2251,33.2436,32.2283,32.8282,109576938.0,3858978994.0,0.9229209622,34.32072828,1220.788305,41.92671843,1491.333375,0.02613534807951818
CN,000063,2018-01-09,35.57,36.35,35.31,36.35,32.8282,33.5481,32.5883,33.5481,96915693.0,3480380663.0,0.9229209622,34.32072828,1247.558473,41.92671843,1524.036215,0.023115496902484385
CN,000063,2018-01-10,36.28,36.28,35.25,35.92,33.4835,33.4835,32.5329,33.1513,77737123.0,2783295193.0,0.9229209622,34.32072828,1232.80056,41.92671843,1506.007726,0.01854118946365629
CN,000063,2018-01-11,35.6,36.85,35.3,36.42,32.8559,34.0096,32.5791,33.6127,111269294.0,4047412448.0,0.9229209622,34.32072828,1249.960924,41.92671843,1526.971085,0.026538994265857693
CN,000063,2018-01-12,36.19,36.28,35.61,35.82,33.4005,33.4835,32.8652,33.059,64626968.0,2320586200.0,0.9229209622,34.32072828,1229.368487,41.92671843,1501.815054,0.015414268137369224
CN,000063,2018-01-15,35.71,37.32,35.03,36.41,32.9575,34.4434,32.3299,33.6035,157933052.0,5773264399.0,0.9229209622,34.32072828,1249.617717,41.92671843,1526.551818,0.03766883217051242
CN,000063,2018-01-16,36.07,38.64,35.89,38.6,33.2897,35.6616,33.1236,35.6247,207331314.0,7827256906.0,0.9229209622,34.32072828,1324.780112,41.92671843,1618.371331,0.049450880432284766
CN,000063,2018-01-17,38.9,38.9,36.6,36.98,35.9016,35.9016,33.7789,34.1296,195953809.0,7329869669.0,0.9229209622,34.32072828,1269.180532,41.92671843,1550.450048,0.046737215870390744
CN,000063,2018-01-18,37.02,37.49,36.32,36.57,34.1665,34.6003,33.5204,33.7512,103223006.0,3796014055.0,0.9229209622,34.32072828,1255.109033,41.92671843,1533.260093,0.024619862909695412
CN,000063,2018-01-19,36.57,37.36,36.37,36.49,33.7512,34.4803,33.5666,33.6773,79705848.0,2933085607.0,0.9229209622,34.32072828,1252.363375,41.92671843,1529.905956,0.019010752805058012
CN,000063,2018-01-22,36.5,36.61,35.1,36.43,33.6866,33.7881,32.3945,33.622,106407908.0,3822812899.0,0.9229209622,34.32072828,1250.304131,41.92671843,1527.390352,0.02537949832101849
CN,000063,2018-01-23,36.38,37.12,35.81,36.38,33.5758,34.2588,33.0497,33.5758,90160039.0,3295173864.0,0.9229209622,34.32072828,1248.588095,41.92671843,1525.294016,0.021504196459002478
CN,000063,2018-01-24,36.16,37.1,35.85,37.05,33.3728,34.2403,33.0867,34.1942,112358263.0,4094508793.0,0.9229209622,34.32072828,1271.582983,41.92671843,1553.384918,0.026798725778548846
CN,000063,2018-01-25,36.94,36.94,36.03,36.06,34.0926,34.0926,33.2528,33.2805,79535384.0,2891196401.0,0.9229209622,34.32072828,1237.605462,41.92671843,1511.877467,0.01897009519902939
CN,000063,2018-01-26,35.7,36.04,35.0,35.0,32.9482,33.262,32.3022,32.3022,131982018.0,4665978752.0,0.9229209622,34.32072828,1201.22549,41.92671843,1467.435145,0.03147921491169277
CN,000063,2018-01-29,34.8,34.8,31.59,31.71,32.1176,32.1176,29.155,29.2658,232259836.0,7605498176.0,0.9229209622,34.32072828,1088.310294,41.92671843,1329.496241,0.05539661693003146
CN,000063,2018-01-30,31.22,31.94,30.68,31.1,28.8135,29.478,28.3152,28.7028,103176060.0,3217356361.0,0.9229209622,34.32072828,1067.37465,41.92671843,1303.920943,0.024608665753858287
CN,000063,2018-01-31,31.06,31.38,30.61,31.12,28.6659,28.9612,28.2506,28.7213,69640200.0,2161459783.0,0.9229209622,34.32072828,1068.061064,41.92671843,1304.759478,0.016609981083129572
CN,000063,2018-02-01,30.0,30.0,28.01,28.01,27.6876,27.6876,25.851,25.851,205064859.0,5871329375.0,0.9229209622,34.32072828,961.323599,41.92671843,1174.367383,0.04891030509396344
CN,000063,2018-02-02,29.0,29.36,28.5,28.82,26.7647,27.0969,26.3032,26.5985,131393249.0,3807909397.0,0.9229209622,34.32072828,989.123389,41.92671843,1208.328025,0.03133878679758148
CN,000063,2018-02-05,28.22,29.94,28.21,29.28,26.0448,27.6322,26.0356,27.0231,87254197.0,2554109184.0,0.9229209622,34.32072828,1004.910924,41.92671843,1227.614316,0.020811120036899104
CN,000063,2018-02-06,28.5,29.38,28.3,28.45,26.3032,27.1154,26.1186,26.2571,77643385.0,2237128586.0,0.9229209622,34.32072828,976.42472,41.92671843,1192.815139,0.018518831882736498
CN,000063,2018-02-07,29.2,29.49,28.23,28.71,26.9492,27.2169,26.054,26.497,69531397.0,2011550635.0,0.9229209622,34.32072828,985.348109,41.92671843,1203.716086,0.016584030328080222
CN,000063,2018-02-08,28.76,29.88,28.72,29.65,26.5432,27.5768,26.5062,27.3646,85840076.0,2531711405.0,0.9229209622,34.32072828,1017.609594,41.92671843,1243.127201,0.0204738360678804
CN,000063,2018-02-09,28.79,29.4,28.01,28.45,26.5709,27.1338,25.851,26.2571,81498213.0,2346515583.0,0.9229209622,34.32072828,976.42472,41.92671843,1192.815139,0.019438252277260325
CN,000063,2018-02-12,28.99,29.77,28.61,29.42,26.7554,27.4753,26.4047,27.1523,74288537.0,2170791710.0,0.9229209622,34.32072828,1009.715826,41.92671843,1233.484056,0.017718662414286164
CN,000063,2018-02-13,29.76,30.25,29.64,29.74,27.4661,27.9183,27.3553,27.4476,76361333.0,2282690646.0,0.9229209622,34.32072828,1020.698459,41.92671843,1246.900606,0.01821304787482744
CN,000063,2018-02-14,29.78,30.59,29.75,30.5,27.4845,28.2321,27.4569,28.149,56873219.0,1726897055.0,0.9229209622,34.32072828,1046.782213,41.92671843,1278.764912,0.01356491066548754
CN,000063,2018-02-22,30.71,31.45,30.25,31.22,28.3429,29.0258,27.9183,28.8135,64654228.0,2003323253.0,0.9229209622,34.32072828,1071.493137,41.92671843,1308.952149,0.015420769957931573
CN,000063,2018-02-23,31.31,32.15,31.03,31.32,28.8966,29.6719,28.6382,28.9058,73400229.0,2318214367.0,0.9229209622,34.32072828,1074.92521,41.92671843,1313.144821,0.017506790836146056
CN,000063,2018-02-26,31.8,32.85,31.36,32.55,29.3488,30.3179,28.9428,30.041,118134552.0,3816107973.0,0.9229209622,34.32072828,1117.139706,41.92671843,1364.714685,0.028176436512014423
CN,000063,2018-02-27,33.0,33.1,32.21,32.37,30.4563,30.5486,29.7272,29.8749,90932703.0,2966278584.0,0.9229209622,34.32072828,1110.961974,41.92671843,1357.167876,0.02168848562565644
CN,000063,2018-02-28,31.97,32.67,31.63,32.24,29.5057,30.1518,29.1919,29.7549,69848926.0,2258664923.0,0.9229209622,34.32072828,1106.50028,41.92671843,1351.717402,0.01665976461206196
CN,000063,2018-03-01,31.93,32.68,31.85,32.35,29.4688,30.161,29.395,29.8564,58377296.0,1888708112.0,0.9229209622,34.32072828,1110.27556,41.92671843,1356.329341,0.01392365016533921
CN,000063,2018-03-02,32.02,32.5,31.5,31.52,29.5519,29.9949,29.072,29.0904,59421820.0,1895239637.0,0.9229209622,34.32072828,1081.789355,41.92671843,1321.530165,0.014172781039186138
CN,000063,2018-03-05,31.8,32.38,31.68,32.15,29.3488,29.8841,29.2381,29.6719,49201512.0,1577128850.0,0.9229209622,34.32072828,1103.411414,41.92671843,1347.943998,0.011735121145277765
CN,000063,2018-03-06,32.3,33.68,32.3,33.3,29.8103,31.0839,29.8103,30.7332,114669505.0,3800533574.0,0.9229209622,34.32072828,1142.880252,41.92671843,1396.159724,0.027349983326610663
CN,000063,2018-03-07,33.1,33.11,32.67,32.67,30.5486,30.5579,30.1518,30.1518,53288769.0,1749699799.0,0.9229209622,34.32072828,1121.258193,41.92671843,1369.745891,0.012709978504272842
CN,000063,2018-03-08,32.67,32.98,32.3,32.68,30.1518,30.4379,29.8103,30.161,41137756.0,1340499640.0,0.9229209622,34.32072828,1121.6014,41.92671843,1370.165158,0.009811823472109502
CN,000063,2018-03-09,32.7,33.64,32.7,33.62,30.1795,31.047,30.1795,31.0286,93070914.0,3102149224.0,0.9229209622,34.32072828,1153.862885,41.92671843,1409.576274,0.022198473308944824
CN,000063,2018-03-12,33.88,34.23,33.41,33.99,31.2685,31.5915,30.8347,31.37,84162614.0,2850456109.0,0.9229209622,34.32072828,1166.561554,41.92671843,1425.089159,0.020073742270222315
CN,000063,2018-03-13,33.99,34.0,33.14,33.15,31.37,31.3793,30.5856,30.5948,53948061.0,1802920046.0,0.9229209622,34.32072828,1137.732142,41.92671843,1389.870716,0.012867227157324652
CN,000063,2018-03-14,33.0,33.08,32.5,32.72,30.4563,30.5302,29.9949,30.1979,42409033.0,1390967845.0,0.9229209622,34.32072828,1122.974229,41.92671843,1371.842227,0.010115037519763266
CN,000063,2018-03-15,32.7,33.27,32.13,32.81,30.1795,30.7055,29.6534,30.281,51349829.0,1677664919.0,0.9229209622,34.32072828,1126.063095,41.92671843,1375.615632,0.01224751922469979
CN,000063,2018-03-16,32.83,32.95,32.0,32.01,30.2994,30.4102,29.5334,29.5427,54237703.0,1753054735.0,0.9229209622,34.33984599,1099.21847,41.92671843,1342.074257,0.01293631007410088
CN,000063,2018-03-19,31.88,32.33,31.33,31.74,29.4227,29.838,28.9151,29.2935,46549355.0,1482154628.0,0.9229209622,34.33984599,1089.946712,41.92671843,1330.754043,0.011102551485806803
CN,000063,2018-03-20,31.5,32.15,31.32,32.05,29.072,29.6719,28.9058,29.5796,36844043.0,1173116068.0,0.9229209622,34.33984599,1100.592064,41.92671843,1343.751326,0.008787724005043244
CN,000063,2018-03-21,32.15,32.65,31.56,31.65,29.6719,30.1333,29.1273,29.2104,49471128.0,1594964735.0,0.9229209622,34.33984599,1086.856126,41.92671843,1326.980638,0.01179942763290573
CN,000063,2018-03-22,31.62,31.97,31.3,31.36,29.1827,29.5057,28.8874,28.9428,36606867.0,1155649316.0,0.9229209622,34.33984599,1076.89757,41.92671843,1314.82189,0.00873115482699131
CN,000063,2018-03-23,29.4,30.38,28.41,29.01,27.1338,28.0383,26.2201,26.7739,108326395.0,3186737457.0,0.9229209622,34.33984599,996.198932,41.92671843,1216.294102,0.02583707932707864
CN,000063,2018-03-26,28.4,29.68,28.3,29.49,26.2109,27.3923,26.1186,27.2169,69153118.0,2013739094.0,0.9229209622,34.33984599,1012.682058,41.92671843,1236.418926,0.01649380647699787
CN,000063,2018-03-27,30.05,30.65,30.05,30.43,27.7337,28.2875,27.7337,28.0844,63335781.0,1924415705.0,0.9229209622,34.33984599,1044.961513,41.92671843,1275.830042,0.01510630532788874
CN,000063,2018-03-28,29.87,30.28,29.61,29.62,27.5676,27.946,27.3276,27.3369,39931436.0,1193317397.0,0.9229209622,34.33984599,1017.146238,41.92671843,1241.8694,0.00952410240898503
CN,000063,2018-03-29,29.94,30.12,28.75,29.84,27.6322,27.7983,26.5339,27.5399,49090966.0,1445480924.0,0.9229209622,34.33984599,1024.701004,41.92671843,1251.093278,0.01170875466487111
CN,000063,2018-03-30,29.9,30.45,29.73,30.15,27.5953,28.1029,27.4384,27.826,46957739.0,1415290678.0,0.9229209622,34.33984599,1035.346357,41.92671843,1264.090561,0.011199955722363458
CN,000063,2018-04-02,30.38,31.3,30.16,30.82,28.0383,28.8874,27.8353,28.4444,67078364.0,2071742430.0,0.9229209622,34.33984599,1058.354053,41.92671843,1292.181462,0.01599895401114988
CN,000063,2018-04-03,30.2,30.37,29.76,30.09,27.8722,28.0291,27.4661,27.7706,48181413.0,1448305345.0,0.9229209622,34.33984599,1033.285966,41.92671843,1261.574958,0.011491815912195159
CN,000063,2018-04-04,30.2,30.5,29.82,29.99,27.8722,28.149,27.5215,27.6784,40280843.0,1216057158.0,0.9229209622,34.33984599,1029.851981,41.92671843,1257.382286,0.009607439959140155
CN,000063,2018-04-09,29.6,30.3,29.1,29.96,27.3184,27.9645,26.857,27.6507,39747026.0,1180875527.0,0.9229209622,34.33984599,1028.821786,41.92671843,1256.124484,0.009480118523075167
CN,000063,2018-04-10,29.98,30.79,29.73,30.7,27.6691,28.4167,27.4384,28.3336,53689379.0,1635809257.0,0.9229209622,34.33984599,1054.233272,41.92671843,1287.150256,0.012805528553263404
CN,000063,2018-04-11,30.85,31.86,30.84,31.64,28.4721,29.4042,28.4628,29.2012,71672708.0,2250920832.0,0.9229209622,34.33984599,1086.512727,41.92671843,1326.561371,0.017094757396685673
CN,000063,2018-04-12,31.5,31.94,31.17,31.2,29.072,29.478,28.7674,28.7951,38355305.0,1208646383.0,0.9229209622,34.33984599,1071.403195,41.92671843,1308.113615,0.009148177209250765
CN,000063,2018-04-13,31.59,31.8,31.06,31.2,29.155,29.3488,28.6659,28.7951,23602794.0,739527726.0,0.9229209622,34.33984599,1071.403195,41.92671843,1308.113615,0.005629535266254321
CN,000063,2018-04-16,31.2,31.45,30.41,31.31,28.7951,29.0258,28.066,28.8966,37666538.0,1167187355.0,0.9229209622,34.33984599,1075.180578,41.92671843,1312.725554,0.008983898432901991
CN,000063,2018-06-13,28.18,28.18,28.18,28.18,26.0079,26.0079,26.0079,26.0079,1445600.0,40737008.0,0.9229209622,34.33984599,967.69686,41.92671843,1181.494925,0.00034479206914644287
CN,000063,2018-06-14,25.36,25.36,25.36,25.36,23.4052,23.4052,23.4052,23.4052,420800.0,10671488.0,0.9229209622,34.33984599,870.858494,41.92671843,1063.261579,0.00010036559400721026
CN,000063,2018-06-15,22.82,22.82,22.82,22.82,21.061,21.061,21.061,21.061,854700.0,19504254.0,0.9229209622,34.33984599,783.635285,41.92671843,956.767715,0.0002038556872575157
CN,000063,2018-06-19,20.54,20.54,20.54,20.54,18.9568,18.9568,18.9568,18.9568,907300.0,18635942.0,0.9229209622,34.33984599,705.340437,41.92671843,861.174797,0.00021640138650841698
CN,000063,2018-06-20,18.49,18.49,18.49,18.49,17.0648,17.0648,17.0648,17.0648,1987700.0,36752573.0,0.9229209622,34.33984599,634.943752,41.92671843,775.225024,0.0004740890950763589
CN,000063,2018-06-21,16.64,16.64,16.64,16.64,15.3574,15.3574,15.3574,15.3574,3425500.0,57000320.0,0.9229209622,34.33984599,571.415037,41.92671843,697.660595,0.0008170207753605009
CN,000063,2018-06-22,14.98,14.98,14.98,14.98,13.8253,13.8253,13.8253,13.8253,8252700.0,123625446.0,0.9229209622,34.33984599,514.410893,41.92671843,628.062242,0.0019683629697321865
CN,000063,2018-06-25,13.48,14.17,13.48,13.48,12.441,13.0778,12.441,12.441,550768020.0,7482723646.0,0.9229209622,34.33984599,462.901124,41.92671843,565.172164,0.131364447451224
CN,000063,2018-06-26,12.9,13.37,12.6,13.28,11.9057,12.3394,11.6288,12.2564,304826201.0,3969871158.0,0.9229209622,34.33984599,456.033155,41.92671843,556.786821,0.07270452170229627
CN,000063,2018-06-27,13.11,13.34,12.73,12.85,12.0995,12.3117,11.7488,11.8595,220907586.0,2863160900.0,0.9229209622,34.33984599,441.267021,41.92671843,538.758332,0.052688975973357616
CN,000063,2018-06-28,12.8,13.26,12.75,12.92,11.8134,12.2379,11.7672,11.9241,194876650.0,2539041619.0,0.9229209622,34.33984599,443.67081,41.92671843,541.693202,0.046480301177246226
CN,000063,2018-06-29,13.07,13.12,12.41,13.03,12.0626,12.1087,11.4534,12.0256,211444562.0,2713012873.0,0.9229209622,34.33984599,447.448193,41.92671843,546.305141,0.05043193694088498
CN,000063,2018-07-02,13.03,13.03,12.0,12.23,12.0256,12.0256,11.075,11.2873,249130461.0,3110430932.0,0.9229209622,34.33984599,419.976316,41.92671843,512.763766,0.05942045319285915
CN,000063,2018-07-03,12.15,13.45,12.02,13.45,11.2135,12.4133,11.0935,12.4133,293665613.0,3715846363.0,0.9229209622,34.33984599,461.870929,41.92671843,563.914363,0.07004259431615144
CN,000063,2018-07-04,13.45,14.59,13.02,13.8,12.4133,13.4654,12.0164,12.7363,475626809.0,6571578310.0,0.9229209622,34.33984599,473.889875,41.92671843,578.588714,0.11344241257376174
CN,000063,2018-07-05,13.5,13.77,12.73,13.0,12.4594,12.7086,11.7488,11.998,247652722.0,3297561301.0,0.9229209622,34.33984599,446.417998,41.92671843,545.04734,0.05906799560606585
CN,000063,2018-07-06,13.16,13.48,12.76,13.04,12.1456,12.441,11.7765,12.0349,203120638.0,2664094121.0,0.9229209622,34.33984599,447.791592,41.92671843,546.724408,0.04844658623572606
CN,000063,2018-07-09,13.15,13.19,12.8,13.1,12.1364,12.1733,11.8134,12.0902,166644276.0,2165806926.0,0.9229209622,34.33984599,449.851982,41.92671843,549.240011,0.03974655833802636
CN,000063,2018-07-10,13.02,13.03,12.46,12.69,12.0164,12.0256,11.4996,11.7118,206872768.0,2626011718.0,0.9229209622,34.33984599,435.772646,41.92671843,532.050057,0.049341511987252375
CN,000063,2018-07-11,12.24,12.34,11.85,12.1,11.2965,11.3888,10.9366,11.167300000000001,165374267.0,2007374503.0,0.9229209622,34.33984599,415.512136,41.92671843,507.313293,0.039443646722818415
CN,000063,2018-07-12,13.31,13.31,13.31,13.31,12.2841,12.2841,12.2841,12.2841,35082109.0,466942870.0,0.9229209622,34.33984599,457.06335,41.92671843,558.044622,0.008367482673029223
CN,000063,2018-07-13,14.48,14.48,13.81,14.1,13.3639,13.3639,12.7455,13.0132,441943211.0,6260399484.0,0.9229209622,34.33984599,484.191828,41.92671843,591.16673,0.10540849070691269
CN,000063,2018-07-16,14.68,15.51,14.48,15.51,13.5485,14.3145,13.3639,14.3145,213377851.0,3227584289.0,0.9229209622,34.33984599,532.611011,41.92671843,650.283403,0.05089304839257843
CN,000063,2018-07-17,16.38,17.06,16.28,17.06,15.1174,15.745,15.0251,15.745,421769717.0,7090296342.0,0.9229209622,34.33984599,585.837773,41.92671843,715.269816,0.10059688255931076
CN,000063,2018-07-18,17.56,17.56,16.06,16.53,16.2065,16.2065,14.8221,15.2559,316149945.0,5305375222.0,0.9229209622,34.33984599,567.637654,41.92671843,693.048656,0.07540536365321258
CN,000063,2018-07-19,16.54,16.94,16.31,16.85,15.2651,15.6343,15.0528,15.5512,221346196.0,3690619484.0,0.9229209622,34.33984599,578.626405,41.92671843,706.465206,0.05279358945526708
CN,000063,2018-07-20,16.82,16.83,16.33,16.52,15.5235,15.5327,15.0713,15.2466,170038605.0,2809048959.0,0.9229209622,34.33984599,567.294256,41.92671843,692.629388,0.04055614447476805
CN,000063,2018-07-23,16.4,16.98,16.0,16.62,15.1359,15.6712,14.7667,15.3389,169441966.0,2814426396.0,0.9229209622,34.33984599,570.72824,41.92671843,696.82206,0.04041383927599697
CN,000063,2018-07-24,16.63,16.78,16.4,16.68,15.3482,15.4866,15.1359,15.3943,171297163.0,2839728209.0,0.9229209622,34.33984599,572.788631,41.92671843,699.337663,0.04085632489601929
CN,000063,2018-07-25,16.69,16.83,16.25,16.31,15.4035,15.5327,14.9974,15.0528,151939815.0,2505177130.0,0.9229209622,34.33984599,560.082888,41.92671843,683.824778,0.036239376867444474
CN,000063,2018-07-26,16.21,16.22,15.27,15.34,14.9605,14.9698,14.093,14.1576,205757771.0,3210128068.0,0.9229209622,34.33984599,526.773237,41.92671843,643.155861,0.04907557250003455
CN,000063,2018-07-27,15.24,15.85,14.83,15.43,14.0653,14.6283,13.6869,14.2406,139224463.0,2155847511.0,0.9229209622,34.33984599,529.863824,41.92671843,646.929265,0.033206620554491126
CN,000063,2018-07-30,15.35,15.55,14.92,15.08,14.1668,14.3514,13.77,13.9176,106887860.0,1619957076.0,0.9229209622,34.33984599,517.844878,41.92671843,632.254914,0.025493972340920934
CN,000063,2018-07-31,14.97,15.06,14.53,14.6,13.8161,13.8992,13.41,13.4746,115859128.0,1707005944.0,0.9229209622,34.33984599,501.361751,41.92671843,612.130089,0.027633721965012847
CN,000063,2018-08-01,14.65,15.07,14.65,14.67,13.5208,13.9084,13.5208,13.5392,113113580.0,1679784810.0,0.9229209622,34.33984599,503.765541,41.92671843,615.064959,0.02697887748807533
CN,000063,2018-08-02,14.5,14.5,13.64,14.03,13.3823,13.3823,12.5886,12.9486,140778179.0,1968821152.0,0.9229209622,34.33984599,481.788039,41.92671843,588.23186,0.0335771995213602
CN,000063,2018-08-03,13.91,13.94,13.34,13.35,12.8378,12.8655,12.3117,12.321,112155935.0,1522976620.0,0.9229209622,34.33984599,458.436944,41.92671843,559.721691,0.02675046824550633
CN,000063,2018-08-06,13.1,13.36,12.85,13.2,12.0902,12.3302,11.8595,12.1825,97079374.0,1269620565.0,0.9229209622,34.33984599,453.285967,41.92671843,553.432683,0.023154536685736984
CN,000063,2018-08-07,13.3,13.82,12.97,13.7,12.2748,12.7547,11.9703,12.644,134254535.0,1803129979.0,0.9229209622,34.33984599,470.45589,41.92671843,574.396042,0.032021236106076045
CN,000063,2018-08-08,13.6,13.6,12.97,13.0,12.5517,12.5517,11.9703,11.998,102912154.0,1366763412.0,0.9229209622,34.33984599,446.417998,41.92671843,545.04734,0.02454572116628208
CN,000063,2018-08-09,13.12,14.3,13.05,14.3,12.1087,13.1977,12.0441,13.1977,216736951.0,3037154804.0,0.9229209622,34.33984599,491.059798,41.92671843,599.552074,0.051694232011470116
CN,000063,2018-08-10,14.61,14.68,14.09,14.5,13.4839,13.5485,13.0039,13.3823,225114170.0,3232529648.0,0.9229209622,34.33984599,497.927767,41.92671843,607.937417,0.0536922941812978
CN,000063,2018-08-13,14.29,15.66,14.12,15.39,13.1885,14.4529,13.0316,14.2037,263996235.0,3997839709.0,0.9229209622,34.33984599,528.49023,41.92671843,645.252197,0.06296610965171595
CN,000063,2018-08-14,15.48,16.48,15.22,16.3,14.2868,15.2097,14.0468,15.0436,263675315.0,4213296411.0,0.9229209622,34.33984599,559.73949,41.92671843,683.40551,0.0628895665756019
CN,000063,2018-08-15,16.3,16.32,15.53,15.62,15.0436,15.062,14.3329,14.416,209603361.0,3310059164.0,0.9229209622,34.33984599,536.388394,41.92671843,654.895342,0.049992789526313516
CN,000063,2018-08-16,15.26,16.58,15.11,15.86,14.0842,15.3025,13.9458,14.638,268091737.0,4306820665.0,0.9229209622,34.33984599,544.629957,41.92671843,664.957754,0.06394293353714303
CN,000063,2018-08-17,16.15,16.38,15.87,15.9,14.9056,15.1179,14.6472,14.674900000000001,178274986.0,2868503848.0,0.9229209622,34.33984599,546.003551,41.92671843,666.634823,0.042520615177084345
CN,000063,2018-08-20,15.84,16.43,15.29,16.33,14.6195,15.164,14.1119,15.0718,186535370.0,2983534810.0,0.9229209622,34.33984599,560.769685,41.92671843,684.663312,0.044490810868357294
CN,000063,2018-08-21,16.15,16.8,16.01,16.34,14.9056,15.5055,14.7764,15.081,199624151.0,3258600215.0,0.9229209622,34.33984599,561.113083,41.92671843,685.082579,0.047612634252138866
CN,000063,2018-08-22,16.13,16.56,16.0,16.03,14.8872,15.284,14.7672,14.7949,121149294.0,1966365270.0,0.9229209622,34.33984599,550.467731,41.92671843,672.085296,0.028895486824772228
CN,000063,2018-08-23,16.1,17.63,15.97,17.38,14.8595,16.2716,14.7395,16.0408,328014576.0,5542255943.0,0.9229209622,34.33984599,596.826523,41.92671843,728.686366,0.07823521331573959
CN,000063,2018-08-24,17.2,17.47,16.85,17.14,15.8747,16.1239,15.5517,15.8193,201054079.0,3437744211.0,0.9229209622,34.33984599,588.58496,41.92671843,718.623954,0.04795368837074044
CN,000063,2018-08-27,17.25,18.64,17.1,18.4,15.9209,17.2038,15.782399999999999,16.9823,245510778.0,4432256821.0,0.9229209622,34.33984599,631.853166,41.92671843,771.451619,0.05855711755974888
CN,000063,2018-08-28,18.23,19.54,18.17,18.95,16.8248,18.0338,16.7694,17.4893,276344888.0,5238236368.0,0.9229209622,34.33984599,650.740082,41.92671843,794.511314,0.06591140407551328
CN,000063,2018-08-29,19.1,19.45,18.71,19.45,17.6278,17.9508,17.2678,17.9508,208431582.0,3987970276.0,0.9229209622,34.33984599,667.910005,41.92671843,815.474673,0.04971330688520094
CN,000063,2018-08-30,19.48,19.64,18.72,18.95,17.9785,18.1261,17.2771,17.4893,205411317.0,3923244823.0,0.9229209622,34.33984599,650.740082,41.92671843,794.511314,0.048992939274021784
CN,000063,2018-08-31,18.97,19.57,18.84,19.09,17.5078,18.0615,17.3878,17.6185,210778566.0,4055625429.0,0.9229209622,34.34124343,655.574337,41.92671843,800.381055,0.05027308930745716
CN,000063,2018-09-03,19.0,19.0,17.4,18.15,17.5355,17.5355,16.0588,16.751,250072007.0,4483917807.0,0.9229209622,34.34124343,623.293568,41.92671843,760.96994,0.05964502264051864
CN,000063,2018-09-04,17.96,18.79,17.93,18.55,16.5756,17.3417,16.5479,17.1202,193661443.0,3576956558.0,0.9229209622,34.34124343,637.030066,41.92671843,777.740627,0.046190460463375695
CN,000063,2018-09-05,18.31,19.48,18.07,18.81,16.8987,17.9785,16.6772,17.3601,232653212.0,4382323836.0,0.9229209622,34.34124343,645.958789,41.92671843,788.641574,0.055490441587607936
CN,000063,2018-09-06,18.7,19.17,18.4,18.69,17.2586,17.6924,16.9817,17.2494,165010799.0,3102118684.0,0.9229209622,34.34124343,641.83784,41.92671843,783.610367,0.0393569554639719
CN,000063,2018-09-07,18.9,18.91,17.79,18.09,17.4432,17.4524,16.4187,16.6956,175397123.0,3222454966.0,0.9229209622,34.34124343,621.233094,41.92671843,758.454336,0.041834212065234605
CN,000063,2018-09-10,18.0,18.05,16.9,17.06,16.6126,16.6587,15.5973,15.745,184791739.0,3207166207.0,0.9229209622,34.34124343,585.861613,41.92671843,715.269816,0.04407493501036208
CN,000063,2018-09-11,17.15,17.61,17.07,17.45,15.8281,16.2526,15.7542,16.1049,127423154.0,2215595122.0,0.9229209622,34.34124343,599.254698,41.92671843,731.621237,0.030391873910366518
CN,000063,2018-09-12,17.38,17.65,17.1,17.26,16.0403,16.2895,15.7819,15.9296,92848211.0,1608405625.0,0.9229209622,34.34124343,592.729862,41.92671843,723.65516,0.022145356106278026
CN,000063,2018-09-13,17.9,18.64,17.63,18.55,16.5203,17.2032,16.2711,17.1202,236847944.0,4280724889.0,0.9229209622,34.34124343,637.030066,41.92671843,777.740627,0.056490932958522984
CN,000063,2018-09-14,18.54,18.66,18.18,18.36,17.1109,17.2217,16.7787,16.9448,148176093.0,2728282901.0,0.9229209622,34.34124343,630.505229,41.92671843,769.77455,0.03534168629185511
CN,000063,2018-09-17,18.0,18.68,17.82,18.34,16.6126,17.2401,16.4464,16.9263,125525561.0,2303237410.0,0.9229209622,34.34124343,629.818405,41.92671843,768.936016,0.029939276361343407
CN,000063,2018-09-18,18.21,18.5,17.41,18.44,16.8064,17.074,16.068,17.0186,175540255.0,3173921054.0,0.9229209622,34.34124343,633.252529,41.92671843,773.128688,0.04186835067788061
CN,000063,2018-09-19,18.19,18.46,17.86,18.18,16.7879,17.0371,16.4833,16.7787,144549155.0,2626246744.0,0.9229209622,34.34124343,624.323806,41.92671843,762.227741,0.03447662025859151
CN,000063,2018-09-20,18.18,18.88,17.99,18.29,16.7787,17.4247,16.6033,16.8802,154513379.0,2854404983.0,0.9229209622,34.34124343,628.101342,41.92671843,766.83968,0.03685320120103661
CN,000063,2018-09-21,18.22,18.8,17.95,18.59,16.8156,17.3509,16.5664,17.1571,157192237.0,2887605775.0,0.9229209622,34.34124343,638.403715,41.92671843,779.417696,0.03749213935320146
CN,000063,2018-09-25,18.5,18.73,18.15,18.73,17.074,17.2863,16.751,17.2863,102519683.0,1894671482.0,0.9229209622,34.34124343,643.211489,41.92671843,785.287436,0.024452112361515912
CN,000063,2018-09-26,18.66,19.09,18.66,18.92,17.2217,17.6185,17.2217,17.4616,152674586.0,2885685830.0,0.9229209622,34.34124343,649.736326,41.92671843,793.253513,0.036414628121898544
CN,000063,2018-09-27,18.79,19.07,18.35,18.38,17.3417,17.6001,16.9356,16.9633,133318326.0,2490780608.0,0.9229209622,34.34124343,631.192054,41.92671843,770.613085,0.03179793959371888
CN,000063,2018-09-28,18.53,18.58,18.02,18.3,17.1017,17.1478,16.631,16.8894,85944333.0,1570012650.0,0.9229209622,34.34124343,628.444755,41.92671843,767.258947,0.02049870255013898
CN,000063,2018-10-08,16.7,17.38,16.69,16.81,15.4128,16.0403,15.4035,15.5143,155767304.0,2651644145.0,0.9229209622,34.34124343,577.276302,41.92671843,704.788137,0.03715227659900594
CN,000063,2018-10-09,16.83,17.08,16.5,16.8,15.5327,15.7635,15.2282,15.505,88730311.0,1491383226.0,0.9229209622,34.34124343,576.93289,41.92671843,704.36887,0.021163190042679428
CN,000063,2018-10-10,16.82,17.13,16.68,16.85,15.5235,15.8096,15.3943,15.5512,62957314.0,1063079805.0,0.9229209622,34.34124343,578.649952,41.92671843,706.465206,0.015016036636664579
CN,000063,2018-10-11,16.08,16.08,15.17,15.17,14.8405,14.8405,14.0007,14.0007,129797249.0,2019815588.0,0.9229209622,34.34124343,520.956663,41.92671843,636.028319,0.03095812261498759
CN,000063,2018-10-12,15.0,15.85,14.5,15.6,13.8438,14.6283,13.3823,14.3975,137708622.0,2082670611.0,0.9229209622,34.34124343,535.723398,41.92671843,654.056808,0.03284507520661688
CN,000063,2018-10-15,15.57,16.62,15.5,15.97,14.3699,15.3389,14.3053,14.739,119021527.0,1908697897.0,0.9229209622,34.34124343,548.429658,41.92671843,669.569693,0.02838799015446819
CN,000063,2018-10-16,16.02,16.1,15.58,15.7,14.7852,14.859,14.3791,14.4898,70482401.0,1112750532.0,0.9229209622,34.34124343,539.157522,41.92671843,658.249479,0.016810855616490948
CN,000063,2018-10-17,16.1,16.29,15.75,16.18,14.859,15.0344,14.536,14.9328,110261497.0,1771029606.0,0.9229209622,34.34124343,555.641319,41.92671843,678.374304,0.026298623199926884
CN,000063,2018-10-18,16.0,16.05,15.59,15.7,14.7667,14.812899999999999,14.3883,14.4898,70810613.0,1118965605.0,0.9229209622,34.34124343,539.157522,41.92671843,658.249479,0.01688913791767986
CN,000063,2018-10-19,15.34,17.0,15.25,16.57,14.1576,15.6896,14.0745,15.2928,148614765.0,2403836228.0,0.9229209622,34.34124343,569.034404,41.92671843,694.725724,0.03544631456147092
CN,000063,2018-10-22,16.9,18.16,16.8,17.79,15.5973,16.7602,15.505,16.4187,186379970.0,3247700195.0,0.9229209622,34.34124343,610.930721,41.92671843,745.876321,0.044453746197946835
CN,000063,2018-10-23,17.8,17.87,17.03,17.34,16.428,16.4926,15.7173,16.0034,128545911.0,2242600738.0,0.9229209622,34.34124343,595.477161,41.92671843,727.009298,0.030659664245990932
CN,000063,2018-10-24,17.16,17.67,17.16,17.29,15.8373,16.308,15.8373,15.9573,86857509.0,1513149505.0,0.9229209622,34.34124343,593.760099,41.92671843,724.912962,0.02071650542959033
CN,000063,2018-10-25,16.61,17.48,16.51,17.44,15.3297,16.1326,15.2374,16.0957,96122916.0,1628342680.0,0.9229209622,34.34124343,598.911285,41.92671843,731.201969,0.022926410556191008
CN,000063,2018-10-26,17.63,17.95,16.94,17.25,16.2711,16.5664,15.6343,15.9204,106966902.0,1867454336.0,0.9229209622,34.34124343,592.386449,41.92671843,723.235893,0.025512824758415036
CN,000063,2018-10-29,17.25,17.82,16.99,17.45,15.9204,16.4464,15.6804,16.1049,114878712.0,2003137713.0,0.9229209622,34.34124343,599.254698,41.92671843,731.621237,0.027399881579522892
CN,000063,2018-10-30,17.3,17.47,15.77,16.89,15.9665,16.1234,14.5544,15.5881,130784523.0,2184412666.0,0.9229209622,34.34124343,580.023602,41.92671843,708.142274,0.031193598711608015
CN,000063,2018-10-31,16.8,17.28,16.43,16.93,15.505,15.948,15.1636,15.625,103665294.0,1751578813.0,0.9229209622,34.34124343,581.397251,41.92671843,709.819343,0.024725353636506867
CN,000063,2018-11-01,17.2,17.71,16.98,17.2,15.8742,16.3449,15.6712,15.8742,137865172.0,2393929958.0,0.9229209622,34.34124343,590.669387,41.92671843,721.139557,0.03288241416512883
CN,000063,2018-11-02,18.5,18.8,17.84,18.34,17.074,17.3509,16.4649,16.9263,234767442.0,4297054316.0,0.9229209622,34.34124343,629.818405,41.92671843,768.936016,0.05599470952919031
CN,000063,2018-11-05,18.06,18.57,17.9,18.23,16.6679,17.1386,16.5203,16.8248,128442674.0,2340082349.0,0.9229209622,34.34124343,626.040868,41.92671843,764.324077,0.030635041045352807
CN,000063,2018-11-06,18.13,19.18,17.95,19.03,16.7325,17.7016,16.5664,17.5632,151776565.0,2805715784.0,0.9229209622,34.34124343,653.513862,41.92671843,797.865452,0.03620043988260209
CN,000063,2018-11-07,18.95,20.68,18.8,19.59,17.4893,19.086,17.3509,18.08,250722765.0,4932523666.0,0.9229209622,34.34124343,672.744959,41.92671843,821.344414,0.05980023583734598
CN,000063,2018-11-08,19.75,20.25,19.12,19.4,18.2277,18.6891,17.6462,17.9046,184805042.0,3655023626.0,0.9229209622,34.34124343,666.220123,41.92671843,813.378338,0.04407810792741787
CN,000063,2018-11-09,19.18,20.34,19.05,19.87,17.7016,18.7722,17.5816,18.3384,159773538.0,3166753247.0,0.9229209622,34.34124343,682.360507,41.92671843,833.083895,0.03810780904943817
CN,000063,2018-11-12,19.69,20.46,19.69,20.2,18.1723,18.8829,18.1723,18.643,160788986.0,3236750320.0,0.9229209622,34.34124343,693.693117,41.92671843,846.919712,0.03835000496603378
CN,000063,2018-11-13,19.92,20.75,19.92,20.3,18.3846,19.1506,18.3846,18.7353,157335834.0,3198947676.0,0.9229209622,34.34124343,697.127242,41.92671843,851.112384,0.03752638887364503
CN,000063,2018-11-14,20.21,20.59,19.81,19.87,18.6522,19.0029,18.283,18.3384,129392258.0,2591478432.0,0.9229209622,34.34124343,682.360507,41.92671843,833.083895,0.030861527647586037
CN,000063,2018-11-15,19.95,20.45,19.69,20.2,18.4122,18.8737,18.1723,18.643,141361609.0,2846613452.0,0.9229209622,34.34124343,693.693117,41.92671843,846.919712,0.03371635422314639
CN,000063,2018-11-16,20.3,21.88,20.18,21.79,18.7353,20.1935,18.6245,20.1104,226076936.0,4715054702.0,0.9229209622,34.34124343,748.295694,41.92671843,913.583195,0.05392192484070831
CN,000063,2018-11-19,21.51,21.85,21.25,21.73,19.852,20.1658,19.612,20.055,136254571.0,2936486844.0,0.9229209622,34.34124343,746.23522,41.92671843,911.067591,0.03249826747769155
CN,000063,2018-11-20,21.4,21.55,20.2,20.51,19.7505,19.8889,18.643,18.9291,173914836.0,3628693022.0,0.9229209622,34.34124343,704.338903,41.92671843,859.916995,0.041480669728627746
CN,000063,2018-11-21,20.0,20.89,19.85,20.8,18.4584,19.2798,18.32,19.1967,114547214.0,2357433519.0,0.9229209622,34.34124343,714.297863,41.92671843,872.075743,0.027320815529897888
CN,000063,2018-11-22,20.73,21.08,20.19,20.46,19.1321,19.4551,18.6337,18.8829,86609901.0,1789372530.0,0.9229209622,34.34124343,702.621841,41.92671843,857.820659,0.020657448100690767
CN,000063,2018-11-23,20.36,20.58,19.66,19.77,18.7906,18.9937,18.1446,18.2461,109497463.0,2179917013.0,0.9229209622,34.34124343,678.926383,41.92671843,828.891223,0.02611639238659108
CN,000063,2018-11-26,19.65,20.58,19.64,20.43,18.1354,18.9937,18.1261,18.8552,105962301.0,2141622212.0,0.9229209622,34.34124343,701.591603,41.92671843,856.562858,0.025273215974894986
CN,000063,2018-11-27,20.66,21.09,20.44,20.99,19.0675,19.4644,18.8645,19.3721,123205726.0,2568457390.0,0.9229209622,34.34124343,720.8227,41.92671843,880.04182,0.029385969284884957
CN,000063,2018-11-28,20.86,21.26,20.42,20.56,19.2521,19.6213,18.846,18.9752,122549602.0,2561800381.0,0.9229209622,34.34124343,706.055965,41.92671843,862.013331,0.029229476235924912
CN,000063,2018-11-29,20.6,20.83,19.31,19.49,19.0121,19.2244,17.8216,17.9877,220782919.0,4388281301.0,0.9229209622,34.34124343,669.310834,41.92671843,817.151742,0.05265924147357602
CN,000063,2018-11-30,19.36,20.05,18.95,19.87,17.8677,18.5045,17.4893,18.3384,128266008.0,2509165663.0,0.9229209622,34.34124343,682.360507,41.92671843,833.083895,0.030592904191667263
CN,000063,2018-12-03,21.28,21.65,20.8,21.44,19.6397,19.9812,19.1967,19.7874,234759423.0,4989895434.0,0.9229209622,34.34124343,736.276259,41.92671843,898.908843,0.05599279690633303
CN,000063,2018-12-04,21.39,21.53,20.96,21.27,19.7412,19.8705,19.3444,19.6305,124492677.0,2645509683.0,0.9229209622,34.34124343,730.438248,41.92671843,891.781301,0.029692921760106374
CN,000063,2018-12-05,20.77,21.22,20.71,21.09,19.169,19.5844,19.1137,19.4644,96813190.0,2031617256.0,0.9229209622,34.34124343,724.256824,41.92671843,884.234492,0.023091048769208432
CN,000063,2018-12-06,19.88,20.29,19.5,19.89,18.3476,18.726,17.9969,18.3569,207556361.0,4130673330.0,0.9229209622,34.34124343,683.047332,41.92671843,833.92243,0.049504556705655824
CN,000063,2018-12-07,20.06,20.35,19.91,19.99,18.5138,18.7814,18.3753,18.4492,99109412.0,1994123874.0,0.9229209622,34.34124343,686.481456,41.92671843,838.115101,0.02363872387615336
CN,000063,2018-12-10,19.6,20.3,19.55,20.04,18.0892,18.7353,18.0431,18.4953,89385943.0,1787267716.0,0.9229209622,34.34124343,688.198518,41.92671843,840.211437,0.021319565744034312
CN,000063,2018-12-11,20.1,20.47,20.09,20.34,18.5507,18.8922,18.5415,18.7722,93752017.0,1899943325.0,0.9229209622,34.34124343,698.500891,41.92671843,852.789453,0.022360924133980692
CN,000063,2018-12-12,20.41,20.54,19.9,20.0,18.8368,18.9568,18.3661,18.4584,80358953.0,1617164916.0,0.9229209622,34.34124343,686.824869,41.92671843,838.534369,0.019166525788123792
CN,000063,2018-12-13,20.01,20.38,19.78,20.2,18.4676,18.8091,18.2553,18.643,88321127.0,1780996069.0,0.9229209622,34.34124343,693.693117,41.92671843,846.919712,0.021065594997008687
CN,000063,2018-12-14,20.01,20.09,19.6,19.65,18.4676,18.5415,18.0892,18.1354,78788001.0,1561718688.0,0.9229209622,34.34124343,674.805433,41.92671843,823.860017,0.018791835838891817
CN,000063,2018-12-17,19.65,19.71,18.83,19.25,18.1354,18.1907,17.3786,17.7662,97595431.0,1867689328.0,0.9229209622,34.34124343,661.068936,41.92671843,807.08933,0.02327762215946935
CN,000063,2018-12-18,19.01,19.39,18.91,19.1,17.5447,17.8954,17.4524,17.6278,62414685.0,1192302972.0,0.9229209622,34.34124343,655.91775,41.92671843,800.800322,0.014886613438207975
CN,000063,2018-12-19,19.2,19.35,18.91,19.02,17.7201,17.8585,17.4524,17.5539,55688527.0,1064713665.0,0.9229209622,34.34124343,653.17045,41.92671843,797.446185,0.013282348126762279
CN,000063,2018-12-20,18.99,19.36,18.86,19.36,17.5262,17.8677,17.4063,17.8677,69523522.0,1330913478.0,0.9229209622,34.34124343,664.846473,41.92671843,811.701269,0.016582152050863476
CN,000063,2018-12-21,19.23,19.53,19.04,19.24,17.747700000000002,18.0246,17.572400000000002,17.757,64081904.0,1233241738.0,0.9229209622,34.34124343,660.725524,41.92671843,806.670063,0.015284264163671632
CN,000063,2018-12-24,19.36,20.26,19.22,20.26,17.8677,18.6984,17.7385,18.6984,145701490.0,2900552558.0,0.9229209622,34.34124343,695.753592,41.92671843,849.435315,0.03475146528418632
CN,000063,2018-12-25,19.97,20.65,19.7,20.36,18.4307,19.0583,18.1815,18.7906,135472770.0,2732447080.0,0.9229209622,34.34124343,699.187716,41.92671843,853.627987,0.03231179903244338
CN,000063,2018-12-26,20.22,20.33,19.72,19.86,18.6614,18.763,18.2,18.3292,83237618.0,1666645324.0,0.9229209622,34.34124343,682.017095,41.92671843,832.664628,0.0198531201861104
CN,000063,2018-12-27,20.22,20.46,19.9,19.9,18.6614,18.8829,18.3661,18.3661,81725268.0,1647413205.0,0.9229209622,34.34124343,683.390744,41.92671843,834.341697,0.01949240748150773
CN,000063,2018-12-28,19.73,19.87,19.01,19.59,18.2092,18.3384,17.5447,18.08,73837264.0,1443105049.0,0.9229209622,34.34124343,672.744959,41.92671843,821.344414,0.01761102866261217
CN,000063,2019-01-02,19.6,20.06,19.4,19.56,18.0892,18.5138,17.9046,18.0523,64968272.0,1280972083.0,0.9229209622,34.34124343,671.714721,41.92671843,820.086612,0.01549567302971009
CN,000063,2019-01-03,19.59,19.6,18.72,18.78,18.08,18.0892,17.2771,17.3324,94860012.0,1810713994.0,0.9229209622,34.34124343,644.928552,41.92671843,787.383772,0.022625193564427503
CN,000063,2019-01-04,18.51,19.27,18.24,19.2,17.0832,17.7847,16.8341,17.7201,77189145.0,1459623167.0,0.9229209622,34.34124343,659.351874,41.92671843,804.992994,0.018410490467760655
CN,000063,2019-01-07,19.45,20.15,19.2,20.02,17.9508,18.5968,17.7201,18.4768,124849276.0,2470029122.0,0.9229209622,34.34124343,687.511693,41.92671843,839.372903,0.0297779746841971
CN,000063,2019-01-08,19.92,20.26,19.73,19.9,18.3846,18.6984,18.2092,18.3661,83061720.0,1660115078.0,0.9229209622,34.34124343,683.390744,41.92671843,834.341697,0.019811166509174374
CN,000063,2019-01-09,19.95,20.35,19.79,19.92,18.4122,18.7814,18.2646,18.3846,98407244.0,1981761729.0,0.9229209622,34.34124343,684.077569,41.92671843,835.180231,0.023471248808632314
CN,000063,2019-01-10,19.9,20.35,19.78,20.07,18.3661,18.7814,18.2553,18.523,84904964.0,1704608232.0,0.9229209622,34.34124343,689.228756,41.92671843,841.469239,0.02025080120252092
CN,000063,2019-01-11,20.29,21.27,20.29,20.51,18.726,19.6305,18.726,18.9291,151834299.0,3141167857.0,0.9229209622,34.34124343,704.338903,41.92671843,859.916995,0.036214210099342614
CN,000063,2019-01-14,20.2,20.47,19.9,20.09,18.643,18.8922,18.3661,18.5415,76204961.0,1533016230.0,0.9229209622,34.34124343,689.915581,41.92671843,842.307773,0.018175751371343373
CN,000063,2019-01-15,20.07,20.8,19.9,20.6,18.523,19.1967,18.3661,19.0121,97565498.0,1985090241.0,0.9229209622,34.34124343,707.429615,41.92671843,863.6904,0.023270482797954573
CN,000063,2019-01-16,20.55,20.61,20.22,20.31,18.966,19.0214,18.6614,18.7445,61508709.0,1253685527.0,0.9229209622,34.34124343,697.470654,41.92671843,851.531651,0.014670527840783364
CN,000063,2019-01-17,20.24,20.48,19.9,20.01,18.6799,18.9014,18.3661,18.4676,64369144.0,1294498777.0,0.9229209622,34.34124343,687.168281,41.92671843,838.953636,0.015352774176082828
CN,000063,2019-01-18,19.85,20.08,19.67,19.98,18.32,18.5322,18.1538,18.4399,70848056.0,1408714561.0,0.9229209622,34.34124343,686.138044,41.92671843,837.695834,0.01689806849975308
CN,000063,2019-01-21,20.06,21.16,20.01,21.04,18.5138,19.529,18.4676,19.4182,185582442.0,3857031667.0,0.9229209622,34.34124343,722.539762,41.92671843,882.138156,0.0442635266840272
CN,000063,2019-01-22,21.0,21.09,20.24,20.44,19.3813,19.4644,18.6799,18.8645,108159491.0,2228177094.0,0.9229209622,34.34124343,701.935016,41.92671843,856.982125,0.025797270821607682
CN,000063,2019-01-23,20.36,20.69,20.08,20.45,18.7906,19.0952,18.5322,18.8737,59412582.0,1208834458.0,0.9229209622,34.34124343,702.278428,41.92671843,857.401392,0.014170577670941275
CN,000063,2019-01-24,20.5,20.72,20.12,20.37,18.9199,19.1229,18.5691,18.7999,66569135.0,1361121122.0,0.9229209622,34.34124343,699.531129,41.92671843,854.047254,0.015877497093206204
CN,000063,2019-01-25,20.4,20.67,20.2,20.32,18.8276,19.0767,18.643,18.7537,50864961.0,1039203431.0,0.9229209622,34.34124343,697.814066,41.92671843,851.950919,0.012131872682791311
CN,000063,2019-01-28,20.35,20.55,20.12,20.24,18.7814,18.966,18.5691,18.6799,48450074.0,984143469.0,0.9229209622,34.34124343,695.066767,41.92671843,848.596781,0.01155589462144319
CN,000063,2019-01-29,20.1,20.2,19.7,19.98,18.5507,18.643,18.1815,18.4399,56953024.0,1138035224.0,0.9229209622,34.34124343,686.138044,41.92671843,837.695834,0.013583945067174197
CN,000063,2019-01-30,19.98,20.14,19.68,19.71,18.4399,18.5876,18.1631,18.1907,42983102.0,855841380.0,0.9229209622,34.34124343,676.865908,41.92671843,826.37562,0.010251959516403297
CN,000063,2019-01-31,19.76,20.38,19.76,20.11,18.2369,18.8091,18.2369,18.5599,72309890.0,1455730506.0,0.9229209622,34.34124343,690.602405,41.92671843,843.146308,0.017246732562847037
CN,000063,2019-02-01,20.22,20.53,19.9,20.41,18.6614,18.9475,18.3661,18.8368,70510637.0,1431662951.0,0.9229209622,34.34124343,700.904778,41.92671843,855.724323,0.016817590224172476
CN,000063,2019-02-11,20.2,20.99,20.16,20.87,18.643,19.3721,18.6061,19.2613,91280970.0,1892104759.0,0.9229209622,34.34124343,716.70175,41.92671843,875.010614,0.021771551272824
CN,000063,2019-02-12,20.93,21.13,20.6,21.06,19.3167,19.5013,19.0121,19.4367,83772798.0,1748096742.0,0.9229209622,34.34124343,723.226587,41.92671843,882.97669,0.019980766713203507
CN,000063,2019-02-13,21.11,23.17,20.95,22.95,19.4828,21.384,19.3352,21.181,241223775.0,5425809897.0,0.9229209622,34.34124343,788.131537,41.92671843,962.218188,0.057534618504126986
CN,000063,2019-02-14,22.7,23.12,22.55,22.85,20.9503,21.3379,20.8118,21.0887,131190840.0,2993458435.0,0.9229209622,34.34124343,784.697412,41.92671843,958.025516,0.03129050994511616
CN,000063,2019-02-15,22.75,23.7,22.55,23.0,20.9964,21.8732,20.8118,21.2271,137275390.0,3181426148.0,0.9229209622,34.34124343,789.848599,41.92671843,964.314524,0.03274174443897683
CN,000063,2019-02-18,23.45,24.15,23.25,24.14,21.6425,22.2885,21.4579,22.2793,149321572.0,3542446872.0,0.9229209622,34.34124343,828.997616,41.92671843,1012.110983,0.03561489608334224
CN,000063,2019-02-19,24.46,24.88,23.62,24.06,22.5746,22.9622,21.7994,22.2054,134140003.0,3249401362.0,0.9229209622,34.34124343,826.250317,41.92671843,1008.756845,0.03199391891925848
CN,000063,2019-02-20,24.07,24.25,23.42,24.0,22.2147,22.3808,21.6148,22.1501,99473005.0,2367535040.0,0.9229209622,34.34124343,824.189842,41.92671843,1006.241242,0.023725444948923945
CN,000063,2019-02-21,23.96,26.3,23.85,25.31,22.1132,24.2728,22.0116,23.3591,182132652.0,4578937393.0,0.9229209622,34.34124343,869.176871,41.92671843,1061.165243,0.04344071246694038
CN,000063,2019-02-22,25.5,27.84,25.32,27.84,23.5344,25.6941,23.3683,25.6941,209837985.0,5639532742.0,0.9229209622,34.34124343,956.060217,41.92671843,1167.239841,0.05004875002329153
CN,000063,2019-02-25,30.6,30.6,29.1,30.31,28.2413,28.2413,26.857,27.9737,319050439.0,9535512450.0,0.9229209622,34.34124343,1040.883088,41.92671843,1270.798836,0.07609716451638832
CN,000063,2019-02-26,30.18,32.78,28.6,29.9,27.8537,30.2533,26.3955,27.5953,323961947.0,9695547253.0,0.9229209622,34.34124343,1026.803179,41.92671843,1253.608881,0.07726861512924754
CN,000063,2019-02-27,29.38,30.84,28.92,29.45,27.1154,28.4628,26.6908,27.18,197281411.0,5845175619.0,0.9229209622,34.34124343,1011.349619,41.92671843,1234.741858,0.04705386407223285
CN,000063,2019-02-28,29.47,30.22,29.12,29.8,27.1984,27.8906,26.8754,27.503,142157068.0,4227512292.0,0.9229209622,34.34124343,1023.369054,41.92671843,1249.416209,0.03390608025699473
CN,000063,2019-03-01,30.03,30.15,28.8,29.73,27.7153,27.826,26.5801,27.4384,123594069.0,3639214295.0,0.9229209622,34.34124343,1020.965167,41.92671843,1246.481339,0.02947859351462246
CN,000063,2019-03-04,30.11,31.55,29.9,30.31,27.7891,29.1181,27.5953,27.9737,215949122.0,6625920756.0,0.9229209622,34.34124343,1040.883088,41.92671843,1270.798836,0.05150632581954733
CN,000063,2019-03-05,30.22,31.7,29.65,31.65,27.8906,29.2565,27.3646,29.2104,190656650.0,5891722080.0,0.9229209622,34.34124343,1086.900355,41.92671843,1326.980638,0.04547378310046289
CN,000063,2019-03-06,32.43,32.87,30.55,31.3,29.9303,30.3364,28.1952,28.8874,214088201.0,6751041464.0,0.9229209622,34.34124343,1074.880919,41.92671843,1312.306287,0.05106247496031375
CN,000063,2019-03-07,30.67,31.12,30.0,30.4,28.3059,28.7213,27.6876,28.0568,168828770.0,5146121980.0,0.9229209622,34.34124343,1043.9738,41.92671843,1274.57224,0.040267585044098574
CN,000063,2019-03-08,29.1,31.01,28.88,29.21,26.857,28.6197,26.6539,26.9585,173942666.0,5194094640.0,0.9229209622,34.34124343,1003.107721,41.92671843,1224.679445,0.04148730750068388
CN,000063,2019-03-11,29.8,30.5,29.3,30.4,27.503,28.149,27.0415,28.0568,137070511.0,4115511435.0,0.9229209622,34.34124343,1043.9738,41.92671843,1274.57224,0.03269287846337179
CN,000063,2019-03-12,30.66,31.1,30.31,31.09,28.2967,28.7028,27.9737,28.6936,172761725.0,5304924988.0,0.9229209622,34.34124343,1067.669258,41.92671843,1303.501676,0.04120563961819227
CN,000063,2019-03-13,29.84,30.15,28.35,28.68,27.5399,27.826,26.1648,26.4693,228662990.0,6672629798.0,0.9229209622,34.34124343,984.906862,41.92671843,1202.458285,0.05453872818159406
CN,000063,2019-03-14,28.5,28.56,27.49,28.25,26.3032,26.3586,25.3711,26.0725,124268897.0,3492281654.0,0.9229209622,34.34124343,970.140127,41.92671843,1184.429796,0.029639547680669745
CN,000063,2019-03-15,28.55,28.83,28.24,28.38,26.3494,26.6078,26.0632,26.1925,76649889.0,2186036621.0,0.9229209622,34.34124343,974.604489,41.92671843,1189.880269,0.018281871768231303
CN,000063,2019-03-18,28.38,29.21,27.77,29.19,26.1925,26.9585,25.6295,26.94,93048159.0,2667785958.0,0.9229209622,34.34124343,1002.420896,41.92671843,1223.840911,0.022193045982206148
CN,000063,2019-03-19,29.0,29.62,28.84,29.03,26.7647,27.3369,26.617,26.7924,79810377.0,2327365974.0,0.9229209622,34.34124343,996.926297,41.92671843,1217.132636,0.01903568416241538
CN,000063,2019-03-20,28.92,29.45,28.72,28.98,26.6908,27.18,26.5062,26.7462,64278411.0,1865223205.0,0.9229209622,34.34124343,995.209235,41.92671843,1215.0363,0.015331133321897809
CN,000063,2019-03-21,29.17,29.29,28.88,28.9,26.9216,27.0323,26.6539,26.6724,69907815.0,2032478249.0,0.9229209622,34.34124343,992.461935,41.92671843,1211.682163,0.01667381030946094
CN,000063,2019-03-22,28.8,28.84,27.7,28.22,26.5801,26.617,25.5649,26.0448,103682659.0,2922366416.0,0.9229209622,34.34124343,969.10989,41.92671843,1183.171994,0.024729495386839412
CN,000063,2019-03-25,27.51,28.77,27.4,28.33,25.3895,26.5524,25.288,26.1463,89468966.0,2521582213.0,0.9229209622,34.34124343,972.887426,41.92671843,1187.783933,0.021339367675382363
CN,000063,2019-03-26,28.45,28.58,27.05,27.13,26.2571,26.377,24.965,25.0388,83267926.0,2308121672.0,0.9229209622,34.34124343,931.677934,41.92671843,1137.471871,0.019860348989397404
CN,000063,2019-03-27,27.35,27.63,26.2,26.67,25.2418,25.5003,24.1805,24.6143,87658664.0,2351069569.0,0.9229209622,34.34124343,915.880962,41.92671843,1118.185581,0.020907590024330937
CN,000063,2019-03-28,28.3,29.34,27.91,29.34,26.1186,27.0785,25.7587,27.0785,253081906.0,7339752723.0,0.9229209622,34.33568341,1007.408951,41.92671843,1230.129919,0.06036291784260207
CN,000063,2019-03-29,28.5,29.34,27.66,29.2,26.3032,27.0785,25.528,26.9492,235503539.0,6751746118.0,0.9229209622,34.33568341,1002.601956,41.92671843,1224.260178,0.05617027704975097
CN,000063,2019-04-01,29.7,30.55,29.7,30.0,27.4107,28.1952,27.4107,27.6876,182826153.0,5522608910.0,0.9229209622,34.33568341,1030.070502,41.92671843,1257.801553,0.04360612035622174
CN,000063,2019-04-02,30.01,30.4,29.49,29.9,27.6968,28.0568,27.2169,27.5953,128024176.0,3840289196.0,0.9229209622,34.33568341,1026.636934,41.92671843,1253.608881,0.030535224504571367
CN,000063,2019-04-03,29.81,29.96,29.33,29.85,27.5122,27.6507,27.0692,27.5491,87520010.0,2589373797.0,0.9229209622,34.33568341,1024.92015,41.92671843,1251.512545,0.020874519465701003
CN,000063,2019-04-04,30.17,30.3,29.5,29.98,27.8445,27.9645,27.2261,27.6691,87128213.0,2604759888.0,0.9229209622,34.33568341,1029.383789,41.92671843,1256.963019,0.02078107141761345
CN,000063,2019-04-08,30.05,30.25,29.1,29.24,27.7337,27.9183,26.857,26.9862,85599096.0,2531008655.0,0.9229209622,34.33568341,1003.975383,41.92671843,1225.937247,0.020416359592491006
CN,000063,2019-04-09,29.24,30.8,29.19,30.2,26.9862,28.4259,26.94,27.8722,135421968.0,4101178201.0,0.9229209622,34.33568341,1036.937639,41.92671843,1266.186897,0.03229968217667638
CN,000063,2019-04-10,30.15,32.25,29.8,31.5,27.826,29.7642,27.503,29.072,180456820.0,5597662634.0,0.9229209622,34.33568341,1081.574027,41.92671843,1320.691631,0.04304100744285223
CN,000063,2019-04-11,31.0,31.25,30.1,30.39,28.610500000000002,28.8412,27.7799,28.0475,107272560.0,3279963786.0,0.9229209622,34.33568341,1043.461419,41.92671843,1274.152973,0.02558572767365519
CN,000063,2019-04-12,30.2,31.0,30.1,30.26,27.8722,28.610500000000002,27.7799,27.9275,57095516.0,1739784012.0,0.9229209622,34.33568341,1038.99778,41.92671843,1268.7025,0.01361793103252894
CN,000063,2019-04-15,30.82,31.99,30.35,30.5,28.4444,29.5242,28.0106,28.149,104854183.0,3269118762.0,0.9229209622,34.33568341,1047.238344,41.92671843,1278.764912,0.02500891720754688
CN,000063,2019-04-16,30.31,33.55,30.1,33.55,27.9737,30.964,27.7799,30.964,230420437.0,7457506901.0,0.9229209622,34.33568341,1151.962178,41.92671843,1406.641403,0.05495789931298947
CN,000063,2019-04-17,34.0,34.75,32.98,34.08,31.3793,32.0715,30.4379,31.4531,231098433.0,7818625947.0,0.9229209622,34.33568341,1170.160091,41.92671843,1428.862564,0.055119609083128525
CN,000063,2019-04-18,33.5,35.62,33.3,34.09,30.9178,32.8744,30.7332,31.4623,179225682.0,6168612188.0,0.9229209622,34.33568341,1170.503447,41.92671843,1429.281831,0.04274736700398615
CN,000063,2019-04-19,33.95,36.9,33.6,36.49,31.3331,34.0557,31.0101,33.6773,190480098.0,6709298041.0,0.9229209622,34.33568341,1252.909088,41.92671843,1529.905956,0.0454316734370761
CN,000063,2019-04-22,36.5,38.5,35.66,36.76,33.6866,35.5324,32.9113,33.9265,223585984.0,8304027612.0,0.9229209622,34.33568341,1262.179722,41.92671843,1541.226169,0.053327804410281864
CN,000063,2019-04-23,36.31,37.16,35.2,35.53,33.5112,34.2957,32.4868,32.7913,160132702.0,5771173176.0,0.9229209622,34.33568341,1219.946832,41.92671843,1489.656306,0.038193473755250916
CN,000063,2019-04-24,35.45,35.8,33.98,35.02,32.7175,33.0405,31.3608,32.3206,165363670.0,5768980821.0,0.9229209622,34.33568341,1202.435633,41.92671843,1468.273679,0.039441119217591004
CN,000063,2019-04-25,34.95,35.36,33.55,33.65,32.256,32.6344,30.964,31.0562,138754300.0,4776505340.0,0.9229209622,34.33568341,1155.395747,41.92671843,1410.834075,0.03309448132261087
CN,000063,2019-04-26,33.01,35.0,33.01,34.17,30.4656,32.3022,30.4656,31.5362,125139398.0,4281163663.0,0.9229209622,34.33568341,1173.250302,41.92671843,1432.635969,0.029847172086441776
CN,000063,2019-04-29,34.2,34.45,32.99,33.85,31.5638,31.7946,30.4471,31.2408,116496079.0,3928284239.0,0.9229209622,34.33568341,1162.262883,41.92671843,1419.219419,0.02778564203504252
CN,000063,2019-04-30,32.1,32.44,30.5,32.15,29.6257,29.9395,28.149,29.6719,171484073.0,5458908781.0,0.9229209622,34.33568341,1103.892222,41.92671843,1347.943998,0.040900905060410664
CN,000063,2019-05-06,29.3,30.69,28.94,28.94,27.0415,28.3244,26.7093,26.7093,150720372.0,4457147071.0,0.9229209622,34.33568341,993.674678,41.92671843,1213.359231,0.03594852581931488
CN,000063,2019-05-07,29.2,29.7,27.41,29.01,26.9492,27.4107,25.2972,26.7739,151192833.0,4342408523.0,0.9229209622,34.33568341,996.078176,41.92671843,1216.294102,0.03606121315037534
CN,000063,2019-05-08,27.91,29.77,27.8,28.89,25.7587,27.4753,25.6572,26.6631,120176842.0,3484402811.0,0.9229209622,34.33568341,991.957894,41.92671843,1211.262895,0.028663545944012964
CN,000063,2019-05-09,28.54,29.36,28.18,28.3,26.3401,27.0969,26.0079,26.1186,87892518.0,2527679175.0,0.9229209622,34.33568341,971.69984,41.92671843,1186.526132,0.020963366867536644
CN,000063,2019-05-10,29.15,31.0,28.0,30.88,26.9031,28.610500000000002,25.8417,28.4998,184694804.0,5498287755.0,0.9229209622,34.33568341,1060.285904,41.92671843,1294.697065,0.044051814908520136
CN,000063,2019-05-13,30.02,30.79,29.85,30.21,27.706,28.4167,27.5491,27.8814,107826928.0,3261321161.0,0.9229209622,34.33568341,1037.280996,41.92671843,1266.606164,0.025717950757349554
CN,000063,2019-05-14,29.7,30.69,29.61,29.95,27.4107,28.3244,27.3276,27.6414,104537582.0,3146657207.0,0.9229209622,34.33568341,1028.353718,41.92671843,1255.705217,0.024933404262137478
CN,000063,2019-05-15,30.58,30.72,30.08,30.51,28.2229,28.3521,27.7614,28.1583,110000029.0,3351368828.0,0.9229209622,34.33568341,1047.581701,41.92671843,1279.184179,0.026236260103125842
CN,000063,2019-05-16,30.0,30.13,29.0,29.62,27.6876,27.8076,26.7647,27.3369,128561009.0,3801524645.0,0.9229209622,34.33568341,1017.022943,41.92671843,1241.8694,0.030663265290996444
CN,000063,2019-05-17,29.5,30.21,28.0,28.5,27.2261,27.8814,25.8417,26.3032,129306965.0,3751946990.0,0.9229209622,34.33568341,978.566977,41.92671843,1194.911475,0.030841184295376776
CN,000063,2019-05-20,28.46,28.63,26.5,27.9,26.2663,26.4232,24.4574,25.7495,131207354.0,3613402330.0,0.9229209622,34.33568341,957.965567,41.92671843,1169.755444,0.0312944487222536
CN,000063,2019-05-21,28.0,29.83,27.65,29.2,25.8417,27.5307,25.5187,26.9492,153066366.0,4432717077.0,0.9229209622,34.33568341,1002.601956,41.92671843,1224.260178,0.036508072115292424
CN,000063,2019-05-22,29.23,30.55,28.88,29.48,26.9769,28.1952,26.6539,27.2077,147085402.0,4380299003.0,0.9229209622,34.33568341,1012.215947,41.92671843,1235.999659,0.03508154406254589
CN,000063,2019-05-23,29.18,29.18,28.13,28.24,26.9308,26.9308,25.9617,26.0632,101868940.0,2902048635.0,0.9229209622,34.33568341,969.639699,41.92671843,1184.010528,0.02429690274235946
CN,000063,2019-05-24,28.05,28.58,28.0,28.25,25.8879,26.377,25.8417,26.0725,57492006.0,1624037593.0,0.9229209622,34.33568341,969.983056,41.92671843,1184.429796,0.013712498414581978
CN,000063,2019-05-27,28.27,29.59,28.02,29.29,26.0909,27.3092,25.8602,27.0323,111850048.0,3237514227.0,0.9229209622,34.33568341,1005.692167,41.92671843,1228.033583,0.026677510711157273
CN,000063,2019-05-28,29.5,29.57,28.95,29.3,27.2261,27.2907,26.7185,27.0415,78602573.0,2301643586.0,0.9229209622,34.33568341,1006.035524,41.92671843,1228.45285,0.018747609148384286
CN,000063,2019-05-29,28.9,29.58,28.81,29.16,26.6724,27.3,26.5893,26.9123,61918074.0,1814208747.0,0.9229209622,34.33568341,1001.228528,41.92671843,1222.583109,0.014768166057016164
CN,000063,2019-05-30,28.9,28.97,27.95,28.38,26.6724,26.737,25.7956,26.1925,85955653.0,2435191583.0,0.9229209622,34.33568341,974.446695,41.92671843,1189.880269,0.020501402499103243
CN,000063,2019-05-31,28.41,29.15,28.29,28.76,26.2201,26.9031,26.1094,26.5432,74641299.0,2150445094.0,0.9229209622,34.33568341,987.494255,41.92671843,1205.812422,0.017802800170163474
CN,000063,2019-06-03,29.3,31.19,28.96,30.29,27.0415,28.7859,26.7278,27.9552,189490311.0,5682254398.0,0.9229209622,34.33568341,1040.02785,41.92671843,1269.960301,0.045195597961326064
CN,000063,2019-06-04,30.7,31.51,30.05,30.5,28.3336,29.0812,27.7337,28.149,170128588.0,5254708701.0,0.9229209622,34.33568341,1047.238344,41.92671843,1278.764912,0.04057760644540861
CN,000063,2019-06-05,31.15,32.3,30.66,32.09,28.7489,29.8103,28.2967,29.6165,186200549.0,5870511013.0,0.9229209622,34.33568341,1101.832081,41.92671843,1345.428394,0.04441095224537467
CN,000063,2019-06-06,31.56,31.56,29.29,29.78,29.1273,29.1273,27.0323,27.4845,186174111.0,5652712531.0,0.9229209622,34.33568341,1022.516652,41.92671843,1248.577675,0.04440464648117704
CN,000063,2019-06-10,29.78,31.28,29.78,31.02,27.4845,28.8689,27.4845,28.629,138303781.0,4260738804.0,0.9229209622,34.33568341,1065.092899,41.92671843,1300.566806,0.0329870274085269
CN,000063,2019-06-11,31.01,31.96,30.35,31.62,28.6197,29.4965,28.0106,29.1827,172058441.0,5375654035.0,0.9229209622,34.33568341,1085.694309,41.92671843,1325.722837,0.04103789837195708
CN,000063,2019-06-12,31.01,32.1,31.0,31.47,28.6197,29.6257,28.610500000000002,29.0443,123172331.0,3895676285.0,0.9229209622,34.33568341,1080.543957,41.92671843,1319.433829,0.02937800419692899
CN,000063,2019-06-13,31.35,31.88,31.0,31.22,28.9335,29.4227,28.610500000000002,28.8135,78901694.0,2471342864.0,0.9229209622,34.33568341,1071.960036,41.92671843,1308.952149,0.018818952914650994
CN,000063,2019-06-14,31.22,31.48,30.08,30.28,28.8135,29.0535,27.7614,27.946,100829453.0,3084025633.0,0.9229209622,34.33568341,1039.684494,41.92671843,1269.541034,0.024048973250397072
CN,000063,2019-06-17,30.28,30.36,29.61,29.92,27.946,28.0198,27.3276,27.6138,60967891.0,1826833806.0,0.9229209622,34.33568341,1027.323648,41.92671843,1254.447415,0.014541536586458766
CN,000063,2019-06-18,29.95,30.23,29.53,30.0,27.6414,27.8999,27.2538,27.6876,52040628.0,1558917111.0,0.9229209622,34.33568341,1030.070502,41.92671843,1257.801553,0.012412282656198334
CN,000063,2019-06-19,31.5,31.8,30.9,30.97,29.072,29.3488,28.5182,28.5828,156132312.0,4893026524.0,0.9229209622,34.33568341,1063.376115,41.92671843,1298.47047,0.03723933516539706
CN,000063,2019-06-20,30.8,32.16,30.5,31.97,28.4259,29.6811,28.149,29.5057,176805005.0,5579422590.0,0.9229209622,34.33568341,1097.711799,41.92671843,1340.397188,0.04217000796167486
CN,000063,2019-06-21,32.0,32.32,31.62,31.93,29.5334,29.8288,29.1827,29.4688,136264228.0,4352108457.0,0.9229209622,34.33568341,1096.338371,41.92671843,1338.720119,0.032500570782209914
CN,000063,2019-06-24,31.67,31.79,30.93,31.3,29.2289,29.3396,28.5459,28.8874,105341311.0,3293134324.0,0.9229209622,34.33568341,1074.706891,41.92671843,1312.306287,0.025125102785202642
CN,000063,2019-06-25,31.23,31.83,30.5,31.58,28.8228,29.3765,28.149,29.1458,116312859.0,3622046234.0,0.9229209622,34.33568341,1084.320882,41.92671843,1324.045768,0.02774194197768986
CN,000063,2019-06-26,31.3,31.9,31.05,31.48,28.8874,29.4411,28.6567,29.0535,73898229.0,2335853168.0,0.9229209622,34.33568341,1080.887314,41.92671843,1319.853096,0.017625569509662195
CN,000063,2019-06-27,31.9,33.49,31.87,32.81,29.4411,30.9086,29.4134,30.281,188799660.0,6156590619.0,0.9229209622,34.33568341,1126.553773,41.92671843,1375.615632,0.045030869829513626
CN,000063,2019-06-28,32.73,32.76,32.13,32.53,30.2072,30.2348,29.6534,30.0226,91352173.0,2959773407.0,0.9229209622,34.33568341,1116.939781,41.92671843,1363.876151,0.02178853399951149
CN,000063,2019-07-01,34.52,34.52,33.52,33.9,31.8592,31.8592,30.9363,31.287,149982319.0,5099453729.0,0.9229209622,34.33568341,1163.979668,41.92671843,1421.315755,0.03577249177047029
CN,000063,2019-07-02,33.9,34.32,33.6,34.08,31.287,31.6746,31.0101,31.4531,104221771.0,3538612156.0,0.9229209622,34.33568341,1170.160091,41.92671843,1428.862564,0.024858079740728234
CN,000063,2019-07-03,33.83,34.08,33.03,33.2,31.2224,31.4531,30.484,30.6409,88254326.0,2954994050.0,0.9229209622,34.33568341,1139.944689,41.92671843,1391.967052,0.02104966219747144
CN,000063,2019-07-04,33.2,33.72,32.91,33.24,30.6409,31.1208,30.3733,30.6778,64136391.0,2136329110.0,0.9229209622,34.33568341,1141.318117,41.92671843,1393.644121,0.015297259933920376
CN,000063,2019-07-05,33.29,33.55,33.14,33.28,30.724,30.964,30.5856,30.7148,50399860.0,1680176373.0,0.9229209622,34.33568341,1142.691544,41.92671843,1395.321189,0.01202094079558041
CN,000063,2019-07-08,33.22,33.22,32.13,32.26,30.6594,30.6594,29.6534,29.7734,74405242.0,2428028108.0,0.9229209622,34.33568341,1107.669147,41.92671843,1352.555937,0.01774649788635986
CN,000063,2019-07-09,32.4,32.69,31.38,32.18,29.9026,30.1702,28.9612,29.6995,69049162.0,2213784172.0,0.9229209622,34.33568341,1104.922292,41.92671843,1349.201799,0.016469011786668465
CN,000063,2019-07-10,32.38,32.5,31.78,32.44,29.8841,29.9949,29.3304,29.9395,51306415.0,1651256700.0,0.9229209622,34.33568341,1113.84957,41.92671843,1360.102746,0.012237164491101337
CN,000063,2019-07-11,32.6,32.7,32.04,32.06,30.0872,30.1795,29.5703,29.5888,50856399.0,1645323946.0,0.9229209622,34.33568341,1100.80201,41.92671843,1344.170593,0.012129830548247848
CN,000063,2019-07-12,32.19,32.36,31.78,32.2,29.7088,29.8657,29.3304,29.718,46976589.0,1511139643.0,0.9229209622,34.33568341,1105.609006,41.92671843,1350.040333,0.011204451662114019
CN,000063,2019-07-15,32.02,33.28,31.73,32.87,29.5519,30.7148,29.2842,30.3364,77361143.0,2525272380.0,0.9229209622,34.33568341,1128.613914,41.92671843,1378.131235,0.018451513950265532
CN,000063,2019-07-16,32.78,33.28,32.67,32.93,30.2533,30.7148,30.1518,30.3917,61354279.0,2024922472.0,0.9229209622,34.33568341,1130.674055,41.92671843,1380.646838,0.014633694526423732
CN,000063,2019-07-17,32.91,32.99,32.44,32.51,30.3733,30.4471,29.9395,30.0041,52700121.0,1720294847.0,0.9229209622,34.33568341,1116.253068,41.92671843,1363.037616,0.012569579250040055
CN,000063,2019-07-18,32.2,32.22,31.36,31.36,29.718,29.7365,28.9428,28.9428,78588484.0,2484332336.0,0.9229209622,34.33568341,1076.767032,41.92671843,1314.82189,0.018744248761373906
CN,000063,2019-07-19,31.27,31.75,31.01,31.22,28.8597,29.3027,28.6197,28.8135,64388529.0,2018919551.0,0.9229209622,34.33568341,1071.960036,41.92671843,1308.952149,0.015357397719428432
CN,000063,2019-07-22,31.21,31.76,30.41,31.28,28.8043,29.3119,28.066,28.8689,63732655.0,1989862507.0,0.9229209622,34.33568341,1074.020177,41.92671843,1311.467752,0.015200964298316537
CN,000063,2019-07-23,31.18,31.67,31.11,31.57,28.7766,29.2289,28.712,29.1366,44310247.0,1394765412.0,0.9229209622,34.33568341,1083.977525,41.92671843,1323.626501,0.01056849871853899
CN,000063,2019-07-24,31.86,33.05,31.72,32.71,29.4042,30.5025,29.275,30.1887,119307987.0,3889294394.0,0.9229209622,34.33568341,1123.120204,41.92671843,1371.42296,0.028456314127993154
CN,000063,2019-07-25,32.85,33.46,32.66,33.15,30.3179,30.8809,30.1426,30.5948,97126435.0,3212494111.0,0.9229209622,34.33568341,1138.227905,41.92671843,1389.870716,0.02316576127038426
CN,000063,2019-07-26,33.1,33.65,32.94,33.4,30.5486,31.0562,30.401,30.8255,79024603.0,2632298892.0,0.9229209622,34.33568341,1146.811826,41.92671843,1400.352396,0.018848268111404397
CN,000063,2019-07-29,33.49,34.01,33.18,33.34,30.9086,31.3885,30.6225,30.7701,73504028.0,2465521138.0,0.9229209622,34.33568341,1144.751685,41.92671843,1397.836792,0.017531548080186823
CN,000063,2019-07-30,33.41,33.9,33.13,33.33,30.8347,31.287,30.5763,30.7609,65674160.0,2197231321.0,0.9229209622,34.33568341,1144.408328,41.92671843,1397.417525,0.015664035359611615
CN,000063,2019-07-31,33.3,33.44,32.89,32.92,30.7332,30.8624,30.3548,30.3825,60130700.0,1990274208.0,0.9229209622,34.33568341,1130.330698,41.92671843,1380.227571,0.01434185699517433
CN,000063,2019-08-01,32.78,33.09,32.63,32.73,30.2533,30.5394,30.1149,30.2072,44568068.0,1461778331.0,0.9229209622,34.33568341,1123.806918,41.92671843,1372.261494,0.010629991964291206
CN,000063,2019-08-02,31.61,31.91,30.82,31.4,29.1735,29.4504,28.4444,28.9797,102509620.0,3225287543.0,0.9229209622,34.33568341,1078.140459,41.92671843,1316.498959,0.02444971222137215
CN,000063,2019-08-05,31.39,31.93,30.9,31.13,28.9704,29.4688,28.5182,28.7305,75486248.0,2368615987.0,0.9229209622,34.33568341,1068.869825,41.92671843,1305.178745,0.01800433013283172
CN,000063,2019-08-06,30.39,30.79,29.57,30.5,28.0475,28.4167,27.2907,28.149,99269336.0,2991190745.0,0.9229209622,34.58143616,1054.733803,42.17247118,1286.260371,0.02353889473924824
CN,000063,2019-08-07,30.69,30.97,30.11,30.17,28.3244,28.5828,27.7891,27.8445,60518725.0,1847940272.0,0.9229209622,34.58143616,1043.321929,42.17247118,1272.343455,0.014350291388354919
CN,000063,2019-08-08,30.28,30.49,30.02,30.24,27.946,28.1398,27.706,27.9091,51686564.0,1563475397.0,0.9229209622,34.58143616,1045.742629,42.17247118,1275.295528,0.012255996045238153
CN,000063,2019-08-09,30.33,30.53,27.22,27.9,27.9921,28.1767,25.1219,25.7495,226458991.0,6421481867.0,0.9229209622,34.58143616,964.822069,42.17247118,1176.611946,0.0536982976485847
CN,000063,2019-08-12,27.87,28.75,27.4,28.75,25.7218,26.5339,25.288,26.5339,107893251.0,3044374168.0,0.9229209622,34.58143616,994.21629,42.17247118,1212.458546,0.02558381047662382
CN,000063,2019-08-13,28.39,28.9,28.04,28.32,26.2017,26.6724,25.8787,26.1371,65657218.0,1865142093.0,0.9229209622,34.58143616,979.346272,42.17247118,1194.324384,0.015568738601957354
CN,000063,2019-08-14,29.47,29.5,28.57,28.67,27.1984,27.2261,26.3678,26.4601,88479707.0,2567049334.0,0.9229209622,34.58143616,991.449775,42.17247118,1209.084749,0.020980441630359305
CN,000063,2019-08-15,27.23,28.64,27.0,28.37,25.1311,26.4324,24.9188,26.1832,113697832.0,3150003816.0,0.9229209622,34.58143616,981.075344,42.17247118,1196.433007,0.026960201481842593
CN,000063,2019-08-16,28.1,28.66,28.01,28.18,25.934,26.4509,25.851,26.0079,82850780.0,2345511006.0,0.9229209622,34.58143616,974.504871,42.17247118,1188.420238,0.019645701966663837
CN,000063,2019-08-19,29.07,30.13,28.62,29.96,26.8293,27.8076,26.414,27.6507,166797902.0,4916259150.0,0.9229209622,34.58143616,1036.059827,42.17247118,1263.487237,0.03955137020263179
CN,000063,2019-08-20,30.04,30.37,29.7,29.85,27.7245,28.0291,27.4107,27.5491,97900042.0,2940578380.0,0.9229209622,34.58143616,1032.255869,42.17247118,1258.848265,0.023214205679848426
CN,000063,2019-08-21,29.7,30.19,29.4,30.13,27.4107,27.8629,27.1338,27.8076,74194252.0,2208888333.0,0.9229209622,34.58143616,1041.938672,42.17247118,1270.656557,0.017593052985518692
CN,000063,2019-08-22,30.13,30.13,29.47,29.69,27.8076,27.8076,27.1984,27.4015,67966870.0,2023025135.0,0.9229209622,34.58143616,1026.72284,42.17247118,1252.100669,0.01611640676921793
CN,000063,2019-08-23,29.69,29.7,29.11,29.24,27.4015,27.4107,26.8662,26.9862,61911461.0,1818053327.0,0.9229209622,34.58143616,1011.161193,42.17247118,1233.123057,0.014680539050166232
CN,000063,2019-08-26,27.95,28.91,27.8,28.85,25.7956,26.6816,25.6572,26.6262,62580064.0,1787522539.0,0.9229209622,34.58143616,997.674433,42.17247118,1216.675794,0.014839079202377441
CN,000063,2019-08-27,29.05,29.73,29.05,29.71,26.8108,27.4384,26.8108,27.4199,80330758.0,2369288909.0,0.9229209622,34.58143616,1027.414468,42.17247118,1252.944119,0.019048150547577185
CN,000063,2019-08-28,30.51,30.77,29.75,29.79,28.1583,28.3982,27.4569,27.4938,94285365.0,2843834047.0,0.9229209622,34.58690468,1030.34389,42.17247118,1256.317916,0.022357088015443158
CN,000063,2019-08-29,29.8,29.8,29.1,29.18,27.503,27.503,26.857,26.9308,69537490.0,2043476318.0,0.9229209622,34.58690468,1009.245879,42.17247118,1230.592709,0.016488834553517382
CN,000063,2019-08-30,29.46,29.58,28.69,28.81,27.1892,27.3,26.4786,26.5893,65185228.0,1898992375.0,0.9229209622,34.58690468,996.448724,42.17247118,1214.988895,0.015456819620974366
CN,000063,2019-09-02,28.85,29.48,28.85,29.36,26.6262,27.2077,26.6262,27.0969,68978021.0,2018841499.0,0.9229209622,34.58690468,1015.471521,42.17247118,1238.183754,0.016356172420057838
CN,000063,2019-09-03,29.39,29.97,29.07,29.83,27.1246,27.6599,26.8293,27.5307,92376425.0,2732809394.0,0.9229209622,34.58690468,1031.727367,42.17247118,1258.004815,0.021904437282254607
CN,000063,2019-09-04,29.75,29.85,29.28,29.6,27.4569,27.5491,27.0231,27.3184,72144866.0,2132729752.0,0.9229209622,34.58690468,1023.772379,42.17247118,1248.305147,0.01710709948489198
CN,000063,2019-09-05,29.71,31.22,29.71,30.65,27.4199,28.8135,27.4199,28.2875,170296180.0,5219208049.0,0.9229209622,34.58690468,1060.088628,42.17247118,1292.586242,0.04038088716052328
CN,000063,2019-09-06,31.81,33.72,31.81,33.49,29.3581,31.1208,29.3581,30.9086,318911339.0,10587222783.0,0.9229209622,34.58690468,1158.315438,42.17247118,1412.35606,0.07562073790715909
CN,000063,2019-09-09,33.5,36.84,33.27,36.84,30.9178,34.0004,30.7055,34.0004,275024046.0,9604244500.0,0.9229209622,34.58690468,1274.181568,42.17247118,1553.633838,0.06521411676971593
CN,000063,2019-09-10,37.6,37.67,35.62,36.93,34.7018,34.7664,32.8744,34.0834,262426169.0,9615235776.0,0.9229209622,34.58690468,1277.29439,42.17247118,1557.429361,0.06222688916661203
CN,000063,2019-09-11,36.71,37.18,35.21,35.46,33.8804,34.3141,32.496,32.7267,168181583.0,6053082592.0,0.9229209622,34.58690468,1226.45164,42.17247118,1495.435828,0.03987947072918007
CN,000063,2019-09-12,35.83,35.88,35.15,35.74,33.0682,33.1144,32.4406,32.9851,106032387.0,3770090375.0,0.9229209622,34.58690468,1236.135973,42.17247118,1507.24412,0.025142559597096867
CN,000063,2019-09-16,35.89,35.89,34.8,35.29,33.1236,33.1236,32.1176,32.5698,108633927.0,3830006529.0,0.9229209622,34.58690468,1220.571866,42.17247118,1488.266508,0.02575944068734556
CN,000063,2019-09-17,35.2,35.2,33.96,34.4,32.4868,32.4868,31.3423,31.7484,118955131.0,4095331321.0,0.9229209622,34.58690468,1189.789521,42.17247118,1450.733009,0.028206820153430717
CN,000063,2019-09-18,34.56,34.64,34.0,34.02,31.8961,31.9699,31.3793,31.3977,98194479.0,3373420487.0,0.9229209622,34.58690468,1176.646497,42.17247118,1434.70747,0.023284023025562716
CN,000063,2019-09-19,34.17,35.17,33.9,35.0,31.5362,32.4591,31.287,32.3022,101788130.0,3515716759.0,0.9229209622,34.58690468,1210.541664,42.17247118,1476.036491,0.024136154973121972
CN,000063,2019-09-20,34.9,34.96,34.12,34.4,32.2099,32.2653,31.49,31.7484,90691461.0,3118671809.0,0.9229209622,34.58690468,1189.789521,42.17247118,1450.733009,0.02150489607614215
CN,000063,2019-09-23,33.99,33.99,33.01,33.69,31.37,31.37,30.4656,31.0932,89305247.0,2989013926.0,0.9229209622,34.58690468,1165.232819,42.17247118,1420.790554,0.021176194920811846
CN,000063,2019-09-24,33.71,35.1,33.63,34.53,31.1116,32.3945,31.0378,31.8684,119701810.0,4133353374.0,0.9229209622,34.58690468,1194.285819,42.17247118,1456.21543,0.02838387380457035
CN,000063,2019-09-25,34.1,34.43,33.53,33.88,31.4716,31.7761,30.9455,31.2685,66382892.0,2253131133.0,0.9229209622,34.58690468,1171.804331,42.17247118,1428.803324,0.015740811515802665
CN,000063,2019-09-26,34.06,34.14,32.25,32.61,31.4346,31.5085,29.7642,30.0964,94827043.0,3131873822.0,0.9229209622,34.58690468,1127.878962,42.17247118,1375.244285,0.022485531520137967
CN,000063,2019-09-27,32.51,33.38,32.51,33.2,30.0041,30.8071,30.0041,30.6409,58160238.0,1925319077.0,0.9229209622,34.58690468,1148.285235,42.17247118,1400.126043,0.013791043392207495
CN,000063,2019-09-30,32.99,32.99,32.01,32.01,30.4471,30.4471,29.5427,29.5427,58475635.0,1896313622.0,0.9229209622,34.58690468,1107.126819,42.17247118,1349.940802,0.013865830804748208
CN,000063,2019-10-08,32.47,32.59,31.73,31.81,29.9672,30.0779,29.2842,29.3581,48361520.0,1556326985.0,0.9229209622,34.58690468,1100.209438,42.17247118,1341.506308,0.01146755659481845
CN,000063,2019-10-09,31.5,32.2,31.0,32.15,29.072,29.718,28.610500000000002,29.6719,51297191.0,1631135260.0,0.9229209622,34.58690468,1111.968985,42.17247118,1355.844948,0.01216366733195548
CN,000063,2019-10-10,32.2,33.2,31.93,32.87,29.718,30.6409,29.4688,30.3364,89648357.0,2937472726.0,0.9229209622,34.67402057,1139.735056,42.25958707,1389.072627,0.021213732365984523
CN,000063,2019-10-11,33.12,33.24,32.35,32.9,30.5671,30.6778,29.8564,30.3641,65564851.0,2148532740.0,0.9229209622,34.67402057,1140.775277,42.25958707,1390.340415,0.01551478742359609
CN,000063,2019-10-14,33.55,33.9,32.71,32.96,30.964,31.287,30.1887,30.4194,98858813.0,3288079640.0,0.9229209622,34.67402057,1142.855718,42.25958707,1392.87599,0.023393227396246774
CN,000063,2019-10-15,32.99,33.02,32.02,32.05,30.4471,30.4748,29.5519,29.5796,57195402.0,1844906001.0,0.9229209622,34.67402057,1111.302359,42.25958707,1354.419766,0.013534302146696296
CN,000063,2019-10-16,32.22,32.6,31.96,32.01,29.7365,30.0872,29.4965,29.5427,47872549.0,1542039276.0,0.9229209622,34.67402057,1109.915398,42.25958707,1352.729382,0.01132821031135551
CN,000063,2019-10-17,32.0,32.29,31.76,32.16,29.5334,29.8011,29.3119,29.6811,40195076.0,1286731596.0,0.9229209622,34.67402057,1115.116502,42.25958707,1359.06832,0.009511469180571906
CN,000063,2019-10-18,32.15,33.19,32.02,32.53,29.6719,30.6317,29.5519,30.0226,85296820.0,2784781632.0,0.9229209622,34.67402057,1127.945889,42.25958707,1374.704367,0.020184016436012944
CN,000063,2019-10-21,32.46,32.46,31.58,31.98,29.958,29.958,29.1458,29.515,51881816.0,1652259288.0,0.9229209622,34.67402057,1108.875178,42.25958707,1351.461595,0.012276933968630943
CN,000063,2019-10-22,32.1,32.34,31.7,32.16,29.6257,29.8472,29.2565,29.6811,44223823.0,1415152023.0,0.9229209622,34.67402057,1115.116502,42.25958707,1359.06832,0.010464802442756098
CN,000063,2019-10-23,32.09,32.83,31.9,32.32,29.6165,30.2994,29.4411,29.8288,62925802.0,2042622858.0,0.9229209622,34.67402057,1120.664345,42.25958707,1365.829854,0.01489030214511275
CN,000063,2019-10-24,32.1,32.6,31.91,32.2,29.6257,30.0872,29.4504,29.718,35848550.0,1155979619.0,0.9229209622,34.67402057,1116.503462,42.25958707,1360.758704,0.008482939017037585
CN,000063,2019-10-25,32.2,33.35,32.04,33.35,29.718,30.7794,29.5703,30.7794,88136251.0,2893166093.0,0.9229209622,34.67402057,1156.378586,42.25958707,1409.357229,0.020855918647290275
CN,000063,2019-10-28,33.82,33.95,32.89,33.64,31.2131,31.3331,30.3548,31.047,88753560.0,2974951120.0,0.9229209622,34.67402057,1166.434052,42.25958707,1421.612509,0.021001994139929963
CN,000063,2019-10-29,33.0,34.76,32.85,33.74,30.4563,32.0807,30.3179,31.1393,126619346.0,4303889163.0,0.9229209622,34.67402057,1169.901454,42.25958707,1425.838468,0.029962277149150573
CN,000063,2019-10-30,33.32,34.25,32.86,33.23,30.7517,31.61,30.3271,30.6686,73187268.0,2450679098.0,0.9229209622,34.67402057,1152.217704,42.25958707,1404.286078,0.017318500504695064
CN,000063,2019-10-31,33.33,33.99,32.99,33.4,30.7609,31.37,30.4471,30.8255,65813585.0,2201516026.0,0.9229209622,34.67402057,1158.112287,42.25958707,1411.470208,0.01557364602048394
CN,000063,2019-11-01,33.16,34.3,33.03,34.0,30.604,31.6561,30.484,31.3793,84442229.0,2861942989.0,0.9229209622,34.67402057,1178.916699,42.25958707,1436.82596,0.01998179226411452
CN,000063,2019-11-04,34.18,35.18,34.05,34.48,31.5454,32.4683,31.4254,31.8223,98045096.0,3392747307.0,0.9229209622,34.67402057,1195.560229,42.25958707,1457.110562,0.0232006753491451
CN,000063,2019-11-05,34.4,34.72,34.08,34.24,31.7484,32.0438,31.4531,31.6008,70219059.0,2412213429.0,0.9229209622,34.67402057,1187.238464,42.25958707,1446.968261,0.01661612520815386
CN,000063,2019-11-06,34.14,34.37,33.08,33.22,31.5085,31.7207,30.5302,30.6594,80338219.0,2696994585.0,0.9229209622,34.67402057,1151.870963,42.25958707,1403.863482,0.019010649315367292
CN,000063,2019-11-07,33.16,33.52,32.98,33.33,30.604,30.9363,30.4379,30.7609,42600433.0,1419079169.0,0.9229209622,34.67402057,1155.685106,42.25958707,1408.512037,0.010080655291173435
CN,000063,2019-11-08,33.67,33.73,32.74,32.85,31.0747,31.1301,30.2164,30.3179,63896827.0,2121485352.0,0.9229209622,34.67402057,1139.041576,42.25958707,1388.227435,0.015120078408281522
CN,000063,2019-11-11,32.48,32.76,32.2,32.37,29.9764,30.2348,29.718,29.8749,48646575.0,1578594085.0,0.9229209622,34.67402057,1122.398046,42.25958707,1367.942833,0.011511370170139241
CN,000063,2019-11-12,32.21,32.52,31.9,32.49,29.7272,30.0133,29.4411,29.9857,45715344.0,1473292113.0,0.9229209622,34.67402057,1126.558928,42.25958707,1373.013984,0.010817745077413034
CN,000063,2019-11-13,32.4,32.75,32.1,32.56,29.9026,30.2256,29.6257,30.0503,36825581.0,1195172686.0,0.9229209622,34.67402057,1128.98611,42.25958707,1375.972155,0.008714136496175659
CN,000063,2019-11-14,32.56,32.86,32.42,32.77,30.0503,30.3271,29.9211,30.2441,44668933.0,1458327215.0,0.9229209622,34.67402057,1136.267654,42.25958707,1384.846668,0.010570130021859676
CN,000063,2019-11-15,32.65,32.65,31.3,31.34,30.1333,30.1333,28.8874,28.9243,106881911.0,3396414890.0,0.9229209622,34.67402057,1086.683805,42.25958707,1324.415459,0.02529175470242
CN,000063,2019-11-18,31.25,31.61,30.9,31.36,28.8412,29.1735,28.5182,28.9428,45215377.0,1415083444.0,0.9229209622,34.67402057,1087.377285,42.25958707,1325.260651,0.010699436538531231
CN,000063,2019-11-19,31.36,31.97,31.02,31.89,28.9428,29.5057,28.629,29.4319,66197562.0,2088160044.0,0.9229209622,34.67402057,1105.754516,42.25958707,1347.658232,0.0156645075330122
CN,000063,2019-11-20,31.9,31.9,31.25,31.36,29.4411,29.4411,28.8412,28.9428,44809193.0,1414881132.0,0.9229209622,34.67402057,1087.377285,42.25958707,1325.260651,0.010603320123733523
CN,000063,2019-11-21,31.18,31.36,30.93,31.09,28.7766,28.9428,28.5459,28.6936,46962867.0,1459622440.0,0.9229209622,34.67402057,1078.0153,42.25958707,1313.850562,0.011112949807628112
CN,000063,2019-11-22,31.1,31.63,30.45,30.7,28.7028,29.1919,28.1029,28.3336,64714262.0,2001981562.0,0.9229209622,34.67402057,1064.492431,42.25958707,1297.369323,0.015313510255745146
CN,000063,2019-11-25,30.29,30.44,28.96,30.41,27.9552,28.0937,26.7278,28.066,65297336.0,1959900943.0,0.9229209622,34.67402057,1054.436966,42.25958707,1285.114043,0.015451484628053656
CN,000063,2019-11-26,30.41,30.75,30.13,30.4,28.066,28.3798,27.8076,28.0568,39547406.0,1203484727.0,0.9229209622,34.67402057,1054.090225,42.25958707,1284.691447,0.00935820928266349
CN,000063,2019-11-27,30.4,30.64,30.05,30.46,28.0568,28.2783,27.7337,28.1121,42622296.0,1294673487.0,0.9229209622,34.67402057,1056.170667,42.25958707,1287.227022,0.010085828791795622
CN,000063,2019-11-28,30.35,30.7,30.31,30.65,28.0106,28.3336,27.9737,28.2875,36999431.0,1130999327.0,0.9229209622,34.67402057,1062.75873,42.25958707,1295.256344,0.008755275090292074
CN,000063,2019-11-29,30.6,30.71,30.15,30.71,28.2413,28.3429,27.826,28.3429,37841288.0,1151141799.0,0.9229209622,34.67402057,1064.839172,42.25958707,1297.791919,0.008954485981445725
CN,000063,2019-12-02,30.68,30.79,30.42,30.57,28.3152,28.4167,28.0752,28.2137,32676778.0,1000101325.0,0.9229209622,34.67402057,1059.984809,42.25958707,1291.875577,0.0077323940590979376
CN,000063,2019-12-03,30.41,30.72,30.21,30.67,28.066,28.3521,27.8814,28.3059,33969901.0,1034842724.0,0.9229209622,34.67402057,1063.452211,42.25958707,1296.101535,0.008038389240228797
CN,000063,2019-12-04,30.31,31.3,30.31,31.18,27.9737,28.8874,27.9737,28.7766,59621444.0,1837123102.0,0.9229209622,34.68448173,1081.46214,42.27004823,1317.980104,0.014104891405750828
CN,000063,2019-12-05,31.19,32.15,31.04,31.95,28.7859,29.6719,28.6474,29.4873,85215186.0,2711033384.0,0.9229209622,34.68448173,1108.169191,42.27004823,1350.528041,0.02015970872243313
CN,000063,2019-12-06,31.95,32.1,31.45,31.91,29.4873,29.6257,29.0258,29.4504,48176282.0,1531616976.0,0.9229209622,34.68448173,1106.781812,42.27004823,1348.837239,0.011397262131773063
CN,000063,2019-12-09,31.9,31.94,31.5,31.6,29.4411,29.478,29.072,29.1643,44010443.0,1393796231.0,0.9229209622,34.68448173,1096.029623,42.27004823,1335.733524,0.010411732383301328
CN,000063,2019-12-10,31.57,32.3,31.34,32.08,29.1366,29.8103,28.9243,29.6073,63615020.0,2033936781.0,0.9229209622,34.68448173,1112.678174,42.27004823,1356.023147,0.015049668184398
CN,000063,2019-12-11,31.98,32.36,31.65,31.85,29.515,29.8657,29.2104,29.395,39200002.0,1251846966.0,0.9229209622,34.68448173,1104.700743,42.27004823,1346.301036,0.0092737064757307
CN,000063,2019-12-12,31.85,33.11,31.66,32.85,29.395,30.5579,29.2196,30.3179,120946876.0,3940298431.0,0.9229209622,34.68448173,1139.385225,42.27004823,1388.571084,0.028612902294765135
CN,000063,2019-12-13,33.31,33.54,32.61,33.2,30.7425,30.9547,30.0964,30.6409,105139898.0,3486987057.0,0.9229209622,34.68448173,1151.524793,42.27004823,1403.365601,0.02487338018350778
CN,000063,2019-12-16,33.4,33.7,32.89,33.55,30.8255,31.1024,30.3548,30.964,88707147.0,2956173835.0,0.9229209622,34.68448173,1163.664362,42.27004823,1418.160118,0.02098581636749649
CN,000063,2019-12-17,33.62,33.95,33.2,33.59,31.0286,31.3331,30.6409,31.0009,93164551.0,3128343459.0,0.9229209622,34.68448173,1165.051741,42.27004823,1419.85092,0.02204032285297442
CN,000063,2019-12-18,33.56,35.19,33.41,34.25,30.9732,32.4775,30.8347,31.61,131263846.0,4523008228.0,0.9229209622,34.68448173,1187.943499,42.27004823,1447.749152,0.031053630524802454
CN,000063,2019-12-19,34.02,34.8,33.81,34.49,31.3977,32.1176,31.2039,31.8315,88462027.0,3035444274.0,0.9229209622,34.68448173,1196.267775,42.27004823,1457.893963,0.020927827316084422
CN,000063,2019-12-20,34.2,34.51,33.34,33.37,31.5638,31.85,30.7701,30.7978,90154046.0,3045268935.0,0.9229209622,34.68448173,1157.421155,42.27004823,1410.551509,0.02132811524355339
CN,000063,2019-12-23,33.1,33.11,32.21,32.26,30.5486,30.5579,29.7272,29.7734,73193452.0,2386749626.0,0.9229209622,34.68448173,1118.921381,42.27004823,1363.631756,0.017315677427605338
CN,000063,2019-12-24,32.41,33.24,32.2,33.12,29.9118,30.6778,29.718,30.5671,67034339.0,2202159251.0,0.9229209622,34.68448173,1148.750035,42.27004823,1399.983997,0.015858590611312392
CN,000063,2019-12-25,32.93,34.21,32.83,33.75,30.3917,31.5731,30.2994,31.1485,82451923.0,2781527106.0,0.9229209622,34.68448173,1170.601258,42.27004823,1426.614128,0.019505992174733793
CN,000063,2019-12-26,33.78,34.05,33.45,33.9,31.1762,31.4254,30.8717,31.287,45610528.0,1539565406.0,0.9229209622,34.68448173,1175.803931,42.27004823,1432.954635,0.010790271104452912
CN,000063,2019-12-27,34.01,34.28,33.5,33.64,31.3885,31.6377,30.9178,31.047,63917054.0,2167929566.0,0.9229209622,34.68448173,1166.785965,42.27004823,1421.964422,0.015121121615999633
CN,000063,2019-12-30,33.38,34.63,33.21,34.35,30.8071,31.9607,30.6502,31.7023,86198543.0,2953552534.0,0.9229209622,34.68448173,1191.411947,42.27004823,1451.976157,0.020392345551861226
CN,000063,2019-12-31,34.6,36.28,34.42,35.39,31.933,33.4835,31.7669,32.6621,135154282.0,4805169346.0,0.9229209622,34.68448173,1227.483808,42.27004823,1495.937007,0.031974007047401
CN,000063,2020-01-02,35.66,35.8,35.13,35.45,32.9124,33.0416,32.4232,32.7185,101425488.0,3592989149.0,0.9229209622,34.68872121,1229.715167,42.27428771,1498.623499,0.023992240554299805
CN,000063,2020-01-03,36.69,37.76,36.2,36.55,33.863,34.8505,33.4107,33.7338,179084129.0,6617433903.0,0.9229209622,34.68872121,1267.87276,42.27428771,1545.125216,0.04236242375708617
CN,000063,2020-01-06,36.05,37.17,35.9,36.7,33.2723,34.306,33.1339,33.8722,113853756.0,4180052105.0,0.9229209622,34.68973219,1273.113171,42.27529869,1551.503462,0.026931508357841954
CN,000063,2020-01-07,36.7,36.9,36.07,36.6,33.8722,34.0568,33.2908,33.7799,82303154.0,3001279953.0,0.9229209622,34.68973219,1269.644198,42.27529869,1547.275932,0.019468379065401702
CN,000063,2020-01-08,36.33,36.88,35.66,35.71,33.5307,34.0384,32.9124,32.9585,82053043.0,2970790425.0,0.9229209622,34.68973219,1238.770336,42.27529869,1509.650916,0.01940921662119663
CN,000063,2020-01-09,36.32,37.36,36.32,37.02,33.5215,34.4814,33.5215,34.1676,97329703.0,3594667710.0,0.9229209622,34.68973219,1284.213886,42.27529869,1565.031557,0.023022830356257858
CN,000063,2020-01-10,37.25,38.38,37.02,37.36,34.3798,35.4228,34.1676,34.4814,101287510.0,3811908453.0,0.9229209622,34.68973219,1296.008395,42.27529869,1579.405159,0.023959028827384495
CN,000063,2020-01-13,37.68,37.96,37.18,37.96,34.7767,35.0351,34.3152,35.0351,80588354.0,3032049774.0,0.9229209622,34.68973219,1316.822234,42.27529869,1604.770338,0.019062752126471138
CN,000063,2020-01-14,37.89,37.9,36.64,36.71,34.9705,34.9798,33.8168,33.8814,111581615.0,4143449032.0,0.9229209622,34.68973219,1273.460069,42.27529869,1551.926215,0.026394045330871675
CN,000063,2020-01-15,36.5,37.08,36.11,36.92,33.6876,34.2229,33.3277,34.0753,78088259.0,2856797073.0,0.9229209622,34.68973219,1280.744912,42.27529869,1560.804028,0.018471367777342602
CN,000063,2020-01-16,37.33,38.41,37.29,37.41,34.4537,35.4505,34.4168,34.5275,103244359.0,3906202606.0,0.9229209622,34.68973219,1297.742881,42.27529869,1581.518924,0.02442191118673797
CN,000063,2020-01-17,37.73,39.35,37.73,38.84,34.8229,36.318,34.8229,35.8473,132188178.0,5098834404.0,0.9229209622,34.68973219,1347.349198,42.27529869,1641.972601,0.03126841964366024
CN,000063,2020-01-20,38.7,40.1,38.41,40.06,35.7181,37.0102,35.4505,36.9733,107407515.0,4237941062.0,0.9229209622,34.68973219,1389.670672,42.27529869,1693.548466,0.02540668388592762
CN,000063,2020-01-21,39.5,40.06,38.57,38.61,36.4565,36.9733,35.5981,35.6351,94271570.0,3692646968.0,0.9229209622,34.68973219,1339.37056,42.27529869,1632.249282,0.022299445047398198
CN,000063,2020-01-22,38.38,41.11,38.29,40.65,35.4228,37.9424,35.3397,37.5179,109041573.0,4318263069.0,0.9229209622,34.68973219,1410.137614,42.27529869,1718.490892,0.025793211728576907
CN,000063,2020-01-23,39.95,40.5,38.3,39.17,36.8718,37.3794,35.3489,36.1519,111597708.0,4404784397.0,0.9229209622,34.68973219,1358.79681,42.27529869,1655.92345,0.026397852045548727
CN,000063,2020-02-03,35.25,37.21,35.25,35.91,32.5339,34.3429,32.5339,33.1431,180212366.0,6430335667.0,0.9229209622,34.7203397,1246.807399,42.28030026,1518.285582,0.042623246498202615
CN,000063,2020-02-04,36.52,38.66,36.52,38.37,33.7061,35.6812,33.7061,35.4135,134812484.0,5100691857.0,0.9229209622,34.7203397,1332.219434,46.09128994,1768.522795,0.02924901519907429
CN,000063,2020-02-05,38.7,39.25,37.66,38.2,35.7181,36.2257,34.7582,35.2566,125489548.0,4823844316.0,0.9229209622,34.7203397,1326.316977,46.09128994,1760.687276,0.027226304180976022
CN,000063,2020-02-06,37.9,39.59,37.56,39.22,34.9798,36.5395,34.666,36.1981,107615505.0,4186464225.0,0.9229209622,34.7203397,1361.731723,46.09128994,1807.700391,0.023348338729527865
CN,000063,2020-02-07,38.88,39.31,37.91,38.93,35.8842,36.2811,34.989,35.9304,96320182.0,3734321100.0,0.9229209622,34.7203397,1351.662825,46.09128994,1794.333917,0.020897697184302323
CN,000063,2020-02-10,38.55,40.74,38.31,40.12,35.5797,37.6009,35.3582,37.0287,102856136.0,4098782481.0,0.9229209622,34.7203397,1392.980029,46.09128994,1849.182552,0.022315742547864132
CN,000063,2020-02-11,40.29,40.9,39.6,40.01,37.1856,37.7486,36.5488,36.9272,72843758.0,2918951696.0,0.9229209622,34.7203397,1389.160791,46.09128994,1844.112511,0.01580423505066259
CN,000063,2020-02-12,39.75,40.3,39.38,40.14,36.6872,37.1948,36.3457,37.0472,81383347.0,3247679344.0,0.9229209622,34.7203397,1393.674436,46.09128994,1850.104378,0.01765699053030235
CN,000063,2020-02-13,39.71,40.55,39.09,39.71,36.6503,37.4256,36.0781,36.6503,92112139.0,3663446783.0,0.9229209622,34.7203397,1378.744689,46.09128994,1830.285124,0.019984717095118905
CN,000063,2020-02-14,39.55,40.17,39.06,39.47,36.5026,37.0749,36.0504,36.4288,85995275.0,3407317086.0,0.9229209622,34.7203397,1370.411808,46.09128994,1819.223214,0.018657597804692727
CN,000063,2020-02-17,40.2,43.41,39.68,43.12,37.1025,40.0652,36.6226,39.7976,181386839.0,7560935080.0,0.9229209622,34.7203397,1497.141048,46.09128994,1987.456422,0.039353821348051425
CN,000063,2020-02-18,42.85,43.53,42.11,43.53,39.5484,40.176,38.8654,40.176,128644050.0,5529175316.0,0.9229209622,34.7203397,1511.376387,46.09128994,2006.353851,0.02791070724370358
CN,000063,2020-02-19,43.49,46.05,43.33,43.68,40.139,42.5018,39.9914,40.3144,132712686.0,5925188049.0,0.9229209622,34.7203397,1516.584438,46.09128994,2013.267545,0.0287934414881338
CN,000063,2020-02-20,44.12,45.1,43.72,44.59,40.7205,41.625,40.3513,41.1543,108815025.0,4846551324.0,0.9229209622,34.7203397,1548.179947,46.09128994,2055.210618,0.023608587466667025
CN,000063,2020-02-21,45.0,46.55,44.35,45.55,41.5327,42.9633,40.9328,42.0403,119112564.0,5439103566.0,0.9229209622,34.7203397,1581.511473,46.09128994,2099.458257,0.025842749064965743
CN,000063,2020-02-24,47.2,50.11,47.2,50.11,43.5632,46.249,43.5632,46.249,139844618.0,6827689372.0,0.9229209622,34.7203397,1739.836222,46.09128994,2309.634539,0.03034079067477711
CN,000063,2020-02-25,50.7,55.11,49.07,55.11,46.7935,50.8637,45.2891,50.8637,276855333.0,14493485800.0,0.9229209622,34.7203397,1913.437921,46.09128994,2540.090989,0.06006673568051587
CN,000063,2020-02-26,53.5,53.93,50.5,50.95,49.3778,49.7746,46.6089,47.0242,206819148.0,10808449382.0,0.9229209622,34.7203397,1769.001308,46.09128994,2348.351222,0.04487163372282047
CN,000063,2020-02-27,51.15,52.64,49.18,51.48,47.2088,48.584,45.3906,47.5134,158842568.0,8155705831.0,0.9229209622,34.7203397,1787.403088,46.09128994,2372.779606,0.034462599811542614
CN,000063,2020-02-28,48.4,51.0,48.4,50.0,44.6707,47.0704,44.6707,46.1474,153674147.0,7666233578.0,0.9229209622,34.7203397,1736.016985,46.09128994,2304.564497,0.03334125540857015
CN,000063,2020-03-02,52.0,55.0,50.5,54.6,47.9933,50.7622,46.6089,50.393,227384795.0,12128049539.0,0.9229209622,34.7203397,1895.730548,46.09128994,2516.584431,0.0493335715481171
CN,000063,2020-03-03,56.7,56.7,52.5,52.94,52.3312,52.3312,48.4548,48.8609,243903080.0,13348431664.0,0.9229209622,34.7203397,1838.094784,46.09128994,2440.072889,0.05291739075159414
CN,000063,2020-03-04,51.98,52.98,49.1,51.36,47.9749,48.8978,45.3168,47.4026,180091000.0,9184633354.0,0.9229209622,34.7203397,1783.236647,46.09128994,2367.248651,0.03907267517017555
CN,000063,2020-03-05,53.5,53.66,51.38,51.91,49.3778,49.5254,47.4211,47.9103,163087649.0,8550149341.0,0.9229209622,34.74911267,1803.826439,46.12006291,2394.092466,0.035361540880430684
CN,000063,2020-03-06,50.52,51.3,50.02,50.86,46.6274,47.3473,46.1659,46.9412,96545533.0,4895831044.0,0.9229209622,34.74911267,1767.33987,46.12006291,2345.6664,0.02093352153235387
CN,000063,2020-03-09,50.0,53.39,49.7,51.01,46.1474,49.2762,45.8706,47.0796,156308142.0,8079437695.0,0.9229209622,34.74911267,1772.552237,46.12006291,2352.584409,0.03389157172335696
CN,000063,2020-03-10,50.5,54.29,48.98,54.16,46.6089,50.1069,45.206,49.9869,217168479.0,11255340340.0,0.9229209622,34.74911267,1882.011942,46.12006291,2497.862607,0.04708763720114362
CN,000063,2020-03-11,54.2,56.29,52.4,52.48,50.0238,51.9528,48.3625,48.4364,173902036.0,9425694884.0,0.9229209622,34.74911267,1823.633433,46.12006291,2420.380902,0.03770637441222866
CN,000063,2020-03-12,51.13,52.06,50.01,51.42,47.1904,48.0487,46.1567,47.458,125009525.0,6368247612.0,0.9229209622,34.74911267,1786.799373,46.12006291,2371.493635,0.0271052373115681
CN,000063,2020-03-13,49.3,51.91,49.0,50.79,45.5014,47.9103,45.2245,46.8766,129749378.0,6530739504.0,0.9229209622,34.74911267,1764.907433,46.12006291,2342.437995,0.02813295772236838
CN,000063,2020-03-16,47.36,48.7,45.71,45.71,43.7109,44.9476,42.188,42.188,308766343.0,14317596572.0,0.9229209622,34.74911267,1588.38194,46.12006291,2108.148076,0.0669483785402755
CN,000063,2020-03-17,45.61,45.61,41.14,41.55,42.0957,42.0957,37.9701,38.3485,307223565.0,13032991157.0,0.9229209622,34.74911267,1443.825631,46.12006291,1916.288614,0.06661386511972561
CN,000063,2020-03-18,41.9,42.35,38.8,39.1,38.6716,39.0869,35.8104,36.0873,254215291.0,10389408826.0,0.9229209622,34.74911267,1358.690305,46.12006291,1803.29446,0.05512032615742154
CN,000063,2020-03-19,38.65,42.81,37.75,41.75,35.672,39.5114,34.8413,38.5331,275212830.0,10982567334.0,0.9229209622,34.74911267,1450.775454,46.12006291,1925.512626,0.05967312545454635
CN,000063,2020-03-20,42.02,42.3,40.2,41.88,38.7823,39.0407,37.1025,38.6531,173966086.0,7219118197.0,0.9229209622,34.74911267,1455.292839,46.12006291,1931.508235,0.037720262077587004
CN,000063,2020-03-23,40.01,42.28,39.7,40.83,36.9272,39.0223,36.6411,37.684,124640304.0,5122461049.0,0.9229209622,34.74911267,1418.80627,46.12006291,1883.082169,0.027025180829268733
CN,000063,2020-03-24,41.92,42.58,40.14,42.55,38.69,39.2992,37.0472,39.2715,157630764.0,6571071474.0,0.9229209622,34.74911267,1478.574744,46.12006291,1962.408677,0.034178349736340374
CN,000063,2020-03-25,43.88,45.15,43.51,44.85,40.499,41.6711,40.1575,41.3943,186266540.0,8244746051.0,0.9229209622,34.74911267,1558.497703,46.12006291,2068.484822,0.04038731264601391
CN,000063,2020-03-26,44.01,44.26,42.9,43.1,40.619,40.8497,39.5945,39.7791,115142723.0,5031268773.0,0.9229209622,34.74911267,1497.686756,46.12006291,1987.774711,0.024965864254065044
CN,000063,2020-03-27,43.99,44.38,43.21,43.39,40.6005,40.9605,39.8806,40.0467,90785870.0,3978881166.0,0.9229209622,34.74911267,1507.763999,46.12006291,2001.14953,0.01968468043444826
CN,000063,2020-03-30,42.46,43.36,40.86,42.74,39.1884,40.0191,37.7117,39.4468,111588770.0,4683275251.0,0.9229209622,34.74911267,1485.177076,46.12006291,1971.171489,0.024195277057136175
CN,000063,2020-03-31,43.5,44.4,42.08,42.8,40.1483,40.9789,38.8377,39.5022,118065760.0,5087554573.0,0.9229209622,34.74911267,1487.262022,46.12006291,1973.938693,0.025599652851817846
CN,000063,2020-04-01,42.0,43.44,41.38,41.48,38.7638,40.0929,38.1916,38.2839,121434131.0,5136785198.0,0.9229209622,34.74911267,1441.393194,46.12006291,1913.06021,0.026330001161743864
CN,000063,2020-04-02,41.51,43.0,41.4,42.7,38.3116,39.6868,38.2101,39.4099,123741843.0,5203971266.0,0.9229209622,34.74911267,1483.787111,46.12006291,1969.326686,0.026830371684764036
CN,000063,2020-04-03,41.8,41.94,40.85,40.97,38.5793,38.7085,37.7025,37.8132,147845212.0,6096838937.0,0.9229209622,34.74911267,1423.671146,46.12006291,1889.538977,0.03205659374066973
CN,000063,2020-04-07,41.8,41.97,41.2,41.7,38.5793,38.7362,38.0255,38.487,124716306.0,5190976557.0,0.9229209622,34.74911267,1449.037998,46.12006291,1923.206623,0.0270416599915258
CN,000063,2020-04-08,41.3,42.09,40.9,41.13,38.1178,38.8469,37.7486,37.9609,113841498.0,4717627098.0,0.9229209622,34.74911267,1429.231004,46.12006291,1896.918187,0.02468372565366043
CN,000063,2020-04-09,41.43,41.97,41.07,41.12,38.2378,38.7362,37.9055,37.9517,87098974.0,3605600541.0,0.9229209622,34.74911267,1428.883513,46.12006291,1896.456987,0.0188852678215048
CN,000063,2020-04-10,40.65,40.8,39.03,39.29,37.5179,37.6563,36.0227,36.2627,131575950.0,5209234503.0,0.9229209622,34.74911267,1365.292637,46.12006291,1812.057272,0.028529004883788005
CN,000063,2020-04-13,38.8,39.07,38.06,38.5,35.8104,36.0596,35.1274,35.5335,70426121.0,2712902769.0,0.9229209622,34.74911267,1337.840838,46.12006291,1775.622422,0.015270170194136883
CN,000063,2020-04-14,38.71,39.53,38.71,39.53,35.7273,36.4842,35.7273,36.4842,81461565.0,3187464205.0,0.9229209622,34.74911267,1373.632424,46.12006291,1823.126087,0.01766293449316546
CN,000063,2020-04-15,39.8,40.4,39.2,39.49,36.7334,37.2871,36.1796,36.4472,88796157.0,3528915055.0,0.9229209622,34.74911267,1372.242459,46.12006291,1821.281284,0.019253260164297552
CN,000063,2020-04-16,39.1,39.43,38.7,39.2,36.0873,36.3919,35.7181,36.1796,59210410.0,2315245196.0,0.9229209622,34.74911267,1362.165217,46.12006291,1807.906466,0.012838319434981014
CN,000063,2020-04-17,39.9,40.89,39.82,40.0,36.8257,37.7394,36.7518,36.9179,122803927.0,4943989868.0,0.9229209622,34.74911267,1389.964507,46.12006291,1844.802516,0.026627007695033518
CN,000063,2020-04-20,40.16,41.41,40.15,40.7,37.0656,38.2193,37.0564,37.564,88439948.0,3606247228.0,0.9229209622,34.74911267,1414.288886,46.12006291,1877.08656,0.019176025013795887
CN,000063,2020-04-21,40.33,40.63,39.9,40.38,37.2225,37.4994,36.8257,37.2687,66459725.0,2670770545.0,0.9229209622,34.74911267,1403.16917,46.12006291,1862.32814,0.01441015488848994
CN,000063,2020-04-22,40.03,40.6,39.9,40.6,36.9456,37.4717,36.8257,37.4717,48070694.0,1933778096.0,0.9229209622,34.74911267,1410.813974,46.12006291,1872.474554,0.010422946320304575
CN,000063,2020-04-23,41.0,41.09,39.91,39.97,37.8409,37.924,36.8349,36.8903,54811472.0,2207104242.0,0.9229209622,34.74911267,1388.922033,46.12006291,1843.418915,0.011884518047375751
CN,000063,2020-04-24,39.97,40.3,38.45,38.85,36.8903,37.1948,35.4874,35.8566,88012352.0,3436671908.0,0.9229209622,34.74911267,1350.003027,46.12006291,1791.764444,0.01908331135014924
CN,000063,2020-04-27,39.5,39.59,38.79,38.85,36.4565,36.5395,35.8012,35.8566,58163720.0,2273854307.0,0.9229209622,34.74911267,1350.003027,46.12006291,1791.764444,0.012611370481758087
CN,000063,2020-04-28,38.63,39.21,37.5,39.16,35.6535,36.1888,34.6106,36.1427,82366072.0,3176893626.0,0.9229209622,34.74911267,1360.775252,46.12006291,1806.061664,0.017859054563895867
CN,000063,2020-04-29,38.89,39.1,38.66,38.74,35.8935,36.0873,35.6812,35.755,50623547.0,1965877411.0,0.9229209622,34.74911267,1346.180625,46.12006291,1786.691237,0.010976469632920541
CN,000063,2020-04-30,39.15,41.58,39.13,41.09,36.1334,38.3762,36.115,37.924,153884625.0,6240069992.0,0.9229209622,34.74911267,1427.84104,46.12006291,1895.073385,0.033366091737622915
CN,000063,2020-05-06,40.5,41.99,40.35,41.92,37.3794,38.7546,37.241,38.69,113542322.0,4686927589.0,0.9229209622,34.75257718,1456.828035,46.12352742,1933.498269,0.02461700749079438
CN,000063,2020-05-07,43.41,44.68,42.19,42.21,40.0652,41.2374,38.9392,38.9577,150144386.0,6496280806.0,0.9229209622,34.75257718,1466.906283,46.12352742,1946.874092,0.032552667672788325
CN,000063,2020-05-08,42.69,42.98,42.1,42.49,39.4007,39.6683,38.8561,39.2161,90465383.0,3858466382.0,0.9229209622,34.75257718,1476.637004,46.12352742,1959.78868,0.01961371734998147
CN,000063,2020-05-11,42.75,43.3,42.46,43.04,39.4561,39.9637,39.1884,39.7237,81382617.0,3494534674.0,0.9229209622,34.75257718,1495.750922,46.12352742,1985.15662,0.017644491120319437
CN,000063,2020-05-12,42.89,42.9,41.48,42.22,39.5853,39.5945,38.2839,38.9669,77251351.0,3252571473.0,0.9229209622,34.75257718,1467.253809,46.12352742,1947.335328,0.01674879509898508
CN,000063,2020-05-13,41.7,42.05,41.49,41.76,38.487,38.81,38.2931,38.5423,53345225.0,2226332851.0,0.9229209622,34.75257718,1451.267623,46.12352742,1926.118505,0.011565729679397535
CN,000063,2020-05-14,41.5,41.69,40.6,40.68,38.3024,38.4777,37.4717,37.5456,78541166.0,3218147331.0,0.9229209622,34.75257718,1413.73484,46.12352742,1876.305095,0.017028438715193134
CN,000063,2020-05-15,40.87,41.53,40.4,41.17,37.7209,38.3301,37.2871,37.9978,79678643.0,3272900748.0,0.9229209622,34.75257718,1430.763602,46.12352742,1898.905624,0.0172750540682736
CN,000063,2020-05-18,41.1,41.36,38.98,40.21,37.9332,38.1732,35.9765,37.1118,84983493.0,3418298913.0,0.9229209622,34.75257718,1397.401128,46.12352742,1854.627038,0.018425193768495166
CN,000063,2020-05-19,40.6,40.92,40.05,40.43,37.4717,37.7671,36.9641,37.3148,63058974.0,2550247073.0,0.9229209622,34.75257718,1405.046695,46.12352742,1864.774214,0.013671758758992158
CN,000063,2020-05-20,40.3,40.8,39.86,40.45,37.1948,37.6563,36.7887,37.3333,61308597.0,2469643000.0,0.9229209622,34.75257718,1405.741747,46.12352742,1865.696684,0.01329226111475062
CN,000063,2020-05-21,40.7,40.75,39.03,39.3,37.564,37.6102,36.0227,36.2719,84448800.0,3348338130.0,0.9229209622,34.75257718,1365.776283,46.12352742,1812.654628,0.018309267465822978
CN,000063,2020-05-22,39.0,39.26,38.12,38.38,35.995,36.235,35.1828,35.4228,65442615.0,2529560485.0,0.9229209622,34.75257718,1333.803912,46.12352742,1770.220982,0.014188553794700206
CN,000063,2020-05-25,38.0,38.05,36.78,37.08,35.0721,35.1182,33.9461,34.2229,86372927.0,3227462521.0,0.9229209622,34.75257718,1288.625562,46.12352742,1710.260397,0.018726435689423688
CN,000063,2020-05-26,37.31,37.64,37.14,37.53,34.4352,34.7398,34.2783,34.6383,59240860.0,2212816413.0,0.9229209622,34.75257718,1304.264222,46.12352742,1731.015984,0.012843956937758427
CN,000063,2020-05-27,37.54,37.64,36.92,37.0,34.6475,34.7398,34.0753,34.1491,49485778.0,1837495896.0,0.9229209622,34.75257718,1285.845356,46.12352742,1706.570515,0.010728966488053571
CN,000063,2020-05-28,37.0,37.0,35.4,36.3,34.1491,34.1491,32.6724,33.503,88970384.0,3217579635.0,0.9229209622,34.75257718,1261.518552,46.12352742,1674.284045,0.019289587977484313
CN,000063,2020-05-29,36.0,36.46,35.69,36.05,33.2262,33.6507,32.94,33.2723,60225579.0,2172687233.0,0.9229209622,34.75257718,1252.830407,46.12352742,1662.753163,0.013057452967893582
CN,000063,2020-06-01,36.72,38.88,36.6,38.55,33.8907,35.8842,33.7799,35.5797,122096394.0,4624469622.0,0.9229209622,34.75257718,1339.71185,46.12352742,1778.061982,0.026471608055514156
CN,000063,2020-06-02,38.7,38.97,38.08,38.64,35.7181,35.9673,35.1459,35.6627,79423424.0,3058778437.0,0.9229209622,34.7583224,1343.061578,46.12927264,1782.435095,0.017217575620546356
CN,000063,2020-06-03,38.68,39.57,38.3,38.7,35.6997,36.5211,35.3489,35.7181,89588885.0,3485302990.0,0.9229209622,34.7583224,1345.147077,46.12927264,1785.202851,0.019421265472613358
CN,000063,2020-06-04,38.9,39.08,38.2,38.24,35.9027,36.0688,35.2566,35.2936,52131699.0,2004581636.0,0.9229209622,34.7583224,1329.158249,46.12927264,1763.983386,0.011301218514075404
CN,000063,2020-06-05,38.26,38.42,37.89,38.17,35.312,35.4597,34.9705,35.229,43907009.0,1674833775.0,0.9229209622,34.7583224,1326.725166,46.12927264,1760.754337,0.009518253050000834
CN,000063,2020-06-08,38.54,39.61,38.54,38.92,35.5704,36.558,35.5704,35.9212,81413828.0,3191809265.0,0.9229209622,34.7583224,1352.793908,46.12927264,1795.351291,0.01764905955386857
CN,000063,2020-06-09,38.94,39.08,38.51,38.75,35.9396,36.0688,35.5428,35.7643,46386032.0,1794972230.0,0.9229209622,34.7583224,1346.884993,46.12927264,1787.509315,0.010055660829947133
CN,000063,2020-06-10,38.75,38.75,38.08,38.54,35.7643,35.7643,35.1459,35.5704,47506154.0,1824094632.0,0.9229209622,34.7583224,1339.585745,46.12927264,1777.822168,0.010298483214930657
CN,000063,2020-06-11,38.5,38.97,38.11,38.28,35.5335,35.9673,35.1736,35.3305,61152872.0,2356540571.0,0.9229209622,34.7583224,1330.548581,46.12927264,1765.828557,0.013256847225241659
CN,000063,2020-06-12,37.12,38.53,37.03,38.2,34.2599,35.5612,34.1768,35.2566,66249882.0,2506210730.0,0.9229209622,34.7583224,1327.767916,46.12927264,1762.138215,0.01436178769108812
CN,000063,2020-06-15,37.95,38.45,37.51,37.59,35.0259,35.4874,34.6198,34.6936,60902533.0,2307192394.0,0.9229209622,34.7583224,1306.565339,46.12927264,1733.999359,0.013202578214335356
CN,000063,2020-06-16,38.8,40.15,38.56,40.15,35.8104,37.0564,35.5889,37.0564,169531920.0,6703478748.0,0.9229209622,34.7583224,1395.546644,46.12927264,1852.090297,0.03675148345022767
CN,000063,2020-06-17,40.17,40.17,39.27,39.75,37.0749,37.0749,36.2442,36.6872,93917259.0,3726699471.0,0.9229209622,34.7583224,1381.643315,46.12927264,1833.638587,0.020359579422148028
CN,000063,2020-06-18,39.8,43.52,39.35,42.38,36.7334,40.1667,36.318,39.1146,214149998.0,8929561302.0,0.9229209622,34.7583224,1473.057703,46.12927264,1954.958574,0.04642388352213134
CN,000063,2020-06-19,42.47,44.19,41.9,42.87,39.1976,40.7851,38.6716,39.5668,184045023.0,7917249637.0,0.9229209622,34.7583224,1490.089281,46.12927264,1977.561918,0.039897664209083875
CN,000063,2020-06-22,41.7,42.6,41.5,42.19,38.487,39.3176,38.3024,38.9392,153887420.0,6460308812.0,0.9229209622,34.7583224,1466.453622,46.12927264,1946.194013,0.033360036088355714
CN,000063,2020-06-23,41.55,41.61,39.57,39.83,38.3485,38.4039,36.5211,36.761,195350803.0,7854459679.0,0.9229209622,34.7583224,1384.423981,46.12927264,1837.328929,0.04234855479394786
CN,000063,2020-06-24,39.68,40.4,39.6,39.71,36.6226,37.2871,36.5488,36.6503,79755329.0,3181902562.0,0.9229209622,34.7583224,1380.252982,46.12927264,1831.793417,0.01728952667917029
CN,000063,2020-06-29,39.51,39.91,39.02,39.2,36.4657,36.8349,36.0135,36.1796,62195875.0,2446002739.0,0.9229209622,34.7583224,1362.526238,46.12927264,1808.267487,0.013482951592448954
CN,000063,2020-06-30,39.6,40.68,39.6,40.13,36.5488,37.5456,36.5488,37.0379,97599823.0,3919900908.0,0.9229209622,34.7583224,1394.851478,46.12927264,1851.167711,0.021157893332002905
CN,000063,2020-07-01,40.11,40.56,39.14,39.75,37.0195,37.4348,36.1242,36.6872,99326933.0,3949537546.0,0.9229209622,34.7583224,1381.643315,46.12927264,1833.638587,0.02153229984248024
CN,000063,2020-07-02,39.05,40.56,38.53,40.5,36.0411,37.4348,35.5612,37.3794,144719348.0,5746257716.0,0.9229209622,34.7583224,1407.712057,46.12927264,1868.235542,0.031372562305374344
CN,000063,2020-07-03,40.55,42.89,40.09,42.41,37.4256,39.5853,37.001,39.1423,180184443.0,7474245760.0,0.9229209622,34.76339808,1474.315713,46.13434832,1956.557712,0.0390564621722178
CN,000063,2020-07-06,42.85,45.2,42.56,44.64,39.5484,41.7173,39.2807,41.2004,200160328.0,8793762446.0,0.9229209622,34.76339808,1551.83809,46.13434832,2059.437309,0.043386399784307174
CN,000063,2020-07-07,45.22,47.47,44.41,45.35,41.7357,43.8124,40.9882,41.8557,207184868.0,9518596594.0,0.9229209622,34.76339808,1576.520103,46.13434832,2092.192696,0.044909026689379274
CN,000063,2020-07-08,45.3,46.16,44.31,46.05,41.8096,42.6033,40.8959,42.5018,147082257.0,6669789217.0,0.9229209622,34.76339808,1600.854482,46.13434832,2124.48674,0.031881290699025094
CN,000063,2020-07-09,46.67,47.88,45.81,47.12,43.074,44.1908,42.2803,43.4893,162708354.0,7629570274.0,0.9229209622,34.76339808,1638.051318,46.13434832,2173.850493,0.03526837593356949
CN,000063,2020-07-10,46.45,46.66,44.9,44.94,42.871,43.0648,41.4404,41.4773,153542666.0,7012458247.0,0.9229209622,34.76339808,1562.26711,46.13434832,2073.277614,0.03328163756318559
CN,000063,2020-07-13,44.71,46.17,44.09,46.17,41.265,42.6125,40.6928,42.6125,141933549.0,6432430177.0,0.9229209622,34.76339808,1605.026089,46.13434832,2130.022862,0.030765265830897077
CN,000063,2020-07-14,46.0,46.0,44.13,44.8,42.4556,42.4556,40.7297,41.3481,121279658.0,5458933973.0,0.9229209622,34.76339808,1557.400234,46.13434832,2066.818805,0.02628836483367497
CN,000063,2020-07-15,44.8,45.2,42.72,42.72,41.3481,41.7173,39.4284,39.4284,121368767.0,5283047596.0,0.9229209622,34.76339808,1485.092366,46.13434832,1970.85936,0.026307679943402308
CN,000063,2020-07-16,42.72,43.28,39.68,40.07,39.4284,39.9452,36.6226,36.9826,134058819.0,5557260693.0,0.9229209622,34.76339808,1392.969361,46.13434832,1848.603337,0.029058353240438706
CN,000063,2020-07-17,40.08,40.6,39.51,40.33,36.9918,37.4717,36.4657,37.2225,83289889.0,3336568485.0,0.9229209622,34.76339808,1402.007845,46.13434832,1860.598268,0.018053769486951324
CN,000063,2020-07-20,40.58,41.36,39.9,41.24,37.4533,38.1732,36.8257,38.0624,84027146.0,3424632854.0,0.9229209622,34.76339808,1433.642537,46.13434832,1902.580525,0.018213576014375572
CN,000063,2020-07-21,41.4,41.59,40.67,40.98,38.2101,38.3854,37.5363,37.8224,63971694.0,2626535315.0,0.9229209622,34.76339808,1424.604053,46.13434832,1890.585594,0.013866391599654875
CN,000063,2020-07-22,41.02,42.14,40.64,41.4,37.8594,38.8931,37.5086,38.2101,83284128.0,3464655732.0,0.9229209622,34.76339808,1439.204681,46.13434832,1909.96202,0.018052520742748837
CN,000063,2020-07-23,40.58,40.84,38.96,39.72,37.4533,37.6932,35.9581,36.6595,160913800.0,6377794181.0,0.9229209622,34.76339808,1380.802172,46.13434832,1832.456315,0.03487939157259998
CN,000063,2020-07-24,39.3,39.53,37.65,37.92,36.2719,36.4842,34.749,34.9982,113542186.0,4377078688.0,0.9229209622,34.76339808,1318.228055,46.13434832,1749.414488,0.024611204045289957
CN,000063,2020-07-27,37.94,38.45,37.68,38.28,35.0167,35.4874,34.7767,35.3305,68475184.0,2608996037.0,0.9229209622,34.76339808,1330.742878,46.13434832,1766.022854,0.014842560151719945
CN,000063,2020-07-28,38.59,38.8,38.06,38.38,35.6166,35.8104,35.1274,35.4228,49385746.0,1897284991.0,0.9229209622,34.76339808,1334.219218,46.13434832,1770.636289,0.010704767228410262
CN,000063,2020-07-29,38.4,39.58,38.14,39.54,35.4412,36.5303,35.2013,36.4934,77631113.0,3038707563.0,0.9229209622,34.76339808,1374.54476,46.13434832,1824.152133,0.01682718317847044
CN,000063,2020-07-30,39.71,39.74,38.88,38.91,36.6503,36.678,35.8842,35.9119,55869686.0,2183069899.0,0.9229209622,34.76339808,1352.643819,46.13434832,1795.087493,0.01211021463064204
CN,000063,2020-07-31,38.9,39.68,38.84,39.17,35.9027,36.6226,35.8473,36.1519,63501687.0,2490647039.0,0.9229209622,34.76339808,1361.682303,46.13434832,1807.082424,0.0137645137110284
CN,000063,2020-08-03,39.2,39.57,38.92,39.5,36.1796,36.5211,35.9212,36.4565,104043161.0,4083781083.0,0.9229209622,34.76339808,1373.154224,46.13434832,1822.306759,0.022552212134509673
CN,000063,2020-08-04,39.56,39.7,38.61,38.88,36.5119,36.6411,35.6351,35.8842,90801847.0,3538177892.0,0.9229209622,34.76339808,1351.600917,46.13434832,1793.703463,0.01968204825831167
CN,000063,2020-08-05,39.5,39.6,38.71,39.14,36.4565,36.5488,35.7273,36.1242,81033393.0,3173785741.0,0.9229209622,34.76339874,1360.639427,46.13434898,1805.698419,0.017564655141254798
CN,000063,2020-08-06,39.03,39.03,38.23,38.71,36.0227,36.0227,35.2843,35.7273,73208729.0,2826912057.0,0.9229209622,34.76339874,1345.691165,46.13434898,1785.860649,0.0158685947929464
CN,000063,2020-08-07,38.8,39.49,38.28,38.9,35.8104,36.4472,35.3305,35.9027,79990074.0,3113358595.0,0.9229209622,34.76339874,1352.296211,46.13434898,1794.626175,0.01733850715757949
CN,000063,2020-08-10,38.41,38.6,37.8,38.34,35.4505,35.6258,34.8875,35.3859,61024890.0,2330477031.0,0.9229209622,34.76339874,1332.828708,46.13434898,1768.79094,0.013227647371041325
CN,000063,2020-08-11,38.35,38.58,37.95,38.03,35.3951,35.6074,35.0259,35.0997,50814407.0,1946352195.0,0.9229209622,34.76339874,1322.052054,46.13434898,1754.489292,0.011014441110251471
CN,000063,2020-08-12,37.83,38.65,36.99,38.62,35.0996,35.8604,34.3202,35.8326,92587984.0,3508273935.0,0.9278249612,34.76339874,1342.562459,46.13434898,1781.708558,0.020069207878090665
CN,000063,2020-08-13,38.61,38.61,38.0,38.19,35.8233,35.8233,35.2573,35.4336,46420399.0,1775133783.0,0.9278249612,34.76339874,1327.614198,46.13434898,1761.870788,0.010062003697098665
CN,000063,2020-08-14,38.0,38.56,38.0,38.37,35.2573,35.7769,35.2573,35.6006,37722752.0,1444441276.0,0.9278249612,34.76339874,1333.87161,46.13434898,1770.17497,0.00817671709561859
CN,000063,2020-08-17,39.0,40.37,38.75,40.25,36.1852,37.4563,35.9532,37.3449,140102904.0,5567740243.0,0.9278249612,34.76339874,1399.226799,46.13434898,1856.907546,0.030368458013948982
CN,000063,2020-08-18,40.0,40.19,39.54,39.75,37.113,37.2893,36.6862,36.881,71018283.0,2822797232.0,0.9278249612,34.76339874,1381.8451,46.13434898,1833.840372,0.015393797586866912
CN,000063,2020-08-19,39.7,39.7,38.55,38.65,36.8346,36.8346,35.7676,35.8604,69152537.0,2695929770.0,0.9278249612,34.76339874,1343.605361,46.13434898,1783.092588,0.014989381779285271
CN,000063,2020-08-20,38.37,38.85,38.0,38.85,35.6006,36.046,35.2573,36.046,38690209.0,1484308112.0,0.9278249612,34.76339874,1350.558041,46.13434898,1792.319458,0.008386421366165336
CN,000063,2020-08-21,39.08,39.37,38.62,38.88,36.2594,36.5284,35.8326,36.0738,39311191.0,1531808160.0,0.9278249612,34.76339874,1351.600943,46.13434898,1793.703488,0.008521024327674386
CN,000063,2020-08-24,38.87,38.97,38.4,38.49,36.0645,36.1573,35.6285,35.712,43701019.0,1683978957.0,0.9278249612,34.76339874,1338.043218,46.13434898,1775.711092,0.009472555691410128
CN,000063,2020-08-25,38.53,38.7,38.07,38.22,35.7491,35.9068,35.3223,35.4614,40461071.0,1549438613.0,0.9278249612,34.76339874,1328.6571,46.13434898,1763.254818,0.008770270285496071
CN,000063,2020-08-26,38.21,38.58,37.93,38.04,35.4522,35.7955,35.1924,35.2944,45885764.0,1751186394.0,0.9278249612,34.76339874,1322.399688,46.13434898,1754.950635,0.009946117158799018
CN,000063,2020-08-27,38.19,39.04,37.98,38.88,35.4336,36.2223,35.2388,36.0738,60687582.0,2341229240.0,0.9278249612,34.762538,1351.567477,46.13434898,1793.703488,0.01315453308473239
CN,000063,2020-08-28,38.67,38.88,38.18,38.83,35.879,36.0738,35.4243,36.0274,49001332.0,1889564415.0,0.9278249612,34.762538,1349.829351,46.13434898,1791.396771,0.010621442175599549
CN,000063,2020-08-31,39.34,39.85,39.0,39.0,36.5006,36.9738,36.1852,36.1852,79731012.0,3141471191.0,0.9278249612,34.762538,1355.738982,46.13434898,1799.23961,0.01728235333602837
CN,000063,2020-09-01,38.8,38.97,38.39,38.67,35.9996,36.1573,35.6192,35.879,48858879.0,1885824464.0,0.9278249612,34.762538,1344.267344,46.13434898,1784.015275,0.010590564314927503
CN,000063,2020-09-02,38.79,39.35,38.59,38.84,35.9903,36.5099,35.8047,36.0367,50410520.0,1962422695.0,0.9278249612,34.762538,1350.176976,46.13434898,1791.858114,0.010926895277497855
CN,000063,2020-09-03,38.5,38.5,37.45,37.66,35.7212,35.7212,34.747,34.9419,94640768.0,3589953054.0,0.9278249612,34.762538,1309.157181,46.13434898,1737.419583,0.02051416571219599
CN,000063,2020-09-04,37.01,37.5,36.92,37.48,34.3388,34.7934,34.2553,34.7749,41976286.0,1562735632.0,0.9278249612,34.762538,1302.899924,46.13434898,1729.1154,0.009098705612643934
CN,000063,2020-09-07,37.48,37.64,36.5,36.6,34.7749,34.9233,33.8656,33.9584,53251749.0,1971320749.0,0.9278249612,34.762538,1272.308891,46.13434898,1688.517173,0.011542755057210302
CN,000063,2020-09-08,36.61,36.82,35.78,36.23,33.9677,34.1625,33.1976,33.6151,46200372.0,1674715078.0,0.9278249612,34.762538,1259.446752,46.13434898,1671.447464,0.010014311033201882
CN,000063,2020-09-09,35.71,35.9,34.6,34.76,33.1326,33.3089,32.1027,32.2512,65716444.0,2309756523.0,0.9278249612,34.762538,1208.345821,46.13434898,1603.629971,0.014244580329612793
CN,000063,2020-09-10,35.16,35.24,32.2,32.99,32.6223,32.6965,29.8759,30.6089,97917561.0,3291995117.0,0.9278249612,34.762538,1146.816129,46.13434898,1521.972173,0.021224437575232475
CN,000063,2020-09-11,32.99,33.79,32.3,33.7,30.6089,31.3512,29.9687,31.2677,58741617.0,1946147986.0,0.9278249612,34.762538,1171.497531,46.13434898,1554.727561,0.01273272914839775
CN,000063,2020-09-14,33.78,33.89,33.3,33.48,31.3419,31.444,30.8966,31.0636,39429234.0,1322564081.0,0.9278249612,34.762538,1163.849772,46.13434898,1544.578004,0.008546611119860653
CN,000063,2020-09-15,33.52,33.77,33.24,33.61,31.1007,31.3326,30.8409,31.1842,28734938.0,963754400.0,0.9278249612,34.762538,1168.368902,46.13434898,1550.575469,0.0062285344077266745
CN,000063,2020-09-16,33.6,33.95,33.35,33.63,31.1749,31.4996,30.9429,31.2027,29437175.0,990376700.0,0.9278249612,34.762538,1169.064153,46.13434898,1551.498156,0.006380750059518885
CN,000063,2020-09-17,33.4,33.89,33.0,33.38,30.9893,31.444,30.6182,30.9708,36451200.0,1216478918.0,0.9278249612,34.762538,1160.373518,46.13434898,1539.964569,0.007901097729980365
CN,000063,2020-09-18,33.5,33.8,33.31,33.78,31.0821,31.3605,30.9058,31.3419,44289625.0,1490234488.0,0.9278249612,34.762538,1174.278534,46.13434898,1558.418309,0.009600140888343364
CN,000063,2020-09-21,33.92,35.2,33.9,34.7,31.4718,32.6594,31.4532,32.1955,67065744.0,2328860502.0,0.9278249612,34.762538,1206.260069,46.13434898,1600.86191,0.014537052214408423
CN,000063,2020-09-22,34.4,34.59,34.09,34.27,31.9172,32.0934,31.6295,31.7965,30973443.0,1063750158.0,0.9278249612,34.762538,1191.312177,46.13434898,1581.02414,0.006713748797761836
CN,000063,2020-09-23,34.27,34.48,33.83,34.02,31.7965,31.9914,31.3883,31.5646,24647406.0,839809050.0,0.9278249612,34.762538,1182.621543,46.13434898,1569.490552,0.005342528191019896
CN,000063,2020-09-24,33.61,33.77,33.03,33.18,31.1842,31.3326,30.646,30.7852,29993561.0,998868400.0,0.9278249612,34.762538,1153.421011,46.13434898,1530.737699,0.0065013513061607745
CN,000063,2020-09-25,33.18,33.42,33.02,33.11,30.7852,31.0079,30.6368,30.7203,20871187.0,692098569.0,0.9278249612,34.762538,1150.987633,46.13434898,1527.508295,0.004524001630335783
CN,000063,2020-09-28,33.1,33.22,32.58,32.59,30.711,30.8223,30.2285,30.2378,21766171.0,713531888.0,0.9278249612,34.762538,1132.911113,46.13434898,1503.518433,0.004717996781408142
CN,000063,2020-09-29,32.73,33.18,32.67,32.91,30.3677,30.7852,30.312,30.5347,25218427.0,831631730.0,0.9278249612,34.762538,1144.035126,46.13434898,1518.281425,0.0054663016944126825
CN,000063,2020-09-30,32.9,33.2,32.7,33.1,30.5254,30.8038,30.3399,30.711,22899790.0,756494238.0,0.9278249612,34.762538,1150.640008,46.13434898,1527.046951,0.004963718033590858
CN,000063,2020-10-09,33.66,33.94,33.26,33.38,31.2306,31.4904,30.8594,30.9708,39065713.0,1311277800.0,0.9278249612,34.762538,1160.373518,46.13434898,1539.964569,0.008467814949970493
CN,000063,2020-10-12,34.0,34.88,33.89,34.86,31.546,32.3625,31.444,32.344,72431358.0,2496698503.0,0.9278249612,34.762538,1211.822075,46.13434898,1608.243405,0.015700093228019796
CN,000063,2020-10-13,35.3,36.3,35.15,35.74,32.7522,33.68,32.613,33.1604,72377309.0,2580653700.0,0.9278249612,34.762538,1242.413108,46.13434898,1648.841633,0.01568837766224397
CN,000063,2020-10-14,35.58,35.74,34.9,35.3,33.012,33.1604,32.3811,32.7522,45141072.0,1591364955.0,0.9278249612,34.762538,1227.117591,46.13434898,1628.542519,0.009784699036193055
CN,000063,2020-10-15,35.3,35.6,34.72,34.76,32.7522,33.0305,32.2141,32.2512,33152055.0,1159637282.0,0.9278249612,34.762538,1208.345821,46.13434898,1603.629971,0.007185980886903154
CN,000063,2020-10-16,34.88,34.98,34.11,34.47,32.3625,32.4553,31.6481,31.9821,27783333.0,957168368.0,0.9278249612,34.762538,1198.264685,46.13434898,1590.251009,0.006022266188701293
CN,000063,2020-10-19,35.0,35.4,34.43,34.5,32.4739,32.845,31.945,32.0099,29462500.0,1027876662.0,0.9278249612,34.762538,1199.307561,46.13434898,1591.63504,0.0063862394617885425
CN,000063,2020-10-20,34.49,34.85,34.03,34.84,32.0007,32.3347,31.5739,32.3254,20945234.0,722397288.0,0.9278249612,34.762538,1211.126824,46.13434898,1607.320718,0.004540051927270092
CN,000063,2020-10-21,34.85,34.88,34.05,34.13,32.3347,32.3625,31.5924,31.6666,25841015.0,885650897.0,0.9278249612,34.762538,1186.445422,46.13434898,1574.565331,0.005601252769645131
CN,000063,2020-10-22,33.92,33.95,33.46,33.63,31.4718,31.4996,31.045,31.2027,22372516.0,752402883.0,0.9278249612,34.762538,1169.064153,46.13434898,1551.498156,0.004849427052649828
CN,000063,2020-10-23,33.49,33.88,33.36,33.43,31.0728,31.4347,30.9522,31.0172,18685100.0,626424296.0,0.9278249612,34.762538,1162.111645,46.13434898,1542.271286,0.004050149273397203
CN,000063,2020-10-26,33.25,33.77,33.0,33.49,30.8502,31.3326,30.6182,31.0728,18165197.0,606971854.0,0.9278249612,34.762538,1164.197398,46.13434898,1545.039347,0.003937456017397127
CN,000063,2020-10-27,33.3,33.56,33.14,33.4,30.8966,31.1378,30.7481,30.9893,14468611.0,482427103.0,0.9278249612,34.762538,1161.068769,46.13434898,1540.887256,0.0031361905651410365
CN,000063,2020-10-28,33.39,34.63,33.21,34.5,30.9801,32.1306,30.813,32.0099,49334054.0,1683091648.0,0.9278249612,34.762538,1199.307561,46.13434898,1591.63504,0.010693562408648516
CN,000063,2020-10-29,33.2,33.35,32.52,33.08,30.8038,30.9429,30.1728,30.6924,73888192.0,2441553771.0,0.9278249612,34.762538,1149.944757,46.13434898,1526.124264,0.01601587399272324
CN,000063,2020-10-30,33.07,33.31,32.0,32.27,30.6832,30.9058,29.6904,29.9409,54409803.0,1772651062.0,0.9278249612,34.762538,1121.787101,46.13434898,1488.755442,0.011793772796834641
CN,000063,2020-11-02,32.13,32.43,30.16,31.13,29.811,30.0893,27.9832,28.8832,58591682.0,1832127774.0,0.9278249612,34.762538,1082.157808,46.13434898,1436.162284,0.012700229502620805
CN,000063,2020-11-03,30.52,32.18,30.52,31.96,28.3172,29.8574,28.3172,29.6533,38602965.0,1224747859.0,0.9278249612,34.762538,1111.010714,46.13434898,1474.453793,0.008367510510820261
CN,000063,2020-11-04,32.1,32.23,31.6,31.64,29.7832,29.9038,29.3193,29.3564,27559654.0,876532938.0,0.9278249612,34.762538,1099.886702,46.13434898,1459.690802,0.005973781923734865
CN,000063,2020-11-05,32.58,34.8,32.23,34.8,30.2285,32.2883,29.9038,32.2883,139526810.0,4729652273.0,0.9278249612,34.762538,1209.736322,46.13434898,1605.475345,0.030243584896036395
CN,000063,2020-11-06,35.67,36.88,35.04,35.8,33.0955,34.2182,32.511,33.2161,212101714.0,7607239831.0,0.9278249612,34.762538,1244.49886,46.13434898,1651.609693,0.04597479290147772
CN,000063,2020-11-09,36.95,38.93,36.4,38.07,34.2831,36.1202,33.7728,35.3223,217356615.0,8181372860.0,0.9278249612,34.762538,1323.409822,46.13434898,1756.334666,0.0471138359607562
CN,000063,2020-11-10,37.6,37.6,36.12,36.56,34.8862,34.8862,33.513,33.9213,129793299.0,4769734304.0,0.9278249612,34.762538,1270.918389,46.13434898,1686.671799,0.0281337662435136
CN,000063,2020-11-11,36.36,36.99,35.65,35.92,33.7357,34.3202,33.0769,33.3275,87647868.0,3171701567.0,0.9278249612,34.762538,1248.670365,46.13434898,1657.145815,0.018998397059422426
CN,000063,2020-11-12,36.3,36.85,35.9,36.1,33.68,34.1903,33.3089,33.4945,64939219.0,2356405341.0,0.9278249612,34.762538,1254.927622,46.13434898,1665.449998,0.014076110411388317
CN,000063,2020-11-13,35.48,35.95,35.0,35.82,32.919200000000004,33.3553,32.4739,33.2347,74958504.0,2648658111.0,0.9278249612,34.762538,1245.194111,46.13434898,1652.53238,0.016247872931402098
CN,000063,2020-11-16,35.84,35.94,34.81,35.17,33.2532,33.346,32.2976,32.6316,56881060.0,1998848214.0,0.9278249612,34.762538,1222.598461,46.13434898,1622.545054,0.012329438099291025
CN,000063,2020-11-17,35.17,35.55,34.33,35.5,32.6316,32.9842,31.8522,32.9378,61419848.0,2134614522.0,0.9278249612,34.762538,1234.070099,46.13434898,1637.769389,0.013313257769525808
CN,000063,2020-11-18,35.26,36.1,34.96,35.73,32.7151,33.4945,32.4367,33.1512,68749582.0,2455931598.0,0.9278249612,34.762538,1242.065483,46.13434898,1648.380289,0.014902037965205507
CN,000063,2020-11-19,35.4,36.99,35.2,36.3,32.845,34.3202,32.6594,33.68,84869025.0,3083341474.0,0.9278249612,34.762538,1261.880129,46.13434898,1674.676868,0.018396059958880554
CN,000063,2020-11-20,36.35,36.77,35.86,36.22,33.7264,34.1161,33.2718,33.6058,62991119.0,2290259944.0,0.9278249612,34.762538,1259.099126,46.13434898,1670.98612,0.013653843696224625
CN,000063,2020-11-23,36.3,36.44,35.4,35.75,33.68,33.8099,32.845,33.1697,58399821.0,2092486362.0,0.9278249612,34.762538,1242.760734,46.13434898,1649.302976,0.012658642051135757
CN,000063,2020-11-24,35.59,36.79,35.41,36.58,33.0213,34.1347,32.8543,33.9398,81833271.0,2970697284.0,0.9278249612,34.762538,1271.61364,46.13434898,1687.594486,0.017738035283748357
CN,000063,2020-11-25,36.2,36.31,35.41,35.54,33.5872,33.6893,32.8543,32.9749,72649034.0,2601023618.0,0.9278249612,34.762538,1235.460601,46.13434898,1639.614763,0.015747276293309038
CN,000063,2020-11-26,35.54,36.0,35.34,35.7,32.9749,33.4017,32.7893,33.1233,37489694.0,1335791471.0,0.9278249612,34.762538,1241.022607,46.13434898,1646.996259,0.008126199855177842
CN,000063,2020-11-27,35.48,35.65,34.66,34.99,32.919200000000004,33.0769,32.1584,32.4646,55770352.0,1953998779.0,0.9278249612,34.762538,1216.341205,46.13434898,1614.240871,0.012088682995001699
CN,000063,2020-11-30,34.76,35.63,34.38,34.73,32.2512,33.0584,31.8986,32.2233,63235227.0,2213148583.0,0.9278249612,34.762538,1207.302945,46.13434898,1602.24594,0.013706756115148284
CN,000063,2020-12-01,34.71,35.2,34.62,35.06,32.2048,32.6594,32.1213,32.5295,42900011.0,1499806518.0,0.9278249612,34.762538,1218.774582,46.13434898,1617.470275,0.009298930612112432
CN,000063,2020-12-02,35.0,35.93,34.88,35.48,32.4739,33.3367,32.3625,32.919200000000004,59015736.0,2087217505.0,0.9278249612,34.762538,1233.374848,46.13434898,1636.846702,0.012792146698674407
CN,000063,2020-12-03,35.48,35.49,34.85,35.06,32.919200000000004,32.9285,32.3347,32.5295,42145910.0,1475419764.0,0.9278249612,34.762538,1218.774582,46.13434898,1617.470275,0.009135473011285138
CN,000063,2020-12-04,34.84,35.0,34.61,34.81,32.3254,32.4739,32.112,32.2976,27151987.0,944389081.0,0.9278249612,34.762538,1210.083948,46.13434898,1605.936688,0.005885416744857683
CN,000063,2020-12-07,34.65,34.86,33.73,33.81,32.1491,32.344,31.2955,31.3697,56581610.0,1934220469.0,0.9278249612,34.762538,1175.32141,46.13434898,1559.802339,0.012264529846195306
CN,000063,2020-12-08,33.75,34.1,33.7,33.8,31.3141,31.6388,31.2677,31.3605,22875731.0,774608909.0,0.9278249612,34.762538,1174.973784,46.13434898,1559.340996,0.004958503047245125
CN,000063,2020-12-09,33.81,33.9,32.8,32.84,31.3697,31.4532,30.4326,30.4698,47545237.0,1574405487.0,0.9278249612,34.762538,1141.601748,46.13434898,1515.052021,0.010305821595230844
CN,000063,2020-12-10,32.75,33.16,32.5,32.84,30.3862,30.7667,30.1543,30.4698,31550865.0,1036072353.0,0.9278249612,34.762538,1141.601748,46.13434898,1515.052021,0.00683890977060884
CN,000063,2020-12-11,32.84,32.93,32.0,32.17,30.4698,30.5533,29.6904,29.8481,45646271.0,1470778086.0,0.9278249612,34.762538,1118.310847,46.13434898,1484.142007,0.009894205079124106
CN,000063,2020-12-14,32.19,32.71,32.0,32.51,29.8667,30.3491,29.6904,30.1636,28861407.0,936060894.0,0.9278249612,34.762538,1130.13011,46.13434898,1499.827685,0.006255947604790499
CN,000063,2020-12-15,32.55,33.35,32.32,32.88,30.2007,30.9429,29.9873,30.5069,32955592.0,1084359801.0,0.9278249612,34.762538,1142.992249,46.13434898,1516.897394,0.0071433959140264
CN,000063,2020-12-16,33.0,33.12,32.45,32.5,30.6182,30.7295,30.1079,30.1543,23610521.0,770311989.0,0.9278249612,34.762538,1129.782485,46.13434898,1499.366342,0.005117774829820521
CN,000063,2020-12-17,32.5,32.83,32.02,32.81,30.1543,30.4605,29.7089,30.4419,29537371.0,958977064.0,0.9278249612,34.762538,1140.558872,46.13434898,1513.66799,0.006402468367507459
CN,000063,2020-12-18,32.91,33.31,32.77,32.81,30.5347,30.9058,30.4048,30.4419,30619599.0,1010681886.0,0.9278249612,34.762538,1140.558872,46.13434898,1513.66799,0.006637050197299652
CN,000063,2020-12-21,32.5,32.78,32.16,32.38,30.1543,30.4141,29.8388,30.043,35469136.0,1151092458.0,0.9278249612,34.762538,1125.61098,46.13434898,1493.83022,0.007688227271913267
CN,000063,2020-12-22,32.23,32.3,31.41,31.52,29.9038,29.9687,29.143,29.245,54599592.0,1738414735.0,0.9278249612,34.762538,1095.715198,46.13434898,1454.15468,0.011834911125259364
CN,000063,2020-12-23,31.4,31.96,30.88,31.79,29.1337,29.6533,28.6512,29.4955,51101525.0,1605839782.0,0.9278249612,34.762538,1105.101083,46.13434898,1466.610954,0.011076676300808613
CN,000063,2020-12-24,31.77,31.95,31.05,31.17,29.477,29.644,28.8089,28.9203,29798371.0,935324619.0,0.9278249612,34.762538,1083.548309,46.13434898,1438.007658,0.006459042266515581
CN,000063,2020-12-25,31.15,31.15,30.72,31.04,28.901699999999998,28.901699999999998,28.5028,28.7997,31797353.0,983911574.0,0.9278249612,34.762538,1079.02918,46.13434898,1432.010192,0.006892338074128818
CN,000063,2020-12-28,31.04,31.07,30.51,30.57,28.7997,28.8275,28.3079,28.3636,31469254.0,965594793.0,0.9278249612,34.762538,1062.690787,46.13434898,1410.327048,0.006821219914394465
CN,000063,2020-12-29,30.65,33.63,30.65,33.63,28.4378,31.2027,28.4378,31.2027,160507339.0,5303473278.0,0.9278249612,34.762538,1169.064153,46.13434898,1551.498156,0.034791287305166604
CN,000063,2020-12-30,33.59,33.59,32.6,33.44,31.1656,31.1656,30.2471,31.0264,114045943.0,3782503976.0,0.9278249612,34.762538,1162.459271,46.13434898,1542.73263,0.024720397170758992
CN,000063,2020-12-31,33.43,34.06,32.82,33.65,31.0172,31.6017,30.4512,31.2213,105116223.0,3514720978.0,0.9278249612,34.762538,1169.759404,46.13434898,1552.420843,0.02278480683569841
CN,000063,2021-01-04,33.0,34.48,32.72,34.33,30.6182,31.9914,30.3584,31.8522,129647346.0,4343079819.0,0.9278249612,34.762538,1193.39793,46.13434898,1583.7922,0.028102129729023435
CN,000063,2021-01-05,33.98,35.13,33.65,34.51,31.5275,32.5945,31.2213,32.0192,125476595.0,4335249510.0,0.9278249612,34.762538,1199.655186,46.13434898,1592.096383,0.027198085108862416
CN,000063,2021-01-06,34.8,34.87,33.32,33.63,32.2883,32.3532,30.9151,31.2027,91774305.0,3107165902.0,0.9278249612,34.762538,1169.064153,46.13434898,1551.498156,0.019892836255213153
CN,000063,2021-01-07,33.3,33.31,32.21,32.67,30.8967,30.906,29.8854,30.3122,92104324.0,3015595641.0,0.9278249612,34.762538,1135.692116,46.13434898,1507.209181,0.019964370590756304
CN,000063,2021-01-08,32.55,35.05,32.38,33.9,30.2009,32.5204,30.0431,31.4534,133819219.0,4560448155.0,0.9278249612,34.762538,1178.450038,46.13434898,1563.95443,0.02900641755192272
CN,000063,2021-01-11,34.19,35.05,33.68,34.93,31.7225,32.5204,31.2493,32.4091,148815767.0,5160286057.0,0.9278249612,34.762538,1214.255452,46.13434898,1611.47281,0.03225704280871376
CN,000063,2021-01-12,35.1,35.35,34.36,35.32,32.5668,32.7988,31.8802,32.771,133362914.0,4659834868.0,0.9278249612,34.762538,1227.812842,46.13434898,1629.465206,0.028907509686072523
CN,000063,2021-01-13,35.64,37.24,35.21,36.72,33.0679,34.5524,32.6689,34.0699,202807344.0,7377001170.0,0.9278249612,34.762538,1276.480395,46.13434898,1694.053295,0.04396016167648108
CN,000063,2021-01-14,36.4,36.87,35.5,35.91,33.773,34.2091,32.938,33.3184,140349436.0,5083157258.0,0.9278249612,34.762538,1248.32274,46.13434898,1656.684472,0.030421895854831245
CN,000063,2021-01-15,35.92,35.97,34.73,35.1,33.3277,33.3741,32.2235,32.5668,88885676.0,3131426270.0,0.9278249612,34.762538,1220.165084,46.13434898,1619.315649,0.01926670213522107
CN,000063,2021-01-18,35.3,36.68,35.1,36.33,32.7524,34.0328,32.5668,33.7081,112508346.0,4065911565.0,0.9278249612,34.762538,1262.923006,46.13434898,1676.060898,0.02438711036082339
CN,000063,2021-01-19,36.43,37.09,35.62,35.86,33.8009,34.4132,33.0493,33.272,101941151.0,3697034724.0,0.9278249612,34.762538,1246.584613,46.13434898,1654.377754,0.022096583836956965
CN,000063,2021-01-20,35.6,36.09,35.09,35.87,33.0308,33.4854,32.5576,33.2813,70012182.0,2484475730.0,0.9278249612,34.762538,1246.932238,46.13434898,1654.839098,0.015175716911135222
CN,000063,2021-01-21,35.86,35.86,34.7,35.32,33.272,33.272,32.1957,32.771,93743220.0,3303233944.0,0.9278249612,34.762538,1227.812842,46.13434898,1629.465206,0.0203196147930123
CN,000063,2021-01-22,35.4,35.4,33.8,33.88,32.8452,32.8452,31.3607,31.4349,101234457.0,3472382141.0,0.9278249612,34.762538,1177.754787,46.13434898,1563.031743,0.02194340209371694
CN,000063,2021-01-25,34.96,36.1,34.45,35.7,32.4369,33.4947,31.9638,33.1235,146625985.0,5192650171.0,0.9278249612,34.762538,1241.022607,46.13434898,1646.996259,0.031782389530101485
CN,000063,2021-01-26,35.29,35.81,33.84,34.03,32.7431,33.2256,31.3978,31.5741,99995649.0,3463979657.0,0.9278249612,34.762538,1182.969168,46.13434898,1569.951896,0.02167488025968455
CN,000063,2021-01-27,34.06,34.55,33.88,33.92,31.6019,32.0565,31.4349,31.472,54517394.0,1860660227.0,0.9278249612,34.762538,1179.145289,46.13434898,1564.877117,0.011817094031961779
CN,000063,2021-01-28,33.5,33.5,32.2,32.52,31.0823,31.0823,29.8761,30.173,82246204.0,2687133488.0,0.9278249612,34.762538,1130.477736,46.13434898,1500.289029,0.017827541911484453
CN,000063,2021-01-29,32.8,32.85,31.8,32.19,30.4328,30.4792,29.505,29.8669,50997069.0,1638766025.0,0.9278249612,34.762538,1119.006098,46.13434898,1485.064694,0.011054034602744274
CN,000063,2021-02-01,31.98,32.6,31.71,32.32,29.672,30.2473,29.4215,29.9875,37325635.0,1203302693.0,0.9278249612,34.762538,1123.525228,46.13434898,1491.062159,0.008090638716107445
CN,000063,2021-02-02,32.25,32.27,31.52,31.72,29.9225,29.9411,29.2452,29.4308,53298777.0,1698850066.0,0.9278249612,34.762538,1102.667705,46.13434898,1463.38155,0.011552948763426985
CN,000063,2021-02-03,31.4,32.79,31.16,31.94,29.1339,30.4236,28.9112,29.634900000000002,65950621.0,2122733773.0,0.9278249612,34.76267975,1110.319991,46.13434898,1473.531106,0.014295340122517102
CN,000063,2021-02-04,31.4,31.7,30.57,31.49,29.1339,29.4122,28.3638,29.2174,86894997.0,2695921425.0,0.9278249612,38.57366943,1214.68485,46.13434898,1452.770649,0.01883520607122264
CN,000063,2021-02-05,31.41,31.64,30.83,30.89,29.1431,29.3565,28.605,28.6607,49682310.0,1545825529.0,0.9278249612,38.57366943,1191.540649,46.13434898,1425.09004,0.010769049764100518
CN,000063,2021-02-08,31.18,31.44,30.47,30.92,28.9297,29.171,28.271,28.6885,52464923.0,1621092537.0,0.9278249612,38.57366943,1192.697859,46.13434898,1426.47407,0.011372204043183617
CN,000063,2021-02-09,30.86,31.98,30.73,31.7,28.6328,29.672,28.5122,29.4122,57652854.0,1817006352.0,0.9278249612,38.57366943,1222.785321,46.13434898,1462.458863,0.012496730803548016
CN,000063,2021-02-10,31.71,32.44,31.36,32.21,29.4215,30.0988,29.0968,29.8854,59296444.0,1890296466.0,0.9278249612,38.57366943,1242.457892,46.13434898,1485.987381,0.012852992468953228
CN,000063,2021-02-18,32.89,33.17,32.4,32.46,30.5163,30.7761,30.0617,30.1174,70531931.0,2309614734.0,0.9278249612,38.57366943,1252.10131,46.13434898,1497.520968,0.015288376786367302
CN,000063,2021-02-19,32.37,33.0,31.95,32.95,30.0339,30.6184,29.6442,30.572,56051236.0,1826080025.0,0.9278249612,38.57366943,1271.002408,46.13434898,1520.126799,0.012149566914729659
CN,000063,2021-02-22,33.01,33.34,32.66,32.7,30.6277,30.9339,30.3029,30.34,69551049.0,2297330422.0,0.9278249612,38.57366943,1261.35899,46.13434898,1508.593212,0.015075762536532492
CN,000063,2021-02-23,32.6,32.99,32.1,32.35,30.2473,30.6091,29.7833,30.0153,54616318.0,1773748473.0,0.9278249612,38.57366943,1247.858206,46.13434898,1492.446189,0.011838536623477027
CN,000063,2021-02-24,32.36,32.78,31.81,32.08,30.0246,30.4143,29.5143,29.7648,51842852.0,1674615035.0,0.9278249612,38.57366943,1237.443315,46.13434898,1479.989915,0.011237365031958017
CN,000063,2021-02-25,32.49,32.55,31.96,31.98,30.1452,30.2009,29.6535,29.672,40821020.0,1315054996.0,0.9278249612,38.57366943,1233.585948,46.13434898,1475.37648,0.008848292194975285
CN,000063,2021-02-26,31.48,32.25,31.39,31.76,29.2081,29.9225,29.1246,29.4679,44885586.0,1427095430.0,0.9278249612,38.57366943,1225.099741,46.13434898,1465.226924,0.009729320342085816
CN,000063,2021-03-01,31.76,32.1,31.43,32.07,29.4679,29.7833,29.1617,29.7555,45016766.0,1433797019.0,0.9278249612,38.57366943,1237.057579,46.13434898,1479.528572,0.009757754687188825
CN,000063,2021-03-02,32.21,32.66,31.87,32.15,29.8854,30.3029,29.5699,29.8297,55511508.0,1790110183.0,0.9278249612,38.57366943,1240.143472,46.13434898,1483.21932,0.012032576426745536
CN,000063,2021-03-03,32.37,32.54,31.92,32.33,30.0339,30.1916,29.6163,29.9968,45584066.0,1468204077.0,0.9278249612,38.57366943,1247.086733,46.13434898,1491.523503,0.009880721633193836
CN,000063,2021-03-04,32.34,32.5,31.4,31.63,30.006,30.1545,29.1339,29.3473,62162407.0,1982186017.0,0.9278249612,38.57366943,1220.085164,46.13434898,1459.229458,0.013474213546819188
CN,000063,2021-03-05,31.03,31.91,31.0,31.71,28.7906,29.6071,28.7627,29.4215,37636755.0,1188920362.0,0.9278249612,38.57366943,1223.171058,46.13434898,1462.920206,0.008158076537790996
CN,000063,2021-03-08,31.72,32.36,31.48,31.59,29.4308,30.0246,29.2081,29.3102,45703515.0,1457585471.0,0.9278249612,38.57366943,1218.542217,46.13434898,1457.384084,0.009906613187456753
CN,000063,2021-03-09,31.44,31.5,30.48,30.87,29.171,29.2267,28.2803,28.6421,52365229.0,1620265940.0,0.9278249612,38.57366943,1190.769175,46.13434898,1424.167353,0.011350594547828385
CN,000063,2021-03-10,31.16,31.28,30.5,30.76,28.9112,29.0225,28.2988,28.5401,43488654.0,1338327211.0,0.9278249612,38.57366943,1186.526072,46.13434898,1419.092575,0.009426523829100319
CN,000063,2021-03-11,30.82,31.66,30.56,31.4,28.5957,29.3751,28.3545,29.1339,52266869.0,1630546887.0,0.9278249612,38.57366943,1211.21322,46.13434898,1448.618558,0.011329274207956971
CN,000063,2021-03-12,31.45,31.45,30.71,30.94,29.1803,29.1803,28.4937,28.7071,38224929.0,1182595505.0,0.9278249612,38.57366943,1193.469332,46.13434898,1427.396757,0.008285568095167254
CN,000063,2021-03-15,30.39,30.39,27.85,28.22,28.1968,28.1968,25.8401,26.1834,137720729.0,3945298158.0,0.9278249612,38.57366943,1088.548951,46.13434898,1301.911328,0.029852101968471302
CN,000063,2021-03-16,28.3,28.74,27.8,28.55,26.2576,26.6658,25.7937,26.4896,58866736.0,1663659446.0,0.9278249612,38.57366943,1101.278262,46.13434898,1317.135663,0.012759849721846015
CN,000063,2021-03-17,29.86,30.7,29.45,30.53,27.705,28.4844,27.3246,28.3267,112331669.0,3393630353.0,0.9278249612,38.57366943,1177.654128,46.13434898,1408.481674,0.024348814166359565
CN,000063,2021-03-18,30.4,30.57,30.1,30.45,28.206,28.3638,27.9277,28.2524,53867157.0,1631599210.0,0.9278249612,38.57366943,1174.568234,46.13434898,1404.790926,0.011676149808324444
CN,000063,2021-03-19,30.0,30.2,29.48,29.53,27.8349,28.0205,27.3524,27.3988,46781808.0,1393157700.0,0.9278249612,38.57366943,1139.080458,46.13434898,1362.347325,0.01014034207359915
CN,000063,2021-03-22,29.48,29.85,29.37,29.66,27.3524,27.6957,27.2504,27.5194,33248868.0,985090913.0,0.9278249612,38.57366943,1144.095035,46.13434898,1368.344791,0.007206965901786959
CN,000063,2021-03-23,29.8,30.28,29.65,29.71,27.6493,28.0947,27.5102,27.5658,37726011.0,1129289024.0,0.9278249612,38.57366943,1146.023719,46.13434898,1370.651508,0.008177423510702372
CN,000063,2021-03-24,29.7,29.71,29.0,29.05,27.5566,27.5658,26.9071,26.9535,34157404.0,997609005.0,0.9278249612,38.57366943,1120.565097,46.13434898,1340.202838,0.007403898560443065
CN,000063,2021-03-25,29.07,29.28,28.78,28.88,26.972,27.1669,26.703,26.7957,25757638.0,747912554.0,0.9278249612,38.57366943,1114.007573,46.13434898,1332.359999,0.005583180118389957
CN,000063,2021-03-26,29.2,29.65,29.15,29.48,27.0926,27.5102,27.0463,27.3524,38267511.0,1125857558.0,0.9278249612,38.57366943,1137.151775,46.13434898,1360.040608,0.008294798094276695
CN,000063,2021-03-29,29.48,29.63,29.2,29.25,27.3524,27.4916,27.0926,27.139,28458054.0,835424309.0,0.9278249612,38.57366943,1128.279831,46.13434898,1349.429708,0.006168517520933705
CN,000063,2021-03-30,29.27,29.55,29.13,29.32,27.1576,27.4174,27.0277,27.204,25426372.0,745634741.0,0.9278249612,38.57366943,1130.979988,46.13434898,1352.659112,0.005511375485329326
CN,000063,2021-04-01,29.96,29.96,29.33,29.39,27.7978,27.7978,27.2133,27.2689,36551110.0,1082606077.0,0.9278249612,38.57366943,1133.680145,46.13434898,1355.888517,0.007922754045114088
CN,000063,2021-04-02,29.4,29.85,29.4,29.6,27.2782,27.6957,27.2782,27.4638,29682633.0,879073472.0,0.9278249612,38.57366943,1141.780615,46.13434898,1365.57673,0.006433955102058102
CN,000063,2021-04-06,29.61,29.62,29.33,29.4,27.4731,27.4823,27.2133,27.2782,23166968.0,681679613.0,0.9278249612,38.57366943,1134.065881,46.13434898,1356.34986,0.005021631064967073
CN,000063,2021-04-07,29.33,29.33,28.85,29.11,27.2133,27.2133,26.7679,27.0091,31747742.0,921424121.0,0.9278249612,38.57366943,1122.879517,46.13434898,1342.970899,0.006881584481394366
CN,000063,2021-04-08,29.0,29.13,28.8,28.87,26.9071,27.0277,26.7215,26.7865,26839333.0,776485813.0,0.9278249612,38.57366943,1113.621836,46.13434898,1331.898655,0.0058176464160435626
CN,000063,2021-04-09,28.88,28.95,28.18,28.31,26.7957,26.8607,26.1463,26.2669,38656981.0,1098384588.0,0.9278249612,38.57366943,1092.020582,46.13434898,1306.06342,0.008379218923574372
CN,000063,2021-04-12,28.34,28.39,28.01,28.02,26.2947,26.3411,25.9885,25.9978,25590610.0,720662216.0,0.9278249612,38.57366943,1080.834217,46.13434898,1292.684458,0.0055469754241235635
CN,000063,2021-04-13,28.03,28.24,27.86,28.0,26.0071,26.2019,25.8494,25.9792,24007110.0,672310932.0,0.9278249612,38.57366943,1080.062744,46.13434898,1291.761771,0.0052037387609842455
CN,000063,2021-04-14,28.0,28.17,27.82,28.08,25.9792,26.137,25.8122,26.0535,32701281.0,914640427.0,0.9278249612,38.57366943,1083.148638,46.13434898,1295.452519,0.007088271910843815
CN,000063,2021-04-15,28.01,28.01,27.68,27.72,25.9885,25.9885,25.6823,25.7195,26086406.0,724986578.0,0.9278249612,38.57366943,1069.262117,46.13434898,1278.844154,0.0056544432893826865
CN,000063,2021-04-16,27.79,28.46,27.7,28.36,25.7844,26.406,25.7009,26.3133,37768398.0,1062602790.0,0.9278249612,38.57366943,1093.949265,46.13434898,1308.370137,0.008186611241956231
CN,000063,2021-04-19,28.2,29.08,28.16,28.92,26.1648,26.9813,26.1277,26.8329,46675442.0,1345118927.0,0.9278249612,38.57366943,1115.55052,46.13434898,1334.205373,0.010117286367308352
CN,000063,2021-04-20,28.84,29.02,28.56,28.58,26.7586,26.9256,26.4988,26.5174,29867868.0,859271938.0,0.9278249612,38.57366943,1102.435472,46.13434898,1318.519694,0.006474106313486338
CN,000063,2021-04-21,28.53,28.53,28.21,28.3,26.471,26.471,26.1741,26.2576,20996111.0,594977287.0,0.9278249612,38.57366943,1091.634845,46.13434898,1305.602076,0.004551079935928468
CN,000063,2021-04-22,28.21,30.25,28.21,29.53,26.1741,28.0669,26.1741,27.3988,76505874.0,2238987799.0,0.9278249612,38.57366943,1139.080458,46.13434898,1362.347325,0.016583278119556115
CN,000063,2021-04-23,29.33,29.66,29.14,29.19,27.2133,27.5194,27.037,27.0834,42719800.0,1253695758.0,0.9278249612,38.57366943,1125.965411,46.13434898,1346.661647,0.009259868394050545
CN,000063,2021-04-26,29.2,29.83,29.03,29.14,27.0926,27.6772,26.9349,27.037,45461184.0,1337860385.0,0.9278249612,38.57366943,1124.036727,46.13434898,1344.354929,0.009854085947914464
CN,000063,2021-04-27,29.11,29.3,28.78,29.13,27.0091,27.1854,26.703,27.0277,28923576.0,840137310.0,0.9278249612,38.57366943,1123.650991,46.13434898,1343.893586,0.006269423247424353
CN,000063,2021-04-28,29.09,29.57,28.91,29.56,26.9906,27.4359,26.8236,27.4267,31594722.0,924974542.0,0.9278249612,38.57366943,1140.237668,46.13434898,1363.731356,0.006848416136466309
CN,000063,2021-04-29,29.65,29.97,29.16,29.19,27.5102,27.8071,27.0555,27.0834,45919382.0,1357031929.0,0.9278249612,38.57366943,1125.965411,46.13434898,1346.661647,0.009953404137101145
CN,000063,2021-04-30,29.17,29.34,28.77,28.95,27.0648,27.2225,26.6937,26.8607,33498152.0,969507406.0,0.9278249612,38.57366943,1116.70773,46.13434898,1335.589403,0.007261000261328495
CN,000063,2021-05-06,28.85,28.98,28.48,28.52,26.7679,26.8885,26.4246,26.4617,26568483.0,762244099.0,0.9278249612,38.57366943,1100.121052,46.13434898,1315.751633,0.005758937448433026
CN,000063,2021-05-07,28.51,28.76,28.11,28.14,26.4524,26.6844,26.0813,26.1091,28147320.0,798378096.0,0.9278249612,38.57366943,1085.463058,46.13434898,1298.22058,0.006101163367928379
CN,000063,2021-05-10,28.12,28.38,27.75,28.33,26.0906,26.3318,25.7473,26.2854,25772176.0,725624563.0,0.9278249612,38.57366943,1092.792055,46.13434898,1306.986107,0.00558633134959218
CN,000063,2021-05-11,28.12,28.49,28.11,28.44,26.0906,26.4339,26.0813,26.3875,23095984.0,653838753.0,0.9278249612,38.57366943,1097.035159,46.13434898,1312.060885,0.005006244698502734
CN,000063,2021-05-12,28.33,28.66,28.25,28.58,26.2854,26.5916,26.2112,26.5174,24001537.0,683996096.0,0.9278249612,38.57366943,1102.435472,46.13434898,1318.519694,0.00520253076734757
CN,000063,2021-05-13,28.37,28.75,28.16,28.18,26.3225,26.6751,26.1277,26.1463,32051095.0,910719656.0,0.9278249612,38.57366943,1087.006005,46.13434898,1300.065954,0.0069473387418764005
CN,000063,2021-05-14,28.35,29.24,28.1,29.08,26.304,27.1298,26.072,26.9813,46844603.0,1346329166.0,0.9278249612,38.57366943,1121.722307,46.13434898,1341.586868,0.01015395340688733
CN,000063,2021-05-17,28.97,29.5,28.95,29.15,26.8792,27.371,26.8607,27.0463,41076828.0,1202225864.0,0.9278249612,38.57366943,1124.422464,46.13434898,1344.816273,0.00890374068523379
CN,000063,2021-05-18,29.28,29.85,28.96,29.46,27.1669,27.6957,26.87,27.3339,49662576.0,1463254463.0,0.9278249612,38.57366943,1136.380301,46.13434898,1359.117921,0.010764772257115744
CN,000063,2021-05-19,29.39,29.39,29.0,29.12,27.2689,27.2689,26.9071,27.0184,31307841.0,912291901.0,0.9278249612,38.57366943,1123.265254,46.13434898,1343.432242,0.006786232317610565
CN,000063,2021-05-20,29.11,29.41,28.97,29.09,27.0091,27.2875,26.8792,26.9906,29818447.0,869724598.0,0.9278249612,38.57366943,1122.108044,46.13434898,1342.048212,0.006463393904816298
CN,000063,2021-05-21,29.05,29.28,28.71,28.71,26.9535,27.1669,26.638,26.638,29676982.0,859785337.0,0.9278249612,38.57366943,1107.450049,46.13434898,1324.517159,0.006432730201279194
CN,000063,2021-05-24,28.69,29.68,28.38,29.43,26.6194,27.538,26.3318,27.306,55641601.0,1615581784.0,0.9278249612,38.57366943,1135.223091,46.13434898,1357.73389,0.012060775155648462
CN,000063,2021-05-25,29.42,30.08,29.35,29.91,27.2968,27.9091,27.2318,27.7514,73794344.0,2202709692.0,0.9278249612,38.57366943,1153.738453,46.13434898,1379.878378,0.015995531666002497
CN,000063,2021-05-26,29.8,30.39,29.7,29.76,27.6493,28.1968,27.5566,27.6122,55079413.0,1654191301.0,0.9278249612,38.57366943,1147.952402,46.13434898,1372.958226,0.01193891627773437
CN,000063,2021-05-27,29.83,30.94,29.81,30.54,27.6772,28.7071,27.6586,28.3359,74432629.0,2265818328.0,0.9278249612,38.57366943,1178.039864,46.13434898,1408.943018,0.016133885195230083
CN,000063,2021-05-28,30.4,31.85,30.36,31.37,28.206,29.5514,28.1689,29.106,105784698.0,3295701957.0,0.9278249612,38.57366943,1210.05601,46.13434898,1447.234528,0.022929704296002835
CN,000063,2021-05-31,31.38,32.11,31.09,31.44,29.1153,29.7926,28.8462,29.171,70104585.0,2212625603.0,0.9278249612,38.57366943,1212.756167,46.13434898,1450.463932,0.015195746022208202
CN,000063,2021-06-01,31.56,31.98,31.4,31.56,29.2823,29.672,29.1339,29.2823,57756194.0,1826356623.0,0.9278249612,38.57366943,1217.385007,46.13434898,1456.000054,0.012519130599423493
CN,000063,2021-06-02,31.61,31.63,30.6,30.74,29.3287,29.3473,28.3916,28.5215,56710663.0,1755097104.0,0.9278249612,38.57366943,1185.754598,46.13434898,1418.169888,0.012292503146535134
CN,000063,2021-06-03,30.81,33.5,30.81,32.78,28.5864,31.0823,28.5864,30.4143,162961179.0,5337826993.0,0.9278249612,38.57366943,1264.444884,46.13434898,1512.28396,0.035323177329465806
CN,000063,2021-06-04,33.03,33.39,32.57,33.0,30.6462,30.9803,30.2194,30.6184,79614244.0,2628906513.0,0.9278249612,38.57366943,1272.931091,46.13434898,1522.433516,0.01725704291059013
CN,000063,2021-06-07,33.1,34.28,33.1,33.64,30.7112,31.806,30.7112,31.2122,80881787.0,2729520314.0,0.9278249612,38.57366943,1297.61824,46.13434898,1551.9595,0.017531793292469258
CN,000063,2021-06-08,33.6,33.7,33.02,33.22,31.1751,31.2679,30.637,30.8225,54667618.0,1819931818.0,0.9278249612,38.57366943,1281.417298,46.13434898,1532.583073,0.011849656320868278
CN,000063,2021-06-09,33.2,33.36,32.53,32.94,30.804,30.9524,30.1823,30.5627,45073162.0,1483913469.0,0.9278249612,38.57366943,1270.616671,46.13434898,1519.665455,0.009769978984539254
CN,000063,2021-06-10,33.08,33.65,32.94,33.11,30.6926,31.2215,30.5627,30.7205,51868262.0,1726759395.0,0.9278249612,38.57366943,1277.174195,46.13434898,1527.508295,0.011242872858677543
CN,000063,2021-06-11,33.05,33.11,32.3,32.45,30.6648,30.7205,29.9689,30.1081,51155042.0,1665387619.0,0.9278249612,38.57366943,1251.715573,46.13434898,1497.059624,0.011088276551204083
CN,000063,2021-06-15,32.92,33.28,32.2,32.25,30.5442,30.8782,29.8761,29.9225,43555465.0,1419909329.0,0.9278249612,38.57366943,1244.000839,46.13434898,1487.832755,0.00944100566345523
CN,000063,2021-06-16,32.48,32.57,31.69,31.97,30.1359,30.2194,29.4029,29.6627,41781362.0,1340076071.0,0.9278249612,38.57366943,1233.200212,46.13434898,1474.915137,0.009056454230688918
CN,000063,2021-06-17,32.08,32.86,31.76,32.8,29.7648,30.4885,29.4679,30.4328,57863644.0,1873993664.0,0.9278249612,38.57366943,1265.216357,46.13434898,1513.206647,0.012542421271639672
CN,000063,2021-06-18,32.53,34.5,32.51,34.15,30.1823,32.0101,30.1638,31.6854,126583430.0,4276232400.0,0.9278249612,38.57366943,1317.290811,46.13434898,1575.488018,0.027438000708512437
CN,000063,2021-06-21,33.92,34.45,33.36,33.42,31.472,31.9638,30.9524,31.0081,70245279.0,2371085205.0,0.9278249612,38.57366943,1289.132032,46.13434898,1541.809943,0.015226242605147086
CN,000063,2021-06-22,33.41,33.7,32.59,32.71,30.9988,31.2679,30.238,30.3493,55048744.0,1818874130.0,0.9278249612,38.57366943,1261.744727,46.13434898,1509.054555,0.011932268519463564
CN,000063,2021-06-23,32.72,33.59,32.51,33.0,30.3586,31.1658,30.1638,30.6184,49963080.0,1653895865.0,0.9278249612,38.57366943,1272.931091,46.13434898,1522.433516,0.010829908973389831
CN,000063,2021-06-24,33.05,33.26,32.12,32.26,30.6648,30.8596,29.8019,29.9318,52965838.0,1724493153.0,0.9278249612,38.57366943,1244.386576,46.13434898,1488.294098,0.011480781493841295
CN,000063,2021-06-25,32.12,32.55,31.92,32.33,29.8019,30.2009,29.6163,29.9968,40260640.0,1298244564.0,0.9278249612,38.57366943,1247.086733,46.13434898,1491.523503,0.008726825215947807
CN,000063,2021-06-28,32.45,33.53,32.45,33.39,30.1081,31.1101,30.1081,30.9803,69953847.0,2315631538.0,0.9278249612,38.57366943,1287.974822,46.13434898,1540.425912,0.015163072319569556
CN,000063,2021-06-29,33.3,33.3,32.54,32.54,30.8967,30.8967,30.1916,30.1916,45705214.0,1498209488.0,0.9278249612,38.57366943,1255.187203,46.13434898,1501.211716,0.00990698145969589
CN,000063,2021-06-30,32.41,33.42,32.03,33.23,30.071,31.0081,29.7184,30.8318,64380714.0,2112187782.0,0.9278249612,38.57366943,1281.803035,46.13434898,1533.044417,0.013955049854049117
CN,000063,2021-07-01,33.33,33.9,32.8,32.81,30.9246,31.4534,30.4328,30.4421,54784838.0,1826667516.0,0.9278249612,38.57366943,1265.602094,46.13434898,1513.66799,0.01187506472102817
CN,000063,2021-07-02,32.68,32.68,31.61,31.75,30.3215,30.3215,29.3287,29.4586,54167758.0,1740607886.0,0.9278249612,38.57366943,1224.714004,46.13434898,1464.76558,0.011741307550147205
CN,000063,2021-07-05,31.65,32.14,31.37,32.09,29.3658,29.8205,29.106,29.7741,38878360.0,1235034706.0,0.9278249612,38.57366943,1237.829052,46.13434898,1480.451259,0.00842720464460318
CN,000063,2021-07-06,32.0,32.0,30.89,31.43,29.6906,29.6906,28.6607,29.1617,54645243.0,1717930312.0,0.9278249612,38.57366943,1212.37043,46.13434898,1450.002588,0.011844806355388175
CN,000063,2021-07-07,31.2,31.39,30.87,31.16,28.9483,29.1246,28.6421,28.9112,44239973.0,1375100999.0,0.9278249612,38.57366943,1201.955539,46.13434898,1437.546314,0.009589378408521329
CN,000063,2021-07-08,31.11,31.38,30.92,31.03,28.8648,29.1153,28.6885,28.7906,39025732.0,1215006141.0,0.9278249612,38.57366943,1196.940962,46.13434898,1431.548849,0.008459148739027032
CN,000063,2021-07-09,31.0,31.55,30.75,31.27,28.7627,29.273,28.5308,29.0133,47829194.0,1489051597.0,0.9278249612,38.57366943,1206.198643,46.13434898,1442.621093,0.010367371613011109
CN,000063,2021-07-12,33.0,34.4,32.9,34.4,30.6184,31.9174,30.5256,31.9174,98988864.0,3365862230.0,0.9278249612,38.57366943,1326.934228,46.13434898,1587.021605,0.021456651321320977
CN,000063,2021-07-13,35.76,36.45,34.83,35.59,33.1792,33.8194,32.3163,33.0215,253710051.0,9020187312.0,0.9278249612,38.57366943,1372.836895,46.13434898,1641.92148,0.05499374253877246
CN,000063,2021-07-14,35.69,36.95,35.48,36.03,33.1143,34.2833,32.9194,33.4297,157321988.0,5687811732.0,0.9278249612,38.57366943,1389.80931,46.13434898,1662.220594,0.03410083624854047
CN,000063,2021-07-15,36.04,36.35,35.35,35.8,33.439,33.7266,32.7988,33.2163,94484655.0,3375151426.0,0.9278249612,38.57366943,1380.937366,46.13434898,1651.609693,0.02048032693405095
CN,000063,2021-07-16,35.9,36.48,35.67,35.87,33.3091,33.8472,33.0957,33.2813,98088307.0,3541997457.0,0.9278249612,38.57366943,1383.637522,46.13434898,1654.839098,0.021261448176611943
CN,000063,2021-07-19,35.46,38.49,34.98,37.94,32.9009,35.7122,32.4555,35.2019,189379491.0,7037120191.0,0.9278249612,38.57366943,1463.485018,46.13434898,1750.3372,0.041049563977178724
CN,000063,2021-07-20,37.4,37.8,36.74,37.27,34.7009,35.072,34.0885,34.5802,102312184.0,3798795125.0,0.9278249612,38.57366943,1437.64066,46.13434898,1719.427186,0.022177008294699034
CN,000063,2021-07-21,37.2,37.44,36.46,36.99,34.5153,34.738,33.8287,34.3204,98710738.0,3645071055.0,0.9278249612,38.57366943,1426.840032,46.13434898,1706.509569,0.021396365220801693
CN,000063,2021-07-22,36.91,37.75,36.56,37.14,34.2462,35.0256,33.9215,34.4596,94003287.0,3484033270.0,0.9278249612,38.57366943,1432.626083,46.13434898,1713.429721,0.02037598645658834
CN,000063,2021-07-23,37.44,37.45,36.11,36.37,34.738,34.7472,33.504,33.7452,78872205.0,2881193229.0,0.9278249612,38.75561212,1409.541613,46.31629167,1684.523528,0.017029041435777797
CN,000063,2021-07-26,36.0,36.78,34.99,36.15,33.4019,34.1256,32.4648,33.5411,88755397.0,3192416010.0,0.9278249612,38.75561212,1401.015378,46.31629167,1674.333944,0.01916288929873215
CN,000063,2021-07-27,36.35,38.79,35.81,36.77,33.7266,35.9905,33.2256,34.1163,187140444.0,7046062804.0,0.9278249612,38.75561212,1425.043858,46.31629167,1703.050045,0.040404885031245855
CN,000063,2021-07-28,36.64,38.15,35.03,37.29,33.9957,35.3967,32.5019,34.5988,149183810.0,5504887492.0,0.9278249612,38.75561212,1445.196776,46.31629167,1727.134516,0.03220979154871101
CN,000063,2021-07-29,38.12,38.28,37.05,37.55,35.3689,35.5173,34.3761,34.84,136868903.0,5163384354.0,0.9278249612,38.75561212,1455.273235,46.31629167,1739.176752,0.029550920003522812
CN,000063,2021-07-30,37.25,39.13,37.1,38.8,34.5617,36.306,34.4225,35.9998,168116867.0,6482603038.0,0.9278249612,38.75561212,1503.71775,46.31629167,1797.072117,0.0362975663504798
CN,000063,2021-08-02,39.8,41.06,39.11,40.75,36.9276,38.0967,36.2874,37.8091,178367319.0,7174063730.0,0.9278249612,38.75561212,1579.291194,46.31629167,1887.388886,0.03851070812638744
CN,000063,2021-08-03,40.39,41.68,39.51,39.8,37.4751,38.672,36.6586,36.9276,136079220.0,5497276764.0,0.9278249612,38.75561212,1542.473362,46.31629167,1843.388408,0.029380422113573758
CN,000063,2021-08-04,39.74,41.32,39.72,41.06,36.872,38.3379,36.8534,38.0967,121018602.0,4927703005.0,0.9278249612,38.75561212,1591.305434,46.31629167,1901.746936,0.026128733030322936
CN,000063,2021-08-05,40.7,40.89,39.9,40.3,37.7627,37.939,37.0204,37.3916,86233134.0,3478938753.0,0.9278249612,38.75561212,1561.851168,46.31629167,1866.546554,0.01861831569211206
CN,000063,2021-08-06,40.53,40.56,39.15,39.65,37.605,37.6328,36.3246,36.7885,86340503.0,3419651029.0,0.9278249612,38.8164172,1539.070942,46.37709675,1838.851886,0.01861705648920337
CN,000063,2021-08-09,39.66,40.3,38.8,39.72,36.7977,37.3916,35.9998,36.8534,88998672.0,3516094696.0,0.9278249612,38.8164172,1541.788091,46.37709675,1842.098283,0.01919022065562998
CN,000063,2021-08-10,39.6,40.07,39.35,39.9,36.7421,37.1782,36.5101,37.0204,62077147.0,2464410990.0,0.9278249612,38.8164172,1548.775046,46.37709675,1850.44616,0.013385302520041857
CN,000063,2021-08-11,39.59,39.59,36.52,36.72,36.7328,36.7328,33.8844,34.0699,211800382.0,7995533422.0,0.9278249612,38.8164172,1425.33884,46.37709675,1702.966993,0.04566917656396851
CN,000063,2021-08-12,36.18,37.39,36.04,36.5,33.5689,34.6916,33.439,33.8658,103502488.0,3801031240.0,0.9278249612,38.8164172,1416.799228,46.37709675,1692.764031,0.022317586751482023
CN,000063,2021-08-13,36.4,36.4,35.0,35.5,33.773,33.773,32.4741,32.938,118405933.0,4217937745.0,0.9278249612,38.8164172,1377.982811,46.37709675,1646.386935,0.02553112232063125
CN,000063,2021-08-16,35.45,36.09,35.11,35.61,32.8916,33.4854,32.5761,33.04,60822232.0,2173333921.0,0.9278249612,38.8164172,1382.252616,46.37709675,1651.488415,0.013114713136932186
CN,000063,2021-08-17,35.75,35.83,34.86,35.01,33.1699,33.2442,32.3442,32.4833,65255913.0,2298215401.0,0.9278249612,38.8164172,1358.962766,46.37709675,1623.662157,0.01407071972438637
CN,000063,2021-08-18,35.01,35.25,34.65,35.21,32.4833,32.706,32.1493,32.6689,53920722.0,1885764160.0,0.9278249612,38.8164172,1366.72605,46.37709675,1632.937577,0.011626584193198768
CN,000063,2021-08-19,35.18,36.33,35.0,36.29,32.6411,33.7081,32.4741,33.671,91006823.0,3274905394.0,0.9278249612,38.8164172,1408.64778,46.37709675,1683.024841,0.01962322555259995
CN,000063,2021-08-20,35.88,35.91,35.18,35.38,33.4751,33.5031,32.8221,33.0086,56777503.0,2013778069.0,0.9329734313,38.8164172,1373.324841,46.37709675,1640.821683,0.012242573808805744
CN,000063,2021-08-23,35.35,35.68,34.87,35.49,32.9807,33.2885,32.5328,33.1113,49220489.0,1742265263.0,0.9329734313,38.8164172,1377.594646,46.37709675,1645.923164,0.010613102684139019
CN,000063,2021-08-24,35.11,35.43,34.9,35.04,32.7567,33.0553,32.5608,32.6914,56917164.0,1998692018.0,0.9329734313,38.8164172,1360.127259,46.37709675,1625.05347,0.0122726880267683
CN,000063,2021-08-25,35.01,35.28,33.81,34.16,32.6634,32.9153,31.5439,31.8704,102374101.0,3519743856.0,0.9329734313,38.8164172,1325.968812,46.37709675,1584.241625,0.02207427980062163
CN,000063,2021-08-26,34.13,34.4,33.67,33.9,31.8424,32.0943,31.4133,31.6278,56204684.0,1915106367.0,0.9329734313,38.8164172,1315.876543,46.37709675,1572.18358,0.012119060471373727
CN,000063,2021-08-27,34.0,34.6,33.7,34.42,31.7211,32.2809,31.4413,32.113,59983149.0,2047688900.0,0.9329734313,38.8164172,1336.06108,46.37709675,1596.29967,0.012933786977512775
CN,000063,2021-08-30,34.71,34.73,32.44,32.8,32.3836,32.4022,30.2657,30.6016,133339146.0,4437707053.0,0.9329734313,38.8164172,1273.178484,46.37709675,1521.168773,0.028751076575314085
CN,000063,2021-08-31,32.83,33.22,32.47,33.2,30.6296,30.9934,30.2937,30.9748,65312931.0,2147105406.0,0.9329734313,38.8164172,1288.705051,46.37709675,1539.719612,0.01408301415504195
CN,000063,2021-09-01,33.2,34.14,32.68,33.72,30.9748,31.8518,30.4896,31.4599,80363728.0,2687909512.0,0.9329734313,38.8164172,1308.889588,46.37709675,1563.835702,0.01732832230383201
CN,000063,2021-09-02,33.73,33.8,32.89,33.15,31.4692,31.5345,30.6855,30.9281,56448582.0,1870421918.0,0.9329734313,38.8164172,1286.76423,46.37709675,1537.400757,0.01217165065426395
CN,000063,2021-09-03,32.94,33.73,32.93,33.24,30.7322,31.4692,30.7229,31.0121,49625039.0,1654307362.0,0.9329734313,38.83213187,1290.780063,46.39281142,1542.097052,0.010696708710049544
CN,000063,2021-09-06,33.2,34.06,33.03,33.93,30.9748,31.7771,30.8162,31.6558,58871479.0,1980358561.0,0.9329734313,38.83213187,1317.574234,46.39281142,1574.108091,0.012689784731308702
CN,000063,2021-09-07,34.08,34.1,33.55,33.84,31.7958,31.8144,31.3013,31.5719,51814823.0,1748303013.0,0.9329734313,38.83213187,1314.079342,46.39281142,1569.932738,0.011168718043602454
CN,000063,2021-09-08,34.0,34.94,33.65,34.64,31.7211,32.5981,31.3946,32.3182,82134239.0,2820689401.0,0.9329734313,38.83213187,1345.145048,46.39281142,1607.046988,0.017704087440708935
CN,000063,2021-09-09,34.5,35.03,34.27,34.65,32.1876,32.6821,31.973,32.3276,51701259.0,1792821452.0,0.9329734313,38.83213187,1345.533369,46.39281142,1607.510916,0.011144239251193887
CN,000063,2021-09-10,34.7,35.43,34.27,35.19,32.3742,33.0553,31.973,32.8314,74949561.0,2625332381.0,0.9329734313,38.83213187,1366.502721,46.39281142,1632.563034,0.01615542552950114
CN,000063,2021-09-13,34.92,34.92,34.17,34.18,32.5795,32.5795,31.8797,31.8891,55874500.0,1920705240.0,0.9329734313,38.83213187,1327.282267,46.39281142,1585.706294,0.012043784002258685
CN,000063,2021-09-14,34.1,34.62,33.33,33.5,31.8144,32.2996,31.096,31.2547,47287463.0,1608043306.0,0.9329734313,38.83213187,1300.876418,46.39281142,1554.159183,0.010192842716924527
CN,000063,2021-09-15,33.35,34.18,33.18,33.79,31.1147,31.8891,30.9561,31.5252,38051785.0,1282752221.0,0.9329734313,38.83213187,1312.137736,46.39281142,1567.613098,0.008202086451608283
CN,000063,2021-09-16,33.78,34.5,33.5,33.93,31.5159,32.1876,31.2547,31.6558,45528600.0,1551227215.0,0.9329734313,38.83213187,1317.574234,46.39281142,1574.108091,0.009813718678918554
CN,000063,2021-09-17,33.93,34.33,33.4,34.0,31.6558,32.029,31.1614,31.7211,33564106.0,1137375724.0,0.9329734313,38.83213187,1320.292484,46.39281142,1577.355588,0.0072347643897111335
CN,000063,2021-09-22,33.33,34.11,33.2,33.8,31.096,31.8238,30.9748,31.5345,29337358.0,986598651.0,0.9329734313,38.83213187,1312.526057,46.39281142,1568.077026,0.006323686170774429
CN,000063,2021-09-23,34.14,35.4,34.14,35.03,31.8518,33.0273,31.8518,32.6821,81018564.0,2828877967.0,0.9329734313,38.83213187,1360.289579,46.39281142,1625.140184,0.01746360298506781
CN,000063,2021-09-24,34.81,35.15,34.39,34.47,32.4769,32.7941,32.085,32.1596,42176454.0,1461186004.0,0.9329734313,38.83213187,1338.543586,46.39281142,1599.16021,0.009091161477189046
CN,000063,2021-09-27,35.33,35.88,34.5,34.66,32.962,33.4751,32.1876,32.3369,60472034.0,2120352734.0,0.9329734313,38.83213187,1345.921691,46.39281142,1607.974844,0.01303478537925607
CN,000063,2021-09-28,34.4,34.51,33.57,34.2,32.0943,32.197,31.32,31.9077,38426788.0,1309095318.0,0.9329734313,38.83213187,1328.05891,46.39281142,1586.634151,0.008282918586700301
CN,000063,2021-09-29,33.9,33.92,32.6,32.65,31.6278,31.6465,30.415,30.4616,59450683.0,1969393860.0,0.9329734313,38.83213187,1267.869106,46.39281142,1514.725293,0.012814632521789946
CN,000063,2021-09-30,32.56,33.27,32.56,33.13,30.3777,31.0401,30.3777,30.9095,27130994.0,896575450.0,0.9329734313,38.83213187,1286.508529,46.39281142,1536.993842,0.005848103007679287
CN,000063,2021-10-08,33.66,34.33,33.62,33.86,31.4039,32.029,31.3666,31.5905,37492502.0,1273662058.0,0.9329734313,38.86401505,1315.93555,46.4246946,1571.940159,0.008075982475068345
CN,000063,2021-10-11,34.19,35.2,33.78,34.6,31.8984,32.8407,31.5159,32.2809,57371037.0,1987058810.0,0.9329734313,38.86401505,1344.694921,46.4246946,1606.294433,0.012357870632066581
CN,000063,2021-10-12,34.39,35.2,33.91,34.4,32.085,32.8407,31.6372,32.0943,49367642.0,1708520730.0,0.9329734313,38.86401505,1336.922118,46.4246946,1597.009494,0.010633918526628284
CN,000063,2021-10-13,34.38,35.16,34.2,34.89,32.0757,32.8034,31.9077,32.5515,51104564.0,1783743152.0,0.9329734313,38.86401505,1355.965485,46.4246946,1619.757595,0.01100805604437945
CN,000063,2021-10-14,35.01,35.08,33.91,33.98,32.6634,32.7288,31.6372,31.7025,47624419.0,1631707764.0,0.9329734313,38.86401505,1320.599231,46.4246946,1577.511123,0.0102584237570838
CN,000063,2021-10-15,35.38,35.48,34.07,34.17,33.0086,33.1019,31.7865,31.8797,56392154.0,1951064120.0,0.9329734313,38.86401505,1327.983394,46.4246946,1586.331814,0.012147016687106004
CN,000063,2021-10-18,34.0,34.44,33.58,33.76,31.7211,32.1317,31.3293,31.4972,50881677.0,1723563698.0,0.9329734313,38.86401505,1312.049148,46.4246946,1567.29769,0.010960045604694189
CN,000063,2021-10-19,33.56,34.2,33.56,34.08,31.3106,31.9077,31.3106,31.7958,28521161.0,967774560.0,0.9329734313,38.86401505,1324.485633,46.4246946,1582.153592,0.006143532282924269
CN,000063,2021-10-20,34.15,34.29,33.68,33.78,31.8611,31.9917,31.4226,31.5159,34407514.0,1168459714.0,0.9329734313,38.86401505,1312.826428,46.4246946,1568.226184,0.007411468033652935
CN,000063,2021-10-21,33.81,33.99,33.14,33.41,31.5439,31.7118,30.9188,31.1707,39758882.0,1328135882.0,0.9329734313,38.86401505,1298.446743,46.4246946,1551.049047,0.008564166623510755
CN,000063,2021-10-22,33.39,33.6,33.18,33.26,31.152,31.348,30.9561,31.0307,37327323.0,1242616525.0,0.9329734313,38.86401505,1292.617141,46.4246946,1544.085342,0.008040402488722027
CN,000063,2021-10-25,33.3,34.06,32.85,33.94,31.0681,31.7771,30.6482,31.6652,39604930.0,1325839762.0,0.9329734313,38.86401505,1319.044671,46.4246946,1575.654135,0.008531004962173731
CN,000063,2021-10-26,34.02,34.5,33.61,34.15,31.7398,32.1876,31.3573,31.8611,56129091.0,1915091518.0,0.9329734313,38.86401505,1327.206114,46.4246946,1585.403321,0.012090352232494815
CN,000063,2021-10-27,34.05,34.23,33.5,33.53,31.7678,31.9357,31.2547,31.2826,31543490.0,1064039729.0,0.9329734313,38.86401505,1303.110425,46.4246946,1556.62001,0.006794549812719716
CN,000063,2021-10-28,33.67,33.85,32.8,32.96,31.4133,31.5812,30.6016,30.7508,40872417.0,1357752463.0,0.9329734313,38.86401505,1280.957936,46.4246946,1530.157934,0.008804024959595534
CN,000063,2021-10-29,33.1,33.25,32.58,32.62,30.8815,31.0214,30.3963,30.4336,53217186.0,1745217855.0,0.9329734313,38.86401505,1267.744171,46.4246946,1514.373538,0.011463120319589567
CN,000063,2021-11-01,32.0,32.0,30.4,31.39,29.8552,29.8552,28.3624,29.2861,112489934.0,3493084420.0,0.9329734313,38.86401505,1219.941432,46.4246946,1457.271163,0.02423062444873897
CN,000063,2021-11-02,31.29,31.92,30.81,31.16,29.1928,29.7806,28.745,29.0715,49363446.0,1546259953.0,0.9329734313,38.86401505,1211.002709,46.4246946,1446.593484,0.010633014697311547
CN,000063,2021-11-03,31.18,31.4,30.86,31.08,29.0902,29.2954,28.7916,28.9969,31871726.0,991415981.0,0.9329734313,38.86401505,1207.893588,46.4246946,1442.879508,0.006865252701091544
CN,000063,2021-11-04,31.2,31.68,31.09,31.67,29.1088,29.5566,29.0062,29.5473,39962572.0,1254495206.0,0.9329734313,38.86401505,1230.823357,46.4246946,1470.270078,0.00860804197945117
CN,000063,2021-11-05,31.54,31.88,31.29,31.3,29.426,29.7432,29.1928,29.2021,40361729.0,1273182443.0,0.9329734313,38.86401505,1216.443671,46.4246946,1453.092941,0.00869402143573821
CN,000063,2021-11-08,31.12,31.42,31.01,31.15,29.0342,29.3141,28.9315,29.0622,27943005.0,871105981.0,0.9329734313,38.86401505,1210.614069,46.4246946,1446.129237,0.006018995976335405
CN,000063,2021-11-09,31.17,31.7,31.1,31.49,29.0808,29.5753,29.0155,29.3794,29324680.0,921386986.0,0.9329734313,38.87340479,1224.123517,46.43408434,1462.209316,0.006315335042525789
CN,000063,2021-11-10,31.36,31.81,31.25,31.76,29.2581,29.6779,29.1555,29.6313,36030924.0,1138757262.0,0.9329734313,38.87340479,1234.619336,47.28729577,1501.844514,0.007619578031116496
CN,000063,2021-11-11,31.6,32.15,31.59,32.15,29.482,29.9951,29.4727,29.9951,39774404.0,1268228284.0,0.9329734313,38.87430283,1249.808836,47.28819381,1520.315431,0.008411064326078983
CN,000063,2021-11-12,32.0,32.22,31.72,31.82,29.8552,30.0604,29.594,29.6873,33794646.0,1077659471.0,0.9329734313,38.87430283,1236.980316,47.28819381,1504.710327,0.0071465292448648085
CN,000063,2021-11-15,31.81,32.02,31.23,31.54,29.6779,29.8739,29.1368,29.426,34238691.0,1079741614.0,0.9329734313,38.87430283,1226.095511,47.28819381,1491.469633,0.007240431118508817
CN,000063,2021-11-16,31.8,32.12,31.6,31.7,29.6686,29.9672,29.482,29.5753,36499678.0,1162648125.0,0.9329734313,38.87430283,1232.3154,47.28819381,1499.035744,0.007718560397263775
CN,000063,2021-11-17,31.63,32.16,31.34,32.08,29.51,30.0045,29.2394,29.9298,42603749.0,1358499347.0,0.9329734313,38.87430283,1247.087635,47.28819381,1517.005257,0.009009383858300508
CN,000063,2021-11-18,31.88,32.1,31.76,31.82,29.7432,29.9485,29.6313,29.6873,28944622.0,923324591.0,0.9329734313,38.87430283,1236.980316,47.28819381,1504.710327,0.006120898192114731
CN,000063,2021-11-19,31.7,32.05,31.52,31.99,29.5753,29.9018,29.4074,29.8459,27669670.0,880921026.0,0.9329734313,38.87430283,1243.588948,47.28819381,1512.74932,0.005851285018661194
CN,000063,2021-11-22,31.99,32.83,31.91,32.4,29.8459,30.6296,29.7712,30.2284,39529103.0,1283236066.0,0.9329734313,38.87430283,1259.527412,47.28819381,1532.137479,0.00835919070176895
CN,000063,2021-11-23,32.5,32.89,32.37,32.42,30.3217,30.6855,30.2004,30.247,29400586.0,957769848.0,0.9329734313,38.87430283,1260.304898,47.28819381,1533.083243,0.006217320568032074
CN,000063,2021-11-24,32.68,32.8,32.2,32.65,30.4896,30.6016,30.0418,30.4616,38990482.0,1270290981.0,0.9329734313,38.87430283,1269.245987,47.28819381,1543.959528,0.008245288910094661
CN,000063,2021-11-25,32.64,32.77,32.15,32.16,30.4523,30.5736,29.9951,30.0045,30823260.0,999055161.0,0.9329734313,38.87430283,1250.197579,47.28819381,1520.788313,0.006518172405536417
CN,000063,2021-11-26,32.06,32.18,31.12,31.22,29.9112,30.0231,29.0342,29.1275,48064665.0,1509494729.0,0.9329734313,38.87430283,1213.655734,47.28819381,1476.337411,0.01016419979860508
CN,000063,2021-11-29,30.85,31.19,30.68,30.99,28.7823,29.0995,28.6237,28.9129,32801920.0,1014310218.0,0.9329734313,38.87430283,1204.714645,47.28819381,1465.461126,0.006936598198653002
CN,000063,2021-11-30,31.11,31.23,30.6,30.68,29.0248,29.1368,28.549,28.6237,42170955.0,1300667617.0,0.9329734313,38.87430283,1192.663611,47.28819381,1450.801786,0.008917861225454998
CN,000063,2021-12-01,30.66,30.93,30.55,30.9,28.605,28.8569,28.5024,28.8289,28339455.0,871888509.0,0.9329734313,38.87430283,1201.215957,47.28819381,1461.205189,0.005992923966152219
CN,000063,2021-12-02,30.79,30.87,30.5,30.58,28.7263,28.8009,28.4557,28.5304,32829798.0,1005956807.0,0.9329734313,38.87430283,1188.776181,47.28819381,1446.072967,0.006942493539065454
CN,000063,2021-12-03,30.66,31.0,30.62,30.94,28.605,28.9222,28.5677,28.8662,26673841.0,822632497.0,0.9329734313,38.87430283,1202.77093,47.28819381,1463.096716,0.0056406977832930685
CN,000063,2021-12-06,30.88,31.16,30.79,30.8,28.8103,29.0715,28.7263,28.7356,28798655.0,892013670.0,0.9329734313,38.88133146,1197.545009,47.29522244,1456.692851,0.006089125605981609
CN,000063,2021-12-07,30.99,31.0,30.66,30.99,28.9129,28.9222,28.605,28.9129,22847227.0,705042189.0,0.9329734313,38.88133146,1204.932462,47.29522244,1465.678943,0.004830768483853652
CN,000063,2021-12-08,31.05,31.22,30.9,31.18,28.9689,29.1275,28.8289,29.0902,30114055.0,936336930.0,0.9329734313,38.88133146,1212.319915,47.29522244,1474.665036,0.0063672509497557615
CN,000063,2021-12-09,31.1,32.22,31.05,31.93,29.0155,30.0604,28.9689,29.7899,61205137.0,1950026138.0,0.9329734313,38.88133146,1241.480914,47.29522244,1510.136453,0.012941082384726384
CN,000063,2021-12-10,31.78,32.39,31.7,32.11,29.6499,30.2191,29.5753,29.9578,40050551.0,1286156190.0,0.9329734313,38.88133146,1248.479553,47.29522244,1518.649593,0.008468202269438358
CN,000063,2021-12-13,32.26,33.49,32.11,32.86,30.0978,31.2453,29.9578,30.6576,72078733.0,2370243709.0,0.9329734313,38.88133146,1277.640552,47.29522244,1554.121009,0.015240172110711823
CN,000063,2021-12-14,32.61,33.15,32.6,32.75,30.4243,30.9281,30.415,30.5549,37272031.0,1223147674.0,0.9329734313,38.88133146,1273.363605,47.29522244,1548.918535,0.007880717983150267
CN,000063,2021-12-15,32.78,33.75,32.76,33.23,30.5829,31.4879,30.5643,31.0028,57367156.0,1916903335.0,0.9329734313,38.88133146,1292.026644,47.29522244,1571.620242,0.012129587945754463
CN,000063,2021-12-16,33.05,33.17,32.78,32.99,30.8348,30.9468,30.5829,30.7788,36046613.0,1189030393.0,0.9329734313,38.88133146,1282.695125,47.29522244,1560.269388,0.007621618239713262
CN,000063,2021-12-17,32.88,33.43,32.46,32.66,30.6762,31.1893,30.2844,30.471,46207341.0,1517927299.0,0.9329734313,38.88133146,1269.864285,47.29522244,1544.661965,0.009769980690675445
CN,000063,2021-12-20,32.6,32.85,31.84,31.88,30.415,30.6482,29.7059,29.7432,34404521.0,1107995657.0,0.9329734313,38.88133146,1239.536847,47.29522244,1507.771691,0.00727441784286912
CN,000063,2021-12-21,32.09,32.38,31.89,32.25,29.9392,30.2097,29.7526,30.0884,25933030.0,832829547.0,0.9329734313,38.88133146,1253.92294,47.29522244,1525.270924,0.0054832240260418155
CN,000063,2021-12-22,32.35,32.95,32.2,32.43,30.1817,30.7415,30.0418,30.2564,30251397.0,982322490.0,0.9329734313,38.88133146,1260.921579,47.29522244,1533.784064,0.006396290246520722
CN,000063,2021-12-23,32.45,32.89,32.1,32.72,30.275,30.6855,29.9485,30.5269,30801283.0,1000586903.0,0.9329734313,38.88133146,1272.197165,47.29522244,1547.499678,0.006512556958385245
CN,000063,2021-12-24,32.68,32.85,31.92,32.05,30.4896,30.6482,29.7806,29.9018,32474037.0,1044700421.0,0.9329734313,38.88133146,1246.146673,47.29522244,1515.811879,0.006866240462490148
CN,000063,2021-12-27,31.98,33.58,31.96,33.13,29.8365,31.3293,29.8179,30.9095,57429346.0,1899753482.0,0.9329734313,38.88133146,1288.138511,47.29522244,1566.890719,0.012142737265451373
CN,000063,2021-12-28,33.26,33.43,32.76,32.99,31.0307,31.1893,30.5643,30.7788,31045609.0,1023746208.0,0.9329734313,38.88133146,1282.695125,47.29522244,1560.269388,0.006564216721759856
CN,000063,2021-12-29,32.99,33.13,32.65,32.67,30.7788,30.9095,30.4616,30.4803,22669571.0,743246187.0,0.9329734313,38.88133146,1270.253099,47.29522244,1545.134917,0.004793205281729932
CN,000063,2021-12-30,32.85,33.25,32.7,32.98,30.6482,31.0214,30.5083,30.7695,27259496.0,901092773.0,0.9329734313,38.88133146,1282.306312,47.29522244,1559.796436,0.005763689141029442
CN,000063,2021-12-31,33.12,33.66,33.04,33.5,30.9001,31.4039,30.8255,31.2547,43869013.0,1467320210.0,0.9329734313,38.88133146,1302.524604,47.29522244,1584.389952,0.009275569653077204
CN,000063,2022-01-04,33.58,33.64,33.13,33.42,31.3293,31.3853,30.9095,31.18,29003438.0,968728059.0,0.9329734313,38.88133146,1299.414097,47.29522244,1580.606334,0.006132424482577399
CN,000063,2022-01-05,33.41,33.69,32.69,32.95,31.1707,31.4319,30.4989,30.7415,39324081.0,1301922556.0,0.9329734313,38.88133146,1281.139872,47.29522244,1558.377579,0.008314599016821963
CN,000063,2022-01-06,32.7,33.23,32.51,33.09,30.5083,31.0028,30.331,30.8721,28742208.0,944802505.0,0.9329734313,38.89406874,1287.004735,47.30795972,1565.420387,0.006075554340139698
CN,000063,2022-01-07,33.15,34.16,33.13,33.5,30.9281,31.8704,30.9095,31.2547,51349918.0,1730799239.0,0.9329734313,38.89406874,1302.951303,47.30795972,1584.816651,0.010854392855646914
CN,000063,2022-01-10,33.7,34.6,33.6,34.58,31.4413,32.2809,31.348,32.2623,74604763.0,2562468528.0,0.9329734313,38.89406874,1344.956897,47.30795972,1635.909247,0.01577002336214892
CN,000063,2022-01-11,34.45,34.76,34.1,34.16,32.141,32.4302,31.8144,31.8704,50070675.0,1726196204.0,0.9329734313,38.89406874,1328.621388,47.30795972,1616.039904,0.010583985294726636
CN,000063,2022-01-12,34.3,34.43,33.81,34.08,32.001,32.1223,31.5439,31.7958,30408745.0,1034312354.0,0.9329734313,38.89406874,1325.509863,47.30795972,1612.255267,0.00642782846268983
CN,000063,2022-01-13,34.42,34.55,33.38,33.45,32.113,32.2343,31.1427,31.208,35669235.0,1206243486.0,0.9329734313,38.89406874,1301.006599,47.30795972,1582.451253,0.007539795673099047
CN,000063,2022-01-14,33.11,33.47,32.93,33.0,30.8908,31.2267,30.7229,30.7882,29842652.0,991406494.0,0.9329734313,38.89406874,1283.504268,47.30795972,1561.162671,0.006308167204129851
CN,000063,2022-01-17,33.0,34.67,33.0,34.29,30.7882,32.3462,30.7882,31.9917,59818850.0,2046916498.0,0.9329734313,38.89406874,1333.677617,47.30795972,1622.189939,0.012644563484463878
CN,000063,2022-01-18,34.28,34.57,34.01,34.31,31.9824,32.2529,31.7305,32.0104,37762023.0,1294336785.0,0.9329734313,38.89406874,1334.455498,47.30795972,1623.136098,0.007982171123739175
CN,000063,2022-01-19,34.1,34.36,33.47,33.65,31.8144,32.057,31.2267,31.3946,39166580.0,1321335080.0,0.9329734313,38.89406874,1308.785413,47.30795972,1591.912845,0.008279067673138706
CN,000063,2022-01-20,33.65,34.33,33.53,34.02,31.3946,32.029,31.2826,31.7398,51559132.0,1754592258.0,0.9329734313,38.89406874,1323.176219,47.30795972,1609.41679,0.010898616703227379
CN,000063,2022-01-21,33.99,34.09,32.85,32.95,31.7118,31.8051,30.6482,30.7415,46915246.0,1560560571.0,0.9329734313,38.89406874,1281.559565,47.30795972,1558.797273,0.00991698781297601
CN,000063,2022-01-24,32.7,32.86,31.35,31.88,30.5083,30.6576,29.2488,29.7432,52463899.0,1677047624.0,0.9329734313,38.89406874,1239.942911,47.30795972,1508.177756,0.011089867183137104
CN,000063,2022-01-25,31.65,32.03,31.0,31.03,29.5287,29.8832,28.9222,28.9502,30448489.0,956696017.0,0.9329734313,38.89406874,1206.882953,47.30795972,1467.96599,0.006436229585933198
CN,000063,2022-01-26,31.23,31.32,30.8,31.12,29.1368,29.2208,28.7356,29.0342,32564471.0,1009444779.0,0.9329734313,38.89406874,1210.383419,47.30795972,1472.223706,0.006883507805607813
CN,000063,2022-01-27,31.0,31.07,30.01,30.06,28.9222,28.9875,27.9986,28.0452,44228898.0,1341569733.0,0.9329734313,38.89406874,1169.155706,47.30795972,1422.077269,0.009349145104074676
CN,000063,2022-01-28,30.2,30.59,29.7,30.14,28.1758,28.5397,27.7094,28.1199,34292750.0,1033637503.0,0.9329734313,38.89406874,1172.267232,47.30795972,1425.861906,0.007248833008856718
CN,000063,2022-02-07,30.65,30.8,29.15,29.5,28.5957,28.7356,27.1962,27.5228,79160644.0,2352174051.0,0.9329734313,38.89406874,1147.375028,47.30795972,1395.584812,0.01673304967462672
CN,000063,2022-02-08,29.5,29.83,29.26,29.81,27.5228,27.8306,27.2988,27.812,36273153.0,1073599168.0,0.9329734313,38.90275907,1159.691248,47.31665005,1410.509338,0.007666044185644964
CN,000063,2022-02-09,29.81,30.85,29.6,30.78,27.812,28.7823,27.6161,28.717,52597884.0,1598361111.0,0.9329734313,38.90275907,1197.426924,47.31665005,1456.406489,0.011116147052764569
CN,000063,2022-02-10,30.6,30.69,30.13,30.32,28.549,28.633,28.1105,28.2878,34708896.0,1053991802.0,0.9329734313,38.90275907,1179.531655,47.31665005,1434.64083,0.007335450832491892
CN,000063,2022-02-11,30.01,30.5,29.72,30.06,27.9986,28.4557,27.728,28.0452,37426268.0,1125230597.0,0.9329734313,38.90275907,1169.416938,47.31665005,1422.338501,0.007909745926740644
CN,000063,2022-02-14,29.88,29.88,29.07,29.3,27.877299999999998,27.877299999999998,27.1216,27.3362,42419790.0,1245706185.0,0.9329734313,38.90275907,1139.850841,47.31665005,1386.377846,0.008965087332931339
CN,000063,2022-02-15,29.27,29.58,29.2,29.36,27.3082,27.5974,27.2429,27.3921,31487881.0,923875155.0,0.9329734313,38.90275907,1142.185006,47.31665005,1389.216845,0.006654714770958305
CN,000063,2022-02-16,29.7,29.76,29.23,29.36,27.7094,27.7653,27.2709,27.3921,30913219.0,909011456.0,0.9329734313,38.90275907,1142.185006,47.31665005,1389.216845,0.0065332644993535425
CN,000063,2022-02-17,29.29,29.3,29.01,29.11,27.3268,27.3362,27.0656,27.1589,30494262.0,887739268.0,0.9329734313,38.90275907,1132.459317,47.31665005,1377.387683,0.006444721248815458
CN,000063,2022-02-18,29.2,29.44,29.07,29.39,27.2429,27.4668,27.1216,27.4201,29797034.0,872781389.0,0.9329734313,38.90275907,1143.352089,47.31665005,1390.636345,0.006297367621865276
CN,000063,2022-02-21,29.69,30.58,29.68,30.22,27.7,28.5304,27.6907,28.1945,60105207.0,1816924059.0,0.9329734313,38.90275907,1175.641379,47.31665005,1429.909165,0.012702760431367435
CN,000063,2022-02-22,29.8,29.98,29.44,29.58,27.802599999999998,27.9706,27.4668,27.5974,37369815.0,1108728013.0,0.9329734313,38.90275907,1150.743613,47.31665005,1399.626508,0.007897815031391893
CN,000063,2022-02-23,29.79,30.12,29.51,30.06,27.7933,28.1012,27.5321,28.0452,33458489.0,999881592.0,0.9329734313,38.90275907,1169.416938,47.31665005,1422.338501,0.007071187196186557
CN,000063,2022-02-24,29.82,29.95,28.88,29.15,27.8213,27.9426,26.9443,27.1962,50789899.0,1489933503.0,0.9329734313,38.90275907,1134.015427,47.31665005,1379.280349,0.010734043713223522
CN,000063,2022-02-25,29.4,29.56,29.04,29.2,27.4295,27.5787,27.0936,27.2429,33019113.0,965796906.0,0.9329734313,38.90275907,1135.960565,47.31665005,1381.646181,0.006978328551389069
CN,000063,2022-02-28,29.21,29.22,28.68,29.06,27.2522,27.2615,26.7577,27.1122,26394046.0,763840623.0,0.9329734313,38.90275907,1130.514179,47.31665005,1375.02185,0.005578173005085765
CN,000063,2022-03-01,29.07,29.4,29.01,29.37,27.1216,27.4295,27.0656,27.4015,26294375.0,767413881.0,0.9329734313,38.90275907,1142.574034,47.31665005,1389.690012,0.005557108327029589
CN,000063,2022-03-02,29.18,29.29,28.9,29.2,27.2242,27.3268,26.963,27.2429,21857269.0,635669481.0,0.9329734313,38.90275907,1135.960565,47.31665005,1381.646181,0.0046193610445589865
CN,000063,2022-03-03,29.2,29.35,28.94,29.03,27.2429,27.3828,27.0003,27.0843,23191108.0,674177594.0,0.9329734313,38.90275907,1129.347096,47.31665005,1373.602351,0.004901257374622614
CN,000063,2022-03-04,28.85,29.13,28.62,28.75,26.9163,27.1776,26.7017,26.823,29627478.0,854581728.0,0.9329734313,38.90275907,1118.454323,47.31665005,1360.353689,0.006261533301426102
CN,000063,2022-03-07,27.78,27.79,25.96,26.15,25.918,25.9274,24.22,24.3973,127821262.0,3390512004.0,0.9329734313,38.90275907,1017.30715,47.31665005,1237.330399,0.027014013431832122
CN,000063,2022-03-08,25.95,26.15,25.0,25.66,24.2107,24.3973,23.3244,23.9401,61659199.0,1579949286.0,0.9329734313,38.90275907,998.244798,47.31665005,1214.14524,0.013031184357904475
CN,000063,2022-03-09,25.98,26.05,24.37,25.35,24.2387,24.304,22.7366,23.6509,53527964.0,1356583417.0,0.9329734313,38.90253407,986.179239,47.31665005,1199.477079,0.011312712109466
CN,000063,2022-03-10,25.9,25.99,25.35,25.4,24.164,24.248,23.6509,23.6976,44445780.0,1140667287.0,0.9329734313,38.90253407,988.124365,47.31665005,1201.842911,0.009393264306123464
CN,000063,2022-03-11,24.84,25.06,23.9,25.04,23.1751,23.3803,22.2981,23.3617,70270093.0,1724356838.0,0.9329734313,38.90253407,974.119453,47.31665005,1184.808917,0.014851028744795935
CN,000063,2022-03-14,24.6,25.1,24.06,24.06,22.9512,23.4177,22.447400000000002,22.447400000000002,47582191.0,1167509850.0,0.9329734313,38.90253407,935.99497,47.31665005,1138.4386,0.010056119980962177
CN,000063,2022-03-15,23.91,23.91,22.53,22.55,22.3074,22.3074,21.0199,21.0386,67223574.0,1565288984.0,0.9329734313,38.90253407,877.252143,47.31665005,1066.990459,0.014207171033656048
CN,000063,2022-03-16,23.23,23.57,22.2,23.51,21.673000000000002,21.9902,20.712,21.9342,65003141.0,1496183787.0,0.9329734313,38.90253407,914.598576,47.31665005,1112.414443,0.013737900069280159
CN,000063,2022-03-17,24.0,24.14,23.51,23.61,22.3914,22.522,21.9342,22.0275,61918141.0,1472782595.0,0.9329734313,38.90253407,918.488829,47.31665005,1117.146108,0.013085909702941871
CN,000063,2022-03-18,23.54,24.07,23.3,24.0,21.9622,22.4567,21.7383,22.3914,42888554.0,1019177071.0,0.9329734313,38.90253407,933.660818,47.31665005,1135.599601,0.009064156899247774
CN,000063,2022-03-21,24.16,24.26,23.5,23.67,22.5407,22.634,21.9249,22.0835,42100232.0,1002496463.0,0.9329734313,38.90253407,920.822981,47.31665005,1119.985107,0.008897551275399302
CN,000063,2022-03-22,23.64,23.86,23.45,23.63,22.0555,22.2608,21.8783,22.0462,29994299.0,709456162.0,0.9329734313,38.90253407,919.26688,47.31665005,1118.092441,0.006339058020444117
CN,000063,2022-03-23,25.99,25.99,25.99,25.99,24.248,24.248,24.248,24.248,15396161.0,400146224.0,0.9329734313,38.90253407,1011.07686,47.31665005,1229.759735,0.0032538569369832218
CN,000063,2022-03-24,28.5,28.5,26.41,26.62,26.5898,26.5898,24.6399,24.8358,222784989.0,6105602303.0,0.9329734313,38.90253407,1035.585457,47.31665005,1259.569224,0.047083846545472
CN,000063,2022-03-25,26.08,26.21,25.22,25.36,24.332,24.4533,23.5296,23.6602,105937995.0,2720323331.0,0.9329734313,38.90253407,986.568264,47.31665005,1199.950245,0.022389157915459826
CN,000063,2022-03-28,24.7,25.48,24.11,24.85,23.0445,23.7722,22.494,23.1844,70154545.0,1731329463.0,0.9329734313,38.92178618,967.206387,47.33590216,1176.297169,0.014820578419076231
CN,000063,2022-03-29,24.6,24.86,24.04,24.06,22.9512,23.1938,22.4287,22.447400000000002,56581801.0,1379848188.0,0.9329734313,38.92178618,936.458175,47.33590216,1138.901806,0.011953252904898263
CN,000063,2022-03-30,24.14,24.34,24.06,24.33,22.522,22.7086,22.447400000000002,22.6993,46488428.0,1125933800.0,0.9329734313,38.92178618,946.967058,47.33590216,1151.6825,0.0098209658797385
CN,000063,2022-03-31,24.3,24.3,23.86,23.9,22.6713,22.6713,22.2608,22.2981,44415759.0,1067337307.0,0.9329734313,38.92178618,930.23069,47.33590216,1131.328062,0.009383101826150977
CN,000063,2022-04-01,23.66,24.04,23.35,23.93,22.0742,22.4287,21.785,22.3261,38854040.0,926330036.0,0.9329734313,38.92178618,931.398343,47.33590216,1132.748139,0.008208154535360819
CN,000063,2022-04-06,23.9,24.02,23.62,23.78,22.2981,22.4101,22.0369,22.1861,29082266.0,691097137.0,0.9329734313,38.9246537,925.628265,47.33876968,1125.715943,0.006143435115992647
CN,000063,2022-04-07,23.78,23.89,23.14,23.18,22.1861,22.2888,21.589,21.6264,34260759.0,803204796.0,0.9329734313,38.9246537,902.273473,47.33876968,1097.312681,0.00723735729331274
CN,000063,2022-04-08,23.3,23.33,22.73,22.98,21.7383,21.7663,21.2065,21.4398,34581928.0,793679760.0,0.9329734313,38.9246537,894.488542,47.33876968,1087.844927,0.007305202106807267
CN,000063,2022-04-11,22.8,22.84,21.74,21.87,21.2718,21.3091,20.2829,20.4042,50349378.0,1117212973.0,0.9329734313,38.9246537,851.282176,47.33876968,1035.298893,0.010635970968479128
CN,000063,2022-04-12,21.75,22.28,21.52,22.24,20.2922,20.7867,20.0776,20.7494,34610850.0,758487231.0,0.9329734313,38.9246537,865.684298,47.33876968,1052.814238,0.007311311686797518
CN,000063,2022-04-13,22.04,22.41,21.95,22.0,20.5628,20.908,20.4788,20.5254,28999412.0,643704715.0,0.9329734313,38.9246537,856.342381,47.33876968,1041.452933,0.006125932759982958
CN,000063,2022-04-14,22.15,22.5,22.11,22.33,20.665399999999998,20.9919,20.6281,20.8333,27356715.0,610184018.0,0.9329734313,38.9246537,869.187517,47.33876968,1057.074727,0.0057789239528034985
CN,000063,2022-04-15,22.1,22.86,21.97,22.69,20.6187,21.3278,20.4975,21.1692,38451481.0,865360021.0,0.9329734313,38.9246537,883.200392,47.33876968,1074.116684,0.00812261942165456
CN,000063,2022-04-18,22.5,23.18,22.37,23.17,20.9919,21.6264,20.8706,21.617,34719486.0,793344154.0,0.9329734313,38.9246537,901.884226,47.33876968,1096.839293,0.007334260318697831
CN,000063,2022-04-19,23.05,23.22,22.52,22.64,21.5051,21.6637,21.0106,21.1225,29373079.0,668568259.0,0.9329734313,38.9246537,881.25416,47.33876968,1071.749746,0.006204867426541872
CN,000063,2022-04-20,22.62,22.88,22.32,22.44,21.1039,21.3465,20.824,20.936,22752649.0,514460916.0,0.9329734313,38.9246537,873.469229,47.33876968,1062.281992,0.004806345655749624
CN,000063,2022-04-21,22.28,22.52,21.68,21.79,20.7867,21.0106,20.2269,20.3295,29561768.0,652975074.0,0.9329734313,38.9246537,848.168204,47.33876968,1031.511791,0.006244726721845805
CN,000063,2022-04-22,21.54,23.06,21.39,22.81,20.0963,21.5144,19.9563,21.2812,62091090.0,1393474928.0,0.9329734313,38.9246537,887.871351,47.33876968,1079.797336,0.013116329473647614
CN,000063,2022-04-25,22.5,22.88,21.71,21.79,20.9919,21.3465,20.2549,20.3295,48510575.0,1079448514.0,0.9329734313,38.9246537,848.168204,47.33876968,1031.511791,0.010247536074114548
CN,000063,2022-04-26,22.27,23.4,22.23,22.46,20.7773,21.8316,20.74,20.9546,85242144.0,1947293042.0,0.9329734313,38.9246537,874.247722,47.33876968,1063.228767,0.018006835533795815
CN,000063,2022-04-27,22.35,23.88,22.33,23.71,20.852,22.2794,20.8333,22.1208,88837392.0,2075143306.0,0.9329734313,38.9263318,922.943327,47.34044778,1122.442017,0.0187656425247273
CN,000063,2022-04-28,23.44,23.77,23.06,23.71,21.8689,22.1768,21.5144,22.1208,55214965.0,1292681124.0,0.9329734313,38.9263318,922.943327,47.34044778,1122.442017,0.011663380383851537
CN,000063,2022-04-29,23.85,24.28,23.52,24.13,22.2514,22.6526,21.9436,22.5127,60416288.0,1446999596.0,0.9329734313,38.9263318,939.292386,47.34044778,1142.325005,0.012762086298964873
CN,000063,2022-05-05,24.0,24.1,23.6,23.75,22.3914,22.4847,22.0182,22.1582,45528421.0,1083326721.0,0.9329734313,38.9263318,924.50038,47.34044778,1124.335635,0.009617234972423406
CN,000063,2022-05-06,23.15,23.56,23.05,23.23,21.5984,21.9809,21.5051,21.673000000000002,29551540.0,687294115.0,0.9329734313,38.9263318,904.258688,47.34044778,1099.718602,0.006242344841631322
CN,000063,2022-05-09,22.99,23.36,22.91,23.16,21.4491,21.7943,21.3745,21.6077,18903514.0,437237691.0,0.9329734313,38.9263318,901.533844,47.34044778,1096.404771,0.003993099957112404
CN,000063,2022-05-10,22.8,23.5,22.38,23.4,21.5509,22.2126,21.1539,22.1181,36425778.0,840225883.0,0.9452179487,38.9263318,910.876164,47.34044778,1107.766478,0.007694430388423335
CN,000063,2022-05-11,23.4,23.97,23.31,23.35,22.1181,22.6568,22.033,22.0708,52334649.0,1236293015.0,0.9452179487,38.9263318,908.929848,47.34044778,1105.399456,0.011054954368663557
CN,000063,2022-05-12,23.07,23.53,23.03,23.36,21.8061,22.2409,21.7683,22.0803,29185210.0,680504546.0,0.9452179487,38.9263318,909.319111,47.34044778,1105.87286,0.006164962810582017
CN,000063,2022-05-13,23.45,23.56,23.06,23.26,22.1653,22.2693,21.7967,21.9857,24481766.0,569474430.0,0.9452179487,38.9263318,905.426478,47.34044778,1101.138815,0.005171426792110499
CN,000063,2022-05-16,23.53,23.68,23.01,23.12,22.2409,22.3827,21.7494,21.8534,26926770.0,625969600.0,0.9452179487,38.9263318,899.976791,47.34044778,1094.511153,0.005687899304445489
CN,000063,2022-05-17,23.16,23.8,23.04,23.76,21.8912,22.4962,21.7778,22.4583,42762382.0,1006172493.0,0.9452179487,38.9263318,924.889644,47.34044778,1124.809039,0.009032948357126841
CN,000063,2022-05-18,23.86,23.91,23.53,23.81,22.5529,22.6001,22.2409,22.5056,28363850.0,672860363.0,0.9452179487,38.9263318,926.83596,47.34044778,1127.176062,0.005991462128075376
CN,000063,2022-05-19,23.5,23.76,23.26,23.69,22.2126,22.4583,21.9857,22.3922,28630458.0,672584093.0,0.9452179487,38.9263318,922.1648,47.34044778,1121.495208,0.006047779297114203
CN,000063,2022-05-20,23.66,24.15,23.65,23.78,22.3638,22.826999999999998,22.3544,22.4772,37288633.0,889263526.0,0.9452179487,38.9263318,925.66817,47.34044778,1125.755848,0.007876696302765728
CN,000063,2022-05-23,23.64,23.64,23.23,23.34,22.3449,22.3449,21.9574,22.0614,39278168.0,917031765.0,0.9452179487,38.9263318,908.540584,47.34044778,1104.926051,0.008296957431102694
CN,000063,2022-05-24,23.34,23.4,22.32,22.36,22.0614,22.1181,21.0972,21.135,41196201.0,941755527.0,0.9452179487,38.9263318,870.392779,47.34044778,1058.532412,0.008702114773279401
CN,000063,2022-05-25,22.31,22.62,22.3,22.53,21.0878,21.3808,21.0783,21.2957,24379808.0,547003296.0,0.9452179487,38.9263318,877.010255,47.34044778,1066.580288,0.005149889606726487
CN,000063,2022-05-26,22.59,24.55,22.39,24.2,21.3524,23.2051,21.1634,22.8742,104303895.0,2485750768.0,0.9452179487,38.9263318,942.01723,47.34044778,1145.638836,0.02203272252191612
CN,000063,2022-05-27,24.0,24.25,23.8,24.1,22.685200000000002,22.9215,22.4962,22.7797,45140096.0,1083712085.0,0.9452179487,38.9263318,938.124596,47.34044778,1140.904791,0.009535206808726134
CN,000063,2022-05-30,24.22,24.28,23.82,24.0,22.8926,22.9493,22.514499999999998,22.6846,27525753.0,659982529.0,0.9452179487,38.9263318,934.231963,47.34044778,1136.170747,0.00581442599105048
CN,000063,2022-05-31,24.08,24.39,23.94,24.33,22.7602,23.0533,22.6279,22.9965,42652687.0,1033166587.0,0.9452179487,38.9263318,947.077653,47.34044778,1151.793094,0.009009776839926629
CN,000063,2022-06-01,24.11,24.26,23.91,24.05,22.7886,22.9304,22.5996,22.7319,29389045.0,708039222.0,0.9452179487,38.9263318,936.17828,47.34044778,1138.537769,0.006208020071245723
CN,000063,2022-06-02,23.91,24.32,23.86,24.22,22.5996,22.9871,22.5523,22.8926,26766816.0,646614430.0,0.9452179487,38.93318413,942.96172,47.34730011,1146.751609,0.005653292994070153
CN,000063,2022-06-06,24.21,24.76,24.16,24.72,22.8831,23.403,22.8359,23.3652,50901897.0,1248980123.0,0.9452179487,38.93318413,962.428312,47.34730011,1170.425259,0.010750749648183055
CN,000063,2022-06-07,24.65,25.25,24.55,24.65,23.299,23.8661,23.2045,23.299,47811244.0,1185930459.0,0.9452179487,38.93318413,959.702989,47.34730011,1167.110948,0.010097987401377087
CN,000063,2022-06-08,24.57,24.93,24.33,24.63,23.2234,23.5637,22.9965,23.2801,40146798.0,988294141.0,0.9452179487,38.93318413,958.924325,47.34730011,1166.164002,0.008479215901799812
CN,000063,2022-06-09,24.62,24.62,24.12,24.25,23.2707,23.2707,22.7981,22.9209,30297517.0,738146414.0,0.9452179487,38.93318413,944.129715,47.34730011,1148.172028,0.0063989957040023505
CN,000063,2022-06-10,24.11,24.48,23.9,24.47,22.7886,23.1383,22.5901,23.1289,29044282.0,706399224.0,0.9452179487,38.93318413,952.695016,47.34730011,1158.588434,0.0061343058490183466
CN,000063,2022-06-13,24.29,25.02,24.22,24.7,22.9587,23.6487,22.8926,23.3463,40244497.0,990734928.0,0.9452179487,38.93318413,961.649648,47.34730011,1169.478313,0.00849985044691073
CN,000063,2022-06-14,24.51,24.86,24.01,24.77,23.1667,23.4975,22.6941,23.4124,42495923.0,1041623058.0,0.9452179487,38.93318413,964.374971,47.34730011,1172.792624,0.008975363516245066
CN,000063,2022-06-15,24.77,26.25,24.77,25.59,23.4124,24.8113,23.4124,24.1875,90048124.0,2313561815.0,0.9452179487,38.93318413,996.300182,47.34730011,1211.61741,0.019018639667054926
CN,000063,2022-06-16,25.59,26.25,25.4,25.58,24.1875,24.8113,24.0079,24.178,44599883.0,1147916640.0,0.9452179487,38.93318413,995.91085,47.34730011,1211.143937,0.009419730987064301
CN,000063,2022-06-17,25.4,25.75,25.21,25.7,24.0079,24.3387,23.8283,24.2915,34833644.0,889590627.0,0.9452179487,38.93318413,1000.582832,47.34730011,1216.825613,0.007357049698519758
CN,000063,2022-06-20,25.82,25.95,25.46,25.52,24.4049,24.5278,24.0646,24.1213,29660733.0,759508002.0,0.9452179487,38.93318413,993.574859,47.34730011,1208.303099,0.00626450355798334
CN,000063,2022-06-21,25.55,25.77,25.22,25.49,24.1497,24.3576,23.8378,24.093,25680855.0,655388939.0,0.9452179487,38.93318413,992.406863,47.34730011,1206.88268,0.005423932291880792
CN,000063,2022-06-22,25.59,25.63,24.9,24.95,24.1875,24.2253,23.5353,23.5826,31123708.0,783219622.0,0.9452179487,38.93318413,971.382944,47.34730011,1181.315138,0.0065734916093824975
CN,000063,2022-06-23,24.95,25.17,24.63,25.16,23.5826,23.7905,23.2801,23.7811,30429471.0,759068545.0,0.9452179487,38.93318413,979.558913,47.34730011,1191.258071,0.006426865086141023
CN,000063,2022-06-24,25.18,25.29,24.7,24.9,23.8,23.9039,23.3463,23.5353,48599542.0,1212568724.0,0.9452179487,38.93318413,969.436285,47.34730011,1178.947773,0.010264480104903705
CN,000063,2022-06-27,25.0,25.5,24.92,25.19,23.6298,24.1024,23.5542,23.8094,39022597.0,983054607.0,0.9452179487,38.93318413,980.726908,47.34730011,1192.67849,0.008241778709523126
CN,000063,2022-06-28,25.15,25.52,24.51,25.5,23.7716,24.1213,23.1667,24.1024,52331691.0,1310847910.0,0.9452179487,38.93318413,992.796195,47.34730011,1207.356153,0.011052729697030236
CN,000063,2022-06-29,25.4,26.12,25.28,25.37,24.0079,24.6884,23.8945,23.9795,51177339.0,1312264636.0,0.9452179487,38.93318413,987.734881,47.34730011,1201.201004,0.010808924454214249
CN,000063,2022-06-30,25.33,25.95,25.32,25.53,23.9417,24.5278,23.9323,24.1308,36019610.0,922826211.0,0.9452179487,38.93318413,993.964191,47.34730011,1208.776572,0.007607531985206579
CN,000063,2022-07-01,25.45,25.78,25.21,25.26,24.0552,24.3671,23.8283,23.8756,24582143.0,625583604.0,0.9452179487,38.93318413,983.452231,47.34730011,1195.992801,0.005191878511106089
CN,000063,2022-07-04,25.26,25.29,24.87,25.12,23.8756,23.9039,23.507,23.7432,29117795.0,729249175.0,0.9452179487,38.93318413,978.001585,47.34730011,1189.364179,0.00614983218311326
CN,000063,2022-07-05,25.15,25.27,24.56,24.88,23.7716,23.885,23.2139,23.5164,34723173.0,863176426.0,0.9452179487,38.93318413,968.657621,47.34730011,1178.000827,0.0073337176395125185
CN,000063,2022-07-06,24.86,25.36,24.55,24.67,23.4975,23.9701,23.2045,23.3179,31112758.0,773073467.0,0.9452179487,38.94416982,960.752669,47.3582858,1168.328911,0.006569654596746405
CN,000063,2022-07-07,24.68,24.85,24.5,24.69,23.3274,23.488,23.1572,23.3368,20231991.0,499482693.0,0.9452179487,38.94416982,961.531553,47.3582858,1169.276076,0.004272112188655274
CN,000063,2022-07-08,24.73,24.96,24.6,24.67,23.3746,23.592,23.2517,23.3179,20796939.0,514962614.0,0.9452179487,38.94416982,960.752669,47.3582858,1168.328911,0.004391404513209809
CN,000063,2022-07-11,24.6,24.88,24.26,24.65,23.2517,23.5164,22.9304,23.299,28454128.0,696418957.0,0.9452179487,38.94416982,959.973786,47.3582858,1167.381745,0.00600826814555015
CN,000063,2022-07-12,24.54,24.54,23.96,24.0,23.195,23.195,22.6468,22.6846,27867881.0,673224638.0,0.9452179487,38.94416982,934.660076,47.3582858,1136.598859,0.005884478403143553
CN,000063,2022-07-13,23.96,24.06,23.63,23.75,22.6468,22.7413,22.3349,22.4483,25671128.0,611709742.0,0.9452179487,38.94416982,924.924033,47.3582858,1124.759288,0.00542062018638352
CN,000063,2022-07-14,23.72,23.88,23.5,23.63,22.42,22.5712,22.212,22.3349,30397197.0,719744259.0,0.9452179487,38.94416982,920.250733,47.3582858,1119.076293,0.006418559389664395
CN,000063,2022-07-15,23.65,24.0,23.45,23.48,22.3538,22.6846,22.1648,22.1931,25380675.0,602659277.0,0.9452179487,38.94416982,914.409107,47.3582858,1111.972551,0.005359289208056598
CN,000063,2022-07-18,23.55,24.5,23.5,24.39,22.2593,23.1572,22.212,23.0533,37733326.0,913141441.0,0.9452179487,38.94416982,949.848302,47.3582858,1155.068591,0.00796762918306473
CN,000063,2022-07-19,24.39,25.29,24.35,25.03,23.0533,23.9039,23.0155,23.6582,43527202.0,1088540564.0,0.9452179487,38.94416982,974.772571,47.3582858,1185.377894,0.009191042552473468
CN,000063,2022-07-20,25.1,25.27,24.95,25.05,23.7243,23.885,23.5826,23.6771,30802953.0,772417734.0,0.9452179487,38.94416982,975.551454,47.3582858,1186.325059,0.006504237321866916
CN,000063,2022-07-21,25.04,25.6,24.99,25.0,23.6676,24.1969,23.6204,23.6298,30940205.0,780924832.0,0.9452179487,38.94416982,973.604246,47.3582858,1183.957145,0.006533218945184034
CN,000063,2022-07-22,25.0,25.4,24.8,25.0,23.6298,24.0079,23.4408,23.6298,21644331.0,541816831.0,0.9452179487,38.94416982,973.604246,47.3582858,1183.957145,0.004570336665352866
CN,000063,2022-07-25,25.03,25.15,24.63,24.73,23.6582,23.7716,23.2801,23.3746,18399711.0,456222271.0,0.9452179487,38.94416982,963.08932,47.3582858,1171.170408,0.0038852147389169226
CN,000063,2022-07-26,24.86,24.92,24.48,24.62,23.4975,23.5542,23.1383,23.2707,19671304.0,483768333.0,0.9452179487,38.94416982,958.805461,47.3582858,1165.960996,0.004153719601058702
CN,000063,2022-07-27,24.63,24.79,24.38,24.55,23.2801,23.4313,23.0438,23.2045,17493383.0,428842284.0,0.9452179487,38.94416982,956.079369,47.3582858,1162.645916,0.00369383787957967
CN,000063,2022-07-28,24.66,25.03,24.63,24.84,23.3085,23.6582,23.2801,23.4786,26230475.0,651626137.0,0.9452179487,38.94416982,967.373178,47.3582858,1176.379819,0.00553872982454952
CN,000063,2022-07-29,24.89,25.02,24.42,24.42,23.5259,23.6487,23.0816,23.0816,22781359.0,562090592.0,0.9452179487,38.94416982,951.016627,47.3582858,1156.489339,0.004810427281132713
CN,000063,2022-08-01,24.18,24.3,23.74,24.0,22.8548,22.9682,22.4389,22.6846,33401475.0,801542811.0,0.9452179487,38.94416982,934.660076,47.3582858,1136.598859,0.007052931590695371
CN,000063,2022-08-02,23.79,23.96,22.87,23.2,22.4861,22.6468,21.6166,21.9285,37451261.0,872096364.0,0.9452179487,38.94416982,903.50474,47.3582858,1098.712231,0.007908069383710675
CN,000063,2022-08-03,23.1,23.77,23.1,23.23,21.834,22.4672,21.834,21.9568,28704778.0,673170506.0,0.9452179487,38.94416982,904.673065,47.3582858,1100.132979,0.006061194470007612
CN,000063,2022-08-04,23.41,23.71,23.3,23.57,22.127,22.4105,22.023,22.2782,19121167.0,450056056.0,0.9452179487,38.94416982,917.914083,47.3582858,1116.234796,0.00403755471233716
CN,000063,2022-08-05,23.62,25.44,23.58,25.38,22.3255,24.0457,22.2877,23.989,73059310.0,1809977446.0,0.9452179487,38.9470091,988.475091,47.36112508,1202.025355,0.01542600811880882
CN,000063,2022-08-08,25.44,25.85,24.81,25.06,24.0457,24.4332,23.4502,23.6865,45410177.0,1139544347.0,0.9452179487,38.9470091,976.012048,47.36112508,1186.869795,0.009588069735103514
CN,000063,2022-08-09,25.02,25.3,24.94,25.15,23.6487,23.9134,23.5731,23.7716,25508961.0,640480881.0,0.9452179487,38.9470091,979.517279,47.36112508,1191.132296,0.005386054692938895
CN,000063,2022-08-10,25.02,25.23,24.75,24.87,23.6487,23.8472,23.3935,23.507,20161680.0,502789157.0,0.9452179487,38.9470091,968.612116,47.36112508,1177.871181,0.004257010357322365
CN,000063,2022-08-11,25.0,25.34,24.92,25.28,23.6298,23.9512,23.5542,23.8945,28611713.0,721335670.0,0.9452179487,38.9470091,984.58039,47.36112508,1197.289242,0.006041181021707266
CN,000063,2022-08-12,25.26,25.35,25.05,25.06,23.8756,23.9606,23.6771,23.6865,17078953.0,429499919.0,0.9452179487,38.9470091,976.012048,47.36112508,1186.869795,0.0036061121797995935
CN,000063,2022-08-15,24.95,24.98,24.62,24.69,23.5826,23.6109,23.2707,23.3368,23899812.0,591401592.0,0.9452179487,38.9470091,961.601655,47.36112508,1169.346178,0.0050462931274604765
CN,000063,2022-08-16,24.69,24.71,24.18,24.33,23.3368,23.3557,22.8548,22.9965,25269149.0,616776181.0,0.9452179487,38.9470091,947.580731,47.36112508,1152.296173,0.005335419916084477
CN,000063,2022-08-17,24.32,25.0,24.11,24.92,22.9871,23.6298,22.7886,23.5542,33051868.0,814878707.0,0.9452179487,38.9470091,970.559467,47.36112508,1180.239237,0.006978691478331747
CN,000063,2022-08-18,24.8,24.93,24.56,24.7,23.4408,23.5637,23.2139,23.3463,17343708.0,428804713.0,0.9452179487,38.9470091,961.991125,47.36112508,1169.819789,0.0036620135122854224
CN,000063,2022-08-19,24.66,25.17,24.64,24.68,23.3085,23.7905,23.2896,23.3274,28082102.0,699457136.0,0.9452179487,38.9470091,961.212185,47.36112508,1168.872567,0.005929357031228702
CN,000063,2022-08-22,24.62,25.1,24.33,24.86,23.2707,23.7243,22.9965,23.4975,22075100.0,548828410.0,0.9452179487,38.9470091,968.222646,47.36112508,1177.397569,0.004661016807077928
CN,000063,2022-08-23,24.8,24.86,24.52,24.54,23.4408,23.4975,23.1761,23.195,16946021.0,417676385.0,0.9452179487,38.9470091,955.759603,47.36112508,1162.242009,0.0035780444344123254
CN,000063,2022-08-24,24.51,24.71,23.91,23.91,23.1667,23.3557,22.5996,22.5996,28746493.0,695268886.0,0.9452179487,38.9470091,931.222988,47.36112508,1132.404501,0.006069638960527836
CN,000063,2022-08-25,24.1,24.22,23.8,24.16,22.7792,22.8926,22.4956,22.8359,16744457.0,402110481.0,0.9452179487,38.9470091,940.95974,47.36112508,1144.244782,0.0035354854792229106
CN,000063,2022-08-26,24.3,25.0,24.17,24.53,22.9682,23.6298,22.8453,23.1856,28788874.0,709166737.0,0.9452179487,38.9470091,955.370133,47.36112508,1161.768398,0.0060785874388269495
CN,000063,2022-08-29,24.67,24.7,24.01,24.08,23.3179,23.3463,22.6941,22.7602,30605885.0,741288321.0,0.9452179487,38.94556588,937.809226,47.36112508,1140.455892,0.006462237742093774
CN,000063,2022-08-30,24.08,24.94,24.03,24.5,22.7602,23.5731,22.713,23.1572,36634157.0,901087871.0,0.9452179487,38.94556588,954.166364,47.36112508,1160.347564,0.007735068991312906
CN,000063,2022-08-31,24.35,24.63,24.03,24.5,23.0155,23.2801,22.713,23.1572,29029445.0,706530925.0,0.9452179487,38.94556588,954.166364,47.36112508,1160.347564,0.006129382473698617
CN,000063,2022-09-01,24.41,24.69,24.01,24.03,23.0722,23.3368,22.6941,22.713,27163908.0,659669860.0,0.9452179487,38.94556588,935.861948,47.36112508,1138.087836,0.005735486214509497
CN,000063,2022-09-02,24.05,24.57,23.91,24.27,22.7319,23.2234,22.5996,22.939799999999998,27031803.0,656709128.0,0.9452179487,38.94556588,945.208884,47.36112508,1149.454506,0.005707593084906504
CN,000063,2022-09-05,24.27,24.3,23.75,24.03,22.939799999999998,22.9682,22.4483,22.713,26435567.0,632628171.0,0.9452179487,38.94556588,935.861948,47.36112508,1138.087836,0.0055817016498967
CN,000063,2022-09-06,24.08,24.75,24.05,24.61,22.7602,23.3935,22.7319,23.2612,36308465.0,889670316.0,0.9452179487,38.94556588,958.450376,47.36112508,1165.557288,0.007666301199278858
CN,000063,2022-09-07,24.61,24.97,24.5,24.58,23.2612,23.6015,23.1572,23.2328,24178928.0,597090012.0,0.9452179487,38.94556588,957.282009,47.36112508,1164.136454,0.005105226693656071
CN,000063,2022-09-08,24.61,24.7,24.37,24.39,23.2612,23.3463,23.0344,23.0533,16802599.0,411433270.0,0.9452179487,38.94556588,949.882352,47.36112508,1155.137841,0.0035477617923176247
CN,000063,2022-09-09,24.39,24.88,24.34,24.76,23.0533,23.5164,23.006,23.403,24549463.0,605409773.0,0.9452179487,38.94556588,964.292211,47.36112508,1172.661457,0.005183462799613036
CN,000063,2022-09-13,24.76,25.26,24.71,25.02,23.403,23.8756,23.3557,23.6487,37425075.0,937682181.0,0.9452179487,38.94556588,974.418058,47.36112508,1184.975349,0.007902066291031615
CN,000063,2022-09-14,24.7,25.25,24.58,25.08,23.3463,23.8661,23.2328,23.7054,36609028.0,914981766.0,0.9452179487,38.94556588,976.754792,47.36112508,1187.817017,0.007729763162965806
CN,000063,2022-09-15,25.16,25.35,24.58,24.67,23.7811,23.9606,23.2328,23.3179,34650719.0,863109295.0,0.9452179487,38.94556588,960.78711,47.36112508,1168.398956,0.0073162786866802195
CN,000063,2022-09-16,24.64,25.22,24.56,24.56,23.2896,23.8378,23.2139,23.2139,46666304.0,1159520252.0,0.9452179487,38.94556588,956.503098,47.36112508,1163.189232,0.009853292953065126
CN,000063,2022-09-19,24.46,24.47,23.26,23.27,23.1194,23.1289,21.9852,21.9946,46670722.0,1103057275.0,0.9452179487,38.94556588,906.263318,47.36112508,1102.093381,0.009854225785634567
CN,000063,2022-09-20,23.45,23.57,23.05,23.11,22.1648,22.2782,21.7867,21.8434,26241188.0,610202002.0,0.9452179487,38.94556588,900.032027,47.36112508,1094.515601,0.005540659761708516
CN,000063,2022-09-21,23.01,23.24,22.53,23.06,21.7489,21.9663,21.2952,21.7962,27294135.0,624442835.0,0.9452179487,38.94556588,898.084749,47.36112508,1092.147544,0.005762982816370206
CN,000063,2022-09-22,22.88,22.94,22.45,22.56,21.626,21.6827,21.2196,21.3236,29368540.0,665449470.0,0.9452179487,38.94556588,878.611966,47.36112508,1068.466982,0.006200980223842267
CN,000063,2022-09-23,22.56,22.68,22.06,22.33,21.3236,21.437,20.851,21.1062,26480108.0,592321134.0,0.9452179487,38.94556588,869.654486,47.36112508,1057.573923,0.005591106198442531
CN,000063,2022-09-26,22.03,22.25,21.6,21.72,20.8226,21.0305,20.4162,20.5296,28208478.0,619543582.0,0.9452179487,38.94556588,845.897691,47.36112508,1028.683637,0.005956040518959732
CN,000063,2022-09-27,21.79,22.06,21.61,22.04,20.5958,20.851,20.4256,20.8321,19879680.0,434113452.0,0.9452179487,38.94556588,858.360272,47.36112508,1043.839197,0.004197467852889951
CN,000063,2022-09-28,22.03,22.03,21.51,21.51,20.8226,20.8226,20.3311,20.3311,20617615.0,448090578.0,0.9452179487,38.94556588,837.719122,47.36112508,1018.7378,0.004353278129515246
CN,000063,2022-09-29,21.7,21.82,21.05,21.24,20.5107,20.6241,19.8963,20.0759,23724515.0,507755052.0,0.9452179487,38.94556588,827.203819,47.36112508,1005.950297,0.005009280282072218
CN,000063,2022-09-30,21.2,21.55,21.08,21.4,20.0381,20.3689,19.9247,20.2271,23410252.0,500127683.0,0.9452179487,38.94556588,833.43511,47.36112508,1013.528077,0.004942925650616744
CN,000063,2022-10-10,21.4,21.5,20.57,20.6,20.2271,20.3217,19.4426,19.471,36624139.0,763840746.0,0.9452179487,38.94556588,802.278657,47.36112508,975.639177,0.0077329537544001264
CN,000063,2022-10-11,20.61,20.74,20.3,20.52,19.4804,19.6033,19.1874,19.3954,18885364.0,387157234.0,0.9452179487,38.94556588,799.163012,47.36112508,971.850287,0.003987524360559384
CN,000063,2022-10-12,20.56,21.28,20.33,21.27,19.4332,20.1137,19.2158,20.1043,29662934.0,618858824.0,0.9452179487,38.94556588,828.372186,47.36112508,1007.37113,0.006263139642458848
CN,000063,2022-10-13,21.26,21.65,21.18,21.31,20.0948,20.4634,20.0192,20.1421,23430607.0,501886700.0,0.9452179487,38.94556588,829.930009,47.36112508,1009.265575,0.004947223479261148
CN,000063,2022-10-14,21.51,21.84,21.4,21.77,20.3311,20.643,20.2271,20.5769,22786439.0,494224749.0,0.9452179487,38.94556588,847.844969,47.36112508,1031.051693,0.004811211507646896
CN,000063,2022-10-17,21.57,22.2,21.5,22.12,20.3878,20.9833,20.3217,20.9077,20044934.0,441105199.0,0.9452179487,38.94556588,861.475917,47.36112508,1047.628087,0.004232360182774611
CN,000063,2022-10-18,22.16,22.32,21.95,22.13,20.9455,21.0967,20.747,20.9171,19223467.0,425964444.0,0.9452179487,38.94556588,861.865373,47.36112508,1048.101698,0.004058912656219357
CN,000063,2022-10-19,22.1,22.33,21.88,21.92,20.8888,21.1062,20.6808,20.7186,15196291.0,334656443.0,0.9452179487,38.94556588,853.686804,47.36112508,1038.155862,0.0032086000858998175
CN,000063,2022-10-20,21.77,22.44,21.7,22.04,20.5769,21.2101,20.5107,20.8321,21515279.0,475189562.0,0.9452179487,38.94556588,858.360272,47.36112508,1043.839197,0.004542814167454318
CN,000063,2022-10-21,22.08,22.35,21.93,22.02,20.8699,21.1251,20.7281,20.8132,12461577.0,275770193.0,0.9452179487,38.94556588,857.581361,47.36112508,1042.891974,0.0026311826374374636
CN,000063,2022-10-24,22.06,22.44,21.52,21.6,20.851,21.2101,20.3406,20.4162,24312397.0,533290021.0,0.9452179487,38.94556588,841.224223,47.36112508,1023.000302,0.00513340782317412
CN,000063,2022-10-25,21.55,21.78,21.3,21.55,20.3689,20.5863,20.1326,20.3689,17651246.0,380646671.0,0.9452179487,38.94556588,839.276945,47.36112508,1020.632245,0.003726948202810726
CN,000063,2022-10-26,21.63,22.4,21.63,22.16,20.4445,21.1723,20.4445,20.9455,23055581.0,509031329.0,0.9452179487,38.94556588,863.03374,47.36112508,1049.522532,0.0048680391272495505
CN,000063,2022-10-27,23.0,23.0,22.11,22.15,21.7394,21.7394,20.8982,20.936,38345975.0,857324049.0,0.9452179487,38.94556588,862.644284,47.36112508,1049.048921,0.008096508462421012
CN,000063,2022-10-28,22.02,22.11,21.31,21.36,20.8132,20.8982,20.1421,20.1893,29505773.0,640193942.0,0.9452179487,38.94556588,831.877287,47.36112508,1011.633632,0.0062299560979939455
CN,000063,2022-10-31,21.34,22.39,21.28,22.17,20.1704,21.1629,20.1137,20.9549,41230450.0,912051498.0,0.9452179487,38.94556588,863.423196,47.36112508,1049.996143,0.008705546992466
CN,000063,2022-11-01,22.18,22.5,22.06,22.45,20.9644,21.2668,20.851,21.2196,28317089.0,632320540.0,0.9452179487,38.94556588,874.327954,47.36112508,1063.257258,0.005978973040055154
CN,000063,2022-11-02,22.31,22.98,22.28,22.81,21.0873,21.7205,21.0589,21.5599,38353793.0,867157617.0,0.9452179487,38.94556588,888.348358,47.36112508,1080.307263,0.008098159183341766
CN,000063,2022-11-03,22.49,22.56,22.16,22.3,21.2574,21.3236,20.9455,21.0778,33353535.0,743917475.0,0.9452179487,38.94556588,868.486119,47.36112508,1056.153089,0.00704238654458924
CN,000063,2022-11-04,22.33,23.31,22.2,23.2,21.1062,22.0325,20.9833,21.9285,61734051.0,1414669616.0,0.9452179487,38.94556588,903.537128,47.36112508,1098.778102,0.013034751791838134
CN,000063,2022-11-07,23.0,23.99,22.9,23.69,21.7394,22.6752,21.6449,22.3916,54575054.0,1284881510.0,0.9452179487,38.94556588,922.620456,47.36112508,1121.985053,0.011523175158490133
CN,000063,2022-11-08,23.56,23.66,23.29,23.45,22.2687,22.3633,22.0135,22.1648,28245974.0,661136615.0,0.9452179487,38.94556588,913.27352,47.36112508,1110.618383,0.005963957560612916
CN,000063,2022-11-09,23.39,23.5,22.93,22.95,22.1081,22.212,21.6733,21.6922,27346298.0,632290431.0,0.9452179487,38.94560588,893.801655,47.36112508,1086.937821,0.005773996701684774
CN,000063,2022-11-10,22.86,23.07,22.67,22.89,21.6071,21.8056,21.4275,21.6355,22139889.0,506445328.0,0.9452179487,39.79881731,910.994928,47.36112508,1084.096153,0.004674696591899459
CN,000063,2022-11-11,23.4,24.23,23.27,23.83,22.1175,22.902,21.9946,22.524,71547033.0,1698102311.0,0.9452179487,39.79881731,948.405816,47.36112508,1128.615611,0.0151067004593211
CN,000063,2022-11-14,24.0,24.24,23.88,24.12,22.6846,22.9115,22.5712,22.7981,37511169.0,902904378.0,0.9452179487,39.79881731,959.947474,47.36112508,1142.350337,0.007920244490948651
CN,000063,2022-11-15,23.92,24.43,23.87,24.33,22.609,23.0911,22.5618,22.9965,31219866.0,756892463.0,0.9452179487,39.79881731,968.305225,47.36112508,1152.296173,0.006591875920866532
CN,000063,2022-11-16,24.28,24.84,24.09,24.2,22.9493,23.4786,22.7697,22.8737,37472464.0,912996601.0,0.9452179487,39.79881731,963.131379,47.36112508,1146.139227,0.007912072176643485
CN,000063,2022-11-17,24.3,24.55,24.0,24.54,22.9682,23.2045,22.6846,23.195,28057781.0,682553938.0,0.9452179487,39.79881731,976.662977,47.36112508,1162.242009,0.005924221806936855
CN,000063,2022-11-18,24.58,25.46,24.53,25.12,23.2328,24.0646,23.1856,23.7432,63271014.0,1595755458.0,0.9452179487,39.79881731,999.746291,47.36112508,1189.711462,0.013359271743043652
CN,000063,2022-11-21,24.91,25.43,24.85,25.06,23.5448,24.0363,23.488,23.6865,28372813.0,711536149.0,0.9452179487,39.79881731,997.358362,47.36112508,1186.869795,0.005990738807845905
CN,000063,2022-11-22,24.97,25.55,24.61,25.01,23.6015,24.1497,23.2612,23.6393,43312094.0,1085451571.0,0.9452179487,39.79881731,995.368421,47.36112508,1184.501738,0.009145072868695458
CN,000063,2022-11-23,24.91,25.03,24.45,24.52,23.5448,23.6582,23.11,23.1761,29270076.0,721487674.0,0.9452179487,39.79881731,975.867,47.36112508,1161.294787,0.006180190177188249
CN,000063,2022-11-24,24.56,24.85,24.2,24.24,23.2139,23.488,22.8737,22.9115,17222171.0,420372446.0,0.9452179487,39.79881731,964.723332,47.36112508,1148.033672,0.0036363517485932155
CN,000063,2022-11-25,24.23,24.71,24.23,24.4,22.902,23.3557,22.902,23.0627,19673115.0,482006342.0,0.9452179487,39.79881731,971.091142,47.36112508,1155.611452,0.004153852968393208
CN,000063,2022-11-28,23.8,24.07,23.5,23.94,22.4956,22.7508,22.212,22.6279,28374183.0,677237692.0,0.9452179487,39.79881731,952.783686,47.36112508,1133.825334,0.005991028074622757
CN,000063,2022-11-29,24.09,24.98,24.02,24.59,22.7697,23.6109,22.7035,23.2423,27588140.0,676169846.0,0.9452179487,39.79881731,978.652918,47.36112508,1164.610066,0.005825060100113652
CN,000063,2022-11-30,24.58,24.7,24.29,24.5,23.2328,23.3463,22.9587,23.1572,20341846.0,498019464.0,0.9452179487,39.79881731,975.071024,47.36112508,1160.347564,0.0042950512610584295
CN,000063,2022-12-01,24.74,25.64,24.69,25.2,23.3841,24.2347,23.3368,23.8189,53820382.0,1357802215.0,0.9452179487,39.79881731,1002.930196,47.36112508,1193.500352,0.011363830970883684
CN,000063,2022-12-02,25.05,25.35,24.98,25.05,23.6771,23.9606,23.6109,23.6771,20002460.0,503288934.0,0.9452179487,39.79881731,996.960374,47.36112508,1186.396183,0.0042233920681176524
CN,000063,2022-12-05,25.2,26.99,25.2,26.76,23.8189,25.5108,23.8189,25.2934,85152240.0,2237032869.0,0.9452179487,39.79881731,1065.016351,47.36112508,1267.383707,0.01797935328946793
CN,000063,2022-12-06,27.0,27.4,26.63,26.92,25.5202,25.8983,25.1705,25.4446,58986876.0,1594483420.0,0.9452179487,39.79881731,1071.384162,47.36112508,1274.961487,0.012454703282568218
CN,000063,2022-12-07,26.9,26.92,26.3,26.6,25.4257,25.4446,24.8586,25.1421,35267468.0,937450396.0,0.9452179487,39.79881731,1058.64854,47.36112508,1259.805927,0.0074465013110283996
CN,000063,2022-12-08,26.46,26.97,26.4,26.66,25.0098,25.4919,24.9531,25.1988,23166255.0,618247703.0,0.9452179487,39.79881731,1061.036469,47.36112508,1262.647595,0.004891407237659313
CN,000063,2022-12-09,26.67,26.99,26.33,26.51,25.2083,25.5108,24.8869,25.0571,27335310.0,727627383.0,0.9452179487,39.79881731,1055.066647,47.36112508,1255.543426,0.005771676655448236
CN,000063,2022-12-12,26.33,26.94,26.3,26.59,24.8869,25.4635,24.8586,25.1327,21778016.0,579323317.0,0.9452179487,39.79881731,1058.250552,47.36112508,1259.332316,0.004598289412089279
CN,000063,2022-12-13,26.5,26.87,26.32,26.35,25.0476,25.3973,24.8775,24.9058,21919764.0,581887109.0,0.9452179487,39.79881731,1048.698836,47.36112508,1247.965646,0.0046282185997427745
CN,000063,2022-12-14,26.55,26.92,26.49,26.62,25.0949,25.4446,25.0382,25.161,21651748.0,578586465.0,0.9452179487,39.79881731,1059.444517,47.36112508,1260.75315,0.004571628727870584
CN,000063,2022-12-15,26.51,26.82,26.37,26.55,25.0571,25.3501,24.9247,25.0949,15736281.0,418118792.0,0.9452179487,39.79881731,1056.6586,47.36112508,1257.437871,0.00332261553614258
CN,000063,2022-12-16,26.4,26.5,26.0,26.34,24.9531,25.0476,24.575,24.8964,18607538.0,488004155.0,0.9452179487,39.79881731,1048.300848,47.36112508,1247.492035,0.003928863169650023
CN,000063,2022-12-19,26.38,26.49,25.72,25.83,24.9342,25.0382,24.3104,24.4143,20715192.0,537316144.0,0.9452179487,39.79881731,1028.003451,47.36112508,1223.337861,0.004373880891767025
CN,000063,2022-12-20,25.84,26.2,25.05,25.39,24.4238,24.7641,23.6771,23.9985,20865044.0,531067532.0,0.9452179487,39.79881731,1010.491971,47.36112508,1202.498966,0.004405521187420238
CN,000063,2022-12-21,25.55,25.55,25.01,25.14,24.1497,24.1497,23.6393,23.7622,13185698.0,332881685.0,0.9452179487,39.79881731,1000.542267,47.36112508,1190.658685,0.0027840761759201013
CN,000063,2022-12-22,25.31,25.45,24.89,24.98,23.9228,24.0552,23.5259,23.6109,18236947.0,457640020.0,0.9452179487,39.79881731,994.174456,47.36112508,1183.080905,0.0038506152396496234
CN,000063,2022-12-23,24.96,25.47,24.94,25.15,23.592,24.0741,23.5731,23.7716,13312024.0,335020734.0,0.9452179487,39.79881731,1000.940255,47.36112508,1191.132296,0.002810749106469495
CN,000063,2022-12-26,25.14,25.32,24.9,25.07,23.7622,23.9323,23.5353,23.696,14223039.0,356664197.0,0.9452179487,39.79881731,997.75635,47.36112508,1187.343406,0.003003104123049266
CN,000063,2022-12-27,25.07,25.8,25.06,25.72,23.696,24.386,23.6865,24.3104,20877597.0,530858186.0,0.9452179487,39.79881731,1023.625581,47.36112508,1218.128137,0.004408171673442011
CN,000063,2022-12-28,25.62,25.72,25.08,25.18,24.2158,24.3104,23.7054,23.8,20017315.0,507242912.0,0.9452179487,39.79881731,1002.13422,47.36112508,1192.55313,0.00422652860678199
CN,000063,2022-12-29,25.0,25.64,25.0,25.55,23.6298,24.2347,23.6298,24.1497,20992313.0,534354633.0,0.9452179487,39.79881731,1016.859782,47.36112508,1210.076746,0.004432393226415305
CN,000063,2022-12-30,25.62,26.0,25.55,25.86,24.2158,24.575,24.1497,24.4427,22264410.0,575410280.0,0.9452179487,39.79881731,1029.197416,47.36112508,1224.758695,0.004700988408191759
CN,000063,2023-01-03,25.88,26.18,25.48,25.93,24.4616,24.7452,24.0835,24.5089,22732583.0,589696754.0,0.9452179487,39.79881731,1031.983333,47.36112508,1228.073973,0.004799840156162101
CN,000063,2023-01-04,26.06,26.72,25.96,26.44,24.6317,25.2556,24.5372,24.9909,32813872.0,868348242.0,0.9452179487,39.79881731,1052.28073,47.36112508,1252.228147,0.0069284401383143835
CN,000063,2023-01-05,26.42,26.71,26.22,26.44,24.972,25.2461,24.783,24.9909,23741883.0,629370048.0,0.9452179487,39.79881731,1052.28073,47.36112508,1252.228147,0.00501294742468563
CN,000063,2023-01-06,26.44,26.49,25.97,26.0,24.9909,25.0382,24.5467,24.575,19563537.0,512022379.0,0.9452179487,39.79881731,1034.76925,47.36112508,1231.389252,0.004130716271404928
CN,000063,2023-01-09,25.94,26.18,25.5,25.64,24.5183,24.7452,24.1024,24.2347,26379100.0,677835511.0,0.9452179487,39.79881731,1020.441676,47.36112508,1214.339247,0.005569779002386825
CN,000063,2023-01-10,25.74,25.74,25.3,25.49,24.3293,24.3293,23.9134,24.093,17996763.0,457876630.0,0.9452179487,39.79881731,1014.471853,47.36112508,1207.235078,0.0037999019173638265
CN,000063,2023-01-11,25.5,26.94,25.5,26.29,24.1024,25.4635,24.1024,24.8491,51051716.0,1353631622.0,0.9452179487,39.79881731,1046.310907,47.36112508,1245.123978,0.010779244773802574
CN,000063,2023-01-12,26.29,26.87,26.2,26.6,24.8491,25.3973,24.7641,25.1421,27798519.0,739322730.0,0.9452179487,39.79881731,1058.64854,47.36112508,1259.805927,0.005869480286425662
CN,000063,2023-01-13,26.66,26.79,26.13,26.43,25.1988,25.3217,24.6979,24.9815,19022654.0,500973871.0,0.9452179487,39.79881731,1051.882741,47.36112508,1251.754536,0.004016512269898129
CN,000063,2023-01-16,26.32,27.02,26.32,26.8,24.8775,25.5391,24.8775,25.3312,30997459.0,831043819.0,0.9452179487,39.79881731,1066.608304,47.36112508,1269.278152,0.0065449160989399366
CN,000063,2023-01-17,26.76,26.83,26.45,26.53,25.2934,25.3595,25.0004,25.076,19371068.0,515758897.0,0.9452179487,39.79881731,1055.862623,47.36112508,1256.490648,0.004090077667555274
CN,000063,2023-01-18,26.53,26.85,26.49,26.8,25.076,25.3784,25.0382,25.3312,14278358.0,381761596.0,0.9452179487,39.79881731,1066.608304,47.36112508,1269.278152,0.0030147843776687578
CN,000063,2023-01-19,26.7,26.82,26.42,26.81,25.2367,25.3501,24.972,25.3406,19354701.0,515390256.0,0.9452179487,39.79881731,1067.006292,47.36112508,1269.751763,0.004086621879718234
CN,000063,2023-01-20,26.75,27.6,26.7,27.36,25.2839,26.0873,25.2367,25.860500000000002,44141844.0,1208286847.0,0.9452179487,39.79881731,1088.895642,47.36112508,1295.800382,0.00932026929796069
CN,000063,2023-01-30,27.59,27.72,26.96,27.01,26.0779,26.2008,25.4824,25.5297,36430395.0,992748305.0,0.9452179487,39.79881731,1074.966056,47.36112508,1279.223988,0.007692045942418731
CN,000063,2023-01-31,26.89,27.02,26.6,26.64,25.4162,25.5391,25.1421,25.1799,17696448.0,473237164.0,0.9452179487,39.79881731,1060.240493,47.36112508,1261.700372,0.0037364923172977967
CN,000063,2023-02-01,26.64,27.13,26.64,26.98,25.1799,25.6431,25.1799,25.5013,20424112.0,549508211.0,0.9452179487,39.79881731,1073.772091,47.36112508,1277.803155,0.0043124212031493405
CN,000063,2023-02-02,27.04,27.42,26.81,26.95,25.558,25.9172,25.3406,25.473,25075929.0,678764244.0,0.9452179487,39.79881731,1072.578127,47.36112508,1276.382321,0.005294622743366636
CN,000063,2023-02-03,26.84,27.13,26.51,27.11,25.369,25.6431,25.0571,25.6242,25812293.0,690972747.0,0.9452179487,39.79881731,1078.945937,47.36112508,1283.960101,0.005450101313344898
CN,000063,2023-02-06,26.94,27.46,26.67,26.83,25.4635,25.955,25.2083,25.3595,26340784.0,710124720.0,0.9452179487,39.79881731,1067.802268,47.36112508,1270.698986,0.005561688822954795
CN,000063,2023-02-07,26.86,27.39,26.68,27.17,25.3879,25.8888,25.2178,25.6809,26258959.0,712197481.0,0.9452179487,39.79881731,1081.333866,47.36112508,1286.801768,0.005544411995205921
CN,000063,2023-02-08,27.2,27.49,26.71,26.75,25.7093,25.9834,25.2461,25.2839,22645170.0,609382522.0,0.9452179487,39.79881731,1064.618363,47.36112508,1266.910096,0.004781383457793482
CN,000063,2023-02-09,26.66,27.97,26.42,27.83,25.1988,26.437,24.972,26.3047,53283427.0,1464974649.0,0.9452179487,39.79881731,1107.601086,47.36112508,1318.060111,0.011250456341566285
CN,000063,2023-02-10,27.8,29.0,27.69,28.2,26.2764,27.4106,26.1724,26.6544,63579966.0,1807177304.0,0.9452179487,39.79881731,1122.326648,47.36112508,1335.583727,0.013424504990665649
CN,000063,2023-02-13,28.3,28.31,27.82,28.16,26.749,26.7584,26.2953,26.6166,33405581.0,936961566.0,0.9452179487,39.79881731,1120.734695,47.36112508,1333.689282,0.007053375726098777
CN,000063,2023-02-14,28.14,28.42,28.03,28.28,26.5977,26.8624,26.4938,26.7301,25578479.0,722574680.0,0.9452179487,39.79881731,1125.510554,47.36112508,1339.372617,0.005400732975999648
CN,000063,2023-02-15,28.28,29.38,28.16,29.1,26.7301,27.7698,26.6166,27.5051,55733240.0,1609396882.0,0.9452179487,39.79881731,1158.145584,47.36112508,1378.20874,0.011767718757917649
CN,000063,2023-02-16,29.11,31.08,28.95,29.86,27.5146,29.3766,27.3633,28.2235,124259556.0,3746090917.0,0.9452179487,39.79881731,1188.392685,47.36112508,1414.203195,0.026236614056382127
CN,000063,2023-02-17,29.8,29.8,27.97,27.97,28.1668,28.1668,26.437,26.437,84856603.0,2436019130.0,0.9452179487,39.79881731,1113.17292,47.36112508,1324.690668,0.017916931419315853
CN,000063,2023-02-20,27.81,29.62,27.81,29.57,26.2858,27.9966,26.2858,27.9494,86161652.0,2500873973.0,0.9452179487,39.79881731,1176.851028,47.36112508,1400.468469,0.018192484206078323
CN,000063,2023-02-21,29.34,31.1,29.29,30.16,27.732,29.3955,27.6847,28.507,106140066.0,3221241600.0,0.9452179487,39.79881731,1200.33233,47.36112508,1428.411532,0.02241079911440313
CN,000063,2023-02-22,29.82,30.98,29.72,30.64,28.1857,29.2821,28.0911,28.9607,83767713.0,2556363929.0,0.9452179487,39.79881731,1219.435762,47.36112508,1451.144872,0.01768701922906262
CN,000063,2023-02-23,30.5,30.9,29.39,29.78,28.8284,29.2065,27.7792,28.1478,80556394.0,2423087508.0,0.9452179487,39.79881731,1185.208779,47.36112508,1410.414305,0.01700896966951867
CN,000063,2023-02-24,29.8,30.54,29.6,30.1,28.1668,28.8662,27.9777,28.4503,50763139.0,1529106115.0,0.9452179487,39.79881731,1197.944401,47.36112508,1425.569865,0.010718313577697635
CN,000063,2023-02-27,29.88,31.67,29.84,31.29,28.2424,29.9343,28.2046,29.5751,113945545.0,3536745856.0,0.9452179487,39.79881731,1245.304994,47.36112508,1481.929604,0.024058876305731544
CN,000063,2023-02-28,32.5,33.6,31.67,32.24,30.7188,31.7585,29.9343,30.473,191990360.0,6228764744.0,0.9452179487,39.79881731,1283.11387,47.36112508,1526.922673,0.04053754206127909
CN,000063,2023-03-01,32.09,33.75,31.88,32.91,30.3312,31.9003,30.1328,31.1063,197273435.0,6526733973.0,0.9452179487,39.79881731,1309.779078,47.36112508,1558.654626,0.041653029708811976
CN,000063,2023-03-02,32.75,33.52,32.31,32.59,30.9551,31.6829,30.5392,30.8038,140880524.0,4628414253.0,0.9452179487,39.79881731,1297.043456,47.36112508,1543.499066,0.029746025619541722
CN,000063,2023-03-03,32.0,32.5,31.11,31.98,30.2462,30.7188,29.405,30.2273,106964446.0,3399595694.0,0.9452179487,39.79881731,1272.766178,47.36112508,1514.60878,0.022584861702360556
CN,000063,2023-03-06,32.5,33.71,32.16,32.76,30.7188,31.8625,30.3974,30.9645,145369182.0,4777516148.0,0.9452179487,39.79881731,1303.809255,47.36112508,1551.550458,0.030693777175784948
CN,000063,2023-03-07,32.1,32.72,30.9,31.15,30.3407,30.9267,29.2065,29.4428,110416125.0,3496354049.0,0.9452179487,39.79881731,1239.733159,47.36112508,1475.299046,0.023313661745469668
CN,000063,2023-03-08,30.99,31.75,30.88,31.4,29.2915,30.0099,29.1876,29.6791,74171687.0,2319330088.0,0.9452179487,39.79881731,1249.682864,47.36112508,1487.139328,0.015660879439564193
CN,000063,2023-03-09,31.4,33.13,30.58,32.59,29.6791,31.3142,28.904,30.8038,117883806.0,3764039841.0,0.9452179487,39.79881731,1297.043456,47.36112508,1543.499066,0.02489041503994609
CN,000063,2023-03-10,32.31,33.17,32.15,32.29,30.5392,31.3521,30.388,30.5203,91585669.0,2992528661.0,0.9452179487,39.79881731,1285.103811,47.36112508,1529.290729,0.019337730859496718
CN,000063,2023-03-13,31.68,34.18,31.51,34.01,29.9437,32.3067,29.783,32.146,152926697.0,5149687285.0,0.9452179487,39.79881731,1353.557777,47.36112508,1610.751864,0.03228949834736485
CN,000063,2023-03-14,33.69,34.2,33.22,33.73,31.8436,32.3256,31.3993,31.8814,115527820.0,3909763453.0,0.9452179487,39.79881731,1342.414108,47.36112508,1597.490749,0.024392963597223732
CN,000063,2023-03-15,33.77,34.07,32.5,33.01,31.9192,32.2027,30.7188,31.2008,69750333.0,2308758831.0,0.9452179487,39.79881731,1313.758959,47.36112508,1563.390739,0.014727338694378837
CN,000063,2023-03-16,32.78,33.1,32.15,32.42,30.9834,31.2859,30.388,30.6432,50272385.0,1635784858.0,0.9452179487,39.79881731,1290.277657,47.36112508,1535.447675,0.010614693995356413
CN,000063,2023-03-17,32.85,35.1,32.7,34.68,31.0496,33.1763,30.9078,32.7793,167116835.0,5721648629.0,0.9452179487,39.79881731,1380.222984,47.36112508,1642.483818,0.03528565563375337
CN,000063,2023-03-20,34.7,35.97,33.48,33.7,32.7982,33.9986,31.6451,31.853,141611740.0,4915230100.0,0.9452179487,39.79881731,1341.220143,47.36112508,1596.069915,0.029900417222098644
CN,000063,2023-03-21,34.0,34.2,33.22,33.9,32.1366,32.3256,31.3993,32.042,65651914.0,2208243051.0,0.9452179487,39.79881731,1349.179907,47.36112508,1605.54214,0.01386198361823207
CN,000063,2023-03-22,34.01,35.85,33.38,35.72,32.146,33.8852,31.5505,33.7623,131913297.0,4627039570.0,0.9452179487,39.79881731,1421.613754,47.36112508,1691.739388,0.02785265273516598
CN,000063,2023-03-23,35.49,37.01,35.26,36.6,33.5449,34.9816,33.3275,34.5941,158535253.0,5766989511.0,0.9452179487,39.79881731,1456.636714,47.36112508,1733.417178,0.03347370923562528
CN,000063,2023-03-24,36.3,36.6,34.51,35.39,34.3105,34.5941,32.6186,33.4504,141632779.0,5016370108.0,0.9452179487,39.79881731,1408.480145,47.36112508,1676.110217,0.029904859472987842
CN,000063,2023-03-27,35.29,35.34,33.72,34.29,33.3559,33.4031,31.8719,32.4107,128374462.0,4425550804.0,0.9452179487,39.79881731,1364.701446,47.36112508,1624.012979,0.027105450257601863
CN,000063,2023-03-28,34.1,35.2,33.93,34.8,32.2311,33.2708,32.0704,32.8927,87035723.0,3016597807.0,0.9452179487,39.79881731,1384.998842,47.36112508,1648.167153,0.01837703873229018
CN,000063,2023-03-29,34.88,35.0,33.7,34.69,32.9683,33.0818,31.853,32.7887,78221836.0,2685933703.0,0.9452179487,39.79881731,1380.620972,47.36112508,1642.957429,0.016516042612558644
CN,000063,2023-03-30,34.5,34.5,31.22,31.6,32.6092,32.6092,29.5089,29.8681,203080403.0,6512362659.0,0.9452179487,39.79881731,1257.642627,47.36112508,1496.611553,0.04287913402753143
CN,000063,2023-03-31,32.12,32.83,31.55,32.56,30.3596,31.0307,29.8208,30.7755,101158844.0,3260874841.0,0.9452179487,39.79881731,1295.849492,47.36112508,1542.078233,0.021359045805843427
CN,000063,2023-04-03,32.47,32.73,29.93,32.28,30.6904,30.9362,28.2896,30.5108,258719346.0,8043575962.0,0.9452179487,39.79881731,1284.705823,47.36112508,1528.817118,0.05462694257431268
CN,000063,2023-04-04,31.53,33.15,31.4,32.52,29.8019,31.3331,29.6791,30.7377,148665433.0,4804913183.0,0.9452179487,39.79881731,1294.257539,47.36112508,1540.183788,0.03138975958634469
CN,000063,2023-04-06,32.0,34.68,31.7,33.64,30.2462,32.7793,29.9626,31.7963,144408305.0,4796316155.0,0.9452179487,39.79881731,1338.832214,47.36112508,1593.228248,0.03049089411538954
CN,000063,2023-04-07,35.43,37.0,35.41,37.0,33.4882,34.9721,33.4693,34.9721,277566040.0,10192319651.0,0.9452179487,39.8035704,1472.732105,47.36587817,1752.537492,0.058600420962067426
CN,000063,2023-04-10,37.0,37.43,35.26,35.6,34.9721,35.3786,33.3275,33.6489,188685048.0,6875745265.0,0.9452179487,39.8035704,1417.007106,47.36587817,1686.225263,0.03983564863355726
CN,000063,2023-04-11,35.48,35.55,34.3,35.05,33.5354,33.6016,32.4201,33.129,109715237.0,3834400770.0,0.9452179487,39.8035704,1395.115143,47.36587817,1660.17403,0.02316334906875854
CN,000063,2023-04-12,34.67,38.08,34.54,36.95,32.769800000000004,35.993,32.647,34.9249,195339156.0,7177491593.0,0.9452179487,39.8035704,1470.741926,47.36587817,1750.169198,0.0412404801825719
CN,000063,2023-04-13,36.46,36.48,34.36,34.57,34.4617,34.4806,32.4768,32.6753,150996405.0,5303404169.0,0.9452179487,39.8035704,1376.009429,47.36587817,1637.438408,0.03187873018168513
CN,000063,2023-04-14,34.32,34.86,33.78,34.4,32.439,32.9494,31.9286,32.5146,83141651.0,2852891684.0,0.9452179487,39.8035704,1369.242822,47.36587817,1629.386209,0.017553068624970455
CN,000063,2023-04-17,34.0,34.23,33.33,33.68,32.1366,32.354,31.5033,31.8341,95231199.0,3206281605.0,0.9452179487,39.8035704,1340.584251,47.36587817,1595.282777,0.020105443555423475
CN,000063,2023-04-18,33.77,35.08,33.73,34.82,31.9192,33.1574,31.8814,32.9116,99244801.0,3422861663.0,0.9452179487,39.8035704,1385.960321,47.36587817,1649.279878,0.02095280502217278
CN,000063,2023-04-19,34.5,36.5,34.37,35.35,32.6092,34.4995,32.4863,33.4126,124724920.0,4437698847.0,0.9452179487,39.8035704,1407.056214,47.36587817,1674.383793,0.026332230039597723
CN,000063,2023-04-20,35.74,37.46,35.74,37.3,33.7812,35.4069,33.7812,35.2557,173202159.0,6395291053.0,0.9452179487,39.8035704,1484.673176,47.36587817,1766.747256,0.036566863255097545
CN,000063,2023-04-21,38.0,38.53,35.7,36.57,35.9173,36.4183,33.7434,34.5657,165381884.0,6150226859.0,0.9452179487,39.8035704,1455.61657,47.36587817,1732.170165,0.0349158276779818
CN,000063,2023-04-24,37.6,38.88,37.25,38.03,35.5393,36.7491,35.2084,35.9457,187618479.0,7144729909.0,0.9452179487,39.8035704,1513.729782,47.36587817,1801.324347,0.039610471978714715
CN,000063,2023-04-25,37.49,38.05,36.45,36.89,35.4353,35.9646,34.4523,34.8682,139228498.0,5180713124.0,0.9452179487,39.8035704,1468.353712,47.36587817,1747.327246,0.02939426088550445
CN,000063,2023-04-26,36.6,36.88,34.74,35.26,34.5941,34.8587,32.836,33.3275,123910519.0,4421051297.0,0.9452179487,39.8035704,1403.473892,47.36587817,1670.120864,0.02616029170941897
CN,000063,2023-04-27,34.85,35.23,33.62,34.67,32.94,33.2992,31.7774,32.769800000000004,87414389.0,3021443195.0,0.9452179487,39.8035704,1379.989786,47.36587817,1642.174996,0.01845513951757901
CN,000063,2023-04-28,34.37,36.45,34.36,35.62,32.4863,34.4523,32.4768,33.6678,99578962.0,3559199817.0,0.9452179487,39.8035704,1417.803178,47.36587817,1687.17258,0.021023353909454184
CN,000063,2023-05-04,35.5,35.5,33.3,33.63,33.5544,33.5544,31.4749,31.7868,126268113.0,4260059949.0,0.9452179487,39.8035704,1338.594073,47.36587817,1592.914483,0.026658032718577168
CN,000063,2023-05-05,33.64,33.81,32.8,33.45,31.7963,31.957,31.0023,31.6167,67809357.0,2256910443.0,0.9452179487,39.8035704,1331.42943,47.36587817,1584.388625,0.014316077231087469
CN,000063,2023-05-08,33.5,34.6,33.12,34.5,31.664,32.7037,31.3048,32.6092,82749693.0,2827931782.0,0.9452179487,39.83300709,1374.238745,47.39531486,1635.138363,0.017459466878621346
CN,000063,2023-05-09,34.25,34.86,33.03,33.16,32.3729,32.9494,31.2197,31.3426,80616460.0,2727809579.0,0.9452179487,39.83300709,1320.862515,47.39531486,1571.628641,0.017009373234069914
CN,000063,2023-05-10,33.1,33.57,31.68,32.12,31.2859,31.7301,29.9437,30.3596,88948879.0,2871138947.0,0.9452179487,39.83393841,1279.466102,47.39624618,1522.367427,0.018767072536122944
CN,000063,2023-05-11,32.16,32.4,31.5,31.68,30.3974,30.6243,29.7736,29.9437,47934362.0,1525017642.0,0.9452179487,39.83393841,1261.939169,47.39624618,1501.513079,0.010113535535695457
CN,000063,2023-05-12,31.5,31.93,30.8,31.05,29.7736,30.18,29.1119,29.3482,62742466.0,1958391607.0,0.9452179487,39.83393841,1236.843788,47.39624618,1471.653444,0.013237855538541723
CN,000063,2023-05-15,30.74,31.44,29.93,31.36,29.0552,29.7169,28.2896,29.6413,88880284.0,2722970041.0,0.9452179487,39.83393841,1249.192309,47.39624618,1486.34628,0.018752599870979908
CN,000063,2023-05-16,31.26,31.74,30.95,31.11,29.9285,30.3881,29.6317,29.7849,63647741.0,1993033062.0,0.9574059788,39.83393841,1239.233824,47.39624618,1474.497219,0.013428856951725791
CN,000063,2023-05-17,30.83,31.62,30.51,31.27,29.5168,30.2732,29.2104,29.9381,51987149.0,1621763338.0,0.9574059788,39.83393841,1245.607254,47.39624618,1482.080618,0.010968621608252436
CN,000063,2023-05-18,31.35,32.85,31.32,32.46,30.0147,31.4508,29.9859,31.0774,82945652.0,2680411138.0,0.9574059788,39.83393841,1293.009641,47.39624618,1538.482151,0.01750046864154422
CN,000063,2023-05-19,32.1,33.13,32.06,32.64,30.7327,31.7188,30.6944,31.2497,59629393.0,1950961530.0,0.9574059788,39.83393841,1300.17975,47.39624618,1547.013475,0.01258103706642533
CN,000063,2023-05-22,32.58,32.87,31.76,32.16,31.1923,31.4699,30.4072,30.7902,41780047.0,1345038622.0,0.9574059788,39.83393841,1281.059459,47.39624618,1524.263277,0.008815054011098057
CN,000063,2023-05-23,32.13,32.13,31.15,31.21,30.7614,30.7614,29.8232,29.8806,57071281.0,1798185547.0,0.9574059788,39.83393841,1243.217218,47.39624618,1479.236843,0.012041308246913997
CN,000063,2023-05-24,31.19,31.98,30.66,31.35,29.8615,30.6178,29.3541,30.0147,47025383.0,1473178820.0,0.9574059788,39.83393841,1248.793969,47.39624618,1485.872318,0.009921752626021995
CN,000063,2023-05-25,32.8,34.0,31.5,32.15,31.4029,32.5518,30.1583,30.7806,105016081.0,3414605850.0,0.9574059788,39.83393841,1280.66112,47.39624618,1523.789315,0.022157046066722915
CN,000063,2023-05-26,32.27,33.81,32.27,33.65,30.8955,32.3699,30.8955,32.2167,108012919.0,3598725183.0,0.9574059788,39.83393841,1340.412028,47.39624618,1594.883684,0.022789340444766843
CN,000063,2023-05-29,34.2,35.23,34.06,34.42,32.7433,33.7294,32.6092,32.9539,100764606.0,3481232745.0,0.9574059788,39.83393841,1371.08416,47.39624618,1631.378794,0.021260039374704758
CN,000063,2023-05-30,34.2,35.18,33.86,34.98,32.7433,33.6815,32.4178,33.49,84500835.0,2933303771.0,0.9574059788,39.83393841,1393.391166,47.39624618,1657.920691,0.017828592306463543
CN,000063,2023-05-31,34.79,35.46,34.6,35.18,33.3081,33.9496,33.1262,33.6815,59980714.0,2107049691.0,0.9574059788,39.83393841,1401.357953,47.39624618,1667.399941,0.012655161291087716
CN,000063,2023-06-01,35.0,36.5,34.9,35.91,33.5094,34.9455,33.4137,34.3806,82854186.0,2978394189.0,0.9574059788,39.83393841,1430.436728,47.39624618,1701.9992,0.0174811704887638
CN,000063,2023-06-02,36.4,36.6,35.6,36.03,34.8498,35.0413,34.0838,34.4955,68446177.0,2464215327.0,0.9574059788,39.83393841,1435.216801,47.39624618,1707.68675,0.014441265398963711
CN,000063,2023-06-05,36.03,36.42,35.8,36.05,34.4955,34.8689,34.2753,34.5147,45829639.0,1653484803.0,0.9574059788,39.83441774,1436.03076,47.39672551,1708.651955,0.009669368190916613
CN,000063,2023-06-06,36.01,36.23,35.17,35.31,34.4764,34.687,33.6722,33.8062,57911819.0,2068762257.0,0.9574059788,39.83441774,1406.55329,47.39672551,1673.578378,0.01221852741446906
CN,000063,2023-06-07,35.66,35.96,35.03,35.66,34.1413,34.4285,33.5381,34.1413,44055641.0,1567533649.0,0.9574059788,39.83441774,1420.495337,47.39672551,1690.167232,0.00929508115295959
CN,000063,2023-06-08,35.26,35.54,34.77,35.39,33.7583,34.0264,33.2892,33.8828,48024014.0,1688889220.0,0.9574059788,39.83441774,1409.740044,47.39672551,1677.370116,0.010132348486788956
CN,000063,2023-06-09,35.59,36.56,35.15,36.4,34.0743,35.003,33.653,34.8498,73908346.0,2659220750.0,0.9574059788,39.83441774,1449.972806,47.39672551,1725.240809,0.015593555294111288
CN,000063,2023-06-12,36.41,37.29,35.8,35.97,34.8593,35.7019,34.2753,34.4381,78715874.0,2866438112.0,0.9574059788,39.83441774,1432.844006,47.39672551,1704.860217,0.016607871778693262
CN,000063,2023-06-13,35.8,36.94,35.27,36.78,34.2753,35.3668,33.7679,35.2136,73984680.0,2679103227.0,0.9574059788,39.83441774,1465.109884,47.39672551,1743.251564,0.015609660626110203
CN,000063,2023-06-14,36.6,37.1,36.01,36.83,35.0413,35.52,34.4764,35.2615,64753015.0,2371657402.0,0.9574059788,39.83441774,1467.101605,47.39672551,1745.621401,0.013661917422193666
CN,000063,2023-06-15,37.04,38.8,36.99,37.7,35.4625,37.1476,35.4146,36.0944,129412477.0,4927760919.0,0.9574059788,39.83441774,1501.757549,47.39672551,1786.856552,0.027304096560994685
CN,000063,2023-06-16,37.23,39.28,37.23,39.0,35.6444,37.6071,35.6444,37.339,110627681.0,4271501564.0,0.9574059788,39.83441774,1553.542292,47.39672551,1848.472295,0.023340785636480142
CN,000063,2023-06-19,39.0,40.0,37.73,39.68,37.339,38.2965,36.1231,37.9901,129824949.0,5064732724.0,0.9574059788,39.83441774,1580.629696,47.39672551,1880.702068,0.027391121982173406
CN,000063,2023-06-20,40.0,43.65,39.9,43.65,38.2965,41.791,38.2007,41.791,238114700.0,10053814931.0,0.9574059788,39.83441774,1738.772334,47.39672551,2068.867069,0.05023863936544759
CN,000063,2023-06-21,43.51,43.6,42.06,42.82,41.657,41.7431,40.2687,40.9964,155346847.0,6668797383.0,0.9574059788,39.83441774,1705.709768,47.39672551,2029.527786,0.0327758606377194
CN,000063,2023-06-26,42.0,43.18,41.17,41.85,40.2113,41.341,39.4166,40.0677,125646881.0,5276627242.0,0.9574059788,39.83441774,1667.070382,47.39672551,1983.552963,0.026509612140503333
CN,000063,2023-06-27,41.11,45.44,41.1,44.39,39.3592,43.5048,39.3496,42.4995,164361200.0,7130373708.0,0.9574059788,39.83441774,1768.249803,47.39672551,2103.940645,0.03467775426074998
CN,000063,2023-06-28,43.71,43.96,41.5,42.6,41.8484,42.0878,39.7326,40.7857,152296428.0,6473212476.0,0.9574059788,39.83441774,1696.946196,47.39672551,2019.100507,0.032132267864763725
CN,000063,2023-06-29,42.55,45.98,42.38,45.18,40.7379,44.0218,40.5751,43.2558,149258741.0,6661032179.0,0.9574059788,39.83441774,1799.718993,47.39672551,2141.384059,0.03149136135332991
CN,000063,2023-06-30,45.18,46.35,44.53,45.54,43.2558,44.376,42.6335,43.6005,109645422.0,4982749285.0,0.9574059788,39.83441774,1814.059384,47.39672551,2158.44688,0.023133543682646696
CN,000063,2023-07-03,46.1,46.75,44.3,45.25,44.1367,44.759,42.4133,43.3229,115606458.0,5255838526.0,0.9574059788,39.83441774,1802.507403,47.39672551,2144.701829,0.02439123309807737
CN,000063,2023-07-04,44.5,45.24,44.35,44.6,42.6048,43.3133,42.4612,42.7005,72684570.0,3249776109.0,0.9574059788,39.83441774,1776.615031,47.39672551,2113.893958,0.015335356866512781
CN,000063,2023-07-05,44.57,45.35,43.6,43.64,42.6718,43.4186,41.7431,41.7814,80461572.0,3559577287.0,0.9574059788,40.19085454,1753.928892,47.75316231,2083.948003,0.01684947511489737
CN,000063,2023-07-06,43.1,44.5,42.95,43.28,41.2644,42.6048,41.1208,41.4368,91217316.0,3978941028.0,0.9574059788,40.19085454,1739.460184,47.75316231,2066.756865,0.0191018377815155
CN,000063,2023-07-07,43.28,43.5,41.98,42.99,41.4368,41.6474,40.1921,41.1591,68119634.0,2916126790.0,0.9574059788,40.19085454,1727.804837,47.75316231,2052.908448,0.014264947221251366
CN,000063,2023-07-10,43.5,43.6,41.94,42.4,41.6474,41.7431,40.1538,40.5942,51922726.0,2204032168.0,0.9574059788,40.19085454,1704.092232,47.75316231,2024.734082,0.01087314922997819
CN,000063,2023-07-11,42.42,44.3,42.0,43.31,40.6134,42.4133,40.2113,41.4655,75016431.0,3254505240.0,0.9574059788,40.19085454,1740.66591,47.75316231,2068.18946,0.015709206965816125
CN,000063,2023-07-12,43.22,43.47,41.04,41.5,41.3793,41.6187,39.2922,39.7326,84962895.0,3569747463.0,0.9574059788,40.19085454,1667.920463,47.75316231,1981.756236,0.01779209813340632
CN,000063,2023-07-13,42.04,42.88,41.0,42.48,40.2496,41.0538,39.2539,40.6708,73002100.0,3061649627.0,0.9574059788,40.19085454,1707.307501,47.75316231,2028.554335,0.015287385477445672
CN,000063,2023-07-14,43.58,45.0,42.9,44.01,41.724,43.0835,41.0729,42.1357,106946600.0,4693645401.0,0.9574059788,40.19085454,1768.799508,47.75316231,2101.616673,0.02239571053027504
CN,000063,2023-07-17,43.9,45.29,43.4,44.17,42.0304,43.3612,41.5517,42.2889,66633924.0,2957865449.0,0.9574059788,40.19085454,1775.230045,47.75316231,2109.257179,0.013953824370296452
CN,000063,2023-07-18,44.29,44.75,42.8,42.85,42.4037,42.8442,40.9772,41.0251,59894918.0,2606125289.0,0.9574059788,40.19085454,1722.178117,47.75316231,2046.223005,0.012542607673012138
CN,000063,2023-07-19,42.76,43.03,42.1,42.19,40.9389,41.1974,40.307,40.3932,48320128.0,2050084483.0,0.9574059788,40.19085454,1695.652153,47.75316231,2014.705918,0.010118728407203573
CN,000063,2023-07-20,42.5,42.56,40.05,40.19,40.69,40.7474,38.3443,38.4784,103442881.0,4233378478.0,0.9574059788,40.19085454,1615.270444,47.75316231,1919.199593,0.02166199598017784
CN,000063,2023-07-21,40.98,40.98,39.61,40.18,39.2347,39.2347,37.9231,38.4688,52132992.0,2090872150.0,0.9574059788,40.19085454,1614.868535,47.75316231,1918.722062,0.010917181078305848
CN,000063,2023-07-24,40.19,42.14,39.82,41.18,38.4784,40.3453,38.1241,39.4262,74948578.0,3092255334.0,0.9574059788,40.19085454,1655.05939,47.75316231,1966.475224,0.015694997854478216
CN,000063,2023-07-25,41.8,42.1,40.58,40.86,40.0198,40.307,38.8518,39.1198,81599368.0,3354265432.0,0.9574059788,40.19085454,1642.198316,47.75316231,1951.194212,0.01708774122021072
CN,000063,2023-07-26,40.7,40.74,39.09,39.35,38.9666,39.0049,37.4252,37.6741,82207307.0,3257186354.0,0.9574059788,40.19085454,1581.510126,47.75316231,1879.086937,0.01721504985708244
CN,000063,2023-07-27,39.37,39.77,38.79,39.02,37.6933,38.0763,37.138,37.3582,47707600.0,1868348478.0,0.9574059788,40.19085454,1568.247144,47.75316231,1863.328393,0.0099904587868539
CN,000063,2023-07-28,39.02,39.75,38.91,39.36,37.3582,38.0571,37.2529,37.6837,48452342.0,1908078111.0,0.9574059788,40.19085454,1581.912035,47.75316231,1879.564469,0.010146415369407606
CN,000063,2023-07-31,39.16,39.65,38.9,39.15,37.4922,37.9614,37.2433,37.4827,60621441.0,2375439628.0,0.9574059788,40.19085454,1573.471955,47.75316231,1869.536304,0.012694749010853518
CN,000063,2023-08-01,39.02,40.48,38.39,39.83,37.3582,38.756,36.755,38.1337,83598772.0,3303883159.0,0.9574059788,40.19085454,1600.801736,47.75316231,1902.008455,0.017506436842297576
CN,000063,2023-08-02,39.62,40.65,39.51,39.9,37.9326,38.9188,37.8273,38.2007,53082940.0,2130073733.0,0.9574059788,40.19085454,1603.615096,47.75316231,1905.351176,0.011116109893497858
CN,000063,2023-08-03,39.7,40.64,39.33,39.82,38.0092,38.9092,37.655,38.1241,42310500.0,1690850313.0,0.9574059788,40.19085454,1600.399828,47.75316231,1901.530923,0.008860250913925286
CN,000063,2023-08-04,39.74,41.06,39.61,40.82,38.0475,39.3113,37.9231,39.0815,69434824.0,2817181098.0,0.9574059788,40.19085454,1640.590682,47.75316231,1949.284085,0.014540361442295443
CN,000063,2023-08-07,41.81,41.85,36.74,36.75,40.0294,40.0677,35.1753,35.1849,236894499.0,9114774408.0,0.9574059788,40.26958246,1479.907155,47.83189023,1757.821966,0.04952647655379937
CN,000063,2023-08-08,37.74,38.3,37.31,37.41,36.1327,36.6689,35.721,35.8168,123874722.0,4672423838.0,0.9574059788,40.26958246,1506.48508,47.83189023,1789.391014,0.02589793575046846
CN,000063,2023-08-09,37.21,37.94,36.7,36.89,35.6253,36.3242,35.137,35.3189,72509631.0,2690712958.0,0.9574059788,40.26958246,1485.544897,47.83189023,1764.518431,0.01515926522061681
CN,000063,2023-08-10,36.78,37.07,36.18,36.47,35.2136,35.4912,34.6391,34.9168,55885135.0,2038350551.0,0.9574059788,40.26958246,1468.631672,47.83189023,1744.429037,0.011683655973300639
CN,000063,2023-08-11,36.68,36.8,35.6,35.75,35.1178,35.2327,34.0838,34.2275,48726760.0,1762788622.0,0.9574059788,40.26958246,1439.637573,47.83189023,1709.990076,0.01018708643244016
CN,000063,2023-08-14,35.49,36.81,35.31,36.62,33.9785,35.2423,33.8062,35.0604,58951314.0,2121565259.0,0.9574059788,40.26958246,1474.67211,47.83189023,1751.60382,0.01232468834422645
CN,000063,2023-08-15,36.62,37.53,36.4,36.71,35.0604,35.9316,34.8498,35.1466,47253346.0,1739713876.0,0.9574059788,40.26958246,1478.296372,47.83189023,1755.90869,0.009879046337659235
CN,000063,2023-08-16,36.3,36.4,35.35,35.55,34.754,34.8498,33.8445,34.036,55925230.0,1997675602.0,0.9574059788,40.26958246,1431.583656,47.83189023,1700.423698,0.011692038456160339
CN,000063,2023-08-17,35.55,36.35,35.04,35.91,34.036,34.8019,33.5477,34.3806,37816569.0,1354075549.0,0.9574059788,40.26958246,1446.080706,47.83189023,1717.643178,0.007906141450433748
CN,000063,2023-08-18,35.78,35.78,34.46,34.61,34.2562,34.2562,32.9924,33.136,77255061.0,2687434988.0,0.9574059788,40.26958246,1393.730249,47.83189023,1655.461721,0.01615137111005199
CN,000063,2023-08-21,34.8,35.5,34.5,34.6,33.3179,33.9881,33.0307,33.1264,49709178.0,1734695892.0,0.9574059788,40.26958246,1393.327553,47.83189023,1654.983402,0.01039247618293424
CN,000063,2023-08-22,35.1,36.5,34.7,36.33,33.6051,34.9455,33.2222,34.7828,84479175.0,3003804317.0,0.9574059788,40.26958246,1462.993931,47.83189023,1737.732572,0.01766168441050129
CN,000063,2023-08-23,35.83,35.83,34.7,34.73,34.304,34.304,33.2222,33.2509,57789094.0,2030899133.0,0.9574059788,40.26958246,1398.562599,47.83189023,1661.201548,0.012081708191359512
CN,000063,2023-08-24,35.36,35.71,34.36,34.95,33.8541,34.1892,32.8967,33.4615,64182805.0,2247475388.0,0.9574059788,40.26958246,1407.421907,47.83189023,1671.724564,0.013418412839504462
CN,000063,2023-08-25,34.22,34.24,32.9,33.71,32.7626,32.7818,31.4988,32.2743,60873361.0,2050012687.0,0.9574059788,40.26958246,1357.487625,47.83189023,1612.41302,0.01272652213978791
CN,000063,2023-08-28,35.4,35.54,34.12,34.27,33.8924,34.0264,32.6669,32.8105,58430569.0,2025421389.0,0.9574059788,40.26958246,1380.038591,47.83189023,1639.198878,0.012215818509165366
CN,000063,2023-08-29,34.0,35.11,33.63,34.91,32.552,33.6147,32.1977,33.4232,74558219.0,2574422542.0,0.9574059788,40.26958246,1405.811124,47.83189023,1669.811288,0.01558755437878082
CN,000063,2023-08-30,34.94,36.2,34.92,35.2,33.452,34.6583,33.4328,33.7009,72274699.0,2563686185.0,0.9574059788,40.26958246,1417.489303,47.83189023,1683.682536,0.01511014903497783
CN,000063,2023-08-31,34.98,35.84,34.85,35.45,33.4902,34.3136,33.3658,33.9402,51061809.0,1808332812.0,0.9574059788,40.26958246,1427.556698,47.83189023,1695.640509,0.010675264714496733
CN,000063,2023-09-01,35.51,35.6,34.4,34.86,33.9977,34.0838,32.935,33.3754,55229331.0,1930017839.0,0.9574059788,40.26958246,1403.797645,47.83189023,1667.419693,0.01154654995536019
CN,000063,2023-09-04,35.3,35.45,34.64,35.22,33.7966,33.9402,33.1647,33.72,53211775.0,1865350717.0,0.9574059788,40.26958246,1418.294694,47.83189023,1684.639174,0.01112474851905931
CN,000063,2023-09-05,35.17,35.17,34.02,34.2,33.6722,33.6722,32.5711,32.7435,61156125.0,2100498724.0,0.9574059788,40.26958246,1377.21972,47.83189023,1635.850646,0.012785638348376014
CN,000063,2023-09-06,33.98,34.06,33.27,33.88,32.5328,32.6094,31.8531,32.4371,60689062.0,2040310384.0,0.9574059788,40.27013175,1364.352064,47.83243952,1620.563051,0.01268784586548723
CN,000063,2023-09-07,33.9,33.98,33.1,33.17,32.4562,32.5328,31.6903,31.7573,38342052.0,1281803057.0,0.9574059788,40.27013175,1335.76027,47.83243952,1586.602019,0.008015909785234386
CN,000063,2023-09-08,33.02,33.4,32.55,32.85,31.6137,31.9775,31.1637,31.451,40269326.0,1322786711.0,0.9574059788,40.27013175,1322.873828,47.83243952,1571.295638,0.008418831739318322
CN,000063,2023-09-11,32.94,34.95,32.88,34.18,31.5371,33.4615,31.4797,32.7243,86235722.0,2927035173.0,0.9574059788,40.27013175,1376.433103,47.83243952,1634.912783,0.018028710821647007
CN,000063,2023-09-12,34.0,34.3,33.62,33.9,32.552,32.8392,32.1882,32.4562,36979946.0,1253263314.0,0.9574059788,40.27013175,1365.157466,47.83243952,1621.5197,0.007731143627859021
CN,000063,2023-09-13,33.73,33.73,32.73,33.0,32.2935,32.2935,31.3361,31.5946,43239870.0,1430577099.0,0.9574059788,40.27013175,1328.914348,47.83243952,1578.470504,0.00903986299547199
CN,000063,2023-09-14,33.42,34.23,33.21,33.34,31.9967,32.7722,31.7956,31.9201,63948244.0,2149118240.0,0.9574059788,40.27013175,1342.606193,47.83243952,1594.733534,0.013369220688244754
CN,000063,2023-09-15,33.28,33.42,32.56,32.6,31.8626,31.9967,31.1733,31.2116,49925427.0,1641943044.0,0.9574059788,40.27013175,1312.806295,47.83243952,1559.337528,0.01043756653455337
CN,000063,2023-09-18,32.54,33.25,32.3,32.63,31.1542,31.8339,30.9244,31.2403,37794251.0,1238920077.0,0.9574059788,40.27013175,1314.014399,47.83243952,1560.772502,0.00790138478807823
CN,000063,2023-09-19,32.6,32.74,32.08,32.32,31.2116,31.3456,30.7138,30.9435,33907540.0,1097005732.0,0.9574059788,40.27013175,1301.530658,47.83243952,1545.944445,0.007088816782138483
CN,000063,2023-09-20,32.35,32.86,32.3,32.43,30.9723,31.4605,30.9244,31.0489,29854467.0,972531765.0,0.9574059788,40.27013175,1305.960373,47.83243952,1551.206014,0.006241468614101746
CN,000063,2023-09-21,32.53,34.09,32.45,33.21,31.1446,32.6382,31.068,31.7956,87933796.0,2938756710.0,0.9574059788,40.27013175,1337.371075,47.83243952,1588.515316,0.018383715504042518
CN,000063,2023-09-22,33.14,34.8,32.88,34.76,31.7286,33.3179,31.4797,33.2796,113645063.0,3897770420.0,0.9574059788,40.27013175,1399.78978,47.83243952,1662.655598,0.02375899371648858
CN,000063,2023-09-25,34.54,34.65,33.68,33.77,33.069,33.1743,32.2456,32.3318,65700415.0,2238022908.0,0.9574059788,40.27013175,1359.922349,47.83243952,1615.301483,0.013735535059324944
CN,000063,2023-09-26,33.72,34.42,33.65,33.88,32.2839,32.9541,32.2169,32.4371,55952472.0,1904445957.0,0.9574059788,40.27013175,1364.352064,47.83243952,1620.563051,0.011697599487185847
CN,000063,2023-09-27,33.65,33.85,32.73,32.98,32.2169,32.4084,31.3361,31.5754,84136381.0,2786729657.0,0.9574059788,40.27013175,1328.108945,47.83243952,1577.513855,0.017589816000252376
CN,000063,2023-09-28,32.82,33.06,32.42,32.68,31.4222,31.652,31.0393,31.2882,56609419.0,1850146515.0,0.9574059788,40.27013175,1316.027906,47.83243952,1563.164124,0.011834942889820645
CN,000063,2023-10-09,32.44,33.88,32.08,33.55,31.0584,32.4371,30.7138,32.1212,80701366.0,2670778812.0,0.9574059788,40.27017875,1351.064497,47.83248652,1604.779923,0.016871664400356163
CN,000063,2023-10-10,33.55,33.75,32.87,32.93,32.1212,32.3126,31.4701,31.5276,42096646.0,1397407594.0,0.9574059788,40.27017875,1326.096986,47.83248652,1575.123781,0.008800848348621455
CN,000063,2023-10-11,33.01,34.38,33.01,33.92,31.6041,32.9158,31.6041,32.4754,80007662.0,2714806841.0,0.9574059788,40.27017875,1365.964463,47.83248652,1622.477943,0.016726636606388155
CN,000063,2023-10-12,34.18,34.29,33.56,33.73,32.7243,32.8296,32.1307,32.2935,49302784.0,1665455614.0,0.9574059788,40.27017875,1358.313129,47.83248652,1613.38977,0.010307384705870398
CN,000063,2023-10-13,33.5,33.5,31.81,32.26,32.0733,32.0733,30.4553,30.8861,97123050.0,3153768752.0,0.9574059788,40.27017875,1299.115966,47.83248652,1543.076015,0.020304829848097138
CN,000063,2023-10-16,32.26,32.26,31.32,31.74,30.8861,30.8861,29.9861,30.3882,58155550.0,1843890164.0,0.9574059788,40.27017875,1278.175474,47.83248652,1518.203122,0.012158169944956481
CN,000063,2023-10-17,31.8,31.98,31.34,31.47,30.4457,30.618,30.0053,30.1297,41361090.0,1305451775.0,0.9574059788,40.27017875,1267.302525,47.83248652,1505.288351,0.00864707085271552
CN,000063,2023-10-18,30.98,31.0,30.0,30.35,29.6606,29.6798,28.7223,29.0574,75337104.0,2289000096.0,0.9574059788,40.27017875,1222.199925,47.83248652,1451.715966,0.015750196044794704
CN,000063,2023-10-19,30.4,30.97,30.1,30.21,29.1053,29.651,28.8181,28.9234,53302269.0,1623372345.0,0.9574059788,40.27017875,1216.5621,47.83248652,1445.019418,0.011143528776768262
CN,000063,2023-10-20,30.14,30.18,29.0,29.09,28.8564,28.8947,27.7649,27.8511,75209560.0,2214158255.0,0.9574059788,40.27017875,1171.4595,47.83248652,1391.447033,0.015723531321866976
CN,000063,2023-10-23,28.95,29.0,27.73,27.98,27.7171,27.7649,26.549,26.7884,85799685.0,2422649799.0,0.9574059788,40.27017875,1126.759601,47.83248652,1338.352973,0.01793753393190733
CN,000063,2023-10-24,27.99,28.09,25.57,26.19,26.7979,26.8937,24.481,25.0746,187717707.0,4934073050.0,0.9574059788,40.27017875,1054.675981,47.83248652,1252.732822,0.03924481469754042
CN,000063,2023-10-25,26.75,26.75,25.69,25.9,25.6108,25.6108,24.5959,24.797,121989637.0,3181039925.0,0.9574059788,40.27017875,1042.99763,47.83248652,1238.861401,0.0255035114992387
CN,000063,2023-10-26,25.55,25.74,24.9,25.66,24.4619,24.6438,23.8395,24.5672,118304898.0,2992105828.0,0.9574059788,40.27017875,1033.332787,47.83248652,1227.381604,0.0247331691507473
CN,000063,2023-10-27,25.4,26.3,25.15,26.06,24.3182,25.1799,24.0789,24.9501,135214287.0,3483853051.0,0.9574059788,40.27017875,1049.440858,47.83248652,1246.514599,0.02826829563699629
CN,000063,2023-10-30,25.82,27.12,25.56,26.62,24.7204,25.965,24.4714,25.4863,135514160.0,3572506454.0,0.9574059788,40.27017875,1071.992158,47.83248652,1273.300791,0.02833098796637679
CN,000063,2023-10-31,26.63,26.63,26.0,26.15,25.4959,25.4959,24.8927,25.0363,80365465.0,2107500358.0,0.9574059788,40.27017875,1053.065174,47.83248652,1250.819522,0.016801439951568714
CN,000063,2023-11-01,26.23,26.47,25.83,26.03,25.1129,25.3427,24.7299,24.9214,56425680.0,1474052545.0,0.9574059788,40.27017875,1048.232753,47.83248652,1245.079624,0.011796518246319259
CN,000063,2023-11-02,26.15,26.28,25.65,25.71,25.0363,25.1608,24.5576,24.615,60378519.0,1565196282.0,0.9574059788,40.27017875,1035.346296,47.83248652,1229.773228,0.01262291036757083
CN,000063,2023-11-03,25.72,26.38,25.72,26.3,24.6246,25.2565,24.6246,25.1799,86843253.0,2270769809.0,0.9574059788,40.27017875,1059.105701,47.83248652,1257.994395,0.018155705320418287
CN,000063,2023-11-06,26.55,27.2,26.28,27.06,25.4193,26.0416,25.1608,25.9076,118666580.0,3181240567.0,0.9574059788,40.27020775,1089.711822,47.83251552,1294.34787,0.024808768409928694
CN,000063,2023-11-07,26.9,27.45,26.53,27.21,25.7544,26.2809,25.4001,26.0512,110485124.0,2979071136.0,0.9574059788,40.27020775,1095.752353,47.83251552,1301.522747,0.023098330246462438
CN,000063,2023-11-08,27.2,27.57,26.76,27.27,26.0416,26.3958,25.6203,26.1086,103230889.0,2799354143.0,0.9574059788,40.27020775,1098.168565,47.83251552,1304.392698,0.02158173950873157
CN,000063,2023-11-09,27.12,27.79,27.05,27.69,25.965,26.6065,25.898,26.5107,120505629.0,3310745319.0,0.9574059788,40.27020775,1115.082053,47.83251552,1324.482355,0.025193245157598604
CN,000063,2023-11-10,27.4,27.57,27.06,27.21,26.2331,26.3958,25.9076,26.0512,84821322.0,2314245813.0,0.9574059788,40.27020775,1095.752353,47.83251552,1301.522747,0.01773298374084759
CN,000063,2023-11-13,27.35,28.16,27.35,27.92,26.1852,26.9607,26.1852,26.7309,127319654.0,3540104158.0,0.9574059788,40.27020775,1124.3442,47.83251552,1335.483833,0.026617804356696313
CN,000063,2023-11-14,27.89,28.04,27.55,27.78,26.7022,26.8458,26.3767,26.5969,86965188.0,2412805932.0,0.9574059788,40.27020775,1118.706371,47.83251552,1328.787281,0.01818118638641065
CN,000063,2023-11-15,28.12,28.17,27.7,27.77,26.9224,26.9703,26.5203,26.5873,81826000.0,2279916661.0,0.9574059788,40.27020775,1118.303669,47.83251552,1328.308956,0.017106773313184095
CN,000063,2023-11-16,27.64,27.91,27.43,27.43,26.4628,26.7214,26.2618,26.2618,69484325.0,1920478576.0,0.9574059788,40.27020775,1104.611799,47.83251552,1312.045901,0.014526588084406062
CN,000063,2023-11-17,27.25,27.85,27.17,27.56,26.0895,26.6639,26.0129,26.3863,72854264.0,2000829980.0,0.9574059788,40.27020775,1109.846926,47.83251552,1318.264128,0.015231116993948973
CN,000063,2023-11-20,27.48,27.87,27.06,27.52,26.3097,26.6831,25.9076,26.348,92052484.0,2524484565.0,0.9574059788,40.27020775,1108.236117,47.83251552,1316.350827,0.019244750772413485
CN,000063,2023-11-21,27.77,27.95,27.18,27.24,26.5873,26.7596,26.0224,26.0799,81336644.0,2242604660.0,0.9574059788,40.27020775,1096.960459,47.83251552,1302.957723,0.01700446717379751
CN,000063,2023-11-22,27.21,27.24,26.57,26.57,26.0512,26.0799,25.4384,25.4384,82841573.0,2227314401.0,0.9574059788,40.27020775,1069.97942,47.83251552,1270.909937,0.01731909185611654
CN,000063,2023-11-23,26.67,26.83,26.38,26.83,25.5342,25.6873,25.2565,25.6873,61211693.0,1629190783.0,0.9574059788,40.27020775,1080.449674,47.83251552,1283.346391,0.012797088410373447
CN,000063,2023-11-24,26.82,26.85,26.16,26.25,25.6778,25.7065,25.0459,25.132,60801232.0,1604611604.0,0.9574059788,40.27020775,1057.092953,47.83251552,1255.603532,0.012711276281210309
CN,000063,2023-11-27,26.06,26.36,25.85,26.11,24.9501,25.2374,24.7491,24.998,50147109.0,1307716644.0,0.9574059788,40.27020775,1051.455124,47.83251552,1248.90698,0.010483895411904944
CN,000063,2023-11-28,26.09,26.19,25.79,25.98,24.9789,25.0746,24.6916,24.8735,45525207.0,1181186585.0,0.9574059788,40.27020775,1046.219997,47.83251552,1242.688753,0.009517627602287557
CN,000063,2023-11-29,25.98,26.15,25.71,25.78,24.8735,25.0363,24.615,24.6821,46295489.0,1199451362.0,0.9574059788,40.27020775,1038.165956,47.83251552,1233.12225,0.009678664920025514
CN,000063,2023-11-30,25.64,25.84,25.43,25.63,24.548000000000002,24.7395,24.347,24.5385,43547858.0,1115456306.0,0.9574059788,40.27020775,1032.125425,47.83251552,1225.947373,0.00910423746829529
CN,000063,2023-12-01,25.59,26.28,25.52,26.14,24.5002,25.1608,24.4331,25.0267,77140147.0,1997135200.0,0.9574059788,40.27020775,1052.663231,47.83251552,1250.341956,0.016127135727943418
CN,000063,2023-12-04,26.15,26.3,25.61,25.78,25.0363,25.1799,24.5193,24.6821,69032604.0,1793891043.0,0.9574059788,40.27020775,1038.165956,47.83251552,1233.12225,0.014432150023792016
CN,000063,2023-12-05,25.65,25.65,25.03,25.08,24.5576,24.5576,23.964,24.0119,70361451.0,1782741940.0,0.9574059788,40.27020775,1009.97681,47.83251552,1199.639489,0.014709962508783397
CN,000063,2023-12-06,25.0,25.42,24.92,25.21,23.9353,24.3374,23.8587,24.1363,47978811.0,1206727138.0,0.9574059788,40.27020775,1015.211937,47.83251552,1205.857716,0.010030584943821077
CN,000063,2023-12-07,25.14,25.37,24.92,25.17,24.0693,24.2895,23.8587,24.098,52048417.0,1308733224.0,0.9574059788,40.27020775,1013.601129,47.83251552,1203.944416,0.010881388200927301
CN,000063,2023-12-08,25.1,26.48,25.04,26.1,24.031,25.3523,23.9736,24.9884,129280737.0,3351592765.0,0.9574059788,40.27020775,1051.052422,47.83251552,1248.428655,0.02702779387505648
CN,000063,2023-12-11,25.9,26.62,25.51,26.57,24.797,25.4863,24.4236,25.4384,96061603.0,2507913556.0,0.9574059788,40.27020775,1069.97942,47.83251552,1270.909937,0.020082908447462727
CN,000063,2023-12-12,26.45,26.78,26.2,26.45,25.3235,25.639499999999998,25.0842,25.3235,65630255.0,1737617777.0,0.9574059788,40.27020775,1065.146995,47.83251552,1265.170036,0.013720845388647459
CN,000063,2023-12-13,26.45,26.52,25.88,25.88,25.3235,25.3905,24.7778,24.7778,56354926.0,1475553061.0,0.9574059788,40.27020775,1042.192977,47.83251552,1237.905502,0.011781719064395967
CN,000063,2023-12-14,26.04,27.27,26.04,26.35,24.931,26.1086,24.931,25.2278,128124810.0,3427085971.0,0.9574059788,40.27020775,1061.119974,47.83251552,1260.386784,0.0267861325307944
CN,000063,2023-12-15,26.46,27.24,26.12,26.68,25.3331,26.0799,25.0076,25.5437,142809145.0,3825279752.0,0.9574059788,40.27020775,1074.409143,47.83251552,1276.171514,0.029856080836954485
CN,000063,2023-12-18,26.45,26.54,25.75,25.97,25.3235,25.4097,24.6533,24.864,78495734.0,2052296361.0,0.9574059788,40.27020775,1045.817295,47.83251552,1242.210428,0.01641053855241607
CN,000063,2023-12-19,25.83,26.24,25.66,25.94,24.7299,25.1225,24.5672,24.8353,59791892.0,1549182511.0,0.9574059788,40.27020775,1044.609189,47.83251552,1240.775453,0.012500260826759044
CN,000063,2023-12-20,25.94,26.01,25.15,25.16,24.8353,24.9023,24.0789,24.0885,72127672.0,1832348787.0,0.9574059788,40.27020775,1013.198427,47.83251552,1203.46609,0.015079213630284942
CN,000063,2023-12-21,24.93,25.74,24.7,25.57,23.8683,24.6438,23.6481,24.481,73845937.0,1861487716.0,0.9574059788,40.27020775,1029.709212,47.83251552,1223.077422,0.015438438935774373
CN,000063,2023-12-22,25.57,25.95,25.01,25.17,24.481,24.8448,23.9449,24.098,69032453.0,1758704958.0,0.9574059788,40.27020775,1013.601129,47.83251552,1203.944416,0.014432118455308035
CN,000063,2023-12-25,25.1,25.66,25.1,25.32,24.031,24.5672,24.031,24.2417,44630398.0,1133568371.0,0.9574059788,40.27020775,1019.64166,47.83251552,1211.119293,0.009330556320279432
CN,000063,2023-12-26,25.27,25.32,24.38,24.64,24.1938,24.2417,23.3417,23.5906,70943156.0,1753394263.0,0.9574059788,40.27020775,992.257919,47.83251552,1178.593182,0.014831575389409919
CN,000063,2023-12-27,24.63,24.85,24.48,24.64,23.581,23.7917,23.4374,23.5906,52359613.0,1290309104.0,0.9574059788,40.27020775,992.257919,47.83251552,1178.593182,0.010946447710471574
CN,000063,2023-12-28,24.54,26.41,24.46,26.3,23.4949,25.2852,23.4183,25.1799,167972268.0,4333261289.0,0.9574059788,40.27020775,1059.106464,47.83251552,1257.995158,0.035116753985009734
CN,000063,2023-12-29,26.25,26.53,26.1,26.48,25.132,25.4001,24.9884,25.3523,80246966.0,2116275731.0,0.9574059788,40.27020775,1066.355101,47.83251552,1266.605011,0.016776656031491106
CN,000063,2024-01-02,26.5,26.51,25.58,25.6,25.3714,25.381,24.4906,24.5097,112461318.0,2905735778.0,0.9574059788,40.27020775,1030.917318,47.83251552,1224.512397,0.023511478912911665
CN,000063,2024-01-03,25.5,25.77,25.06,25.33,24.414,24.6725,23.9927,24.2512,73969611.0,1880494907.0,0.9574059788,40.27020775,1020.044362,47.83251552,1211.597618,0.015464294569469466
CN,000063,2024-01-04,25.42,25.42,24.76,24.94,24.3374,24.3374,23.7055,23.8778,77460377.0,1934000255.0,0.9574059788,40.27020775,1004.338981,47.83251552,1192.942937,0.01619408391089359
CN,000063,2024-01-05,25.02,25.33,24.38,24.55,23.9544,24.2512,23.3417,23.5044,96123917.0,2385200566.0,0.9574059788,40.27020775,988.6336,47.83251552,1174.288256,0.02009593598726961
CN,000063,2024-01-08,24.48,24.5,23.39,23.4,23.4374,23.4566,22.3939,22.4034,116035899.0,2748155040.0,0.9574059788,40.27020775,942.322861,47.83251552,1119.280863,0.024258790853573742
CN,000063,2024-01-09,23.54,24.15,23.42,23.77,22.5375,23.1215,22.4226,22.7577,87315488.0,2076434773.0,0.9574059788,40.27020775,957.222838,47.83251552,1136.978894,0.018254421087992155
CN,000063,2024-01-10,23.61,24.24,23.25,23.8,22.6045,23.2077,22.2598,22.7864,78266839.0,1865512801.0,0.9574059788,40.27020775,958.430944,47.83251552,1138.413869,0.0163626851210187
CN,000063,2024-01-11,23.76,24.29,23.66,24.13,22.7481,23.2555,22.6524,23.1023,90795107.0,2186442645.0,0.9574059788,40.27020775,971.720113,47.83251552,1154.1986,0.01898188000629744
CN,000063,2024-01-12,23.97,24.01,23.54,23.56,22.9491,22.9874,22.5375,22.5566,71809378.0,1705826673.0,0.9574059788,40.27020775,948.766095,47.83251552,1126.934066,0.015012670192930719
CN,000063,2024-01-15,23.31,23.93,23.25,23.63,22.3173,22.9109,22.2598,22.6236,49882974.0,1178160059.0,0.9574059788,40.27020775,951.585009,47.83251552,1130.282342,0.010428674607159778
CN,000063,2024-01-16,23.48,24.1,23.31,24.07,22.48,23.0736,22.3173,23.0449,72818107.0,1725274653.0,0.9574059788,40.27020775,969.303901,47.83251552,1151.328649,0.015223557910006402
CN,000063,2024-01-17,23.92,24.1,23.37,23.37,22.9013,23.0736,22.3747,22.3747,62768590.0,1488578635.0,0.9574059788,40.27020775,941.114755,47.83251552,1117.845888,0.013122577668689584
CN,000063,2024-01-18,23.2,24.05,23.1,24.05,22.2119,23.0257,22.1162,23.0257,109711518.0,2585206215.0,0.9574059788,40.27020775,968.498496,47.83251552,1150.371998,0.022936598003951265
CN,000063,2024-01-19,23.99,24.3,23.72,23.8,22.9683,23.2651,22.7098,22.7864,76625582.0,1839677859.0,0.9574059788,40.27020775,958.430944,47.83251552,1138.413869,0.016019559324234343
CN,000063,2024-01-22,23.85,23.93,22.67,22.87,22.8343,22.9109,21.7045,21.896,87564072.0,2046846317.0,0.9574059788,40.27020775,920.979651,47.83251552,1093.92963,0.018306390757012816
CN,000063,2024-01-23,22.8,24.03,22.71,23.89,21.829,23.0066,21.7428,22.8726,115860500.0,2735022851.0,0.9574059788,40.27020775,962.055263,47.83251552,1142.718796,0.02422212144614384
CN,000063,2024-01-24,24.04,24.09,23.11,24.02,23.0162,23.064,22.1258,22.997,103062042.0,2436285281.0,0.9574059788,40.27020775,967.29039,47.83251552,1148.937023,0.021546439880818544
CN,000063,2024-01-25,23.85,24.89,23.71,24.72,22.8343,23.83,22.7002,23.6672,143659297.0,3509606262.0,0.9574059788,40.27020775,995.479536,47.83251552,1182.419784,0.03003381600115352
CN,000063,2024-01-26,24.52,24.66,24.11,24.22,23.4757,23.6098,23.0832,23.1885,95365627.0,2326456768.0,0.9574059788,40.27020775,975.344432,47.83251552,1158.503526,0.0199374057507231
CN,000063,2024-01-29,24.4,24.46,23.56,23.63,23.3608,23.4183,22.5566,22.6236,78984441.0,1882641549.0,0.9574059788,40.27020775,951.585009,47.83251552,1130.282342,0.016512709010040375
CN,000063,2024-01-30,23.42,23.75,22.8,22.85,22.4226,22.7385,21.829,21.8769,77523236.0,1802882921.0,0.9574059788,40.27020775,920.174247,47.83251552,1092.97298,0.016207225389930736
CN,000063,2024-01-31,22.75,22.86,21.94,21.96,21.7811,21.8864,21.0056,21.0248,89528627.0,1996097252.0,0.9574059788,40.27020775,884.333762,47.83251552,1050.402041,0.018717106141441755
CN,000063,2024-02-01,21.68,22.78,21.55,22.27,20.7567,21.8098,20.6322,21.3216,77835415.0,1734917876.0,0.9574059788,40.27020775,896.817527,47.83251552,1065.230121,0.0162724904082151
CN,000063,2024-02-02,22.32,22.62,21.03,21.7,21.3694,21.6566,20.1344,20.7758,84385843.0,1842371239.0,0.9574059788,40.27020775,873.863508,47.83251552,1037.965587,0.017641941278358258
CN,000063,2024-02-05,21.43,22.33,20.89,21.86,20.5173,21.379,20.0003,20.929,100624811.0,2185257635.0,0.9574059788,40.27020775,880.306741,47.83251552,1045.618789,0.021036905524637564
CN,000063,2024-02-06,21.58,23.09,21.56,23.08,20.6609,22.1066,20.6418,22.0971,112266451.0,2529259750.0,0.9574059788,40.27020775,929.436395,47.83251552,1103.974458,0.023470739470739004
CN,000063,2024-02-07,23.07,23.34,22.81,23.15,22.0875,22.346,21.8386,22.1641,98380590.0,2267801101.0,0.9574059788,40.27020775,932.255309,47.83251552,1107.322734,0.02056772238099511
CN,000063,2024-02-08,23.38,24.15,23.3,24.0,22.3843,23.1215,22.3077,22.977899999999998,108345776.0,2580703642.0,0.9574059788,40.27020775,966.484986,47.83251552,1147.980372,0.02265107214666514
CN,000063,2024-02-19,24.6,24.77,24.06,24.7,23.5523,23.7151,23.0353,23.6481,120590576.0,2944412877.0,0.9574059788,40.27020775,994.674131,47.83251552,1181.463133,0.02521100441593501
CN,000063,2024-02-20,24.49,24.56,24.1,24.29,23.447,23.514,23.0736,23.2555,80037442.0,1945535622.0,0.9574059788,40.27020775,978.163346,47.83251552,1161.851802,0.01673285235574414
CN,000063,2024-02-21,24.04,24.97,24.01,24.44,23.0162,23.9066,22.9874,23.3991,111394250.0,2736893699.0,0.9574059788,40.27020775,984.203877,47.83251552,1169.026679,0.023288394680690213
CN,000063,2024-02-22,24.99,25.9,24.84,25.32,23.9257,24.797,23.7821,24.2417,139407740.0,3525555188.0,0.9574059788,40.27020775,1019.64166,47.83251552,1211.119293,0.029144973557100516
CN,000063,2024-02-23,25.6,25.74,25.25,25.52,24.5097,24.6438,24.1746,24.4331,103278624.0,2628971676.0,0.9574059788,40.27020775,1027.695702,47.83251552,1220.685796,0.021591719121863154
CN,000063,2024-02-26,25.66,26.13,25.42,25.6,24.5672,25.0172,24.3374,24.5097,115998496.0,2993132812.0,0.9574059788,40.27020775,1030.917318,47.83251552,1224.512397,0.024250971277372618
CN,000063,2024-02-27,25.5,28.16,25.38,28.16,24.414,26.9607,24.2991,26.9607,289459669.0,7888985736.0,0.9574059788,40.27020775,1134.00905,47.83251552,1346.963637,0.06051525115357345
CN,000063,2024-02-28,28.88,29.36,27.38,27.38,27.65,28.1096,26.2139,26.2139,358209477.0,10215545692.0,0.9574059788,40.27020775,1102.598288,47.83251552,1309.654275,0.07488827905156346
CN,000063,2024-02-29,27.18,29.98,27.16,29.86,26.0224,28.7032,26.0033,28.5883,345344884.0,10002562488.0,0.9574059788,40.27020775,1202.468403,47.83251552,1428.278913,0.07219877111744258
CN,000063,2024-03-01,29.85,30.93,29.48,30.54,28.5787,29.6127,28.2245,29.2393,320903340.0,9702847501.0,0.9574059788,40.27020775,1229.852145,47.83251552,1460.805024,0.06708895330119573
CN,000063,2024-03-04,30.99,31.2,29.64,30.27,29.6702,29.8712,28.3777,28.9808,250868808.0,7590688175.0,0.9574059788,40.27020775,1218.979189,47.83251552,1447.890245,0.05244733739648406
CN,000063,2024-03-05,29.72,29.99,28.92,29.1,28.4543,28.7128,27.6883,27.8607,273285115.0,8038012594.0,0.9574059788,40.27020775,1171.863046,47.83251552,1391.926202,0.05713375347899746
CN,000063,2024-03-06,28.98,30.49,28.92,29.57,27.7458,29.1915,27.6883,28.3107,222685876.0,6640398892.0,0.9574059788,40.27020775,1190.790043,47.83251552,1414.407484,0.046555334499790074
CN,000063,2024-03-07,29.49,29.82,28.52,28.64,28.2341,28.55,27.3054,27.4203,183709842.0,5339672553.0,0.9574059788,40.27020775,1153.33875,47.83251552,1369.923244,0.03840689539382185
CN,000063,2024-03-08,28.9,30.25,28.65,30.18,27.6692,28.9617,27.4298,28.8947,237691181.0,7018424258.0,0.9574059788,40.27020775,1215.35487,47.83251552,1443.585318,0.04969238569537812
CN,000063,2024-03-11,29.52,30.07,29.48,30.0,28.2628,28.7894,28.2245,28.7223,187760801.0,5585970498.0,0.9574059788,40.27020775,1208.106233,47.83251552,1434.975466,0.039253800256750536
CN,000063,2024-03-12,29.8,29.93,29.11,29.22,28.5309,28.6553,27.8702,27.9756,163883428.0,4819534155.0,0.9574059788,40.27020775,1176.69547,47.83251552,1397.666103,0.03426192961385778
CN,000063,2024-03-13,29.59,29.75,29.1,29.16,28.3298,28.483,27.8607,27.9181,140223371.0,4124845542.0,0.9574059788,40.27020775,1174.279258,47.83251552,1394.796153,0.02931549166411058
CN,000063,2024-03-14,28.75,29.24,28.3,28.8,27.5256,27.9947,27.0947,27.5734,139111577.0,4000476337.0,0.9574059788,40.27020775,1159.781983,47.83251552,1377.576447,0.029083056888746295
CN,000063,2024-03-15,28.65,29.1,28.22,29.0,27.4298,27.8607,27.0181,27.7649,123182534.0,3531568122.0,0.9574059788,40.27020775,1167.836025,47.83251552,1387.14295,0.025752886433182513
CN,000063,2024-03-18,29.0,29.73,28.85,29.54,27.7649,28.4638,27.6213,28.2819,152776767.0,4485441013.0,0.9574059788,40.27020775,1189.581937,47.83251552,1412.972508,0.03193993987962438
CN,000063,2024-03-19,29.27,29.56,29.06,29.06,28.0234,28.3011,27.822400000000002,27.822400000000002,105883083.0,3098701635.0,0.9574059788,40.27020775,1170.252237,47.83251552,1390.012901,0.022136214633271287
CN,000063,2024-03-20,28.94,29.35,28.75,29.18,27.7075,28.1,27.5256,27.9373,102936111.0,2990277708.0,0.9574059788,40.27020775,1175.084662,47.83251552,1395.752803,0.02152011239236619
CN,000063,2024-03-21,29.17,29.37,28.67,28.69,27.9277,28.1192,27.449,27.4681,101663352.0,2946707765.0,0.9574059788,40.27020775,1155.35226,47.83251552,1372.31487,0.02125402582214016
CN,000063,2024-03-22,28.52,28.72,27.61,27.88,27.3054,27.4969,26.4341,26.6926,163763599.0,4588184185.0,0.9574059788,40.27020775,1122.733392,47.83251552,1333.570533,0.03423687782665878
CN,000063,2024-03-25,27.88,28.38,27.43,27.52,26.6926,27.1713,26.2618,26.348,93137809.0,2604817731.0,0.9574059788,40.27020775,1108.236117,47.83251552,1316.350827,0.019471651864317423
CN,000063,2024-03-26,27.45,27.72,26.78,27.05,26.2809,26.5394,25.639499999999998,25.898,106538061.0,2899256655.0,0.9574059788,40.27020775,1089.30912,47.83251552,1293.869545,0.022273146173015658
CN,000063,2024-03-27,27.18,27.23,26.15,26.15,26.0224,26.0703,25.0363,25.0363,100692429.0,2670692703.0,0.9574059788,40.27020775,1053.065933,47.83251552,1250.820281,0.021051041933577153
CN,000063,2024-03-28,26.16,27.88,26.16,27.45,25.0459,26.6926,25.0459,26.2809,148553139.0,4026084347.0,0.9574059788,40.27020775,1105.417203,47.83251552,1313.002551,0.031056936350731153
CN,000063,2024-03-29,27.4,28.05,26.94,27.99,26.2331,26.8554,25.7927,26.7979,126814271.0,3489819240.0,0.9574059788,40.27020775,1127.163115,47.83251552,1338.832109,0.0265121475676887
CN,000063,2024-04-01,28.13,28.27,27.88,28.16,26.932,27.066,26.6926,26.9607,102177746.0,2867827697.0,0.9574059788,40.27020775,1134.00905,47.83251552,1346.963637,0.021361566476109095
CN,000063,2024-04-02,28.04,28.11,27.55,27.74,26.8458,26.9128,26.3767,26.5586,76024853.0,2113349558.0,0.9574059788,40.27020775,1117.095563,47.83251552,1326.873981,0.01589396923275174
CN,000063,2024-04-03,27.56,27.66,27.17,27.22,26.3863,26.482,26.0129,26.0607,68108574.0,1862805932.0,0.9574059788,40.27020775,1096.155055,47.83251552,1302.001072,0.014238969717476402
CN,000063,2024-04-08,26.98,27.33,26.82,26.84,25.831,26.1661,25.6778,25.6969,58091244.0,1571204783.0,0.9574059788,40.27020775,1080.852376,47.83251552,1283.824717,0.012144718580755085
CN,000063,2024-04-09,26.84,27.06,26.59,27.02,25.6969,25.9076,25.4576,25.8693,53800775.0,1445477939.0,0.9574059788,40.27020775,1088.101013,47.83251552,1292.434569,0.01124774108472395
CN,000063,2024-04-10,26.95,26.95,26.29,26.49,25.8022,25.8022,25.1703,25.3618,58484773.0,1551654894.0,0.9574059788,40.27020775,1066.757803,47.83251552,1267.083336,0.01222699085845611
CN,000063,2024-04-11,26.34,27.19,26.31,26.76,25.2182,26.032,25.1895,25.6203,71788742.0,1926568192.0,0.9574059788,40.27020775,1077.630759,47.83251552,1279.998115,0.015008355972828418
CN,000063,2024-04-12,26.84,27.29,26.84,26.96,25.6969,26.1278,25.6969,25.8118,85380081.0,2312089165.0,0.9574059788,40.27020775,1085.684801,47.83251552,1289.564618,0.017849799466285732
CN,000063,2024-04-15,26.98,28.4,26.97,28.19,25.831,27.1905,25.8214,26.9894,152468173.0,4246781936.0,0.9574059788,40.27020775,1135.217156,47.83251552,1348.398613,0.03187542435150607
CN,000063,2024-04-16,28.0,28.19,27.5,27.59,26.8075,26.9894,26.3288,26.415,102271435.0,2851257276.0,0.9574059788,40.27020775,1111.055032,47.83251552,1319.699103,0.021381153361511522
CN,000063,2024-04-17,27.8,28.99,27.64,28.99,26.616,27.7554,26.4628,27.7554,150311301.0,4294027315.0,0.9574059788,40.27020775,1167.433323,47.83251552,1386.664625,0.031424502635064425
CN,000063,2024-04-18,28.71,29.15,28.55,28.66,27.4873,27.9085,27.3341,27.4394,107831784.0,3107857848.0,0.9574059788,40.27020775,1154.144154,47.83251552,1370.879895,0.02254361553594495
CN,000063,2024-04-19,28.57,28.9,27.75,28.03,27.3532,27.6692,26.5682,26.8362,105088034.0,2964607630.0,0.9574059788,40.27020775,1128.773923,47.83251552,1340.74541,0.021969999456971902
CN,000063,2024-04-22,27.39,27.78,27.05,27.48,26.2235,26.5969,25.898,26.3097,74451894.0,2045097709.0,0.9574059788,40.27020775,1106.625309,47.83251552,1314.437526,0.015565122007616295
CN,000063,2024-04-23,27.69,27.89,27.2,27.5,26.5107,26.7022,26.0416,26.3288,60331096.0,1661945356.0,0.9574059788,40.27020775,1107.430713,47.83251552,1315.394177,0.012612988328990146
CN,000063,2024-04-24,27.63,28.28,27.39,28.24,26.4533,27.0756,26.2235,27.0373,93875140.0,2625285463.0,0.9574059788,40.27020775,1137.230667,47.83251552,1350.790238,0.0196258003534747
CN,000063,2024-04-25,27.97,28.17,27.68,27.8,26.7788,26.9703,26.5011,26.616,67798272.0,1891703418.0,0.9574059788,40.27020775,1119.511775,47.83251552,1329.743931,0.014174097110082325
CN,000063,2024-04-26,28.35,28.96,28.25,28.74,27.1426,27.7266,27.0469,27.516,148981889.0,4267967094.0,0.9574059788,40.27020775,1157.365771,47.83251552,1374.706496,0.031146572029586622
CN,000063,2024-04-29,28.81,29.28,28.55,28.88,27.583,28.033,27.3341,27.65,135467026.0,3914553087.0,0.9574059788,40.27020775,1163.0036,47.83251552,1381.403048,0.028321116823420624
CN,000063,2024-04-30,28.97,29.1,28.55,28.67,27.7362,27.8607,27.3341,27.449,85395338.0,2460126044.0,0.9574059788,40.27020775,1154.546856,47.83251552,1371.35822,0.017852989137544736
CN,000063,2024-05-06,29.0,29.28,28.67,28.74,27.7649,28.033,27.449,27.516,117710751.0,3408429244.0,0.9574059788,40.27020775,1157.365771,47.83251552,1374.706496,0.024608940115387015
CN,000063,2024-05-07,28.73,28.97,28.27,28.41,27.5064,27.7362,27.066,27.2001,90780660.0,2591115248.0,0.9574059788,40.27020775,1144.076602,47.83251552,1358.921766,0.018978859675912774
CN,000063,2024-05-08,28.2,28.24,27.58,27.63,26.999,27.0373,26.4054,26.4533,89707499.0,2497664641.0,0.9574059788,40.27020775,1112.66584,47.83251552,1321.612404,0.018754501624003238
CN,000063,2024-05-09,27.54,28.26,27.52,28.07,26.3671,27.0564,26.348,26.8745,65836054.0,1839554902.0,0.9574059788,40.27020775,1130.384732,47.83251552,1342.658711,0.013763870305435277
CN,000063,2024-05-10,28.1,28.3,27.6,27.99,26.9033,27.0947,26.4246,26.7979,70704328.0,1972334859.0,0.9574059788,40.27020775,1127.163115,47.83251552,1338.832109,0.01478164533714241
CN,000063,2024-05-13,27.78,28.96,27.61,28.59,26.5969,27.7266,26.4341,27.3724,113432714.0,3230475096.0,0.9574059788,40.27020775,1151.32524,47.83251552,1367.531619,0.023714561688182777
CN,000063,2024-05-14,28.6,28.78,28.2,28.69,27.382,27.5543,26.999,27.4681,80080910.0,2286034186.0,0.9574059788,40.27020775,1155.35226,47.83251552,1372.31487,0.016741939897874723
CN,000063,2024-05-15,28.58,28.66,28.15,28.18,27.3628,27.4394,26.9511,26.9799,58102065.0,1649667042.0,0.9574059788,40.27020775,1134.814454,47.83251552,1347.920287,0.012146980849398572
CN,000063,2024-05-16,28.42,28.88,28.38,28.53,27.209600000000002,27.65,27.1713,27.3149,104019922.0,2980774478.0,0.9574059788,40.27020775,1148.909027,47.83251552,1364.661668,0.021746696963179074
CN,000063,2024-05-17,28.53,28.53,27.92,28.35,27.3149,27.3149,26.7309,27.1426,81893839.0,2306484429.0,0.9574059788,40.27020775,1141.66039,47.83251552,1356.051815,0.017120955925004212
CN,000063,2024-05-20,27.8,28.14,27.4,27.83,26.616,26.9416,26.2331,26.6448,111337609.0,3092217558.0,0.9574059788,40.27020775,1120.719882,47.83251552,1331.178907,0.02327655315419213
CN,000063,2024-05-21,27.75,27.89,27.25,27.41,26.5682,26.7022,26.0895,26.2426,86312331.0,2371162819.0,0.9574059788,40.27020775,1103.806394,47.83251552,1311.08925,0.01804469826888168
CN,000063,2024-05-22,27.31,27.68,27.2,27.48,26.1469,26.5011,26.0416,26.3097,54309821.0,1494014862.0,0.9574059788,40.27020775,1106.625309,47.83251552,1314.437526,0.01135416367079663
CN,000063,2024-05-23,27.5,27.55,26.93,27.0,26.3288,26.3767,25.7831,25.8501,65736144.0,1780503813.0,0.9574059788,40.27020775,1087.295609,47.83251552,1291.477919,0.013742982840305364
CN,000063,2024-05-24,26.91,27.27,26.78,26.8,25.7639,26.1086,25.639499999999998,25.6586,46294546.0,1248856057.0,0.9574059788,40.27020775,1079.241568,47.83251552,1281.911416,0.009678467773797736
CN,000063,2024-05-27,26.9,27.27,26.64,27.26,25.7544,26.1086,25.5054,26.099,52767764.0,1423828138.0,0.9574059788,40.27020775,1097.765863,47.83251552,1303.914373,0.011031776904548632
CN,000063,2024-05-28,27.19,27.48,26.95,26.98,26.032,26.3097,25.8022,25.831,44785850.0,1215119873.0,0.9574059788,40.27020775,1086.490205,47.83251552,1290.521269,0.009363055551881626
CN,000063,2024-05-29,26.98,27.19,26.73,26.81,25.831,26.032,25.5916,25.6682,37502541.0,1010130407.0,0.9574059788,40.27020775,1079.64427,47.83251552,1282.389741,0.007840386522076019
CN,000063,2024-05-30,26.76,27.05,26.51,26.85,25.6203,25.898,25.381,25.7065,41573878.0,1113854219.0,0.9574059788,40.27020775,1081.255078,47.83251552,1284.303042,0.00869155166690259
CN,000063,2024-05-31,26.88,27.33,26.83,26.96,25.7352,26.1661,25.6873,25.8118,49763836.0,1348898783.0,0.9574059788,40.27020775,1085.684801,47.83251552,1289.564618,0.010403767282360985
CN,000063,2024-06-03,26.87,27.48,26.81,27.23,25.7256,26.3097,25.6682,26.0703,60288705.0,1638276675.0,0.9574059788,40.27020775,1096.557757,47.83251552,1302.479398,0.012604125947503587
CN,000063,2024-06-04,27.1,27.33,26.95,27.26,25.9458,26.1661,25.8022,26.099,42192050.0,1144583686.0,0.9574059788,40.27020775,1097.765863,47.83251552,1303.914373,0.008820788440942109
CN,000063,2024-06-05,27.26,27.5,27.14,27.16,26.099,26.3288,25.9841,26.0033,49576304.0,1354755221.0,0.9574059788,40.27020775,1093.738842,47.83251552,1299.131122,0.010364561315883727
CN,000063,2024-06-06,27.3,27.58,27.03,27.24,26.1373,26.4054,25.8788,26.0799,69035579.0,1886852049.0,0.9574059788,40.27020775,1096.960459,47.83251552,1302.957723,0.0144327719856453
CN,000063,2024-06-07,27.25,27.31,26.6,26.79,26.0895,26.1469,25.4671,25.649,68027226.0,1828564080.0,0.9574059788,40.27020775,1078.838866,47.83251552,1281.433091,0.014221962876185358
CN,000063,2024-06-11,26.66,26.99,26.52,26.93,25.5246,25.8405,25.3905,25.7831,38279820.0,1027216240.0,0.9574059788,40.27020775,1084.476695,47.83251552,1288.129643,0.008002886652280336
CN,000063,2024-06-12,26.86,27.65,26.83,27.52,25.7161,26.4724,25.6873,26.348,87587160.0,2403781249.0,0.9574059788,40.27020775,1108.236117,47.83251552,1316.350827,0.018311217599119904
CN,000063,2024-06-13,27.55,28.0,27.44,27.7,26.3767,26.8075,26.2714,26.5203,73802045.0,2046682174.0,0.9574059788,40.27020775,1115.484755,47.83251552,1324.96068,0.015429262751013268
CN,000063,2024-06-14,27.56,28.06,27.51,27.82,26.3863,26.865,26.3384,26.6352,79428600.0,2211502896.0,0.9574059788,40.27020775,1120.31718,47.83251552,1330.700582,0.016605566137701637
CN,000063,2024-06-17,27.73,27.95,27.69,27.75,26.549,26.7596,26.5107,26.5682,58959563.0,1639066876.0,0.9574059788,40.27020775,1117.498265,47.83251552,1327.352306,0.012326251788983897
CN,000063,2024-06-18,27.72,28.47,27.7,28.32,26.5394,27.2575,26.5203,27.1139,95548466.0,2699948009.0,0.9574059788,40.27020775,1140.452283,47.83251552,1354.61684,0.01997563058544323
CN,000063,2024-06-19,28.32,28.45,28.11,28.23,27.1139,27.2384,26.9128,27.0277,65655679.0,1857414939.0,0.9574059788,40.27020775,1136.827965,47.83251552,1350.311913,0.01372616060147363
CN,000063,2024-06-20,28.16,28.31,27.45,27.47,26.9607,27.1043,26.2809,26.3001,79433802.0,2203923903.0,0.9574059788,40.27020775,1106.222607,47.83251552,1313.959201,0.01660665368242795
CN,000063,2024-06-21,27.33,28.07,27.27,27.96,26.1661,26.8745,26.1086,26.7692,67651793.0,1877631992.0,0.9574059788,40.27020775,1125.955009,47.83251552,1337.397134,0.014143473799054757
CN,000063,2024-06-24,27.8,28.07,26.98,27.0,26.616,26.8745,25.831,25.8501,76508079.0,2104053999.0,0.9574059788,40.27020775,1087.295609,47.83251552,1291.477919,0.015994993817126345
CN,000063,2024-06-25,27.0,27.12,26.29,26.46,25.8504,25.9653,25.1707,25.3334,70950119.0,1893748283.0,0.9574059788,40.27020775,1065.549697,47.83251552,1265.648361,0.014833031093740812
CN,000063,2024-06-26,26.5,27.54,26.4,27.42,25.3714,26.3671,25.2757,26.2522,73206153.0,1974303737.0,0.9574059788,40.27020775,1104.209097,47.83251552,1311.567576,0.015304683896332116
CN,000063,2024-06-27,27.3,27.36,26.8,26.88,26.1373,26.1948,25.6586,25.7352,51393949.0,1393749627.0,0.9574059788,40.27020775,1082.463184,47.83251552,1285.738017,0.010744563283214924
CN,000063,2024-06-28,26.88,28.25,26.87,27.97,25.7352,27.0469,25.7256,26.7788,129760469.0,3621765892.0,0.9574059788,40.27020775,1126.357711,47.83251552,1337.875459,0.027128087993980542
CN,000063,2024-07-01,27.97,28.25,27.84,28.14,26.7788,27.0469,26.6543,26.9416,69433289.0,1949631171.0,0.9574059788,40.27020775,1133.203646,47.83251552,1346.006987,0.014515918354945844
CN,000063,2024-07-02,28.1,28.21,27.6,27.73,26.9033,27.0086,26.4246,26.549,60124353.0,1678013589.0,0.9574059788,40.27020775,1116.692861,47.83251552,1326.395655,0.01256976605691174
CN,000063,2024-07-03,27.73,27.95,27.41,27.72,26.549,26.7596,26.2426,26.5394,49921638.0,1382471032.0,0.9574059788,40.27020775,1116.290159,47.83251552,1325.91733,0.01043675781156157
CN,000063,2024-07-04,27.85,28.08,27.47,27.49,26.6639,26.8841,26.3001,26.3192,62647533.0,1739075087.0,0.9574059788,40.27020775,1107.028011,47.83251552,1314.915852,0.013097269152362572
CN,000063,2024-07-05,27.41,27.65,27.06,27.49,26.2426,26.4724,25.9076,26.3192,59566739.0,1630100272.0,0.9574059788,40.27020775,1107.028011,47.83251552,1314.915852,0.012453189708388558
CN,000063,2024-07-08,27.4,27.61,27.1,27.2,26.2331,26.4341,25.9458,26.0416,50871496.0,1394300229.0,0.9574059788,40.27020775,1095.349651,47.83251552,1301.044422,0.010635337792077718
CN,000063,2024-07-09,27.16,28.89,27.11,28.87,26.0033,27.6596,25.9554,27.6405,194074782.0,5515876459.0,0.9574059788,40.27020775,1162.600898,47.83251552,1380.924723,0.040573818853171614
CN,000063,2024-07-10,28.8,29.15,28.66,28.85,27.5734,27.9085,27.4394,27.6213,116991513.0,3381645849.0,0.9574059788,40.27020775,1161.795494,47.83251552,1379.968073,0.024458574199611737
CN,000063,2024-07-11,29.18,29.61,28.82,29.12,27.9373,28.3489,27.5926,27.8798,130686794.0,3814025781.0,0.9574059788,40.27020775,1172.66845,47.83251552,1392.882852,0.02732174809944012
CN,000063,2024-07-12,28.8,28.91,28.42,28.62,27.5734,27.6788,27.209600000000002,27.4011,80872601.0,2311898226.0,0.9574059788,40.27020775,1152.533346,47.83251552,1368.966594,0.01690745304126543
CN,000063,2024-07-15,28.0,28.07,27.63,27.78,27.46,27.5286,27.0971,27.2442,59446934.0,1653717121.0,0.980712743,40.27020775,1118.706371,47.83251552,1328.787281,0.012428142938696944
CN,000063,2024-07-16,27.73,28.55,27.7,28.43,27.1952,27.9994,27.1658,27.8817,94241773.0,2653140327.0,0.980712743,40.27020775,1144.882006,47.83251552,1359.878416,0.01970244967789643
CN,000063,2024-07-17,28.26,28.54,27.9,27.99,27.715,27.9896,27.3619,27.4502,76451795.0,2155203043.0,0.980712743,40.27020775,1127.163115,47.83251552,1338.832109,0.01598322692605066
CN,000063,2024-07-18,27.69,27.81,27.08,27.79,27.156,27.2737,26.5577,27.254,94120986.0,2584506422.0,0.980712743,40.27020775,1119.109073,47.83251552,1329.265606,0.01967719760852753
CN,000063,2024-07-19,27.6,28.32,27.56,28.11,27.0677,27.7738,27.0285,27.5679,80784591.0,2268513697.0,0.980712743,40.27020775,1131.99554,47.83251552,1344.572011,0.016889053423548652
CN,000063,2024-07-22,28.12,28.21,27.71,27.87,27.5777,27.6659,27.1756,27.3325,60021579.0,1674727792.0,0.980712743,40.27020775,1122.33069,47.83251552,1333.092208,0.012548279835900213
CN,000063,2024-07-23,27.97,27.99,27.08,27.1,27.4306,27.4502,26.5577,26.5773,64989194.0,1784077866.0,0.980712743,40.27020775,1091.32263,47.83251552,1296.261171,0.013586823375999608
CN,000063,2024-07-24,27.07,27.32,26.79,26.93,26.5479,26.7931,26.2733,26.4106,60260621.0,1628081386.0,0.980712743,40.27020775,1084.476695,47.83251552,1288.129643,0.012598254627608597
CN,000063,2024-07-25,26.74,26.96,26.5,26.74,26.2243,26.44,25.9889,26.2243,54939161.0,1467419853.0,0.980712743,40.27020775,1076.825355,47.83251552,1279.041465,0.011485735258273951
CN,000063,2024-07-26,26.8,27.05,26.71,26.93,26.2831,26.5283,26.1949,26.4106,47004814.0,1263916576.0,0.980712743,40.27020775,1084.476695,47.83251552,1288.129643,0.009826958396186813
CN,000063,2024-07-29,26.99,27.02,26.66,26.66,26.4695,26.4989,26.1458,26.1458,39658525.0,1061166751.0,0.980712743,40.27020775,1073.603739,47.83251552,1275.214864,0.008291122590744314
CN,000063,2024-07-30,26.54,26.78,26.11,26.76,26.0281,26.2635,25.6064,26.2439,49749298.0,1315840140.0,0.980712743,40.27020775,1077.630759,47.83251552,1279.998115,0.010400727927260807
CN,000063,2024-07-31,26.6,27.52,26.6,27.42,26.087,26.9892,26.087,26.8912,81429742.0,2213577775.0,0.980712743,40.27020775,1104.209097,47.83251552,1311.567576,0.01702393050308051
CN,000063,2024-08-01,27.42,27.52,27.15,27.16,26.8912,26.9892,26.6264,26.6362,56144256.0,1532582089.0,0.980712743,40.27020775,1093.738842,47.83251552,1299.131122,0.01173767580267123
CN,000063,2024-08-02,26.87,27.07,26.57,26.61,26.3518,26.5479,26.0576,26.0968,55821851.0,1495257293.0,0.980712743,40.27020775,1071.590228,47.83251552,1272.823238,0.011670272908114033
CN,000063,2024-08-05,26.5,26.64,25.83,25.83,25.9889,26.1262,25.3318,25.3318,72920366.0,1909230721.0,0.980712743,40.27020775,1040.179466,47.83251552,1235.513876,0.015244936463671898
CN,000063,2024-08-06,26.15,26.27,25.85,26.05,25.6457,25.7634,25.3515,25.5476,43029242.0,1119120586.0,0.980712743,40.27020775,1049.038912,47.83251552,1246.037029,0.008995814151151714
CN,000063,2024-08-07,26.06,26.32,25.93,26.04,25.5574,25.8124,25.4299,25.5378,36628521.0,958326136.0,0.980712743,40.27020775,1048.63621,47.83251552,1245.558704,0.007657661446779791
CN,000063,2024-08-08,25.82,26.1,25.5,25.92,25.322,25.5966,25.0082,25.4201,40127129.0,1034292476.0,0.980712743,40.27020775,1043.803785,47.83251552,1239.818802,0.008389090258742888
CN,000063,2024-08-09,26.1,26.24,25.81,25.81,25.5966,25.7339,25.3122,25.3122,30775534.0,799867348.0,0.980712743,40.27020775,1039.374062,47.83251552,1234.557226,0.006434019550389726
CN,000063,2024-08-12,25.71,25.77,25.45,25.55,25.2142,25.273,24.9592,25.0572,29287700.0,749312878.0,0.980712743,40.27020775,1028.903808,47.83251552,1222.120772,0.006122968796770486
CN,000063,2024-08-13,25.61,25.84,25.46,25.84,25.1161,25.3416,24.969,25.3416,25599538.0,656342536.0,0.980712743,40.27020775,1040.582168,47.83251552,1235.992201,0.005351911293332707
CN,000063,2024-08-14,25.89,25.95,25.72,25.72,25.3907,25.4495,25.224,25.224,24401391.0,630417074.0,0.980712743,40.27020775,1035.749743,47.83251552,1230.252299,0.005101423317324207
CN,000063,2024-08-15,25.65,26.08,25.56,25.98,25.1553,25.576999999999998,25.067,25.4789,34303744.0,889179677.0,0.980712743,40.27020775,1046.219997,47.83251552,1242.688753,0.007171637039590093
CN,000063,2024-08-16,25.98,26.22,25.86,26.04,25.4789,25.7143,25.3613,25.5378,37949028.0,988179859.0,0.980712743,40.27020775,1048.63621,47.83251552,1245.558704,0.007933730347953902
CN,000063,2024-08-19,26.04,26.38,25.84,26.16,25.5378,25.8712,25.3416,25.6555,42274861.0,1107628789.0,0.980712743,40.27090375,1053.486842,47.83251552,1251.298606,0.008838101141121001
CN,000063,2024-08-20,26.15,26.16,25.54,25.62,25.6457,25.6555,25.0474,25.1259,42506239.0,1093726279.0,0.980712743,40.27090375,1031.740554,47.83251552,1225.469048,0.008886473675470205
CN,000063,2024-08-21,25.53,25.72,25.26,25.26,25.0376,25.224,24.7728,24.7728,32999122.0,841675946.0,0.980712743,40.27090375,1017.243029,47.83251552,1208.249342,0.006898889101118301
CN,000063,2024-08-22,25.23,25.25,23.76,24.08,24.7434,24.763,23.3018,23.6156,102061914.0,2479321836.0,0.980712743,40.27090375,969.723362,47.83251552,1151.806974,0.021337350312952974
CN,000063,2024-08-23,24.0,24.44,23.95,24.38,23.5371,23.9686,23.4881,23.9098,42638485.0,1032273200.0,0.980712743,40.27090375,981.804633,47.83251552,1166.156728,0.008914121395553984
CN,000063,2024-08-26,24.38,24.62,24.31,24.43,23.9098,24.1452,23.8412,23.9588,30161627.0,737690570.0,0.980712743,40.27090375,983.818179,47.83251552,1168.548354,0.006305674429225586
CN,000063,2024-08-27,24.3,24.31,23.85,23.9,23.8313,23.8412,23.39,23.4391,31666559.0,759533919.0,0.980712743,40.27090375,962.4746,47.83251552,1143.197121,0.006620299738733038
CN,000063,2024-08-28,23.85,24.2,23.82,23.99,23.39,23.7333,23.3606,23.5273,25020052.0,599788293.0,0.980712743,40.27090375,966.098981,47.83251552,1147.502047,0.005230762323076752
CN,000063,2024-08-29,23.8,24.49,23.73,24.32,23.341,24.0177,23.2723,23.851,37961315.0,919613779.0,0.980712743,40.27090375,979.388379,47.83251552,1163.286777,0.007936299102673662
CN,000063,2024-08-30,24.29,25.13,24.25,24.83,23.8215,24.6453,23.7823,24.3511,59640405.0,1485464727.0,0.980712743,40.27090375,999.92654,47.83251552,1187.68136,0.012468590529189881
CN,000063,2024-09-02,24.87,24.97,24.19,24.2,24.3904,24.4884,23.7235,23.7333,40214437.0,984370937.0,0.980712743,40.27090375,974.555871,47.83251552,1157.546876,0.008407343114368575
CN,000063,2024-09-03,24.1,24.53,24.1,24.36,23.6352,24.0569,23.6352,23.8902,23462577.0,570503806.0,0.980712743,40.27090375,980.999215,47.83251552,1165.200078,0.00490515222645769
CN,000063,2024-09-04,24.12,24.42,24.02,24.23,23.6548,23.949,23.5567,23.7627,24164620.0,585033348.0,0.980712743,40.27090375,975.763998,47.83251552,1158.981851,0.005051923307252397
CN,000063,2024-09-05,24.2,24.57,24.2,24.45,23.7333,24.0961,23.7333,23.9785,25353588.0,618938628.0,0.980712743,40.27090475,984.623621,47.83251652,1169.505029,0.0053004921849342836
CN,000063,2024-09-06,24.47,24.49,24.04,24.09,23.9981,24.0177,23.5764,23.6254,24857865.0,602427916.0,0.980712743,40.27090475,970.126095,47.83251652,1152.285323,0.005196854944816941
CN,000063,2024-09-09,23.95,24.04,23.33,23.53,23.4881,23.5764,22.8801,23.0762,47425204.0,1120739838.0,0.980712743,40.27090475,947.574389,47.83251652,1125.499114,0.009914846102686298
CN,000063,2024-09-10,23.55,23.94,23.3,23.86,23.0958,23.4783,22.8506,23.3998,39966612.0,943345009.0,0.980712743,40.27090475,960.863787,47.83251652,1141.283844,0.008355531949335958
CN,000063,2024-09-11,23.7,23.9,23.65,23.79,23.2429,23.4391,23.1939,23.3312,22323900.0,530660988.0,0.980712743,40.27090475,958.044824,47.83251652,1137.935568,0.004667097118058968
CN,000063,2024-09-12,23.86,24.12,23.7,23.72,23.3998,23.6548,23.2429,23.2625,24012030.0,574110481.0,0.980712743,40.27090475,955.225861,47.83251652,1134.587292,0.005020022308456206
CN,000063,2024-09-13,23.67,23.91,23.53,23.54,23.2135,23.4489,23.0762,23.086,22206040.0,526412422.0,0.980712743,40.27090475,947.977098,47.83251652,1125.977439,0.00464245697604371
CN,000063,2024-09-18,23.59,23.71,23.35,23.65,23.135,23.2527,22.8997,23.1939,23307994.0,548063222.0,0.980712743,40.27090475,952.406897,47.83251652,1131.239016,0.00487283456856265
CN,000063,2024-09-19,23.78,24.18,23.51,23.93,23.3214,23.7137,23.0566,23.4685,40803412.0,975592495.0,0.980712743,40.27090475,963.682751,47.83251652,1144.63212,0.008530475703267473
CN,000063,2024-09-20,23.95,24.33,23.95,24.16,23.4881,23.8608,23.4881,23.694,45620093.0,1101092483.0,0.980712743,40.27090475,972.945059,47.83251652,1155.633599,0.00953746453647804
CN,000063,2024-09-23,24.49,25.25,24.39,24.9,24.0177,24.763,23.9196,24.4198,93792149.0,2345331323.0,0.980712743,40.27090475,1002.745528,47.83251652,1191.029661,0.019608449612050643
CN,000063,2024-09-24,24.98,25.43,24.63,25.42,24.4982,24.9396,24.155,24.9297,92258309.0,2316808696.0,0.980712743,40.27090475,1023.686399,47.83251652,1215.90257,0.019287780721598546
CN,000063,2024-09-25,25.69,26.1,25.39,25.48,25.1945,25.5966,24.9003,24.9886,98413307.0,2537530465.0,0.980712743,40.27090475,1026.102653,47.83251652,1218.772521,0.02057456185874119
CN,000063,2024-09-26,25.44,26.3,25.36,26.3,24.9494,25.7928,24.8709,25.7928,91092698.0,2356644030.0,0.980712743,40.27090475,1059.124795,47.83251652,1257.995184,0.019044094818200043
CN,000063,2024-09-27,26.66,28.79,26.64,28.66,26.1458,28.2347,26.1262,28.1073,191391162.0,5290243992.0,0.980712743,40.27090475,1154.16413,47.83251652,1370.879923,0.04001277288431489
CN,000063,2024-09-30,29.58,31.38,29.02,31.15,29.0095,30.7748,28.4603,30.5492,286947790.0,8701519424.0,0.980712743,40.27090475,1254.438683,47.83251652,1489.98289,0.05999010942274379
CN,000063,2024-10-08,34.27,34.27,32.6,34.27,33.6091,33.6091,31.9713,33.6091,316587709.0,10762270256.0,0.980712743,40.27090475,1380.083906,47.83251652,1639.220341,0.06618671398307605
CN,000063,2024-10-09,33.87,34.24,31.74,32.05,33.2168,33.5796,31.1279,31.4319,269019865.0,8915458308.0,0.980712743,40.27090475,1290.682497,47.83251652,1533.032154,0.05624204716210486
CN,000063,2024-10-10,32.8,33.05,31.19,31.65,32.1674,32.4126,30.5885,31.0396,171084858.0,5485898311.0,0.980712743,40.27090475,1274.574135,47.83251652,1513.899148,0.03576748004225641
CN,000063,2024-10-11,31.31,31.58,29.42,29.84,30.7061,30.9709,28.8526,29.2645,166810005.0,5044328921.0,0.980712743,40.27090475,1201.683798,47.83251652,1427.322293,0.0348737672897165
CN,000063,2024-10-14,29.98,30.56,29.46,30.41,29.4018,29.9706,28.8918,29.8235,117696424.0,3539351137.0,0.980712743,40.27090475,1224.638213,47.83251652,1454.586827,0.024605944358120507
CN,000063,2024-10-15,30.34,31.1,29.96,29.98,29.7549,30.5002,29.3822,29.4018,115544641.0,3531929674.0,0.980712743,40.27090475,1207.321724,47.83251652,1434.018845,0.024156086571712743
CN,000063,2024-10-16,29.44,29.97,29.29,29.44,28.8722,29.392,28.7251,28.8722,86121711.0,2546652669.0,0.980712743,40.27090475,1185.575436,47.83251652,1408.189286,0.01800484634003948
CN,000063,2024-10-17,29.7,30.17,29.44,29.45,29.1272,29.5881,28.8722,28.882,86259528.0,2572798085.0,0.980712743,40.27090475,1185.978145,47.83251652,1408.667612,0.0180336587484233
CN,000063,2024-10-18,29.45,31.63,29.33,30.88,28.882,31.02,28.7643,30.2844,171164415.0,5213426617.0,0.980712743,40.27090475,1243.565539,47.83251652,1477.06811,0.03578411245171091
CN,000063,2024-10-21,31.14,32.29,30.91,31.71,30.5394,31.6672,30.3139,31.0984,164232532.0,5193693620.0,0.980712743,40.27090475,1276.99039,47.83251652,1516.769099,0.034334913558505785
CN,000063,2024-10-22,30.5,30.61,29.78,30.08,29.9118,30.0196,29.2057,29.4999,225061818.0,6782707921.0,0.980712743,40.27090475,1211.348815,47.83251652,1438.802097,0.04705205462185873
CN,000063,2024-10-23,30.01,31.77,29.81,30.68,29.4312,31.1573,29.2351,30.0883,202578848.0,6202214277.0,0.980712743,40.27090475,1235.511358,47.83251652,1467.501607,0.0423517018836541
CN,000063,2024-10-24,31.1,32.48,31.0,31.55,30.5002,31.8536,30.4021,30.9415,266349762.0,8447367331.0,0.980712743,40.27090475,1270.547045,47.83251652,1509.115896,0.05568382794341008
CN,000063,2024-10-25,31.39,31.61,31.01,31.4,30.7846,31.0004,30.4119,30.7944,144530701.0,4523761983.0,0.980712743,40.27090475,1264.506409,47.83251652,1501.941019,0.030215993536440427
CN,000063,2024-10-28,31.25,31.27,30.81,31.04,30.6473,30.6669,30.2158,30.4414,105450702.0,3268653141.0,0.980712743,40.27090475,1250.008883,47.83251652,1484.721313,0.02204581938646451
CN,000063,2024-10-29,31.18,31.86,30.77,30.78,30.5787,31.2455,30.1766,30.1864,148437166.0,4623753454.0,0.980712743,40.27090475,1239.538448,47.83251652,1472.284858,0.031032690060940997
CN,000063,2024-10-30,30.5,30.89,29.86,30.25,29.9118,30.2942,29.2841,29.6666,133921875.0,4060229121.0,0.980712743,40.27090475,1218.194869,47.83251652,1446.933625,0.027998082631509432
CN,000063,2024-10-31,30.04,30.67,29.81,30.28,29.4606,30.0785,29.2351,29.696,114645794.0,3471012502.0,0.980712743,40.27090475,1219.402996,47.83251652,1448.3686,0.023968171098015228
CN,000063,2024-11-01,30.07,30.4,29.6,29.6,29.490099999999998,29.8137,29.0291,29.0291,101329245.0,3036429933.0,0.980712743,40.27090475,1192.018781,47.83251652,1415.842489,0.02118417603172345
CN,000063,2024-11-04,29.73,30.43,29.72,30.3,29.1566,29.8431,29.1468,29.7156,77809651.0,2347032565.0,0.980712743,40.27090475,1220.208414,47.83251652,1449.325251,0.016267103773949628
CN,000063,2024-11-05,30.27,31.16,30.11,31.08,29.6862,30.559,29.5293,30.4806,136879055.0,4219020209.0,0.980712743,40.27090475,1251.61972,47.83251652,1486.634613,0.0286163189726318
CN,000063,2024-11-06,31.07,32.4,30.76,31.31,30.4708,31.7751,30.1668,30.7061,206571283.0,6494075415.0,0.980712743,40.2735491,1260.964822,47.83516087,1497.718887,0.043183984174609925
CN,000063,2024-11-07,30.89,31.88,30.8,31.85,30.2942,31.2652,30.206,31.2357,146159772.0,4573964221.0,0.980712743,40.2735491,1282.712539,47.83516087,1523.549874,0.030554882505196015
CN,000063,2024-11-08,32.35,33.91,32.21,32.78,31.7261,33.256,31.5888,32.1478,248811831.0,8240081468.0,0.980712743,40.2735491,1320.166939,47.83516087,1568.036573,0.05201442338120018
CN,000063,2024-11-11,32.86,36.06,32.52,36.06,32.2263,35.3645,31.8928,35.3645,255971423.0,8812997769.0,0.980712743,40.2735491,1452.264181,47.83516087,1724.935901,0.05351114501227348
CN,000063,2024-11-12,36.06,36.41,34.35,34.8,35.3645,35.7078,33.6875,34.1288,343530058.0,12136871228.0,0.980712743,40.2735491,1401.519509,47.83516087,1664.663598,0.0718153867891445
CN,000063,2024-11-13,34.45,36.25,34.42,35.44,33.7856,35.5509,33.7562,34.7565,271825742.0,9634274143.0,0.980712743,40.2735491,1427.29458,47.83516087,1695.278101,0.056825510159510415
CN,000063,2024-11-14,35.15,35.38,33.13,33.21,34.4721,34.6977,32.491,32.5695,231945494.0,7905116608.0,0.980712743,40.2735491,1337.484566,47.83516087,1588.605692,0.04848849460971824
CN,000063,2024-11-15,33.18,34.16,32.89,32.94,32.5401,33.5012,32.2557,32.3047,181613775.0,6071856723.0,0.980712743,40.2735491,1326.610707,47.83516087,1575.690199,0.03796658602101614
CN,000063,2024-11-18,33.34,33.51,32.07,32.29,32.697,32.8637,31.4515,31.6672,140084364.0,4587320163.0,0.980712743,40.2735491,1300.4329,47.83516087,1544.597344,0.029284810890612984
CN,000063,2024-11-19,32.46,32.62,31.35,32.5,31.834,31.9909,30.7454,31.8732,133949243.0,4295289179.0,0.980712743,40.2735491,1308.890346,47.83516087,1554.642728,0.02800225619895569
CN,000063,2024-11-20,32.21,32.66,32.12,32.4,31.5888,32.0301,31.5005,31.7751,107233935.0,3466756379.0,0.980712743,40.2735491,1304.862991,47.83516087,1549.859212,0.022417387764499433
CN,000063,2024-11-21,32.26,32.68,32.0,32.29,31.6378,32.0497,31.3828,31.6672,86829308.0,2808178999.0,0.980712743,40.2735491,1300.4329,47.83516087,1544.597344,0.01815177505851252
CN,000063,2024-11-22,32.21,32.75,30.93,30.95,31.5888,32.1184,30.3335,30.3531,132339216.0,4220449151.0,0.980712743,40.2735491,1246.466345,47.83516087,1480.498229,0.02766567804792249
CN,000063,2024-11-25,30.81,31.07,30.04,30.63,30.2158,30.4708,29.4606,30.0393,98406505.0,3001059405.0,0.980712743,40.2735491,1233.578809,47.83516087,1465.190977,0.020572002520789265
CN,000063,2024-11-26,31.0,31.14,30.36,30.41,30.4021,30.5394,29.7745,29.8235,64708378.0,1989273313.0,0.980712743,40.2735491,1224.718628,47.83516087,1454.667242,0.013527367071233599
CN,000063,2024-11-27,30.2,31.03,30.2,31.02,29.6176,30.4315,29.6176,30.4217,73732294.0,2259026554.0,0.980712743,40.2735491,1249.285493,47.83516087,1483.84669,0.01541382795813727
CN,000063,2024-11-28,31.03,31.3,30.7,30.74,30.4315,30.6963,30.1079,30.147100000000002,66139865.0,2048253918.0,0.980712743,40.2735491,1238.008899,47.83516087,1470.452845,0.013826621212740578
CN,000063,2024-11-29,30.66,31.53,30.58,31.16,30.0687,30.9219,29.9902,30.559,79966209.0,2485998080.0,0.980712743,40.2735491,1254.92379,47.83516087,1490.543613,0.016717035658628067
CN,000063,2024-12-02,31.16,31.6,31.03,31.6,30.559,30.9906,30.4315,30.9906,84687086.0,2654529531.0,0.980712743,40.2735491,1272.644152,47.83516087,1511.591083,0.01770394087941948
CN,000063,2024-12-03,31.55,31.57,30.8,31.14,30.9415,30.9611,30.206,30.5394,74461519.0,2321241743.0,0.980712743,40.2735491,1254.118319,47.83516087,1489.586909,0.015566273353268646
CN,000063,2024-12-04,31.1,31.35,30.59,30.79,30.5002,30.7454,30.0,30.1962,67017966.0,2070109910.0,0.980712743,40.2735491,1240.022577,47.83516087,1472.844603,0.014010189321225962
CN,000063,2024-12-05,30.6,30.95,30.55,30.77,30.0098,30.3531,29.9608,30.1766,45135269.0,1388905952.0,0.980712743,40.2737371,1239.222891,47.83534887,1471.893685,0.009435547156280205
CN,000063,2024-12-06,30.86,31.42,30.78,31.3,30.2648,30.814,30.1864,30.6963,74690194.0,2325147586.0,0.980712743,40.2737371,1260.567971,47.83534887,1497.24642,0.015614016781393654
CN,000063,2024-12-09,31.2,31.55,30.81,31.06,30.598300000000002,30.9415,30.2158,30.461,57861696.0,1803071912.0,0.980712743,40.2737371,1250.902274,47.83534887,1485.765936,0.012096012126356213
CN,000063,2024-12-10,32.14,32.14,31.06,31.13,31.5201,31.5201,30.461,30.5296,97473265.0,3074385154.0,0.980712743,40.2737371,1253.721436,47.83534887,1489.11441,0.02037682745136839
CN,000063,2024-12-11,31.13,31.28,30.88,31.15,30.5296,30.6767,30.2844,30.5492,55263210.0,1718481762.0,0.980712743,40.2737371,1254.526911,47.83534887,1490.071117,0.01155279752431332
CN,000063,2024-12-12,31.16,31.3,30.89,31.28,30.559,30.6963,30.2942,30.6767,60759229.0,1891577928.0,0.980712743,40.2737371,1259.762496,47.83534887,1496.289713,0.012701742630773458
CN,000063,2024-12-13,30.98,31.06,30.5,30.55,30.3825,30.461,29.9118,29.9608,73100145.0,2246666670.0,0.980712743,40.2737371,1230.362668,47.83534887,1461.369908,0.015281616362548335
CN,000063,2024-12-16,30.58,31.38,30.56,31.35,29.9902,30.7748,29.9706,30.7454,110109638.0,3426348119.0,0.980712743,40.2737371,1262.581658,47.83534887,1499.638187,0.023018466594492717
CN,000063,2024-12-17,33.0,34.49,32.97,33.16,32.3636,33.8248,32.3341,32.5205,493647742.0,16727885875.0,0.980712743,40.2737371,1335.477122,47.83534887,1586.220169,0.10319727014881078
CN,000063,2024-12-18,32.49,35.62,32.11,34.56,31.8634,34.933,31.4907,33.8935,432061996.0,14652219646.0,0.980712743,40.2737371,1391.860354,47.83534887,1653.189657,0.09032274378811278
CN,000063,2024-12-19,34.87,38.02,34.87,37.8,34.1975,37.2867,34.1975,37.071,604031374.0,22240849857.0,0.980712743,40.2737371,1522.347262,47.83534887,1808.176187,0.12627301530538623
CN,000063,2024-12-20,36.8,37.96,36.38,37.38,36.0903,37.2279,35.6784,36.6591,399563043.0,14816285391.0,0.980712743,40.2737371,1505.432293,47.83534887,1788.085341,0.08352882385908268
CN,000063,2024-12-23,38.15,38.47,35.91,36.15,37.4142,37.7281,35.2174,35.4528,292997985.0,10788069340.0,0.980712743,40.2737371,1455.895596,47.83534887,1729.247862,0.06125135321919938
CN,000063,2024-12-24,36.66,37.39,35.8,36.81,35.953,36.6689,35.1096,36.1001,243344491.0,8891881047.0,0.980712743,40.2737371,1482.476263,47.83534887,1760.819192,0.05087126920749057
CN,000063,2024-12-25,36.5,39.12,36.42,38.09,35.7961,38.3655,35.7176,37.3554,341551695.0,13016279761.0,0.980712743,40.2737371,1534.026646,47.83534887,1822.048438,0.07140152691855971
CN,000063,2024-12-26,37.95,41.62,37.66,40.99,37.2181,40.8173,36.9337,40.1995,346433237.0,13917196375.0,0.980712743,40.2737371,1650.820484,47.83534887,1960.77095,0.07242201534716224
CN,000063,2024-12-27,40.8,40.99,39.81,40.08,40.0131,40.1995,39.0422,39.307,246093405.0,9925364050.0,0.980712743,40.2737371,1614.171383,47.83534887,1917.240783,0.05144593084682984
CN,000063,2024-12-30,40.88,42.1,40.06,40.8,40.0916,41.2881,39.2874,40.0131,277403747.0,11489120449.0,0.980712743,40.2737371,1643.168474,47.83534887,1951.682234,0.05799137114143096
CN,000063,2024-12-31,40.81,42.05,39.95,40.4,40.0229,41.239,39.1795,39.6208,284838390.0,11668303970.0,0.980712743,40.2737371,1627.058979,47.83534887,1932.548094,0.05954558641854847
CN,000063,2025-01-02,40.39,40.93,37.56,37.93,39.611,40.1406,36.8356,37.1985,329999755.0,12796803804.0,0.980712743,40.2737371,1527.582848,47.83534887,1814.394783,0.06898658895471331
CN,000063,2025-01-03,38.25,38.32,35.55,35.65,37.5123,37.581,34.8644,34.9624,273493496.0,9970054006.0,0.980712743,40.2737371,1435.758728,47.83534887,1705.330187,0.05717393150894773
CN,000063,2025-01-06,35.76,36.4,34.44,34.8,35.0703,35.698,33.7758,34.1288,215596743.0,7607105096.0,0.980712743,40.2737371,1401.526051,47.83534887,1664.670141,0.045070590701850564
CN,000063,2025-01-07,35.1,35.65,34.51,35.43,34.4231,34.9624,33.8444,34.7467,244307135.0,8578225669.0,0.980712743,40.2737371,1426.898505,47.83534887,1694.80641,0.05107251034458694
CN,000063,2025-01-08,34.87,35.4,33.5,34.88,34.1975,34.7173,32.8539,34.2073,236241597.0,8137445865.0,0.980712743,40.2737371,1404.74795,47.83534887,1668.496969,0.04938640619973804
CN,000063,2025-01-09,34.49,38.37,34.4,38.37,33.8248,37.63,33.7366,37.63,391504889.0,14480336477.0,0.980712743,40.2737371,1545.303293,47.83534887,1835.442336,0.08184426334257025
CN,000063,2025-01-10,38.3,39.83,37.69,37.71,37.5613,39.0618,36.9631,36.9827,337007238.0,12965675593.0,0.980712743,40.2737371,1518.722626,47.83534887,1803.871006,0.0704515062523887
CN,000063,2025-01-13,37.41,39.77,37.37,39.0,36.6885,39.003,36.6493,38.2478,275892695.0,10696780491.0,0.980712743,40.2737371,1570.675747,47.83534887,1865.578606,0.05767548507899071
CN,000063,2025-01-14,39.02,42.58,38.07,41.5,38.2675,41.7588,37.3358,40.6996,334016550.0,13451416855.0,0.980712743,40.2737371,1671.36009,47.83534887,1985.166978,0.06982630165565258
CN,000063,2025-01-15,41.0,42.14,40.35,40.92,40.2093,41.3273,39.5718,40.1308,243089622.0,9987571421.0,0.980712743,40.2737371,1648.001322,47.83534887,1957.422476,0.05081798873478144
CN,000063,2025-01-16,41.0,41.67,38.94,39.96,40.2093,40.8663,38.189,39.1893,290635201.0,11676382223.0,0.980712743,40.2737371,1609.338535,47.83534887,1911.500541,0.060757412220374174
CN,000063,2025-01-17,39.55,42.6,38.96,41.27,38.7872,41.7784,38.2086,40.4741,325467720.0,13306786014.0,0.980712743,40.2737371,1662.09713,47.83534887,1974.164848,0.06803916511291873
CN,000063,2025-01-20,41.81,42.17,40.15,40.49,41.0036,41.356700000000004,39.3757,39.7091,242727347.0,9958662285.0,0.980712743,40.2737371,1630.683615,47.83534887,1936.853276,0.05074225499215012
CN,000063,2025-01-21,41.28,43.6,41.02,42.88,40.4839,42.7591,40.2289,42.053,351807875.0,14839944905.0,0.980712743,40.2737371,1726.937847,47.83534887,2051.17976,0.07354558570401412
CN,000063,2025-01-22,42.32,43.53,41.88,43.05,41.5038,42.6905,41.0723,42.2197,247306347.0,10561721934.0,0.980712743,40.2737371,1733.784382,47.83534887,2059.311769,0.051699496887143745
CN,000063,2025-01-23,43.72,43.75,40.41,41.1,42.8768,42.9062,39.6306,40.3073,306570011.0,12897073627.0,0.980712743,40.2737371,1655.250595,47.83534887,1966.032839,0.06408859101940527
CN,000063,2025-01-24,41.02,43.17,40.95,42.92,40.2289,42.3374,40.1602,42.0922,268008714.0,11379933389.0,0.980712743,40.2737371,1728.548796,47.83534887,2053.093173,0.056027335502110656
CN,000063,2025-01-27,42.7,42.7,39.98,39.98,41.8765,41.8765,39.2089,39.2089,235879849.0,9653472027.0,0.980712743,40.2737371,1610.144009,47.83534887,1912.457248,0.049310782626680566
CN,000063,2025-02-05,41.51,42.98,41.4,42.56,40.7094,42.1511,40.6016,41.7392,267628353.0,11317095943.0,0.980712743,40.2737371,1714.050251,47.83534887,2035.872448,0.05594782087349706
CN,000063,2025-02-06,42.25,44.66,42.2,43.4,41.4352,43.7987,41.3861,42.563,262699338.0,11461972361.0,0.980712743,40.2737371,1747.88019,47.83534887,2076.054141,0.05491740819407972
CN,000063,2025-02-07,43.0,44.3,41.99,42.91,42.1707,43.4456,41.1802,42.0824,328761952.0,14132981614.0,0.980712743,40.2737371,1728.146059,47.83534887,2052.61482,0.06872782571178936
CN,000063,2025-02-10,42.8,42.8,41.1,42.25,41.9746,41.9746,40.3073,41.4352,224708444.0,9413877110.0,0.980712743,40.2737371,1701.565392,47.83534887,2021.04349,0.04697539566622168
CN,000063,2025-02-11,42.01,42.31,41.41,41.63,41.1998,41.494,40.6114,40.8271,159099342.0,6642569758.0,0.980712743,40.2737371,1676.595675,47.83534887,1991.385573,0.03325978502474754
CN,000063,2025-02-12,41.51,41.94,40.59,41.94,40.7094,41.1311,39.8072,41.1311,239505801.0,9894444734.0,0.980712743,40.2737371,1689.080534,47.83534887,2006.214532,0.05006878943245387
CN,000063,2025-02-13,41.5,41.5,39.58,39.77,40.6996,40.6996,38.8167,39.003,278677602.0,11197823427.0,0.980712743,40.2737371,1601.686524,47.83534887,1902.411825,0.0582576710702685
CN,000063,2025-02-14,39.42,40.18,39.15,39.74,38.6597,39.4051,38.3949,38.9736,188927125.0,7488652935.0,0.980712743,40.2737371,1600.478312,47.83534887,1900.976764,0.0394952957306612
CN,000063,2025-02-17,40.2,41.4,39.95,40.9,39.4247,40.6016,39.1795,40.1112,223828258.0,9124264139.0,0.980712743,40.2737371,1647.195847,47.83534887,1956.465769,0.04679139240905049
CN,000063,2025-02-18,40.32,40.55,39.15,39.29,39.5424,39.7679,38.3949,38.5322,164822890.0,6569693982.0,0.980712743,40.2737371,1582.355131,47.83534887,1879.450857,0.03445629516530377
CN,000063,2025-02-19,39.12,40.79,38.96,40.39,38.3655,40.0033,38.2086,39.611,178075711.0,7159377127.0,0.980712743,40.2737371,1626.656241,47.83534887,1932.069741,0.03722680302467291
CN,000063,2025-02-20,40.19,40.34,39.42,39.82,39.4149,39.562,38.6597,39.052,121766360.0,4845515716.0,0.980712743,40.2737371,1603.700211,47.83534887,1904.803592,0.025455309279946724
CN,000063,2025-02-21,40.38,43.8,39.83,43.41,39.6012,42.9553,39.0618,42.5728,387523865.0,16260112668.0,0.980712743,40.2737371,1748.282928,47.83534887,2076.532494,0.0810120285843752
CN,000063,2025-02-24,42.92,44.08,42.4,43.8,42.0922,43.2299,41.582300000000004,42.9553,290190099.0,12561886464.0,0.980712743,40.2737371,1763.989685,47.83534887,2095.188281,0.06066436345821094
CN,000063,2025-02-25,42.4,43.7,41.87,42.5,41.582300000000004,42.8572,41.0625,41.6803,201882277.0,8585915097.0,0.980712743,40.2737371,1711.633827,47.83534887,2033.002327,0.04220357575914132
CN,000063,2025-02-26,42.6,42.9,41.58,42.28,41.7784,42.0726,40.7781,41.4646,160115044.0,6756041424.0,0.980712743,40.2737371,1702.773605,47.83534887,2022.47855,0.03347211795928102
CN,000063,2025-02-27,42.1,42.55,40.01,40.48,41.2881,41.7294,39.2384,39.6993,201336579.0,8245971770.0,0.980712743,40.2737371,1630.280878,47.83534887,1936.374922,0.042089497360448536
CN,000063,2025-02-28,39.99,40.25,38.6,38.66,39.2187,39.4737,37.8556,37.9144,166992468.0,6547507817.0,0.980712743,40.2737371,1556.982676,47.83534887,1849.314587,0.03490984636776205
CN,000063,2025-03-03,37.36,37.5,35.41,36.14,36.6395,36.7768,34.7271,35.443,257157751.0,9324192975.0,0.980712743,40.2737371,1455.492859,47.83534887,1728.769508,0.053758937077863944
CN,000063,2025-03-04,35.89,37.5,35.55,37.01,35.1978,36.7768,34.8644,36.2962,158618303.0,5778421756.0,0.980712743,40.2737371,1490.53101,47.83534887,1770.386262,0.03315922361746956
CN,000063,2025-03-05,37.0,37.36,36.52,37.01,36.2864,36.6395,35.8157,36.2962,107419443.0,3961802127.0,0.980712743,40.2737371,1490.53101,47.83534887,1770.386262,0.022456080187045157
CN,000063,2025-03-06,37.65,38.58,37.65,38.0,36.9239,37.8359,36.9239,37.2671,176866215.0,6751920209.0,0.980712743,40.2737371,1530.40201,47.83534887,1817.743257,0.036973957372122744
CN,000063,2025-03-07,37.89,38.21,37.06,37.29,37.1592,37.4731,36.3453,36.5708,122738333.0,4610087177.0,0.980712743,40.2737371,1501.807656,47.83534887,1783.780159,0.025658500648455707
CN,000063,2025-03-10,37.19,37.59,36.85,37.21,36.4727,36.865,36.1393,36.4924,79230261.0,2941410897.0,0.980712743,40.2737371,1498.585757,47.83534887,1779.953331,0.01656311971619995
CN,000063,2025-03-11,36.55,37.23,36.46,37.06,35.8451,36.512,35.7568,36.3453,69009211.0,2546186760.0,0.980712743,40.2737371,1492.544697,47.83534887,1772.778029,0.014426404872167498
CN,000063,2025-03-12,37.08,40.33,36.88,38.78,36.3649,39.5522,36.1687,38.0321,252782412.0,9754909427.0,0.980712743,40.2737371,1561.815525,47.83534887,1855.054829,0.05284427060142814
CN,000063,2025-03-13,38.0,38.35,36.96,37.17,37.2671,37.6104,36.2472,36.4531,166984865.0,6263726451.0,0.980712743,40.2737371,1496.974808,47.83534887,1778.039918,0.03490825695738257
CN,000063,2025-03-14,36.9,37.75,36.8,37.66,36.1883,37.0219,36.0903,36.9337,123194131.0,4611688983.0,0.980712743,40.2737371,1516.708939,47.83534887,1801.479238,0.025753785413962216
CN,000063,2025-03-17,37.59,37.6,37.1,37.29,36.865,36.8748,36.3845,36.5708,82472216.0,3074808769.0,0.980712743,40.2737371,1501.807656,47.83534887,1783.780159,0.017240851786015206
CN,000063,2025-03-18,37.36,37.77,37.26,37.39,36.6395,37.0416,36.5414,36.6689,73479204.0,2751516684.0,0.980712743,40.2737371,1505.83503,47.83534887,1788.563694,0.015360858807508891
CN,000063,2025-03-19,37.13,37.16,36.64,36.76,36.4139,36.4433,35.9334,36.051,85867769.0,3162835511.0,0.980712743,40.2737371,1480.462576,47.83534887,1758.427424,0.01795069358297334
CN,000063,2025-03-20,36.77,36.8,36.08,36.2,36.0608,36.0903,35.3842,35.5018,86279237.0,3141191326.0,0.980712743,40.2737371,1457.909283,47.83534887,1731.639629,0.01803671114315007
CN,000063,2025-03-21,36.01,36.19,35.0,35.11,35.3155,35.492,34.325,34.4329,127580906.0,4519847650.0,0.980712743,40.2737371,1414.01091,47.83534887,1679.499099,0.026670842591055614
CN,000063,2025-03-24,35.0,35.2,34.11,34.89,34.325,34.5211,33.4521,34.2171,116798343.0,4046396879.0,0.980712743,40.2737371,1405.150687,47.83534887,1668.975322,0.024416743215862742
CN,000063,2025-03-25,34.84,34.84,34.12,34.21,34.1681,34.1681,33.462,33.5502,73054217.0,2511139542.0,0.980712743,40.2737371,1377.764546,47.83534887,1636.447285,0.015272015094639782
CN,000063,2025-03-26,34.2,34.65,34.2,34.32,33.5404,33.981700000000004,33.5404,33.6581,58243863.0,2006021264.0,0.980712743,40.2737371,1382.194657,47.83534887,1641.709173,0.012175904300036936
CN,000063,2025-03-27,34.26,34.98,33.97,34.57,33.5993,34.3054,33.3148,33.9033,83203768.0,2878605681.0,0.980712743,40.2737371,1392.263092,47.83534887,1653.66801,0.017393783042352045
CN,000063,2025-03-28,34.6,34.92,34.3,34.68,33.9327,34.2465,33.6385,34.0112,64806293.0,2242244976.0,0.980712743,40.2737371,1396.693203,47.83534887,1658.929899,0.013547783079019906
CN,000063,2025-03-31,34.51,34.58,33.81,34.22,33.8444,33.9131,33.1579,33.56,78746905.0,2688421903.0,0.980712743,40.2737371,1378.167284,47.83534887,1636.925638,0.016462073939087798
CN,000063,2025-04-01,34.31,34.78,34.04,34.44,33.6483,34.1092,33.3835,33.7758,64163933.0,2207062721.0,0.980712743,40.2737371,1387.027506,47.83534887,1647.449415,0.013413497448168606
CN,000063,2025-04-02,34.44,35.18,34.44,35.04,33.7758,34.5015,33.7758,34.3642,89385312.0,3122760185.0,0.980712743,40.2737371,1411.191748,47.83534887,1676.150624,0.018686037441248415
CN,000063,2025-04-03,34.6,34.95,34.33,34.76,33.9327,34.2759,33.6679,34.0896,69427051.0,2408579661.0,0.980712743,40.2737371,1399.915102,47.83534887,1662.756727,0.01451375450165082
CN,000063,2025-04-07,32.4,32.62,31.28,31.28,31.7751,31.9909,30.6767,30.6767,124966582.0,3958713931.0,0.980712743,40.2737371,1259.762496,47.83534887,1496.289713,0.02612431704838531
CN,000063,2025-04-08,31.0,31.65,29.63,30.36,30.4021,31.0396,29.0586,29.7745,156880402.0,4798264381.0,0.980712743,40.2737371,1222.710658,47.83534887,1452.281192,0.03279591467522206
CN,000063,2025-04-09,29.51,31.2,28.67,30.96,28.9409,30.598300000000002,28.1171,30.3629,147524382.0,4461632715.0,0.980712743,40.2737371,1246.874901,47.83534887,1480.982401,0.030840034720123075
CN,000063,2025-04-10,31.7,32.6,31.63,31.64,31.0886,31.9713,31.02,31.0298,126515943.0,4042732811.0,0.980712743,40.2737371,1274.261042,47.83534887,1513.510438,0.026448211623547838
CN,000063,2025-04-11,31.23,32.46,31.23,32.08,30.6277,31.834,30.6277,31.4613,87898451.0,2806676837.0,0.980712743,40.2737371,1291.981486,47.83534887,1534.557992,0.018375208517633624
CN,000063,2025-04-14,32.82,33.04,32.42,32.58,32.187,32.4028,31.7947,31.9517,87940798.0,2878513270.0,0.980712743,40.2737371,1312.118355,47.83534887,1558.475666,0.0183840611759711
CN,000063,2025-04-15,32.6,32.6,31.95,32.15,31.9713,31.9713,31.3338,31.5299,55695109.0,1791895292.0,0.980712743,40.2737371,1294.800648,47.83534887,1537.906466,0.0116430861937184
CN,000063,2025-04-16,31.48,31.66,30.91,31.35,31.48,31.66,30.91,31.35,52350747.0,1636398267.0,1.0,40.2737371,1262.581658,47.83534887,1499.638187,0.010943945897054351
CN,000063,2025-04-17,31.1,31.5,31.03,31.2,31.1,31.5,31.03,31.2,38061164.0,1192505069.0,1.0,40.2737371,1256.540598,47.83534887,1492.462885,0.007956702501206196
CN,000063,2025-04-18,31.09,32.59,31.01,32.41,31.09,32.59,31.01,32.41,127272535.0,4076606811.0,1.0,40.2737371,1305.271819,47.83534887,1550.343657,0.02660637750252076
CN,000063,2025-04-21,32.0,32.33,31.8,32.27,32.0,32.33,31.8,32.27,76093497.0,2446276792.0,1.0,40.2737371,1299.633496,47.83534887,1543.646708,0.015907377869616025
CN,000063,2025-04-22,32.1,32.13,31.71,31.74,32.1,32.13,31.71,31.74,62147282.0,1980191865.0,1.0,40.2737371,1278.288416,47.83534887,1518.293973,0.012991915700018182
CN,000063,2025-04-23,31.98,32.37,31.93,32.08,31.98,32.37,31.93,32.08,77919720.0,2507177158.0,1.0,40.2737371,1291.981486,47.83534887,1534.557992,0.016289150563479522
CN,000063,2025-04-24,32.01,32.04,31.4,31.57,32.01,32.04,31.4,31.57,55260160.0,1750455592.0,1.0,40.2737371,1271.44188,47.83534887,1510.161964,0.011552159920517792
CN,000063,2025-04-25,31.67,31.95,31.59,31.62,31.67,31.95,31.59,31.62,43661463.0,1386648271.0,1.0,40.2737371,1273.455567,47.83534887,1512.553731,0.009127447385960708
CN,000063,2025-04-28,31.59,31.68,31.34,31.38,31.59,31.68,31.34,31.38,32757899.0,1030286380.0,1.0,40.2737371,1263.78987,47.83534887,1501.073248,0.006848052700320987
CN,000063,2025-04-29,31.34,31.69,31.17,31.46,31.34,31.69,31.17,31.46,33211082.0,1045713686.0,1.0,40.2737371,1267.011769,47.83534887,1504.900075,0.006942790798966739
CN,000063,2025-04-30,31.56,32.1,31.47,31.94,31.56,32.1,31.47,31.94,52609867.0,1679922173.0,1.0,40.2737371,1286.343163,47.83534887,1527.861043,0.010998115043119157
CN,000063,2025-05-06,32.23,32.77,32.16,32.76,32.23,32.77,32.16,32.76,73358605.0,2388607671.0,1.0,40.2737371,1319.367627,47.83534887,1567.086029,0.015335647535332796
CN,000063,2025-05-07,33.33,33.49,32.41,32.68,33.33,33.49,32.41,32.68,74481562.0,2444985311.0,1.0,40.2737371,1316.145728,47.83534887,1563.259201,0.015570402173174324
CN,000063,2025-05-08,32.6,33.32,32.51,33.06,32.6,33.32,32.51,33.06,72198471.0,2380308285.0,1.0,40.2737371,1331.449749,47.83534887,1581.436634,0.015093121029849823
CN,000063,2025-05-09,32.97,32.98,32.3,32.51,32.97,32.98,32.3,32.51,54641040.0,1778499301.0,1.0,40.2737371,1309.299193,47.83534887,1555.127192,0.011422732621538001
CN,000063,2025-05-12,32.88,33.42,32.82,33.17,32.88,33.42,32.82,33.17,80650311.0,2667437152.0,1.0,40.2737371,1335.87986,47.83534887,1586.698522,0.016859981771885843
CN,000063,2025-05-13,33.6,33.6,32.75,32.78,33.6,33.6,32.75,32.78,68438330.0,2263730540.0,1.0,40.2737371,1320.173102,47.83534887,1568.042736,0.014307061956627891
CN,000063,2025-05-14,32.8,33.25,32.62,33.0,32.8,33.25,32.62,33.0,66496434.0,2191185295.0,1.0,40.2737371,1329.033324,47.83534887,1578.566513,0.01390110777298069
CN,000063,2025-05-15,32.99,32.99,32.12,32.17,32.99,32.99,32.12,32.17,60747615.0,1968782678.0,1.0,40.2737371,1295.606123,47.83534887,1538.863173,0.012699314719140252
CN,000063,2025-05-16,32.02,32.38,31.93,32.13,32.02,32.38,31.93,32.13,35751904.0,1149861752.0,1.0,40.2737371,1293.995173,47.83534887,1536.949759,0.00747395071731605
CN,000063,2025-05-19,32.03,32.07,31.66,31.99,32.03,32.07,31.66,31.99,35271063.0,1124060652.0,1.0,40.2737371,1288.35685,47.83534887,1530.25281,0.00737343070202218
CN,000063,2025-05-20,31.92,32.14,31.78,32.01,31.92,32.14,31.78,32.01,31665839.0,1011903330.0,1.0,40.2737371,1289.162325,47.83534887,1531.209517,0.006619757093453388
CN,000063,2025-05-21,31.99,32.3,31.87,32.0,31.99,32.3,31.87,32.0,39171500.0,1255570919.0,1.0,40.2737371,1288.759587,47.83534887,1530.731164,0.00818881871363678
CN,000063,2025-05-22,31.83,32.22,31.71,31.71,31.83,32.22,31.71,31.71,36809644.0,1171924548.0,1.0,40.2737371,1277.080203,47.83534887,1516.858913,0.007695071713605755
CN,000063,2025-05-23,31.65,31.85,31.17,31.2,31.65,31.85,31.17,31.2,48113991.0,1515613886.0,1.0,40.2737371,1256.540598,47.83534887,1492.462885,0.0100582502556336
CN,000063,2025-05-26,31.13,31.75,31.13,31.47,31.13,31.75,31.13,31.47,37241344.0,1173482168.0,1.0,40.2737371,1267.414507,47.83534887,1505.378429,0.007785318781976304
CN,000063,2025-05-27,31.42,31.45,30.9,31.0,31.42,31.45,30.9,31.0,41669358.0,1294951348.0,1.0,40.2737371,1248.48585,47.83534887,1482.895815,0.008710996989536536
CN,000063,2025-05-28,31.02,31.24,30.92,30.98,31.02,31.24,30.92,30.98,26389073.0,819738741.0,1.0,40.2737371,1247.680375,47.83534887,1481.939108,0.005516646919773996
CN,000063,2025-05-29,31.02,31.54,31.02,31.51,31.02,31.54,31.02,31.51,46244952.0,1451942240.0,1.0,40.2737371,1269.025456,47.83534887,1507.291843,0.009667526858783417
CN,000063,2025-05-30,31.3,31.33,31.0,31.09,31.3,31.33,31.0,31.09,35988129.0,1120037228.0,1.0,40.2737371,1252.110486,47.83534887,1487.200996,0.007523333653905888
CN,000063,2025-06-03,30.94,31.3,30.86,31.11,30.94,31.3,30.86,31.11,31414308.0,978388892.0,1.0,40.2737371,1252.915961,47.83534887,1488.157703,0.006567174431062114
CN,000063,2025-06-04,31.2,31.76,31.2,31.61,31.2,31.76,31.2,31.61,47168756.0,1490768860.0,1.0,40.2737371,1273.05283,47.83534887,1512.075378,0.009860648477381953
CN,000063,2025-06-05,31.63,32.3,31.51,32.2,31.63,32.3,31.51,32.2,67255035.0,2152065125.0,1.0,40.2737371,1296.814335,47.83534887,1540.298234,0.014059693634256963
CN,000063,2025-06-06,32.09,32.6,32.06,32.31,32.09,32.6,32.06,32.31,64159121.0,2073834758.0,1.0,40.2737371,1301.244446,47.83534887,1545.560122,0.013412491497524642
CN,000063,2025-06-09,32.32,32.6,32.32,32.44,32.32,32.6,32.32,32.44,47878977.0,1554859520.0,1.0,40.2737371,1306.480032,47.83534887,1551.778717,0.010009120479108152
CN,000063,2025-06-10,32.43,32.44,31.77,32.03,32.43,32.44,31.77,32.03,52826385.0,1694243039.0,1.0,40.2737371,1289.967799,47.83534887,1532.166224,0.011043378222988174
CN,000063,2025-06-11,32.02,32.37,31.98,32.09,32.02,32.37,31.98,32.09,39323410.0,1266585723.0,1.0,40.2737371,1292.384224,47.83534887,1535.036345,0.008220575563662656
CN,000063,2025-06-12,32.0,32.43,31.92,31.94,32.0,32.43,31.92,31.94,45773929.0,1471292481.0,1.0,40.2737371,1286.343163,47.83534887,1527.861043,0.009569059300559879
CN,000063,2025-06-13,31.86,32.13,31.28,31.48,31.86,32.13,31.28,31.48,54047399.0,1707030214.0,1.0,40.2737371,1267.817244,47.83534887,1505.856782,0.011298631718330772
CN,000063,2025-06-16,31.36,31.94,31.3,31.71,31.36,31.94,31.3,31.71,34408749.0,1090658341.0,1.0,40.2737371,1277.080203,47.83534887,1516.858913,0.007193163594042374
CN,000063,2025-06-17,31.71,31.78,31.44,31.5,31.71,31.78,31.44,31.5,27509403.0,867821826.0,1.0,40.2737371,1268.622719,47.83534887,1506.813489,0.005750852382149669
CN,000063,2025-06-18,31.5,31.67,31.18,31.51,31.5,31.67,31.18,31.51,37849765.0,1189694222.0,1.0,40.2737371,1269.025456,47.83534887,1507.291843,0.007912509450461545
CN,000063,2025-06-19,31.5,31.75,31.14,31.19,31.5,31.75,31.14,31.19,44918041.0,1411415395.0,1.0,40.2737371,1256.13786,47.83534887,1491.984531,0.009390135550609606
CN,000063,2025-06-20,31.13,31.45,30.91,30.96,31.13,31.45,30.91,30.96,39003864.0,1212103654.0,1.0,40.2737371,1246.874901,47.83534887,1480.982401,0.00815377433663107
CN,000063,2025-06-23,30.7,31.25,30.55,31.13,30.7,31.25,30.55,31.13,36624482.0,1134671564.0,1.0,40.2737371,1253.721436,47.83534887,1489.11441,0.007656363518855632
CN,000063,2025-06-24,31.2,31.9,31.2,31.73,31.2,31.9,31.2,31.73,57687662.0,1826628795.0,1.0,40.2737371,1277.885678,47.83534887,1517.81562,0.012059630244732864
CN,000063,2025-06-25,31.75,32.25,31.7,32.23,31.75,32.25,31.7,32.23,71073555.0,2274615183.0,1.0,40.2737371,1298.022547,47.83534887,1541.733294,0.014857956862226183
CN,000063,2025-06-26,32.23,32.5,32.01,32.01,32.23,32.5,32.01,32.01,57903311.0,1866027556.0,1.0,40.2737371,1289.162325,47.83534887,1531.209517,0.012104711759782762
CN,000063,2025-06-27,32.12,32.77,31.93,32.39,32.12,32.77,31.93,32.39,84993840.0,2761267676.0,1.0,40.2737371,1304.466345,47.83534887,1549.38695,0.0177679983543099
CN,000063,2025-06-30,32.4,32.6,32.36,32.49,32.4,32.6,32.36,32.49,49682177.0,1613451582.0,1.0,40.2737371,1308.493718,47.83534887,1554.170485,0.01038608020504231
CN,000063,2025-07-01,32.41,33.09,32.13,32.64,32.41,33.09,32.13,32.64,71479489.0,2326433499.0,1.0,40.2737371,1314.534779,47.83534887,1561.345787,0.014942817537352267
CN,000063,2025-07-02,32.5,32.5,31.94,32.04,32.5,32.5,31.94,32.04,55424666.0,1779491629.0,1.0,40.2737371,1290.370537,47.83534887,1532.644578,0.011586549969693992
CN,000063,2025-07-03,32.01,33.3,32.0,32.7,32.01,33.3,32.0,32.7,107850559.0,3521060352.0,1.0,40.2737371,1316.951203,47.83534887,1564.215908,0.022546205169967647
CN,000063,2025-07-04,32.67,32.7,32.26,32.32,32.67,32.7,32.26,32.32,61800037.0,2003474856.0,1.0,40.2737371,1301.647183,47.83534887,1546.038475,0.012919323985271063
CN,000063,2025-07-07,32.2,32.25,31.85,31.89,32.2,32.25,31.85,31.89,53502159.0,1709822789.0,1.0,40.2737371,1284.329476,47.83534887,1525.469275,0.011184649064732535
CN,000063,2025-07-08,31.9,32.78,31.87,32.72,31.9,32.78,31.87,32.72,103897305.0,3383156636.0,1.0,40.2737371,1317.756678,47.83534887,1565.172615,0.021719775742068296
CN,000063,2025-07-09,32.66,33.26,32.6,32.86,32.66,33.26,32.6,32.86,95151806.0,3130081158.0,1.0,40.2737371,1323.395001,47.83534887,1571.869564,0.01989152546134655
CN,000063,2025-07-10,32.86,33.5,32.86,33.12,32.86,33.5,32.86,33.12,89759259.0,2983022870.0,1.0,40.2737371,1333.866173,47.83534887,1584.306755,0.018764211220437577
CN,000063,2025-07-11,33.13,33.64,32.94,33.44,33.13,33.64,32.94,33.44,99807507.0,3332349388.0,1.0,40.2737371,1346.753769,47.83534887,1599.614066,0.02086480173296999
CN,000063,2025-07-14,33.45,33.49,33.18,33.19,33.45,33.49,33.18,33.19,54588700.0,1817012765.0,1.0,40.2737371,1336.685334,47.83534887,1587.655229,0.011411790922305863
CN,000063,2025-07-15,33.18,33.96,33.1,33.5,33.18,33.96,33.1,33.5,113278368.0,3800583299.0,1.0,40.2737371,1349.170193,47.83534887,1602.484187,0.023680890946954643
CN,000063,2025-07-16,33.68,33.85,33.12,33.24,33.68,33.85,33.12,33.24,70983783.0,2374551268.0,1.0,40.2737371,1338.699021,47.83534887,1590.046996,0.014839189987494283
CN,000063,2025-07-17,33.18,34.66,33.1,34.53,33.18,34.66,33.1,34.53,156577989.0,5342055690.0,1.0,40.2737371,1390.652142,47.83534887,1651.754596,0.03273269510911795
CN,000063,2025-07-18,34.64,34.75,34.12,34.22,34.64,34.75,34.12,34.22,82813281.0,2845583506.0,1.0,40.2737371,1378.167284,47.83534887,1636.925638,0.017312151569137287
CN,000063,2025-07-21,34.22,34.34,33.94,34.25,34.22,34.34,33.94,34.25,72688397.0,2480094900.0,1.0,40.2737371,1379.375496,47.83534887,1638.360699,0.015195540268252672
CN,000063,2025-07-22,34.11,34.2,33.73,33.95,34.11,34.2,33.73,33.95,70118948.0,2378126926.0,1.0,40.2737371,1367.293375,47.83534887,1624.010094,0.014658395863393648
CN,000063,2025-07-23,33.89,34.24,33.75,33.89,33.89,34.24,33.75,33.89,69232444.0,2348470055.0,1.0,40.2737371,1364.87695,47.83534887,1621.139973,0.014473071825638804
CN,000063,2025-07-24,33.89,34.85,33.81,34.67,33.89,34.85,33.81,34.67,103503424.0,3552664623.0,1.0,40.2737371,1396.290465,47.83534887,1658.451545,0.021637434751711888
CN,000063,2025-07-25,34.64,34.65,34.08,34.39,34.64,34.65,34.08,34.39,66062165.0,2268594593.0,1.0,40.2737371,1385.013819,47.83534887,1645.057648,0.01381032365406892
CN,000063,2025-07-28,34.53,34.67,34.27,34.47,34.53,34.67,34.27,34.47,55473677.0,1911719910.0,1.0,40.2737371,1388.235718,47.83534887,1648.884476,0.011596795740062091
CN,000063,2025-07-29,34.13,35.78,33.51,35.09,34.13,35.78,33.51,35.09,149059110.0,5137129104.0,1.0,40.2737371,1413.205435,47.83534887,1678.542392,0.031160870260420033
CN,000063,2025-07-30,34.96,35.1,34.36,34.6,34.96,35.1,34.36,34.6,76581180.0,2660684944.0,1.0,40.2737371,1393.471304,47.83534887,1655.103071,0.016009328207916132
CN,000063,2025-07-31,34.59,35.47,34.17,34.29,34.59,35.47,34.17,34.29,113587805.0,3964945771.0,1.0,40.2737371,1380.986445,47.83534887,1640.274113,0.02374557888324229
CN,000063,2025-08-01,34.23,34.58,33.56,33.9,34.23,34.58,33.56,33.9,78598461.0,2674808893.0,1.0,40.2737371,1365.279688,47.83534887,1621.618327,0.016431041657834156
CN,000063,2025-08-04,33.6,33.88,33.59,33.87,33.6,33.88,33.59,33.87,37928775.0,1279438972.0,1.0,40.2737371,1364.071476,47.83534887,1620.183266,0.007929026524522136
CN,000063,2025-08-05,33.93,34.55,33.93,34.42,33.93,34.55,33.93,34.42,61492521.0,2104820882.0,1.0,40.2737371,1386.222031,47.83534887,1646.492708,0.012855037634849385
CN,000063,2025-08-06,34.35,35.05,34.08,34.55,34.35,35.05,34.08,34.55,60412669.0,2085994562.0,1.0,40.2737371,1391.457617,47.83534887,1652.711303,0.012629294115567301
CN,000063,2025-08-07,34.54,34.69,34.02,34.19,34.54,34.69,34.02,34.19,59849986.0,2049471763.0,1.0,40.2737371,1376.959071,47.83534887,1635.490578,0.01251166499540991
CN,000063,2025-08-08,34.16,34.19,33.75,33.78,34.16,34.19,33.75,33.78,48431216.0,1642794290.0,1.0,40.2737371,1360.446839,47.83534887,1615.878085,0.010124566276629311
CN,000063,2025-08-11,33.79,34.16,33.78,34.0,33.79,34.16,33.78,34.0,50037762.0,1702018654.0,1.0,40.2737371,1369.307061,47.83534887,1626.401862,0.01046041540033196
CN,000063,2025-08-12,34.0,34.65,33.89,34.55,34.0,34.65,33.89,34.55,83261946.0,2859970032.0,1.0,40.2737371,1391.457617,47.83534887,1652.711303,0.017405945177963955
CN,000063,2025-08-13,34.55,35.5,34.51,35.5,34.55,35.5,34.51,35.5,161077819.0,5661894704.0,1.0,40.2737371,1429.717667,47.83534887,1698.154885,0.03367338648198302
CN,000063,2025-08-14,35.42,35.56,34.78,34.81,35.42,35.56,34.78,34.81,102818630.0,3613913941.0,1.0,40.2737371,1401.928788,47.83534887,1665.148494,0.02149427827513616
CN,000063,2025-08-15,34.7,35.29,34.7,35.21,34.7,35.29,34.7,35.21,79052758.0,2773536501.0,1.0,40.2737371,1418.038283,47.83534887,1684.282634,0.016526012638653095
CN,000063,2025-08-18,35.45,38.73,35.45,38.31,35.45,38.73,35.45,38.31,385922318.0,14703286024.0,1.0,40.2737371,1542.886868,47.83534887,1832.572215,0.08067722450374595
CN,000063,2025-08-19,37.76,38.17,37.37,37.8,37.76,38.17,37.37,37.8,210663950.0,7958207096.0,1.0,40.2737371,1522.347262,47.83534887,1808.176187,0.044039388229928464
CN,000063,2025-08-20,38.1,40.39,37.42,39.94,38.1,40.39,37.42,39.94,337923758.0,13222735875.0,1.0,40.2737371,1608.53306,47.83534887,1910.543834,0.07064310514769326
CN,000063,2025-08-21,43.53,43.93,42.3,42.56,43.53,43.93,42.3,42.56,510560082.0,21992747371.0,1.0,40.2737371,1714.050251,47.83534887,2035.872448,0.10673280200956126
CN,000063,2025-08-22,43.5,46.68,42.5,46.55,43.5,46.68,42.5,46.55,443629570.0,19832362156.0,1.0,40.2737371,1874.742462,47.83534887,2226.73549,0.09274095004629994
CN,000063,2025-08-25,47.58,47.9,44.48,45.84,47.58,47.9,44.48,45.84,447663969.0,20601146393.0,1.0,40.2737371,1846.148109,47.83534887,2192.772392,0.09358434287091674
CN,000063,2025-08-26,45.01,45.98,44.36,45.02,45.01,45.98,44.36,45.02,242269171.0,10938261395.0,1.0,40.2737371,1813.123644,47.83534887,2153.547406,0.05064647310473352
CN,000063,2025-08-27,45.3,46.58,44.0,44.1,45.3,46.58,44.0,44.1,288887778.0,13093776890.0,1.0,40.2737371,1776.071806,47.83534887,2109.538885,0.06039211269998207
CN,000063,2025-08-28,44.0,47.44,43.75,47.42,44.0,47.44,43.75,47.42,353370637.0,16286232282.0,1.0,40.2737371,1909.780613,47.83534887,2268.352243,0.07387228176391891
CN,000063,2025-08-29,46.11,46.35,45.0,45.44,46.11,46.35,45.0,45.44,265928498.0,12094795642.0,1.0,40.27360077,1830.032419,47.83534887,2173.638253,0.05559246546371012
CN,000063,2025-09-01,46.37,48.88,46.0,48.0,46.37,48.88,46.0,48.0,322863809.0,15332547284.0,1.0,40.27360077,1933.132837,47.83534887,2296.096746,0.06749481641232148
CN,000063,2025-09-02,47.66,48.2,44.05,44.83,47.66,48.2,44.05,44.83,302199658.0,13876967920.0,1.0,40.27360077,1805.465523,47.83534887,2144.45869,0.06317496686838735
CN,000063,2025-09-03,44.82,45.33,43.36,43.94,44.82,45.33,43.36,43.94,185077993.0,8174452512.0,1.0,40.27360077,1769.622018,47.83534887,2101.885229,0.03869063305108911
CN,000063,2025-09-04,43.91,44.26,40.1,40.84,43.91,44.26,40.1,40.84,286618254.0,11960715660.0,1.0,40.27360077,1644.773855,47.83534887,1953.595648,0.05991766774377034
CN,000063,2025-09-05,41.31,42.02,40.22,41.82,41.31,42.02,40.22,41.82,171662102.0,7068335576.0,1.0,40.27360077,1684.241984,47.83534887,2000.47429,0.03588603533895372
CN,000063,2025-09-08,41.85,42.46,41.1,41.8,41.85,42.46,41.1,41.8,155408356.0,6488447705.0,1.0,40.27360077,1683.436512,47.83534887,1999.517583,0.032488182833650146
CN,000063,2025-09-09,41.83,41.99,40.35,40.66,41.83,41.99,40.35,40.66,118595078.0,4865690488.0,1.0,40.27360077,1637.524607,47.83534887,1944.985285,0.024792351430800802
CN,000063,2025-09-10,40.75,41.6,40.58,41.09,40.75,41.6,40.58,41.09,121846417.0,5020502741.0,1.0,40.27360077,1654.842256,47.83534887,1965.554485,0.02547204522980204
CN,000063,2025-09-11,41.18,44.33,40.58,43.74,41.18,44.33,40.58,43.74,258558096.0,11063660268.0,1.0,40.27360077,1761.567298,47.83534887,2092.31816,0.05405167979492986
CN,000063,2025-09-12,43.03,45.26,43.03,44.08,43.03,45.26,43.03,44.08,221412621.0,9822820086.0,1.0,40.27360077,1775.260322,47.83534887,2108.582178,0.046286402468125244
CN,000063,2025-09-15,44.01,44.03,43.0,43.06,44.01,44.03,43.0,43.06,125341918.0,5438838798.0,1.0,40.27360077,1734.181249,47.83534887,2059.790122,0.02620278119861447
CN,000063,2025-09-16,43.17,44.89,43.16,44.3,43.17,44.89,43.16,44.3,182967796.0,8082184361.0,1.0,40.27360077,1784.120514,47.83534887,2119.105955,0.038249495471903726
CN,000063,2025-09-17,44.21,45.25,43.6,44.13,44.21,45.25,43.6,44.13,152762323.0,6760498261.0,1.0,40.27360077,1777.274002,47.83534887,2110.973946,0.03193502851106101
CN,000063,2025-09-18,44.3,45.74,43.48,44.25,44.3,45.74,43.48,44.25,250780818.0,11268108215.0,1.0,40.27360077,1782.106834,47.83534887,2116.714188,0.05242583652552339
CN,000063,2025-09-19,43.99,45.2,43.69,43.78,43.99,45.2,43.69,43.78,143703379.0,6367967890.0,1.0,40.27360077,1763.178242,47.83534887,2094.231574,0.030041252419949163
CN,000063,2025-09-22,44.09,45.75,43.86,45.02,44.09,45.75,43.86,45.02,199678040.0,8962316238.0,1.0,40.27360077,1813.117507,47.83534887,2153.547406,0.04174277907801115
CN,000063,2025-09-23,45.03,45.3,42.25,43.5,45.03,45.3,42.25,43.5,210379325.0,9153775170.0,1.0,40.27360077,1751.901634,47.83534887,2080.837676,0.043979887252780056
CN,000063,2025-09-24,42.88,44.2,42.5,43.97,42.88,44.2,42.5,43.97,170832588.0,7400153379.0,1.0,40.27360077,1770.830226,47.83534887,2103.32029,0.03571262508490617
CN,000063,2025-09-25,44.0,46.36,43.83,45.8,44.0,46.36,43.83,45.8,265946092.0,12084419090.0,1.0,40.27360077,1844.530915,47.83534887,2190.858978,0.05559614349688342
CN,000063,2025-09-26,45.36,47.05,43.82,44.47,45.36,47.05,43.82,44.47,274751909.0,12387882391.0,1.0,40.27360077,1790.967026,47.83534887,2127.237964,0.05743700328112607
CN,000063,2025-09-29,44.42,45.6,43.63,45.11,44.42,45.6,43.63,45.11,165732749.0,7404033671.0,1.0,40.27360077,1816.742131,47.83534887,2157.852588,0.03464650157572897
CN,000063,2025-09-30,45.22,46.18,44.66,45.64,45.22,46.18,44.66,45.64,149081871.0,6773192617.0,1.0,40.27360077,1838.087139,47.83534887,2183.205322,0.03116562845713808
CN,000063,2025-10-09,45.88,50.2,45.86,49.98,45.88,50.2,45.86,49.98,450868585.0,22120684455.0,1.0,40.27360077,2012.874566,47.83534887,2390.810737,0.09425426920692175
CN,000063,2025-10-10,51.01,54.09,50.0,52.0,51.01,54.09,50.0,52.0,490694689.0,25514362631.0,1.0,40.27360077,2094.22724,47.83534887,2487.438141,0.10257993316481064
CN,000063,2025-10-13,51.04,55.0,50.2,53.67,51.04,55.0,50.2,53.67,368249886.0,19317777066.0,1.0,40.27360077,2161.484153,47.83534887,2567.323174,0.07698279508753586
CN,000063,2025-10-14,54.11,55.85,50.0,50.2,54.11,55.85,50.0,50.2,366750968.0,19415044611.0,1.0,40.27360077,2021.734759,47.83534887,2401.334513,0.0766694456429497
CN,000063,2025-10-15,51.03,51.68,48.53,50.4,51.03,51.68,48.53,50.4,244937954.0,12216470401.0,1.0,40.27360077,2029.789479,47.83534887,2410.901583,0.051204383324486034
CN,000063,2025-10-16,50.41,55.26,50.41,54.03,50.41,55.26,50.41,54.03,336962904.0,18015224808.0,1.0,40.27360077,2175.98265,47.83534887,2584.543899,0.07044223821085722
CN,000063,2025-10-17,53.4,53.88,48.63,48.63,53.4,53.88,48.63,48.63,319595274.0,16078399369.0,1.0,40.27360077,1958.505205,47.83534887,2326.233016,0.06681152778221601
CN,000063,2025-10-20,49.0,49.87,47.84,48.6,49.0,49.87,47.84,48.6,188081515.0,9182116669.0,1.0,40.27360077,1957.296997,47.83534887,2324.797955,0.039318520600976646
CN,000063,2025-10-21,48.87,51.94,48.3,51.24,48.87,51.94,48.3,51.24,224207585.0,11278479336.0,1.0,40.27360077,2063.619303,47.83534887,2451.083276,0.04687069087952488
CN,000063,2025-10-22,50.19,50.58,48.72,49.94,50.19,50.58,48.72,49.94,163856972.0,8130304067.0,1.0,40.27360077,2011.263622,47.83534887,2388.897323,0.034254369597116724
CN,000063,2025-10-23,49.75,49.76,47.46,48.19,49.75,49.76,47.46,48.19,153119678.0,7360533065.0,1.0,40.27360077,1940.784821,47.83534887,2305.185462,0.03200973372560249
CN,000063,2025-10-24,48.8,50.13,48.47,49.85,48.8,50.13,48.47,49.85,180263335.0,8928361854.0,1.0,40.27360077,2007.638998,47.83534887,2384.592141,0.03768412675109648
CN,000063,2025-10-27,50.5,52.5,50.1,51.32,50.5,52.5,50.1,51.32,207191737.0,10598537991.0,1.0,40.27360077,2066.841192,47.83534887,2454.910104,0.04331352062740794
CN,000063,2025-10-28,50.4,50.59,48.92,49.39,50.4,50.59,48.92,49.39,196055252.0,9748756812.0,1.0,40.27360077,1989.113142,47.83534887,2362.587881,0.0409854337077818
CN,000063,2025-10-29,45.45,46.7,44.59,46.2,45.45,46.7,44.59,46.2,399195903.0,18259603876.0,1.0,40.27360077,1860.640356,47.83534887,2209.993118,0.08345207308613489
CN,000063,2025-10-30,45.61,45.88,44.76,44.83,45.61,45.88,44.76,44.83,228519633.0,10333210301.0,1.0,40.27360077,1805.465523,47.83534887,2144.45869,0.04777212634552695
CN,000063,2025-10-31,44.65,44.66,43.4,43.46,44.65,44.66,43.4,43.46,186297077.0,8184852241.0,1.0,40.27360077,1750.290689,47.83534887,2078.924262,0.03894548307911191
CN,000063,2025-11-03,43.13,43.2,42.1,42.79,43.13,43.2,42.1,42.79,143913239.0,6131808275.0,1.0,40.27360077,1723.307377,47.83534887,2046.874578,0.030085123742090103
CN,000063,2025-11-04,42.6,43.0,41.4,41.73,42.6,43.0,41.4,41.73,141174163.0,5956845340.0,1.0,40.27360077,1680.61736,47.83534887,1996.169108,0.029512518740829663
CN,000063,2025-11-05,40.93,41.54,40.73,41.1,40.93,41.54,40.73,41.1,110508624.0,4552636087.0,1.0,40.27360077,1655.244992,47.83534887,1966.032839,0.023101874787267544
CN,000063,2025-11-06,41.4,42.66,41.32,42.6,41.4,42.66,41.32,42.6,171531123.0,7220528777.0,1.0,40.27360077,1715.655393,47.83534887,2037.785862,0.035858654123368576
CN,000063,2025-11-07,42.05,42.14,41.6,41.72,42.05,42.14,41.6,41.72,93528781.0,3913369087.0,1.0,40.27360077,1680.214624,47.83534887,1995.690755,0.01955223139569422
CN,000063,2025-11-10,41.69,42.25,41.5,42.11,41.69,42.25,41.5,42.11,94867699.0,3974226850.0,1.0,40.27360077,1695.921328,47.83534887,2014.346541,0.01983213277231817
CN,000063,2025-11-11,42.4,42.4,40.69,40.9,42.4,42.4,40.69,40.9,119779158.0,4943348051.0,1.0,40.27360077,1647.190271,47.83534887,1956.465769,0.02503988385775517
CN,000063,2025-11-12,40.1,40.36,39.2,39.73,40.1,40.36,39.2,39.73,134244074.0,5337907506.0,1.0,40.27360077,1600.070159,47.83534887,1900.498411,0.028063780691728442
CN,000063,2025-11-13,39.58,40.6,39.45,40.35,39.58,40.6,39.45,40.35,85035481.0,3413382050.0,1.0,40.27360077,1625.039791,47.83534887,1930.156327,0.01777670342304749
CN,000063,2025-11-14,40.15,40.66,39.72,39.76,40.15,40.66,39.72,39.76,75455771.0,3027462509.0,1.0,40.27360077,1601.278367,47.83534887,1901.933471,0.01577406097843308
CN,000063,2025-11-17,39.58,39.99,38.9,39.2,39.58,39.99,38.9,39.2,98087659.0,3857551427.0,1.0,40.27360077,1578.72515,47.83534887,1875.145676,0.020505266778040748
CN,000063,2025-11-18,39.06,39.81,38.89,39.45,39.06,39.81,38.89,39.45,78984680.0,3115580519.0,1.0,40.27360077,1588.79355,47.83534887,1887.104513,0.01651178090383602
CN,000063,2025-11-19,39.21,39.9,39.07,39.29,39.21,39.9,39.07,39.29,65518369.0,2581836882.0,1.0,40.27360077,1582.349774,47.83534887,1879.450857,0.013696642869284043
CN,000063,2025-11-20,39.76,39.97,39.13,39.19,39.76,39.97,39.13,39.19,67198837.0,2656227050.0,1.0,40.27360077,1578.322414,47.83534887,1874.667322,0.014047945418486085
CN,000063,2025-11-21,38.6,39.1,37.99,38.07,38.6,39.1,37.99,38.07,99937543.0,3846514490.0,1.0,40.27360077,1533.215981,47.83534887,1821.091731,0.02089198581400458
CN,000063,2025-11-24,38.2,39.13,37.92,38.65,38.2,39.13,37.92,38.65,82158420.0,3161839719.0,1.0,40.27360077,1556.57467,47.83534887,1848.836234,0.01717525259892601
CN,000063,2025-11-25,39.02,40.45,38.96,39.86,39.02,40.45,38.96,39.86,151104684.0,6025716932.0,1.0,40.27360077,1605.305727,47.83534887,1906.717006,0.0315884983740059
CN,000063,2025-11-26,39.59,41.35,39.52,40.97,39.59,41.35,39.52,40.97,151758716.0,6205552919.0,1.0,40.27360077,1650.009424,47.83534887,1959.814243,0.03172522404141505
CN,000063,2025-11-27,42.38,43.35,41.51,42.3,42.38,43.35,41.51,42.3,261494670.0,11094587944.0,1.0,40.27360077,1703.573313,47.83534887,2023.435257,0.054665571836980315
CN,000063,2025-11-28,42.32,42.79,41.6,42.09,42.32,42.79,41.6,42.09,140096802.0,5892270297.0,1.0,40.27360077,1695.115856,47.83534887,2013.389834,0.029287295966155667
CN,000063,2025-12-01,42.45,46.3,42.03,46.3,42.45,46.3,42.03,46.3,327257555.0,14665961598.0,1.0,40.27360077,1864.667716,47.83534887,2214.776653,0.0684133308799259
CN,000063,2025-12-02,47.77,47.77,45.0,45.5,47.77,47.77,45.0,45.5,438002305.0,20271708396.0,1.0,40.27360077,1832.448835,47.83534887,2176.508374,0.09156456790779124
CN,000063,2025-12-03,45.0,45.72,43.25,43.3,45.0,45.72,43.25,43.3,302888390.0,13400097427.0,1.0,40.27360077,1743.846913,47.83534887,2071.270606,0.06331894658553579
CN,000063,2025-12-04,42.82,43.49,42.42,42.92,42.82,43.49,42.42,42.92,154390238.0,6625696277.0,1.0,40.27360077,1728.542945,47.83534887,2053.093173,0.032275344833290434
CN,000063,2025-12-05,42.96,42.99,41.67,41.95,42.96,42.99,41.67,41.95,165802791.0,6986521843.0,1.0,40.27360077,1689.477552,47.83534887,2006.692885,0.03466114388558028
CN,000063,2025-12-08,41.51,42.68,41.5,42.23,41.51,42.68,41.5,42.23,152076359.0,6429272244.0,1.0,40.27360077,1700.754161,47.83534887,2020.086783,0.03179162744548831
CN,000063,2025-12-09,42.02,43.6,42.0,42.37,42.02,43.6,42.0,42.37,176312787.0,7555512538.0,1.0,40.27360077,1706.392465,47.83534887,2026.783732,0.036858263013646544
CN,000063,2025-12-10,42.01,42.36,41.48,42.02,42.01,42.36,41.48,42.02,112848446.0,4719894688.0,1.0,40.27360077,1692.296704,47.83534887,2010.04136,0.023591015570239324
CN,000063,2025-12-11,41.0,41.0,37.82,37.82,41.0,41.0,37.82,37.82,436171362.0,16918578961.0,1.0,40.27360077,1523.147581,47.83534887,1809.132894,0.09118180849592286
CN,000063,2025-12-12,36.9,38.75,36.38,37.75,36.9,38.75,36.38,37.75,295769275.0,11059139191.0,1.0,40.27621232,1520.427015,47.83534887,1805.78442,0.061830692570843164
CN,000063,2025-12-15,37.34,37.57,36.82,36.84,37.34,37.57,36.82,36.84,136359186.0,5060885621.0,1.0,40.27621232,1483.775662,47.83534887,1762.254252,0.028505945753751538
CN,000063,2025-12-16,36.68,36.71,35.61,35.77,36.68,36.71,35.61,35.77,121609438.0,4381168137.0,1.0,40.27621232,1440.680115,47.83534887,1711.070429,0.025422504669191933
CN,000063,2025-12-17,35.81,37.18,35.81,36.96,35.81,37.18,35.81,36.96,130463977.0,4765070514.0,1.0,40.27621232,1488.608807,47.83534887,1767.994494,0.027273549808229925
CN,000063,2025-12-18,36.5,37.16,36.38,36.52,36.5,37.16,36.38,36.52,81610528.0,3001421919.0,1.0,40.27621232,1470.887274,47.83534887,1746.946941,0.017060715543601303
CN,000063,2025-12-19,36.76,37.36,36.64,37.03,36.76,37.36,36.64,37.03,96817050.0,3592574112.0,1.0,40.27621232,1491.428142,47.83534887,1771.342969,0.02023964542688199
CN,000063,2025-12-22,37.11,37.69,37.05,37.37,37.11,37.69,37.05,37.37,109079722.0,4078535824.0,1.0,40.27621232,1505.122054,47.83534887,1787.606987,0.022803162217221642
CN,000063,2025-12-23,37.32,37.43,36.85,37.19,37.32,37.43,36.85,37.19,100401302.0,3729607486.0,1.0,40.27621232,1497.872336,47.83534887,1778.996624,0.020988934829942633
CN,000063,2025-12-24,37.1,38.49,36.93,38.27,37.1,38.49,36.93,38.27,164073896.0,6202909607.0,1.0,40.27621232,1541.370645,47.83534887,1830.658801,0.0342997176514582
CN,000063,2025-12-25,38.37,38.44,37.74,38.11,38.37,38.44,37.74,38.11,99080499.0,3768902635.0,1.0,40.27621232,1534.926452,47.83534887,1823.005145,0.02071282040176328
CN,000063,2025-12-26,38.11,38.11,37.48,37.9,38.11,38.11,37.48,37.9,94240602.0,3566502514.0,1.0,40.27621232,1526.468447,47.83534887,1812.959722,0.01970103787810004
CN,000063,2025-12-29,37.79,38.23,37.18,37.48,37.79,38.23,37.18,37.48,108612762.0,4088965341.0,1.0,40.27621232,1509.552438,47.83534887,1792.868876,0.02270554403087392
CN,000063,2025-12-30,37.26,37.66,37.2,37.27,37.26,37.66,37.2,37.27,75279807.0,2812987564.0,1.0,40.27621232,1501.094433,47.83534887,1782.823452,0.015737275629489938
CN,000063,2025-12-31,37.45,38.13,37.33,37.84,37.45,38.13,37.33,37.84,129593138.0,4900208974.0,1.0,40.27621232,1524.051874,47.83534887,1810.089601,0.027091500545379007
CN,000063,2026-01-05,37.84,38.45,37.59,38.25,37.84,38.45,37.59,38.25,139218049.0,5313967351.0,1.0,40.27621232,1540.565121,47.83534887,1829.702094,0.029103592278243166
CN,000063,2026-01-06,38.3,39.4,38.1,39.27,38.3,39.4,38.1,39.27,176451241.0,6857102860.0,1.0,40.27621232,1581.646858,47.83534887,1878.49415,0.0368872068811568
CN,000063,2026-01-07,39.37,39.42,38.52,38.92,39.37,39.42,38.52,38.92,133066209.0,5178015274.0,1.0,40.27621232,1567.550183,47.83534887,1861.751778,0.02781754751316398
CN,000063,2026-01-08,38.7,40.4,38.62,39.99,38.7,40.4,38.62,39.99,190323482.0,7583580394.0,1.0,40.27621232,1610.645731,47.83534887,1912.935601,0.03978720475463316
CN,000063,2026-01-09,39.93,40.39,39.53,40.23,39.93,40.39,39.53,40.23,149988277.0,5999526120.0,1.0,40.27621232,1620.312022,47.83534887,1924.416085,0.03135511301644658
CN,000063,2026-01-12,40.32,42.82,40.15,42.44,40.32,42.82,40.15,42.44,259293063.0,10812097160.0,1.0,40.27621232,1709.322451,47.83534887,2030.132206,0.05420532495846727
CN,000063,2026-01-13,42.44,42.44,40.02,40.28,42.44,42.44,40.02,40.28,218361983.0,8952069574.0,1.0,40.27621232,1622.325832,47.83534887,1926.807852,0.045648665298424526
CN,000063,2026-01-14,40.23,41.42,39.98,40.39,40.23,41.42,39.98,40.39,181556900.0,7398304219.0,1.0,40.27621232,1626.756216,47.83534887,1932.069741,0.037954547063806125
CN,000063,2026-01-15,39.95,40.16,39.26,39.84,39.95,40.16,39.26,39.84,122178124.0,4854055502.0,1.0,40.27621232,1604.604299,47.83534887,1905.760299,0.025541388719049183
CN,000063,2026-01-16,40.0,40.3,39.56,40.02,40.0,40.3,39.56,40.02,113486703.0,4527617804.0,1.0,40.27621232,1611.854017,47.83534887,1914.370662,0.023724443467197816
CN,000063,2026-01-19,39.83,39.89,39.36,39.55,39.83,39.89,39.36,39.55,81690247.0,3234093654.0,1.0,40.27621232,1592.924197,47.83534887,1891.888048,0.017077380834413052
CN,000063,2026-01-20,39.48,39.55,38.31,38.59,39.48,39.55,38.31,38.59,110193672.0,4272560046.0,1.0,40.27621232,1554.259033,47.83534887,1845.966113,0.023036033937887324
CN,000063,2026-01-21,38.21,39.98,38.2,39.52,38.21,39.98,38.2,39.52,126087363.0,4968779542.0,1.0,40.27621232,1591.715911,47.83534887,1890.452987,0.02635861679250255
CN,000063,2026-01-22,39.93,40.15,39.35,39.79,39.93,40.15,39.35,39.79,100181155.0,3976747822.0,1.0,40.27621232,1602.590488,47.83534887,1903.368532,0.02094291300608215
CN,000063,2026-01-23,39.59,40.2,39.23,40.11,39.59,40.2,39.23,40.11,125222529.0,4981089368.0,1.0,40.27621232,1615.478876,47.83534887,1918.675843,0.02617782287745234
CN,000063,2026-01-26,40.01,40.65,39.36,39.5,40.01,40.65,39.36,39.5,107269648.0,4266549956.0,1.0,40.27621232,1590.910387,47.83534887,1889.49628,0.02242476547866766
CN,000063,2026-01-27,39.48,40.3,38.73,40.2,39.48,40.3,38.73,40.2,126645533.0,5030108051.0,1.0,40.27621232,1619.103735,47.83534887,1922.981025,0.026475302468092984
CN,000063,2026-01-28,40.2,40.35,39.5,39.65,40.2,40.35,39.5,39.65,96973075.0,3858640512.0,1.0,40.27621232,1596.951818,47.83534887,1896.671583,0.020272262519405768
CN,000063,2026-01-29,39.45,40.74,38.78,39.51,39.45,40.74,38.78,39.51,128684845.0,5106299245.0,1.0,40.27621232,1591.313149,47.83534887,1889.974634,0.026901621507918982
CN,000063,2026-01-30,39.0,39.18,38.27,38.49,39.0,39.18,38.27,38.49,103648928.0,4009946893.0,1.0,40.27621232,1550.231412,47.83534887,1841.182578,0.021667852424716725
CN,000063,2026-02-02,38.21,38.75,36.86,37.08,38.21,38.75,36.86,37.08,120066040.0,4521814701.0,1.0,40.27621232,1493.441953,47.83534887,1773.734736,0.02509985666171227
CN,000063,2026-02-03,37.48,37.53,36.53,37.26,37.48,37.53,36.53,37.26,100838031.0,3737483046.0,1.0,40.27621232,1500.691671,47.83534887,1782.345099,0.02108023321289932
CN,000063,2026-02-04,37.0,37.12,36.51,37.12,37.0,37.12,36.51,37.12,80106346.0,2950244798.0,1.0,40.27621232,1495.053001,47.83534887,1775.64815,0.01674626565757918
CN,000063,2026-02-05,36.73,36.98,36.32,36.57,36.73,36.98,36.32,36.57,64320470.0,2356087797.0,1.0,40.27621232,1472.901085,47.83534887,1749.338708,0.013446221574509863
CN,000063,2026-02-06,36.28,36.69,36.08,36.31,36.28,36.69,36.08,36.31,59527448.0,2168002905.0,1.0,40.27621232,1462.429269,47.83534887,1736.901517,0.01244423828950743
CN,000063,2026-02-09,36.8,37.38,36.68,37.27,36.8,37.38,36.68,37.27,87706082.0,3256165594.0,1.0,40.27621232,1501.094433,47.83534887,1782.823452,0.01833499369647223
CN,000063,2026-02-10,37.16,37.85,37.12,37.58,37.16,37.85,37.12,37.58,70048273.0,2629858792.0,1.0,40.27621232,1513.580059,47.83534887,1797.652411,0.014643621224623463
CN,000063,2026-02-11,37.58,37.88,37.31,37.35,37.58,37.88,37.31,37.35,52536731.0,1972593942.0,1.0,40.27621232,1504.31653,47.83534887,1786.65028,0.01098282593125363
CN,000063,2026-02-12,37.26,37.65,37.16,37.53,37.26,37.65,37.16,37.53,54168417.0,2027036348.0,1.0,40.27621232,1511.566248,47.83534887,1795.260643,0.01132393058263484
CN,000063,2026-02-13,37.2,37.78,37.11,37.16,37.2,37.78,37.11,37.16,52123338.0,1947656301.0,1.0,40.27621232,1496.66405,47.83534887,1777.561564,0.010896405949009232
CN,000063,2026-02-24,37.48,38.0,37.24,37.77,37.48,38.0,37.24,37.77,82620729.0,3111933418.0,1.0,40.27621232,1521.232539,47.83534887,1806.741127,0.01727189849174816
CN,000063,2026-02-25,37.9,38.2,37.61,37.96,37.9,38.2,37.61,37.96,77337475.0,2930917406.0,1.0,40.27621232,1528.88502,47.83534887,1815.829843,0.0161674319989129
CN,000063,2026-02-26,37.97,38.74,37.83,38.57,37.97,38.74,37.83,38.57,98020425.0,3769272600.0,1.0,40.27621232,1553.453509,47.83534887,1845.009406,0.020491211481782175
CN,000063,2026-02-27,38.1,38.85,37.76,38.65,38.1,38.85,37.76,38.65,86148352.0,3306058613.0,1.0,40.27621232,1556.675606,47.83534887,1848.836234,0.018009349578304853
CN,000063,2026-03-02,37.96,38.43,37.49,37.84,37.96,38.43,37.49,37.84,93338625.0,3542532682.0,1.0,40.27621232,1524.051874,47.83534887,1810.089601,0.019512479203122827
CN,000063,2026-03-03,38.18,39.15,36.68,36.75,38.18,39.15,36.68,36.75,144149266.0,5467610621.0,1.0,40.27621232,1480.150803,47.83534887,1757.949071,0.03013446528669584
CN,000063,2026-03-04,36.43,37.76,36.4,36.97,36.43,37.76,36.4,36.97,89577043.0,3322085606.0,1.0,40.27621232,1489.011569,47.83534887,1768.472848,0.01872611888823881
CN,000063,2026-03-05,37.48,38.3,37.26,37.88,37.48,38.3,37.26,37.88,106307649.0,4018976101.0,1.0,40.27621232,1525.662923,47.83534887,1812.003015,0.02222365917909527
CN,000063,2026-03-06,37.49,37.66,37.03,37.4,37.49,37.66,37.03,37.4,78066967.0,2915545524.0,1.0,40.27621232,1506.330341,47.83534887,1789.042048,0.016319932611374724
CN,000063,2026-03-09,36.0,36.0,34.8,35.7,36.0,36.0,34.8,35.7,149206982.0,5261724249.0,1.0,40.27621232,1437.86078,47.83534887,1707.721955,0.03119178296483071
CN,000063,2026-03-10,36.16,36.93,36.06,36.87,36.16,36.93,36.06,36.87,99600867.0,3643111310.0,1.0,40.27621232,1484.983948,47.83534887,1763.689313,0.020821603553196788
CN,000063,2026-03-11,37.0,37.9,36.99,37.12,37.0,37.9,36.99,37.12,113584992.0,4251217985.0,1.0,40.27621232,1495.053001,47.83534887,1775.64815,0.02374499082439743
CN,000063,2026-03-12,36.81,38.1,36.68,37.12,36.81,38.1,36.68,37.12,101379123.0,3787622570.0,1.0,40.27621232,1495.053001,47.83534887,1775.64815,0.021193348725335636
CN,000063,2026-03-13,36.8,37.22,36.35,36.46,36.8,37.22,36.35,36.46,73166993.0,2685444343.0,1.0,40.27621232,1468.470701,47.83534887,1744.07682,0.015295590965342947
CN,000063,2026-03-16,36.31,36.64,35.58,36.5,36.31,36.64,35.58,36.5,71952396.0,2592702211.0,1.0,40.27621232,1470.08175,47.83534887,1745.990234,0.015041678946576062
CN,000063,2026-03-17,36.68,36.74,35.76,35.83,36.68,36.74,35.76,35.83,64914771.0,2344666746.0,1.0,40.27621232,1443.096687,47.83534887,1713.94055,0.013570460450997439
CN,000063,2026-03-18,35.83,36.48,35.37,36.25,35.83,36.48,35.37,36.25,66984593.0,2399879497.0,1.0,40.27621232,1460.012697,47.83534887,1734.031397,0.01400315761928298
CN,000063,2026-03-19,35.6,35.81,35.18,35.35,35.6,35.81,35.18,35.35,62797096.0,2229283026.0,1.0,40.27621232,1423.764106,47.83534887,1690.979583,0.013127759592735672
CN,000063,2026-03-20,35.45,35.64,34.27,34.27,35.45,35.64,34.27,34.27,80158372.0,2789730871.0,1.0,40.27621232,1380.265796,47.83534887,1639.317406,0.01675714171497794
CN,000063,2026-03-23,33.57,33.64,31.9,32.05,33.57,33.64,31.9,32.05,110640288.0,3625221742.0,1.0,40.27621232,1290.852605,47.83534887,1533.122931,0.02312939920239365
CN,000063,2026-03-24,32.5,32.93,32.0,32.92,32.5,32.93,32.0,32.92,67932857.0,2202265072.0,1.0,40.27621232,1325.89291,47.83534887,1574.739685,0.014201392611271239
CN,000063,2026-03-25,33.0,33.84,33.0,33.45,33.0,33.84,33.0,33.45,62863706.0,2103146782.0,1.0,40.27621232,1347.239302,47.83534887,1600.09242,0.013141684441529192
CN,000063,2026-03-26,33.27,33.53,32.59,32.68,33.27,33.53,32.59,32.68,48435809.0,1599337986.0,1.0,40.27621232,1316.226619,47.83534887,1563.259201,0.010125526445230251
CN,000063,2026-03-27,32.23,32.95,32.02,32.68,32.23,32.95,32.02,32.68,41130528.0,1339007330.0,1.0,40.27621232,1316.226619,47.83534887,1563.259201,0.008598354349161038
CN,000063,2026-03-30,32.11,32.6,31.8,32.59,32.11,32.6,31.8,32.59,51249862.0,1651482527.0,1.0,40.27621232,1312.60176,47.83534887,1558.95402,0.01071380542018821
CN,000063,2026-03-31,32.5,33.29,32.43,32.44,32.5,33.29,32.43,32.44,59161649.0,1940619122.0,1.0,40.27621232,1306.560328,47.83534887,1551.778717,0.012367767853179243
CN,000063,2026-04-01,33.06,33.16,32.71,32.99,33.06,33.16,32.71,32.99,48471315.0,1596884809.0,1.0,40.27621232,1328.712244,47.83534887,1578.088159,0.010132948989611916
CN,000063,2026-04-02,32.79,32.91,31.92,32.05,32.79,32.91,31.92,32.05,53087898.0,1715197281.0,1.0,40.27621232,1290.852605,47.83534887,1533.122931,0.011098047626719442
CN,000063,2026-04-03,32.33,32.62,32.08,32.08,32.33,32.62,32.08,32.08,46858410.0,1514504977.0,1.0,40.27621232,1292.060891,47.83534887,1534.557992,0.009795770514258194
CN,000063,2026-04-07,32.15,32.55,32.07,32.34,32.15,32.55,32.07,32.34,40459381.0,1308445461.0,1.0,40.27621232,1302.532706,47.83534887,1546.995182,0.00845805078373206
CN,000063,2026-04-08,33.0,34.05,33.0,34.04,33.0,34.05,33.0,34.04,97677765.0,3281673431.0,1.0,40.27621232,1371.002267,47.83534887,1628.315276,0.020419578263232596
CN,000063,2026-04-09,33.7,35.9,33.54,35.56,33.7,35.9,33.54,35.56,183752288.0,6429909684.0,1.0,40.27621232,1432.22211,47.83534887,1701.025006,0.03841349385772756
CN,000063,2026-04-10,35.5,36.17,35.2,35.79,35.5,36.17,35.2,35.79,124541087.0,4450874881.0,1.0,40.27621232,1441.485639,47.83534887,1712.027136,0.02603536713790042
CN,000063,2026-04-13,35.52,36.2,35.3,35.72,35.52,36.2,35.3,35.72,92006380.0,3285500766.0,1.0,40.27621232,1438.666304,47.83534887,1708.678662,0.019233972819983323
CN,000063,2026-04-14,36.1,36.4,35.47,35.83,36.1,36.4,35.47,35.83,94191345.0,3388093483.0,1.0,40.27621232,1443.096687,47.83534887,1713.94055,0.019690740681327448
CN,000063,2026-04-15,35.97,36.03,35.06,35.21,35.97,36.03,35.06,35.21,82120548.0,2915665374.0,1.0,40.27621232,1418.125436,47.83534887,1684.282634,0.017167335441239356
CN,000063,2026-04-16,35.42,35.59,34.95,35.4,35.42,35.59,34.95,35.4,71566355.0,2525964206.0,1.0,40.27621232,1425.777916,47.83534887,1693.37135,0.014960976911549803
CN,000063,2026-04-17,35.2,35.86,35.16,35.33,35.2,35.86,35.16,35.33,61008831.0,2164790699.0,1.0,40.27621232,1422.958581,47.83534887,1690.022876,0.012753922034895364
CN,000063,2026-04-20,35.32,36.09,35.23,35.83,35.32,36.09,35.23,35.83,82386576.0,2953620475.0,1.0,40.27621232,1443.096687,47.83534887,1713.94055,0.017222948707638432
CN,000063,2026-04-21,35.61,35.65,34.76,35.2,35.61,35.65,34.76,35.2,79104000.0,2775543364.0,1.0,40.27621232,1417.722674,47.83534887,1683.80428,0.01653672480051884
CN,000063,2026-04-22,35.08,37.44,35.0,37.34,35.08,37.44,35.0,37.34,230832460.0,8493460079.0,1.0,40.27621232,1503.913768,47.83534887,1786.171927,0.04825562381228223
CN,000063,2026-04-23,37.2,37.58,36.5,36.85,37.2,37.58,36.5,36.85,133095929.0,4930924360.0,1.0,40.27621232,1484.178424,47.83534887,1762.732606,0.027823760491787964
CN,000063,2026-04-24,36.57,37.1,35.95,36.38,36.57,37.1,35.95,36.38,103407016.0,3763717186.0,1.0,40.27621232,1465.248604,47.83534887,1740.249992,0.021617280618361257
CN,000063,2026-04-27,35.8,37.78,35.34,37.26,35.8,37.78,35.34,37.26,168435634.0,6228963623.0,1.0,40.27621232,1500.691671,47.83534887,1782.345099,0.03521154083306678
CN,000063,2026-04-28,37.0,37.0,35.82,36.01,37.0,37.0,35.82,36.01,113250297.0,4108537165.0,1.0,40.27621232,1450.346406,47.83534887,1722.550913,0.023675022692481097
CN,000063,2026-04-29,35.82,36.99,35.57,36.42,35.82,36.99,35.57,36.42,96826940.0,3518802208.0,1.0,40.27621232,1466.859653,47.83534887,1742.163406,0.0202417129355829
CN,000063,2026-04-30,36.21,36.83,35.7,36.7,36.21,36.83,35.7,36.7,98381385.0,3578015727.0,1.0,40.27621232,1478.136992,47.83534887,1755.557304,0.02056667032310493
CN,000063,2026-05-06,37.51,39.1,37.45,38.25,37.51,39.1,37.45,38.25,216711363.0,8321464030.0,1.0,40.27621232,1540.565121,47.83534887,1829.702094,0.04530360248630084
CN,000063,2026-05-07,38.6,38.94,38.04,38.9,38.6,38.94,38.04,38.9,146336014.0,5647115493.0,1.0,40.27621232,1566.744659,47.83534887,1860.795071,0.030591605884947318
CN,000063,2026-05-08,38.52,38.9,37.93,38.68,38.52,38.9,37.93,38.68,137817377.0,5295615756.0,1.0,40.27621232,1557.883893,47.83534887,1850.271294,0.028810781201688347
CN,000063,2026-05-11,39.2,39.49,38.56,39.11,39.2,39.49,38.56,39.11,164649887.0,6423026461.0,1.0,40.27621232,1575.202664,47.83534887,1870.840494,0.03442012881466835
CN,000063,2026-05-12,38.9,39.0,37.96,38.09,38.9,39.0,37.96,38.09,126951673.0,4873756125.0,1.0,40.27621232,1534.120927,47.83534887,1822.048438,0.02653930116513019
CN,000063,2026-05-13,37.85,38.9,37.7,38.83,37.85,38.9,37.7,38.83,121557110.0,4674427092.0,1.0,40.27621232,1563.925324,47.83534887,1857.446597,0.02541156547856489
CN,000063,2026-05-14,39.61,40.2,37.56,37.56,39.61,40.2,37.56,37.56,163800662.0,6364577815.0,1.0,40.27621232,1512.774535,47.83534887,1796.695704,0.034242597967698275
CN,000063,2026-05-15,37.64,38.29,36.58,36.71,37.64,38.29,36.58,36.71,146967367.0,5466586803.0,1.0,40.27621232,1478.539754,47.83534887,1756.035657,0.03072359049777324
CN,000063,2026-05-18,36.4,38.08,36.02,37.51,36.4,38.08,36.02,37.51,134080666.0,5000487052.0,1.0,40.27621232,1510.760724,47.83534887,1794.303936,0.028029620179918634
CN,000063,2026-05-19,37.45,37.8,36.75,37.65,37.45,37.8,36.75,37.65,105085365.0,3914401483.0,1.0,40.27621232,1516.399394,47.83534887,1801.000885,0.02196814018971322
CN,000063,2026-05-20,37.3,38.15,37.13,37.18,37.3,38.15,37.13,37.18,91169664.0,3419307030.0,1.0,40.27621232,1497.469574,47.83534887,1778.518271,0.019059056984776623
CN,000063,2026-05-21,37.77,37.87,34.68,34.83,37.77,37.87,34.68,34.83,168355165.0,6107719538.0,1.0,40.27621232,1402.820475,47.83534887,1666.105201,0.035194718754436465
CN,000063,2026-05-22,35.11,35.7,34.66,35.64,35.11,35.7,34.66,35.64,119684280.0,4217793336.0,1.0,40.27621232,1435.444207,47.83534887,1704.851834,0.025020049571554424
CN,000063,2026-05-25,35.85,36.33,35.7,36.27,35.85,36.33,35.7,36.27,93430940.0,3369327133.0,1.0,40.27621232,1460.818221,47.83534887,1734.988104,0.019531777693084902
CN,000063,2026-05-26,36.0,36.0,34.77,35.54,36.0,36.0,34.77,35.54,125958803.0,4434648926.0,1.0,40.27621232,1431.416586,47.83534887,1700.068299,0.026331741269894914
CN,000063,2026-05-27,35.54,36.11,34.43,34.82,35.54,36.11,34.43,34.82,144730259.0,5101837715.0,1.0,40.27621232,1402.417713,47.83534887,1665.626848,0.030255922120130656
CN,000063,2026-05-28,35.23,38.3,34.45,38.3,35.23,38.3,34.45,38.3,222717372.0,8163250332.0,1.0,40.27621232,1542.578932,47.83534887,1832.093862,0.046559161218886286
CN,000063,2026-05-29,38.5,38.78,36.44,36.72,38.5,38.78,36.44,36.72,269924703.0,10129413711.0,1.0,40.27621232,1478.942516,47.83534887,1756.514011,0.056427873816403504
CN,000063,2026-06-01,36.65,36.83,35.06,35.1,36.65,36.83,35.06,35.1,161557217.0,5788833395.0,1.0,40.27621232,1413.695052,47.83534887,1679.020745,0.03377360483751396
CN,000063,2026-06-02,35.12,36.46,34.8,36.3,35.12,36.46,34.8,36.3,177378383.0,6345225601.0,1.0,40.27621232,1462.026507,47.83534887,1736.423164,0.03708102631007319
CN,000063,2026-06-03,36.8,38.3,36.0,36.44,36.8,38.3,36.0,36.44,243270052.0,9078990250.0,1.0,40.27621232,1467.665177,47.83534887,1743.120113,0.050855707702921575
CN,000063,2026-06-04,36.36,38.5,36.03,37.74,36.36,38.5,36.03,37.74,240591339.0,9066393552.0,1.0,40.27621232,1520.024253,47.83534887,1805.306066,0.050295721612451154
CN,000063,2026-06-05,37.58,41.3,37.05,39.13,37.58,41.3,37.05,39.13,463705394.0,18325624374.0,1.0,40.27621232,1576.008188,47.83534887,1871.797201,0.09693780958098404
CN,000063,2026-06-08,38.02,39.0,36.5,36.81,38.02,39.0,36.5,36.81,302349169.0,11393949929.0,1.0,40.27621232,1482.567376,47.83534887,1760.819192,0.06320622220644422
CN,000063,2026-06-09,37.39,39.33,37.19,39.14,37.39,39.33,37.19,39.14,310750077.0,12031235972.4,1.0,40.27621232,1576.41095,47.83534887,1872.275555,0.06496243559224615
CN,000063,2026-06-10,38.68,40.52,37.89,38.42,38.68,40.52,37.89,38.42,281770842.0,11004386103.0,1.0,40.27621232,1547.412077,47.83534887,1837.834104,0.058904314206165
CN,000063,2026-06-11,37.91,39.5,37.28,37.81,37.91,39.5,37.28,37.81,248050245.0,9493878259.47,1.0,40.27621232,1522.843588,47.83534887,1808.654541,0.05185500908002472
CN,000063,2026-06-12,38.6,38.7,36.15,36.35,38.6,38.7,36.15,36.35,261471118.0,9702654429.79,1.0,40.27621232,1464.040306,47.83534887,1738.814936,0.054660648281376276
CN,000063,2026-06-15,36.51,37.5,35.7,37.22,36.51,37.5,35.7,37.22,173493166.0,6385605445.09,1.0,40.27621232,1499.080611,47.83534887,1780.43169,0.0362688200459235
CN,000063,2026-06-16,36.9,38.48,36.55,38.0,36.9,38.48,36.55,38.0,212886750.0,8030855249.42,1.0,40.27621232,1530.496056,47.83534887,1817.743262,0.044504065514093534
CN,000063,2026-06-17,37.5,38.12,37.12,37.64,37.5,38.12,37.12,37.64,151487212.0,5690613089.72,1.0,40.27621232,1515.99662,47.83534887,1800.522536,0.031668466014889964
CN,000063,2026-06-18,37.41,38.64,37.01,37.89,37.41,38.64,37.01,37.89,218073777.0,8270111112.66,1.0,40.27621232,1526.065673,47.83534887,1812.481374,0.04558841571170504
