country,code,time,pct_chg,ma5,ma10,ma20,ma60,ema12,ema26,macd,macd_signal,macd_hist,rsi14,boll_upper,boll_lower,atr14,vol_ma5
US,INTC,2016-06-23,,,,,,26.53,26.53,0.0,0.0,0.0,,,,0.4,
US,INTC,2016-06-24,-4.372409,,,,,26.351538,26.444074,-0.092536,-0.018507,-0.148057,0.0,,,0.462857,
US,INTC,2016-06-27,-2.601498,,,,,26.098994,26.315624,-0.21663,-0.058132,-0.316997,0.0,,,0.493367,
US,INTC,2016-06-28,1.497369,,,,,25.942226,26.224096,-0.281871,-0.10288,-0.357982,2.469018,,,0.48527,
US,INTC,2016-06-29,2.392344,25.474,,,,25.901883,26.183793,-0.28191,-0.138686,-0.286448,6.500527,,,0.496322,28412408.8
US,INTC,2016-06-30,2.725857,25.444,,,,25.97544,26.198327,-0.222887,-0.155526,-0.134723,11.116646,,,0.515156,30908435.8
US,INTC,2016-07-01,-0.15163,25.638,,,,26.031526,26.208821,-0.177295,-0.15988,-0.034831,11.082974,,,0.502645,26706489.6
US,INTC,2016-07-05,-0.22779,25.952,,,,26.069753,26.214094,-0.144341,-0.156772,0.024862,11.029009,,,0.483885,23637121.8
US,INTC,2016-07-06,0.913242,26.24,,,,26.139022,26.236753,-0.097732,-0.144964,0.094464,12.85682,,,0.484321,23112391.0
US,INTC,2016-07-07,0.678733,26.444,25.959,,,26.225326,26.271068,-0.045742,-0.12512,0.158755,14.279197,,,0.483298,23782068.4
US,INTC,2016-07-08,2.397004,26.636,26.04,,,26.396814,26.350248,0.046566,-0.090782,0.274697,19.321528,,,0.494491,21544658.6
US,INTC,2016-07-11,1.13387,26.898,26.268,,,26.589612,26.446526,0.143086,-0.044009,0.37419,21.723366,,,0.488456,22891878.0
US,INTC,2016-07-12,1.627486,27.262,26.607,,,26.821979,26.569006,0.252974,0.015388,0.475172,25.204318,,,0.487138,24483262.4
US,INTC,2016-07-13,0.213523,27.59,26.915,,,27.027829,26.686857,0.340972,0.080505,0.520934,25.678889,,,0.473057,26093399.8
US,INTC,2016-07-14,0.53267,27.912,27.178,,,27.225086,26.80709,0.417996,0.148003,0.539986,26.927151,,,0.458553,25928785.6
US,INTC,2016-07-15,-0.388555,28.084,27.36,,,27.375073,26.910268,0.464804,0.211363,0.506882,26.57466,,,0.448656,25992782.8
US,INTC,2016-07-18,-0.035461,28.192,27.545,,,27.500446,27.005063,0.495383,0.268167,0.454431,26.540646,,,0.430895,25098084.8
US,INTC,2016-07-19,0.283789,28.226,27.744,,,27.618839,27.098762,0.520077,0.318549,0.403055,27.341866,,,0.417974,23564347.0
US,INTC,2016-07-20,1.521047,28.334,27.962,,,27.785171,27.217373,0.567799,0.368399,0.3988,31.656695,,,0.438119,26339003.6
US,INTC,2016-07-21,-3.972125,28.184,28.048,27.0035,,27.75053,27.242752,0.507777,0.396275,0.223005,27.067391,29.356866,24.650134,0.511824,34021448.2
US,INTC,2016-07-22,1.124819,28.118,28.101,27.0705,,27.76891,27.289215,0.479695,0.412959,0.133472,30.037603,29.442356,24.698644,0.500265,35895807.6
US,INTC,2016-07-25,0.107643,28.06,28.126,27.197,,27.789077,27.334458,0.454619,0.421291,0.066657,30.333292,29.459955,24.934045,0.475961,36081912.4
US,INTC,2016-07-26,1.146953,28.05,28.138,27.3725,,27.855373,27.400054,0.455319,0.428096,0.054445,33.558966,29.364995,25.380005,0.472678,37931713.2
US,INTC,2016-07-27,-0.744153,27.912,28.123,27.519,,27.879162,27.445235,0.433927,0.429262,0.009328,32.495621,29.226148,25.811852,0.476058,34053228.4
US,INTC,2016-07-28,-0.178508,27.992,28.088,27.633,,27.891599,27.483366,0.408233,0.425056,-0.033648,32.233736,29.124605,26.141395,0.459911,25644984.4
US,INTC,2016-07-29,0.286123,28.026,28.072,27.716,,27.91443,27.524598,0.389831,0.418011,-0.05636,33.16188,29.100361,26.331639,0.445632,22672501.0
US,INTC,2016-08-01,-0.035663,28.052,28.056,27.8005,,27.93221,27.562035,0.370174,0.408444,-0.076539,33.100851,29.037003,26.563997,0.433801,22381842.6
US,INTC,2016-08-02,-0.856225,27.966,28.008,27.876,,27.910331,27.578922,0.33141,0.393037,-0.123255,31.59788,28.897654,26.854346,0.433529,20464422.4
US,INTC,2016-08-03,-0.143937,27.914,27.913,27.9375,,27.885665,27.591594,0.294071,0.373244,-0.158346,31.342447,28.752408,27.122592,0.42042,19421822.6
US,INTC,2016-08-04,0.972973,27.926,27.959,28.0035,,27.906332,27.623328,0.283004,0.355196,-0.144384,35.153083,28.588078,27.418922,0.413247,18360875.6
US,INTC,2016-08-05,1.142041,27.986,28.006,28.0535,,27.97305,27.676415,0.296635,0.343484,-0.093697,39.442959,28.569573,27.537427,0.415158,18735870.6
US,INTC,2016-08-08,0.176429,28.058,28.055,28.0905,,28.037196,27.729273,0.307923,0.336372,-0.056897,40.109639,28.591438,27.589562,0.404075,18870455.2
US,INTC,2016-08-09,-0.317013,28.16,28.063,28.1005,,28.077628,27.771549,0.306079,0.330313,-0.048469,39.271555,28.609714,27.591286,0.39307,17374766.6
US,INTC,2016-08-10,-1.130742,28.206,28.06,28.0915,,28.062608,27.78699,0.275618,0.319374,-0.087512,36.362296,28.602549,27.580451,0.393565,17612819.2
US,INTC,2016-08-11,0.428878,28.222,28.074,28.081,,28.068361,27.810176,0.258185,0.307136,-0.097903,38.210851,28.582195,27.579805,0.379739,17613114.8
US,INTC,2016-08-12,-0.320285,28.156,28.071,28.0715,,28.059382,27.824977,0.234404,0.29259,-0.116371,37.334902,28.57051,27.57249,0.371186,16745535.8
US,INTC,2016-08-15,0.999643,28.136,28.097,28.0765,,28.094862,27.859424,0.235438,0.28116,-0.091443,41.804627,28.582119,27.570881,0.378959,16632282.0
US,INTC,2016-08-16,0.848356,28.182,28.171,28.0895,,28.161806,27.909096,0.25271,0.27547,-0.045519,45.399548,28.626733,27.552267,0.377604,17380691.0
US,INTC,2016-08-17,-0.525762,28.262,28.234,28.0735,,28.195374,27.943978,0.251397,0.270655,-0.038517,43.587268,28.553011,27.593989,0.375633,17109214.4
US,INTC,2016-08-18,-0.140944,28.31,28.266,28.1125,,28.217624,27.973313,0.244312,0.265386,-0.042149,43.093257,28.542982,27.682018,0.368802,17053426.6
US,INTC,2016-08-19,0.776288,28.42,28.288,28.147,,28.270298,28.016771,0.253527,0.263014,-0.018976,46.67315,28.603995,27.690005,0.373173,17195291.4
US,INTC,2016-08-22,0.315126,28.492,28.314,28.1845,,28.328713,28.063677,0.265036,0.263419,0.003235,48.111234,28.676048,27.692952,0.365089,16397364.8
US,INTC,2016-08-23,0.139616,28.524,28.353,28.208,,28.384296,28.110071,0.274225,0.26558,0.017289,48.772451,28.746762,27.669238,0.361869,16796387.4
US,INTC,2016-08-24,-0.731962,28.544,28.403,28.2315,,28.39902,28.137473,0.261546,0.264773,-0.006454,45.494704,28.774649,27.688351,0.358878,16420763.6
US,INTC,2016-08-25,-0.175562,28.562,28.436,28.255,,28.403786,28.159142,0.244644,0.260747,-0.032207,44.724018,28.789734,27.720266,0.351815,15689323.4
US,INTC,2016-08-26,0.492438,28.564,28.492,28.2815,,28.429357,28.189576,0.239781,0.256554,-0.033546,47.410348,28.82347,27.73953,0.3574,15299780.2
US,INTC,2016-08-29,0.840042,28.596,28.544,28.3205,,28.487918,28.235533,0.252384,0.25572,-0.006672,51.740229,28.895703,27.745297,0.361871,15364354.2
US,INTC,2016-08-30,0.416522,28.644,28.584,28.3775,,28.55593,28.286975,0.268955,0.258367,0.021176,53.78892,28.957047,27.797953,0.348881,14737787.4
US,INTC,2016-08-31,0.518493,28.764,28.654,28.444,,28.636556,28.345718,0.290839,0.264862,0.051954,56.286946,29.025495,27.862505,0.342532,15581626.8
US,INTC,2016-09-01,0.378267,28.916,28.739,28.5025,,28.721702,28.408257,0.313444,0.274578,0.077733,58.076697,29.134793,27.870207,0.345208,16881184.6
US,INTC,2016-09-02,0.171292,29.05,28.807,28.5475,,28.80144,28.469868,0.331572,0.285977,0.09119,58.900419,29.251201,27.843799,0.342693,17332543.4
US,INTC,2016-09-06,1.333789,29.214,28.905,28.6095,,28.928911,28.555804,0.373107,0.303403,0.139408,64.722777,29.451651,27.767349,0.347501,18747241.4
US,INTC,2016-09-07,-0.303746,29.336,28.99,28.6715,,29.022924,28.628707,0.394217,0.321566,0.145303,62.521604,29.592288,27.750712,0.337679,19409728.8
US,INTC,2016-09-08,-0.033852,29.426,29.095,28.749,,29.100936,28.695469,0.405467,0.338346,0.134241,62.268205,29.684733,27.813267,0.340702,19368486.6
US,INTC,2016-09-09,-2.742973,29.332,29.124,28.78,,29.04233,28.697286,0.345044,0.339686,0.010717,46.003779,29.667513,27.892487,0.374224,21474912.8
US,INTC,2016-09-12,1.810585,29.332,29.191,28.8415,,29.072741,28.737487,0.335254,0.338799,-0.007091,54.263064,29.675941,28.007059,0.408922,22688889.0
US,INTC,2016-09-13,-1.29959,29.178,29.196,28.87,,29.040012,28.746562,0.293449,0.329729,-0.07256,48.432856,29.66516,28.07484,0.423999,22939600.0
US,INTC,2016-09-14,0.0,29.042,29.189,28.8865,,29.012318,28.754965,0.257352,0.315254,-0.115803,48.432856,29.666302,28.106698,0.417999,22065915.8
US,INTC,2016-09-15,2.668053,29.062,29.244,28.949,,29.107346,28.819783,0.287563,0.309716,-0.044305,58.82853,29.756289,28.141711,0.452428,22911634.2
US,INTC,2016-09-16,3.003712,29.422,29.377,29.058,28.058,29.324677,28.945725,0.378952,0.323563,0.110779,67.087477,30.069743,28.046257,0.505826,31935634.0
US,INTC,2016-09-19,-1.343381,29.596,29.464,29.1355,28.117667,29.445496,29.031967,0.413529,0.341556,0.143945,61.015285,30.217784,28.053216,0.523981,33482655.8
US,INTC,2016-09-20,-0.033212,29.844,29.511,29.208,28.1965,29.546189,29.111081,0.435108,0.360267,0.149683,60.870571,30.34344,28.07256,0.515125,33723766.8
US,INTC,2016-09-21,0.830565,30.142,29.592,29.291,28.2905,29.669852,29.202853,0.467,0.381613,0.170773,63.219225,30.502955,28.079045,0.513331,35145061.6
US,INTC,2016-09-22,0.263591,30.302,29.682,29.3885,28.379667,29.786798,29.293752,0.493046,0.4039,0.178292,63.964608,30.636991,28.140009,0.499521,33630723.0
US,INTC,2016-09-23,-0.953007,30.226,29.824,29.474,28.454,29.841137,29.356437,0.484699,0.42006,0.12928,59.275136,30.681765,28.266235,0.494555,22327638.0
US,INTC,2016-09-26,-1.459854,30.144,29.87,29.5305,28.509333,29.819423,29.381887,0.437537,0.423555,0.027964,52.934115,30.667469,28.393531,0.493516,21325055.6
US,INTC,2016-09-27,1.447811,30.15,29.997,29.5965,28.5725,29.867204,29.437302,0.429902,0.424824,0.010155,57.696884,30.711548,28.481452,0.49255,20843990.8
US,INTC,2016-09-28,0.69698,30.148,30.145,29.667,28.640167,29.939942,29.504169,0.435773,0.427014,0.017518,59.834557,30.782869,28.551131,0.478082,20401411.0
US,INTC,2016-09-29,-0.329598,30.11,30.206,29.725,28.702167,29.986105,29.558675,0.42743,0.427097,0.000665,58.323171,30.833359,28.616641,0.474648,20533722.8
US,INTC,2016-09-30,1.157407,30.2,30.213,29.795,28.767,30.079012,29.635069,0.443943,0.430466,0.026952,61.946218,30.935728,28.654272,0.475745,21777089.2
US,INTC,2016-10-03,-0.228833,30.364,30.254,29.859,28.82,30.146856,29.70062,0.446236,0.43362,0.025232,60.807667,31.011561,28.706439,0.466763,19496045.6
US,INTC,2016-10-04,-0.327654,30.422,30.286,29.8985,28.866167,30.188878,29.753907,0.434971,0.433891,0.002161,59.135527,31.070938,28.726062,0.468423,17896352.2
US,INTC,2016-10-05,1.183432,30.51,30.329,29.9605,28.910833,30.27982,29.829914,0.449906,0.437094,0.025625,63.07241,31.180721,28.740279,0.47925,18576353.2
US,INTC,2016-10-06,0.22742,30.632,30.371,30.0265,28.955667,30.36754,29.905476,0.462064,0.442088,0.039953,63.802646,31.288519,28.764481,0.478589,18075646.2
US,INTC,2016-10-07,0.06483,30.688,30.444,30.134,28.998333,30.444842,29.976922,0.467919,0.447254,0.041331,64.021559,31.294765,28.973235,0.470118,16608292.8
US,INTC,2016-10-10,-0.194363,30.746,30.555,30.2125,29.041833,30.50102,30.038632,0.462388,0.450281,0.024215,62.79462,31.332444,29.092556,0.463681,16776436.6
US,INTC,2016-10-11,-1.979877,30.702,30.562,30.2795,29.075333,30.454709,30.050585,0.404124,0.44105,-0.073851,51.903826,31.212505,29.346495,0.499847,19427906.8
US,INTC,2016-10-12,-0.364238,30.564,30.537,30.341,29.105667,30.3986,30.053504,0.345096,0.421859,-0.153527,50.212616,31.018906,29.663094,0.490572,17754523.6
US,INTC,2016-10-13,-0.432037,30.386,30.509,30.3575,29.126667,30.331123,30.046578,0.284545,0.394396,-0.219702,48.213216,30.979107,29.735893,0.494103,18107439.8
US,INTC,2016-10-14,1.301736,30.282,30.485,30.349,29.173167,30.334027,30.069054,0.264973,0.368511,-0.207076,54.115965,30.966119,29.731881,0.500952,18543720.8
US,INTC,2016-10-17,-0.428336,30.164,30.455,30.3545,29.212333,30.316485,30.080235,0.236249,0.342059,-0.211619,51.988765,30.964925,29.744075,0.493027,18710489.8
US,INTC,2016-10-18,1.224355,30.242,30.472,30.379,29.257167,30.358564,30.117995,0.240568,0.321761,-0.162385,57.151306,30.985923,29.772077,0.501382,21761948.4
US,INTC,2016-10-19,-5.949657,29.978,30.271,30.3,29.266333,30.114169,30.018144,0.096025,0.276614,-0.361177,36.411231,31.227901,29.372099,0.611998,33996974.0
US,INTC,2016-10-20,-0.208551,29.728,30.057,30.214,29.278,29.898143,29.921244,-0.023101,0.216671,-0.479544,35.948078,31.36884,29.05916,0.601141,35743666.8
US,INTC,2016-10-21,-0.801115,29.354,29.818,30.131,29.286667,29.679967,29.814486,-0.134518,0.146433,-0.561902,34.154586,31.511709,28.750291,0.594631,36081527.6
US,INTC,2016-10-24,0.316011,29.024,29.594,30.0745,29.2955,29.509203,29.722301,-0.213098,0.074527,-0.57525,35.510439,31.605441,28.543559,0.5743,37228847.4
US,INTC,2016-10-25,-0.455023,28.594,29.418,29.99,29.302333,29.34471,29.627316,-0.282606,0.0031,-0.571412,34.408301,31.677874,28.302126,0.547564,32219359.2
US,INTC,2016-10-26,-0.492264,28.5,29.239,29.888,29.310833,29.183986,29.528996,-0.345011,-0.066522,-0.556978,33.212788,31.719399,28.056601,0.53631,21169076.8
US,INTC,2016-10-27,-0.318021,28.4,29.064,29.7865,29.3185,29.034142,29.431293,-0.397151,-0.132648,-0.529007,32.432648,31.74894,27.82406,0.525859,18962118.0
US,INTC,2016-10-28,-0.212691,28.334,28.844,29.6645,29.320667,28.89812,29.336382,-0.438262,-0.193771,-0.488983,31.894774,31.713436,27.615564,0.514726,19258754.0
US,INTC,2016-10-31,0.390764,28.272,28.648,29.5515,29.319333,28.799948,29.25665,-0.456703,-0.246357,-0.420691,34.05407,31.647976,27.455024,0.49796,18791526.2
US,INTC,2016-11-01,-1.026185,28.178,28.386,29.429,29.312333,28.672263,29.161343,-0.48908,-0.294902,-0.388356,31.241796,31.593384,27.264616,0.51382,20293108.2
US,INTC,2016-11-02,0.250268,28.126,28.313,29.292,29.308,28.574992,29.07828,-0.503288,-0.336579,-0.333419,32.686815,31.443814,27.140186,0.502119,20580869.0
US,INTC,2016-11-03,-1.212553,28.024,28.212,29.1345,29.303333,28.440378,28.976186,-0.535808,-0.376425,-0.318766,29.44945,31.268159,27.000841,0.50411,21533938.4
US,INTC,2016-11-04,-0.938628,27.882,28.108,28.963,29.292333,28.286474,28.862394,-0.57592,-0.416324,-0.319193,27.22858,31.06222,26.86378,0.498102,21457602.0
US,INTC,2016-11-07,3.206997,27.894,28.083,28.8385,29.2975,28.291632,28.822217,-0.530585,-0.439176,-0.182818,42.918914,30.773734,26.903266,0.528952,21479201.2
US,INTC,2016-11-08,0.141243,27.972,28.075,28.7465,29.298667,28.30215,28.787978,-0.485829,-0.448507,-0.074644,43.515078,30.586699,26.906301,0.517598,19372182.0
US,INTC,2016-11-09,0.035261,28.038,28.082,28.6605,29.296,28.312588,28.757017,-0.444429,-0.447691,0.006524,43.673462,30.399494,26.921506,0.549199,20288785.8
US,INTC,2016-11-10,-0.70497,28.132,28.078,28.571,29.2925,28.290652,28.713534,-0.422883,-0.442729,0.039693,41.186072,30.214909,26.927091,0.563542,22058825.2
US,INTC,2016-11-11,0.319489,28.296,28.089,28.4665,29.291167,28.285936,28.679939,-0.394003,-0.432984,0.077962,42.765788,29.896581,27.036419,0.554003,22208881.2
US,INTC,2016-11-14,-0.389243,28.262,28.078,28.363,29.284333,28.265023,28.640684,-0.375662,-0.42152,0.091716,41.30549,29.549324,27.176676,0.545146,22861349.8
US,INTC,2016-11-15,1.243339,28.29,28.131,28.2585,29.281833,28.301173,28.630263,-0.32909,-0.403034,0.147887,47.453683,28.871306,27.645694,0.553349,24029947.0
US,INTC,2016-11-16,-0.175439,28.306,28.172,28.2425,29.277833,28.32407,28.616911,-0.292841,-0.380995,0.176308,46.701084,28.816534,27.668466,0.535967,22543151.6
US,INTC,2016-11-17,0.492091,28.39,28.261,28.2365,29.279667,28.364982,28.614917,-0.249935,-0.354783,0.209696,49.133662,28.793107,27.679893,0.520541,20042810.0
US,INTC,2016-11-18,-0.209864,28.444,28.37,28.239,29.281333,28.390369,28.608627,-0.218258,-0.327478,0.218441,48.120026,28.800388,27.677612,0.505502,18871175.4
US,INTC,2016-11-21,0.105152,28.526,28.394,28.2385,29.281167,28.416466,28.605025,-0.188559,-0.299694,0.222271,48.690006,28.798724,27.678276,0.490109,17211292.4
US,INTC,2016-11-22,1.435574,28.62,28.455,28.265,29.283833,28.501625,28.63206,-0.130435,-0.265842,0.270815,55.831937,28.905266,27.624734,0.485816,17541559.4
US,INTC,2016-11-23,-0.793925,28.678,28.492,28.287,29.280667,28.538298,28.640056,-0.101757,-0.233025,0.262536,51.501219,28.959967,27.614033,0.4754,16997193.0
US,INTC,2016-11-25,0.6611,28.746,28.568,28.323,29.278167,28.59856,28.661533,-0.062973,-0.199015,0.272084,54.631896,29.050464,27.595536,0.461443,15122056.0
US,INTC,2016-11-28,0.207397,28.838,28.641,28.365,29.274833,28.658782,28.685864,-0.027082,-0.164628,0.275092,55.606458,29.142907,27.587093,0.454197,14470495.0
US,INTC,2016-11-29,-0.551914,28.892,28.709,28.3935,29.268,28.685123,28.696541,-0.011418,-0.133986,0.245137,52.375436,29.19533,27.59167,0.443183,15534797.8
US,INTC,2016-11-30,-1.734305,28.764,28.692,28.4115,29.246333,28.630489,28.66939,-0.038901,-0.114969,0.152137,43.808792,29.190327,27.632673,0.447242,16472522.4
US,INTC,2016-12-01,-2.717967,28.528,28.603,28.3875,29.213333,28.465798,28.587213,-0.121414,-0.116258,-0.010312,34.460876,29.237015,27.537985,0.495296,19227536.2
US,INTC,2016-12-02,1.197388,28.32,28.533,28.397,29.186,28.377214,28.535567,-0.158353,-0.124677,-0.067352,40.336699,29.219365,27.574635,0.498489,22251475.8
US,INTC,2016-12-05,0.681248,28.138,28.488,28.429,29.175333,28.331489,28.501821,-0.170333,-0.133808,-0.073049,43.478688,29.142524,27.715476,0.488597,22434060.6
US,INTC,2016-12-06,0.961538,28.042,28.467,28.4305,29.1605,28.334336,28.490575,-0.156239,-0.138294,-0.035889,47.694125,29.143226,27.717774,0.479411,21577393.2
US,INTC,2016-12-07,2.222222,28.172,28.468,28.4615,29.1625,28.433669,28.526829,-0.09316,-0.129268,0.072216,55.949596,29.212187,27.710813,0.510882,20516233.8
US,INTC,2016-12-08,0.586611,28.49,28.509,28.5005,29.167333,28.543874,28.57299,-0.029116,-0.109237,0.160243,57.881379,29.307085,27.693915,0.521533,18585803.8
US,INTC,2016-12-09,0.171527,28.752,28.536,28.552,29.160167,28.644817,28.619435,0.025381,-0.082313,0.21539,58.458408,29.398158,27.705842,0.502138,17552682.0
US,INTC,2016-12-12,0.582192,29.01,28.574,28.6075,29.141,28.756383,28.675032,0.081351,-0.049581,0.261863,60.442735,29.513279,27.701721,0.490557,19057453.6
US,INTC,2016-12-13,2.315288,29.35,28.696,28.7025,29.14,28.955401,28.776882,0.178519,-0.003961,0.36496,67.193264,29.778899,27.626101,0.511231,23152631.4
US,INTC,2016-12-14,-0.698835,29.522,28.847,28.7695,29.135667,29.091493,28.855631,0.235862,0.044004,0.383716,63.584505,29.949016,27.589984,0.499715,24974449.8
US,INTC,2016-12-15,0.670241,29.7,29.095,28.849,29.1305,29.237417,28.943362,0.294055,0.094014,0.400082,65.4857,30.140664,27.557336,0.500449,25725450.0
US,INTC,2016-12-16,-1.298269,29.79,29.271,28.902,29.1175,29.300892,28.995706,0.305186,0.136248,0.337875,59.015391,30.233189,27.570811,0.510417,30102629.8
US,INTC,2016-12-19,1.58516,29.94,29.475,28.9815,29.117167,29.426908,29.078987,0.347921,0.178583,0.338677,63.673599,30.401293,27.561707,0.513959,29454325.0
US,INTC,2016-12-20,0.863214,30.006,29.678,29.0725,29.1285,29.573538,29.175358,0.398179,0.222502,0.351354,65.977304,30.601655,27.543345,0.497248,26009975.4
US,INTC,2016-12-21,-0.625411,30.076,29.799,29.1335,29.1295,29.668378,29.250517,0.417861,0.261574,0.312574,62.841038,30.736962,27.530038,0.487444,22710817.2
US,INTC,2016-12-22,-0.132494,30.098,29.899,29.204,29.126333,29.742474,29.317145,0.425328,0.294325,0.262007,62.171004,30.855332,27.552668,0.477627,20125285.4
US,INTC,2016-12-23,0.099502,30.204,29.997,29.2665,29.125333,29.809786,29.381061,0.428725,0.321205,0.21504,62.494002,30.96555,27.56745,0.455653,13740176.8
US,INTC,2016-12-27,0.298211,30.234,30.087,29.3305,29.12,29.880588,29.446908,0.43368,0.3437,0.17996,63.500852,31.078785,27.582215,0.447392,11798056.8
US,INTC,2016-12-28,-1.189296,30.14,30.073,29.3845,29.109833,29.885113,29.481211,0.403902,0.35574,0.096323,56.918762,31.134328,27.634672,0.451864,10661404.8
US,INTC,2016-12-29,0.066867,30.088,30.082,29.4645,29.101667,29.892018,29.514455,0.377564,0.360105,0.034918,57.184283,31.159616,27.769384,0.436731,9486289.6
US,INTC,2016-12-30,-1.069161,29.98,30.039,29.567,29.082167,29.848631,29.521532,0.327099,0.353504,-0.05281,51.69444,31.019654,28.114346,0.440536,10821110.6
US,INTC,2017-01-03,0.911854,29.92,30.062,29.6665,29.066,29.853457,29.548085,0.305372,0.343877,-0.077011,55.570193,30.902514,28.430486,0.447641,13602947.6
US,INTC,2017-01-04,-0.502008,29.812,30.023,29.749,29.047,29.834464,29.56156,0.272903,0.329683,-0.113559,53.024826,30.747957,28.750043,0.440666,14979352.2
US,INTC,2017-01-05,-0.16818,29.766,29.953,29.8155,29.028167,29.8107,29.570334,0.240366,0.311819,-0.142906,52.167061,30.583445,29.047555,0.432762,15202835.8
US,INTC,2017-01-06,0.336927,29.736,29.912,29.8555,29.021167,29.805977,29.585865,0.220112,0.293478,-0.146731,53.777546,30.521817,29.189183,0.430422,16536035.8
US,INTC,2017-01-09,0.369375,29.792,29.886,29.8925,29.017833,29.818904,29.608393,0.21051,0.276884,-0.132748,55.550408,30.474904,29.310096,0.423963,16934723.4
US,INTC,2017-01-10,-0.200736,29.782,29.851,29.924,29.015667,29.820611,29.624808,0.195802,0.260668,-0.129731,54.326423,30.413996,29.434004,0.417251,16079183.4
US,INTC,2017-01-11,1.139792,29.87,29.841,29.964,29.012667,29.874363,29.665193,0.20917,0.250368,-0.082397,59.739898,30.393437,29.534563,0.416019,17375722.8
US,INTC,2017-01-12,-0.66291,29.928,29.847,29.96,29.0085,29.889076,29.687771,0.201305,0.240556,-0.078501,55.567661,30.387645,29.532355,0.423446,18656911.6
US,INTC,2017-01-13,0.233567,29.98,29.858,29.97,28.999333,29.912295,29.713862,0.198433,0.232131,-0.067396,56.707312,30.3953,29.5447,0.407486,18648559.0
US,INTC,2017-01-17,0.033289,30.012,29.902,29.9705,29.020667,29.933481,29.738761,0.194719,0.224649,-0.059859,56.877474,30.396151,29.544849,0.391951,18795315.0
US,INTC,2017-01-18,-0.133111,30.048,29.915,29.9885,29.042333,29.945253,29.758853,0.1864,0.216999,-0.061198,55.930491,30.388064,29.588936,0.386812,18688052.2
US,INTC,2017-01-19,-0.499833,29.986,29.928,29.9755,29.065333,29.932137,29.766345,0.165792,0.206757,-0.081932,52.406741,30.374021,29.576979,0.382754,16939271.4
US,INTC,2017-01-20,1.004689,30.024,29.976,29.9645,29.091833,29.967193,29.795505,0.171688,0.199744,-0.056112,58.093358,30.328394,29.600606,0.381843,17651069.4
US,INTC,2017-01-23,-0.464191,30.02,30.0,29.956,29.118167,29.975317,29.812134,0.163183,0.192431,-0.058497,54.802563,30.306109,29.605891,0.39314,20187135.4
US,INTC,2017-01-24,2.298468,30.152,30.082,29.984,29.158333,30.088345,29.878643,0.209702,0.195886,0.027633,65.250465,30.458991,29.509009,0.421487,23176269.2
US,INTC,2017-01-25,0.48844,30.322,30.185,30.018,29.2025,30.207061,29.951336,0.255725,0.207854,0.095744,67.034494,30.623627,29.412373,0.419238,26571241.4
US,INTC,2017-01-26,-0.615684,30.484,30.235,30.038,29.2445,30.278283,30.00457,0.273712,0.221025,0.105374,62.647154,30.699441,29.376559,0.417864,30669305.6
US,INTC,2017-01-27,1.108575,30.654,30.339,30.093,29.290333,30.390855,30.079047,0.311808,0.239182,0.145252,66.830741,30.874719,29.311281,0.439445,34752831.6
US,INTC,2017-01-30,-1.483392,30.76,30.39,30.124,29.333333,30.415338,30.113932,0.301406,0.251627,0.099559,57.454798,30.926307,29.321693,0.445913,33993261.8
US,INTC,2017-01-31,-1.603928,30.63,30.391,30.1465,29.367,30.360671,30.109937,0.250734,0.251448,-0.001429,49.489933,30.914387,29.378613,0.459776,32376904.4
US,INTC,2017-02-01,-0.798403,30.422,30.372,30.1435,29.402333,30.277491,30.08846,0.189031,0.238965,-0.099868,46.117685,30.915984,29.371016,0.481221,31581569.8
US,INTC,2017-02-02,0.435949,30.278,30.381,30.1545,29.444167,30.227108,30.078204,0.148904,0.220952,-0.144098,48.177543,30.909178,29.399822,0.476134,31135989.0
US,INTC,2017-02-03,0.267112,30.082,30.368,30.172,29.472667,30.196783,30.074633,0.12215,0.201192,-0.158084,49.458029,30.897523,29.446477,0.465696,26469905.0
US,INTC,2017-02-06,-0.699301,29.936,30.348,30.174,29.497,30.138817,30.055772,0.083045,0.177563,-0.189035,46.228908,30.895399,29.452601,0.454574,25964354.0
US,INTC,2017-02-07,0.234742,29.902,30.266,30.174,29.522333,30.100537,30.043492,0.057045,0.153459,-0.192828,47.460306,30.895399,29.452601,0.438533,24268910.4
US,INTC,2017-02-08,0.066912,29.92,30.171,30.178,29.551333,30.071224,30.033604,0.03762,0.130291,-0.185343,47.827931,30.89258,29.46342,0.43721,22754254.0
US,INTC,2017-02-09,-2.507523,29.762,30.02,30.1275,29.566333,29.931036,29.968893,-0.037857,0.096662,-0.269037,37.290572,30.968734,29.286266,0.47098,25931403.6
US,INTC,2017-02-10,-0.342936,29.568,29.825,30.082,29.5815,29.79703,29.901567,-0.104537,0.056422,-0.321918,36.147045,31.042387,29.121613,0.473767,30545079.0
US,INTC,2017-02-13,1.307639,29.492,29.714,30.052,29.597167,29.742102,29.867377,-0.125275,0.020083,-0.290714,43.266623,31.052412,29.051588,0.469927,31895796.8
US,INTC,2017-02-14,0.339674,29.422,29.662,30.0265,29.615333,29.71101,29.843127,-0.132117,-0.010357,-0.24352,45.004432,31.051513,29.001487,0.461361,33326383.8
US,INTC,2017-02-15,0.338524,29.368,29.644,30.008,29.632833,29.700085,29.82808,-0.127995,-0.033885,-0.188221,46.76066,31.046799,28.969201,0.451264,32855351.6
US,INTC,2017-02-16,1.012146,29.524,29.643,30.012,29.656333,29.736995,29.836371,-0.099376,-0.046983,-0.104785,51.739735,31.049104,28.974896,0.44903,27558305.2
US,INTC,2017-02-17,0.200401,29.712,29.64,30.004,29.680333,29.777457,29.848491,-0.071034,-0.051793,-0.038482,52.692661,31.03888,28.96912,0.4391,22518978.2
US,INTC,2017-02-21,0.1,29.83,29.661,30.0045,29.698,29.81631,29.861937,-0.045626,-0.05056,0.009867,53.190352,31.03942,28.96958,0.427021,20994071.6
US,INTC,2017-02-22,-1.232101,29.854,29.638,29.952,29.713333,29.792262,29.846978,-0.054716,-0.051391,-0.00665,46.66917,30.944081,28.959919,0.439377,21827985.4
US,INTC,2017-02-23,0.303439,29.876,29.622,29.8965,29.727,29.78576,29.839795,-0.054034,-0.05192,-0.004229,48.328638,30.799368,28.993632,0.431564,22692541.8
US,INTC,2017-02-24,0.97479,29.896,29.71,29.865,29.7445,29.824874,29.854625,-0.02975,-0.047486,0.035471,53.364222,30.699062,29.030938,0.435024,22152569.2
US,INTC,2017-02-27,-0.066578,29.9,29.806,29.8155,29.764333,29.854894,29.866875,-0.011981,-0.040385,0.056808,52.980749,30.470068,29.160932,0.428236,21183638.8
US,INTC,2017-02-28,-0.832778,29.848,29.839,29.7765,29.788333,29.841833,29.859699,-0.017866,-0.035881,0.036031,48.307747,30.337651,29.215349,0.426934,22067837.6
US,INTC,2017-03-01,-0.77259,29.824,29.839,29.7505,29.821333,29.795397,29.836017,-0.04062,-0.036829,-0.007583,44.425503,30.304846,29.196154,0.441439,22904137.4
US,INTC,2017-03-02,-0.033852,29.78,29.828,29.736,29.848667,29.754567,29.813349,-0.058783,-0.04122,-0.035126,44.258961,30.297441,29.174559,0.431336,23069561.6
US,INTC,2017-03-03,-0.033864,29.676,29.786,29.7145,29.872667,29.71848,29.79162,-0.07314,-0.047604,-0.051073,44.080998,30.274446,29.154554,0.425526,22854222.4
US,INTC,2017-03-06,-0.914634,29.522,29.711,29.6755,29.887667,29.646406,29.7515,-0.105094,-0.059102,-0.091984,39.466698,30.250564,29.100436,0.422989,24924521.6
US,INTC,2017-03-07,0.649573,29.456,29.652,29.6565,29.895333,29.614651,29.728426,-0.113775,-0.070036,-0.087477,43.915773,30.236303,29.076697,0.417061,24616098.0
US,INTC,2017-03-08,-0.509511,29.406,29.615,29.6265,29.897667,29.564705,29.69595,-0.131245,-0.082278,-0.097934,41.332953,30.216865,29.036135,0.408699,21982953.8
US,INTC,2017-03-09,0.546262,29.39,29.585,29.6035,29.901833,29.547058,29.677731,-0.130673,-0.091957,-0.077432,45.045646,30.183647,29.023353,0.405221,21985891.0
US,INTC,2017-03-10,0.271647,29.392,29.534,29.622,29.9045,29.544434,29.666788,-0.122355,-0.098037,-0.048636,46.856566,30.166926,29.077074,0.406991,23558181.4
US,INTC,2017-03-13,-2.09956,29.324,29.423,29.6145,29.8855,29.446828,29.61073,-0.163901,-0.11121,-0.105384,36.749321,30.193239,29.035761,0.442206,29391421.2
US,INTC,2017-03-14,0.06918,29.222,29.339,29.589,29.870333,29.367316,29.560305,-0.192989,-0.127566,-0.130847,37.219766,30.23704,28.94096,0.444191,30421816.8
US,INTC,2017-03-15,-0.241963,29.136,29.271,29.555,29.850667,29.289268,29.508431,-0.219163,-0.145885,-0.146556,36.204776,30.2769,28.8331,0.442463,31837006.2
US,INTC,2017-03-16,0.10395,29.024,29.207,29.5175,29.838,29.227842,29.462621,-0.234779,-0.163664,-0.142231,36.997737,30.293718,28.741282,0.428001,31036859.6
US,INTC,2017-03-17,0.380755,28.918,29.155,29.4705,29.819333,29.192789,29.428353,-0.235564,-0.178044,-0.11504,39.945326,30.25251,28.68849,0.411001,32112163.4
US,INTC,2017-03-20,0.448276,28.962,29.143,29.427,29.7985,29.183129,29.406253,-0.223123,-0.18706,-0.072127,43.320323,30.182701,28.671299,0.403073,24860032.0
US,INTC,2017-03-21,-1.098524,28.938,29.08,29.366,29.7755,29.125725,29.362086,-0.236361,-0.19692,-0.078882,37.703401,30.114075,28.617925,0.409282,23705567.2
US,INTC,2017-03-22,0.937175,28.982,29.059,29.337,29.757667,29.11869,29.341191,-0.2225,-0.202036,-0.040929,44.269374,30.082201,28.591799,0.406476,21935247.8
US,INTC,2017-03-23,-0.275103,29.004,29.014,29.2995,29.738,29.10043,29.315917,-0.215487,-0.204726,-0.021522,42.828973,30.033189,28.565811,0.405299,22140107.6
US,INTC,2017-03-24,-0.310345,28.986,28.952,29.243,29.715333,29.071133,29.285849,-0.214716,-0.206724,-0.015984,41.204682,29.910985,28.575015,0.412063,20421926.2
US,INTC,2017-03-27,0.657212,28.98,28.971,29.197,29.701833,29.075574,29.272083,-0.196508,-0.204681,0.016345,45.871767,29.763643,28.630357,0.415487,20355918.4
US,INTC,2017-03-28,0.584192,29.072,29.005,29.172,29.690833,29.105486,29.271928,-0.166442,-0.197033,0.061182,49.717671,29.675968,28.668032,0.415095,19472638.6
US,INTC,2017-03-29,-0.068329,29.106,29.044,29.1575,29.684833,29.127719,29.270304,-0.142585,-0.186144,0.087117,49.274104,29.634234,28.680766,0.40116,19080673.8
US,INTC,2017-03-30,0.512821,29.186,29.095,29.151,29.676833,29.169608,29.279911,-0.110303,-0.170976,0.121345,52.683715,29.610474,28.691526,0.394649,18239193.4
US,INTC,2017-03-31,0.884354,29.336,29.161,29.158,29.675667,29.245053,29.308066,-0.063013,-0.149383,0.17274,57.958665,29.643288,28.672712,0.396459,18089278.4
US,INTC,2017-04-03,0.236008,29.462,29.221,29.182,29.6765,29.31966,29.33932,-0.01966,-0.123438,0.207557,59.275034,29.726926,28.637074,0.407427,21093559.6
US,INTC,2017-04-04,0.336361,29.574,29.323,29.2015,29.677333,29.398174,29.375667,0.022507,-0.094249,0.233513,61.146649,29.806555,28.596445,0.401182,21197539.0
US,INTC,2017-04-05,-0.167616,29.68,29.393,29.226,29.6755,29.456917,29.405618,0.051299,-0.06514,0.232877,59.670036,29.881024,28.570976,0.406812,22251709.2
US,INTC,2017-04-06,-0.503694,29.726,29.456,29.235,29.672167,29.483545,29.422238,0.061306,-0.03985,0.202314,55.351566,29.906818,28.563182,0.392754,23004763.8
US,INTC,2017-04-07,0.0,29.72,29.528,29.24,29.663167,29.506076,29.437628,0.068448,-0.018191,0.173278,55.351566,29.921938,28.558062,0.383986,21854989.4
US,INTC,2017-04-10,-0.641242,29.662,29.562,29.2665,29.654333,29.495911,29.437804,0.058107,-0.002931,0.122076,50.032255,29.936165,28.596835,0.38513,19447005.8
US,INTC,2017-04-11,-0.169837,29.574,29.574,29.2895,29.6435,29.479617,29.434263,0.045354,0.006726,0.077256,48.705756,29.942753,28.636247,0.39262,20205762.8
US,INTC,2017-04-12,-0.306227,29.478,29.579,29.3115,29.631,29.451983,29.424317,0.027666,0.010914,0.033504,46.324925,29.934341,28.688659,0.394576,19572615.2
US,INTC,2017-04-13,-1.05802,29.35,29.538,29.3165,29.614,29.380909,29.392146,-0.011237,0.006484,-0.035441,39.214453,29.927214,28.705786,0.396392,18685769.8
US,INTC,2017-04-17,0.620904,29.258,29.489,29.325,29.6025,29.348462,29.375691,-0.027229,-0.000259,-0.05394,44.537705,29.922445,28.727555,0.387364,18060016.4
US,INTC,2017-04-18,0.822763,29.252,29.457,29.339,29.59,29.357929,29.378232,-0.020303,-0.004268,-0.032071,50.732927,29.930605,28.747395,0.389695,16529481.8
US,INTC,2017-04-19,0.408024,29.28,29.427,29.375,29.581833,29.384401,29.389474,-0.005073,-0.004429,-0.001288,53.528072,29.919187,28.830813,0.388288,15306042.8
US,INTC,2017-04-20,0.745005,29.37,29.424,29.4085,29.565833,29.440647,29.41618,0.024468,0.001351,0.046234,58.209239,29.958383,28.858617,0.384125,16037552.6
US,INTC,2017-04-21,0.403361,29.546,29.448,29.452,29.549333,29.506702,29.449796,0.056906,0.012462,0.088888,60.543884,30.003384,28.900616,0.390259,16962856.0
US,INTC,2017-04-24,1.171744,29.756,29.507,29.5175,29.541833,29.61644,29.506848,0.109592,0.031888,0.155408,66.43386,30.105781,28.929219,0.393097,19711859.2
US,INTC,2017-04-25,0.330907,29.938,29.595,29.5785,29.530333,29.72468,29.567082,0.157598,0.05703,0.201137,67.907916,30.230521,28.926479,0.385019,21650405.6
US,INTC,2017-04-26,0.164908,30.106,29.693,29.6335,29.527333,29.82396,29.626557,0.197403,0.085104,0.224597,68.649251,30.354118,28.912882,0.383946,23779677.2
US,INTC,2017-04-27,1.350016,30.312,29.841,29.71,29.539333,29.971043,29.711997,0.259046,0.119893,0.278306,73.961024,30.564026,28.855974,0.398664,27168203.4
US,INTC,2017-04-28,-3.411306,30.284,29.915,29.7265,29.537833,29.933959,29.713331,0.220629,0.14004,0.161178,50.406725,30.568599,28.884401,0.460903,34443952.4
US,INTC,2017-05-01,0.437269,30.212,29.984,29.7365,29.536333,29.922581,29.724195,0.198386,0.151709,0.093354,52.426804,30.579952,28.893048,0.45441,34147922.8
US,INTC,2017-05-02,1.808439,30.228,30.083,29.77,29.5425,29.99603,29.774255,0.221775,0.165722,0.112106,59.759219,30.661605,28.878395,0.464095,36907770.6
US,INTC,2017-05-03,0.756579,30.28,30.193,29.81,29.556,30.093564,29.837643,0.255921,0.183762,0.144317,62.41629,30.777347,28.842653,0.463802,35867623.2
US,INTC,2017-05-04,-0.326477,30.23,30.271,29.8475,29.566667,30.160708,29.888929,0.271779,0.201365,0.140827,60.544453,30.864178,28.830822,0.458531,31177047.4
US,INTC,2017-05-05,-0.098264,30.384,30.334,29.891,29.5765,30.212907,29.934194,0.278713,0.216835,0.123757,59.963471,30.940646,28.841354,0.451493,23447044.4
US,INTC,2017-05-08,-0.754098,30.466,30.339,29.923,29.595,30.22169,29.959068,0.262622,0.225992,0.07326,55.56144,30.977876,28.868124,0.441386,22013964.4
US,INTC,2017-05-09,-0.462504,30.412,30.32,29.9575,29.612833,30.207584,29.97173,0.235854,0.227965,0.015779,53.010428,30.991867,28.923133,0.437001,18415189.0
US,INTC,2017-05-10,-0.995685,30.252,30.266,29.9795,29.619333,30.149494,29.961231,0.188263,0.220024,-0.063523,47.931861,30.982904,28.976096,0.43293,19033902.2
US,INTC,2017-05-11,-0.905129,30.058,30.144,29.9925,29.619667,30.058803,29.93151,0.127292,0.201478,-0.148371,43.85929,30.966664,29.018336,0.435578,20048269.2
US,INTC,2017-05-12,-0.439783,29.844,30.114,30.0145,29.616167,29.962064,29.894361,0.067702,0.174723,-0.214041,42.008546,30.914133,29.114867,0.424465,20370589.0
US,INTC,2017-05-15,0.30581,29.694,30.08,30.032,29.609167,29.894054,29.866631,0.027423,0.145263,-0.23568,43.777351,30.877212,29.186788,0.411289,21262573.6
US,INTC,2017-05-16,0.50813,29.602,30.007,30.045,29.603667,29.859584,29.852066,0.007518,0.117714,-0.220391,46.695536,30.858966,29.231034,0.409768,22157113.4
US,INTC,2017-05-17,-2.157061,29.442,29.847,30.02,29.587,29.731956,29.791172,-0.059216,0.082328,-0.283088,37.703523,30.921687,29.118313,0.438356,22464386.6
US,INTC,2017-05-18,0.516707,29.366,29.712,29.9915,29.579,29.64704,29.7459,-0.09886,0.04609,-0.289901,40.591072,30.959142,29.023858,0.432759,21596976.4
US,INTC,2017-05-19,0.479781,29.344,29.594,29.964,29.571833,29.596726,29.714352,-0.117626,0.013347,-0.261946,43.235687,30.974216,28.953784,0.426134,21318833.4
US,INTC,2017-05-22,1.057299,29.366,29.53,29.9345,29.565,29.601845,29.708104,-0.106259,-0.010574,-0.191369,48.683093,30.947544,28.921456,0.438553,19822419.2
US,INTC,2017-05-23,0.269997,29.374,29.488,29.904,29.559833,29.618484,29.708244,-0.08976,-0.026411,-0.126697,50.016174,30.905447,28.902553,0.432942,18744791.4
US,INTC,2017-05-24,0.706833,29.552,29.497,29.8815,29.562333,29.664871,29.72393,-0.059058,-0.032941,-0.052236,53.435682,30.860015,28.902985,0.420589,17582805.2
US,INTC,2017-05-25,0.40107,29.724,29.545,29.8445,29.570667,29.722583,29.747342,-0.024759,-0.031304,0.013091,55.316837,30.736452,28.952548,0.410547,16778139.2
US,INTC,2017-05-26,0.0,29.868,29.606,29.86,29.579167,29.771417,29.769021,0.002396,-0.024564,0.053921,55.316837,30.754226,28.965774,0.393365,15339218.4
US,INTC,2017-05-30,-0.233023,29.936,29.651,29.8655,29.586667,29.801968,29.783908,0.01806,-0.016039,0.068199,53.845187,30.76101,28.96999,0.385982,15016988.2
US,INTC,2017-05-31,-0.2002,29.976,29.675,29.841,29.597667,29.818588,29.793248,0.02534,-0.007763,0.066207,52.554576,30.702856,28.979144,0.388412,15184626.6
US,INTC,2017-06-01,0.033434,29.976,29.764,29.8055,29.605667,29.83419,29.802637,0.031553,0.0001,0.062906,52.757817,30.5894,29.0216,0.380668,14514758.2
US,INTC,2017-06-02,0.568182,29.986,29.855,29.7835,29.619,29.873545,29.823923,0.049622,0.010004,0.079236,56.193329,30.50722,29.05978,0.373477,15710533.8
US,INTC,2017-06-05,0.033234,29.998,29.933,29.7635,29.629833,29.908385,29.844373,0.064011,0.020806,0.086411,56.394212,30.426471,29.100529,0.364657,15818569.0
US,INTC,2017-06-06,-0.564784,29.99,29.963,29.7465,29.6365,29.91171,29.850716,0.060994,0.028843,0.064301,52.026449,30.373087,29.119913,0.366468,16897371.2
US,INTC,2017-06-07,0.367524,30.016,29.996,29.742,29.655333,29.931447,29.864737,0.06671,0.036417,0.060586,54.483004,30.35872,29.12528,0.368149,16787388.6
US,INTC,2017-06-08,0.599201,30.076,30.026,29.7615,29.676833,29.97584,29.891053,0.084787,0.046091,0.077392,58.250402,30.411862,29.111138,0.363995,16716039.0
US,INTC,2017-06-09,-2.117803,29.974,29.98,29.7625,29.688833,29.914941,29.868012,0.046929,0.046258,0.001342,44.232047,30.41168,29.11332,0.411567,19554965.6
US,INTC,2017-06-12,0.067613,29.874,29.936,29.771,29.700667,29.866489,29.848159,0.01833,0.040673,-0.044686,44.680085,30.406858,29.135142,0.417884,22915483.8
US,INTC,2017-06-13,0.405405,29.832,29.911,29.781,29.712667,29.843952,29.838666,0.005286,0.033595,-0.056618,47.410117,30.406968,29.155032,0.413035,23348948.0
US,INTC,2017-06-14,-0.975774,29.71,29.863,29.769,29.717667,29.780267,29.808394,-0.028127,0.021251,-0.098756,42.013996,30.41199,29.12601,0.432818,23740354.8
US,INTC,2017-06-15,-0.611621,29.516,29.796,29.78,29.725,29.698688,29.767032,-0.068344,0.003332,-0.143352,39.043566,30.377997,29.182003,0.42476,24391523.2
US,INTC,2017-06-16,-0.273504,29.434,29.704,29.7795,29.7265,29.617351,29.722807,-0.105456,-0.018426,-0.174061,37.765587,30.379516,29.179484,0.413705,23879668.8
US,INTC,2017-06-19,0.857045,29.398,29.636,29.7845,29.7335,29.586989,29.700377,-0.113388,-0.037418,-0.151939,43.94085,30.370622,29.198378,0.407726,22498761.2
US,INTC,2017-06-20,-1.835486,29.23,29.531,29.747,29.733,29.478222,29.639608,-0.161387,-0.062212,-0.19835,35.700624,30.451815,29.042185,0.418603,22688412.8
US,INTC,2017-06-21,-0.796399,29.074,29.392,29.694,29.7255,29.350803,29.566304,-0.215501,-0.09287,-0.245263,32.872957,30.546019,28.841981,0.434417,24286308.0
US,INTC,2017-06-22,-0.663176,28.916,29.216,29.621,29.712,29.213756,29.484356,-0.270599,-0.128416,-0.284367,30.709094,30.620478,28.621522,0.423387,25124888.2
US,INTC,2017-06-23,-0.491918,28.746,29.09,29.535,29.6965,29.076255,29.398107,-0.321852,-0.167103,-0.309498,29.184673,30.663176,28.406824,0.419574,24824509.6
US,INTC,2017-06-26,-0.353107,28.506,28.952,29.444,29.676833,28.944524,29.31084,-0.366316,-0.206945,-0.318741,28.11124,30.682748,28.205252,0.417461,24278712.4
US,INTC,2017-06-27,-1.204819,28.306,28.768,29.3395,29.647167,28.780751,29.204852,-0.424101,-0.250377,-0.347449,24.774731,30.726835,27.952165,0.416929,25387195.0
US,INTC,2017-06-28,1.61406,28.242,28.658,29.2605,29.623833,28.711405,29.140048,-0.428643,-0.28603,-0.285227,35.659411,30.688246,27.832754,0.421434,25147507.8
US,INTC,2017-06-29,-1.941405,28.106,28.511,29.1535,29.589667,28.568112,29.039304,-0.471192,-0.323062,-0.296259,29.9545,30.684529,27.622471,0.44276,25270058.6
US,INTC,2017-06-30,0.611951,28.032,28.389,29.0465,29.559167,28.473018,28.958614,-0.485597,-0.355569,-0.260055,33.496048,30.599732,27.493268,0.434706,24304285.0
US,INTC,2017-07-03,-0.822898,27.932,28.219,28.9275,29.527333,28.357169,28.866865,-0.509697,-0.386395,-0.246604,31.197782,30.504153,27.350847,0.438655,23068710.6
US,INTC,2017-07-05,2.633478,28.046,28.176,28.8535,29.507667,28.37145,28.835986,-0.464536,-0.402023,-0.125026,44.268198,30.372885,27.334115,0.464465,23655087.6
US,INTC,2017-07-06,-2.073814,27.952,28.097,28.7445,29.481333,28.292766,28.763691,-0.470925,-0.415803,-0.110244,37.987083,30.219918,27.269082,0.477718,22613714.0
US,INTC,2017-07-07,0.753769,28.01,28.058,28.637,29.459333,28.258494,28.712307,-0.453812,-0.423405,-0.060814,41.185823,29.973489,27.300511,0.472881,21231473.2
US,INTC,2017-07-10,-0.676879,27.996,28.014,28.552,29.435667,28.200264,28.650654,-0.45039,-0.428802,-0.043176,39.214912,29.853562,27.250438,0.477675,22328756.4
US,INTC,2017-07-11,0.789096,28.072,28.002,28.477,29.420833,28.184839,28.609865,-0.425026,-0.428047,0.006042,42.637845,29.698787,27.255213,0.473556,24940885.6
US,INTC,2017-07-12,0.960854,28.056,28.051,28.4095,29.4075,28.213325,28.592097,-0.378772,-0.418192,0.07884,46.61137,29.490157,27.328843,0.467587,23692392.4
US,INTC,2017-07-13,-0.035249,28.156,28.054,28.356,29.39,28.235891,28.574905,-0.339014,-0.402356,0.126684,46.48294,29.329949,27.382051,0.450617,22554994.4
US,INTC,2017-07-14,1.304654,28.288,28.149,28.33,29.376667,28.311907,28.586393,-0.274486,-0.376782,0.204593,51.777274,29.232219,27.427781,0.446287,22157373.0
US,INTC,2017-07-17,-0.626523,28.422,28.209,28.299,29.356667,28.348537,28.583698,-0.23516,-0.348458,0.226595,49.225933,29.122842,27.475158,0.436552,20382567.2
US,INTC,2017-07-18,0.175131,28.522,28.297,28.258,29.3355,28.387224,28.584905,-0.197681,-0.318303,0.241242,49.963495,28.920408,27.595592,0.424656,18107625.2
US,INTC,2017-07-19,0.104895,28.574,28.315,28.2455,29.309,28.424574,28.588246,-0.163672,-0.287376,0.24741,50.428783,28.868765,27.622235,0.40718,16761197.2
US,INTC,2017-07-20,0.558854,28.66,28.408,28.2525,29.2835,28.480793,28.60319,-0.122397,-0.254381,0.263967,52.94212,28.896577,27.608423,0.39881,17253200.6
US,INTC,2017-07-21,-0.069469,28.668,28.478,28.268,29.256833,28.525287,28.615547,-0.09026,-0.221556,0.262593,52.583229,28.945365,27.590635,0.394609,18438938.2
US,INTC,2017-07-24,-0.66041,28.674,28.548,28.281,29.220167,28.533704,28.612913,-0.079209,-0.193087,0.227755,49.172902,28.971707,27.590293,0.391423,17459313.6
US,INTC,2017-07-25,0.489853,28.698,28.61,28.306,29.203333,28.562365,28.620846,-0.058481,-0.166166,0.21537,51.660663,29.021804,27.590196,0.383464,18206084.0
US,INTC,2017-07-26,0.243733,28.73,28.652,28.3515,29.1855,28.597386,28.633376,-0.03599,-0.140131,0.208281,52.901946,29.068892,27.634108,0.378217,17898709.0
US,INTC,2017-07-27,0.625217,28.766,28.713,28.3835,29.161667,28.654711,28.658311,-0.0036,-0.112824,0.218449,56.028733,29.14964,27.61736,0.385487,23010034.2
US,INTC,2017-07-28,0.966517,28.862,28.765,28.457,29.138667,28.746294,28.70214,0.044154,-0.081429,0.251166,60.429579,29.258676,27.655324,0.410809,25819322.8
US,INTC,2017-07-31,0.444444,29.022,28.848,28.5285,29.1195,28.843787,28.752352,0.091436,-0.046856,0.276583,62.315403,29.389436,27.667564,0.406466,28001463.8
US,INTC,2017-08-01,2.484683,29.3,28.999,28.648,29.113,29.038589,28.852918,0.185671,-0.00035,0.372043,70.746325,29.674442,27.621558,0.434575,32124176.2
US,INTC,2017-08-02,0.797077,29.612,29.171,28.743,29.114333,29.240345,28.963813,0.276532,0.055026,0.443011,72.893455,30.003557,27.482443,0.439249,36025168.4
US,INTC,2017-08-03,0.329489,29.908,29.337,28.8725,29.119667,29.426445,29.073901,0.352544,0.11453,0.47603,73.757732,30.268478,27.476522,0.433588,32734869.4
US,INTC,2017-08-04,-0.492611,30.118,29.49,28.984,29.1275,29.560838,29.164723,0.396115,0.170847,0.450537,70.144877,30.459729,27.508271,0.430475,29580632.8
US,INTC,2017-08-07,0.330033,30.322,29.672,29.11,29.1415,29.68994,29.256225,0.433715,0.22342,0.420589,71.159126,30.617156,27.602844,0.419726,27803102.0
US,INTC,2017-08-08,-0.032895,30.378,29.839,29.2245,29.1575,29.797642,29.340208,0.457433,0.270223,0.374421,70.899735,30.755101,27.693899,0.413317,24625027.4
US,INTC,2017-08-09,0.493583,30.416,30.014,29.333,29.1745,29.911851,29.429082,0.482769,0.312732,0.340073,72.517998,30.912786,27.753214,0.422366,22183530.2
US,INTC,2017-08-10,-1.24427,30.358,30.133,29.423,29.182667,29.950028,29.483224,0.466804,0.343546,0.246514,62.965218,30.975664,27.870336,0.421483,21399924.0
US,INTC,2017-08-11,-0.729443,30.286,30.202,29.4835,29.197833,29.948485,29.517059,0.431426,0.361122,0.140607,58.186312,31.017622,27.949378,0.427805,21150875.8
US,INTC,2017-08-14,1.302605,30.272,30.297,29.5725,29.217,30.007179,29.577277,0.429902,0.374878,0.110048,63.478157,31.086064,28.058936,0.432962,21210898.4
US,INTC,2017-08-15,-0.923178,30.204,30.291,29.645,29.229167,30.013767,29.612294,0.401474,0.380197,0.042553,57.820358,31.103184,28.186816,0.432751,20988236.8
US,INTC,2017-08-16,-0.532446,30.074,30.245,29.708,29.2335,29.994726,29.632864,0.361862,0.37653,-0.029337,54.813864,31.092335,28.323665,0.432554,20831675.6
US,INTC,2017-08-17,-1.806624,29.912,30.135,29.736,29.2275,29.895537,29.611912,0.283626,0.357949,-0.148647,46.101213,31.06654,28.40546,0.440229,20198004.6
US,INTC,2017-08-18,-0.44293,29.768,30.027,29.7585,29.215833,29.791609,29.582881,0.208728,0.328105,-0.238755,44.27661,31.037144,28.479856,0.42807,19589274.2
US,INTC,2017-08-21,-0.273785,29.53,29.901,29.7865,29.200833,29.691361,29.550075,0.141286,0.290741,-0.29891,43.144946,30.982548,28.590452,0.431779,21194038.8
US,INTC,2017-08-22,-0.754976,29.304,29.754,29.7965,29.182167,29.57269,29.503403,0.069287,0.24645,-0.354326,40.108946,30.959604,28.633396,0.435223,22072284.4
US,INTC,2017-08-23,0.034578,29.112,29.593,29.8035,29.164833,29.473815,29.460929,0.012886,0.199738,-0.373703,40.314537,30.94375,28.66325,0.42985,21599113.0
US,INTC,2017-08-24,0.138265,29.036,29.474,29.8035,29.149167,29.396305,29.424563,-0.028259,0.154138,-0.364794,41.184255,30.94375,28.66325,0.419147,20554499.2
US,INTC,2017-08-25,-0.103555,28.98,29.374,29.788,29.132833,29.326104,29.38867,-0.062566,0.110798,-0.346727,40.705178,30.965737,28.610263,0.410636,20253583.4
US,INTC,2017-08-28,-0.069109,28.936,29.233,29.765,29.113333,29.263627,29.353954,-0.090327,0.070573,-0.321799,40.368041,30.9907,28.5393,0.394162,19097504.4
US,INTC,2017-08-29,0.242047,28.95,29.127,29.709,29.094833,29.22153,29.326994,-0.105464,0.035365,-0.281658,42.17329,30.968411,28.449589,0.383865,17046679.8
US,INTC,2017-08-30,0.44843,28.988,29.05,29.6475,29.081333,29.20591,29.311661,-0.105751,0.007142,-0.225786,45.474605,30.895777,28.399223,0.376446,16830054.4
US,INTC,2017-08-31,0.51511,29.048,29.042,29.5885,29.0685,29.21577,29.308575,-0.092805,-0.012847,-0.159915,49.086413,30.790153,28.386847,0.368128,17243030.4
US,INTC,2017-09-01,0.068329,29.118,29.049,29.538,29.053,29.22719,29.307199,-0.080009,-0.02628,-0.107459,49.566115,30.700043,28.375957,0.361119,16862059.0
US,INTC,2017-09-05,-0.204848,29.18,29.058,29.4795,29.047167,29.227622,29.301481,-0.073858,-0.035795,-0.076126,48.101896,30.578144,28.380856,0.359611,16579602.6
US,INTC,2017-09-06,2.086897,29.35,29.15,29.452,29.051167,29.321834,29.341371,-0.019537,-0.032544,0.026014,60.785247,30.483593,28.420407,0.38821,19026156.6
US,INTC,2017-09-07,-0.603217,29.458,29.223,29.408,29.050167,29.37386,29.364973,0.008887,-0.024258,0.066288,56.40473,30.318134,28.497866,0.397624,18572570.6
US,INTC,2017-09-08,-0.977748,29.478,29.263,29.3685,29.049167,29.373266,29.365346,0.00792,-0.017822,0.051485,50.135903,30.210694,28.526306,0.396365,18124219.8
US,INTC,2017-09-11,1.634321,29.59,29.354,29.364,29.059167,29.44661,29.401246,0.045364,-0.005185,0.101097,58.380913,30.194816,28.533184,0.419481,19567340.4
US,INTC,2017-09-12,0.904523,29.768,29.474,29.3535,29.075,29.550208,29.454487,0.095721,0.014996,0.16145,62.170097,30.139306,28.567694,0.425233,19605200.0
US,INTC,2017-09-13,0.664011,29.864,29.607,29.367,29.09,29.668638,29.518599,0.150039,0.042005,0.216068,64.731572,30.207574,28.526426,0.420573,17091869.8
US,INTC,2017-09-14,0.42876,30.022,29.74,29.395,29.116167,29.788847,29.587592,0.201256,0.073855,0.254801,66.327553,30.33484,28.45516,0.422675,17451243.6
US,INTC,2017-09-15,1.412151,30.324,29.901,29.4715,29.153333,29.956717,29.683326,0.273391,0.113762,0.319258,71.001899,30.611908,28.331092,0.443913,21345454.4
US,INTC,2017-09-18,0.0,30.53,30.06,29.5545,29.193667,30.09876,29.771968,0.326792,0.156368,0.340848,71.001899,30.841784,28.267216,0.444348,21216706.2
US,INTC,2017-09-19,0.615285,30.72,30.244,29.651,29.2395,30.248182,29.868119,0.380063,0.201107,0.357912,72.92776,31.080978,28.221022,0.430466,22088832.8
US,INTC,2017-09-20,-0.41841,30.844,30.354,29.752,29.284833,30.354615,29.947517,0.407098,0.242305,0.329585,69.525452,31.245139,28.258861,0.436861,23778370.6
US,INTC,2017-09-21,0.355527,30.964,30.493,29.858,29.337667,30.461598,30.029183,0.432415,0.280327,0.304175,70.768165,31.40278,28.31322,0.430657,24750413.0
US,INTC,2017-09-22,-0.064412,30.994,30.659,29.961,29.382667,30.549044,30.103317,0.445727,0.313407,0.264639,70.207582,31.529731,28.392269,0.41561,22357549.4
US,INTC,2017-09-25,-0.064454,31.02,30.775,30.0645,29.4365,30.619961,30.170479,0.449482,0.340622,0.217719,69.613726,31.623236,28.505764,0.40878,23114950.2
US,INTC,2017-09-26,0.838439,31.06,30.89,30.182,29.491833,30.719967,30.251925,0.468042,0.366106,0.203871,72.831072,31.732195,28.631805,0.417439,24302919.0
US,INTC,2017-09-27,0.191877,31.138,30.991,30.299,29.552,30.813818,30.331782,0.482035,0.389292,0.185487,73.527658,31.824699,28.773301,0.423336,24707700.6
US,INTC,2017-09-28,0.766039,31.242,31.103,30.4215,29.604,30.930154,30.423502,0.506651,0.412764,0.187775,76.160608,31.942293,28.900707,0.428098,24351157.2
US,INTC,2017-09-29,0.665188,31.392,31.193,30.547,29.669333,31.060899,30.523984,0.536916,0.437594,0.198643,78.203432,32.081185,29.012815,0.424662,24668273.6
US,INTC,2017-10-02,2.517306,31.706,31.363,30.7115,29.7445,31.294607,30.676281,0.618326,0.473741,0.289171,83.872951,32.371648,29.051352,0.454329,27511008.8
US,INTC,2017-10-03,0.890117,32.026,31.543,30.8935,29.827667,31.536975,30.838779,0.698196,0.518632,0.359129,85.359585,32.658847,29.128153,0.466877,28353373.6
US,INTC,2017-10-04,-0.121692,32.326,31.732,31.043,29.9065,31.735902,30.986277,0.749625,0.56483,0.36959,84.206552,32.928493,29.157507,0.465672,28830861.6
US,INTC,2017-10-05,0.487359,32.61,31.926,31.2095,29.9835,31.92884,31.134701,0.79414,0.610692,0.366895,85.075009,33.163936,29.255064,0.458838,28138628.8
US,INTC,2017-10-06,0.242498,32.868,32.13,31.3945,30.062,32.104403,31.278056,0.826347,0.653823,0.345048,85.504216,33.317638,29.471362,0.454635,27272668.8
US,INTC,2017-10-09,0.604778,33.006,32.356,31.5655,30.137667,32.283726,31.425607,0.858118,0.694682,0.326872,86.545894,33.516884,29.614116,0.44359,23492582.0
US,INTC,2017-10-10,-0.541028,33.05,32.538,31.714,30.213333,32.407768,31.548896,0.858872,0.72752,0.262704,80.910509,33.654777,29.773223,0.446191,22670146.8
US,INTC,2017-10-11,-0.876398,33.044,32.685,31.838,30.283333,32.468111,31.64157,0.826541,0.747324,0.158433,72.697425,33.722766,29.953234,0.450748,23147323.6
US,INTC,2017-10-12,-0.27439,32.988,32.799,31.951,30.351333,32.505325,31.720713,0.784612,0.754782,0.05966,70.31203,33.758771,30.143229,0.443552,23262657.0
US,INTC,2017-10-13,1.222868,32.996,32.932,32.0625,30.423333,32.598352,31.823623,0.774729,0.758771,0.031915,74.341714,33.86737,30.25763,0.449013,22851023.0
US,INTC,2017-10-16,0.211416,32.978,32.992,32.1775,30.496833,32.687836,31.924096,0.763741,0.759765,0.007951,74.981701,33.959284,30.395716,0.438369,21650034.0
US,INTC,2017-10-17,0.090416,33.002,33.026,32.2845,30.574,32.768169,32.019348,0.748821,0.757576,-0.01751,75.266434,34.044289,30.524711,0.437057,18778594.2
US,INTC,2017-10-18,1.144234,33.16,33.102,32.417,30.655167,32.894605,32.135692,0.758912,0.757844,0.002137,78.590262,34.150772,30.683228,0.446553,16912563.4
US,INTC,2017-10-19,-0.38702,33.31,33.149,32.5375,30.733,32.981589,32.233789,0.747799,0.755835,-0.016071,74.882787,34.208343,30.866657,0.444656,17099715.6
US,INTC,2017-10-20,0.83682,33.436,33.216,32.673,30.8125,33.098267,32.34536,0.752907,0.755249,-0.004685,77.360113,34.2708,31.0752,0.434324,17400976.8
US,INTC,2017-10-23,1.007706,33.616,33.297,32.8265,30.893,33.249303,32.473852,0.775451,0.759289,0.032323,79.946573,34.34358,31.30942,0.441872,20632543.0
US,INTC,2017-10-24,0.293427,33.81,33.406,32.972,30.973,33.392487,32.600234,0.792254,0.765882,0.052743,80.64688,34.42069,31.52331,0.429595,21456462.8
US,INTC,2017-10-25,-0.438853,33.898,33.529,33.107,31.038333,33.490566,32.706142,0.784424,0.769591,0.029667,76.340328,34.414839,31.799161,0.432481,21977884.0
US,INTC,2017-10-26,1.41052,34.108,33.709,33.254,31.107667,33.647402,32.839761,0.807641,0.777201,0.06088,80.017591,34.497067,32.010933,0.453018,25782822.0
US,INTC,2017-10-27,7.389163,34.772,34.104,33.518,31.217833,34.172417,33.152372,1.020046,0.82577,0.388552,89.422821,35.449068,31.586932,0.638517,40121347.6
US,INTC,2017-10-30,-0.08095,35.362,34.489,33.7405,31.33,34.612045,33.439603,1.172442,0.895104,0.554676,88.892726,36.153353,31.327647,0.670766,44024258.0
US,INTC,2017-10-31,2.538482,36.12,34.965,33.9955,31.456167,35.128654,33.775188,1.353465,0.986776,0.733378,90.744175,36.993489,30.997511,0.708568,49493958.6
US,INTC,2017-11-01,2.659995,37.11,35.504,34.303,31.599333,35.721169,34.16073,1.560439,1.101509,0.91786,92.24076,37.950888,30.655112,0.730099,54250371.4
US,INTC,2017-11-02,0.846588,38.07,36.089,34.619,31.7455,36.273296,34.542157,1.731139,1.227435,1.007409,92.658448,38.811479,30.426521,0.738663,55521342.4
US,INTC,2017-11-03,-1.628084,38.392,36.582,34.899,31.887333,36.64202,34.847923,1.794097,1.340767,0.906659,83.293717,39.378455,30.419545,0.78733,45375304.4
US,INTC,2017-11-06,1.396431,38.828,37.095,35.196,32.041833,37.037094,35.17104,1.866054,1.445825,0.840458,84.698895,39.981279,30.410721,0.771807,42549995.0
US,INTC,2017-11-07,0.153022,39.088,37.604,35.505,32.190833,37.380618,35.474667,1.905951,1.53785,0.736202,84.851359,40.499939,30.510061,0.758821,38042085.2
US,INTC,2017-11-08,-0.152788,39.134,38.122,35.8255,32.3435,37.662061,35.751358,1.910703,1.61242,0.596565,83.950509,40.906891,30.744109,0.733905,32792492.2
US,INTC,2017-11-09,-0.867126,39.046,38.558,36.1335,32.493167,37.847898,35.982369,1.865529,1.663042,0.404974,78.842334,41.168737,31.098263,0.745054,28986113.8
US,INTC,2017-11-10,-1.543607,38.966,38.679,36.3915,32.641833,37.912837,36.151823,1.761014,1.682637,0.156755,70.670194,41.308,31.475,0.746836,25945562.6
US,INTC,2017-11-13,0.365822,38.806,38.817,36.653,32.795,37.989323,36.319095,1.670228,1.680155,-0.019853,71.414721,41.412261,31.893739,0.734919,22938368.8
US,INTC,2017-11-14,0.234314,38.652,38.87,36.9175,32.951,38.067889,36.480644,1.587245,1.661573,-0.148655,71.908402,41.465264,32.369736,0.718139,22486328.6
US,INTC,2017-11-15,-0.883117,38.442,38.788,37.146,33.105,38.08206,36.605041,1.477019,1.624662,-0.295286,67.187614,41.455016,32.836984,0.708272,21604617.6
US,INTC,2017-11-16,0.419287,38.332,38.689,37.389,33.2615,38.118666,36.732075,1.386592,1.577048,-0.380913,68.24415,41.375196,33.402804,0.69411,21778427.2
US,INTC,2017-11-17,-2.218163,38.172,38.569,37.5755,33.403167,38.018871,36.786736,1.232136,1.508066,-0.55186,57.62807,41.193358,33.957642,0.705959,29718964.4
US,INTC,2017-11-20,-0.026688,37.982,38.394,37.7445,33.545167,37.932891,36.836607,1.096284,1.425709,-0.658851,57.514714,40.990054,34.498946,0.692677,30403164.6
US,INTC,2017-11-21,0.720769,37.828,38.24,37.922,33.692,37.901677,36.902784,0.998893,1.340346,-0.682907,59.813197,40.726729,35.117271,0.679628,30337136.0
US,INTC,2017-11-22,-0.662603,37.692,38.067,38.0945,33.8335,37.836804,36.945541,0.891263,1.250529,-0.718533,56.751641,40.275559,35.913441,0.655369,30813361.4
US,INTC,2017-11-24,0.240128,37.542,37.937,38.2475,33.974333,37.795757,36.991797,0.80396,1.161215,-0.714511,57.593169,39.713336,36.781664,0.629986,26816645.6
US,INTC,2017-11-27,-0.585574,37.518,37.845,38.262,34.109,37.727179,37.018331,0.708848,1.070742,-0.723788,54.786833,39.685694,36.838306,0.613558,17697460.6
US,INTC,2017-11-28,0.535475,37.536,37.759,38.288,34.246667,37.699921,37.057714,0.642207,0.985035,-0.685656,56.845503,39.637824,36.938176,0.600447,17252272.4
US,INTC,2017-11-29,-1.731025,37.37,37.599,38.2345,34.3745,37.576856,37.046031,0.530825,0.894193,-0.726736,49.031634,39.709512,36.759488,0.636843,18285441.0
US,INTC,2017-11-30,2.00542,37.402,37.547,38.1675,34.5045,37.58657,37.090029,0.496542,0.814663,-0.636242,56.382432,39.622572,36.712428,0.66564,21206835.4
US,INTC,2017-12-01,-0.345377,37.39,37.466,38.0775,34.635333,37.57479,37.121138,0.453652,0.742461,-0.577616,54.884877,39.459613,36.695387,0.696666,25246924.4
US,INTC,2017-12-04,-0.426553,37.39,37.454,38.0115,34.768333,37.540207,37.138091,0.402117,0.674392,-0.54455,53.018382,39.400187,36.622813,0.704761,27206659.6
US,INTC,2017-12-05,-2.356091,37.174,37.355,37.8745,34.878667,37.37556,37.088602,0.286958,0.596905,-0.619895,44.129443,39.303254,36.445746,0.755135,29293217.2
US,INTC,2017-12-06,0.02742,37.09,37.23,37.735,34.984667,37.237782,37.043521,0.194261,0.516376,-0.644231,44.243841,39.13605,36.33395,0.764054,29428005.6
US,INTC,2017-12-07,-0.849781,36.796,37.099,37.583,35.082167,37.073507,36.978816,0.094692,0.432039,-0.674695,41.412983,38.970532,36.195468,0.758765,29140633.2
US,INTC,2017-12-08,0.608239,36.572,36.981,37.459,35.181167,36.968352,36.9352,0.033153,0.352262,-0.638218,44.144338,38.807004,36.110996,0.733853,28440328.6
US,INTC,2017-12-11,0.714482,36.432,36.911,37.378,35.277333,36.919375,36.914074,0.005301,0.28287,-0.555137,47.272909,38.715993,36.040007,0.712863,26925350.4
US,INTC,2017-12-12,-0.736698,36.414,36.794,37.2765,35.369,36.836394,36.874513,-0.038118,0.218672,-0.513581,44.486275,38.593774,35.959226,0.69623,24111460.0
US,INTC,2017-12-13,0.027488,36.396,36.743,37.171,35.457667,36.767718,36.838623,-0.070905,0.160757,-0.463323,44.616492,38.415378,35.926622,0.6715,22849189.6
US,INTC,2017-12-14,-0.192361,36.426,36.611,37.079,35.547333,36.698839,36.800206,-0.101368,0.108332,-0.419399,43.841256,38.288891,35.869109,0.656393,20236484.8
US,INTC,2017-12-15,3.001101,36.63,36.601,37.0335,35.653333,36.808248,36.845376,-0.037128,0.07924,-0.232736,56.512437,38.114912,35.952088,0.715936,25100925.4
US,INTC,2017-12-18,3.822507,37.068,36.75,37.102,35.7835,37.120825,36.993126,0.127699,0.088932,0.077535,67.024452,38.430632,35.773368,0.772655,31089610.8
US,INTC,2017-12-19,1.673532,37.69,37.052,37.2035,35.924833,37.485314,37.17808,0.307234,0.132592,0.349283,70.513494,38.888413,35.518587,0.799608,36062354.4
US,INTC,2017-12-20,1.114206,38.398,37.397,37.3135,36.069167,37.861419,37.381926,0.479494,0.201972,0.555042,72.625,39.368214,35.258786,0.801779,39969458.0
US,INTC,2017-12-21,-1.677936,38.986,37.706,37.4025,36.201333,38.076586,37.521042,0.555543,0.272687,0.565713,64.992937,39.62565,35.17935,0.806652,44633164.8
US,INTC,2017-12-22,-0.127356,39.346,37.988,37.4845,36.328667,38.250957,37.64615,0.604807,0.339111,0.531392,64.448623,39.843165,35.125835,0.809034,41920481.8
US,INTC,2017-12-26,-1.326192,39.316,38.192,37.5515,36.443833,38.318502,37.723472,0.59503,0.390294,0.40947,58.921781,39.96653,35.13647,0.796246,34953282.0
US,INTC,2017-12-27,0.051693,39.16,38.425,37.6095,36.546,38.378733,37.796549,0.582184,0.428672,0.307023,59.067175,40.076753,35.142247,0.7608,29340993.0
US,INTC,2017-12-28,0.232498,38.934,38.666,37.7045,36.644833,38.443543,37.870878,0.572665,0.457471,0.230388,59.757442,40.201302,35.207698,0.731457,23054871.8
US,INTC,2017-12-29,-0.128866,38.832,38.909,37.76,36.7435,38.49069,37.935998,0.554692,0.476915,0.155553,59.160558,40.297613,35.222387,0.703496,17941079.8
US,INTC,2018-01-02,1.496774,38.856,39.101,37.851,36.849167,38.619815,38.039258,0.580557,0.497643,0.165827,63.691137,40.475278,35.226722,0.697532,15832530.6
US,INTC,2018-01-03,-3.381643,38.718,39.017,37.8835,36.931333,38.524459,38.03635,0.488109,0.495736,-0.015255,49.994735,40.498237,35.268763,0.839136,36021662.2
US,INTC,2018-01-04,-1.842105,38.436,38.798,37.925,36.9985,38.33608,37.981805,0.354275,0.467444,-0.226338,44.563062,40.474208,35.375792,0.933484,51191551.8
US,INTC,2018-01-05,0.697051,38.188,38.561,37.979,37.073,38.216683,37.950561,0.266123,0.42718,-0.322114,46.871901,40.447975,35.510025,0.941806,57655478.6
US,INTC,2018-01-08,0.0,37.95,38.391,38.0485,37.152333,38.115655,37.92163,0.194025,0.380549,-0.373048,46.871901,40.38455,35.71245,0.926677,60923334.2
US,INTC,2018-01-09,-2.502662,37.408,38.132,38.06,37.2175,37.885554,37.825213,0.060341,0.316507,-0.512332,39.903553,40.365342,35.754658,0.9412,65105638.2
US,INTC,2018-01-10,-2.566903,36.944,37.831,38.0115,37.260333,37.546238,37.666308,-0.12007,0.229192,-0.698524,34.396534,40.469233,35.553767,0.944686,50956831.2
US,INTC,2018-01-11,2.130045,36.772,37.604,38.0145,37.314667,37.376048,37.575471,-0.199423,0.143469,-0.685784,41.434068,40.464394,35.564606,0.945066,40189311.2
US,INTC,2018-01-12,-0.384193,36.52,37.354,38.01,37.366167,37.210502,37.480991,-0.270489,0.060677,-0.662333,40.570681,40.472113,35.547887,0.912561,37819220.6
US,INTC,2018-01-16,-0.220386,36.252,37.101,38.005,37.41,37.058117,37.387585,-0.329468,-0.017352,-0.624232,40.057025,40.481187,35.528813,0.901664,38745903.0
US,INTC,2018-01-17,2.898951,36.382,36.895,37.998,37.4735,37.090714,37.378875,-0.28816,-0.071513,-0.433294,49.155855,40.481655,35.514345,0.915831,36363163.2
US,INTC,2018-01-18,0.187819,36.714,36.829,37.923,37.5335,37.129066,37.375995,-0.246929,-0.106597,-0.280665,49.703973,40.390964,35.455036,0.8847,32581478.8
US,INTC,2018-01-19,0.776647,36.952,36.862,37.83,37.592667,37.206133,37.39481,-0.188677,-0.123013,-0.131329,52.01205,40.192693,35.467307,0.860078,30663218.4
US,INTC,2018-01-22,2.072814,37.374,36.947,37.754,37.663167,37.391343,37.47001,-0.078666,-0.114143,0.070954,57.642329,39.932186,35.575814,0.858644,30209860.2
US,INTC,2018-01-23,0.676907,37.864,37.058,37.7245,37.7405,37.58806,37.558898,0.029162,-0.085482,0.229289,59.354222,39.835239,35.613761,0.82517,26963444.6
US,INTC,2018-01-24,-1.189553,38.052,37.217,37.6745,37.802167,37.683743,37.607127,0.076615,-0.053063,0.259356,55.11049,39.687214,35.661786,0.836229,26982566.4
US,INTC,2018-01-25,-0.471081,38.19,37.452,37.6415,37.818333,37.737013,37.638451,0.098562,-0.022738,0.242599,53.49859,39.607636,35.675364,0.848641,28969009.8
US,INTC,2018-01-26,10.544307,39.072,38.012,37.808,37.901833,38.399011,37.964492,0.434519,0.068713,0.731611,72.673786,40.527526,35.088474,1.078738,41196182.2
US,INTC,2018-01-29,-0.190295,39.782,38.578,37.966,37.968333,38.946856,38.260456,0.6864,0.192251,0.988298,72.035594,41.213611,34.718389,1.090257,44915637.8
US,INTC,2018-01-30,-2.383222,40.24,39.052,38.0765,38.001333,39.25657,38.460422,0.796148,0.31303,0.966236,64.420236,41.564768,34.588232,1.091667,47051535.2
US,INTC,2018-01-31,-1.342773,40.68,39.366,38.1305,38.019667,39.434021,38.604835,0.829186,0.416261,0.825849,60.624148,41.726489,34.534511,1.11512,48882673.8
US,INTC,2018-02-01,-1.0146,41.074,39.632,38.2305,38.041833,39.521095,38.708181,0.812914,0.495592,0.634644,57.885781,41.916519,34.544481,1.096897,47299000.6
US,INTC,2018-02-02,-3.15,40.414,39.743,38.3025,38.034,39.400926,38.710538,0.690389,0.534551,0.311675,50.357715,41.969209,34.635791,1.119976,35648390.6
US,INTC,2018-02-05,-3.510583,39.498,39.64,38.2935,38.0025,39.090014,38.611979,0.478035,0.523248,-0.090426,43.744826,41.968329,34.618671,1.205692,35961390.8
US,INTC,2018-02-06,1.551632,38.898,39.569,38.3135,37.981667,38.916166,38.563684,0.352482,0.489095,-0.273226,46.944665,41.976478,34.650522,1.234571,41027549.0
US,INTC,2018-02-07,0.632244,38.456,39.568,38.3925,37.9705,38.805987,38.536745,0.269242,0.445124,-0.351765,48.256235,41.973203,34.811797,1.264959,40205249.0
US,INTC,2018-02-08,-5.418848,37.682,39.378,38.415,37.934833,38.394296,38.358467,0.035829,0.363265,-0.654872,39.244894,41.932337,34.897663,1.336747,43067439.0
US,INTC,2018-02-09,2.823139,37.364,38.889,38.4505,37.913833,38.202866,38.268951,-0.066085,0.277395,-0.68696,44.722593,41.901085,34.999915,1.376265,47195061.4
US,INTC,2018-02-12,1.991925,37.466,38.482,38.53,37.903667,38.154733,38.240881,-0.086148,0.204686,-0.581669,48.360203,41.849512,35.210488,1.350818,43297157.4
US,INTC,2018-02-13,-0.818158,37.39,38.144,38.598,37.894,38.066312,38.191927,-0.125614,0.138626,-0.528481,46.965873,41.778243,35.417757,1.288616,35571603.0
US,INTC,2018-02-14,2.075572,37.422,37.939,38.6525,37.894667,38.111495,38.204377,-0.092881,0.092325,-0.370412,50.808967,41.776708,35.528292,1.285144,32054322.2
US,INTC,2018-02-15,1.173097,37.958,37.82,38.726,37.917,38.218957,38.249238,-0.03028,0.067804,-0.196168,52.928247,41.79186,35.66014,1.256205,28131414.8
US,INTC,2018-02-16,-0.772997,38.23,37.797,38.77,37.9345,38.263733,38.268553,-0.00482,0.053279,-0.116198,51.340235,41.796688,35.743312,1.231476,22566228.0
US,INTC,2018-02-20,1.661906,38.482,37.974,38.807,37.958167,38.400082,38.333846,0.066236,0.05587,0.020732,54.478072,41.833272,35.780728,1.223514,21992716.2
US,INTC,2018-02-21,-0.817369,38.732,38.061,38.815,37.980667,38.466223,38.370598,0.095625,0.063821,0.063608,52.649918,41.840627,35.789373,1.205405,23594691.8
US,INTC,2018-02-22,-0.309039,38.802,38.112,38.84,37.999667,38.503727,38.395739,0.107989,0.072655,0.070667,51.945941,41.853456,35.826544,1.175734,22999560.4
US,INTC,2018-02-23,4.210798,39.108,38.533,38.9555,38.0495,38.786231,38.539758,0.246473,0.107418,0.278109,59.807322,42.012678,35.898322,1.211753,23500384.0
US,INTC,2018-02-26,2.900347,39.708,38.969,38.929,38.1155,39.205272,38.759776,0.445496,0.175034,0.540924,64.319468,41.886329,35.971671,1.210199,24603803.8
US,INTC,2018-02-27,1.638159,40.316,39.399,38.9405,38.203667,39.664461,39.013867,0.650594,0.270146,0.760897,66.661989,41.946278,35.934722,1.232328,28226226.8
US,INTC,2018-02-28,-1.256222,40.882,39.807,38.9755,38.270667,39.971467,39.209877,0.761591,0.368435,0.786311,63.180334,42.0889,35.8621,1.20859,29828966.0
US,INTC,2018-03-01,-2.928469,41.228,40.015,38.977,38.3195,40.043549,39.300997,0.742552,0.443258,0.598588,55.937933,42.093191,35.860809,1.257976,33705023.2
US,INTC,2018-03-02,2.373887,41.44,40.274,39.047,38.387,40.252234,39.456479,0.795755,0.513758,0.563995,59.839146,42.311341,35.782659,1.294549,35158959.4
US,INTC,2018-03-05,1.570048,41.548,40.628,39.2125,38.48,40.528813,39.648591,0.880222,0.587051,0.586343,62.274682,42.724069,35.700931,1.30851,35925802.4
US,INTC,2018-03-06,1.926278,41.682,40.999,39.4865,38.586333,40.887457,39.886473,1.000984,0.669837,0.662293,65.113909,43.230836,35.742164,1.310045,35027447.0
US,INTC,2018-03-07,1.213252,42.026,41.454,39.7575,38.7065,41.270925,40.145253,1.125672,0.761004,0.729336,66.839325,43.793849,35.721151,1.300042,34279599.0
US,INTC,2018-03-08,-1.129553,42.516,41.872,39.992,38.814833,41.520014,40.348568,1.171446,0.843093,0.656707,63.644972,44.181213,35.802787,1.304325,32910502.6
US,INTC,2018-03-09,2.844486,43.058,42.249,40.391,38.939167,41.918473,40.627192,1.291281,0.93273,0.717101,67.774488,44.552884,36.229116,1.30473,32793967.0
US,INTC,2018-03-12,-1.269553,43.358,42.453,40.711,39.058667,42.169477,40.843697,1.325781,1.01134,0.628881,64.171288,44.810599,36.611401,1.312964,33037539.2
US,INTC,2018-03-13,0.505166,43.54,42.611,41.005,39.181667,42.415712,41.06046,1.355252,1.080123,0.550258,64.959445,45.09656,36.91344,1.363466,34325863.6
US,INTC,2018-03-14,0.13708,43.63,42.828,41.3175,39.306833,42.633294,41.265611,1.367684,1.137635,0.460097,65.184386,45.267213,37.367787,1.318219,32964175.4
US,INTC,2018-03-15,-1.89368,43.652,43.084,41.5495,39.4,42.689711,41.394084,1.295626,1.169233,0.252787,59.494712,45.318019,37.780981,1.309774,32194189.6
US,INTC,2018-03-16,0.581395,43.48,43.269,41.7715,39.4735,42.775909,41.531559,1.24435,1.184256,0.120186,60.609973,45.388401,38.154599,1.266219,34160568.8
US,INTC,2018-03-19,-0.67052,43.362,43.36,41.994,39.531333,42.804231,41.63737,1.166861,1.180777,-0.027833,58.594556,45.316495,38.671505,1.254346,33974742.0
US,INTC,2018-03-20,1.419926,43.322,43.431,42.215,39.592,42.922041,41.780528,1.141514,1.172925,-0.062822,61.494938,45.333124,39.096876,1.224036,29302947.8
US,INTC,2018-03-21,0.022952,43.272,43.451,42.4525,39.664,43.023266,41.913822,1.109444,1.160228,-0.101569,61.542497,45.20533,39.69967,1.197319,28952142.6
US,INTC,2018-03-22,-1.422671,43.264,43.458,42.665,39.7265,43.013533,41.991317,1.022216,1.132626,-0.22082,56.853805,44.820852,40.509148,1.193939,30009091.0
US,INTC,2018-03-23,-2.886406,42.958,43.219,42.734,39.777,42.814528,41.971219,0.843309,1.074762,-0.462908,48.839553,44.66432,40.80368,1.207229,29033903.2
US,INTC,2018-03-26,6.3279,43.238,43.3,42.8765,39.871167,43.052293,42.148166,0.904127,1.040635,-0.273017,61.335796,44.844761,40.908239,1.310284,30672099.0
US,INTC,2018-03-27,-2.457169,43.178,43.25,42.9305,39.945667,43.085786,42.231265,0.854521,1.003413,-0.297782,55.326974,44.879628,40.981372,1.365978,33984517.2
US,INTC,2018-03-28,-3.119945,42.846,43.059,42.9435,39.9985,42.906434,42.208208,0.698226,0.942375,-0.488298,48.933024,44.861783,41.025217,1.400551,36930793.8
US,INTC,2018-03-29,5.009542,43.058,43.161,43.1225,40.076667,43.077752,42.342415,0.735337,0.900968,-0.331261,57.215961,44.713071,41.531929,1.450512,39800760.8
US,INTC,2018-04-02,-6.065425,42.984,42.971,43.12,40.1325,42.811944,42.268903,0.543042,0.829382,-0.572682,46.818283,44.721512,41.518488,1.63619,45701551.4
US,INTC,2018-04-03,1.692866,42.522,42.88,43.12,40.211667,42.694722,42.252688,0.442034,0.751913,-0.619757,49.413793,44.721512,41.518488,1.61289,45726778.0
US,INTC,2018-04-04,0.475624,42.318,42.748,43.0895,40.289833,42.626303,42.252488,0.373815,0.676293,-0.604957,50.162197,44.732357,41.446643,1.62697,44045378.8
US,INTC,2018-04-05,0.781065,42.45,42.648,43.0495,40.3735,42.61918,42.276749,0.342431,0.609521,-0.53418,51.438817,44.70105,41.39795,1.556472,41474277.2
US,INTC,2018-04-06,-3.147017,41.894,42.476,42.967,40.4505,42.406998,42.199952,0.207046,0.529026,-0.64396,46.257282,44.797345,41.136655,1.560295,38064149.0
US,INTC,2018-04-09,1.551891,42.0,42.492,42.8555,40.553833,42.325921,42.176252,0.149669,0.453154,-0.60697,48.904617,44.665323,41.045677,1.588846,30913982.0
US,INTC,2018-04-10,3.462273,42.256,42.389,42.8445,40.668667,42.480395,42.261715,0.21868,0.40626,-0.375159,54.38679,44.639922,41.049078,1.592499,28311062.4
US,INTC,2018-04-11,-0.323102,42.444,42.381,42.8155,40.7835,42.589565,42.330477,0.259088,0.376825,-0.235474,53.786735,44.568423,41.062577,1.533749,25750739.6
US,INTC,2018-04-12,3.172031,42.84,42.645,42.852,40.9225,42.892709,42.495627,0.397082,0.380877,0.032411,58.600351,44.714854,40.989146,1.55491,26683940.8
US,INTC,2018-04-13,-1.638241,43.358,42.626,42.8935,41.031833,43.036908,42.594469,0.442438,0.393189,0.098499,55.295287,44.804063,40.982937,1.540988,25217882.8
US,INTC,2018-04-16,1.049509,43.84,42.92,42.9455,41.147667,43.229691,42.720064,0.509627,0.416477,0.186301,56.943225,44.946514,40.944486,1.475917,22701576.6
US,INTC,2018-04-17,2.167532,44.224,43.24,43.06,41.274667,43.540508,42.907467,0.633041,0.459789,0.346503,60.237495,45.299134,40.820866,1.449066,21663763.4
US,INTC,2018-04-18,0.132597,44.648,43.546,43.147,41.389667,43.812737,43.085432,0.727305,0.513293,0.428025,60.441211,45.585016,40.708984,1.40699,22583012.8
US,INTC,2018-04-19,-2.582211,44.564,43.702,43.175,41.480833,43.863085,43.163548,0.699537,0.550542,0.297991,54.570033,45.644919,40.705081,1.427205,21711216.6
US,INTC,2018-04-20,-1.336656,44.508,43.933,43.2045,41.569833,43.814918,43.192174,0.622744,0.564982,0.115524,51.835578,45.677534,40.731466,1.409548,22916260.4
US,INTC,2018-04-23,-0.826636,44.288,44.064,43.278,41.655833,43.718777,43.192013,0.526764,0.557338,-0.061149,50.183197,45.655727,40.900273,1.371723,23486515.4
US,INTC,2018-04-24,0.694605,43.936,44.08,43.2345,41.68,43.683581,43.214086,0.469494,0.53977,-0.140551,51.568713,45.562774,40.906226,1.427314,27739709.8
US,INTC,2018-04-25,-0.137963,43.56,44.104,43.2425,41.7045,43.644568,43.23008,0.414488,0.514713,-0.20045,51.261639,45.572306,40.912694,1.416077,28457335.0
US,INTC,2018-04-26,3.246604,43.7,44.132,43.3885,41.769167,43.828481,43.349333,0.479148,0.5076,-0.056905,57.644547,45.734418,41.042582,1.429215,31287865.6
US,INTC,2018-04-27,-0.602141,43.904,44.206,43.416,41.8385,43.942561,43.439753,0.502808,0.506642,-0.007668,56.128677,45.803412,41.028588,1.542128,39883476.6
US,INTC,2018-04-30,-2.109042,43.992,44.14,43.53,41.899,43.894474,43.453845,0.440629,0.493439,-0.10562,51.091355,45.72163,41.33837,1.56269,42825604.0
US,INTC,2018-05-01,3.323401,44.31,44.123,43.6815,42.004667,44.076863,43.574301,0.502562,0.495264,0.014596,57.436952,45.861833,41.501167,1.571069,39846822.0
US,INTC,2018-05-02,-1.929902,44.466,44.013,43.7795,42.1185,44.097346,43.62139,0.475955,0.491402,-0.030893,52.994209,45.867911,41.691089,1.530993,39851926.6
US,INTC,2018-05-03,-0.045239,44.336,44.018,43.86,42.222333,44.1116,43.663509,0.448091,0.48274,-0.069298,52.892922,45.880267,41.839733,1.503065,37649114.2
US,INTC,2018-05-04,1.53881,44.396,44.15,44.0415,42.3335,44.228277,43.752879,0.475398,0.481271,-0.011747,55.973964,45.709088,42.373912,1.507132,28799979.4
US,INTC,2018-05-07,1.04747,44.738,44.365,44.2145,42.487,44.399311,43.870444,0.528868,0.490791,0.076154,58.017819,45.651142,42.777858,1.448051,25573654.6
US,INTC,2018-05-08,0.55139,44.84,44.575,44.3275,42.627667,44.582494,43.997818,0.584676,0.509568,0.150217,59.105331,45.822423,42.832577,1.395333,24258861.6
US,INTC,2018-05-09,1.316078,45.236,44.851,44.4775,42.766,44.829803,44.160202,0.669601,0.541574,0.256053,61.671508,46.083674,42.871326,1.367809,23068702.4
US,INTC,2018-05-10,1.190734,45.746,45.041,44.5865,42.918667,45.123679,44.351298,0.772381,0.587736,0.369291,63.907319,46.471889,42.701111,1.325109,21099691.0
US,INTC,2018-05-11,-0.556269,46.068,45.232,44.719,43.054,45.332344,44.50898,0.823364,0.634861,0.377006,62.064214,46.740652,42.697348,1.276172,19052197.0
US,INTC,2018-05-14,0.408778,46.334,45.536,44.838,43.185,45.538137,44.669055,0.869082,0.681706,0.374753,62.906126,47.018574,42.657426,1.219303,19370687.6
US,INTC,2018-05-15,-1.778444,46.384,45.612,44.8675,43.307167,45.584578,44.755792,0.828786,0.711122,0.235328,56.959224,47.085218,42.649782,1.213638,19507858.8
US,INTC,2018-05-16,1.330716,46.436,45.836,44.9245,43.428833,45.71772,44.881289,0.836431,0.736183,0.200495,59.95547,47.241174,42.607826,1.174093,18794444.2
US,INTC,2018-05-17,0.301399,46.406,46.076,45.047,43.558167,45.851917,45.00786,0.844057,0.757758,0.172597,60.632822,47.442547,42.651453,1.152372,18425781.8
US,INTC,2018-05-18,-2.382486,46.206,46.137,45.1435,43.671,45.794699,45.042833,0.751865,0.756579,-0.009428,52.980904,47.44365,42.84335,1.151488,20080769.8
US,INTC,2018-05-21,1.539138,46.108,46.221,45.293,43.768333,45.853976,45.127068,0.726908,0.750645,-0.047475,56.692695,47.450064,43.135936,1.174239,20778605.4
US,INTC,2018-05-22,0.238198,46.198,46.291,45.433,43.848,45.921056,45.213211,0.707845,0.742085,-0.06848,57.263629,47.463558,43.402442,1.151079,20237993.2
US,INTC,2018-05-23,1.382588,46.294,46.365,45.608,43.927,46.076279,45.340381,0.735898,0.740848,-0.0099,60.524437,47.517572,43.698428,1.153145,21096986.4
US,INTC,2018-05-24,-0.831025,46.284,46.345,45.693,44.008333,46.14762,45.429241,0.718379,0.736354,-0.03595,57.638356,47.609592,43.776408,1.142206,21655885.8
US,INTC,2018-05-25,1.267727,46.614,46.41,45.821,44.119833,46.298756,45.555223,0.743532,0.73779,0.011485,60.692081,47.762277,43.879723,1.119191,20629894.8
US,INTC,2018-05-29,-0.212179,46.784,46.446,45.991,44.213667,46.411255,45.664466,0.746789,0.739589,0.014398,59.903866,47.718772,44.263228,1.099963,20407121.2
US,INTC,2018-05-30,0.637891,46.992,46.595,46.1035,44.301667,46.5526,45.787839,0.764761,0.744624,0.040275,61.518488,47.871881,44.335119,1.074252,21547507.4
US,INTC,2018-05-31,-0.84513,46.992,46.643,46.2395,44.3695,46.610662,45.872444,0.738218,0.743343,-0.010249,58.155814,47.811995,44.667005,1.046091,23628843.4
US,INTC,2018-06-01,3.388025,47.388,46.836,46.456,44.455167,46.904406,46.068559,0.835847,0.761844,0.148007,66.090389,48.032482,44.879518,1.08637,25932057.6
US,INTC,2018-06-04,-0.432811,47.624,47.119,46.628,44.5455,47.120651,46.234592,0.88606,0.786687,0.198746,64.354686,48.225293,45.030707,1.058058,26729670.4
US,INTC,2018-06-05,-0.517491,47.83,47.307,46.764,44.611333,47.265166,46.369807,0.89536,0.808421,0.173876,62.258446,48.362654,45.165346,1.036768,26216372.4
US,INTC,2018-06-06,0.873908,48.06,47.526,46.9085,44.6935,47.452064,46.526118,0.925946,0.831926,0.18804,64.358866,48.577467,45.239533,1.022713,25865139.6
US,INTC,2018-06-07,-2.021452,48.174,47.583,46.974,44.755667,47.459439,46.598257,0.861182,0.837777,0.046809,56.462807,48.627788,45.320212,1.035376,25191940.6
US,INTC,2018-06-08,-1.473684,47.83,47.609,46.977,44.805167,47.357987,46.613201,0.744786,0.819179,-0.148787,51.593638,48.629297,45.324703,1.034992,25119878.2
US,INTC,2018-06-11,-0.961538,47.438,47.531,46.9705,44.861,47.202912,46.593705,0.609207,0.777185,-0.335955,48.686914,48.631566,45.309434,1.011064,25762739.8
US,INTC,2018-06-12,0.539374,47.146,47.488,46.967,44.916833,47.110156,46.594171,0.515985,0.724945,-0.417919,50.360124,48.630876,45.303124,0.988131,26084324.6
US,INTC,2018-06-13,0.386266,46.806,47.433,47.014,44.9805,47.059363,46.607936,0.451427,0.670241,-0.437629,51.58425,48.599123,45.428877,0.971122,26019540.8
US,INTC,2018-06-14,0.919196,46.748,47.461,47.052,45.041167,47.082538,46.652533,0.430004,0.622194,-0.384379,54.472595,48.617536,45.486464,0.951756,25184284.6
US,INTC,2018-06-15,-0.76255,46.758,47.294,47.065,45.095667,47.046763,46.66716,0.379602,0.573676,-0.388147,51.692203,48.619252,45.510748,0.941631,26858651.4
US,INTC,2018-06-18,-3.436499,46.536,46.987,47.053,45.133667,46.768799,46.561445,0.207354,0.500411,-0.586114,41.492156,48.658865,45.447135,1.042943,29861068.0
US,INTC,2018-06-19,-0.530504,46.216,46.681,46.994,45.188333,46.496676,46.445782,0.050894,0.410508,-0.719228,40.218157,48.798277,45.189723,1.049161,31558249.4
US,INTC,2018-06-20,1.0,45.95,46.378,46.952,45.2065,46.335649,46.372021,-0.036371,0.321132,-0.715007,43.708227,48.856212,45.047788,1.038507,31312569.2
US,INTC,2018-06-21,-2.376238,45.382,46.065,46.824,45.224833,46.033242,46.223723,-0.190481,0.218809,-0.818581,37.977758,49.036179,44.611821,1.121471,35515714.4
US,INTC,2018-06-22,0.585982,44.938,45.848,46.7285,45.27,45.817358,46.105669,-0.288311,0.117385,-0.811393,40.01664,49.137618,44.319382,1.095651,34613191.6
US,INTC,2018-06-25,-3.405781,44.512,45.524,46.5275,45.254833,45.400842,45.883768,-0.482926,-0.002677,-0.960498,33.154731,49.396074,43.658926,1.174533,35531596.0
US,INTC,2018-06-26,-2.064486,43.956,45.086,46.287,45.269333,44.911481,45.612378,-0.700896,-0.142321,-1.117151,29.919604,49.701347,42.872653,1.172781,36684026.6
US,INTC,2018-06-27,-1.82378,43.156,44.553,45.993,45.259333,44.378946,45.304053,-0.925108,-0.298878,-1.252459,27.426178,49.96462,42.02138,1.169011,39071178.6
US,INTC,2018-06-28,1.013269,42.656,44.019,45.74,45.253,43.992954,45.049679,-1.056725,-0.450448,-1.212555,30.813119,50.069199,41.410801,1.14551,35995205.6
US,INTC,2018-06-29,0.931455,42.182,43.56,45.427,45.247667,43.726346,44.843036,-1.11669,-0.583696,-1.065988,33.898026,49.811801,41.042199,1.115831,34840095.4
US,INTC,2018-07-02,0.993848,42.096,43.304,45.1455,45.271667,43.56537,44.682811,-1.117442,-0.690445,-0.853993,37.148192,49.476364,40.814636,1.123271,30519911.8
US,INTC,2018-07-03,-1.476101,42.062,43.009,44.845,45.2745,43.332236,44.487788,-1.155552,-0.783467,-0.744172,34.414739,49.159248,40.530752,1.129466,26276892.0
US,INTC,2018-07-05,2.592152,42.4,42.778,44.578,45.271333,43.302661,44.387952,-1.085291,-0.843832,-0.482919,42.322457,48.611156,40.544844,1.139504,24841838.6
US,INTC,2018-07-06,1.228558,42.76,42.708,44.3865,45.279333,43.359175,44.33477,-0.975596,-0.870184,-0.210823,45.747743,48.204475,40.568525,1.12454,23024310.2
US,INTC,2018-07-09,0.961759,43.126,42.654,44.251,45.2715,43.471609,44.316639,-0.84503,-0.865153,0.040247,48.36469,47.905597,40.596403,1.098501,21515327.4
US,INTC,2018-07-10,0.567022,43.458,42.777,44.1505,45.28,43.605208,44.31837,-0.713162,-0.834755,0.243187,49.913414,47.676985,40.624015,1.045751,20236798.0
US,INTC,2018-07-11,-1.826793,43.754,42.908,43.997,45.267333,43.593637,44.259972,-0.666334,-0.801071,0.269473,45.184648,47.346454,40.647546,1.029626,20704328.0
US,INTC,2018-07-12,2.228348,44.026,43.213,43.883,45.254833,43.733078,44.277752,-0.544674,-0.749792,0.410235,51.152821,46.992412,40.773588,1.033224,19530164.8
US,INTC,2018-07-13,-0.247191,44.17,43.465,43.742,45.2395,43.834143,44.286066,-0.451924,-0.690218,0.476589,50.481581,46.467169,41.016831,0.999423,18286606.2
US,INTC,2018-07-16,-0.405497,44.194,43.66,43.61,45.240667,43.891967,44.280432,-0.388465,-0.629867,0.482805,49.340604,45.948529,41.271471,0.955178,17204594.2
US,INTC,2018-07-17,-0.497625,44.124,43.791,43.5475,45.248,43.907049,44.258918,-0.351869,-0.574268,0.444797,47.915154,45.772493,41.322507,0.947665,16882908.4
US,INTC,2018-07-18,-0.045465,44.212,43.983,43.496,45.261,43.916734,44.237517,-0.320783,-0.523571,0.405575,47.780013,45.629948,41.362052,0.909975,16079601.4
US,INTC,2018-07-19,0.500341,44.15,44.088,43.433,45.272667,43.958775,44.233997,-0.275223,-0.473901,0.397357,49.46833,45.400375,41.465625,0.903548,15211986.2
US,INTC,2018-07-20,-0.135777,44.098,44.134,43.421,45.284333,43.985117,44.226294,-0.241177,-0.427356,0.372359,49.003008,45.368192,41.473808,0.884009,15939446.0
US,INTC,2018-07-23,0.770451,44.15,44.172,43.413,45.278167,44.059714,44.244346,-0.184632,-0.378811,0.388359,51.771492,45.341482,41.484518,0.89158,15938230.2
US,INTC,2018-07-24,-0.247358,44.224,44.174,43.4755,45.274667,44.105912,44.252913,-0.147001,-0.332449,0.370897,50.810436,45.441313,41.509687,0.902181,16345071.2
US,INTC,2018-07-25,0.473399,44.344,44.278,43.593,45.290333,44.17731,44.276401,-0.099091,-0.285778,0.373374,52.618759,45.525233,41.660767,0.920597,17393865.6
US,INTC,2018-07-26,-0.516042,44.374,44.262,43.7375,45.278,44.20234,44.281112,-0.078772,-0.244377,0.331208,50.431993,45.423654,42.051346,0.93484,19859435.2
US,INTC,2018-07-27,-8.592693,43.654,43.876,43.6705,45.216667,43.637364,44.003252,-0.365888,-0.268679,-0.194418,28.96086,45.716291,41.624709,1.152351,29945255.6
US,INTC,2018-07-30,0.024673,42.868,43.509,43.5845,45.155833,43.160847,43.746715,-0.585868,-0.332117,-0.507503,29.046246,45.975688,41.193312,1.165041,33895476.0
US,INTC,2018-07-31,0.863345,42.174,43.199,43.495,45.0895,42.811486,43.535106,-0.723621,-0.410417,-0.626406,32.121433,46.135867,40.854133,1.141823,37653980.8
US,INTC,2018-08-01,1.467351,41.558,42.951,43.467,45.025333,42.60818,43.383617,-0.775437,-0.483421,-0.584031,37.15027,46.179461,40.754539,1.115979,39287518.4
US,INTC,2018-08-02,1.373825,41.102,42.738,43.413,44.9665,42.523845,43.285571,-0.761726,-0.539082,-0.445288,41.578364,46.191547,40.634453,1.116266,38921520.2
US,INTC,2018-08-03,0.309082,41.434,42.544,43.339,44.899833,42.472484,43.204418,-0.731934,-0.577653,-0.308562,42.572142,46.16466,40.51334,1.073676,29759821.0
US,INTC,2018-08-06,-0.071107,41.758,42.313,43.2425,44.8235,42.42441,43.127053,-0.702644,-0.602651,-0.199986,42.392928,46.090713,40.394287,1.059127,27954307.6
US,INTC,2018-08-07,0.830171,42.082,42.128,43.151,44.757333,42.437577,43.081346,-0.643768,-0.610874,-0.065788,45.286739,45.96973,40.33227,1.016333,26302610.2
US,INTC,2018-08-08,0.517525,42.33,41.944,43.111,44.691667,42.482565,43.05532,-0.572755,-0.60325,0.060991,47.08604,45.929786,40.292214,0.98588,25090042.6
US,INTC,2018-08-09,0.351041,42.494,41.798,43.03,44.642333,42.543709,43.042334,-0.498624,-0.582325,0.167402,48.333632,45.776656,40.283344,0.969032,24558669.6
US,INTC,2018-08-10,-2.565299,42.412,41.923,42.8995,44.5645,42.426215,42.948827,-0.522612,-0.570383,0.095541,40.746485,45.623207,40.175793,1.011958,25899515.4
US,INTC,2018-08-13,-0.813787,42.268,42.013,42.761,44.478667,42.27449,42.837062,-0.562572,-0.568821,0.012496,38.723137,45.485774,40.036226,0.992532,23979831.4
US,INTC,2018-08-14,-0.675676,41.998,42.04,42.6195,44.406667,42.10303,42.712835,-0.609805,-0.577018,-0.065576,37.089718,45.36811,39.87089,0.989494,22927606.8
US,INTC,2018-08-15,-1.38484,41.57,41.95,42.4505,44.3135,41.870256,42.555588,-0.685332,-0.59868,-0.173304,33.950147,45.261126,39.639874,0.993816,23876012.6
US,INTC,2018-08-16,-0.615915,41.062,41.778,42.258,44.214333,41.634832,42.391471,-0.756639,-0.630272,-0.252733,32.644931,45.092972,39.423028,0.977829,23988495.0
US,INTC,2018-08-17,-0.148736,40.762,41.587,42.0655,44.1035,41.426396,42.235066,-0.808669,-0.665951,-0.285435,32.323744,44.8887,39.2423,0.972984,23522415.6
US,INTC,2018-08-20,-1.266137,40.428,41.348,41.8305,43.990667,41.171566,42.052468,-0.880902,-0.708942,-0.343921,29.653098,44.595839,39.065161,0.960628,24975107.0
US,INTC,2018-08-21,2.41388,40.342,41.17,41.649,43.884,41.103633,41.954507,-0.850875,-0.737328,-0.227093,39.745008,44.194167,39.103833,0.974869,24213656.0
US,INTC,2018-08-22,-1.203044,40.272,40.921,41.4325,43.770833,40.970766,41.827507,-0.856741,-0.761211,-0.19106,36.839937,43.664314,39.200686,0.948093,23502179.0
US,INTC,2018-08-23,-0.149105,40.24,40.651,41.2245,43.651667,40.84911,41.705469,-0.856359,-0.78024,-0.152238,36.488241,43.07679,39.37221,0.908229,24899212.2
US,INTC,2018-08-24,1.443504,40.336,40.549,41.236,43.548833,40.835401,41.635435,-0.800034,-0.784199,-0.03167,42.229602,43.073699,39.398301,0.89907,23265755.4
US,INTC,2018-08-27,1.447498,40.652,40.54,41.2765,43.429333,40.91457,41.614291,-0.699721,-0.767304,0.135164,47.435133,43.086553,39.466447,0.881279,21832998.4
US,INTC,2018-08-28,0.459492,40.814,40.578,41.309,43.3165,41.01079,41.608788,-0.597998,-0.733443,0.270888,49.027993,43.11346,39.50454,0.847616,20676616.6
US,INTC,2018-08-29,0.361098,41.104,40.688,41.319,43.210333,41.115284,41.614804,-0.49952,-0.686658,0.374276,50.308226,43.129568,39.508432,0.814929,18735939.4
US,INTC,2018-08-30,-1.031422,41.32,40.78,41.279,43.09,41.137548,41.588522,-0.450974,-0.639521,0.377094,46.688088,43.05738,39.50062,0.80172,15751060.6
US,INTC,2018-08-31,0.387785,41.452,40.894,41.2405,42.988667,41.181002,41.576039,-0.395037,-0.590624,0.391175,48.182261,42.97102,39.50998,0.78374,15404915.2
US,INTC,2018-09-04,-0.965717,41.386,41.019,41.1835,42.892333,41.156232,41.534851,-0.378619,-0.548223,0.33921,44.801649,42.863479,39.503521,0.780616,15107442.6
US,INTC,2018-09-05,-0.511945,41.24,41.027,41.0985,42.8,41.102966,41.481158,-0.378192,-0.514217,0.272049,43.092221,42.669936,39.527064,0.764143,16584387.2
US,INTC,2018-09-06,-0.955648,40.986,41.045,40.983,42.697,40.997894,41.402554,-0.40466,-0.492306,0.175292,40.036961,42.388619,39.577381,0.755276,17752193.2
US,INTC,2018-09-07,-1.707076,40.68,41.0,40.8255,42.5795,40.802834,41.278661,-0.475828,-0.48901,0.026365,35.272106,42.038273,39.612727,0.769899,19660099.8
US,INTC,2018-09-10,-0.327209,40.316,40.884,40.7165,42.452667,40.617782,41.154316,-0.536534,-0.498515,-0.076038,34.440463,41.958052,39.474948,0.747049,20667776.0
US,INTC,2018-09-11,-2.954545,39.798,40.592,40.566,42.312333,40.2812,40.952515,-0.671314,-0.533075,-0.276479,28.034011,42.112537,39.019463,0.779403,24022261.2
US,INTC,2018-09-12,0.0,39.322,40.281,40.4295,42.198833,39.9964,40.765662,-0.769261,-0.580312,-0.377899,28.034011,42.206908,38.652092,0.779445,25806575.6
US,INTC,2018-09-13,1.405152,39.032,40.009,40.3485,42.098333,39.838493,40.63265,-0.794157,-0.623081,-0.342152,34.550753,42.233655,38.463345,0.779485,25674373.0
US,INTC,2018-09-14,-0.051322,38.876,39.778,40.279,41.99,39.701801,40.508009,-0.806208,-0.659706,-0.293003,34.426412,42.260322,38.297678,0.761665,25082437.2
US,INTC,2018-09-17,-0.256739,38.726,39.521,40.2075,41.898,39.570755,40.385194,-0.814438,-0.690653,-0.247571,33.771972,42.28442,38.13058,0.750832,24298599.0
US,INTC,2018-09-18,1.492921,38.926,39.362,40.1905,41.811333,39.5491,40.314438,-0.765338,-0.70559,-0.119496,40.801138,42.28694,38.09406,0.765772,21913151.8
US,INTC,2018-09-19,0.101446,39.134,39.228,40.1275,41.750667,39.536931,40.251887,-0.714956,-0.707463,-0.014986,41.264139,42.23102,38.02398,0.744646,19141190.2
US,INTC,2018-09-20,2.280213,39.414,39.223,40.134,41.719833,39.665096,40.260637,-0.595541,-0.685079,0.179075,50.621868,42.239672,38.028328,0.765742,19809620.4
US,INTC,2018-09-21,-1.13946,39.606,39.241,40.1205,41.694167,39.702773,40.234663,-0.53189,-0.654441,0.245101,46.540566,42.228281,38.012719,0.775332,25740007.4
US,INTC,2018-09-24,0.526184,39.86,39.293,40.0885,41.665,39.766962,40.22617,-0.459208,-0.615394,0.312373,48.578777,42.175807,38.001193,0.772094,25788772.0
US,INTC,2018-09-25,-2.118644,39.828,39.377,39.9845,41.615167,39.690506,40.155342,-0.464836,-0.585283,0.240893,41.655913,42.016568,37.952432,0.784087,26361130.0
US,INTC,2018-09-26,-0.458365,39.752,39.443,39.862,41.555333,39.598121,40.076428,-0.478308,-0.563888,0.17116,40.344727,41.797299,37.926701,0.771653,27968879.8
US,INTC,2018-09-27,0.38373,39.526,39.47,39.7395,41.5085,39.543025,40.014471,-0.471445,-0.545399,0.147908,41.983587,41.498596,37.980404,0.745106,26652133.4
US,INTC,2018-09-28,3.083588,39.634,39.62,39.699,41.463667,39.68256,40.046732,-0.364172,-0.509154,0.289963,53.161794,41.350192,38.047808,0.831884,25366706.0
US,INTC,2018-10-01,-1.779975,39.556,39.708,39.6145,41.398,39.689858,40.02327,-0.333412,-0.474006,0.281187,47.319382,41.065603,38.163397,0.838892,26556833.2
US,INTC,2018-10-02,3.548955,39.93,39.879,39.6205,41.348833,39.912957,40.105991,-0.193034,-0.417811,0.449554,57.231896,41.095593,38.145407,0.927543,30303076.4
US,INTC,2018-10-03,1.361206,40.452,40.102,39.665,41.304833,40.187887,40.224066,-0.036179,-0.341485,0.610611,60.417486,41.32327,38.00673,0.959861,33353933.0
US,INTC,2018-10-04,-1.294964,40.836,40.181,39.702,41.265333,40.337443,40.293394,0.044048,-0.264378,0.616853,56.07972,41.456247,37.947753,0.967014,36292476.6
US,INTC,2018-10-05,-2.283771,40.79,40.212,39.7265,41.194,40.319374,40.287958,0.031417,-0.205219,0.473272,49.427171,41.495254,37.957746,1.000799,32828073.4
US,INTC,2018-10-08,0.0,40.888,40.222,39.7575,41.1245,40.304086,40.282924,0.021162,-0.159943,0.36221,49.427171,41.537993,37.977007,0.980027,31943911.4
US,INTC,2018-10-09,-1.019393,40.622,40.276,39.8265,41.051167,40.228073,40.247892,-0.01982,-0.131918,0.224197,46.629065,41.499584,38.153416,0.976454,28176836.2
US,INTC,2018-10-10,-3.742778,39.946,40.199,39.821,40.956667,39.934523,40.105086,-0.170562,-0.139647,-0.061831,38.171826,41.513027,38.128973,1.013136,28956344.6
US,INTC,2018-10-11,-1.278706,39.28,40.058,39.764,40.854333,39.61075,39.936561,-0.32581,-0.17688,-0.297861,35.867882,41.634277,37.893723,1.055769,31664458.0
US,INTC,2018-10-12,1.453873,38.912,39.851,39.7355,40.7575,39.421404,39.82126,-0.399856,-0.221475,-0.356762,40.228748,41.670767,37.800233,1.048214,32301645.4
US,INTC,2018-10-15,-0.755602,38.486,39.687,39.6975,40.656833,39.216573,39.693018,-0.476446,-0.272469,-0.407953,38.733199,41.728311,37.666689,1.016199,32752872.0
US,INTC,2018-10-16,3.150433,38.382,39.502,39.6905,40.5705,39.227869,39.663165,-0.435296,-0.305034,-0.260523,47.440494,41.725911,37.655089,1.033613,32390126.0
US,INTC,2018-10-17,-0.101807,38.568,39.257,39.6795,40.485333,39.231274,39.63256,-0.401286,-0.324285,-0.154003,47.199692,41.721925,37.637075,1.008355,28393102.4
US,INTC,2018-10-18,-2.012739,38.694,38.987,39.584,40.3835,39.112616,39.545704,-0.433088,-0.346045,-0.174084,42.600534,41.66657,37.50143,1.00133,24991104.4
US,INTC,2018-10-19,-2.158086,38.544,38.728,39.47,40.271667,38.884522,39.4038,-0.519278,-0.380692,-0.277173,38.370251,41.712204,37.227796,1.01052,24247328.4
US,INTC,2018-10-22,2.311985,38.626,38.556,39.389,40.237833,38.825364,39.336852,-0.511487,-0.406851,-0.209273,44.582221,41.648406,37.129594,1.020483,26822504.4
US,INTC,2018-10-23,-1.142857,38.38,38.381,39.3285,40.1965,38.707616,39.24227,-0.534654,-0.432412,-0.204485,42.262113,41.661029,36.995971,1.01902,30246177.0
US,INTC,2018-10-24,-4.676826,37.786,38.177,39.188,40.119667,38.334137,39.022843,-0.688706,-0.483671,-0.410071,34.451184,41.872963,36.503037,1.076947,32347663.6
US,INTC,2018-10-25,4.46527,37.674,38.184,39.121,40.059833,38.267346,38.939669,-0.672323,-0.521401,-0.301844,44.504101,41.863684,36.378316,1.154308,36670953.8
US,INTC,2018-10-26,3.113456,37.964,38.254,39.0525,40.010167,38.39237,38.950064,-0.557694,-0.52866,-0.058069,50.463521,41.726567,36.378433,1.201858,44453324.6
US,INTC,2018-10-29,-0.639713,38.03,38.328,39.0075,39.954167,38.459698,38.941171,-0.481473,-0.519222,0.075499,49.256678,41.664686,36.350314,1.256725,44698002.6
US,INTC,2018-10-30,5.202163,38.588,38.484,38.993,39.932333,38.827437,39.082565,-0.255129,-0.466404,0.42255,57.997372,41.606282,36.379718,1.318387,45774976.0
US,INTC,2018-10-31,-1.835985,39.352,38.569,38.913,39.892167,39.023216,39.157931,-0.134715,-0.400066,0.530701,54.260201,41.275872,36.550128,1.329931,45722433.6
US,INTC,2018-11-01,2.842893,40.02,38.847,38.917,39.867333,39.364259,39.312158,0.052101,-0.309633,0.723467,58.624424,41.295294,36.538706,1.332793,41738443.2
US,INTC,2018-11-02,-2.303589,40.262,39.113,38.9205,39.824167,39.506681,39.384591,0.12209,-0.223288,0.690756,54.000468,41.306647,36.534353,1.329022,34434328.6
US,INTC,2018-11-05,1.836684,40.702,39.366,38.961,39.811667,39.741038,39.506473,0.234565,-0.131717,0.732564,56.855145,41.458878,36.463122,1.315521,32038128.2
US,INTC,2018-11-06,-0.877407,40.666,39.627,39.004,39.798833,39.883955,39.59266,0.291295,-0.047115,0.67682,55.064815,41.587017,36.420983,1.276555,28011001.8
US,INTC,2018-11-07,3.098107,41.032,40.192,39.1845,39.811667,40.198731,39.765797,0.432935,0.048895,0.768079,59.832336,42.041138,36.327862,1.277515,27319822.2
US,INTC,2018-11-08,0.548533,41.216,40.618,39.401,39.837833,40.500465,39.943145,0.55732,0.15058,0.81348,60.65299,42.463136,36.338864,1.237693,26969105.2
US,INTC,2018-11-09,-1.778937,41.44,40.851,39.5525,39.855667,40.640393,40.051801,0.588592,0.238182,0.70082,56.592658,42.696319,36.408681,1.220715,25169437.4
US,INTC,2018-11-12,-3.042743,41.264,40.983,39.6555,39.8535,40.564948,40.059075,0.505873,0.291721,0.428305,50.478839,42.735237,36.575763,1.226378,25301761.8
US,INTC,2018-11-13,1.594022,41.288,40.977,39.7305,39.8705,40.599572,40.113217,0.486354,0.330647,0.311414,53.241978,42.843855,36.617145,1.237351,26397030.2
US,INTC,2018-11-14,-0.637411,41.008,41.02,39.7945,39.867167,40.588868,40.14409,0.444778,0.353473,0.182609,51.973246,42.918321,36.670679,1.215397,25540937.8
US,INTC,2018-11-15,2.171231,40.858,41.037,39.942,39.886667,40.715196,40.237861,0.477335,0.378246,0.198178,55.81138,43.078403,36.805597,1.222155,26140787.4
US,INTC,2018-11-16,1.497223,40.982,41.211,40.162,39.9175,40.917474,40.370612,0.546861,0.411969,0.269785,58.33762,43.235484,37.088516,1.218429,28122612.4
US,INTC,2018-11-19,-1.713062,41.214,41.239,40.3025,39.926667,40.977862,40.440197,0.537666,0.437108,0.201115,54.444953,43.315551,37.289449,1.215684,28611849.8
US,INTC,2018-11-20,-1.258775,41.214,41.251,40.439,39.917333,40.94896,40.466108,0.482852,0.446257,0.073191,51.758755,43.275497,37.602503,1.192421,28588834.4
US,INTC,2018-11-21,-0.75999,41.204,41.106,40.649,39.899667,40.876813,40.467137,0.409676,0.438941,-0.05853,50.169608,42.749047,38.548953,1.160105,27264575.2
US,INTC,2018-11-23,-1.062253,40.932,40.895,40.7565,39.872333,40.749611,40.436238,0.313373,0.413827,-0.200909,47.969534,42.466568,39.046432,1.111526,23129752.6
US,INTC,2018-11-26,1.972534,40.694,40.838,40.8445,39.865333,40.763517,40.466146,0.297371,0.390536,-0.186331,52.123494,42.371791,39.317209,1.089275,20940245.6
US,INTC,2018-11-27,1.297747,40.706,40.96,40.9715,39.8645,40.856822,40.533098,0.323723,0.377173,-0.1069,54.734486,42.201008,39.741992,1.111469,21092644.6
US,INTC,2018-11-28,1.643703,40.958,41.086,41.0315,39.881667,41.040388,40.645461,0.394926,0.380724,0.028405,57.906368,42.345643,39.717357,1.107793,20853119.6
US,INTC,2018-11-29,-2.378121,41.072,41.138,41.079,39.885667,41.041867,40.675427,0.366439,0.377867,-0.022856,52.122113,42.321769,39.836231,1.104379,21769335.0
US,INTC,2018-11-30,3.386114,41.55,41.241,41.139,39.919333,41.256964,40.806136,0.450828,0.392459,0.116737,58.349936,42.515719,39.762281,1.134066,28650479.8
US,INTC,2018-12-03,1.649387,42.01,41.352,41.2815,39.976167,41.546662,40.979015,0.567647,0.427497,0.2803,61.094541,42.853369,39.709631,1.125919,30679236.0
US,INTC,2018-12-04,-4.72879,41.956,41.331,41.285,40.001167,41.477945,40.987977,0.489968,0.439991,0.099954,50.624634,42.854924,39.715076,1.195496,32234575.4
US,INTC,2018-12-06,1.289538,41.872,41.415,41.333,40.0545,41.501338,41.035534,0.465804,0.445153,0.0413,52.883765,42.883356,39.782644,1.225103,32966280.8
US,INTC,2018-12-07,-4.395868,41.622,41.347,41.2265,40.077333,41.239594,40.944013,0.29558,0.415239,-0.239317,45.194625,42.886913,39.566087,1.269025,35051053.4
US,INTC,2018-12-10,2.085427,41.26,41.405,41.15,40.105,41.14581,40.920753,0.225057,0.377202,-0.304291,48.828697,42.771863,39.528137,1.267666,31046332.8
US,INTC,2018-12-11,0.369185,40.788,41.399,41.1185,40.1355,41.089531,40.910327,0.179205,0.337603,-0.316796,49.480665,42.74341,39.49359,1.267118,29643161.6
US,INTC,2018-12-12,0.956351,40.802,41.379,41.1695,40.174167,41.101911,40.929562,0.172349,0.304552,-0.264406,51.220835,42.732465,39.606535,1.254467,28824626.2
US,INTC,2018-12-13,0.947292,40.788,41.33,41.208,40.209667,41.172386,40.976261,0.196125,0.282867,-0.173483,52.96559,42.769609,39.646391,1.210576,26397469.0
US,INTC,2018-12-14,-0.890279,41.066,41.344,41.241,40.238333,41.175096,40.992094,0.183003,0.262894,-0.159783,51.098231,42.771489,39.710511,1.179821,24868609.4
US,INTC,2018-12-17,-1.626608,41.044,41.152,41.1965,40.240833,41.074312,40.957124,0.117189,0.233753,-0.233129,47.811075,42.756221,39.636779,1.202691,25530544.6
US,INTC,2018-12-18,1.406713,41.106,40.947,41.1495,40.2605,41.076726,40.966966,0.109759,0.208954,-0.19839,50.715812,42.661855,39.637145,1.20107,26563210.2
US,INTC,2018-12-19,-4.550986,40.716,40.759,41.045,40.2455,40.791076,40.837561,-0.046486,0.157866,-0.408704,42.381718,42.772131,39.317869,1.260279,28245713.0
US,INTC,2018-12-20,-0.076492,40.242,40.515,40.965,40.244167,40.544756,40.71552,-0.170764,0.09214,-0.525808,42.261733,42.870933,39.059067,1.250259,31890710.0
US,INTC,2018-12-21,-1.531003,39.722,40.394,40.8705,40.235833,40.244025,40.558074,-0.314049,0.010902,-0.649903,39.832863,43.033354,38.707646,1.274527,37169842.8
US,INTC,2018-12-24,-2.772739,39.122,40.083,40.744,40.207167,39.824944,40.333031,-0.508088,-0.092896,-0.830384,35.873314,43.337156,38.150844,1.283489,35698420.2
US,INTC,2018-12-26,5.943497,38.854,39.98,40.6895,40.1955,39.813414,40.289844,-0.47643,-0.169603,-0.613655,47.570594,43.317872,38.061128,1.357525,35631088.6
US,INTC,2018-12-27,0.377358,38.99,39.853,40.616,40.198333,39.826735,40.260967,-0.434232,-0.222528,-0.423407,48.254334,43.246357,37.985643,1.365559,33681721.8
US,INTC,2018-12-28,0.85213,39.2,39.721,40.5255,40.183333,39.890314,40.259413,-0.369099,-0.251843,-0.234514,49.850775,43.075602,37.975398,1.356591,31077471.2
US,INTC,2018-12-31,0.372763,39.56,39.641,40.4925,40.1615,39.967189,40.269087,-0.301898,-0.261854,-0.080088,50.575245,43.031656,37.953344,1.316834,24622004.0
US,INTC,2019-01-02,0.321862,40.16,39.641,40.3965,40.150833,40.052237,40.287673,-0.235436,-0.25657,0.042268,51.232783,42.773904,38.019096,1.327775,24528606.0
US,INTC,2019-01-03,-5.503455,39.868,39.361,40.154,40.118667,39.781123,40.139697,-0.358574,-0.276971,-0.163206,41.125513,42.344647,37.963353,1.398648,25246539.0
US,INTC,2019-01-04,6.137373,40.016,39.503,40.131,40.125667,39.913258,40.176756,-0.263498,-0.274276,0.021556,51.895584,42.290879,37.971121,1.48803,26341851.2
US,INTC,2019-01-07,0.46752,40.134,39.667,40.091,40.142667,40.054295,40.225145,-0.170849,-0.253591,0.165483,52.649779,42.16633,38.01567,1.458171,25943271.4
US,INTC,2019-01-08,0.636787,40.274,39.917,40.1555,40.188833,40.213635,40.289208,-0.075574,-0.217987,0.284828,53.719093,42.270451,38.040549,1.431159,26395031.6
US,INTC,2019-01-09,0.559747,40.434,40.297,40.19,40.247,40.383845,40.365563,0.018282,-0.170734,0.37803,54.693813,42.356666,38.023334,1.379647,27151022.0
US,INTC,2019-01-10,1.137464,41.134,40.501,40.2405,40.303833,40.600176,40.471077,0.129099,-0.110767,0.479733,56.700659,42.504704,37.976296,1.35753,26138077.6
US,INTC,2019-01-11,0.765733,41.428,40.722,40.2875,40.370833,40.832457,40.592479,0.239978,-0.040618,0.561192,58.062711,42.663209,37.911791,1.336992,23398878.6
US,INTC,2019-01-14,-1.187366,41.584,40.859,40.29,40.4095,40.952079,40.667851,0.284228,0.024351,0.519754,55.143845,42.671159,37.908841,1.280064,22690301.4
US,INTC,2019-01-15,0.528719,41.732,41.003,40.322,40.4525,41.087144,40.753936,0.333208,0.086123,0.494171,56.187489,42.767024,37.876976,1.237202,22636624.2
US,INTC,2019-01-16,-0.980158,41.752,41.093,40.367,40.501833,41.138352,40.803274,0.335078,0.135914,0.398329,53.680829,42.857647,37.876353,1.198116,21937260.6
US,INTC,2019-01-17,0.724288,41.738,41.436,40.3985,40.57,41.227837,40.87118,0.356657,0.180062,0.353189,55.253847,42.940336,37.856664,1.169679,19986477.0
US,INTC,2019-01-18,1.486098,41.784,41.606,40.5545,40.634,41.398939,40.979981,0.418958,0.227841,0.382232,58.398258,43.169782,37.939218,1.141845,21611082.2
US,INTC,2019-01-22,-1.889466,41.77,41.677,40.672,40.692,41.42064,41.021464,0.399176,0.262108,0.274136,53.203047,43.242281,38.101719,1.141713,22960444.6
US,INTC,2019-01-23,-0.674049,41.656,41.694,40.8055,40.775,41.395926,41.039133,0.356793,0.281045,0.151496,51.476937,43.200758,38.410242,1.138734,22256422.4
US,INTC,2019-01-24,3.805138,41.938,41.845,41.071,40.857167,41.616553,41.17179,0.444763,0.313789,0.261948,59.425852,43.099821,39.042179,1.186681,28560534.8
US,INTC,2019-01-25,-5.46346,41.692,41.715,41.108,40.880667,41.443237,41.121287,0.32195,0.315421,0.013058,47.053495,43.06482,39.15118,1.348347,42365173.0
US,INTC,2019-01-28,-0.716226,41.264,41.524,41.123,40.9035,41.25197,41.053044,0.198926,0.292122,-0.186392,45.781362,43.046872,39.199128,1.313465,43576050.4
US,INTC,2019-01-29,-0.373134,40.966,41.368,41.1135,40.890167,41.067052,40.978744,0.088307,0.251359,-0.326104,45.102134,43.056501,39.170499,1.258932,42585574.4
US,INTC,2019-01-30,2.172285,40.898,41.277,41.14,40.903833,41.044428,40.974393,0.070036,0.215095,-0.290118,49.75806,43.057092,39.222908,1.244722,44179767.8
US,INTC,2019-01-31,-0.904203,40.442,41.19,41.1415,40.892333,40.968362,40.942956,0.025406,0.177157,-0.303501,47.897554,43.056695,39.226305,1.245099,42674375.2
US,INTC,2019-02-01,3.427867,40.732,41.212,41.324,40.919833,41.117845,41.016811,0.101034,0.161932,-0.121797,54.743677,42.750904,39.897096,1.281878,32868590.8
US,INTC,2019-02-04,1.001431,41.164,41.214,41.41,40.942,41.308946,41.116307,0.192639,0.168074,0.049131,56.599352,42.868616,39.951384,1.251744,29863852.0
US,INTC,2019-02-05,1.605288,41.762,41.364,41.5205,40.9815,41.575262,41.258803,0.316459,0.197751,0.237417,59.495186,43.115122,39.925878,1.256619,31994497.6
US,INTC,2019-02-06,0.418216,42.222,41.56,41.627,41.003,41.828298,41.404076,0.424222,0.243045,0.362354,60.251234,43.369999,39.884001,1.225432,30937731.0
US,INTC,2019-02-07,-1.341971,42.64,41.541,41.693,41.011,41.953176,41.495626,0.457549,0.285946,0.343207,56.586078,43.483811,39.902189,1.213616,27892644.8
US,INTC,2019-02-08,-0.797373,42.712,41.722,41.7185,41.025833,42.006533,41.55521,0.451324,0.319021,0.264604,54.493383,43.528531,39.908469,1.202643,24174301.2
US,INTC,2019-02-11,-0.141844,42.688,41.926,41.725,41.060667,42.042451,41.605935,0.436516,0.34252,0.187992,54.113057,43.54153,39.90847,1.162454,23594116.8
US,INTC,2019-02-12,2.533144,42.742,42.252,41.81,41.102667,42.237459,41.732162,0.505297,0.375076,0.260442,59.53669,43.751824,39.868176,1.163708,20875814.4
US,INTC,2019-02-13,0.923574,42.84,42.531,41.904,41.155667,42.464004,41.878668,0.585335,0.417128,0.336415,61.374643,44.015221,39.792779,1.130586,20088802.2
US,INTC,2019-02-14,0.686342,43.114,42.877,42.0335,41.199,42.701849,42.036545,0.665304,0.466763,0.397083,62.741565,44.3205,39.7465,1.092687,18032700.2
US,INTC,2019-02-15,1.658714,43.602,43.157,42.1845,41.244167,43.015411,42.236801,0.77861,0.529132,0.498955,65.903596,44.750536,39.618464,1.067495,18766530.8
US,INTC,2019-02-19,-0.49173,44.058,43.373,42.2935,41.297667,43.246886,42.405927,0.840959,0.591498,0.498923,64.13701,45.054495,39.532505,1.014102,18288067.6
US,INTC,2019-02-20,-0.022462,44.298,43.52,42.442,41.359667,43.441211,42.561784,0.879427,0.649084,0.460687,64.052962,45.340949,39.543051,0.983095,18999601.2
US,INTC,2019-02-21,0.044934,44.462,43.651,42.6055,41.427167,43.608717,42.707578,0.90114,0.699495,0.403289,64.154137,45.587026,39.623974,0.951445,18689473.2
US,INTC,2019-02-22,2.08848,44.752,43.933,42.737,41.517333,43.89353,42.911461,0.982069,0.75601,0.452119,68.582274,45.968081,39.505919,0.979914,21567229.4
US,INTC,2019-02-25,1.16586,45.002,44.302,43.012,41.603167,44.216064,43.139501,1.076563,0.82012,0.512885,70.79637,46.365205,39.658795,0.979205,21205507.2
US,INTC,2019-02-26,0.239182,45.318,44.688,43.307,41.682,44.5059,43.358797,1.147103,0.885517,0.523172,71.249239,46.65686,39.95714,0.937834,21299595.4
US,INTC,2019-02-27,0.021692,45.638,44.968,43.61,41.749667,44.752685,43.56259,1.190095,0.946433,0.487325,71.292822,46.819997,40.400003,0.924417,20496112.0
US,INTC,2019-02-28,-0.520494,45.906,45.184,43.8575,41.83,44.924579,43.733509,1.19107,0.99536,0.39142,68.604881,46.961265,40.753735,0.884816,20941447.6
US,INTC,2019-03-01,0.632221,46.046,45.399,44.138,41.892,45.114644,43.913249,1.201395,1.036567,0.329656,70.073152,46.999997,41.276003,0.8709,18226483.4
US,INTC,2019-03-04,1.213172,46.192,45.597,44.377,41.951667,45.361622,44.121157,1.240465,1.077347,0.326237,72.725752,47.263112,41.490888,0.863693,18425360.4
US,INTC,2019-03-05,-0.492295,46.27,45.794,44.5835,42.0415,45.535219,44.296626,1.238592,1.109596,0.257993,69.982141,47.453756,41.713244,0.856286,19420466.8
US,INTC,2019-03-06,-1.35513,46.22,45.929,44.7245,42.112,45.585185,44.412432,1.172753,1.122227,0.101052,62.974144,47.554387,41.894613,0.840837,18850510.0
US,INTC,2019-03-07,-0.654165,46.158,46.032,44.8415,42.208,45.58131,44.497437,1.083873,1.114556,-0.061366,59.898149,47.605629,42.077371,0.820063,18733427.4
US,INTC,2019-03-08,-0.24144,46.016,46.031,44.982,42.288333,45.561109,44.567997,0.993112,1.090267,-0.194312,58.764716,47.563895,42.400105,0.817916,18420340.6
US,INTC,2019-03-11,1.672167,45.914,46.053,45.1775,42.378833,45.660938,44.689627,0.971311,1.066476,-0.19033,63.853915,47.49618,42.85882,0.832351,17871704.4
US,INTC,2019-03-12,0.411166,45.896,46.083,45.3855,42.466,45.77464,44.816321,0.958319,1.044845,-0.173052,65.016354,47.32878,43.44222,0.821468,17816570.8
US,INTC,2019-03-13,1.487069,46.142,46.181,45.5745,42.558167,45.977003,44.984742,0.992261,1.034328,-0.084134,68.924792,47.405614,43.743386,0.824221,19972928.2
US,INTC,2019-03-14,-1.72011,46.286,46.222,45.703,42.643,46.023618,45.080687,0.942931,1.016049,-0.146235,60.394634,47.343489,44.062511,0.834633,21741658.8
US,INTC,2019-03-15,1.685393,46.608,46.312,45.8555,42.752,46.183061,45.227303,0.955759,1.003991,-0.096464,64.899567,47.402503,44.308497,0.852874,27679928.4
US,INTC,2019-03-18,-0.424989,46.738,46.326,45.9615,42.848167,46.287206,45.348243,0.938962,0.990985,-0.104045,62.923211,47.478474,44.444526,0.831954,27142134.8
US,INTC,2019-03-19,0.128041,46.842,46.369,46.0815,42.9765,46.384559,45.46467,0.919889,0.976766,-0.113754,63.284437,47.499869,44.663131,0.813243,26640672.6
US,INTC,2019-03-20,-0.660699,46.746,46.444,46.1865,43.100167,46.419242,45.549509,0.869733,0.955359,-0.171252,60.030248,47.423274,44.949726,0.803726,26401266.8
US,INTC,2019-03-21,1.523278,46.954,46.62,46.326,43.245667,46.55782,45.680657,0.877164,0.93972,-0.125113,64.529079,47.403003,45.248997,0.81846,24897298.0
US,INTC,2019-03-22,-2.514793,46.768,46.688,46.3595,43.389167,46.492002,45.713941,0.77806,0.907388,-0.258655,53.632931,47.366048,45.352952,0.847856,19887937.2
US,INTC,2019-03-25,-0.91047,46.538,46.638,46.3455,43.4885,46.371694,45.713649,0.658044,0.857519,-0.39895,50.39833,47.379627,45.311373,0.860152,20027421.2
US,INTC,2019-03-26,1.246992,46.41,46.626,46.3545,43.594833,46.357587,45.755601,0.601986,0.806413,-0.408854,54.416319,47.383042,45.325958,0.860141,19917337.2
US,INTC,2019-03-27,-0.518583,46.296,46.521,46.351,43.6915,46.308727,45.776668,0.53206,0.751542,-0.438965,52.488365,47.383316,45.318684,0.855845,18983475.2
US,INTC,2019-03-28,-0.086881,46.032,46.493,46.3575,43.785,46.261231,45.793211,0.46802,0.694838,-0.453635,52.156692,47.379202,45.335798,0.836142,17879609.6
US,INTC,2019-03-29,1.108696,46.108,46.438,46.375,43.884833,46.299503,45.846306,0.453197,0.646509,-0.386626,55.976385,47.394559,45.355441,0.83356,17339137.4
US,INTC,2019-04-01,1.505053,46.408,46.473,46.3995,44.0335,46.43958,45.947321,0.492259,0.615659,-0.246801,60.623246,47.473157,45.325843,0.827592,17510943.6
US,INTC,2019-04-02,-0.275365,46.568,46.489,46.429,44.140833,46.538106,46.031223,0.506883,0.593904,-0.174042,59.369902,47.542659,45.315341,0.803478,16706976.6
US,INTC,2019-04-03,2.060323,46.97,46.633,46.5385,44.261167,46.770705,46.180762,0.589943,0.593112,-0.006338,65.15813,47.82421,45.25279,0.846801,17686349.6
US,INTC,2019-04-04,0.790843,47.456,46.744,46.682,44.3835,47.025981,46.347372,0.678609,0.610211,0.136795,67.133498,48.129323,45.234677,0.839887,18268862.6
US,INTC,2019-04-05,-0.557506,47.786,46.947,46.8175,44.4975,47.200446,46.481641,0.718805,0.63193,0.173749,64.342194,48.285368,45.349632,0.846323,18375327.0
US,INTC,2019-04-08,0.124585,47.988,47.198,46.918,44.604667,47.3573,46.610408,0.746892,0.654922,0.183939,64.693507,48.478072,45.357928,0.819443,17161004.2
US,INTC,2019-04-09,-0.642887,48.154,47.361,46.9935,44.701333,47.442331,46.706674,0.735657,0.671069,0.129175,61.331353,48.591677,45.395323,0.808769,17088037.4
US,INTC,2019-04-10,0.793154,48.202,47.586,47.0535,44.812667,47.572741,46.823958,0.748784,0.686612,0.124343,63.813942,48.748814,45.358186,0.785285,14794278.2
US,INTC,2019-04-11,0.082833,48.182,47.819,47.156,44.921,47.689243,46.935516,0.753726,0.700035,0.107383,64.075398,48.899071,45.412929,0.756336,13659351.4
US,INTC,2019-04-12,1.117318,48.324,48.055,47.2465,45.045167,47.870898,47.078811,0.792086,0.718445,0.147282,67.490376,49.14156,45.35144,0.745169,12387709.2
US,INTC,2019-04-15,-0.266012,48.428,48.208,47.3405,45.162167,48.004606,47.201862,0.802743,0.735305,0.134877,65.867077,49.333523,45.347477,0.731229,12371326.6
US,INTC,2019-04-16,0.779647,48.67,48.412,47.4505,45.275167,48.176205,47.343947,0.832258,0.754695,0.155125,68.269547,49.576929,45.324071,0.765427,15763777.8
US,INTC,2019-04-17,3.257329,49.156,48.679,47.656,45.428167,48.567558,47.594025,0.973533,0.798463,0.35014,75.946433,50.175805,45.136195,0.88861,20904659.0
US,INTC,2019-04-18,-0.118297,49.622,48.902,47.823,45.584833,48.889472,47.821134,1.068338,0.852438,0.4318,75.211565,50.654975,44.991025,0.872281,22828334.6
US,INTC,2019-04-22,0.552704,50.036,49.18,48.0635,45.72,49.204938,48.052161,1.152777,0.912506,0.480542,76.361096,51.08982,45.03718,0.868547,22711794.4
US,INTC,2019-04-23,-0.058893,50.47,49.449,48.3235,45.893667,49.467255,48.263853,1.203402,0.970685,0.465434,75.954677,51.389594,45.257406,0.835793,23924398.2
US,INTC,2019-04-24,-0.098213,50.818,49.744,48.5525,46.071333,49.681524,48.45616,1.225364,1.021621,0.407485,75.235955,51.657779,45.447221,0.846808,21408760.6
US,INTC,2019-04-25,-1.887534,50.654,49.905,48.7455,46.2355,49.715135,48.563111,1.152024,1.047701,0.208645,62.924438,51.677117,45.813883,0.878465,19241056.2
US,INTC,2019-04-26,-8.997996,49.604,49.613,48.716,46.310333,49.052807,48.329547,0.723259,0.982813,-0.519107,34.493787,51.766976,45.665024,1.19286,29621119.2
US,INTC,2019-04-29,-2.51046,48.27,49.153,48.604,46.372333,48.31699,48.02884,0.28815,0.843881,-1.111461,30.700963,52.102339,45.105661,1.196227,35584082.6
US,INTC,2019-04-30,-0.135532,46.93,48.7,48.454,46.410167,47.685146,47.745963,-0.060817,0.662941,-1.447517,30.510808,52.406363,44.501637,1.145782,37462267.8
US,INTC,2019-05-01,-0.565483,45.55,48.184,48.298,46.436833,47.112046,47.465521,-0.353475,0.459658,-1.626266,29.685766,52.678121,43.917879,1.117512,38011035.2
US,INTC,2019-05-02,-0.409463,44.326,47.49,48.0845,46.449167,46.599424,47.19252,-0.593096,0.249107,-1.684406,29.076122,52.887967,43.281033,1.11269,36952129.4
US,INTC,2019-05-03,2.375514,44.208,46.906,47.904,46.475833,46.325666,47.016778,-0.691111,0.061063,-1.504349,37.11213,52.909047,42.898953,1.111784,27610555.2
US,INTC,2019-05-06,-0.423918,44.28,46.275,47.7275,46.509,46.064795,46.839979,-0.775185,-0.106186,-1.337997,36.30286,52.929095,42.525905,1.110228,24431143.0
US,INTC,2019-05-07,-1.434013,44.236,45.583,47.516,46.537167,45.745595,46.62887,-0.883274,-0.261604,-1.243341,33.641724,52.958696,42.073304,1.110926,24947648.4
US,INTC,2019-05-08,-2.455103,44.026,44.788,47.266,46.548333,45.30935,46.353398,-1.044048,-0.418093,-1.25191,29.686961,53.061251,41.470749,1.138717,28216617.8
US,INTC,2019-05-09,-5.313447,43.396,43.861,46.883,46.503667,44.58945,45.929442,-1.339992,-0.602473,-1.47504,23.426055,53.332478,40.433522,1.255951,35613970.4
US,INTC,2019-05-10,-0.910657,42.484,43.346,46.4795,46.446167,43.923381,45.509484,-1.586103,-0.799199,-1.573809,22.593327,53.500795,39.458205,1.271955,38987197.8
US,INTC,2019-05-13,-3.129657,41.358,42.819,45.986,46.362667,43.165938,45.0273,-1.861362,-1.011631,-1.699462,19.987657,53.626032,38.345968,1.274672,41556535.4
US,INTC,2019-05-14,0.923077,40.432,42.334,45.517,46.273,42.580409,44.6075,-2.027091,-1.214723,-1.624735,22.729665,53.563995,37.470005,1.229338,40555150.6
US,INTC,2019-05-15,0.990854,39.8,41.913,45.0485,46.1935,42.144961,44.247685,-2.102724,-1.392323,-1.420801,25.700275,53.290556,36.806444,1.202957,37874243.4
US,INTC,2019-05-16,-0.176101,39.61,41.503,44.4965,46.113,41.765736,43.909338,-2.143602,-1.542579,-1.202045,25.510703,52.623224,36.369776,1.150603,29936742.0
US,INTC,2019-05-17,-1.41129,39.382,40.933,43.9195,46.022833,41.3587,43.554572,-2.195872,-1.673238,-1.045269,23.986387,51.850171,35.988829,1.128417,25932258.4
US,INTC,2019-05-20,-2.965235,39.174,40.266,43.2705,45.897833,40.835823,43.140159,-2.304336,-1.799457,-1.009758,21.165212,50.916177,35.624823,1.137816,23848865.8
US,INTC,2019-05-21,2.054795,39.05,39.741,42.662,45.777,40.513389,42.814222,-2.300833,-1.899733,-0.802201,27.352589,49.691081,35.632919,1.132258,24016248.4
US,INTC,2019-05-22,-1.032525,38.768,39.284,42.036,45.647667,40.179021,42.482798,-2.303777,-1.980541,-0.646471,26.216247,48.211352,35.860648,1.089239,22721173.8
US,INTC,2019-05-23,1.199791,38.592,39.101,41.481,45.525833,39.966864,42.209998,-2.243134,-2.03306,-0.420148,29.826728,46.641302,36.320698,1.128579,25887028.8
US,INTC,2019-05-24,0.103093,38.536,38.959,41.1525,45.408667,39.7935,41.960369,-2.166868,-2.059821,-0.214093,30.146822,46.102716,36.202284,1.082966,26820570.0
US,INTC,2019-05-28,-2.239959,38.538,38.856,40.8375,45.272167,39.512962,41.664786,-2.151824,-2.078222,-0.147204,27.236743,45.755796,35.919204,1.092755,28041549.6
US,INTC,2019-05-29,1.501185,38.498,38.774,40.554,45.135833,39.363275,41.43332,-2.070045,-2.076586,0.013084,31.876552,45.313107,35.794893,1.088986,28622943.6
US,INTC,2019-05-30,1.141671,38.626,38.697,40.305,45.010667,39.30431,41.251593,-1.947283,-2.050726,0.206886,35.305927,44.841124,35.768876,1.061202,29560211.4
US,INTC,2019-05-31,-1.539251,38.542,38.567,40.035,44.886,39.162108,41.038882,-1.876774,-2.015935,0.278323,32.875545,44.349026,35.720974,1.038973,27509931.6
US,INTC,2019-06-03,-1.328817,38.348,38.442,39.6875,44.757833,38.963323,40.80415,-1.840828,-1.980914,0.280172,30.926755,43.493547,35.881453,1.051189,28307454.0
US,INTC,2019-06-04,3.063111,38.56,38.549,39.4075,44.650833,38.973581,40.672732,-1.699151,-1.924561,0.45082,39.68452,42.469067,36.345933,1.063247,26970464.8
US,INTC,2019-06-05,-0.538048,38.616,38.557,39.149,44.527667,38.949953,40.535492,-1.585539,-1.856757,0.542435,38.727225,41.379488,36.918512,1.048729,25440799.0
US,INTC,2019-06-06,1.236476,38.68,38.653,38.9685,44.409333,39.003806,40.443974,-1.440168,-1.773439,0.666542,42.161598,40.389869,37.547131,1.014534,24932261.2
US,INTC,2019-06-07,2.061069,39.026,38.784,38.9425,44.293,39.17399,40.419235,-1.245246,-1.6678,0.84511,47.508447,40.256302,37.628698,1.005639,24699806.0
US,INTC,2019-06-10,1.670406,39.608,38.978,38.9685,44.201333,39.421068,40.445959,-1.02489,-1.539218,1.028656,51.502174,40.400803,37.536197,1.005951,22629887.0
US,INTC,2019-06-11,0.122609,39.968,39.264,39.06,44.0975,39.637827,40.474406,-0.836579,-1.398691,1.124223,51.796917,40.706463,37.413537,0.984097,20694002.6
US,INTC,2019-06-12,-1.151114,40.276,39.446,39.11,43.989167,39.748931,40.465932,-0.717001,-1.262353,1.090703,48.794931,40.848056,37.371944,0.951662,19713714.0
US,INTC,2019-06-13,0.817641,40.554,39.617,39.157,43.885333,39.893711,40.482529,-0.588819,-1.127646,1.077654,50.944698,41.008854,37.305146,0.923686,18352006.6
US,INTC,2019-06-14,-1.081347,40.582,39.804,39.1855,43.779333,39.948524,40.465305,-0.516781,-1.005473,0.977384,48.048164,41.085589,37.285411,0.929137,16554171.4
US,INTC,2019-06-17,-0.124224,40.466,40.037,39.2395,43.660667,39.987213,40.445653,-0.45844,-0.896066,0.875253,47.716157,41.189797,37.289203,0.908484,14921623.4
US,INTC,2019-06-18,2.686567,40.556,40.262,39.4055,43.579833,40.186103,40.507456,-0.321353,-0.781124,0.919541,54.956238,41.454582,37.356418,0.960021,16384983.0
US,INTC,2019-06-19,-0.629845,40.688,40.482,39.5195,43.501667,40.314395,40.545422,-0.231027,-0.671104,0.880154,53.051616,41.659476,37.379524,0.927162,16692145.4
US,INTC,2019-06-20,0.243784,40.774,40.664,39.6585,43.415667,40.438334,40.587984,-0.14965,-0.566813,0.834328,53.716022,41.834802,37.482198,0.934508,18263974.8
US,INTC,2019-06-21,0.583658,40.996,40.789,39.7865,43.337667,40.580129,40.64517,-0.065041,-0.466459,0.802836,55.349218,42.045343,37.527657,0.926329,21407009.6
US,INTC,2019-06-24,0.362669,41.258,40.862,39.92,43.262833,40.723186,40.709232,0.013954,-0.370376,0.768661,56.385093,42.253667,37.586333,0.902305,21774329.4
US,INTC,2019-06-25,-1.638159,41.168,40.862,40.063,43.168167,40.739619,40.718177,0.021442,-0.292013,0.626909,50.648583,42.246878,37.879122,0.892141,19960986.2
US,INTC,2019-06-26,2.841048,41.362,41.025,40.2355,43.081167,40.931985,40.812386,0.119599,-0.20969,0.658578,58.420022,42.455648,38.015352,0.929131,20850971.8
US,INTC,2019-06-27,-1.500357,41.41,41.092,40.3545,42.985833,40.997834,40.85295,0.144883,-0.138776,0.567318,53.493192,42.547685,38.161315,0.936336,21438205.2
US,INTC,2019-06-28,0.846228,41.48,41.238,40.521,42.880167,41.107398,40.916436,0.190962,-0.072828,0.527581,55.727055,42.591487,38.450513,0.915169,20548191.6
US,INTC,2019-07-01,0.383601,41.552,41.405,40.721,42.770833,41.224721,40.98707,0.237651,-0.010732,0.496767,56.749793,42.477507,38.964493,0.955514,23153292.6
US,INTC,2019-07-02,0.143301,41.772,41.47,40.866,42.667,41.333226,41.056917,0.276309,0.046676,0.459266,57.149552,42.515744,39.216256,0.92012,22897114.4
US,INTC,2019-07-03,0.834725,41.83,41.596,41.039,42.568,41.478883,41.147515,0.331368,0.103614,0.455507,59.501101,42.510257,39.567743,0.888683,20667672.6
US,INTC,2019-07-05,-0.89877,41.938,41.674,41.169,42.467833,41.54367,41.203255,0.340415,0.150975,0.378882,55.913411,42.449795,39.888205,0.892348,18922928.8
US,INTC,2019-07-08,-0.548926,41.93,41.705,41.247,42.3575,41.563106,41.237829,0.325277,0.185835,0.278884,53.798982,42.447835,40.046165,0.891466,16906550.4
US,INTC,2019-07-09,-0.143988,41.878,41.715,41.2885,42.2455,41.57032,41.265397,0.304923,0.209653,0.190541,53.233434,42.479235,40.097765,0.870647,14976098.0
US,INTC,2019-07-10,0.961307,41.894,41.833,41.3475,42.131167,41.637963,41.320553,0.317411,0.231204,0.172413,56.515332,42.558283,40.136717,0.86203,15105614.6
US,INTC,2019-07-11,0.809331,41.908,41.869,41.447,42.024667,41.747507,41.396808,0.350699,0.255103,0.191192,59.140098,42.643814,40.250186,0.83617,16280811.0
US,INTC,2019-07-12,2.715466,42.228,42.083,41.5875,41.931,42.017122,41.5526,0.464522,0.296987,0.335069,66.504597,43.030329,40.144671,0.859301,17442711.4
US,INTC,2019-07-15,0.413793,42.63,42.28,41.759,41.813667,42.272949,41.710185,0.562764,0.350142,0.425243,67.492223,43.334448,40.183552,0.827922,16998869.6
US,INTC,2019-07-16,-1.900183,42.878,42.378,41.8915,41.6835,42.361726,41.794616,0.56711,0.393536,0.347149,58.87221,43.362476,40.420524,0.840928,16854506.2
US,INTC,2019-07-17,0.443407,43.084,42.489,41.9795,41.551833,42.466076,41.886867,0.579209,0.430671,0.297078,60.127623,43.503252,40.455748,0.813719,16033773.4
US,INTC,2019-07-18,1.115242,43.318,42.613,42.1045,41.428667,42.628218,42.00784,0.620379,0.468612,0.303533,63.184995,43.701315,40.507685,0.824167,15846684.2
US,INTC,2019-07-19,0.66636,43.38,42.804,42.239,41.311167,42.810031,42.141333,0.668698,0.508629,0.320137,64.934433,43.931736,40.546264,0.811727,17645155.6
US,INTC,2019-07-22,2.145629,43.594,43.112,42.4085,41.225333,43.108488,42.334567,0.77392,0.561687,0.424465,69.923461,44.372407,40.444593,0.855175,19113445.0
US,INTC,2019-07-23,0.782123,44.044,43.461,42.588,41.220167,43.414874,42.539414,0.87546,0.624442,0.502036,71.546736,44.827514,40.348486,0.837663,19369875.4
US,INTC,2019-07-24,2.261641,44.66,43.872,42.8525,41.251,43.831047,42.804643,1.026404,0.704834,0.64314,75.668231,45.423973,40.281027,0.853544,21163428.2
US,INTC,2019-07-25,-1.452732,45.046,44.182,43.0255,41.271667,44.080117,43.000595,1.079522,0.779772,0.5995,68.635401,45.799194,40.251806,0.857576,23580587.4
US,INTC,2019-07-26,-1.078108,45.276,44.328,43.2055,41.288333,44.215484,43.145736,1.069747,0.837767,0.463961,63.953855,45.990722,40.420278,0.918464,25032679.0
US,INTC,2019-07-29,1.779359,45.478,44.536,43.408,41.321333,44.453101,43.339386,1.113716,0.892957,0.441518,67.813866,46.315099,40.500901,0.963573,25074864.2
US,INTC,2019-07-30,-1.551573,45.468,44.756,43.567,41.325167,44.544932,43.466098,1.078834,0.930132,0.297404,61.517613,46.468076,40.665924,0.954033,24689698.6
US,INTC,2019-07-31,-2.219756,45.054,44.857,43.673,41.3155,44.468789,43.50935,0.959439,0.935994,0.046891,53.923637,46.480491,40.865509,0.990173,25344375.0
US,INTC,2019-08-01,-2.088536,44.59,44.818,43.7155,41.301167,44.262821,43.48125,0.781571,0.905109,-0.247075,48.047245,46.462436,40.968564,1.070161,26595444.4
US,INTC,2019-08-02,-1.646186,44.082,44.679,43.7415,41.293,43.97931,43.402639,0.576672,0.839422,-0.5255,44.056983,46.428396,41.054604,1.055863,24891459.4
US,INTC,2019-08-05,-3.512494,43.116,44.297,43.7045,41.298,43.510186,43.21948,0.290705,0.729678,-0.877946,37.094621,46.521701,40.887299,1.111873,28299298.2
US,INTC,2019-08-06,0.659663,42.346,43.907,43.684,41.313667,43.154772,43.069889,0.084883,0.600719,-1.031672,38.97654,46.567064,40.800936,1.089597,30225672.4
US,INTC,2019-08-07,-0.485437,41.736,43.395,43.6335,41.347,42.823269,42.916564,-0.093295,0.461916,-1.110423,38.068041,46.66371,40.60329,1.073911,31279800.8
US,INTC,2019-08-08,0.926829,41.386,42.988,43.585,41.380667,42.601228,42.802744,-0.201517,0.32923,-1.061493,40.887333,46.724895,40.445105,1.089346,30604393.0
US,INTC,2019-08-09,-2.513291,40.97,42.526,43.427,41.3905,42.253346,42.620319,-0.366973,0.189989,-1.113924,36.050403,46.871364,39.982636,1.098678,30023160.0
US,INTC,2019-08-12,-0.842836,40.784,41.95,43.243,41.395833,41.906678,42.426221,-0.519543,0.048083,-1.135253,34.608953,46.993238,39.492762,1.059487,25934689.8
US,INTC,2019-08-13,2.725,40.762,41.554,43.155,41.428667,41.781035,42.327242,-0.546207,-0.070775,-0.950863,42.540913,47.018871,39.291129,1.089524,26585708.4
US,INTC,2019-08-14,-2.06863,40.61,41.173,43.015,41.466667,41.543953,42.172631,-0.628679,-0.182356,-0.892646,38.607981,47.082911,38.947089,1.085986,25827673.4
US,INTC,2019-08-15,-0.372763,40.352,40.869,42.8435,41.489167,41.320268,42.018362,-0.698095,-0.285504,-0.825182,37.941359,47.096778,38.590222,1.054844,24097462.0
US,INTC,2019-08-16,1.746071,40.442,40.706,42.6925,41.53,41.238688,41.927373,-0.688685,-0.36614,-0.645089,42.896507,47.011726,38.373274,1.040927,23769509.6
US,INTC,2019-08-19,1.569012,40.728,40.756,42.5265,41.573833,41.268121,41.89053,-0.62241,-0.417394,-0.410032,47.058641,46.771216,38.281784,1.035147,24351633.2
US,INTC,2019-08-20,-1.32754,40.686,40.724,42.3155,41.607833,41.20841,41.815676,-0.607266,-0.455368,-0.303796,44.084852,46.445529,38.185471,1.009065,23099766.8
US,INTC,2019-08-21,1.174168,40.91,40.76,42.0775,41.664333,41.231731,41.781922,-0.550191,-0.474333,-0.151716,47.219628,45.834935,38.320065,0.979846,21152883.4
US,INTC,2019-08-22,-0.773694,41.1,40.726,41.857,41.706,41.202234,41.726965,-0.524731,-0.484412,-0.080637,45.392558,45.301469,38.412531,0.956285,20711524.8
US,INTC,2019-08-23,-3.898635,40.83,40.636,41.581,41.713667,40.931121,41.55756,-0.626439,-0.512818,-0.227243,37.565831,44.867688,38.294312,1.012265,22607802.8
US,INTC,2019-08-26,1.343813,40.538,40.633,41.2915,41.740167,40.783256,41.439963,-0.656707,-0.541596,-0.230222,41.183551,44.028895,38.554105,0.994246,22744146.2
US,INTC,2019-08-27,0.500375,40.396,40.541,41.0475,41.7785,40.688909,41.345892,-0.656983,-0.564673,-0.184619,42.536688,43.211172,38.883828,0.9618,21506595.0
US,INTC,2019-08-28,0.0,40.158,40.534,40.8535,41.7975,40.609077,41.258789,-0.649712,-0.581681,-0.136062,42.536688,42.551125,39.155875,0.927386,21302504.0
US,INTC,2019-08-29,2.364949,40.174,40.637,40.753,41.835833,40.687681,41.248508,-0.560827,-0.57751,0.033365,49.000281,42.101794,39.404206,0.951144,20906548.6
US,INTC,2019-08-30,1.142996,40.604,40.717,40.7115,41.874,40.826499,41.273804,-0.447305,-0.551469,0.208328,51.883868,41.893317,39.529683,0.940348,17727761.2
US,INTC,2019-09-03,-0.889637,40.854,40.696,40.726,41.8925,40.887038,41.269818,-0.382781,-0.517731,0.269901,49.510573,41.925173,39.526827,0.929609,16312488.2
US,INTC,2019-09-04,4.124212,41.404,40.9,40.812,41.928167,41.199801,41.392054,-0.192253,-0.452636,0.520765,58.829001,42.337196,39.286804,0.986779,17621397.0
US,INTC,2019-09-05,2.399814,42.16,41.159,40.9595,41.980167,41.622909,41.581531,0.041377,-0.353833,0.79042,63.25411,43.009266,38.909734,1.05701,20646951.2
US,INTC,2019-09-06,1.638225,42.87,41.522,41.124,42.052,42.091692,41.810307,0.281385,-0.22679,1.016349,66.004732,43.733884,38.514116,1.039366,20499316.6
US,INTC,2019-09-09,1.320797,43.604,42.104,41.37,42.128167,42.579124,42.06584,0.513284,-0.078775,1.184118,68.111244,44.511305,38.228695,1.035126,21264619.2
US,INTC,2019-09-10,0.441891,44.452,42.653,41.643,42.215,43.022336,42.317259,0.705077,0.077995,1.254162,68.816637,45.184176,38.101824,1.024759,21968971.4
US,INTC,2019-09-11,1.869776,45.13,43.267,41.904,42.316833,43.52813,42.613018,0.915113,0.245419,1.339387,71.683499,45.9737,37.8343,1.040134,21068337.4
US,INTC,2019-09-12,0.431872,45.642,43.901,42.2175,42.404,43.986879,42.901683,1.085196,0.413374,1.343644,72.32814,46.673798,37.761202,1.04441,19725456.0
US,INTC,2019-09-13,-0.903032,45.926,44.398,42.5175,42.4885,44.310436,43.137855,1.172582,0.565216,1.214732,68.786647,47.164283,37.870717,1.019095,19914030.8
US,INTC,2019-09-16,-0.6509,46.032,44.818,42.7675,42.566333,44.538062,43.33431,1.203752,0.692923,1.021657,66.289852,47.551598,37.983402,0.99916,18435016.6
US,INTC,2019-09-17,-0.458615,46.056,45.254,42.975,42.636667,44.69836,43.500657,1.197703,0.793879,0.807647,64.524283,47.867813,38.082187,0.980648,18706254.6
US,INTC,2019-09-18,-0.416849,45.872,45.501,43.2005,42.701333,44.804766,43.640609,1.164157,0.867935,0.592446,62.89216,48.102016,38.298984,0.971316,17918439.0
US,INTC,2019-09-19,-0.330469,45.618,45.63,43.3945,42.774833,44.871725,43.759082,1.112643,0.916876,0.391533,61.568099,48.296412,38.492588,0.932651,15626680.8
US,INTC,2019-09-20,-1.635721,45.3,45.613,43.5675,42.816667,44.814537,43.813965,1.000572,0.933615,0.133913,55.374457,48.367991,38.767009,0.94889,19751017.6
US,INTC,2019-09-23,0.337079,45.072,45.552,43.828,42.8715,44.789223,43.875893,0.91333,0.929558,-0.032457,56.333381,48.255232,39.400768,0.933969,21394929.8
US,INTC,2019-09-24,-2.105263,44.698,45.377,44.015,42.904833,44.623189,43.863605,0.759584,0.895563,-0.271959,49.198686,48.075352,39.954648,0.963686,23111872.8
US,INTC,2019-09-25,2.402196,44.572,45.222,44.2445,42.953,44.644237,43.930005,0.714232,0.859297,-0.29013,55.915209,47.909194,40.579806,1.006994,24130067.6
US,INTC,2019-09-26,-0.201072,44.458,45.038,44.4695,42.998667,44.6482,43.984819,0.663381,0.820114,-0.313465,55.241039,47.622812,41.316188,0.98578,24056504.8
US,INTC,2019-09-27,-0.268637,44.468,44.884,44.641,43.0365,44.633093,44.026684,0.606408,0.777373,-0.341929,54.300948,47.39476,41.88724,0.971081,19299286.2
US,INTC,2019-09-30,1.481481,44.58,44.826,44.822,43.091667,44.721848,44.114337,0.60751,0.7434,-0.27178,58.485557,47.200063,42.443937,0.953147,17796296.6
US,INTC,2019-10-01,-1.504092,44.744,44.721,44.9875,43.139333,44.692333,44.145127,0.547205,0.704161,-0.313912,53.091423,46.710229,43.264771,0.998637,15799177.0
US,INTC,2019-10-02,-2.694812,44.458,44.515,45.008,43.168,44.482743,44.084747,0.397996,0.642928,-0.489865,45.17346,46.639154,43.376846,1.038734,16062409.0
US,INTC,2019-10-03,1.292407,44.302,44.38,45.005,43.199333,44.391552,44.070322,0.32123,0.578589,-0.514717,48.996268,46.644128,43.365872,1.061682,17213101.2
US,INTC,2019-10-04,1.77717,44.326,44.397,45.005,43.238,44.43439,44.114742,0.319648,0.5268,-0.414305,53.825571,46.644128,43.365872,1.044419,16793434.4
US,INTC,2019-10-07,-0.582046,44.166,44.373,44.9625,43.253167,44.430638,44.136613,0.294024,0.480245,-0.372442,52.056202,46.616983,43.308017,1.01196,16526005.0
US,INTC,2019-10-08,-1.778879,43.984,44.364,44.8705,43.252167,44.305924,44.098346,0.207579,0.425712,-0.436267,47.000613,46.606708,43.134292,1.003963,16405424.4
US,INTC,2019-10-09,1.535993,44.176,44.317,44.7695,43.276167,44.303474,44.112542,0.190932,0.378756,-0.375648,51.318723,46.390172,43.148828,0.999394,14556015.8
US,INTC,2019-10-10,1.241815,44.366,44.334,44.686,43.306167,44.386017,44.166428,0.219589,0.346922,-0.254667,54.589505,46.098025,43.273975,1.014437,14031234.2
US,INTC,2019-10-11,1.91793,44.572,44.449,44.6665,43.3425,44.588168,44.280026,0.308142,0.339166,-0.062049,59.204987,46.009516,43.323484,1.046978,16315042.4
US,INTC,2019-10-14,-0.875274,44.75,44.458,44.642,43.367333,44.697681,44.35558,0.342101,0.339753,0.004695,56.336852,45.918364,43.365636,1.013622,17055738.2
US,INTC,2019-10-15,1.96468,45.264,44.624,44.6725,43.391333,44.927268,44.491463,0.435806,0.358964,0.153684,60.878107,46.061267,43.283733,1.031221,17273004.4
US,INTC,2019-10-16,-0.389695,45.608,44.892,44.7035,43.4065,45.093842,44.603947,0.489896,0.38515,0.209491,59.529577,46.179864,43.227136,0.991133,17869627.2
US,INTC,2019-10-17,-1.108455,45.74,45.053,44.7165,43.396167,45.156328,44.670321,0.486007,0.405322,0.161371,55.760713,46.21593,43.21707,1.011767,18330960.2
US,INTC,2019-10-18,-0.967033,45.612,45.092,44.7445,43.389667,45.141508,44.699186,0.442322,0.412722,0.059201,52.662938,46.247623,43.241377,0.99164,16892569.6
US,INTC,2019-10-21,1.486906,45.698,45.224,44.7985,43.4025,45.232046,44.775543,0.456503,0.421478,0.07005,56.615369,46.360605,43.236395,0.972952,16231593.4
US,INTC,2019-10-22,-0.218675,45.586,45.425,44.8945,43.400333,45.293269,44.838836,0.454433,0.428069,0.052729,55.865617,46.412597,43.376403,0.930598,15106903.8
US,INTC,2019-10-23,-0.569801,45.458,45.533,44.925,43.405667,45.305074,44.878181,0.426893,0.427834,-0.001882,53.868178,46.455523,43.394477,0.915555,15264610.6
US,INTC,2019-10-24,0.991845,45.522,45.631,44.9825,43.435167,45.384293,44.947946,0.436348,0.429537,0.013622,56.750446,46.556182,43.408818,0.913016,17011757.6
US,INTC,2019-10-25,8.096901,46.416,46.014,45.2315,43.541833,46.022094,45.287357,0.734737,0.490577,0.488321,72.18191,47.746855,42.716145,1.122086,25570261.8
US,INTC,2019-10-28,0.545124,47.23,46.464,45.461,43.664833,46.603311,45.621627,0.981684,0.588798,0.785771,72.938655,48.668877,42.253123,1.088366,29407633.8
US,INTC,2019-10-29,-0.742972,47.99,46.788,45.706,43.8065,47.038186,45.903729,1.134457,0.69793,0.873055,70.123462,49.315379,42.096621,1.073482,30369324.8
US,INTC,2019-10-30,0.445074,48.846,47.152,46.022,43.947333,47.440004,46.18123,1.258773,0.810099,0.897349,70.844044,49.844322,42.199678,1.060376,30226604.0
US,INTC,2019-10-31,-0.120846,49.6,47.561,46.307,44.0905,47.770772,46.433732,1.33704,0.915487,0.843107,70.345729,50.297274,42.316726,1.046064,28945728.2
US,INTC,2019-11-01,-0.020165,49.61,48.013,46.5525,44.227167,48.049115,46.666789,1.382326,1.008855,0.746943,70.257029,50.710355,42.394645,1.035631,20582885.6
US,INTC,2019-11-04,1.936265,49.758,48.494,46.859,44.397167,48.432328,46.953693,1.478635,1.102811,0.751648,73.687153,51.237808,42.480192,1.042371,17934979.4
US,INTC,2019-11-05,-0.098932,49.97,48.98,47.2025,44.572,48.748893,47.215642,1.533251,1.188899,0.688704,73.213565,51.58891,42.81609,1.039345,18476896.0
US,INTC,2019-11-06,0.633789,50.202,49.524,47.5285,44.734,49.065986,47.481891,1.584096,1.267938,0.632315,74.34979,51.96942,43.08758,1.011535,18971495.4
US,INTC,2019-11-07,0.787247,50.526,50.063,47.847,44.916833,49.395835,47.758047,1.637788,1.341908,0.591759,75.735329,52.383638,43.310362,0.999282,18514128.8
US,INTC,2019-11-08,0.371021,50.89,50.25,48.132,45.105333,49.704168,48.027821,1.676347,1.408796,0.535101,76.387772,52.807364,43.456636,0.990762,17301490.0
US,INTC,2019-11-11,0.136187,51.076,50.417,48.4405,45.283333,49.975834,48.282797,1.693037,1.465644,0.454786,76.637017,53.141855,43.739145,0.95785,15735166.8
US,INTC,2019-11-12,-0.252574,51.246,50.608,48.698,45.4485,50.185706,48.509257,1.676449,1.507805,0.337288,75.052546,53.442047,43.953953,0.938004,13952903.6
US,INTC,2019-11-13,-0.525906,51.298,50.75,48.951,45.618333,50.321751,48.698942,1.62281,1.530806,0.184007,71.735255,53.633964,44.268036,0.924575,13490670.8
US,INTC,2019-11-14,-0.137067,51.256,50.891,49.226,45.779,50.426097,48.86939,1.556707,1.535986,0.041441,70.860789,53.70768,44.74432,0.88782,12526345.2
US,INTC,2019-11-15,0.254902,51.202,51.046,49.5295,45.947167,50.53439,49.036843,1.497547,1.528298,-0.061503,71.554306,53.64908,45.40992,0.892261,13370888.8
US,INTC,2019-11-18,0.48895,51.184,51.13,49.812,46.146167,50.664484,49.21041,1.454074,1.513453,-0.118759,72.890536,53.613229,46.010771,0.885671,14343872.2
US,INTC,2019-11-19,0.175165,51.21,51.228,50.104,46.337833,50.788409,49.377787,1.410622,1.492887,-0.16453,73.375417,53.444697,46.763303,0.878837,15365629.6
US,INTC,2019-11-20,-0.757723,51.212,51.255,50.3895,46.519667,50.833269,49.503877,1.329392,1.460188,-0.261591,67.722727,52.947347,47.831653,0.87892,15995481.4
US,INTC,2019-11-21,0.54816,51.284,51.27,50.6665,46.706167,50.914305,49.641368,1.272937,1.422738,-0.299601,69.537208,52.165824,49.167176,0.871855,16795044.0
US,INTC,2019-11-22,-1.051402,51.222,51.212,50.731,46.867833,50.899796,49.728674,1.171123,1.372415,-0.402584,62.267194,52.137313,49.324687,0.883151,16710477.8
US,INTC,2019-11-25,2.085793,51.322,51.253,50.835,47.039333,51.050597,49.888031,1.162566,1.330445,-0.335759,69.097091,52.258074,49.411926,0.897926,16492704.6
US,INTC,2019-11-26,0.154202,51.42,51.315,50.9615,47.218333,51.190505,50.04151,1.148995,1.294155,-0.290321,69.545135,52.31037,49.61263,0.876645,17556439.2
US,INTC,2019-11-27,-0.673595,51.526,51.369,51.0595,47.363167,51.255043,50.157695,1.097348,1.254794,-0.314891,65.098276,52.292845,49.826155,0.876885,17481723.4
US,INTC,2019-11-29,-0.775044,51.496,51.39,51.1405,47.484167,51.248113,50.235643,1.01247,1.206329,-0.387718,60.348939,52.173718,50.107282,0.85925,16150143.0
US,INTC,2019-12-02,-0.68346,51.504,51.363,51.2045,47.587333,51.188403,50.281892,0.906512,1.146365,-0.479708,56.466982,51.965985,50.443015,0.875018,16845464.6
US,INTC,2019-12-03,-2.752654,51.02,51.171,51.1505,47.657333,50.922495,50.221011,0.701484,1.057389,-0.71181,44.215242,52.193831,50.107169,0.932517,19165710.8
US,INTC,2019-12-04,-0.080873,50.512,50.966,51.097,47.723333,50.691342,50.161677,0.529665,0.951844,-0.844358,43.922016,52.357462,49.836538,0.915909,18465957.2
US,INTC,2019-12-05,0.101174,50.084,50.805,51.03,47.776,50.503443,50.110442,0.393002,0.840076,-0.894148,44.418217,52.473523,49.586477,0.891201,18363971.2
US,INTC,2019-12-06,1.293713,49.864,50.68,50.975,47.836,50.442914,50.110409,0.332505,0.738562,-0.812114,50.460625,52.469811,49.480189,0.884686,19763226.4
US,INTC,2019-12-09,-0.478946,49.666,50.585,50.8985,47.899,50.354773,50.092601,0.262172,0.643284,-0.762223,48.338426,52.453856,49.343144,0.85078,18823437.2
US,INTC,2019-12-10,0.100261,49.758,50.389,50.821,47.967833,50.287885,50.079816,0.208069,0.556241,-0.696343,48.821336,52.408853,49.233147,0.814296,16732303.2
US,INTC,2019-12-11,0.841346,49.942,50.227,50.771,48.047167,50.295903,50.099088,0.196814,0.484356,-0.575083,52.811564,52.353301,49.188699,0.793275,16966130.2
US,INTC,2019-12-12,0.854191,50.202,50.143,50.756,48.136833,50.368841,50.148786,0.220055,0.431495,-0.422881,56.54693,52.332355,49.179645,0.827327,19010245.0
US,INTC,2019-12-13,0.41363,50.376,50.12,50.755,48.2325,50.462865,50.210357,0.252508,0.395698,-0.28638,58.283686,52.33076,49.17924,0.828946,20273934.4
US,INTC,2019-12-16,-0.156924,50.582,50.124,50.7435,48.339167,50.530117,50.261442,0.268675,0.370293,-0.203237,57.343406,52.311483,49.175517,0.827593,21207427.0
US,INTC,2019-12-17,-0.687623,50.708,50.233,50.702,48.4375,50.533176,50.282816,0.250359,0.346307,-0.191895,53.292612,52.244123,49.159877,0.829908,22307106.8
US,INTC,2019-12-18,-0.237389,50.726,50.334,50.65,48.5495,50.517302,50.293719,0.223584,0.321762,-0.196357,51.937925,52.154713,49.145287,0.803486,23951346.2
US,INTC,2019-12-19,1.388063,50.798,50.5,50.6525,48.655667,50.611564,50.355666,0.255898,0.308589,-0.105382,58.556047,52.160225,49.144775,0.81038,22145915.4
US,INTC,2019-12-20,1.701545,51.002,50.689,50.6845,48.777833,50.825169,50.477468,0.347701,0.316412,0.062579,65.005688,52.275782,49.093218,0.826067,27580909.6
US,INTC,2019-12-23,0.480769,51.272,50.927,50.756,48.906167,51.044374,50.608767,0.435607,0.340251,0.190713,66.613555,52.487536,49.024464,0.819919,28472489.8
US,INTC,2019-12-24,0.30622,51.644,51.176,50.7825,49.026167,51.25447,50.742192,0.512279,0.374656,0.275245,67.638375,52.596301,48.968699,0.781353,25403850.4
US,INTC,2019-12-26,0.686892,52.112,51.419,50.823,49.1635,51.487629,50.8924,0.595229,0.418771,0.352917,69.878734,52.771344,48.874656,0.756971,22046566.0
US,INTC,2019-12-27,0.435854,52.486,51.642,50.8925,49.324667,51.720301,51.048518,0.671783,0.469373,0.40482,71.248234,53.037428,48.747572,0.74433,21089995.0
US,INTC,2019-12-30,-0.773585,52.604,51.803,50.9615,49.469667,51.854101,51.162702,0.691399,0.513778,0.355241,65.528696,53.228174,48.694826,0.73545,13646052.6
US,INTC,2019-12-31,0.399315,52.714,51.993,51.0585,49.605167,51.999624,51.283983,0.715641,0.554151,0.32298,66.99036,53.461442,48.655558,0.718632,11814581.8
US,INTC,2020-01-02,1.647727,52.966,52.305,51.269,49.7595,52.256605,51.460725,0.79588,0.602497,0.386766,72.241674,53.808653,48.729347,0.737301,14094626.8
US,INTC,2020-01-03,-1.211105,53.016,52.564,51.449,49.916167,52.37405,51.576227,0.797823,0.641562,0.312522,64.044104,53.948935,48.949065,0.749637,14857014.2
US,INTC,2020-01-06,-0.282912,52.99,52.738,51.619,50.059167,52.45035,51.672062,0.778288,0.668907,0.218762,62.287551,54.017882,49.220118,0.751091,15591612.2
US,INTC,2020-01-07,-1.683374,52.868,52.736,51.7125,50.178167,52.377989,51.694872,0.683116,0.671749,0.022735,52.99927,54.012568,49.412432,0.76387,17433494.8
US,INTC,2020-01-08,0.076953,52.712,52.713,51.82,50.2835,52.322913,51.718956,0.603958,0.658191,-0.108466,53.336069,53.961037,49.678963,0.760022,19173983.2
US,INTC,2020-01-09,0.557478,52.44,52.703,51.9395,50.400333,52.320927,51.762737,0.55819,0.638191,-0.160001,55.808514,53.90239,49.97661,0.748592,19395000.8
US,INTC,2020-01-10,-0.611738,52.234,52.625,52.022,50.497,52.270015,51.779571,0.490444,0.608641,-0.236395,52.502805,53.842589,50.201411,0.77155,19375671.2
US,INTC,2020-01-13,1.115599,52.174,52.582,52.112,50.606333,52.316167,51.838121,0.478045,0.582522,-0.208954,57.425231,53.852317,50.371683,0.770011,19115008.8
US,INTC,2020-01-14,-0.285334,52.262,52.565,52.184,50.721667,52.332141,51.881224,0.450917,0.556201,-0.210567,55.8142,53.848529,50.519471,0.749296,18141393.2
US,INTC,2020-01-15,-0.820298,52.256,52.484,52.2385,50.837167,52.279504,51.889281,0.390223,0.523005,-0.265565,51.365487,53.799452,50.677548,0.752917,17213499.0
US,INTC,2020-01-16,1.231006,52.32,52.38,52.3425,50.952167,52.333426,51.944149,0.389277,0.49626,-0.213965,56.87502,53.704027,50.980973,0.75628,17722906.6
US,INTC,2020-01-17,-0.114003,52.436,52.335,52.4495,51.067833,52.369822,51.990509,0.379314,0.472871,-0.187114,56.231875,53.491987,51.407013,0.750117,19043210.0
US,INTC,2020-01-21,1.59787,52.604,52.389,52.5635,51.201833,52.52985,52.095656,0.434194,0.465135,-0.061883,62.607019,53.496823,51.630177,0.800823,21423738.6
US,INTC,2020-01-22,3.613556,53.188,52.725,52.7305,51.3605,52.96218,52.335978,0.626203,0.497349,0.257708,72.513413,54.226434,51.234566,0.889336,23900273.8
US,INTC,2020-01-23,0.939646,53.962,53.109,52.911,51.466,53.407999,52.597016,0.810982,0.560075,0.501814,74.47548,54.916013,50.905987,0.887241,28756260.6
US,INTC,2020-01-24,8.127462,55.516,53.918,53.3105,51.642667,54.483691,53.175015,1.308676,0.709796,1.197761,84.726523,57.124749,49.496251,1.199581,41425362.0
US,INTC,2020-01-27,-4.056291,56.592,54.514,53.5695,51.784667,55.01697,53.528718,1.488252,0.865487,1.24553,68.693332,57.87377,49.26523,1.29461,43217473.2
US,INTC,2020-01-28,2.467645,57.786,55.195,53.8885,51.946833,55.688205,53.962146,1.726059,1.037601,1.376915,72.021325,58.869184,48.907816,1.321424,43728858.4
US,INTC,2020-01-29,-1.46514,58.42,55.804,54.1845,52.0955,56.122327,54.299024,1.823303,1.194742,1.257123,67.331751,59.512837,48.856163,1.346322,41449171.6
US,INTC,2020-01-30,0.205093,58.974,56.468,54.476,52.246333,56.508123,54.619837,1.888286,1.33345,1.109671,67.644693,60.099203,48.852797,1.349442,36597896.2
US,INTC,2020-01-31,-3.82057,58.172,56.844,54.612,52.343833,56.48995,54.75096,1.73899,1.414558,0.648863,56.721751,60.282025,48.941975,1.429482,24709374.4
US,INTC,2020-02-03,0.78028,57.948,57.27,54.8025,52.4495,56.542266,54.904963,1.637302,1.459107,0.35639,58.15123,60.501714,49.103286,1.39809,21887486.6
US,INTC,2020-02-04,1.601267,57.62,57.703,55.046,52.565,56.726532,55.114966,1.611566,1.489599,0.243935,61.018941,60.809917,49.282083,1.401084,19898558.6
US,INTC,2020-02-05,2.874957,57.798,58.109,55.417,52.7015,57.137835,55.432376,1.705459,1.532771,0.345376,65.6439,61.297779,49.536221,1.436007,20963504.4
US,INTC,2020-02-06,0.117845,57.966,58.47,55.7895,52.836,57.49663,55.731459,1.765171,1.579251,0.371839,65.828019,61.706085,49.872915,1.37272,20740640.0
US,INTC,2020-02-07,-1.597444,58.392,58.282,56.1,52.9535,57.654071,55.938018,1.716054,1.606611,0.218884,61.046497,61.904316,50.295684,1.356097,19313883.6
US,INTC,2020-02-10,0.56391,58.796,58.372,56.443,53.078667,57.83806,56.15372,1.68434,1.622157,0.124366,62.076962,62.042425,50.843575,1.319948,20442828.6
US,INTC,2020-02-11,1.546304,59.2,58.41,56.8025,53.2235,58.133743,56.420852,1.712891,1.640304,0.145175,64.839181,62.283109,51.321891,1.309951,19843802.4
US,INTC,2020-02-12,0.066934,59.28,58.539,57.1715,53.370167,58.390091,56.671159,1.718931,1.656029,0.125804,64.959997,62.4106,51.9324,1.265669,18280839.0
US,INTC,2020-02-13,-0.033445,59.342,58.654,57.561,53.514333,58.603923,56.901444,1.702479,1.665319,0.074319,64.84003,62.339347,52.782653,1.233121,17119778.0
US,INTC,2020-02-14,-0.25092,59.564,58.978,57.911,53.651833,58.761781,57.103559,1.658222,1.6639,-0.011356,63.887071,62.193032,53.628968,1.210756,16173939.0
US,INTC,2020-02-18,-1.677008,59.52,59.158,58.214,53.771167,58.741507,57.216629,1.524878,1.636096,-0.222435,57.78929,61.730631,54.697369,1.21213,14267394.6
US,INTC,2020-02-19,1.466826,59.466,59.333,58.518,53.911333,58.85666,57.385027,1.471633,1.603203,-0.26314,61.217575,61.294146,55.741854,1.192692,13382510.4
US,INTC,2020-02-20,-2.471004,59.11,59.195,58.652,54.022333,58.727943,57.432062,1.295881,1.541739,-0.491715,53.255563,61.032089,56.271911,1.280357,15555709.2
US,INTC,2020-02-21,-1.689073,58.562,58.952,58.711,54.126,58.468259,57.40302,1.065239,1.446439,-0.762399,48.707409,60.858453,56.563547,1.278189,17391255.6
US,INTC,2020-02-24,-4.014727,57.586,58.575,58.4285,54.173833,57.896219,57.2065,0.689719,1.295095,-1.210751,40.091247,61.047601,55.809399,1.378318,20090788.8
US,INTC,2020-02-25,-3.287671,56.45,57.985,58.1785,54.190333,57.135263,56.891204,0.244059,1.084888,-1.681658,34.86981,61.723453,54.633547,1.458438,24436621.2
US,INTC,2020-02-26,-0.1322,55.128,57.297,57.8535,54.2115,56.480607,56.594078,-0.113471,0.845216,-1.917373,34.680646,62.033248,53.673752,1.452836,26969928.8
US,INTC,2020-02-27,-6.410741,53.422,56.266,57.4025,54.182833,55.405129,56.06785,-0.662721,0.543629,-2.412699,27.032435,62.93062,51.87438,1.593347,30124781.8
US,INTC,2020-02-28,-0.545565,51.858,55.21,56.932,54.1555,54.453571,55.560601,-1.107031,0.213497,-2.641055,26.530592,63.471415,50.392585,1.655251,38114288.6
US,INTC,2020-03-02,4.774482,51.222,54.404,56.691,54.190667,54.009944,55.265001,-1.255057,-0.080214,-2.349686,37.420069,63.635284,49.746716,1.771305,41361726.0
US,INTC,2020-03-03,-3.781268,50.556,53.503,56.3305,54.194,53.334568,54.846853,-1.512285,-0.366628,-2.291313,33.043463,63.926498,48.734502,1.874069,44410635.6
US,INTC,2020-03-04,4.836759,50.384,52.756,56.0445,54.2365,53.132327,54.637457,-1.50513,-0.594329,-1.821602,42.030092,63.834926,48.254074,1.913778,45011701.8
US,INTC,2020-03-05,-2.941176,50.584,52.003,55.599,54.242833,52.725815,54.330238,-1.604422,-0.796347,-1.61615,38.484008,63.587459,47.610541,1.908508,42386162.6
US,INTC,2020-03-06,-2.07962,50.628,51.243,55.0975,54.235667,52.220305,53.967998,-1.747693,-0.986616,-1.522153,36.225187,63.307201,46.887799,1.925043,37492394.4
US,INTC,2020-03-09,-8.81877,49.33,50.276,54.4255,54.155,51.121797,53.309628,-2.187831,-1.226859,-1.921943,28.693848,63.553491,45.297509,2.15254,40103730.2
US,INTC,2020-03-10,6.144632,48.976,49.766,53.8755,54.1135,50.618443,52.905211,-2.286767,-1.438841,-1.695853,37.573725,63.194428,44.556572,2.225216,37469465.2
US,INTC,2020-03-11,-4.30512,47.73,49.057,53.177,54.0305,49.875606,52.378158,-2.502552,-1.651583,-1.701938,34.166131,62.71851,43.63549,2.254843,39339643.2
US,INTC,2020-03-12,-11.836646,45.706,48.145,52.2055,53.853667,48.413205,51.488665,-3.07546,-1.936359,-2.278203,27.181367,62.7552,41.6558,2.49164,43652159.6
US,INTC,2020-03-13,19.519445,45.468,48.048,51.629,53.8095,48.388097,51.248764,-2.860667,-2.12122,-1.478894,44.837989,61.709742,41.548258,2.912952,46161339.8
US,INTC,2020-03-16,-18.031088,44.362,46.846,50.625,53.626167,47.028389,50.382189,-3.353799,-2.367736,-1.972126,34.804029,61.300511,39.949489,3.388455,45697731.0
US,INTC,2020-03-17,12.237674,43.67,46.323,49.913,53.5255,46.622483,49.938323,-3.31584,-2.557357,-1.516966,42.511596,60.252139,39.573861,3.589994,48800973.2
US,INTC,2020-03-18,-4.933544,42.952,45.341,49.0485,53.376667,45.942101,49.365114,-3.423012,-2.730488,-1.385049,40.196,58.920817,39.176183,3.642852,50948156.8
US,INTC,2020-03-19,-3.507109,43.022,44.364,48.1835,53.188667,45.138701,48.724735,-3.586034,-2.901597,-1.368874,38.663302,57.787925,38.579075,3.640505,49723413.8
US,INTC,2020-03-20,-0.221022,41.498,43.483,47.363,52.995,44.445055,48.125125,-3.68007,-3.057292,-1.245557,38.566995,56.597481,38.128519,3.630469,50431211.0
US,INTC,2020-03-23,8.171302,42.378,43.37,46.823,52.854,44.368892,47.815856,-3.446964,-3.135226,-0.623476,44.098692,55.513535,38.132465,3.66615,48995118.8
US,INTC,2020-03-24,5.688282,42.79,43.23,46.498,52.748667,44.689063,47.714682,-3.025619,-3.113305,0.175371,47.902838,54.721302,38.274698,3.724996,48582037.0
US,INTC,2020-03-25,-2.174381,43.438,43.195,46.126,52.622667,44.804592,47.546187,-2.741595,-3.038963,0.594735,46.52534,53.816712,38.435288,3.704639,46941273.8
US,INTC,2020-03-26,8.340669,45.14,44.081,46.113,52.566667,45.485424,47.670914,-2.18549,-2.868268,1.365556,52.092523,53.781771,38.444229,3.736451,46328749.0
US,INTC,2020-03-27,-5.707902,46.298,43.898,45.973,52.460333,45.629205,47.578254,-1.949049,-2.684424,1.470751,48.09459,53.510891,38.435109,3.689561,42186637.4
US,INTC,2020-03-30,5.967255,47.346,44.862,45.854,52.385667,46.177019,47.697642,-1.520623,-2.451664,1.862083,52.004933,53.104358,38.603642,3.66245,39172663.8
US,INTC,2020-03-31,-2.45985,47.652,45.221,45.772,52.301667,46.454401,47.718558,-1.264157,-2.214163,1.900012,50.224965,52.885946,38.658054,3.564418,38785085.4
US,INTC,2020-04-01,-4.147561,47.762,45.6,45.4705,52.187,46.382955,47.590516,-1.207562,-2.012842,1.610562,47.35432,51.985607,38.955393,3.516245,36481185.2
US,INTC,2020-04-02,4.761905,47.552,46.346,45.355,52.123667,46.659423,47.634182,-0.974759,-1.805226,1.660934,50.69422,51.585767,39.124233,3.476513,33748101.4
US,INTC,2020-04-03,-0.41511,47.864,47.081,45.282,52.056333,46.862589,47.659798,-0.797209,-1.603622,1.612827,50.379881,51.351747,39.212253,3.380334,32202616.4
US,INTC,2020-04-06,7.961651,48.386,47.866,45.618,52.047833,47.622191,47.96648,-0.344289,-1.351756,2.014933,55.992719,52.317175,38.918825,3.433167,32341571.8
US,INTC,2020-04-07,-0.057915,49.144,48.398,45.814,52.044167,48.260315,48.248222,0.012093,-1.078986,2.182158,55.939204,52.976286,38.651714,3.395798,31007202.0
US,INTC,2020-04-08,0.985127,50.402,49.082,46.1385,52.039333,48.878728,48.546872,0.331856,-0.796817,2.257347,56.696916,53.835178,38.441822,3.25467,30433789.6
US,INTC,2020-04-09,-3.117827,50.896,49.224,46.6525,52.009833,49.151232,48.702659,0.448572,-0.54774,1.992623,53.52852,54.108885,39.196115,3.254336,32974876.0
US,INTC,2020-04-13,2.744324,51.708,49.786,46.842,52.010667,49.595657,48.94987,0.645788,-0.309034,1.909644,55.797043,54.636143,39.047857,3.161169,32844051.2
US,INTC,2020-04-14,3.324366,52.102,50.244,47.553,52.029667,50.237864,49.306916,0.930948,-0.061038,1.983971,58.511603,55.148483,39.957517,3.073943,31514172.2
US,INTC,2020-04-15,-2.938442,52.186,50.665,47.943,52.023333,50.538193,49.520478,1.017714,0.154713,1.726004,55.178754,55.648998,40.237002,2.997947,27800480.2
US,INTC,2020-04-16,3.257329,52.508,51.455,48.5275,52.031333,51.053855,49.844146,1.209709,0.365712,1.687994,57.95384,56.175558,40.879442,2.920236,27343283.4
US,INTC,2020-04-17,-0.70514,53.08,51.988,49.167,52.000833,51.431724,50.115691,1.316033,0.555776,1.520513,57.102763,56.211899,42.122101,2.857362,24717326.8
US,INTC,2020-04-20,-1.96225,53.164,52.436,49.7585,51.944167,51.58992,50.289344,1.300576,0.704736,1.191681,54.711877,55.7438,43.7732,2.746836,25351001.0
US,INTC,2020-04-21,-4.765536,52.402,52.252,50.059,51.770167,51.339163,50.264948,1.074215,0.778632,0.591167,49.407549,55.418384,44.699616,2.756348,25265809.2
US,INTC,2020-04-22,6.645316,52.62,52.403,50.4005,51.692333,51.637753,50.488285,1.149468,0.852799,0.593338,55.568185,55.666096,45.134904,2.821609,25386247.8
US,INTC,2020-04-23,-1.764264,52.31,52.409,50.7455,51.575,51.745791,50.625449,1.120342,0.906308,0.428069,53.578851,55.549813,45.941187,2.701494,27517935.0
US,INTC,2020-04-24,0.363011,52.114,52.597,50.9105,51.475333,51.866439,50.766527,1.099912,0.945029,0.309766,53.937803,55.721951,46.099049,2.717102,32084908.8
US,INTC,2020-04-27,0.361698,52.166,52.665,51.2255,51.376833,51.997756,50.911229,1.086527,0.973328,0.226398,54.31821,55.627215,46.823785,2.614452,31981294.2
US,INTC,2020-04-28,-1.213961,52.59,52.496,51.37,51.305,52.010409,50.997804,1.012605,0.981184,0.062842,52.73827,55.68381,47.05619,2.551276,32688629.0
US,INTC,2020-04-29,5.184332,52.89,52.755,51.71,51.270833,52.4365,51.277967,1.158533,1.016653,0.283759,58.254849,55.973069,47.446931,2.576185,34090188.2
US,INTC,2020-04-30,-2.939029,53.056,52.683,52.069,51.194667,52.549346,51.418118,1.131228,1.039568,0.18332,54.19277,55.466186,48.671814,2.521458,32327773.2
US,INTC,2020-05-01,-4.175287,52.74,52.427,52.2075,51.053833,52.303293,51.383442,0.919851,1.015625,-0.191549,49.107904,55.155332,49.259668,2.509925,26522632.6
US,INTC,2020-05-04,0.902846,52.478,52.322,52.379,50.9195,52.165863,51.385409,0.780454,0.968591,-0.376274,50.151612,54.642828,50.115172,2.442073,25133630.8
US,INTC,2020-05-05,1.303248,52.478,52.534,52.393,50.812167,52.152653,51.436861,0.715793,0.918031,-0.404477,51.705181,54.645768,50.140232,2.350497,22827102.0
US,INTC,2020-05-06,1.305684,52.074,52.482,52.4425,50.710667,52.246091,51.534871,0.71122,0.876669,-0.330897,53.296112,54.681802,50.203198,2.280461,20306524.8
US,INTC,2020-05-07,-0.018954,51.99,52.523,52.466,50.593833,52.323616,51.62488,0.698735,0.841082,-0.284694,53.268322,54.707851,50.224149,2.192571,17997253.2
US,INTC,2020-05-08,0.834123,52.438,52.589,52.593,50.483667,52.456906,51.740815,0.71609,0.816084,-0.199987,54.395126,54.692201,50.493799,2.082387,17836511.0
US,INTC,2020-05-11,0.770822,52.876,52.677,52.671,50.380667,52.632766,51.878533,0.754234,0.803714,-0.09896,55.472537,54.797959,50.544041,2.007931,17781953.4
US,INTC,2020-05-12,-2.891791,52.87,52.674,52.585,50.254333,52.54311,51.891234,0.651876,0.773346,-0.24294,50.605137,54.665851,50.504149,2.01665,17682520.4
US,INTC,2020-05-13,-1.114313,52.612,52.343,52.549,50.135,52.378016,51.860031,0.517985,0.722274,-0.408578,48.876899,54.680243,50.417757,2.021175,18325783.6
US,INTC,2020-05-14,2.331455,52.596,52.293,52.488,50.021333,52.422937,51.920029,0.502908,0.678401,-0.350986,52.491948,54.530201,50.445799,2.071091,19692950.2
US,INTC,2020-05-15,-1.348016,52.35,52.394,52.4105,49.920333,52.351716,51.92299,0.428726,0.628466,-0.39948,50.228807,54.408854,50.412146,2.058156,19889385.6
US,INTC,2020-05-18,2.809854,52.314,52.595,52.4585,49.86,52.516067,52.03388,0.482188,0.59921,-0.234045,54.566641,54.504846,50.412154,2.038288,20241239.4
US,INTC,2020-05-19,0.617746,52.654,52.762,52.648,49.843333,52.705903,52.161,0.544903,0.588349,-0.086891,55.510481,54.416893,50.879107,2.014839,21263261.6
US,INTC,2020-05-20,4.651163,53.61,53.111,52.7965,49.898333,53.251149,52.463888,0.78726,0.628131,0.318258,61.958063,55.153568,50.439432,2.074493,23167065.0
US,INTC,2020-05-21,-1.777778,54.126,53.361,52.942,49.937833,53.558664,52.670267,0.888397,0.680184,0.416426,58.317388,55.517528,50.366472,2.052029,23050742.6
US,INTC,2020-05-22,0.452489,54.834,53.592,53.0905,50.038,53.857331,52.879877,0.977454,0.739638,0.475632,58.966541,55.886901,50.294099,1.962599,21596691.6
US,INTC,2020-05-26,0.126126,55.264,53.789,53.233,50.143833,54.120819,53.079145,1.041673,0.800045,0.483256,59.158336,56.223111,50.242889,1.950985,21694661.2
US,INTC,2020-05-27,1.96149,55.846,54.25,53.462,50.228667,54.511462,53.344394,1.167068,0.87345,0.587237,62.126885,56.750462,50.173538,1.972343,21298913.6
US,INTC,2020-05-28,-2.929756,55.596,54.603,53.473,50.318333,54.586622,53.467031,1.11959,0.922678,0.393825,55.509664,56.780441,50.165559,1.963604,18634942.2
US,INTC,2020-05-29,2.0,55.766,54.946,53.6195,50.386333,54.819449,53.662066,1.157383,0.969619,0.375528,58.652452,57.114522,50.124478,1.953347,21116541.8
US,INTC,2020-06-01,-1.693405,55.696,55.265,53.8295,50.464,54.870303,53.772283,1.09802,0.995299,0.205441,55.036554,57.158467,50.500533,1.894536,21161748.0
US,INTC,2020-06-02,0.417044,55.658,55.461,54.028,50.563,54.948718,53.891373,1.057345,1.007708,0.099273,55.747855,57.227129,50.828871,1.844212,21115507.4
US,INTC,2020-06-03,-0.30697,55.368,55.607,54.1845,50.731833,54.988915,53.98905,0.999866,1.00614,-0.012548,55.054599,57.292062,51.076938,1.776768,20485707.4
US,INTC,2020-06-04,1.684477,55.596,55.596,54.3535,50.87,55.166005,54.148379,1.017626,1.008437,0.018378,58.122652,57.500189,51.206811,1.785571,21434909.6
US,INTC,2020-06-05,2.173139,55.848,55.807,54.584,51.062833,55.503543,54.386277,1.117266,1.030203,0.174126,61.805934,57.898015,51.269985,1.794458,20118381.6
US,INTC,2020-06-08,-1.046025,56.17,55.933,54.7625,51.336,55.696844,54.562108,1.134736,1.051109,0.167253,59.054949,58.140901,51.384099,1.755569,21561808.4
US,INTC,2020-06-09,-0.98661,56.334,55.996,54.8925,51.4685,55.774253,54.683434,1.090819,1.059051,0.063535,56.526069,58.282042,51.502958,1.681599,22140164.4
US,INTC,2020-06-10,1.316726,56.68,56.024,55.137,51.758333,55.953598,54.850587,1.103012,1.067843,0.070337,59.023184,58.373103,51.900897,1.659342,23066279.2
US,INTC,2020-06-11,-6.533193,56.096,55.846,55.2245,51.9055,55.533045,54.729803,0.803242,1.014923,-0.423362,45.022846,58.137804,52.311196,1.817961,24063899.2
US,INTC,2020-06-12,-0.620068,55.202,55.525,55.2355,52.083667,55.126422,54.593521,0.532902,0.918519,-0.771234,44.025208,58.111563,52.359437,1.868821,24785233.2
US,INTC,2020-06-15,1.304594,54.566,55.368,55.3165,52.298,54.888511,54.518445,0.370066,0.808828,-0.877524,46.685359,57.894843,52.738157,1.848905,26406341.4
US,INTC,2020-06-16,0.503919,54.096,55.215,55.338,52.518333,54.72874,54.468931,0.25981,0.699025,-0.87843,47.732122,57.859266,52.816734,1.853983,26332841.6
US,INTC,2020-06-17,0.148561,53.494,55.087,55.347,52.684667,54.605857,54.42901,0.176847,0.594589,-0.835484,48.057535,57.846721,52.847279,1.798699,26150226.8
US,INTC,2020-06-18,-0.686075,53.562,54.829,55.2125,52.803167,54.444956,54.364639,0.080317,0.491735,-0.822835,46.61211,57.791615,52.633385,1.745934,25730518.2
US,INTC,2020-06-19,-0.765497,53.614,54.408,55.1075,52.931667,54.245732,54.274666,-0.028934,0.387601,-0.833069,44.997064,57.838477,52.376523,1.734796,31711480.4
US,INTC,2020-06-22,0.790216,53.612,54.089,55.011,53.004,54.141773,54.222468,-0.080695,0.293942,-0.749273,47.022092,57.815096,52.206904,1.720168,30350339.2
US,INTC,2020-06-23,-0.280007,53.526,53.811,54.9035,53.120667,54.030731,54.163026,-0.132295,0.208695,-0.681979,46.365543,57.777607,52.029393,1.63587,30266928.2
US,INTC,2020-06-24,-1.385249,53.276,53.385,54.7045,53.178833,53.822926,54.053172,-0.230246,0.120906,-0.702305,43.163638,57.615482,51.793518,1.598308,31728870.4
US,INTC,2020-06-25,-0.987092,52.996,53.279,54.5625,53.2485,53.567092,53.912937,-0.345846,0.027556,-0.746803,41.019937,57.672258,51.452742,1.587,31130318.8
US,INTC,2020-06-26,-1.72546,52.618,53.116,54.3205,53.336333,53.212154,53.716423,-0.504269,-0.078809,-0.85092,37.544448,57.658892,50.982108,1.579357,26760904.8
US,INTC,2020-06-29,1.346079,52.294,52.953,54.1605,53.399167,53.017977,53.585577,-0.5676,-0.176567,-0.782066,41.627812,57.628741,50.692259,1.567975,26621755.4
US,INTC,2020-06-30,2.67565,52.278,52.902,54.0585,53.4885,53.067519,53.567386,-0.499867,-0.241227,-0.51728,48.87882,57.497147,50.619853,1.564548,28368250.8
US,INTC,2020-07-01,-1.706037,52.228,52.752,53.9195,53.499,52.969439,53.483136,-0.513696,-0.295721,-0.435951,44.942746,57.385365,50.453635,1.533509,25764968.8
US,INTC,2020-07-02,0.534045,52.338,52.667,53.748,53.514667,52.929525,53.425866,-0.496341,-0.335845,-0.320992,46.373687,57.094793,50.401207,1.487544,24499296.6
US,INTC,2020-07-06,0.701954,52.702,52.66,53.534,53.528,52.952675,53.400246,-0.447571,-0.35819,-0.178762,48.28636,56.449095,50.618905,1.446291,20911138.2
US,INTC,2020-07-07,-2.072344,52.708,52.501,53.295,53.550167,52.803033,53.295043,-0.49201,-0.384954,-0.214112,43.337529,55.877801,50.712199,1.433699,19680382.4
US,INTC,2020-07-08,0.519431,52.49,52.384,53.0975,53.553667,52.717951,53.217632,-0.499682,-0.4079,-0.183564,44.832113,55.343705,50.851295,1.380577,16027544.8
US,INTC,2020-07-09,-0.325359,52.42,52.324,52.8545,53.5255,52.619805,53.133363,-0.513559,-0.429032,-0.169054,44.044369,54.290933,51.418067,1.348393,17214668.2
US,INTC,2020-07-10,1.900922,52.492,52.415,52.847,53.540167,52.689065,53.12867,-0.439604,-0.431146,-0.016916,49.598432,54.277274,51.416726,1.370651,17647417.0
US,INTC,2020-07-13,-1.601658,52.32,52.511,52.8135,53.512333,52.616902,53.061361,-0.444459,-0.433809,-0.021301,45.429073,54.269333,51.357667,1.41489,17356662.2
US,INTC,2020-07-14,0.689391,52.44,52.574,52.7635,53.496833,52.611224,53.025705,-0.41448,-0.429943,0.030926,47.444146,54.178721,51.348279,1.434541,18995538.0
US,INTC,2020-07-15,0.076075,52.514,52.502,52.702,53.4995,52.612574,52.995652,-0.383078,-0.42057,0.074984,47.67534,54.027045,51.376955,1.390645,20337226.8
US,INTC,2020-07-16,0.190042,52.642,52.531,52.6415,53.5455,52.629101,52.975234,-0.346132,-0.405682,0.1191,48.287796,53.841321,51.441679,1.352742,18685663.6
US,INTC,2020-07-17,1.460546,52.726,52.609,52.638,53.549,52.761547,53.013365,-0.251817,-0.374909,0.246185,52.862952,53.827447,51.448553,1.340403,18401761.6
US,INTC,2020-07-20,1.906898,53.184,52.752,52.706,53.585167,53.03054,53.124226,-0.093686,-0.318665,0.449957,58.145562,54.135943,51.276057,1.37466,17958905.0
US,INTC,2020-07-21,-0.73381,53.49,52.965,52.733,53.6115,53.196611,53.197247,-0.000636,-0.255059,0.508846,55.517934,54.245205,51.220795,1.37147,17086792.8
US,INTC,2020-07-22,0.572907,53.85,53.182,52.783,53.639833,53.384825,53.287821,0.097004,-0.184646,0.5633,57.134673,54.441784,51.124216,1.346365,16881514.6
US,INTC,2020-07-23,-1.047409,54.076,53.359,52.8415,53.669333,53.45639,53.329464,0.126926,-0.122332,0.498516,53.29875,54.562968,51.120032,1.361625,23100050.2
US,INTC,2020-07-24,-16.248839,52.398,52.562,52.4885,53.508,52.170792,52.719874,-0.549082,-0.207682,-0.682801,25.261142,56.277734,48.699266,1.958651,56289467.8
US,INTC,2020-07-27,-2.017738,50.334,51.759,52.135,53.358333,50.942977,52.088031,-1.145054,-0.395156,-1.499795,23.855636,57.362774,46.907226,1.925176,74421045.2
US,INTC,2020-07-28,-0.656257,48.292,50.891,51.7325,53.240833,49.859442,51.481511,-1.622068,-0.640539,-1.963059,23.408646,58.075827,45.389173,1.856949,82927506.4
US,INTC,2020-07-29,-2.3918,45.978,49.914,51.208,53.098167,48.781067,50.842139,-2.061073,-0.924646,-2.272854,21.814843,58.583659,43.832341,1.825739,91235683.4
US,INTC,2020-07-30,-0.163361,43.764,48.92,50.7255,52.943167,47.857826,50.244944,-2.387118,-1.21714,-2.339956,21.708726,58.933831,42.517169,1.753186,90479010.2
US,INTC,2020-07-31,-0.537634,43.254,47.826,50.2175,52.773,47.041237,49.674948,-2.633711,-1.500454,-2.266513,21.341383,59.101449,41.333551,1.714387,63339006.4
US,INTC,2020-08-03,1.19859,43.028,46.681,49.7165,52.6115,46.428739,49.184952,-2.756213,-1.751606,-2.009214,24.39635,59.018528,40.414472,1.649074,48187124.8
US,INTC,2020-08-04,1.718532,43.008,45.65,49.3075,52.455,46.024318,48.786067,-2.761749,-1.953635,-1.616229,28.722099,58.890554,39.724446,1.584854,41523769.8
US,INTC,2020-08-05,-0.43379,43.16,44.569,48.8755,52.2885,45.652884,48.402654,-2.74977,-2.112862,-1.273817,28.274773,58.665753,39.085247,1.538793,35317821.8
US,INTC,2020-08-06,-0.045861,43.322,43.543,48.451,52.1475,45.335517,48.046161,-2.710644,-2.232418,-0.956452,28.224942,58.383864,38.518136,1.474594,32129890.6
US,INTC,2020-08-07,-1.10117,43.434,43.344,47.953,52.008167,44.99313,47.68052,-2.68739,-2.323412,-0.727954,26.995277,57.9083,37.9977,1.430694,30168959.6
US,INTC,2020-08-10,2.482023,43.658,43.343,47.551,51.866667,44.868033,47.421222,-2.553189,-2.369368,-0.367642,33.907722,57.433674,37.668326,1.415644,31304053.6
US,INTC,2020-08-11,-2.105025,43.548,43.278,47.0845,51.7215,44.619105,47.112243,-2.493138,-2.394122,-0.198032,31.147244,56.853753,37.315247,1.42167,32564504.8
US,INTC,2020-08-12,2.080925,43.656,43.408,46.661,51.567,44.546935,46.892817,-2.345882,-2.384474,0.077183,36.532213,56.16441,37.15759,1.388693,32807725.4
US,INTC,2020-08-13,-1.291053,43.654,43.488,46.204,51.3975,44.398176,46.647423,-2.249248,-2.357429,0.216362,34.682157,55.371094,37.036906,1.349501,33003522.0
US,INTC,2020-08-14,0.688389,43.808,43.621,45.7235,51.191333,44.318456,46.442429,-2.123973,-2.310737,0.37353,36.504715,54.301095,37.145905,1.295251,30114710.0
US,INTC,2020-08-17,0.091158,43.756,43.707,45.194,51.0025,44.257155,46.255582,-1.998427,-2.248275,0.499697,36.758099,52.787659,37.600341,1.239876,26629842.8
US,INTC,2020-08-18,-0.591985,43.838,43.693,44.6715,50.805167,44.165285,46.063317,-1.898032,-2.178227,0.56039,35.759198,51.085801,38.257199,1.212742,23410503.4
US,INTC,2020-08-19,-0.641319,43.684,43.67,44.1195,50.602,44.044472,45.864553,-1.820081,-2.106597,0.573034,34.666625,48.729422,39.509578,1.172546,22828064.6
US,INTC,2020-08-20,1.728907,43.794,43.724,43.6335,50.393167,44.05763,45.736067,-1.678437,-2.020965,0.685056,39.958415,44.804009,42.462991,1.208078,28889430.6
US,INTC,2020-08-21,0.226603,43.864,43.836,43.59,50.213667,44.084149,45.624507,-1.540358,-1.924844,0.768972,40.648689,44.591778,42.588222,1.164644,31288491.0
US,INTC,2020-08-24,-0.293918,43.9,43.828,43.5855,50.013667,44.086587,45.51158,-1.424993,-1.824874,0.799761,40.004802,44.577215,42.593785,1.118598,34543897.8
US,INTC,2020-08-25,0.589569,44.04,43.939,43.6085,49.833833,44.128651,45.426278,-1.297627,-1.719424,0.843594,41.984159,44.648486,42.568514,1.085841,38370484.6
US,INTC,2020-08-26,0.247971,44.258,43.971,43.6895,49.652,44.181166,45.355443,-1.174277,-1.610395,0.872236,42.843327,44.732907,42.646093,1.036853,38538813.6
US,INTC,2020-08-27,-0.292332,44.3,44.047,43.7675,49.470833,44.205602,45.280225,-1.074623,-1.50324,0.857236,42.050751,44.759243,42.775757,1.012077,32406667.8
US,INTC,2020-08-28,2.074876,44.506,44.185,43.903,49.2895,44.367817,45.278727,-0.910909,-1.384774,0.94773,49.211412,44.932157,42.873843,1.029072,32620310.6
US,INTC,2020-08-31,1.038445,44.832,44.366,44.0365,49.095667,44.577384,45.312154,-0.734771,-1.254774,1.040006,52.444383,45.266675,42.806325,1.031281,34584075.8
US,INTC,2020-09-01,-0.306145,45.078,44.559,44.126,48.9095,44.733171,45.332735,-0.599565,-1.123732,1.048334,51.394911,45.523418,42.728582,1.007618,33011751.4
US,INTC,2020-09-02,2.873437,45.564,44.911,44.2905,48.7545,45.066529,45.448829,-0.3823,-0.975445,1.186291,59.551398,46.115411,42.465589,1.057074,37888573.4
US,INTC,2020-09-03,-3.560768,45.742,45.021,44.3725,48.559333,45.091679,45.43262,-0.340941,-0.848545,1.015207,48.400682,46.211466,42.533534,1.14014,42483318.8
US,INTC,2020-09-04,-0.619058,45.68,45.093,44.4645,48.4215,45.069882,45.39687,-0.326988,-0.744233,0.83449,46.817802,46.224005,42.704995,1.17013,44070055.8
US,INTC,2020-09-08,-2.335929,45.314,45.073,44.4505,48.271667,44.8899,45.285991,-0.396091,-0.674605,0.557028,41.355833,46.223243,42.677757,1.165121,42797768.0
US,INTC,2020-09-09,1.457859,45.104,45.091,44.515,48.121,44.836069,45.230732,-0.394663,-0.618616,0.447907,45.527333,46.200034,42.829966,1.149755,43380681.2
US,INTC,2020-09-10,-1.347104,44.512,45.038,44.5045,47.955833,44.698212,45.135122,-0.43691,-0.582275,0.29073,42.476803,46.201079,42.807921,1.155487,39310365.0
US,INTC,2020-09-11,0.659991,44.312,45.027,44.537,47.794167,44.62618,45.068076,-0.441896,-0.554199,0.224606,44.415406,46.185722,42.888278,1.143666,35698211.0
US,INTC,2020-09-14,0.271309,44.192,44.936,44.5605,47.640667,44.583691,45.014885,-0.431195,-0.529598,0.196807,45.237828,46.184304,42.936696,1.11769,32477035.4
US,INTC,2020-09-15,1.195039,44.388,44.851,44.6085,47.502833,44.629277,45.004894,-0.375617,-0.498802,0.24637,48.838337,46.21034,43.00666,1.114284,30046149.2
US,INTC,2020-09-16,0.735294,44.522,44.813,44.686,47.3635,44.718619,45.020087,-0.301468,-0.459335,0.315734,50.998638,46.246223,43.125777,1.100406,28669751.2
US,INTC,2020-09-17,-0.110595,44.766,44.639,44.775,47.225833,44.786524,45.030451,-0.243927,-0.416254,0.344653,50.649669,46.226351,43.323649,1.098234,27531908.2
US,INTC,2020-09-18,-0.841453,44.876,44.594,44.8075,47.094167,44.78552,45.011899,-0.226379,-0.378279,0.3038,47.963476,46.228413,43.386587,1.113361,31689893.2
US,INTC,2020-09-21,-0.334971,44.932,44.562,44.8275,46.968667,44.761594,44.98361,-0.222016,-0.347026,0.25002,46.905974,46.226426,43.428574,1.101692,31722818.4
US,INTC,2020-09-22,0.448129,44.922,44.655,44.864,46.8615,44.772118,44.972232,-0.200114,-0.317644,0.23506,48.535283,46.222608,43.505392,1.070143,30661336.8
US,INTC,2020-09-23,-2.252956,44.644,44.583,44.837,46.726,44.625638,44.886881,-0.261243,-0.306364,0.090241,41.59366,46.254774,43.419226,1.088704,31366040.4
US,INTC,2020-09-24,0.684619,44.436,44.601,44.8195,46.572333,44.547848,44.830075,-0.282227,-0.301536,0.038618,44.148833,46.263363,43.375637,1.088796,31842733.0
US,INTC,2020-09-25,1.586582,44.444,44.66,44.8435,46.4455,44.589717,44.829329,-0.239612,-0.289151,0.09908,49.680523,46.270543,43.416457,1.109597,27144716.2
US,INTC,2020-09-28,2.989737,44.75,44.841,44.8885,46.336333,44.831299,44.927897,-0.096598,-0.250641,0.308086,58.212725,46.418301,43.358699,1.128197,27599742.2
US,INTC,2020-09-29,-0.476603,44.972,44.947,44.899,46.217333,45.001869,45.002868,-0.000999,-0.200712,0.399427,56.518322,46.454428,43.343572,1.098326,27079060.6
US,INTC,2020-09-30,1.153679,45.502,45.073,44.943,46.1255,45.227735,45.111544,0.116191,-0.137332,0.507045,59.571319,46.619223,43.266777,1.09916,26605569.6
US,INTC,2020-10-01,0.903809,46.056,45.246,44.9425,46.036167,45.483468,45.243282,0.240186,-0.061828,0.604029,61.856887,46.616392,43.268608,1.081362,25162406.2
US,INTC,2020-10-02,-2.367242,46.248,45.346,44.97,45.931167,45.529088,45.283039,0.24605,-0.000253,0.492605,53.283443,46.679573,43.260427,1.084837,24998077.2
US,INTC,2020-10-05,1.33246,46.294,45.522,45.042,45.819833,45.661536,45.365036,0.296501,0.059098,0.474805,56.824977,46.859994,43.224006,1.058777,23244276.8
US,INTC,2020-10-06,-0.603578,46.328,45.65,45.1525,45.718,45.730531,45.420218,0.310312,0.109341,0.401943,54.772419,46.947926,43.357074,1.077436,24435345.4
US,INTC,2020-10-07,2.515723,46.488,45.995,45.289,45.6295,45.967372,45.557239,0.410133,0.169499,0.481267,61.049451,47.281676,43.296324,1.098333,23288810.8
US,INTC,2020-10-08,1.332769,46.69,46.373,45.487,45.550833,46.264699,45.730777,0.533923,0.242384,0.583077,63.973847,47.680956,43.293044,1.078452,23337202.2
US,INTC,2020-10-09,-1.022965,47.016,46.632,45.646,45.462333,46.4409,45.855164,0.585736,0.311054,0.549363,60.188741,47.912252,43.379748,1.07642,23043628.6
US,INTC,2020-10-12,2.003797,47.41,46.852,45.8465,45.376833,46.736146,46.040707,0.695439,0.387931,0.615015,64.566051,48.318813,43.374187,1.088104,24327674.4
US,INTC,2020-10-13,-0.103391,47.85,47.089,46.018,45.2735,46.978277,46.208803,0.769474,0.46424,0.610469,64.166163,48.667835,43.368165,1.05324,23200270.2
US,INTC,2020-10-14,-0.517491,48.008,47.248,46.1605,45.172667,47.144696,46.345929,0.798767,0.531145,0.535244,62.095316,48.925239,43.395761,1.035151,23181556.6
US,INTC,2020-10-15,0.561798,48.094,47.392,46.319,45.071167,47.327051,46.492897,0.834154,0.591747,0.484813,63.46664,49.19727,43.44073,1.048354,22362222.2
US,INTC,2020-10-16,0.57935,48.334,47.675,46.5105,44.983833,47.524427,46.649719,0.874708,0.648339,0.452738,64.885415,49.462411,43.558589,1.027758,22177720.2
US,INTC,2020-10-19,0.781732,48.46,47.935,46.7285,45.048667,47.7499,46.823074,0.926827,0.704037,0.44558,66.771432,49.736159,43.720841,1.107204,25424469.2
US,INTC,2020-10-20,-2.10247,48.39,48.12,46.885,45.1115,47.782223,46.90729,0.874933,0.738216,0.273434,57.721702,49.805702,43.964298,1.119546,26868295.2
US,INTC,2020-10-21,0.125104,48.382,48.195,47.095,45.180167,47.818804,46.989713,0.829091,0.756391,0.1454,58.07814,49.689783,44.500217,1.119579,26864479.2
US,INTC,2020-10-22,0.749688,48.392,48.243,47.308,45.272333,47.905142,47.092697,0.812445,0.767602,0.089686,60.243882,49.568872,45.047128,1.11318,31514454.0
US,INTC,2020-10-23,-10.582885,47.322,47.828,47.23,45.280333,47.190505,46.808794,0.381711,0.690423,-0.617425,33.632161,49.899539,44.560461,1.433667,46294674.4
US,INTC,2020-10-26,-3.074434,45.91,47.185,47.0185,45.27,46.381196,46.447402,-0.066205,0.539098,-1.210606,29.933201,50.53084,43.50616,1.456262,48419488.8
US,INTC,2020-10-27,-2.313379,44.51,46.45,46.7695,45.235,45.547166,46.040928,-0.493761,0.332526,-1.652575,27.553077,51.150936,42.388064,1.439387,53000612.6
US,INTC,2020-10-28,-3.027344,42.85,45.616,46.432,45.167,44.650679,45.572711,-0.922032,0.081614,-2.007292,24.834529,51.785737,41.078263,1.428002,57640609.8
US,INTC,2020-10-29,-0.327291,41.092,44.742,46.067,45.1,43.872113,45.129547,-1.257434,-0.186195,-2.142477,24.560927,52.18666,39.94734,1.361002,56695422.2
US,INTC,2020-10-30,0.378884,40.388,43.855,45.765,45.035833,43.236403,44.730321,-1.493918,-0.44774,-2.092356,25.579721,52.478802,39.051198,1.340216,46589758.4
US,INTC,2020-11-02,0.402617,39.982,42.946,45.4405,44.982333,42.723111,44.37252,-1.649409,-0.688074,-1.922671,26.716585,52.613746,38.267254,1.297343,42528848.6
US,INTC,2020-11-03,0.877193,39.84,42.175,45.1475,44.916833,42.342632,44.067148,-1.724516,-0.895362,-1.658308,29.262252,52.658204,37.636796,1.268962,39220253.2
US,INTC,2020-11-04,1.913043,40.1,41.475,44.835,44.879667,42.13915,43.841433,-1.702283,-1.056746,-1.291074,34.641312,52.485248,37.184752,1.266179,37156681.6
US,INTC,2020-11-05,0.682594,40.442,40.767,44.505,44.832167,42.01005,43.653179,-1.643129,-1.174023,-0.938212,36.531333,52.167317,36.842683,1.240737,36017963.2
US,INTC,2020-11-06,-0.62954,40.702,40.545,44.1865,44.789833,41.860812,43.45961,-1.598798,-1.258978,-0.679641,35.504622,51.868868,36.504132,1.20997,33905864.0
US,INTC,2020-11-09,0.462963,40.968,40.475,43.83,44.745667,41.763764,43.294454,-1.53069,-1.31332,-0.434739,36.900268,51.364916,36.295084,1.249972,36830861.4
US,INTC,2020-11-10,-0.363813,41.134,40.487,43.4685,44.698333,41.658569,43.13042,-1.471851,-1.345026,-0.253649,36.233644,50.799984,36.137016,1.239974,37958245.6
US,INTC,2020-11-11,1.996105,41.31,40.705,43.1605,44.669,41.695712,43.039278,-1.343565,-1.344734,0.002338,42.363576,50.206553,36.114447,1.217119,37308002.6
US,INTC,2020-11-12,-3.00716,41.178,40.81,42.776,44.623333,41.533295,42.861554,-1.328258,-1.341439,0.026361,36.549429,49.482813,36.069187,1.245896,39669343.8
US,INTC,2020-11-13,1.13189,41.19,40.946,42.4005,44.572833,41.466634,42.731068,-1.264434,-1.326038,0.123208,39.797886,48.578851,36.222149,1.197618,38602230.2
US,INTC,2020-11-16,1.605839,41.296,41.132,42.039,44.531667,41.511768,42.659137,-1.14737,-1.290304,0.285869,44.211148,47.42853,36.64947,1.195645,36167143.0
US,INTC,2020-11-17,-1.436782,41.312,41.223,41.699,44.482667,41.457649,42.54809,-1.090441,-1.250332,0.319782,41.250612,46.360278,37.037722,1.160956,34536662.8
US,INTC,2020-11-18,-1.020408,41.08,41.195,41.335,44.422333,41.347242,42.414157,-1.066916,-1.213648,0.293466,39.268337,44.994298,37.675702,1.120174,34800858.8
US,INTC,2020-11-19,1.227295,41.2,41.189,40.978,44.3685,41.330743,42.327183,-0.99644,-1.170207,0.347534,42.792774,42.697321,39.258679,1.103019,32112692.6
US,INTC,2020-11-20,-0.484966,41.188,41.189,40.867,44.3135,41.286013,42.231836,-0.945823,-1.12533,0.359015,41.749096,42.233032,39.500968,1.059231,30772926.8
US,INTC,2020-11-23,1.461988,41.164,41.23,40.8525,44.253167,41.340473,42.187996,-0.847523,-1.069769,0.44449,46.003761,42.178666,39.526334,1.036429,30609595.8
US,INTC,2020-11-24,2.065322,41.432,41.372,40.9295,44.199333,41.518862,42.211108,-0.692246,-0.994264,0.604036,51.474711,42.437989,39.421011,1.045256,31175418.0
US,INTC,2020-11-25,0.094118,41.792,41.436,41.0705,44.1485,41.67596,42.23547,-0.55951,-0.907313,0.695606,51.719738,42.626835,39.514165,1.00988,30237211.8
US,INTC,2020-11-27,0.846262,42.124,41.662,41.236,44.081833,41.864274,42.284694,-0.420421,-0.809935,0.779028,53.972383,42.830884,39.641116,1.005603,27527679.0
US,INTC,2020-11-30,1.888112,42.658,41.923,41.4345,44.0565,42.148232,42.390273,-0.242041,-0.696356,0.90863,58.647494,43.212864,39.656136,1.013774,31954357.6
US,INTC,2020-12-01,2.516587,43.292,42.228,41.68,44.054167,42.557734,42.569512,-0.011777,-0.55944,1.095326,63.99583,43.854709,39.505291,1.063505,36412068.4
US,INTC,2020-12-02,0.669493,43.814,42.623,41.923,44.074333,42.950391,42.757696,0.192695,-0.409013,1.203416,65.313453,44.460157,39.385843,1.043969,36382537.6
US,INTC,2020-12-03,2.194635,44.526,43.159,42.177,44.100333,43.434946,43.005274,0.429672,-0.241276,1.341896,69.305515,45.260096,39.093904,1.055114,40809390.4
US,INTC,2020-12-04,1.952278,45.346,43.735,42.462,44.151333,43.983416,43.30118,0.682236,-0.056574,1.47762,72.413796,46.160516,38.763484,1.086891,45578650.2
US,INTC,2020-12-07,-3.446809,45.68,44.169,42.679,44.1705,44.198275,43.455166,0.743109,0.103363,1.279492,60.531543,46.524672,38.833328,1.166399,46520176.0
US,INTC,2020-12-08,0.991626,45.884,44.588,42.909,44.195167,44.44931,43.63108,0.81823,0.246336,1.143787,62.378253,46.926889,38.891111,1.142371,40755839.0
US,INTC,2020-12-09,-1.221907,45.916,44.865,43.1185,44.201667,44.57557,43.752481,0.823088,0.361686,0.922803,58.697567,47.169881,39.067119,1.132916,40818813.4
US,INTC,2020-12-10,0.375525,45.784,45.155,43.2955,44.2055,44.708559,43.877483,0.831076,0.455564,0.751023,59.479229,47.427001,39.163999,1.125564,37507779.4
US,INTC,2020-12-11,-1.056338,45.376,45.361,43.5115,44.202167,44.747242,43.957669,0.789573,0.522366,0.534414,56.242651,47.514805,39.508195,1.118738,35434003.6
US,INTC,2020-12-14,1.490214,45.426,45.553,43.738,44.216333,44.883051,44.081546,0.801505,0.578194,0.446623,59.551249,47.682082,39.793918,1.143114,31913224.4
US,INTC,2020-12-15,0.372562,45.42,45.652,43.94,44.235833,45.02412,44.208839,0.815282,0.625611,0.37934,60.370045,47.871977,40.008023,1.113606,31216521.6
US,INTC,2020-12-16,0.917031,45.61,45.763,44.193,44.259,45.208102,44.357813,0.850288,0.670547,0.359483,62.395378,48.02685,40.35915,1.086206,30073039.0
US,INTC,2020-12-17,-0.930333,45.68,45.732,44.4455,44.291833,45.297624,44.463901,0.833723,0.703182,0.261082,59.067079,47.990753,40.900247,1.080048,28611646.2
US,INTC,2020-12-18,-6.289583,45.27,45.323,44.529,44.271667,44.930298,44.348798,0.5815,0.678846,-0.194691,42.65541,47.839202,41.218798,1.233616,46591560.2
US,INTC,2020-12-21,-2.330459,44.526,44.976,44.5725,44.223167,44.465636,44.168146,0.297491,0.602575,-0.610168,38.640782,47.716872,41.428128,1.289072,50659419.6
US,INTC,2020-12-22,-0.405631,43.714,44.567,44.5775,44.1495,44.046308,43.988283,0.058025,0.493665,-0.87128,37.986249,47.703468,41.451532,1.234853,52002574.8
US,INTC,2020-12-23,0.862482,42.89,44.25,44.5575,44.0855,43.746876,43.84841,-0.101535,0.374625,-0.952319,40.292735,47.740969,41.374031,1.208792,50845225.0
US,INTC,2020-12-24,1.068884,42.242,43.961,44.558,44.020167,43.562741,43.752232,-0.189491,0.261802,-0.902585,43.139603,47.740204,41.375796,1.171021,47938550.0
US,INTC,2020-12-28,0.0,42.17,43.72,44.5405,43.947833,43.406935,43.663178,-0.256243,0.158193,-0.828871,43.139603,47.762583,41.318417,1.138091,28332701.2
US,INTC,2020-12-29,4.93537,42.718,43.622,44.5875,43.929,43.598176,43.736276,-0.1381,0.098934,-0.474068,54.803019,47.787099,41.387901,1.326799,34483838.6
US,INTC,2020-12-30,-1.298992,43.184,43.449,44.5505,43.890333,43.670764,43.760996,-0.090232,0.061101,-0.302666,51.65169,47.756061,41.344939,1.285599,35523166.6
US,INTC,2020-12-31,2.201044,43.772,43.331,44.547,43.8725,43.881416,43.855737,0.025679,0.054016,-0.056676,56.189023,47.750261,41.343739,1.288056,36725679.0
US,INTC,2021-01-04,-0.310835,44.242,43.242,44.487,43.833,44.038121,43.93309,0.105031,0.064219,0.081623,55.381188,47.615745,41.358255,1.323909,43573042.4
US,INTC,2021-01-05,1.893096,44.882,43.526,44.4245,43.797167,44.301487,44.067676,0.233811,0.098138,0.271347,59.215132,47.395934,41.453066,1.326487,44292521.8
US,INTC,2021-01-06,0.983607,45.192,43.955,44.4655,43.777,44.593566,44.225626,0.36794,0.152098,0.431684,61.119864,47.510263,41.420737,1.357452,34748173.0
US,INTC,2021-01-07,2.121212,45.814,44.499,44.533,43.757333,44.991479,44.444468,0.547011,0.231081,0.63186,64.958012,47.750714,41.315286,1.362634,33689558.4
US,INTC,2021-01-08,-1.038576,46.144,44.958,44.604,43.730333,45.25279,44.610804,0.641986,0.313262,0.657448,61.679409,47.943972,41.264028,1.346732,34899276.2
US,INTC,2021-01-11,-0.192761,46.484,45.363,44.662,43.706,45.460053,44.758152,0.701901,0.39099,0.621823,61.069713,48.096965,41.227035,1.314108,32265440.2
US,INTC,2021-01-12,3.283262,46.96,45.921,44.8205,43.702667,45.870814,45.007918,0.862896,0.485371,0.75505,67.035329,48.573651,41.067349,1.368815,35268905.2
US,INTC,2021-01-13,6.981093,48.018,46.605,45.1135,43.750667,46.735304,45.488073,1.247232,0.637743,1.218977,75.804148,49.857773,40.369227,1.723899,52721110.6
US,INTC,2021-01-14,4.039619,49.296,47.555,45.502,43.827,47.786796,46.086734,1.700062,0.850207,1.69971,79.448673,51.511378,39.492622,1.806478,61238821.8
US,INTC,2021-01-15,-2.818742,50.37,48.257,45.794,43.895333,48.444212,46.529198,1.915014,1.063168,1.703691,71.078463,52.447566,39.140434,1.816015,64366818.6
US,INTC,2021-01-19,0.710718,51.536,49.01,46.126,43.968833,49.05741,46.966294,2.091116,1.268758,1.644716,71.86076,53.38109,38.87091,1.7663,64909591.6
US,INTC,2021-01-20,1.163456,52.518,49.739,46.6325,44.0465,49.670116,47.416199,2.253918,1.46579,1.576256,73.150208,54.320303,38.944697,1.719421,62673066.6
US,INTC,2021-01-21,6.466817,53.514,50.766,47.3605,44.266667,50.716252,48.08685,2.629402,1.698512,1.861779,78.982314,55.838546,38.882454,1.966605,55290225.2
US,INTC,2021-01-22,-9.296972,53.044,51.17,47.8345,44.4215,50.793752,48.318936,2.474816,1.853773,1.242087,58.15895,56.058836,39.610164,2.201848,57499909.8
US,INTC,2021-01-25,-2.147599,52.656,51.513,48.2355,44.574167,50.690098,48.452348,2.23775,1.930568,0.614363,54.893379,56.075417,40.395583,2.21243,59840546.6
US,INTC,2021-01-26,-0.418994,52.152,51.844,48.6035,44.744,50.570083,48.560322,2.009761,1.946407,0.126708,54.266925,56.02094,41.18606,2.141542,59008293.8
US,INTC,2021-01-27,-2.925265,51.234,51.876,48.8985,44.891667,50.243916,48.55215,1.691766,1.895479,-0.407425,49.995088,55.779347,42.017653,2.111432,63212630.2
US,INTC,2021-01-28,4.623323,50.078,51.796,49.2005,45.074167,50.312544,48.710509,1.602035,1.83679,-0.46951,55.750398,55.834743,42.566257,2.20633,55621849.0
US,INTC,2021-01-29,-1.006116,49.87,51.457,49.506,45.2455,50.292153,48.81936,1.472792,1.76399,-0.582396,54.220281,55.716261,43.295739,2.165163,45927231.0
US,INTC,2021-02-01,2.132324,50.096,51.376,49.8165,45.428833,50.439514,48.999408,1.440106,1.699214,-0.518215,56.893402,55.715735,43.917265,2.131938,38918849.2
US,INTC,2021-02-02,2.321951,50.602,51.377,50.1935,45.619167,50.747281,49.254267,1.493015,1.657974,-0.329918,59.711005,55.740987,44.646013,2.082513,37337851.2
US,INTC,2021-02-03,-0.553013,51.342,51.288,50.5135,45.8,50.963084,49.468765,1.494319,1.625243,-0.261848,58.703982,55.727102,45.299898,1.995191,31771899.8
US,INTC,2021-02-04,2.53116,51.898,50.988,50.877,46.007167,51.348763,49.765153,1.58361,1.616916,-0.066612,61.857228,55.844901,45.909099,1.962677,27902143.8
US,INTC,2021-02-05,-1.028614,52.446,51.158,51.164,46.202,51.590492,49.998845,1.591647,1.611862,-0.040431,59.808036,55.902331,46.425669,1.884629,25137421.0
US,INTC,2021-02-08,1.681784,52.958,51.527,51.52,46.414167,51.931955,50.281153,1.650802,1.61965,0.062303,62.001692,55.917927,47.122073,1.832155,26623752.4
US,INTC,2021-02-09,-0.650437,53.162,51.882,51.863,46.606833,52.167039,50.516623,1.650415,1.625803,0.049224,60.600908,55.707815,48.018185,1.789859,27658389.4
US,INTC,2021-02-10,0.149645,53.44,52.391,52.1335,46.821833,52.378264,50.740577,1.637686,1.62818,0.019013,60.818805,55.635689,48.631311,1.746297,26544781.2
US,INTC,2021-02-11,3.044453,53.78,52.839,52.3175,47.056333,52.807761,51.068683,1.739079,1.65036,0.177438,65.058978,56.044584,48.590416,1.760133,26081849.8
US,INTC,2021-02-12,1.903208,54.44,53.443,52.45,47.297333,53.332721,51.450262,1.88246,1.69678,0.37136,67.498975,56.518548,48.381452,1.770124,26638162.6
US,INTC,2021-02-16,1.067236,55.042,54.0,52.688,47.558333,53.869226,51.84802,2.021206,1.761665,0.519082,68.838109,57.173027,48.202973,1.719401,25031763.0
US,INTC,2021-02-17,-1.003168,55.6,54.381,52.879,47.816833,54.235499,52.174093,2.061406,1.821613,0.479586,66.053704,57.621762,48.136238,1.678729,23494014.8
US,INTC,2021-02-18,-0.373333,56.1,54.77,53.029,48.0635,54.513114,52.460456,2.052658,1.867822,0.369672,65.010388,57.968332,48.089668,1.645963,23798213.8
US,INTC,2021-02-19,2.266238,56.528,55.154,53.071,48.334667,54.943404,52.819682,2.123723,1.919002,0.409441,68.274029,58.139258,48.002742,1.635537,23948412.8
US,INTC,2021-02-22,-3.646833,56.328,55.384,53.271,48.561,54.985958,52.997483,1.988475,1.932897,0.111156,58.588892,58.346986,48.195014,1.67157,25163214.2
US,INTC,2021-02-23,0.670047,56.082,55.562,53.5445,48.779167,55.078887,53.189521,1.889366,1.924191,-0.069649,59.679372,58.499923,48.589077,1.703601,25372873.6
US,INTC,2021-02-24,3.381903,56.326,55.963,53.9225,49.028,55.446751,53.506594,1.940157,1.927384,0.025546,64.757548,58.864633,48.980367,1.770486,26093780.8
US,INTC,2021-02-25,-4.402297,56.106,56.103,54.247,49.228667,55.368789,53.612772,1.756017,1.89311,-0.274187,54.761991,58.515593,49.978407,1.866166,29803342.8
US,INTC,2021-02-26,0.618857,55.7,56.114,54.4765,49.4215,55.355129,53.73627,1.618859,1.83826,-0.438803,55.750472,58.437961,50.515039,1.863583,31788674.4
US,INTC,2021-03-01,3.455137,56.094,56.211,54.827,49.627833,55.637417,53.992102,1.645315,1.799671,-0.308713,60.916927,58.43011,51.22389,1.879755,31031738.0
US,INTC,2021-03-02,-2.605351,56.116,56.099,55.0495,49.804333,55.647045,54.118613,1.528432,1.745423,-0.433982,55.475385,58.270962,51.828038,1.87763,30220822.4
US,INTC,2021-03-03,-2.190305,55.518,55.922,55.1515,49.944,55.4675,54.145383,1.322117,1.660762,-0.67729,51.424826,58.158021,52.144979,1.861371,31034919.8
US,INTC,2021-03-04,-2.624816,55.14,55.623,55.1965,50.044833,55.095577,54.064243,1.031334,1.534876,-1.007085,47.085129,58.044751,52.348249,1.879844,31798199.8
US,INTC,2021-03-05,4.147031,55.134,55.417,55.2855,50.209333,55.119334,54.152077,0.967257,1.421353,-0.908191,53.575967,58.02142,52.54958,1.931284,32057179.0
US,INTC,2021-03-08,-1.466063,54.584,55.339,55.3615,50.352833,55.014821,54.173405,0.841417,1.305365,-0.927897,51.091033,57.908265,52.814735,1.921906,32978956.4
US,INTC,2021-03-09,4.702425,54.844,55.48,55.521,50.548333,55.320233,54.382782,0.937451,1.231783,-0.588662,57.759333,58.058667,52.983333,1.999627,35592449.0
US,INTC,2021-03-10,-0.666667,55.272,55.395,55.679,50.734667,55.520197,54.548502,0.971696,1.179765,-0.416139,56.527325,58.073142,53.284858,1.986083,35276442.2
US,INTC,2021-03-11,1.695514,56.178,55.659,55.881,50.945,55.83709,54.773057,1.064033,1.156619,-0.185172,58.911737,58.199706,53.562294,1.963505,33374724.8
US,INTC,2021-03-12,-0.642584,56.57,55.852,55.983,51.138,56.048307,54.953572,1.094735,1.144242,-0.099013,57.600426,58.346667,53.619333,1.892541,29506983.0
US,INTC,2021-03-15,1.415836,57.286,55.935,56.073,51.341667,56.351644,55.180714,1.17093,1.14958,0.042701,59.714502,58.597513,53.548487,1.848073,27134802.4
US,INTC,2021-03-16,1.551189,57.67,56.257,56.178,51.553333,56.746776,55.457699,1.289078,1.177479,0.223197,61.982709,58.97774,53.37826,1.841782,25894633.6
US,INTC,2021-03-17,1.544467,58.312,56.792,56.357,51.787333,57.221118,55.781573,1.439545,1.229892,0.419306,64.178834,59.578298,53.135702,1.877369,26941499.4
US,INTC,2021-03-18,-3.125522,58.388,57.283,56.453,52.038167,57.334792,55.942938,1.391855,1.262285,0.259139,56.904289,59.744462,53.161538,1.881843,26822719.4
US,INTC,2021-03-19,0.05176,58.544,57.557,56.487,52.306167,57.435593,56.094572,1.341022,1.278032,0.125979,56.988518,59.826863,53.147137,1.881711,33778457.2
US,INTC,2021-03-22,2.93154,58.878,58.082,56.7105,52.605333,57.782425,56.3609,1.421525,1.306731,0.229589,61.571937,60.272193,53.148807,1.917303,36404190.0
US,INTC,2021-03-23,-3.266879,58.642,58.156,56.818,52.866,57.775898,56.463055,1.312843,1.307953,0.009779,54.409654,60.367691,53.268309,1.967496,37398853.4
US,INTC,2021-03-24,-2.268791,57.962,58.137,56.766,53.097333,57.568837,56.460607,1.10823,1.268009,-0.319557,50.186141,60.30642,53.22558,2.181246,45836857.0
US,INTC,2021-03-25,-0.035442,57.652,58.02,56.8395,53.328333,57.390554,56.456858,0.933696,1.201146,-0.5349,50.122172,60.284998,53.394002,2.120443,46895569.6
US,INTC,2021-03-26,4.591385,57.854,58.199,57.0255,53.5675,57.638161,56.645239,0.992922,1.159501,-0.333158,57.650375,60.515517,53.535483,2.17684,42846390.6
US,INTC,2021-03-29,-0.559322,57.65,58.264,57.0995,53.810833,57.796906,56.795221,1.001684,1.127938,-0.252507,56.480654,60.662333,53.536667,2.119923,41202683.0
US,INTC,2021-03-30,-1.141981,57.702,58.172,57.2145,54.026833,57.828151,56.884464,0.943687,1.091088,-0.294802,54.081413,60.737473,53.691527,2.056357,38312590.0
US,INTC,2021-03-31,0.362069,58.058,58.01,57.401,54.248667,57.886897,56.982652,0.904245,1.053719,-0.298948,54.730509,60.713841,54.088159,1.96876,29998302.2
US,INTC,2021-04-01,0.858959,58.518,58.085,57.684,54.464667,58.013528,57.110604,0.902924,1.02356,-0.241272,56.313939,60.369333,54.998667,1.913134,29201266.6
US,INTC,2021-04-05,3.08295,58.822,58.338,57.9475,54.703333,58.399139,57.363152,1.035988,1.026046,0.019884,61.556136,60.659878,55.235122,1.918625,27849619.8
US,INTC,2021-04-06,-1.470588,59.014,58.332,58.207,54.910833,58.588502,57.531066,1.057436,1.032324,0.050225,57.878379,60.485878,55.928122,1.865866,28371578.6
US,INTC,2021-04-07,1.056515,59.466,58.584,58.37,55.137,58.845656,57.73321,1.112446,1.048348,0.128196,59.713265,60.744574,55.995426,1.811161,27788332.6
US,INTC,2021-04-08,1.194822,60.02,59.039,58.588,55.376667,59.174017,57.973713,1.200304,1.078739,0.243129,61.763298,61.077663,56.098337,1.748935,25630531.0
US,INTC,2021-04-09,1.820269,60.696,59.607,58.8135,55.609333,59.622629,58.278623,1.344007,1.131793,0.424428,64.742029,61.684843,55.942157,1.739011,24782700.2
US,INTC,2021-04-12,-4.18747,60.49,59.656,58.9275,55.742667,59.602225,58.368354,1.23387,1.152208,0.163324,54.109032,61.714957,56.140043,1.860511,29446572.8
US,INTC,2021-04-13,-0.285762,60.428,59.721,58.9925,55.8385,59.558806,58.438847,1.119959,1.145759,-0.051599,53.490438,61.752774,56.232226,1.81976,29056690.0
US,INTC,2021-04-14,-1.584626,60.052,59.759,58.9655,55.943833,59.377451,58.434488,0.942963,1.105199,-0.324472,50.081075,61.738617,56.192383,1.789777,30651721.6
US,INTC,2021-04-15,1.301816,59.684,59.852,58.931,56.055667,59.34092,58.486748,0.854172,1.054994,-0.401644,52.705752,61.677277,56.184723,1.761936,31192412.2
US,INTC,2021-04-16,-0.422726,59.044,59.87,58.9775,56.153167,59.271548,58.516618,0.754929,0.994981,-0.480103,51.742001,61.687695,56.267305,1.697512,30682084.6
US,INTC,2021-04-19,-1.732043,58.72,59.605,58.9715,56.1765,59.055925,58.468721,0.587204,0.913426,-0.652443,47.894018,61.690928,56.252072,1.685547,25228242.8
US,INTC,2021-04-20,-1.451529,58.262,59.345,58.8385,56.273333,58.744244,58.362149,0.382095,0.80716,-0.850128,44.930582,61.662535,56.014465,1.652293,23838269.4
US,INTC,2021-04-21,1.595651,58.174,59.113,58.8485,56.403667,58.620514,58.330879,0.289636,0.703655,-0.828038,48.638251,61.658285,56.038715,1.629987,23557428.2
US,INTC,2021-04-22,-1.777701,57.728,58.706,58.8725,56.520333,58.357358,58.225628,0.13173,0.58927,-0.91508,44.94937,61.606419,56.138581,1.619273,26223416.2
US,INTC,2021-04-23,-5.324196,56.726,57.885,58.746,56.610833,57.668534,57.90373,-0.235196,0.424377,-1.319145,36.241484,62.09003,55.40197,1.807182,36802291.0
US,INTC,2021-04-26,-0.81663,55.84,57.28,58.468,56.656667,57.01799,57.573083,-0.555093,0.228483,-1.567152,35.175801,62.528939,54.407061,1.746669,39931938.0
US,INTC,2021-04-27,-1.328593,54.98,56.621,58.171,56.699167,56.358299,57.214336,-0.856037,0.011579,-1.735231,33.465736,62.937042,53.404958,1.685479,43591053.4
US,INTC,2021-04-28,-0.606865,53.874,56.024,57.8915,56.7185,55.750869,56.85846,-1.107591,-0.212255,-1.790671,32.694271,63.279881,52.503119,1.630802,44795682.0
US,INTC,2021-04-29,1.14482,53.094,55.411,57.6315,56.728,55.329197,56.573388,-1.244192,-0.418642,-1.651099,35.687879,63.420262,51.842738,1.568601,41802282.4
US,INTC,2021-04-30,-1.282777,52.784,54.755,57.3125,56.731,54.867782,56.259063,-1.391282,-0.61317,-1.556223,33.850293,63.516634,51.108366,1.54513,32444684.0
US,INTC,2021-05-03,-0.477737,52.512,54.176,56.8905,56.707833,54.438892,55.949503,-1.510611,-0.792658,-1.435905,33.173991,63.309,50.472,1.501906,28971842.2
US,INTC,2021-05-04,-0.633641,52.316,53.648,56.4965,56.688333,54.025217,55.638429,-1.613212,-0.956769,-1.312886,32.25783,63.156843,49.836157,1.488913,28403026.6
US,INTC,2021-05-05,-0.077295,52.176,53.025,56.069,56.653333,53.669029,55.347434,-1.678405,-1.101096,-1.154617,32.141958,62.805355,49.332645,1.436848,26525942.4
US,INTC,2021-05-06,1.218333,52.042,52.568,55.637,56.634667,53.464563,55.124661,-1.660098,-1.212897,-0.894403,36.038894,62.163062,49.110938,1.399216,26973669.2
US,INTC,2021-05-07,0.840657,52.132,52.458,55.1715,56.622,53.359246,54.950983,-1.591737,-1.288665,-0.606144,38.68721,61.089859,49.253141,1.352843,24819109.4
US,INTC,2021-05-10,-2.955665,51.96,52.236,54.758,56.556167,53.030131,54.674614,-1.644482,-1.359828,-0.569308,33.405984,60.566272,48.949728,1.373354,27372063.6
US,INTC,2021-05-11,-1.659508,51.684,52.0,54.3105,56.458667,52.62088,54.355753,-1.734873,-1.434837,-0.600072,30.92853,60.022202,48.598798,1.384543,27500949.8
US,INTC,2021-05-12,-2.580901,51.156,51.666,53.845,56.3295,52.074591,53.964216,-1.889625,-1.525795,-0.727661,27.561871,59.670563,48.019437,1.391362,29347014.2
US,INTC,2021-05-13,0.733646,50.574,51.308,53.3595,56.215833,51.667731,53.628348,-1.960617,-1.612759,-0.695716,29.839467,58.952833,47.766167,1.352693,30079657.8
US,INTC,2021-05-14,2.468137,50.148,51.14,52.9475,56.126,51.511157,53.40773,-1.896573,-1.669522,-0.454102,37.061623,58.04234,47.85266,1.376072,31719512.0
US,INTC,2021-05-17,-0.039487,50.03,50.995,52.5855,56.014667,51.375594,53.201972,-1.826378,-1.700893,-0.250969,36.994393,57.239657,47.931343,1.351353,28712255.8
US,INTC,2021-05-18,-0.86905,49.994,50.839,52.2435,55.930833,51.193195,52.978863,-1.785668,-1.717848,-0.13564,35.46996,56.53189,47.95511,1.342685,25259322.2
US,INTC,2021-05-19,0.936442,50.312,50.734,51.8795,55.848667,51.111165,52.807095,-1.69593,-1.713465,0.035069,38.390416,55.325045,48.433955,1.35035,23966802.0
US,INTC,2021-05-20,1.06593,50.666,50.62,51.594,55.744167,51.124832,52.688051,-1.563219,-1.683415,0.240392,41.657457,54.158546,49.029454,1.311754,22757341.4
US,INTC,2021-05-21,0.234375,50.8,50.474,51.466,55.683833,51.154858,52.586714,-1.431856,-1.633104,0.402495,42.388574,53.8072,49.1248,1.268057,20670296.4
US,INTC,2021-05-24,1.578332,51.1,50.565,51.4005,55.631333,51.30488,52.552883,-1.248004,-1.556084,0.61616,47.198481,53.585197,49.215803,1.263196,20501128.2
US,INTC,2021-05-25,-0.172645,51.47,50.732,51.366,55.5455,51.417975,52.514892,-1.096917,-1.46425,0.734667,46.731627,53.486475,49.245525,1.247253,21222425.6
US,INTC,2021-05-26,0.09608,51.756,51.034,51.35,55.485333,51.521364,52.483419,-0.962055,-1.363811,0.803512,47.045008,53.44338,49.25662,1.199592,19503215.0
US,INTC,2021-05-27,1.420618,52.082,51.374,51.341,55.457833,51.722692,52.509091,-0.786399,-1.248329,0.92386,51.584751,53.407126,49.274874,1.176764,21351709.0
US,INTC,2021-05-28,-1.060004,52.272,51.536,51.338,55.444833,51.806893,52.491381,-0.684487,-1.13556,0.902146,48.21609,53.39854,49.27746,1.144138,21869011.4
US,INTC,2021-06-01,-0.40176,52.258,51.679,51.337,55.391667,51.845833,52.459427,-0.613594,-1.031167,0.835147,46.977182,53.396117,49.277883,1.142414,22101414.6
US,INTC,2021-06-02,1.037265,52.37,51.92,51.3795,55.361,51.961859,52.46984,-0.507981,-0.92653,0.837098,50.499403,53.504979,49.254021,1.121527,21336157.8
US,INTC,2021-06-03,-2.148289,52.246,52.001,51.3675,55.268833,51.886188,52.395777,-0.509589,-0.843142,0.667105,43.923965,53.488084,49.246916,1.132133,22667698.6
US,INTC,2021-06-04,2.001166,52.18,52.131,51.3755,55.200167,51.980621,52.403498,-0.422877,-0.759089,0.672424,50.279049,53.511847,49.239153,1.149837,20488923.2
US,INTC,2021-06-07,-0.495238,52.174,52.223,51.3485,55.111167,52.020525,52.391387,-0.370861,-0.681443,0.621164,48.776343,53.426001,49.270999,1.110563,19899883.2
US,INTC,2021-06-08,-0.153139,52.194,52.226,51.3955,55.027,52.041983,52.374247,-0.332264,-0.611607,0.558687,48.298024,53.501581,49.289419,1.099809,22485506.4
US,INTC,2021-06-09,0.0,52.106,52.238,51.485,54.929333,52.060139,52.358377,-0.298237,-0.548933,0.501392,48.298024,53.561078,49.408922,1.054822,21569747.4
US,INTC,2021-06-10,0.671012,52.314,52.28,51.657,54.8225,52.129349,52.369608,-0.240259,-0.487199,0.493878,50.748634,53.455734,49.858266,1.050906,22551103.2
US,INTC,2021-06-11,0.818892,52.402,52.291,51.8325,54.707667,52.254064,52.411859,-0.157795,-0.421318,0.527046,53.655029,53.397605,50.267395,1.040127,21876298.4
US,INTC,2021-06-14,0.585569,52.604,52.389,51.9625,54.629167,52.407285,52.473944,-0.066659,-0.350386,0.567455,55.685337,53.544952,50.380048,1.029404,22760323.2
US,INTC,2021-06-15,-0.338028,52.786,52.49,52.0845,54.547167,52.509241,52.518096,-0.008855,-0.28208,0.54645,54.200569,53.612511,50.556489,0.995875,20270734.4
US,INTC,2021-06-16,-1.337856,52.826,52.466,52.193,54.425,52.486281,52.506385,-0.020104,-0.229685,0.419161,48.68622,53.452001,50.933999,1.029027,21865711.6
US,INTC,2021-06-17,-0.057296,52.79,52.552,52.2765,54.334833,52.462238,52.49332,-0.031082,-0.189964,0.317765,48.461864,53.320976,51.232024,1.034096,20817846.2
US,INTC,2021-06-18,-2.637111,52.392,52.397,52.264,54.2435,52.229586,52.379,-0.149414,-0.181854,0.06488,39.454949,53.364207,51.163793,1.095947,28217560.0
US,INTC,2021-06-21,0.353288,51.968,52.286,52.2545,54.1555,52.060419,52.286481,-0.226062,-0.190696,-0.070733,40.995372,53.389867,51.119133,1.061951,27711583.4
US,INTC,2021-06-22,0.0,51.58,52.183,52.2045,54.024333,51.917277,52.200816,-0.283539,-0.209264,-0.148548,40.995372,53.44097,50.96803,1.037525,27286837.4
US,INTC,2021-06-23,-1.095247,51.222,52.024,52.131,53.889333,51.710004,52.080015,-0.370011,-0.241414,-0.257194,37.5484,53.557939,50.704061,1.011988,26968477.4
US,INTC,2021-06-24,1.463318,51.018,51.904,52.092,53.777833,51.648465,52.022977,-0.374512,-0.268033,-0.212957,44.222468,53.563239,50.620761,0.994703,26910672.8
US,INTC,2021-06-25,-0.272851,51.062,51.727,52.009,53.6605,51.574855,51.959793,-0.384938,-0.291414,-0.187048,43.280109,53.491591,50.526409,0.967224,20107259.6
US,INTC,2021-06-28,2.794606,51.356,51.662,52.0255,53.558667,51.73257,52.007216,-0.274646,-0.288061,0.026829,54.05081,53.526573,50.524427,1.016708,20752507.4
US,INTC,2021-06-29,-1.273764,51.516,51.548,52.019,53.4155,51.762943,52.001496,-0.238553,-0.278159,0.079213,49.324773,53.520545,50.517455,1.071943,22287944.2
US,INTC,2021-06-30,-1.059118,51.678,51.45,51.958,53.278,51.704029,51.955459,-0.25143,-0.272813,0.042766,45.785641,53.459301,50.456699,1.083947,24208685.2
US,INTC,2021-07-01,-0.233554,51.668,51.343,51.9475,53.128,51.635717,51.903944,-0.268227,-0.271896,0.007338,45.026533,53.465154,50.429846,1.057237,24941057.0
US,INTC,2021-07-02,1.32657,51.822,51.442,51.9195,52.977333,51.68253,51.906615,-0.224085,-0.262334,0.076498,50.077587,53.415862,50.423138,1.045291,24165524.6
US,INTC,2021-07-06,-1.174432,51.568,51.462,51.874,52.798,51.628294,51.863903,-0.235608,-0.256989,0.042761,45.994917,53.383893,50.364107,1.056342,24906667.8
US,INTC,2021-07-07,-0.233781,51.424,51.47,51.8265,52.66,51.563941,51.815465,-0.251524,-0.255896,0.008744,45.21399,53.357046,50.295954,1.02946,22606147.0
US,INTC,2021-07-08,-1.015427,51.286,51.482,51.753,52.516167,51.429489,51.732098,-0.302609,-0.265238,-0.074741,41.894554,53.352076,50.153924,1.032356,20460222.8
US,INTC,2021-07-09,1.085027,51.282,51.475,51.6895,52.397167,51.400337,51.695646,-0.295309,-0.271253,-0.048113,46.378635,53.263965,50.115035,1.010759,19227505.2
US,INTC,2021-07-12,1.327088,51.278,51.55,51.6385,52.276833,51.480285,51.712265,-0.23198,-0.263398,0.062836,51.374927,53.110373,50.166627,0.989276,18861341.6
US,INTC,2021-07-13,0.231125,51.42,51.494,51.578,52.162667,51.566395,51.736541,-0.170146,-0.244748,0.149202,52.220993,52.868203,50.287797,0.980757,16767219.2
US,INTC,2021-07-14,-0.614912,51.522,51.473,51.5105,52.060167,51.590026,51.735316,-0.14529,-0.224856,0.159133,49.735766,52.608325,50.412675,0.984274,17048463.8
US,INTC,2021-07-15,-1.256767,51.598,51.442,51.446,51.960833,51.510022,51.686033,-0.176011,-0.215087,0.078152,45.046254,52.4867,50.4053,0.976112,16999480.6
US,INTC,2021-07-16,-1.507734,51.41,51.346,51.3445,51.8335,51.323865,51.583364,-0.259499,-0.223969,-0.071059,40.209544,52.41605,50.27295,1.038532,18310638.4
US,INTC,2021-07-19,-0.596421,51.026,51.152,51.297,51.718333,51.120194,51.466078,-0.345884,-0.248352,-0.195064,38.476146,52.509272,50.084728,1.029351,20633619.6
US,INTC,2021-07-20,1.1,50.728,51.074,51.268,51.662833,51.032471,51.39822,-0.365749,-0.271832,-0.187834,43.301884,52.5219,50.0141,1.040112,21463816.0
US,INTC,2021-07-21,1.800198,50.676,51.099,51.2845,51.629833,51.098245,51.402797,-0.304552,-0.278376,-0.052352,50.254348,52.539386,50.029614,1.04939,21910527.6
US,INTC,2021-07-22,-0.485814,50.704,51.151,51.3165,51.6045,51.115438,51.388515,-0.273077,-0.277316,0.008478,48.495005,52.528792,50.104208,1.030862,25465314.6
US,INTC,2021-07-23,-5.291935,50.344,50.877,51.176,51.539333,50.713063,51.174551,-0.461488,-0.31415,-0.294676,34.42568,52.901461,49.450539,1.195086,33961007.0
US,INTC,2021-07-26,2.474227,50.284,50.655,51.1025,51.484167,50.557207,51.065325,-0.508118,-0.352944,-0.310348,42.395191,52.944052,49.260948,1.226151,35135708.8
US,INTC,2021-07-27,-2.072435,49.908,50.318,50.906,51.423167,50.266868,50.887894,-0.621026,-0.40656,-0.428931,38.113482,52.898932,48.913068,1.269283,39137920.8
US,INTC,2021-07-28,-0.205465,49.33,50.003,50.738,51.364667,50.005811,50.716198,-0.710387,-0.467326,-0.486122,37.715224,52.915279,48.560721,1.242906,41134256.0
US,INTC,2021-07-29,1.173564,48.916,49.81,50.626,51.321167,49.872609,50.599443,-0.726833,-0.519227,-0.415212,41.469513,52.888445,48.363555,1.22127,37173384.8
US,INTC,2021-07-30,0.0407,49.048,49.696,50.521,51.278667,49.762977,50.492817,-0.72984,-0.56135,-0.33698,41.602521,52.849947,48.192053,1.176179,26918071.8
US,INTC,2021-08-02,-0.081367,48.932,49.608,50.38,51.225,49.664058,50.391127,-0.727069,-0.594494,-0.265151,41.399888,52.689615,48.070385,1.152881,23961453.4
US,INTC,2021-08-03,0.712541,49.092,49.5,50.287,51.169833,49.634203,50.322895,-0.688693,-0.613334,-0.150719,43.971432,52.585879,47.988121,1.129103,19261034.0
US,INTC,2021-08-04,-0.283,49.244,49.287,50.193,51.138333,49.587402,50.249348,-0.661945,-0.623056,-0.077779,43.155643,52.486967,47.899033,1.09631,17087806.6
US,INTC,2021-08-05,0.628421,49.344,49.13,50.1405,51.126167,49.595494,50.204211,-0.608717,-0.620188,0.022943,45.563952,52.434627,47.846373,1.048717,16772483.2
US,INTC,2021-08-06,0.04029,49.444,49.246,50.0615,51.136,49.605418,50.163899,-0.558481,-0.607847,0.098732,45.72372,52.30704,47.81596,0.999523,17330550.0
US,INTC,2021-08-09,0.241643,49.576,49.254,49.9545,51.141833,49.632277,50.135462,-0.503185,-0.586914,0.167459,46.733875,52.03337,47.87563,0.965985,16644960.6
US,INTC,2021-08-10,-0.200884,49.618,49.355,49.8365,51.125667,49.639619,50.101724,-0.462105,-0.561952,0.199695,45.966126,51.683446,47.989554,0.954844,16612917.8
US,INTC,2021-08-11,0.382448,49.726,49.485,49.744,51.113,49.675062,50.084559,-0.409497,-0.531461,0.243929,47.723376,51.377308,48.110692,0.920926,16808535.8
US,INTC,2021-08-12,-1.12292,49.66,49.502,49.656,51.098333,49.618899,50.027184,-0.408286,-0.506826,0.197081,43.258046,51.180052,48.131948,0.91586,16761272.6
US,INTC,2021-08-13,-0.081119,49.582,49.513,49.6045,51.075167,49.565222,49.971097,-0.405875,-0.486636,0.161522,42.948923,51.10749,48.10151,0.883299,15966281.2
US,INTC,2021-08-16,-0.040593,49.476,49.526,49.567,51.042667,49.516726,49.917682,-0.400956,-0.4695,0.137088,42.784295,51.066068,48.067932,0.852349,16570835.6
US,INTC,2021-08-17,-1.461929,49.246,49.432,49.466,50.996167,49.364922,49.814891,-0.449969,-0.465594,0.03125,37.248865,50.958721,47.973279,0.873609,17730673.4
US,INTC,2021-08-18,-0.947867,48.886,49.306,49.2965,50.9285,49.165703,49.68564,-0.519936,-0.476462,-0.086948,34.20409,50.603348,47.989652,0.871209,17024861.0
US,INTC,2021-08-19,0.478469,48.684,49.172,49.151,50.866167,49.032518,49.583,-0.550481,-0.491266,-0.118431,36.977979,50.19478,48.10722,0.880408,18610001.2
US,INTC,2021-08-20,-0.828157,48.41,48.996,49.121,50.796333,48.858285,49.458333,-0.600048,-0.513022,-0.174052,34.271873,50.267349,47.974651,0.884665,20699454.8
US,INTC,2021-08-23,2.359081,48.366,48.921,49.0875,50.733,48.884702,49.426605,-0.541902,-0.518798,-0.046208,46.240854,50.202953,47.972047,0.922903,21956124.4
US,INTC,2021-08-24,1.080971,48.572,48.909,49.132,50.687833,48.988594,49.436486,-0.447891,-0.504617,0.113451,50.76906,50.24829,48.01571,0.905553,21622903.2
US,INTC,2021-08-25,0.0,48.87,48.878,49.1815,50.646167,49.076503,49.445635,-0.369132,-0.47752,0.216776,50.76906,50.281396,48.081604,0.873728,21620233.6
US,INTC,2021-08-26,-1.251009,48.998,48.841,49.1715,50.585167,49.055502,49.408181,-0.352678,-0.452552,0.199747,45.562331,50.276349,48.066651,0.866318,20934351.6
US,INTC,2021-08-27,1.430323,49.346,48.878,49.1955,50.554667,49.145425,49.425352,-0.279927,-0.418027,0.276199,51.597935,50.319003,48.071997,0.871581,19093683.0
US,INTC,2021-08-30,0.08058,49.476,48.921,49.2235,50.507667,49.227667,49.444215,-0.216548,-0.377731,0.322366,51.925939,50.365836,48.081164,0.882897,17214697.2
US,INTC,2021-08-31,0.221417,49.522,49.047,49.2395,50.466833,49.31418,49.469829,-0.155649,-0.333315,0.355332,52.871769,50.403948,48.075052,0.875547,17614957.8
US,INTC,2021-09-01,-0.723037,49.496,49.183,49.2445,50.421333,49.331999,49.466879,-0.13488,-0.293628,0.317495,49.443269,50.411316,48.077684,0.854437,18328286.0
US,INTC,2021-09-02,0.121384,49.606,49.302,49.237,50.376833,49.356307,49.468591,-0.112285,-0.257359,0.290149,50.024927,50.395449,48.078551,0.82912,17590301.8
US,INTC,2021-09-03,-0.404122,49.536,49.441,49.2185,50.323167,49.346106,49.455362,-0.109257,-0.227739,0.236964,48.040833,50.361046,48.075954,0.820611,16979853.6
US,INTC,2021-09-07,0.263745,49.484,49.48,49.2005,50.2645,49.357474,49.452743,-0.095269,-0.201245,0.211951,49.444431,50.318167,48.082833,0.795568,16846582.8
US,INTC,2021-09-08,-0.161878,49.394,49.458,49.1835,50.199333,49.354786,49.444392,-0.089606,-0.178917,0.178622,48.574824,50.281649,48.085351,0.799456,16023578.4
US,INTC,2021-09-09,-0.304013,49.346,49.421,49.1495,50.134667,49.329434,49.425548,-0.096114,-0.162356,0.132485,46.90893,50.201669,48.097331,0.77878,14999732.0
US,INTC,2021-09-10,0.813173,49.366,49.486,49.1635,50.0885,49.369521,49.437729,-0.068208,-0.143527,0.150637,51.669019,50.231176,48.095824,0.826724,15888658.6
US,INTC,2021-09-13,2.137528,49.638,49.587,49.2325,50.0605,49.566518,49.527527,0.038991,-0.107023,0.292028,61.516021,50.481722,47.983278,0.876244,17721957.0
US,INTC,2021-09-14,-0.848963,49.798,49.641,49.281,50.048333,49.667054,49.578821,0.088232,-0.067972,0.312408,56.488162,50.602407,47.959593,0.890798,19353506.0
US,INTC,2021-09-15,1.095181,50.084,49.739,49.393,50.042333,49.836738,49.667057,0.169681,-0.020442,0.380245,60.891162,50.816574,47.969426,0.875027,19465726.6
US,INTC,2021-09-16,-0.53181,50.346,49.846,49.5145,50.031833,49.938778,49.728756,0.210022,0.025651,0.368741,57.7991,50.879249,48.149751,0.870382,20739185.0
US,INTC,2021-09-17,-1.029703,50.424,49.895,49.5985,50.022,49.94512,49.747367,0.197753,0.060071,0.275363,52.291651,50.856535,48.340465,0.883926,23746092.4
US,INTC,2021-09-20,-2.360944,50.054,49.846,49.6435,49.980167,49.768948,49.677192,0.091756,0.066408,0.050695,42.414953,50.704203,48.582797,0.948646,26228624.8
US,INTC,2021-09-21,-0.204918,49.75,49.774,49.627,49.939,49.604494,49.604807,-0.000313,0.053064,-0.106754,41.696202,50.734594,48.519406,0.9216,25407866.4
US,INTC,2021-09-22,1.190965,49.452,49.768,49.613,49.883667,49.554572,49.580747,-0.026175,0.037216,-0.126783,47.276722,50.73066,48.49534,0.921485,25367453.6
US,INTC,2021-09-23,0.994318,49.306,49.826,49.6235,49.847667,49.587715,49.594766,-0.007051,0.028363,-0.070828,51.500203,50.742915,48.504085,0.908522,24689702.6
US,INTC,2021-09-24,0.341571,49.298,49.861,49.6735,49.823667,49.641912,49.620339,0.021573,0.027005,-0.010863,52.909615,50.755023,48.591977,0.888628,20213096.0
US,INTC,2021-09-27,0.820985,49.608,49.831,49.709,49.8085,49.750849,49.674388,0.076461,0.036896,0.07913,56.21444,50.829694,48.588306,0.893726,15982697.4
US,INTC,2021-09-28,-1.211519,49.816,49.783,49.712,49.771833,49.74918,49.679248,0.069932,0.043503,0.052857,50.532252,50.832689,48.591311,0.876317,17327176.2
US,INTC,2021-09-29,-0.944914,49.814,49.633,49.686,49.7375,49.67546,49.648933,0.026527,0.040108,-0.027163,46.621946,50.822264,48.549736,0.87158,17711214.4
US,INTC,2021-09-30,-0.405927,49.674,49.49,49.668,49.701833,49.582312,49.606049,-0.023737,0.027339,-0.102152,45.025275,50.831006,48.504994,0.856467,18523162.0
US,INTC,2021-10-01,1.100469,49.608,49.453,49.674,49.683833,49.586572,49.606342,-0.01977,0.017917,-0.075374,50.003901,50.834507,48.513493,0.865291,19906942.2
US,INTC,2021-10-04,-0.72566,49.388,49.498,49.672,49.650667,49.534792,49.579946,-0.045155,0.005303,-0.100915,46.951185,50.835282,48.508718,0.885627,22597624.6
US,INTC,2021-10-05,0.893401,49.378,49.597,49.6855,49.6135,49.55867,49.588098,-0.029429,-0.001644,-0.05557,50.896905,50.843023,48.527977,0.879511,21285232.8
US,INTC,2021-10-06,0.060374,49.468,49.641,49.7045,49.574833,49.58349,49.597869,-0.014379,-0.004191,-0.020377,51.16362,50.851138,48.557862,0.882403,21194286.8
US,INTC,2021-10-07,0.362027,49.634,49.654,49.74,49.5445,49.632184,49.620249,0.011935,-0.000966,0.025801,52.81953,50.864473,48.615527,0.885803,21228361.0
US,INTC,2021-10-08,-0.681363,49.624,49.616,49.7385,49.519333,49.621079,49.615786,0.005292,0.000286,0.010013,49.411434,50.863849,48.613151,0.880388,20462947.0
US,INTC,2021-10-11,-0.686037,49.618,49.503,49.667,49.501333,49.559374,49.586469,-0.027095,-0.00519,-0.043809,46.201073,50.73169,48.60231,0.882503,17872034.0
US,INTC,2021-10-12,-2.377082,49.29,49.334,49.5585,49.468833,49.327163,49.472656,-0.145493,-0.033251,-0.224485,37.235546,50.802787,48.314213,0.932325,20803023.8
US,INTC,2021-10-13,0.187305,48.974,49.221,49.427,49.428667,49.144522,49.373941,-0.229419,-0.072484,-0.313868,38.228554,50.687144,48.166856,0.912159,20497899.4
US,INTC,2021-10-14,3.136685,48.924,49.279,49.3845,49.3985,49.222288,49.39439,-0.172102,-0.092408,-0.159388,51.961105,50.55087,48.21813,0.96129,21674340.8
US,INTC,2021-10-15,1.02719,49.044,49.334,49.3935,49.381,49.366551,49.451102,-0.08455,-0.090836,0.012572,55.554992,50.580703,48.206297,0.937627,23506962.6
US,INTC,2021-10-18,0.019936,49.234,49.426,49.462,49.408833,49.490159,49.504353,-0.014194,-0.075508,0.122627,55.625093,50.662343,48.261657,0.925653,25108725.2
US,INTC,2021-10-19,1.355392,49.794,49.542,49.5695,49.428,49.699365,49.604031,0.095334,-0.041339,0.273348,60.219829,50.859376,48.279624,0.915249,22230439.2
US,INTC,2021-10-20,0.294985,50.366,49.67,49.6555,49.466833,49.899463,49.707436,0.192027,0.005334,0.373386,61.174829,51.079122,48.231878,0.877017,21893701.2
US,INTC,2021-10-21,1.137255,50.752,49.838,49.746,49.517,50.158007,49.846144,0.311863,0.06664,0.490446,64.703344,51.398893,48.093107,0.895802,24254542.2
US,INTC,2021-10-22,-11.67119,49.832,49.438,49.527,49.457333,49.450621,49.528652,-0.078031,0.037706,-0.231473,32.097223,51.984072,47.069928,1.28253,41202691.6
US,INTC,2021-10-25,-0.109745,48.9,49.067,49.285,49.3965,48.844372,49.230974,-0.386602,-0.047156,-0.678893,31.953196,52.267405,46.302595,1.240921,45356932.0
US,INTC,2021-10-26,-2.285212,47.624,48.709,49.0215,49.319,48.171392,48.87831,-0.706918,-0.179108,-1.055619,29.034799,52.656394,45.386606,1.251569,55359434.2
US,INTC,2021-10-27,-0.809535,46.246,48.306,48.7635,49.229667,47.546562,48.525101,-0.978539,-0.338995,-1.279089,28.07879,52.977573,44.549427,1.225029,60205673.8
US,INTC,2021-10-28,0.408071,44.788,47.77,48.5245,49.145667,47.045553,48.21139,-1.165838,-0.504363,-1.322949,29.331708,53.162773,43.886227,1.168955,58790938.4
US,INTC,2021-10-29,1.896591,44.702,47.267,48.3005,49.0705,46.750852,47.983139,-1.232287,-0.649948,-1.164678,35.020662,53.135967,43.465033,1.174744,45256754.0
US,INTC,2021-11-01,1.130069,44.728,46.814,48.12,49.0035,46.579952,47.809573,-1.229621,-0.765883,-0.927477,38.269892,53.06841,43.17159,1.130834,42223747.6
US,INTC,2021-11-02,0.613497,45.018,46.321,47.9315,48.939167,46.478421,47.669605,-1.191184,-0.850943,-0.680482,40.042534,52.913432,42.949568,1.094346,33981322.2
US,INTC,2021-11-03,1.067073,45.478,45.862,47.766,48.884667,46.467895,47.576301,-1.108406,-0.902436,-0.411941,43.120759,52.719114,42.812886,1.065464,30557452.4
US,INTC,2021-11-04,0.538677,45.952,45.37,47.604,48.831167,46.497449,47.508427,-1.010977,-0.924144,-0.173667,44.681239,52.47865,42.72935,1.030788,29255209.0
US,INTC,2021-11-05,1.221603,46.372,45.537,47.4875,48.7965,46.610149,47.487802,-0.877653,-0.914846,0.074385,48.172515,52.280277,42.694723,1.041446,28158247.2
US,INTC,2021-11-08,1.228033,46.806,45.767,47.417,48.772167,46.794742,47.511669,-0.716927,-0.875262,0.31667,51.525003,52.146833,42.687167,1.037771,28885067.8
US,INTC,2021-11-09,-0.669316,47.12,46.069,47.389,48.742833,46.901705,47.510064,-0.608359,-0.821882,0.427044,49.617993,52.110135,42.667865,1.030073,27948099.6
US,INTC,2021-11-10,-0.86334,47.254,46.366,47.336,48.718667,46.929135,47.478207,-0.549073,-0.76732,0.436494,47.20719,52.046008,42.625992,1.001497,28163823.4
US,INTC,2021-11-11,-0.46729,47.294,46.623,47.1965,48.6985,46.918499,47.432414,-0.513916,-0.716639,0.405447,45.917966,51.787876,42.605124,0.973533,28286628.8
US,INTC,2021-11-12,-0.426803,47.18,46.776,47.0215,48.671167,46.87873,47.375198,-0.496469,-0.672605,0.352272,44.722228,51.410045,42.632955,0.951852,25700365.0
US,INTC,2021-11-15,0.021432,46.952,46.879,46.8465,48.650667,46.846617,47.322961,-0.476344,-0.633353,0.314017,44.799629,50.991247,42.701753,0.918148,24309952.2
US,INTC,2021-11-16,0.57853,46.842,46.981,46.651,48.615833,46.860984,47.294594,-0.43361,-0.593404,0.319588,46.959155,50.368821,42.933179,0.907566,25993820.8
US,INTC,2021-11-17,-0.745633,46.744,46.999,46.4305,48.566333,46.819294,47.242402,-0.423108,-0.559345,0.272474,44.527332,49.568286,43.292714,0.906311,25695057.6
US,INTC,2021-11-18,-1.094656,46.588,46.941,46.1555,48.508333,46.705556,47.156298,-0.450741,-0.537624,0.173766,41.180812,48.220518,44.090482,0.92586,26744592.2
US,INTC,2021-11-19,-0.325521,46.442,46.811,46.174,48.458167,46.58624,47.065461,-0.479221,-0.525944,0.093445,40.223287,48.223921,44.124079,0.89187,27489145.4
US,INTC,2021-11-22,0.631396,46.352,46.652,46.2095,48.401167,46.529895,47.002834,-0.472939,-0.515343,0.084808,42.983528,48.23666,44.18234,0.92388,29227916.2
US,INTC,2021-11-23,-1.471225,46.072,46.457,46.263,48.332167,46.377604,46.894476,-0.516872,-0.515649,-0.002448,38.494899,48.155724,44.370276,0.977888,31985031.0
US,INTC,2021-11-24,1.339482,45.984,46.364,46.365,48.2715,46.342588,46.83933,-0.496742,-0.511867,0.030251,44.13111,47.982486,44.747514,0.984468,32482803.4
US,INTC,2021-11-26,-1.971831,45.816,46.202,46.4125,48.201667,46.172959,46.720861,-0.547902,-0.519074,-0.057656,38.467807,47.826443,44.998557,1.02272,31403066.6
US,INTC,2021-11-29,2.49779,45.904,46.173,46.4745,48.149667,46.203273,46.694871,-0.491598,-0.513579,0.043961,47.480725,47.761069,45.187931,1.04324,32177325.2
US,INTC,2021-11-30,-1.595859,45.786,46.069,46.474,48.088667,46.115077,46.615992,-0.500915,-0.511046,0.020263,43.035184,47.761873,45.186127,1.082294,35391566.4
US,INTC,2021-12-01,-1.227263,45.692,45.882,46.4315,48.016167,45.954296,46.501474,-0.547178,-0.518272,-0.057811,39.984221,47.840134,45.022866,1.123559,33475579.2
US,INTC,2021-12-02,1.863767,45.644,45.814,46.4065,47.959,45.947481,46.457661,-0.51018,-0.516654,0.012948,46.151108,47.833403,44.979597,1.140448,35716578.6
US,INTC,2021-12-03,-0.50098,45.732,45.774,46.3575,47.9005,45.90633,46.400057,-0.493726,-0.512068,0.036684,44.793881,47.813232,44.901768,1.144701,37107769.2
US,INTC,2021-12-06,3.524518,45.916,45.91,46.3605,47.862167,46.119203,46.465978,-0.346776,-0.47901,0.264468,54.811811,47.82364,44.89736,1.197223,38879186.2
US,INTC,2021-12-07,3.10848,46.542,46.164,46.408,47.830667,46.525479,46.635906,-0.110427,-0.405293,0.589733,61.653892,48.100059,44.715941,1.377421,47333311.8
US,INTC,2021-12-08,-1.558655,47.128,46.41,46.4335,47.793667,46.752328,46.73695,0.015379,-0.321159,0.673075,56.860378,48.203588,44.663412,1.37832,47735318.6
US,INTC,2021-12-09,-2.458333,47.31,46.477,46.4205,47.727833,46.762739,46.743102,0.019638,-0.253,0.545275,50.318876,48.175156,44.665844,1.367725,46626011.4
US,INTC,2021-12-10,0.213584,47.558,46.645,46.4235,47.668167,46.786933,46.756205,0.030728,-0.196254,0.453964,50.835085,48.181354,44.665646,1.337888,44937751.8
US,INTC,2021-12-13,-1.172208,47.374,46.645,46.409,47.608,46.72279,46.727597,-0.004808,-0.157965,0.306314,47.8879,48.163593,44.654407,1.313753,44015934.6
US,INTC,2021-12-14,-0.582273,46.842,46.692,46.3805,47.563,46.626976,46.681109,-0.054133,-0.137198,0.166131,46.463787,48.135726,44.625274,1.282771,32493717.4
US,INTC,2021-12-15,1.930586,46.64,46.884,46.383,47.5345,46.682826,46.70399,-0.021164,-0.113991,0.185655,51.575799,48.141546,44.624454,1.286858,31583094.6
US,INTC,2021-12-16,0.319217,46.704,47.007,46.4105,47.498833,46.75316,46.736287,0.016874,-0.087818,0.209384,52.400754,48.198096,44.622904,1.249226,31870697.2
US,INTC,2021-12-17,-0.403055,46.71,47.134,46.454,47.451833,46.783443,46.752117,0.031326,-0.06399,0.190631,51.210677,48.249632,44.658368,1.227138,37152054.2
US,INTC,2021-12-20,-2.023429,46.636,47.005,46.4575,47.386167,46.662914,46.696405,-0.033491,-0.05789,0.048797,45.630503,48.249302,44.665698,1.249485,36034730.4
US,INTC,2021-12-21,2.369565,46.834,46.838,46.501,47.331833,46.728619,46.72556,0.003059,-0.0457,0.097518,52.08217,48.309789,44.692211,1.242379,35601912.4
US,INTC,2021-12-22,0.382247,46.89,46.765,46.5875,47.290667,46.811909,46.765889,0.04602,-0.027356,0.146751,53.072488,48.369453,44.805547,1.207209,33745437.4
US,INTC,2021-12-23,0.676962,46.98,46.842,46.6595,47.262667,46.931615,46.826934,0.104681,-0.000949,0.211259,54.858624,48.480856,44.838144,1.171694,32158636.4
US,INTC,2021-12-27,1.218743,47.224,46.967,46.806,47.247667,47.122136,46.926421,0.195715,0.038384,0.314662,57.9804,48.618406,44.993594,1.138002,26318696.2
US,INTC,2021-12-28,-0.332157,47.626,47.131,46.888,47.221,47.25873,47.006686,0.252044,0.081116,0.341857,56.81318,48.761452,45.014548,1.088859,24148728.6
US,INTC,2021-12-29,0.124974,47.822,47.328,47.01,47.201333,47.383541,47.08545,0.298091,0.124511,0.34716,57.161455,48.857485,45.162515,1.043226,20592426.4
US,INTC,2021-12-30,-0.166424,47.966,47.428,47.156,47.173,47.476842,47.152453,0.324389,0.164487,0.319804,56.507124,48.819519,45.492481,1.000853,19602708.8
US,INTC,2021-12-31,-0.479267,48.0,47.49,47.2485,47.140333,47.520405,47.197457,0.322948,0.196179,0.253538,54.572956,48.828225,45.668775,0.975792,17826852.0
US,INTC,2022-01-03,3.329146,48.236,47.73,47.432,47.131167,47.801881,47.356905,0.444977,0.245939,0.398076,63.798155,49.090935,45.773065,1.021093,20407295.2
US,INTC,2022-01-04,-0.121581,48.492,48.059,47.532,47.126667,48.030823,47.500097,0.530726,0.302896,0.45566,63.275953,49.375492,45.688508,1.033157,25685484.4
US,INTC,2022-01-05,1.359302,48.87,48.346,47.592,47.139,48.327619,47.682312,0.645307,0.371378,0.547858,66.566863,49.656341,45.527659,1.15936,34672393.0
US,INTC,2022-01-06,0.260208,49.29,48.628,47.6965,47.173,48.598755,47.860659,0.738095,0.444722,0.586748,67.181387,50.027279,45.365721,1.159406,38152097.2
US,INTC,2022-01-07,-1.058095,49.65,48.825,47.8335,47.196667,48.746639,47.986536,0.760102,0.507798,0.504609,62.164637,50.262148,45.404852,1.158734,41031747.8
US,INTC,2022-01-10,3.329298,50.022,49.129,48.048,47.222667,49.125617,48.225311,0.900306,0.586299,0.628013,69.740442,50.845775,45.250225,1.20811,44105327.4
US,INTC,2022-01-11,1.249756,50.534,49.513,48.322,47.250833,49.544753,48.493807,1.050946,0.679229,0.743435,72.075993,51.46129,45.18271,1.211102,42928088.2
US,INTC,2022-01-12,-0.289296,50.882,49.876,48.602,47.276333,49.876329,48.731303,1.145027,0.772388,0.745277,70.698676,51.893848,45.310152,1.221738,36933580.8
US,INTC,2022-01-13,-1.431335,51.056,50.173,48.8005,47.278167,50.043048,48.896391,1.146657,0.847242,0.598829,64.182604,52.157728,45.443272,1.230185,35703074.8
US,INTC,2022-01-14,1.373626,51.476,50.563,49.0265,47.289167,50.29181,49.101103,1.190707,0.915935,0.549544,67.256898,52.512267,45.540733,1.224458,35589937.6
US,INTC,2022-01-18,-1.684088,51.392,50.707,49.2185,47.276,50.368455,49.226207,1.142248,0.961198,0.362101,60.326397,52.648184,45.788816,1.204139,32804289.2
US,INTC,2022-01-19,-2.087025,50.968,50.751,49.405,47.3455,50.270231,49.263525,1.006706,0.970299,0.072814,53.141319,52.504061,46.305939,1.203844,30964274.2
US,INTC,2022-01-20,-2.935854,50.282,50.582,49.464,47.3915,49.962503,49.18993,0.772573,0.930754,-0.316362,45.162577,52.426441,46.501559,1.259998,30853438.2
US,INTC,2022-01-21,0.0,49.744,50.4,49.514,47.454833,49.702118,49.121787,0.580331,0.860669,-0.560677,45.162577,52.358021,46.669979,1.247855,34206842.6
US,INTC,2022-01-24,-0.207168,49.046,50.261,49.543,47.5225,49.466407,49.051284,0.415123,0.77156,-0.712874,44.630287,52.318969,46.767031,1.308008,41031262.8
US,INTC,2022-01-25,-1.806103,48.348,49.87,49.4995,47.572667,49.133114,48.92156,0.211554,0.659559,-0.896009,40.19202,52.385261,46.613739,1.326722,42783817.2
US,INTC,2022-01-26,1.353066,47.99,49.479,49.496,47.6195,48.949558,48.848852,0.100706,0.547788,-0.894164,44.559736,52.389139,46.602861,1.36267,47643873.2
US,INTC,2022-01-27,-7.05048,47.248,48.765,49.3205,47.6015,48.274241,48.531159,-0.256917,0.386847,-1.287529,31.48314,52.886055,45.754945,1.524622,59855905.8
US,INTC,2022-01-28,-0.650808,46.448,48.096,49.1345,47.574,47.658204,48.215517,-0.557313,0.198015,-1.510657,30.651995,53.296502,44.972498,1.542149,62970512.8
US,INTC,2022-01-31,2.281455,45.87,47.458,49.0105,47.555167,47.292327,47.998072,-0.705745,0.017263,-1.446016,36.899932,53.466321,44.554679,1.535567,60481475.4
US,INTC,2022-02-01,0.265018,45.49,46.919,48.813,47.534167,47.001199,47.805622,-0.804422,-0.147074,-1.314697,37.619049,53.533424,44.092576,1.47017,58739615.8
US,INTC,2022-02-02,1.145374,45.086,46.538,48.6445,47.512333,46.834861,47.665946,-0.831085,-0.283876,-1.094418,40.769148,53.522739,43.766261,1.463729,55353069.0
US,INTC,2022-02-03,-2.482578,45.13,46.189,48.3855,47.461833,46.518729,47.452172,-0.933444,-0.41379,-1.039308,36.42631,53.501129,43.269871,1.454891,45853682.2
US,INTC,2022-02-04,0.200983,45.25,45.849,48.1245,47.418167,46.265078,47.2609,-0.995822,-0.530196,-0.931252,36.996903,53.395919,42.853081,1.424542,39950899.4
US,INTC,2022-02-07,0.356586,45.2,45.535,47.898,47.384,46.075066,47.095649,-1.020582,-0.628273,-0.784618,38.061226,53.291116,42.504884,1.369932,35096904.0
US,INTC,2022-02-08,1.28803,45.242,45.366,47.618,47.363167,46.003517,46.9856,-0.982083,-0.699035,-0.566095,41.893272,52.87397,42.36203,1.341365,33629928.6
US,INTC,2022-02-09,2.258277,45.386,45.236,47.3575,47.362833,46.101438,46.96,-0.858563,-0.730941,-0.255244,48.041104,52.252713,42.462287,1.32341,33080856.8
US,INTC,2022-02-10,-2.101201,45.562,45.346,47.0555,47.346,46.033524,46.863704,-0.83018,-0.750789,-0.158782,43.342361,51.572483,42.538517,1.306738,31204226.0
US,INTC,2022-02-11,-2.518616,45.49,45.37,46.733,47.3055,45.799136,46.689356,-0.89022,-0.778675,-0.22309,38.574482,51.003129,42.462871,1.320543,32159572.6
US,INTC,2022-02-14,-0.089867,45.378,45.289,46.3735,47.270167,45.594654,46.524959,-0.930305,-0.809001,-0.242609,38.416185,50.099921,42.647079,1.297647,32339264.0
US,INTC,2022-02-15,1.798966,45.31,45.276,46.0975,47.256667,45.544707,46.431999,-0.887292,-0.824659,-0.125266,43.417354,49.247731,42.947269,1.289958,33900531.8
US,INTC,2022-02-16,-0.441794,44.996,45.191,45.8645,47.242333,45.471675,46.33111,-0.859435,-0.831614,-0.055642,42.488388,48.562451,43.166549,1.257104,32061660.0
US,INTC,2022-02-17,-1.35345,44.756,45.159,45.674,47.213,45.316033,46.192509,-0.876477,-0.840587,-0.07178,39.69845,48.198087,43.149913,1.225882,31915248.4
US,INTC,2022-02-18,-5.330634,44.272,44.881,45.365,47.1555,44.81972,45.88862,-1.0689,-0.886249,-0.365301,31.142302,48.050193,42.679807,1.343319,39777623.8
US,INTC,2022-02-22,-0.784034,43.73,44.554,45.0445,47.082333,44.348994,45.582796,-1.233802,-0.95576,-0.556085,30.167331,47.841816,42.247184,1.350939,45504901.8
US,INTC,2022-02-23,-0.071839,43.022,44.166,44.766,47.023833,43.946072,45.297404,-1.351332,-1.034874,-0.632915,30.07515,47.714636,41.817364,1.331586,45968744.2
US,INTC,2022-02-24,4.62497,42.74,43.868,44.552,46.978667,43.902061,45.176115,-1.274054,-1.08271,-0.382687,42.292037,47.148356,41.955644,1.447902,55312166.4
US,INTC,2022-02-25,2.130096,42.766,43.761,44.5535,46.961333,44.007897,45.132699,-1.124801,-1.091129,-0.067345,47.089192,47.149907,41.957093,1.446623,56759307.8
US,INTC,2022-02-28,-0.022427,43.264,43.768,44.569,46.953167,44.095913,45.091758,-0.995845,-1.072072,0.152454,47.043907,47.162152,41.975848,1.407578,49844509.8
US,INTC,2022-03-01,-1.861821,43.662,43.696,44.4925,46.917167,44.042696,44.992369,-0.949673,-1.047592,0.195838,43.320124,47.08751,41.89749,1.41918,49196442.4
US,INTC,2022-03-02,4.388571,44.45,43.736,44.506,46.917,44.29305,45.042564,-0.749513,-0.987976,0.476926,52.655976,47.122474,41.889526,1.46281,50948397.0
US,INTC,2022-03-03,-1.926867,44.676,43.708,44.4495,46.875333,44.369504,45.023855,-0.654351,-0.921251,0.5338,48.696911,46.989071,41.909929,1.441895,43678363.2
US,INTC,2022-03-04,0.290243,44.742,43.754,44.4565,46.811333,44.454196,45.016162,-0.561966,-0.849394,0.574856,49.303326,47.000444,41.912556,1.398902,43490095.2
US,INTC,2022-03-07,-0.801425,44.738,44.001,44.441,46.754,44.470473,44.982372,-0.511899,-0.781895,0.539992,47.624519,46.978447,41.903553,1.361124,43863621.8
US,INTC,2022-03-08,-0.381508,44.866,44.264,44.409,46.7135,44.458093,44.938493,-0.4804,-0.721596,0.482392,46.813875,46.932029,41.885971,1.386043,42055815.4
US,INTC,2022-03-09,0.270331,44.634,44.542,44.354,46.673333,44.466079,44.906753,-0.440674,-0.665412,0.449475,47.493284,46.817156,41.890844,1.39204,39883805.2
US,INTC,2022-03-10,-2.022018,44.398,44.537,44.2025,46.627333,44.334374,44.810697,-0.476323,-0.627594,0.302542,43.051409,46.447689,41.957311,1.390466,39897019.2
US,INTC,2022-03-11,-1.788581,43.98,44.361,44.061,46.572833,44.102932,44.663979,-0.561047,-0.614285,0.106476,39.595101,46.277456,41.844544,1.392576,37648438.0
US,INTC,2022-03-14,-3.128648,43.366,44.052,43.91,46.481167,43.700942,44.428869,-0.727927,-0.637013,-0.181827,34.474531,46.380457,41.439543,1.405249,36084468.2
US,INTC,2022-03-15,0.939986,42.864,43.865,43.7805,46.3935,43.420797,44.240064,-0.819267,-0.673464,-0.291606,37.027086,46.387709,41.173291,1.359874,34011456.8
US,INTC,2022-03-16,4.059217,42.678,43.656,43.696,46.337333,43.44529,44.19117,-0.74588,-0.687947,-0.115866,46.762447,46.212604,41.179396,1.384169,34573264.8
US,INTC,2022-03-17,1.078476,42.766,43.582,43.645,46.304833,43.538322,44.180713,-0.642391,-0.678836,0.07289,49.105091,46.088436,41.201564,1.389585,32993071.8
US,INTC,2022-03-18,0.658343,43.068,43.524,43.639,46.259,43.661657,44.192512,-0.530855,-0.64924,0.236769,50.550966,46.074979,41.203021,1.3739,36824078.2
US,INTC,2022-03-21,-0.112765,43.628,43.497,43.749,46.209333,43.758326,44.199734,-0.441408,-0.607673,0.33253,50.285715,46.092176,41.405824,1.330765,36207487.2
US,INTC,2022-03-22,2.099797,44.296,43.58,43.922,46.169833,43.983199,44.275309,-0.29211,-0.544561,0.504901,55.013996,46.160818,41.683182,1.307139,34902373.8
US,INTC,2022-03-23,-0.243255,44.602,43.64,44.091,46.118833,44.156553,44.337138,-0.180585,-0.471766,0.582361,54.35549,46.145107,42.036893,1.3152,34550549.8
US,INTC,2022-03-24,6.938595,45.44,44.103,44.32,46.122667,44.784775,44.626239,0.158536,-0.345705,1.008483,66.604708,47.043101,41.596899,1.446972,39175133.8
US,INTC,2022-03-25,0.414594,46.26,44.664,44.5125,46.128833,45.347118,44.90874,0.438378,-0.188889,1.254533,67.210228,47.775529,41.249471,1.445759,36577608.8
US,INTC,2022-03-28,-0.619323,47.03,45.329,44.6905,46.131333,45.776792,45.148092,0.6287,-0.025371,1.308141,65.29766,48.316994,41.064006,1.427491,34581893.4
US,INTC,2022-03-29,1.433319,47.752,46.024,44.9445,46.149167,46.246516,45.420826,0.82569,0.144841,1.361697,67.582587,48.962407,40.926593,1.393384,34457970.2
US,INTC,2022-03-30,-1.576899,48.342,46.472,45.064,46.127667,46.525514,45.616321,0.909193,0.297712,1.222963,62.626932,49.297492,40.830508,1.380285,31957347.0
US,INTC,2022-03-31,-3.620474,47.958,46.699,45.1405,46.078167,46.493896,45.668445,0.825451,0.40326,0.844383,53.14361,49.406592,40.874408,1.409551,30361415.4
US,INTC,2022-04-01,-2.936097,47.262,46.761,45.1425,45.994833,46.257912,45.615968,0.641945,0.450997,0.381896,47.135697,49.408214,40.876786,1.480297,33031229.6
US,INTC,2022-04-04,2.268683,46.83,46.93,45.2135,45.926333,46.215156,45.642933,0.572224,0.475242,0.193963,51.558859,49.485335,40.941665,1.462419,33207021.2
US,INTC,2022-04-05,-2.174859,46.06,46.906,45.243,45.85,46.025132,45.593827,0.431306,0.466455,-0.070298,47.373875,49.499802,40.986198,1.436532,32902114.0
US,INTC,2022-04-06,-1.222766,45.334,46.838,45.239,45.737,45.779727,45.507617,0.27211,0.427586,-0.310951,45.200756,49.498699,40.979301,1.396065,34281211.2
US,INTC,2022-04-07,0.045015,44.96,46.459,45.281,45.613667,45.575154,45.429275,0.145879,0.371244,-0.450731,45.299019,49.491909,41.070091,1.372775,30364955.6
US,INTC,2022-04-08,-1.147357,44.756,46.009,45.3365,45.484333,45.323592,45.318959,0.004633,0.297922,-0.586578,43.17306,49.444737,41.228263,1.323291,25478694.2
US,INTC,2022-04-11,-0.955849,44.264,45.547,45.438,45.360333,45.046116,45.185702,-0.139586,0.21042,-0.700013,41.447889,49.250771,41.625229,1.280199,26786925.0
US,INTC,2022-04-12,-0.137868,43.96,45.01,45.517,45.223667,44.802098,45.057873,-0.255774,0.117181,-0.745912,41.19464,49.089518,41.944482,1.288756,27603366.6
US,INTC,2022-04-13,1.081454,43.86,44.597,45.5345,45.109333,44.667929,44.974327,-0.306397,0.032466,-0.677726,44.077113,49.072152,41.996848,1.247416,25733871.0
US,INTC,2022-04-14,-2.845436,43.506,44.233,45.466,44.991833,44.362094,44.804376,-0.442282,-0.062484,-0.759597,38.650813,49.165337,41.766663,1.251172,28146845.2
US,INTC,2022-04-18,2.132146,43.436,44.096,45.4285,44.913833,44.24331,44.714423,-0.471112,-0.14421,-0.653805,44.05089,49.187459,41.669541,1.253231,28832005.6
US,INTC,2022-04-19,2.752925,43.69,43.977,45.4535,44.855833,44.327416,44.720021,-0.392604,-0.193889,-0.397432,50.26753,49.188412,41.718588,1.275143,29058130.4
US,INTC,2022-04-20,0.379549,43.99,43.975,45.4405,44.802333,44.424737,44.737797,-0.31306,-0.217723,-0.190675,51.09653,49.18038,41.70062,1.239062,27643283.0
US,INTC,2022-04-21,-1.267794,44.082,43.971,45.4045,44.753833,44.419393,44.712034,-0.292642,-0.232707,-0.11987,48.195629,49.170184,41.638816,1.250557,28672406.2
US,INTC,2022-04-22,-2.027484,44.244,43.875,45.167,44.679667,44.276409,44.621513,-0.345104,-0.255186,-0.179836,43.95258,48.783601,41.550399,1.238375,27080009.6
US,INTC,2022-04-25,1.126696,44.322,43.879,44.944,44.67,44.230808,44.573994,-0.343186,-0.272786,-0.1408,46.703677,48.263665,41.624335,1.213491,29161248.2
US,INTC,2022-04-26,-3.274216,43.872,43.781,44.664,44.641167,43.970684,44.423328,-0.452644,-0.308758,-0.287773,40.423958,47.797614,41.530386,1.230384,29935942.4
US,INTC,2022-04-27,-0.658204,43.332,43.661,44.3355,44.590833,43.707502,44.263081,-0.55558,-0.358122,-0.394915,39.316953,46.99494,41.67606,1.213214,31042694.8
US,INTC,2022-04-28,3.573119,43.208,43.645,44.121,44.563667,43.717117,44.226557,-0.50944,-0.388386,-0.242109,47.643826,46.165054,42.076946,1.262984,33798726.4
US,INTC,2022-04-29,-6.92255,42.658,43.451,43.842,44.477333,43.259099,43.968293,-0.709194,-0.452547,-0.513294,36.747256,46.119258,41.564742,1.394914,42307931.8
US,INTC,2022-05-02,3.141875,42.266,43.294,43.695,44.431333,43.068468,43.823975,-0.755507,-0.513139,-0.484735,42.708357,46.043067,41.346933,1.394563,44197376.0
US,INTC,2022-05-03,0.214184,42.18,43.026,43.5015,44.385333,42.921012,43.697014,-0.776003,-0.565712,-0.420581,43.114302,45.697371,41.305629,1.379237,45157738.8
US,INTC,2022-05-04,3.277131,42.426,42.879,43.427,44.359667,43.008548,43.68168,-0.673131,-0.587196,-0.171871,49.072928,45.515656,41.338344,1.429292,48418681.0
US,INTC,2022-05-05,-3.403081,42.074,42.641,43.306,44.299667,42.854925,43.557852,-0.702926,-0.610342,-0.185168,43.776845,45.428333,41.183667,1.464342,50798607.6
US,INTC,2022-05-06,-0.666508,42.272,42.465,43.17,44.217833,42.68186,43.422455,-0.740595,-0.636393,-0.208405,42.834972,45.329935,41.010065,1.447603,44828745.8
US,INTC,2022-05-09,-2.779775,41.982,42.124,43.0015,44.133,42.356958,43.211162,-0.854204,-0.679955,-0.348498,39.083309,45.406738,40.596262,1.440632,44724605.4
US,INTC,2022-05-10,2.16909,41.85,42.015,42.898,44.082,42.217426,43.080706,-0.863279,-0.71662,-0.293319,43.151084,45.381945,40.414055,1.449872,45246932.8
US,INTC,2022-05-11,-2.677925,41.22,41.823,42.742,44.013167,41.928592,42.87769,-0.949099,-0.763116,-0.371967,39.562453,45.447207,40.036793,1.448453,44392143.0
US,INTC,2022-05-12,0.024789,40.888,41.481,42.563,43.931167,41.685731,42.690454,-1.004723,-0.811437,-0.386572,39.611178,45.400612,39.725388,1.405706,42258736.0
US,INTC,2022-05-13,1.784387,40.756,41.514,42.4825,43.8645,41.591003,42.57042,-0.979417,-0.845033,-0.268768,43.164121,45.392688,39.572312,1.373156,40482248.8
US,INTC,2022-05-16,-1.193085,40.758,41.37,42.332,43.799833,41.435464,42.422982,-0.987518,-0.87353,-0.227975,41.379819,45.308102,39.355898,1.330073,36511475.8
US,INTC,2022-05-17,3.055692,40.832,41.341,42.1835,43.795333,41.494624,42.378317,-0.883693,-0.875563,-0.016261,47.31511,44.942676,39.424324,1.325068,33676796.8
US,INTC,2022-05-18,-4.615017,40.742,40.981,41.93,43.764167,41.247759,42.193997,-0.946238,-0.889698,-0.113081,40.450186,44.550351,39.309649,1.376849,32650142.2
US,INTC,2022-05-19,-0.802206,40.586,40.737,41.689,43.728167,40.989642,41.999627,-1.009985,-0.913755,-0.19246,39.428716,44.245857,39.132143,1.344217,30020415.2
US,INTC,2022-05-20,-0.859237,40.218,40.487,41.476,43.654333,40.718928,41.794469,-1.075541,-0.946112,-0.258858,38.321428,44.105954,38.846046,1.381058,32574044.0
US,INTC,2022-05-23,0.841193,40.014,40.386,41.255,43.5705,40.540631,41.628953,-1.088322,-0.974554,-0.227535,40.080312,43.745281,38.764719,1.344554,32999560.4
US,INTC,2022-05-24,-0.78362,39.5,40.166,41.0905,43.481667,40.342073,41.452734,-1.110662,-1.001776,-0.217772,38.956445,43.65312,38.52788,1.309229,33247732.4
US,INTC,2022-05-25,1.273885,39.472,40.107,40.965,43.415,40.250984,41.326606,-1.075621,-1.016545,-0.118153,41.79151,43.532072,38.397928,1.291427,31460670.0
US,INTC,2022-05-26,3.018868,39.748,40.167,40.824,43.336333,40.358525,41.298709,-0.940184,-1.001273,0.122178,48.029901,43.045886,38.602114,1.307039,31389805.0
US,INTC,2022-05-27,2.466422,40.294,40.256,40.885,43.289167,40.604906,41.347694,-0.742788,-0.949576,0.413576,52.631421,43.160649,38.609351,1.285822,28540012.0
US,INTC,2022-05-31,-0.285987,40.75,40.382,40.876,43.237833,40.79492,41.384161,-0.58924,-0.877509,0.576537,52.041838,43.134986,38.617014,1.268263,31322410.2
US,INTC,2022-06-01,-0.693117,41.21,40.355,40.848,43.187667,40.911087,41.396445,-0.485359,-0.799079,0.62744,50.56758,43.058471,38.637529,1.271959,31332021.0
US,INTC,2022-06-02,1.66065,41.708,40.59,40.7855,43.151833,41.115535,41.458931,-0.343396,-0.707942,0.729092,53.912889,42.750712,38.820288,1.244676,31820932.2
US,INTC,2022-06-03,-3.243371,41.692,40.72,40.7285,43.091167,41.07776,41.415306,-0.337546,-0.633863,0.592634,47.097669,42.612807,38.844193,1.257199,32690527.0
US,INTC,2022-06-06,-0.122339,41.464,40.879,40.683,43.044667,41.038105,41.371209,-0.333105,-0.573711,0.481213,46.864823,42.511498,38.854502,1.231685,31667275.0
US,INTC,2022-06-07,0.44096,41.296,41.023,40.7045,43.014167,41.032243,41.343712,-0.31147,-0.521263,0.419586,47.864116,42.537284,38.871716,1.206565,28478717.2
US,INTC,2022-06-08,-5.268293,40.754,40.982,40.574,42.97,40.694974,41.158252,-0.463278,-0.509666,0.092776,38.505711,42.542526,38.605474,1.288239,34431583.4
US,INTC,2022-06-09,-2.960865,39.844,40.776,40.4415,42.900167,40.232671,40.901345,-0.668674,-0.541467,-0.254413,34.624204,42.77761,38.10539,1.286222,36495492.4
US,INTC,2022-06-10,-2.096047,39.05,40.371,40.269,42.788833,39.719952,40.604949,-0.884997,-0.610173,-0.549647,32.221322,43.069921,37.468079,1.255063,38477448.0
US,INTC,2022-06-13,-3.577236,38.002,39.733,39.9945,42.647667,39.083036,40.23273,-1.149694,-0.718077,-0.863233,28.644294,43.431472,36.557528,1.26613,43457220.2
US,INTC,2022-06-14,0.421585,36.948,39.122,39.752,42.504167,38.567185,39.899195,-1.33201,-0.840864,-0.982292,29.600715,43.64381,35.86019,1.219978,44693819.0
US,INTC,2022-06-15,1.903163,36.462,38.608,39.4815,42.372833,38.23531,39.640736,-1.405426,-0.953776,-0.903299,33.924493,43.510392,35.452608,1.217122,40294295.4
US,INTC,2022-06-16,-3.405658,35.958,37.901,39.2455,42.205333,37.763724,39.30957,-1.545846,-1.07219,-0.947312,30.273168,43.683249,34.807751,1.246613,41600168.0
US,INTC,2022-06-17,-0.995166,35.542,37.296,39.008,42.033833,37.310843,38.977009,-1.666166,-1.190986,-0.950361,29.31411,43.841626,34.174374,1.259712,47261920.0
US,INTC,2022-06-21,2.067777,35.534,36.768,38.8235,41.822167,37.038406,38.722416,-1.68401,-1.28959,-0.78884,33.949759,43.885449,33.761551,1.241162,43995711.6
US,INTC,2022-06-22,-0.928531,35.43,36.189,38.606,41.601667,36.757113,38.462237,-1.705125,-1.372697,-0.664855,32.88526,43.891555,33.320445,1.18965,44243679.8
US,INTC,2022-06-23,0.085203,35.196,35.829,38.4055,41.386667,36.523711,38.223553,-1.699842,-1.438126,-0.523432,33.090654,43.879012,32.931988,1.152532,42745822.8
US,INTC,2022-06-24,3.206583,35.436,35.697,38.2365,41.179,36.500063,38.086253,-1.58619,-1.467739,-0.236902,40.479518,43.742153,32.730847,1.153066,41262496.4
US,INTC,2022-06-27,0.05499,35.75,35.646,38.0085,40.9845,36.48313,37.960604,-1.477474,-1.469686,-0.015576,40.604539,43.422701,32.594299,1.110704,32900922.6
US,INTC,2022-06-28,-2.198406,35.76,35.647,37.69,40.805667,36.345726,37.785004,-1.439279,-1.463605,0.048652,37.23543,42.881797,32.498203,1.117796,33668492.8
US,INTC,2022-06-29,-1.320596,35.742,35.586,37.354,40.641667,36.157152,37.587596,-1.430444,-1.456972,0.053057,35.378188,42.291576,32.416424,1.089382,32237627.4
US,INTC,2022-06-30,0.341686,35.742,35.469,37.0385,40.462667,36.016052,37.4137,-1.397648,-1.445108,0.094919,36.252454,41.65954,32.41746,1.097284,33233242.2
US,INTC,2022-07-01,-2.866061,35.314,35.375,36.638,40.2835,35.741275,37.177871,-1.436596,-1.443405,0.013619,32.292492,40.746385,32.529615,1.121763,33720517.4
US,INTC,2022-07-05,0.964067,34.948,35.349,36.3225,40.119,35.55954,36.983954,-1.424414,-1.439607,0.030386,34.798533,40.032259,32.612741,1.122352,34448626.0
US,INTC,2022-07-06,0.810185,34.798,35.279,36.0235,39.958833,35.448842,36.825143,-1.376301,-1.426946,0.101289,36.931541,39.153799,32.893201,1.107184,32131744.6
US,INTC,2022-07-07,3.099885,34.958,35.35,35.7695,39.825167,35.521328,36.758095,-1.236768,-1.38891,0.304285,44.476582,37.911868,33.627132,1.118099,33677387.2
US,INTC,2022-07-08,-0.389755,35.066,35.404,35.6165,39.696167,35.561123,36.685644,-1.12452,-1.336032,0.423024,43.745987,37.232214,34.000786,1.088949,31162447.8
US,INTC,2022-07-11,-2.068195,35.228,35.271,35.484,39.555833,35.480951,36.563744,-1.082794,-1.285385,0.405182,40.005302,36.805702,34.162298,1.075453,28232565.8
US,INTC,2022-07-12,0.028539,35.326,35.137,35.3915,39.407833,35.41465,36.451615,-1.036965,-1.235701,0.397472,40.079868,36.553107,34.229893,1.046492,27696648.4
US,INTC,2022-07-13,0.0,35.368,35.083,35.365,39.280667,35.35855,36.347792,-0.989241,-1.186409,0.394335,40.079868,36.532365,34.197635,1.026742,27856814.8
US,INTC,2022-07-14,1.340942,35.288,35.123,35.3545,39.146167,35.383389,36.286474,-0.903085,-1.129744,0.453318,43.881737,36.512282,34.196718,1.079118,28561867.6
US,INTC,2022-07-15,2.421171,35.408,35.237,35.353,39.006,35.536714,36.293402,-0.756688,-1.055133,0.596889,50.118372,36.505373,34.200627,1.067038,30627056.6
US,INTC,2022-07-18,0.219901,35.692,35.46,35.4175,38.864333,35.678758,36.305742,-0.626985,-0.969503,0.685037,50.667602,36.662375,34.172625,1.045107,31600554.6
US,INTC,2022-07-19,3.894679,36.258,35.792,35.5705,38.755833,36.01741,36.422354,-0.404944,-0.856591,0.903295,59.245363,37.182163,33.958837,1.106171,36110362.2
US,INTC,2022-07-20,0.844773,36.888,36.128,35.7035,38.667667,36.353193,36.554031,-0.200838,-0.725441,1.049205,60.895481,37.680713,33.726287,1.101444,37976105.6
US,INTC,2022-07-21,0.13089,37.434,36.361,35.8555,38.572167,36.64501,36.679659,-0.034649,-0.587282,1.105267,61.1601,38.106095,33.604905,1.078484,36570210.4
US,INTC,2022-07-22,-3.477124,37.542,36.475,35.9395,38.4785,36.687316,36.697462,-0.010146,-0.471855,0.923418,51.229409,38.217178,33.661822,1.113592,38261744.8
US,INTC,2022-07-25,-0.081257,37.628,36.66,35.9655,38.389,36.718498,36.711724,0.006774,-0.376129,0.765807,51.02814,38.273906,33.657094,1.091907,38551551.8
US,INTC,2022-07-26,-0.515045,37.392,36.825,35.981,38.271167,36.715652,36.710855,0.004797,-0.299944,0.609482,49.696464,38.304712,33.657288,1.060342,35117585.0
US,INTC,2022-07-27,3.133515,37.322,37.105,36.094,38.223,36.890167,36.795237,0.094931,-0.220969,0.6318,57.009392,38.546879,33.641121,1.083175,36354326.4
US,INTC,2022-07-28,-1.188904,37.152,37.293,36.208,38.146,36.968603,36.840034,0.128569,-0.151061,0.559261,53.718483,38.68106,33.73494,1.082948,41754547.4
US,INTC,2022-07-29,-8.55615,36.608,37.075,36.156,38.014167,36.542664,36.644476,-0.101812,-0.141211,0.0788,37.250939,38.749109,33.562891,1.306309,58543031.0
US,INTC,2022-08-01,1.783626,36.192,36.91,36.185,37.8695,36.2761,36.508589,-0.232488,-0.159467,-0.146043,40.966047,38.703194,33.666806,1.323716,62593039.4
US,INTC,2022-08-02,-2.556737,35.636,36.514,36.153,37.734667,35.913623,36.316841,-0.403218,-0.208217,-0.390002,37.479446,38.767407,33.538593,1.29345,66193816.6
US,INTC,2022-08-03,1.415094,34.946,36.134,36.131,37.6125,35.680758,36.174853,-0.494095,-0.265393,-0.457404,40.424426,38.796145,33.465855,1.291061,69582272.2
US,INTC,2022-08-04,-1.366279,34.252,35.702,36.0315,37.501833,35.411411,36.008568,-0.597157,-0.331745,-0.530823,38.511529,38.864056,33.198944,1.253128,69059063.2
US,INTC,2022-08-05,-0.766284,34.146,35.377,35.926,37.372167,35.143502,35.83534,-0.691839,-0.403764,-0.57615,37.455624,38.939559,32.912441,1.198619,52041604.4
US,INTC,2022-08-08,-0.0297,33.916,35.054,35.857,37.260833,34.915271,35.674204,-0.758934,-0.474798,-0.568271,37.413135,39.008578,32.705422,1.164432,49859228.4
US,INTC,2022-08-09,-2.436126,33.7,34.668,35.7465,37.135667,34.595998,35.464263,-0.868265,-0.553491,-0.629547,34.00659,39.14853,32.34447,1.147687,48713810.2
US,INTC,2022-08-10,2.466504,33.55,34.248,35.6765,37.012,34.45046,35.329873,-0.879413,-0.618676,-0.521475,39.834263,39.1888,32.1642,1.125709,45259699.4
US,INTC,2022-08-11,0.624071,33.536,33.894,35.5935,36.9,34.35962,35.220994,-0.861374,-0.667215,-0.388317,41.281984,39.194018,31.992982,1.108158,41564392.6
US,INTC,2022-08-12,1.476669,33.674,33.91,35.4925,36.775667,34.359678,35.157216,-0.797538,-0.69328,-0.208516,44.69424,39.112378,31.872622,1.066861,41058420.4
US,INTC,2022-08-15,0.611176,33.856,33.886,35.398,36.687,34.392036,35.113719,-0.721683,-0.698961,-0.045445,46.110707,39.010587,31.785413,1.039943,37818217.4
US,INTC,2022-08-16,-0.404975,34.174,33.937,35.2255,36.601333,34.397876,35.063073,-0.665197,-0.692208,0.054022,45.278142,38.673267,31.777733,1.025661,33177809.4
US,INTC,2022-08-17,-1.132733,34.252,33.901,35.0175,36.514833,34.342818,34.98729,-0.644471,-0.682661,0.076378,42.951569,38.215248,31.819752,1.015257,30564361.0
US,INTC,2022-08-18,1.175088,34.368,33.952,34.827,36.4295,34.357769,34.94675,-0.58898,-0.663925,0.149888,46.015488,37.665543,31.988457,0.994167,28370061.2
US,INTC,2022-08-19,-2.264808,34.228,33.951,34.664,36.336333,34.25042,34.851435,-0.601015,-0.651343,0.100656,41.351627,37.37459,31.95341,0.991726,27120121.6
US,INTC,2022-08-22,-4.337493,33.754,33.805,34.4295,36.2105,33.934971,34.655032,-0.720061,-0.665086,-0.10995,34.336434,37.140695,31.718305,1.032317,32241236.8
US,INTC,2022-08-23,0.310559,33.328,33.751,34.2095,36.066333,33.683437,34.480586,-0.797149,-0.691499,-0.2113,35.14796,36.861461,31.557539,0.995723,33378608.4
US,INTC,2022-08-24,-0.247678,32.964,33.608,33.928,35.904,33.458293,34.313135,-0.854842,-0.724167,-0.261349,34.77766,36.131838,31.724162,0.951029,32564526.4
US,INTC,2022-08-25,3.041589,32.716,33.542,33.718,35.76,33.418555,34.23068,-0.812125,-0.741759,-0.140732,42.73653,35.25928,32.17672,0.958812,33604711.0
US,INTC,2022-08-26,-4.39759,32.332,33.28,33.595,35.5965,33.160316,34.046186,-0.885869,-0.770581,-0.230577,35.739484,35.341728,31.848272,1.004612,36289900.4
US,INTC,2022-08-29,-1.260239,32.16,32.957,33.4215,35.414833,32.880268,33.845727,-0.96546,-0.809557,-0.311806,34.092584,35.332628,31.510372,0.973568,32684027.4
US,INTC,2022-08-30,-2.074027,31.838,32.583,33.26,35.245167,32.543303,33.61197,-1.068666,-0.861379,-0.414576,31.548476,35.493965,31.026035,0.96617,34583098.2
US,INTC,2022-08-31,-1.042685,31.468,32.216,33.0585,35.071,32.208949,33.371824,-1.162875,-0.921678,-0.482394,30.347805,35.556237,30.560763,0.939301,38376865.4
US,INTC,2022-09-01,-0.493908,30.872,31.794,32.873,34.891333,31.902957,33.138355,-1.235399,-0.984422,-0.501953,29.775755,35.622648,30.123352,0.925779,39705172.0
US,INTC,2022-09-02,-1.720715,30.464,31.398,32.6745,34.739,31.56404,32.883662,-1.319622,-1.051462,-0.53632,27.81812,35.722368,29.626632,0.948938,37713533.2
US,INTC,2022-09-06,-2.727273,29.974,31.067,32.436,34.592333,31.15265,32.587836,-1.435186,-1.128207,-0.613958,25.054828,35.861232,29.010768,0.9533,40516101.4
US,INTC,2022-09-07,0.934579,29.668,30.753,32.252,34.463333,30.846088,32.333922,-1.487834,-1.200132,-0.575403,27.635243,35.954781,28.549219,0.935207,39945519.8
US,INTC,2022-09-08,0.342936,29.446,30.457,32.0325,34.358,30.602075,32.106224,-1.504149,-1.260936,-0.486427,28.615568,35.894804,28.170196,0.932692,38602516.6
US,INTC,2022-09-09,2.289815,29.388,30.13,31.836,34.261333,30.498678,31.945022,-1.446344,-1.298017,-0.296653,34.971861,35.706284,27.965716,0.916785,38130622.8
US,INTC,2022-09-12,0.334113,29.454,29.959,31.6195,34.155,30.426574,31.803169,-1.376595,-1.313733,-0.125724,35.889433,35.383782,27.855218,0.903444,38813065.0
US,INTC,2022-09-13,-7.192807,29.25,29.612,31.2845,34.033333,30.033255,31.511823,-1.478568,-1.3467,-0.263736,27.020515,35.130482,27.438518,0.996055,43698714.6
US,INTC,2022-09-14,-0.39469,28.97,29.319,30.951,33.915667,29.683523,31.23391,-1.550387,-1.387437,-0.325899,26.659209,34.804865,27.097135,0.976337,44386239.6
US,INTC,2022-09-15,-1.152738,28.606,29.026,30.621,33.780667,29.338366,30.95288,-1.614514,-1.432852,-0.363322,25.587324,34.490589,26.751411,0.953741,44898166.2
US,INTC,2022-09-16,1.38484,28.184,28.786,30.29,33.6575,29.104771,30.720815,-1.616043,-1.469491,-0.293105,29.226395,33.921479,26.658521,0.947045,52631522.2
US,INTC,2022-09-19,0.682962,27.78,28.617,30.0075,33.537,28.936345,30.520013,-1.583669,-1.492326,-0.182685,31.042251,33.418763,26.596237,0.920113,51600799.8
US,INTC,2022-09-20,-1.642271,27.716,28.483,29.775,33.39,28.723061,30.300012,-1.576951,-1.509251,-0.1354,29.095859,33.19069,26.35931,0.904391,43543035.2
US,INTC,2022-09-21,-1.669691,27.582,28.276,29.5145,33.235,28.471821,30.062234,-1.590413,-1.525484,-0.129859,27.255448,32.914826,26.114174,0.916935,43385064.0
US,INTC,2022-09-22,-1.402732,27.436,28.021,29.239,33.087,28.200772,29.81392,-1.613149,-1.543017,-0.140264,25.803431,32.610604,25.867396,0.882868,42619776.8
US,INTC,2022-09-23,-1.984276,27.108,27.646,28.888,32.938,27.889884,29.544741,-1.654857,-1.565385,-0.178945,23.891637,31.987759,25.788241,0.879806,36768390.4
US,INTC,2022-09-26,-1.986249,26.638,27.209,28.584,32.778333,27.546825,29.256982,-1.710158,-1.594339,-0.231637,22.15708,31.697849,25.470151,0.873391,39095296.6
US,INTC,2022-09-27,-0.311769,26.244,26.98,28.296,32.634167,27.244236,28.984613,-1.740377,-1.623547,-0.23366,21.89373,31.402441,25.189559,0.878149,41693777.2
US,INTC,2022-09-28,0.89914,25.988,26.785,28.052,32.488333,27.023584,28.749457,-1.725872,-1.644012,-0.163721,24.665995,31.13447,24.96953,0.861138,41784985.4
US,INTC,2022-09-29,-2.750872,25.666,26.551,27.7885,32.326,26.727648,28.479127,-1.751478,-1.665505,-0.171946,22.062704,30.933676,24.643324,0.8632,42932710.4
US,INTC,2022-09-30,-2.310757,25.334,26.221,27.5035,32.136,26.38801,28.185858,-1.797848,-1.691974,-0.211748,20.188241,30.747172,24.259828,0.857971,42998691.2
US,INTC,2022-10-03,4.649266,25.334,25.986,27.3015,31.967333,26.276009,27.998757,-1.722749,-1.698129,-0.04924,32.353586,30.475294,24.127706,0.897402,42860644.6
US,INTC,2022-10-04,2.68901,25.488,25.866,27.1745,31.8225,26.287392,27.876627,-1.589235,-1.67635,0.174229,38.467139,30.286551,24.062449,0.88973,42521854.4
US,INTC,2022-10-05,-0.189753,25.586,25.787,27.0315,31.676667,26.289332,27.75984,-1.470508,-1.635182,0.329347,38.197742,30.02609,24.03691,0.890464,40459176.0
US,INTC,2022-10-06,-1.673004,25.738,25.702,26.8615,31.5235,26.223281,27.619111,-1.39583,-1.587311,0.382962,35.820357,29.713379,24.009621,0.878288,38889943.4
US,INTC,2022-10-07,-5.375097,25.728,25.531,26.5885,31.339333,25.953545,27.385844,-1.432298,-1.556309,0.248021,29.561023,29.252296,23.924704,0.919839,41568853.2
US,INTC,2022-10-10,-2.002452,25.392,25.363,26.286,31.132667,25.649923,27.133559,-1.483636,-1.541774,0.116276,27.721994,28.67804,23.89396,0.91485,41431484.8
US,INTC,2022-10-11,-0.667223,24.886,25.187,26.0835,30.922,25.368396,26.88811,-1.519714,-1.537362,0.035297,27.128517,28.587946,23.579054,0.903075,42572974.8
US,INTC,2022-10-12,1.175483,24.446,25.016,25.9005,30.692333,25.173258,26.681583,-1.508325,-1.531555,0.046459,29.95458,28.423003,23.377997,0.897141,44475793.6
US,INTC,2022-10-13,4.315353,24.302,25.02,25.7855,30.474667,25.168142,26.567392,-1.39925,-1.505094,0.211687,39.361222,28.225127,23.345873,0.985917,50168176.2
US,INTC,2022-10-14,-1.949085,24.338,25.033,25.627,30.248,25.088428,26.425363,-1.336935,-1.471462,0.269054,36.850246,27.925113,23.328887,0.974066,48362147.0
US,INTC,2022-10-17,1.98783,24.57,24.981,25.4835,30.051667,25.096362,26.330151,-1.233789,-1.423928,0.380277,40.909764,27.510974,23.456026,0.961632,47563574.2
US,INTC,2022-10-18,-2.108194,24.728,24.807,25.3365,29.847,25.021537,26.202732,-1.181195,-1.375381,0.388371,38.059834,27.159336,23.513664,0.989373,48161958.4
US,INTC,2022-10-19,0.528241,24.856,24.651,25.219,29.647667,24.978224,26.094382,-1.116158,-1.323537,0.414757,39.179047,26.869368,23.568632,0.956561,47011602.0
US,INTC,2022-10-20,0.282943,24.79,24.546,25.124,29.430333,24.952343,25.999242,-1.046899,-1.268209,0.442619,39.809722,26.632793,23.615207,0.956092,41171731.0
US,INTC,2022-10-21,3.426038,24.992,24.665,25.098,29.234667,25.061213,25.974113,-0.9129,-1.197147,0.568495,46.996918,26.549959,23.646041,0.973514,42146399.8
US,INTC,2022-10-24,0.779423,25.136,24.853,25.108,29.095667,25.184104,25.96566,-0.781557,-1.114029,0.664945,48.553544,26.577947,23.638053,0.969692,43029422.6
US,INTC,2022-10-25,0.850735,25.43,25.079,25.133,28.950167,25.321934,25.97413,-0.652196,-1.021663,0.738933,50.283215,26.650447,23.615553,0.938285,39245112.4
US,INTC,2022-10-26,-0.728528,25.66,25.258,25.137,28.816333,25.409329,25.967898,-0.55857,-0.929044,0.740949,48.75855,26.661967,23.612033,0.926265,39899443.8
US,INTC,2022-10-27,-3.476246,25.696,25.243,25.1315,28.6595,25.344816,25.895461,-0.550645,-0.853364,0.605439,42.227012,26.657754,23.605246,0.959389,44510931.0
US,INTC,2022-10-28,10.684274,26.096,25.544,25.2885,28.555,25.700999,26.026168,-0.325169,-0.747725,0.845112,59.542009,27.141803,23.435197,1.091575,52238328.0
US,INTC,2022-10-31,-2.205351,26.334,25.735,25.358,28.444667,25.908537,26.102007,-0.19347,-0.636874,0.886808,55.452931,27.360095,23.355905,1.090034,55373559.2
US,INTC,2022-11-01,-0.443623,26.504,25.967,25.387,28.3325,26.065685,26.16334,-0.097655,-0.52903,0.862751,54.657707,27.461233,23.312767,1.077175,57816245.2
US,INTC,2022-11-02,-3.119198,26.544,26.102,25.3765,28.22,26.069426,26.157908,-0.088481,-0.440921,0.704878,49.325366,27.4342,23.3188,1.098091,60776678.8
US,INTC,2022-11-03,-0.114987,26.758,26.227,25.3865,28.0935,26.067976,26.150655,-0.082679,-0.369272,0.573186,49.140977,27.455415,23.317585,1.068227,57451291.6
US,INTC,2022-11-04,4.336147,26.664,26.38,25.5225,27.982333,26.240595,26.227644,0.012951,-0.292828,0.611558,55.837671,27.6879,23.3571,1.075496,47722537.8
US,INTC,2022-11-07,0.772343,26.734,26.534,25.6935,27.866333,26.418965,26.314485,0.10448,-0.213366,0.635692,56.971567,27.884648,23.502352,1.038675,42698945.6
US,INTC,2022-11-08,0.218978,26.84,26.672,25.8755,27.747833,26.579124,26.399338,0.179786,-0.134736,0.629044,57.308836,28.018101,23.732899,1.034484,41066792.2
US,INTC,2022-11-09,-3.350328,26.93,26.737,25.9975,27.616333,26.573105,26.409757,0.163348,-0.075119,0.476933,50.741286,27.994757,24.000243,1.026307,36784528.8
US,INTC,2022-11-10,8.138659,27.458,27.108,26.1755,27.527333,26.90032,26.579405,0.320915,0.004088,0.633654,61.807726,28.450569,23.900431,1.112285,41437675.8
US,INTC,2022-11-11,2.229965,27.888,27.276,26.41,27.442333,27.275655,26.783893,0.491762,0.101623,0.780278,64.362448,28.958207,23.861793,1.15355,42792593.8
US,INTC,2022-11-14,-0.238582,28.262,27.498,26.6165,27.369167,27.582477,26.968049,0.614428,0.204184,0.820489,63.8593,29.379855,23.853145,1.126868,43793705.0
US,INTC,2022-11-15,1.161599,28.692,27.766,26.8665,27.326,27.894404,27.163749,0.730655,0.309478,0.842353,65.279075,29.760136,23.972864,1.127092,44728757.0
US,INTC,2022-11-16,-3.816278,29.08,28.005,27.0535,27.262333,27.984496,27.261249,0.723246,0.392232,0.662029,57.231873,29.855201,24.251799,1.133728,45736350.8
US,INTC,2022-11-17,1.19382,29.104,28.281,27.254,27.205667,28.113035,27.376712,0.736322,0.46105,0.550545,58.874603,29.956994,24.551006,1.118462,39546113.6
US,INTC,2022-11-18,-0.069396,28.996,28.442,27.411,27.132333,28.218722,27.482141,0.736581,0.516156,0.440849,58.731695,30.090074,24.731926,1.083572,35005252.2
US,INTC,2022-11-21,-3.090278,28.724,28.493,27.5135,27.0685,28.171226,27.513834,0.657392,0.544403,0.225977,52.611672,30.102726,24.924274,1.071888,34343538.0
US,INTC,2022-11-22,3.009674,28.552,28.622,27.647,27.025333,28.260268,27.605402,0.654866,0.566496,0.176741,57.150089,30.201918,25.092082,1.058182,31273705.8
US,INTC,2022-11-23,-0.486957,28.578,28.829,27.783,26.990667,28.314073,27.679817,0.634256,0.580048,0.108417,56.184302,30.236912,25.329088,1.023312,28785929.2
US,INTC,2022-11-25,-1.11849,28.472,28.788,27.948,26.956,28.31037,27.725016,0.585354,0.581109,0.00849,53.940492,30.046577,25.849423,0.973789,24650357.2
US,INTC,2022-11-28,-2.085543,28.252,28.624,27.95,26.914,28.216467,27.723163,0.493304,0.563548,-0.140488,49.977423,30.047551,25.852449,0.959233,24882338.4
US,INTC,2022-11-29,0.613718,28.244,28.484,27.991,26.8835,28.163164,27.734039,0.429125,0.536663,-0.215078,51.092422,30.04825,25.93375,0.922145,22537283.4
US,INTC,2022-11-30,4.054539,28.294,28.423,28.0945,26.885333,28.291908,27.827814,0.464094,0.522149,-0.116111,57.822278,30.136043,26.052957,0.984135,31834977.4
US,INTC,2022-12-01,-0.827586,28.324,28.451,28.228,26.878667,28.363922,27.896865,0.467057,0.511131,-0.088148,56.05793,30.066908,26.389092,0.980268,34985465.6
US,INTC,2022-12-02,-1.390821,28.338,28.405,28.343,26.863667,28.363319,27.931171,0.432147,0.495334,-0.126374,53.147195,29.889649,26.796351,0.987391,39031681.0
US,INTC,2022-12-05,-0.811001,28.424,28.338,28.39,26.833667,28.327424,27.945899,0.381524,0.472572,-0.182096,51.491598,29.848246,26.931754,0.976149,40183334.6
US,INTC,2022-12-06,-1.955208,28.366,28.305,28.399,26.792833,28.212435,27.918796,0.29364,0.436786,-0.286292,47.667605,29.834742,26.963258,0.972853,40851273.2
US,INTC,2022-12-07,-0.942712,28.03,28.162,28.392,26.783667,28.075138,27.874441,0.200697,0.389568,-0.377742,45.931074,29.84722,26.93678,0.934078,32084753.4
US,INTC,2022-12-08,0.366032,27.762,28.043,28.436,26.778,27.974347,27.840778,0.133569,0.338368,-0.409598,46.734811,29.705998,27.166002,0.903786,30002709.8
US,INTC,2022-12-09,-0.692925,27.536,27.937,28.3625,26.7745,27.859832,27.795535,0.064297,0.283554,-0.438514,45.355277,29.729334,26.995666,0.879945,28821788.6
US,INTC,2022-12-12,1.615865,27.444,27.934,28.279,26.772,27.830627,27.786237,0.044391,0.235721,-0.382661,49.1022,29.600044,26.957956,0.875663,29037285.0
US,INTC,2022-12-13,0.108421,27.468,27.917,28.2005,26.766833,27.810531,27.779849,0.030682,0.194713,-0.328063,49.357175,29.461904,26.939096,0.931687,35206415.6
US,INTC,2022-12-14,-1.624549,27.454,27.742,28.0825,26.761833,27.724295,27.740601,-0.016305,0.15251,-0.33763,45.662043,29.230888,26.934112,0.941566,36986644.4
US,INTC,2022-12-15,-3.926606,27.206,27.484,27.9675,26.746667,27.486711,27.625001,-0.138289,0.09435,-0.465278,38.316534,29.366855,26.568145,0.952883,40425957.0
US,INTC,2022-12-16,-0.840336,26.952,27.244,27.8245,26.734167,27.251833,27.501667,-0.249834,0.025513,-0.550695,36.998653,29.417315,26.231685,0.932677,51518533.0
US,INTC,2022-12-19,-0.50077,26.584,27.014,27.676,26.728333,27.033089,27.37784,-0.344751,-0.04854,-0.592422,36.206192,29.423609,25.928391,0.8982,52027452.0
US,INTC,2022-12-20,-1.277584,26.144,26.806,27.5555,26.725667,26.797229,27.238741,-0.441511,-0.127134,-0.628755,34.203484,29.538452,25.572548,0.864757,46690739.0
US,INTC,2022-12-21,1.45098,25.868,26.661,27.4115,26.7305,26.654579,27.137353,-0.482774,-0.198262,-0.569024,38.322861,29.444225,25.378775,0.838703,44882704.8
US,INTC,2022-12-22,-3.208349,25.64,26.423,27.233,26.717667,26.406182,26.981993,-0.575811,-0.273772,-0.604079,33.288101,29.433464,25.032536,0.880939,45241835.4
US,INTC,2022-12-23,0.479233,25.48,26.216,27.0765,26.718667,26.214462,26.847031,-0.632569,-0.345531,-0.574075,34.625368,29.396002,24.756998,0.853729,33741172.8
US,INTC,2022-12-27,-0.596184,25.316,25.95,26.942,26.726833,26.02916,26.710954,-0.681794,-0.412784,-0.538021,33.71558,29.40859,24.47541,0.823462,32118292.2
US,INTC,2022-12-28,-1.519392,25.142,25.643,26.78,26.709667,25.813904,26.55681,-0.742905,-0.478808,-0.528194,31.460373,29.402198,24.157802,0.807501,30981020.8
US,INTC,2022-12-29,2.598457,25.022,25.445,26.5935,26.691667,25.730227,26.46149,-0.731263,-0.529299,-0.403928,38.876012,29.084911,24.102089,0.801251,31549805.4
US,INTC,2022-12-30,0.870598,25.112,25.376,26.43,26.678167,25.693269,26.389528,-0.696259,-0.562691,-0.267136,41.229925,28.754866,24.105134,0.789733,28260162.8
US,INTC,2023-01-03,1.137701,25.236,25.358,26.301,26.676833,25.706612,26.344378,-0.637766,-0.577706,-0.120119,44.276269,28.463858,24.138142,0.781895,29801570.6
US,INTC,2023-01-04,3.529868,25.572,25.444,26.229,26.713833,25.857903,26.369979,-0.512077,-0.56458,0.105007,52.582263,28.233604,24.224396,0.807474,31424998.8
US,INTC,2023-01-05,-0.412139,25.962,25.552,26.179,26.757167,25.968994,26.385537,-0.416542,-0.534973,0.236861,51.581386,28.094212,24.263788,0.77694,32900125.8
US,INTC,2023-01-06,4.213695,26.448,25.735,26.198,26.821833,26.235303,26.482904,-0.247601,-0.477498,0.459794,59.942036,28.164953,24.231047,0.821444,33068886.8
US,INTC,2023-01-09,2.021661,27.002,26.057,26.24,26.891167,26.546795,26.614541,-0.067746,-0.395548,0.655604,63.349723,28.340847,24.139153,0.841341,34361499.4
US,INTC,2023-01-10,0.460014,27.524,26.38,26.298,26.945333,26.830365,26.746056,0.084308,-0.299577,0.76777,64.112941,28.562638,24.033362,0.82196,32701524.4
US,INTC,2023-01-11,1.373723,27.942,26.757,26.3535,27.014167,27.130309,26.896719,0.23359,-0.192943,0.853066,66.375174,28.797237,23.909763,0.823962,31243560.0
US,INTC,2023-01-12,1.494093,28.468,27.215,26.429,27.082,27.450261,27.068073,0.382188,-0.077917,0.92021,68.716708,29.1157,23.7423,0.827965,30325825.4
US,INTC,2023-01-13,-0.616227,28.734,27.591,26.518,27.155667,27.693298,27.213401,0.479897,0.033646,0.892502,66.625162,29.417121,23.618879,0.802396,30240486.0
US,INTC,2023-01-17,-1.687909,28.79,27.896,26.636,27.219,27.82356,27.311668,0.511892,0.129295,0.765194,61.167183,29.659914,23.612086,0.796511,29693670.6
US,INTC,2023-01-18,-2.662929,28.668,28.096,26.727,27.2685,27.816858,27.346359,0.470499,0.197536,0.545927,53.804825,29.77352,23.68048,0.821046,33931970.6
US,INTC,2023-01-19,-1.367891,28.392,28.167,26.8055,27.2975,27.752726,27.350332,0.402394,0.238508,0.327773,50.529898,29.836391,23.774609,0.801685,35234218.2
US,INTC,2023-01-20,2.846715,28.186,28.327,26.9395,27.336167,27.818461,27.411789,0.406672,0.27214,0.269062,56.396628,29.964638,23.914362,0.812279,36473141.8
US,INTC,2023-01-23,3.584102,28.218,28.476,27.1055,27.388,28.029467,27.543508,0.485958,0.314904,0.342109,62.584195,30.240052,23.970948,0.844259,37959922.0
US,INTC,2023-01-24,-1.164782,28.28,28.535,27.296,27.437333,28.155703,27.640286,0.515417,0.355007,0.320821,59.522089,30.367751,24.224249,0.821098,35979132.0
US,INTC,2023-01-25,-0.727903,28.452,28.56,27.47,27.498167,28.23021,27.714339,0.515871,0.38718,0.257384,57.646015,30.430291,24.509709,0.813877,32792820.6
US,INTC,2023-01-26,1.326816,28.776,28.584,27.6705,27.520833,28.351716,27.811054,0.540662,0.417876,0.245572,60.096924,30.476333,24.864667,0.809314,36633113.6
US,INTC,2023-01-27,-6.443832,28.57,28.378,27.7965,27.5225,28.166837,27.762087,0.404749,0.415251,-0.021002,45.992322,30.248938,25.344062,0.980077,59311052.0
US,INTC,2023-01-30,-0.736648,28.122,28.17,27.8805,27.522833,27.979631,27.701933,0.277698,0.38774,-0.220084,44.781771,30.08343,25.67757,0.967929,62581038.6
US,INTC,2023-01-31,1.113173,27.802,28.041,27.9685,27.542167,27.86738,27.668456,0.198924,0.349977,-0.302106,47.033792,29.907193,26.029807,0.950934,68134328.2
US,INTC,2023-02-01,2.862385,27.68,28.066,28.081,27.575,27.892399,27.695237,0.197161,0.319414,-0.244505,52.462364,29.73954,26.42246,1.003724,75146837.0
US,INTC,2023-02-02,3.853015,27.698,28.237,28.202,27.607,28.079722,27.800034,0.279687,0.311469,-0.063562,58.764298,29.788501,26.615499,1.035601,76375352.8
US,INTC,2023-02-03,0.446582,28.116,28.343,28.335,27.637667,28.258226,27.906699,0.351528,0.31948,0.064095,59.460948,29.796349,26.873651,1.074487,58186335.0
US,INTC,2023-02-06,-4.240766,28.326,28.224,28.35,27.646667,28.218499,27.91361,0.304889,0.316562,-0.023346,50.667947,29.790986,26.909014,1.092024,56902452.6
US,INTC,2023-02-07,1.25,28.546,28.174,28.3545,27.676833,28.23873,27.945935,0.292795,0.311809,-0.038027,52.790066,29.794895,26.914105,1.072593,56534292.2
US,INTC,2023-02-08,-2.786596,28.452,28.066,28.313,27.657833,28.13431,27.917347,0.216963,0.29284,-0.151754,47.792651,29.794163,26.831837,1.059551,51164003.4
US,INTC,2023-02-09,-1.777939,28.044,27.871,28.2275,27.62,27.97057,27.854581,0.115989,0.25747,-0.28296,44.950289,29.786344,26.668656,1.071012,47499147.2
US,INTC,2023-02-10,0.221648,27.622,27.869,28.1235,27.584333,27.841252,27.800908,0.040343,0.214044,-0.347402,45.37866,29.683811,26.563189,1.040225,42225036.0
US,INTC,2023-02-13,2.727608,27.596,27.961,28.0655,27.555333,27.845674,27.806026,0.039648,0.179165,-0.279033,50.495216,29.572025,26.558975,1.02378,38949258.2
US,INTC,2023-02-14,0.287047,27.516,28.031,28.036,27.5465,27.861724,27.816691,0.045034,0.152339,-0.21461,51.029282,29.527233,26.544767,1.001367,34378888.8
US,INTC,2023-02-15,0.751342,27.636,28.044,28.055,27.5355,27.907613,27.842121,0.065492,0.134969,-0.138955,52.478558,29.54238,26.56762,0.979841,31760599.4
US,INTC,2023-02-16,-2.272727,27.726,27.885,28.061,27.514167,27.84798,27.81826,0.02972,0.11392,-0.168399,47.832514,29.5387,26.5833,0.960567,28773819.0
US,INTC,2023-02-17,-2.071221,27.69,27.656,27.9995,27.498167,27.709829,27.753945,-0.044115,0.082313,-0.252856,44.088748,29.552722,26.446278,0.948384,28944553.8
US,INTC,2023-02-21,-5.602968,27.204,27.4,27.812,27.443,27.360625,27.582541,-0.221916,0.021467,-0.486766,36.041079,29.628211,25.995789,0.989928,35208732.2
US,INTC,2023-02-22,-2.279874,26.586,27.051,27.6125,27.3805,26.975913,27.380872,-0.404958,-0.063818,-0.68228,33.51083,29.772777,25.452223,1.031361,47462009.8
US,INTC,2023-02-23,0.563154,25.954,26.795,27.4305,27.325667,26.671927,27.204511,-0.532584,-0.157571,-0.750025,34.702475,29.81549,25.04551,1.01055,54079122.0
US,INTC,2023-02-24,-1.84,25.358,26.542,27.2065,27.273,26.343938,27.00714,-0.663202,-0.258697,-0.809008,32.632967,29.785874,24.627126,0.986225,57102602.6
US,INTC,2023-02-27,-0.977995,24.828,26.259,27.064,27.2135,26.029486,26.806611,-0.777125,-0.362383,-0.829484,31.574963,29.93817,24.18983,0.964352,58216750.2
US,INTC,2023-02-28,0.123457,24.606,25.905,26.933,27.135667,25.768027,26.623158,-0.855131,-0.460933,-0.788398,31.8723,30.045003,23.820997,0.923326,55534138.0
US,INTC,2023-03-01,1.602959,24.578,25.582,26.8065,27.068333,25.606792,26.482183,-0.875392,-0.543824,-0.663135,35.779249,30.059181,23.553819,0.92666,47259754.0
US,INTC,2023-03-02,3.438511,24.692,25.323,26.6835,27.021833,25.601131,26.414614,-0.813483,-0.597756,-0.431453,43.398016,29.927851,23.439149,0.942613,45641320.2
US,INTC,2023-03-03,0.782167,24.938,25.148,26.5165,26.9825,25.627111,26.366865,-0.739754,-0.626156,-0.227196,45.049878,29.583024,23.449976,0.908141,44172316.0
US,INTC,2023-03-06,-1.552192,25.152,24.99,26.323,26.945667,25.587556,26.293023,-0.705468,-0.642018,-0.126899,42.385626,29.157291,23.488709,0.886131,44216891.8
US,INTC,2023-03-07,-1.773749,25.27,24.938,26.169,26.905667,25.484855,26.191318,-0.706463,-0.654907,-0.103112,39.551727,28.956392,23.381608,0.857121,42798753.0
US,INTC,2023-03-08,1.76565,25.398,24.988,26.0195,26.871333,25.465646,26.129739,-0.664092,-0.656744,-0.014696,43.527552,28.638603,23.400397,0.835184,40448460.4
US,INTC,2023-03-09,1.774448,25.446,25.069,25.932,26.847667,25.518624,26.106054,-0.58743,-0.642881,0.110902,47.342168,28.454543,23.409457,0.846242,41749463.6
US,INTC,2023-03-10,2.944595,25.606,25.272,25.907,26.829333,25.680374,26.140421,-0.460047,-0.606314,0.292536,53.103707,28.393589,23.420411,0.869368,47437898.2
US,INTC,2023-03-13,-1.016184,25.792,25.472,25.8655,26.806,25.775701,26.152241,-0.37654,-0.56036,0.367639,50.970046,28.296133,23.434867,0.855842,50057330.4
US,INTC,2023-03-14,3.954373,26.276,25.773,25.839,26.8075,26.016362,26.240223,-0.223861,-0.49306,0.538398,57.974409,28.191955,23.486045,0.875424,50962376.4
US,INTC,2023-03-15,1.426481,26.75,26.074,25.828,26.833333,26.279999,26.350577,-0.070578,-0.408564,0.675971,60.26674,28.143129,23.512871,0.871466,53612557.2
US,INTC,2023-03-16,6.238731,27.48,26.463,25.893,26.891667,26.76923,26.580905,0.188325,-0.289186,0.955022,68.480005,28.51856,23.26744,0.940647,57796187.2
US,INTC,2023-03-17,-1.221996,27.986,26.796,25.972,26.946167,27.12781,26.767505,0.360305,-0.159288,1.039186,65.448206,28.86961,23.07439,0.982029,60884480.6
US,INTC,2023-03-20,-2.199313,28.418,27.105,26.0475,26.9955,27.332762,26.892875,0.439888,-0.039453,0.95868,60.334187,29.116714,22.978286,1.000455,58445092.2
US,INTC,2023-03-21,-2.389318,28.506,27.391,26.1645,27.027333,27.401568,26.958588,0.44298,0.057034,0.771893,55.382526,29.309626,23.019374,1.011851,60037291.2
US,INTC,2023-03-22,-1.151908,28.452,27.601,26.2945,27.067667,27.410558,26.995729,0.414828,0.128593,0.572471,53.17102,29.428114,23.160886,1.011005,57655831.4
US,INTC,2023-03-23,3.168245,28.226,27.853,26.461,27.1205,27.55201,27.094564,0.457446,0.194364,0.526165,58.072915,29.655081,23.266919,1.010219,51252080.4
US,INTC,2023-03-24,1.164843,28.138,28.062,26.667,27.181333,27.72247,27.210522,0.511948,0.25788,0.508135,59.792167,29.870355,23.463645,0.999489,46312702.0
US,INTC,2023-03-27,-0.628053,28.142,28.28,26.876,27.2455,27.839013,27.304558,0.534456,0.313195,0.44252,58.385811,29.978195,23.773805,0.973811,45508322.4
US,INTC,2023-03-28,0.386236,28.304,28.405,27.089,27.300833,27.95455,27.399776,0.554774,0.361511,0.386526,59.020157,30.044212,24.133788,0.952825,41859730.8
US,INTC,2023-03-29,7.590066,28.964,28.708,27.391,27.388667,28.386157,27.648681,0.737476,0.436704,0.601544,69.04482,30.543979,24.238021,1.06548,51487860.8
US,INTC,2023-03-30,1.820546,29.562,28.894,27.6785,27.481,28.837518,27.920631,0.916887,0.532741,0.768293,71.015339,31.147628,24.209372,1.06366,56746284.6
US,INTC,2023-03-31,1.819923,30.208,29.173,27.9845,27.567667,29.30713,28.214658,1.092472,0.644687,0.895571,72.905912,31.789652,24.179348,1.069113,57512961.6
US,INTC,2023-04-03,0.658514,30.932,29.537,28.321,27.659667,29.736803,28.502461,1.234342,0.762618,0.943447,73.589402,32.32682,24.31518,1.063462,61968999.2
US,INTC,2023-04-04,0.654206,31.676,29.99,28.6905,27.7365,30.132679,28.784501,1.348178,0.87973,0.936896,74.287924,32.736429,24.644571,1.056786,65630236.0
US,INTC,2023-04-05,-0.835655,31.932,30.448,29.0245,27.7995,30.426113,29.025649,1.400464,0.983877,0.833174,71.663531,33.018082,25.030918,1.034873,56442145.2
US,INTC,2023-04-06,-0.062422,32.072,30.817,29.335,27.86,30.671327,29.247453,1.423874,1.071876,0.703995,71.462141,33.245378,25.424622,0.99881,48137008.8
US,INTC,2023-04-10,-0.874453,32.042,31.125,29.5935,27.909333,30.835738,29.432086,1.403652,1.138231,0.530841,68.557405,33.421232,25.765768,0.96961,42290898.4
US,INTC,2023-04-11,-0.535602,31.936,31.434,29.857,27.948667,30.948701,29.59045,1.358251,1.182235,0.352032,66.782526,33.460565,26.253435,0.955352,36295050.8
US,INTC,2023-04-12,-1.013621,31.724,31.7,30.0525,27.985667,30.995055,29.71338,1.281675,1.202123,0.159104,63.452489,33.509932,26.595068,0.952112,32566396.4
US,INTC,2023-04-13,0.352,31.588,31.76,30.234,28.032667,31.0512,29.835352,1.215849,1.204868,0.021961,64.1149,33.563441,26.904559,0.93839,30587718.2
US,INTC,2023-04-14,-0.733418,31.41,31.741,30.3175,28.0885,31.063323,29.931251,1.132072,1.190309,-0.116474,61.600837,33.648871,26.986129,0.909934,29802061.6
US,INTC,2023-04-17,0.77096,31.336,31.689,30.431,28.154667,31.110504,30.037825,1.072679,1.166783,-0.188208,63.221452,33.74334,27.11866,0.905653,29615403.4
US,INTC,2023-04-18,-0.956328,31.236,31.586,30.5615,28.202833,31.104273,30.114283,0.98999,1.131424,-0.282869,59.822704,33.756523,27.366477,0.888106,29411858.2
US,INTC,2023-04-19,-2.156421,31.066,31.395,30.6925,28.223,30.995923,30.135447,0.860476,1.077235,-0.433517,52.973342,33.624631,27.760369,0.877527,27147015.8
US,INTC,2023-04-20,-0.921053,30.818,31.203,30.8255,28.244167,30.861166,30.134303,0.726863,1.00716,-0.560595,50.377441,33.375476,28.275524,0.852704,27253560.8
US,INTC,2023-04-21,-1.826029,30.506,30.958,30.8875,28.259667,30.662525,30.092503,0.570022,0.919733,-0.699421,45.64571,33.244777,28.530223,0.836082,28059986.6
US,INTC,2023-04-24,-2.09672,30.022,30.679,30.902,28.2585,30.39906,30.007873,0.391187,0.814024,-0.845674,40.973709,33.207286,28.596714,0.829219,29886247.4
US,INTC,2023-04-25,-2.625216,29.446,30.341,30.8875,28.275833,30.059204,29.873216,0.185989,0.688417,-1.004856,36.096468,33.256313,28.518687,0.824989,32335946.0
US,INTC,2023-04-26,0.567577,29.036,30.051,30.8755,28.299167,29.79625,29.760385,0.035865,0.557906,-1.044083,37.775735,33.292684,28.458316,0.833204,35430392.2
US,INTC,2023-04-27,2.786596,28.84,29.829,30.7945,28.330667,29.695288,29.71443,-0.019142,0.442497,-0.923277,45.404336,33.327534,28.261466,0.874404,41416627.2
US,INTC,2023-04-28,4.049417,28.99,29.748,30.7445,28.368833,29.791398,29.759287,0.03211,0.360419,-0.656618,54.397515,33.273543,28.215457,1.001232,51735963.6
US,INTC,2023-05-01,-2.473615,29.114,29.568,30.6285,28.3765,29.757337,29.745266,0.012071,0.29075,-0.557358,48.885629,33.14955,28.10745,0.996858,51373179.0
US,INTC,2023-05-02,-1.724721,29.288,29.367,30.4765,28.3735,29.650054,29.694506,-0.044452,0.223709,-0.536322,45.508792,32.990909,27.962091,0.983511,50407875.6
US,INTC,2023-05-03,2.959394,29.602,29.319,30.357,28.4055,29.691584,29.711209,-0.019625,0.175043,-0.389335,51.582379,32.734966,27.979034,1.006832,51275012.4
US,INTC,2023-05-04,2.339572,29.898,29.369,30.286,28.443333,29.834417,29.778527,0.055891,0.151212,-0.190643,55.891832,32.540306,28.031694,1.028487,48458567.4
US,INTC,2023-05-05,-0.81646,29.908,29.449,30.2035,28.490167,29.916815,29.82234,0.094475,0.139865,-0.090779,54.041817,32.314123,28.092877,1.002166,39412991.0
US,INTC,2023-05-08,-0.691472,30.026,29.57,30.1245,28.541667,29.954228,29.847351,0.106876,0.133267,-0.052781,52.470702,32.113967,28.135033,0.972012,38205845.4
US,INTC,2023-05-09,-2.188329,30.114,29.701,30.021,28.581167,29.884347,29.821622,0.062725,0.119159,-0.112867,47.770201,31.911829,28.130171,0.963297,37654477.2
US,INTC,2023-05-10,-0.440678,30.004,29.803,29.927,28.606167,29.805216,29.788168,0.017048,0.098737,-0.163377,46.879374,31.74979,28.10421,0.958061,36648883.6
US,INTC,2023-05-11,-3.71127,29.536,29.717,29.773,28.611667,29.570568,29.676452,-0.105884,0.057812,-0.327393,40.123217,31.6059,27.9401,0.970342,36856951.6
US,INTC,2023-05-12,0.318246,29.136,29.522,29.635,28.615167,29.385865,29.579678,-0.193813,0.007487,-0.4026,40.880829,31.453994,27.816006,0.928175,34682803.2
US,INTC,2023-05-15,2.925626,28.944,29.485,29.5265,28.643167,29.35727,29.551554,-0.194283,-0.032867,-0.322833,47.480596,31.168892,27.884108,0.928305,34249738.0
US,INTC,2023-05-16,-1.917808,28.772,29.443,29.405,28.671333,29.246921,29.484031,-0.23711,-0.073715,-0.326789,43.918221,30.927859,27.882141,0.910569,32670843.0
US,INTC,2023-05-17,-1.222067,28.556,29.28,29.2995,28.718833,29.099702,29.395584,-0.295882,-0.118149,-0.355466,41.806984,30.824367,27.774633,0.907672,32898991.0
US,INTC,2023-05-18,2.827854,28.718,29.127,29.248,28.789333,29.09821,29.372948,-0.274739,-0.149467,-0.250544,47.964412,30.72744,27.76856,0.905695,30775957.8
US,INTC,2023-05-19,0.825026,28.91,29.023,29.236,28.8615,29.13387,29.369767,-0.235897,-0.166753,-0.138289,49.684444,30.708676,27.763324,0.892431,34081793.4
US,INTC,2023-05-22,1.193317,29.006,28.975,29.2725,28.947167,29.21789,29.392747,-0.174857,-0.168374,-0.012967,52.167578,30.751187,27.793813,0.872972,34076986.0
US,INTC,2023-05-23,-2.560647,29.062,28.917,29.309,29.024167,29.172061,29.357729,-0.185668,-0.171833,-0.027671,46.770039,30.713164,27.904836,0.866331,35394748.2
US,INTC,2023-05-24,-1.728907,29.088,28.822,29.3125,29.092333,29.056359,29.288268,-0.231909,-0.183848,-0.096121,43.575703,30.707403,27.917597,0.853022,32670464.0
US,INTC,2023-05-25,-5.524279,28.64,28.679,29.198,29.127833,28.716919,29.107655,-0.390736,-0.225226,-0.331021,35.399919,30.958723,27.437277,0.942091,40966512.4
US,INTC,2023-05-26,5.8473,28.458,28.684,29.103,29.175333,28.671239,29.056718,-0.385478,-0.257276,-0.256405,46.258633,30.815695,27.390305,1.014085,47212037.0
US,INTC,2023-05-30,3.413089,28.4,28.703,29.094,29.235667,28.781818,29.081405,-0.299587,-0.265738,-0.067698,51.664534,30.798657,27.389343,1.014507,52448308.2
US,INTC,2023-05-31,4.831575,28.778,28.92,29.1815,29.326333,29.093846,29.209449,-0.115604,-0.235711,0.240216,58.280585,31.042664,27.320336,1.1249,73816889.2
US,INTC,2023-06-01,-0.97371,29.196,29.142,29.211,29.4195,29.311716,29.305786,0.005929,-0.187383,0.386625,56.52041,31.13567,27.28633,1.108835,78741194.8
US,INTC,2023-06-02,0.557194,29.962,29.301,29.214,29.508167,29.522221,29.40758,0.114641,-0.126978,0.483239,57.307271,31.147612,27.280388,1.08249,70443499.2
US,INTC,2023-06-05,-4.628422,30.13,29.294,29.1585,29.565667,29.481879,29.396648,0.085231,-0.084537,0.339535,49.284138,31.018524,27.298476,1.115169,65710200.6
US,INTC,2023-06-06,3.691046,30.32,29.36,29.1675,29.6285,29.613898,29.466526,0.147372,-0.038155,0.371053,54.501505,31.048445,27.286555,1.157657,63194300.4
US,INTC,2023-06-07,1.054713,30.29,29.534,29.2255,29.701167,29.774837,29.554932,0.219905,0.013457,0.412896,55.947572,31.212432,27.238568,1.105682,43765147.6
US,INTC,2023-06-08,1.696021,30.424,29.81,29.316,29.765167,29.991016,29.675307,0.315709,0.073907,0.483602,58.26866,31.478169,27.153831,1.081704,40271464.4
US,INTC,2023-06-09,-1.507377,30.43,30.196,29.4375,29.814833,30.101629,29.751951,0.349678,0.129061,0.441232,55.426065,31.626087,27.248913,1.096583,41012687.6
US,INTC,2023-06-12,5.535656,31.06,30.595,29.6395,29.864,30.456763,29.948843,0.507919,0.204833,0.606172,62.543768,32.122631,27.156369,1.156113,43349084.8
US,INTC,2023-06-13,2.530083,31.638,30.979,29.841,29.932833,30.883415,30.191892,0.691522,0.302171,0.778703,65.41273,32.763881,26.918119,1.134962,45288034.4
US,INTC,2023-06-14,4.935299,32.48,31.385,30.1525,30.039667,31.496735,30.538419,0.958317,0.4334,1.049833,70.310693,33.747607,26.557393,1.179607,52349294.2
US,INTC,2023-06-15,0.659593,33.264,31.844,30.493,30.161667,32.051084,30.876314,1.17477,0.581674,1.186192,70.932388,34.57501,26.41099,1.179635,58844763.0
US,INTC,2023-06-16,1.538462,34.25,32.34,30.8205,30.298,32.603225,31.229179,1.374046,0.740148,1.267794,72.393997,35.418154,26.222846,1.178947,72847404.2
US,INTC,2023-06-20,-3.75982,34.628,32.844,31.069,30.3975,32.864267,31.456647,1.40762,0.873643,1.067954,63.818414,35.8511,26.2869,1.261879,74056229.0
US,INTC,2023-06-21,-6.005831,34.43,33.034,31.197,30.457167,32.768226,31.514674,1.253552,0.949625,0.607856,53.3548,35.960541,26.433459,1.327459,77852925.0
US,INTC,2023-06-22,-0.558313,33.868,33.174,31.354,30.516833,32.659268,31.555068,1.1042,0.98054,0.247321,52.544119,36.012834,26.695166,1.310498,72120128.4
US,INTC,2023-06-23,0.873362,33.316,33.29,31.55,30.579333,32.61015,31.613211,0.996939,0.98382,0.026239,53.722052,36.024801,27.075199,1.316177,67850297.2
US,INTC,2023-06-26,1.020408,32.722,33.486,31.841,30.611167,32.619358,31.691492,0.927866,0.972629,-0.089526,55.135482,35.780289,27.901711,1.29145,53592715.2
US,INTC,2023-06-27,2.295684,32.546,33.587,32.091,30.646167,32.742533,31.819529,0.923004,0.962704,-0.0794,58.255996,35.75515,28.42685,1.284918,47006452.2
US,INTC,2023-06-28,-1.555955,32.678,33.554,32.2665,30.663,32.766759,31.899564,0.867195,0.943602,-0.152815,55.379908,35.726935,28.806065,1.268138,39593123.4
US,INTC,2023-06-29,-1.975684,32.716,33.292,32.3385,30.6655,32.687258,31.925523,0.761735,0.907229,-0.290987,51.928756,35.734034,28.942966,1.253271,38107655.8
US,INTC,2023-06-30,1.612403,32.802,33.059,32.4515,30.673167,32.699987,31.988076,0.711911,0.868165,-0.312508,54.378154,35.744998,29.158002,1.209466,35604478.2
US,INTC,2023-07-03,0.549283,32.858,32.79,32.565,30.688333,32.738451,32.05933,0.679121,0.830356,-0.302471,55.228565,35.761507,29.368493,1.175218,30964600.2
US,INTC,2023-07-05,-3.308042,32.546,32.546,32.695,30.685667,32.603304,32.044565,0.55874,0.776033,-0.434586,49.242581,35.53487,29.85513,1.169846,31889760.0
US,INTC,2023-07-06,-1.663528,32.232,32.455,32.7445,30.678833,32.407411,31.991634,0.415777,0.703982,-0.576409,46.597907,35.449772,30.039228,1.165571,33450673.0
US,INTC,2023-07-07,-0.383019,32.024,32.37,32.772,30.672833,32.223194,31.933735,0.289459,0.621077,-0.663236,45.995572,35.402092,30.141908,1.123744,31459329.0
US,INTC,2023-07-10,2.819609,31.888,32.345,32.8175,30.686833,32.202703,31.94531,0.257392,0.54834,-0.581896,50.997898,35.366075,30.268925,1.117763,31958210.2
US,INTC,2023-07-11,1.682767,31.824,32.341,32.9135,30.708,32.268441,31.996028,0.272413,0.493155,-0.441484,53.82441,35.275087,30.551913,1.097922,34437380.8
US,INTC,2023-07-12,2.053325,32.112,32.329,32.958,30.744167,32.427142,32.092619,0.334524,0.461429,-0.25381,57.128631,35.313492,30.602508,1.090928,34456879.4
US,INTC,2023-07-13,-0.33033,32.484,32.358,32.956,30.7745,32.544505,32.173906,0.370599,0.443263,-0.145328,56.41487,35.310633,30.601367,1.060147,32663741.4
US,INTC,2023-07-14,-2.109069,32.74,32.382,32.837,30.798167,32.53612,32.197321,0.338799,0.42237,-0.167142,51.965447,35.027526,30.646474,1.045851,33080223.2
US,INTC,2023-07-17,3.662665,33.058,32.473,32.766,30.852833,32.712101,32.307149,0.404953,0.418886,-0.027868,58.026144,34.739863,30.792137,1.07829,32641326.2
US,INTC,2023-07-18,0.385986,33.294,32.559,32.6745,30.914333,32.881009,32.418471,0.462538,0.427617,0.069842,58.64009,34.232916,31.116084,1.062698,32947462.6
US,INTC,2023-07-19,-0.118308,33.388,32.75,32.648,30.984333,33.017777,32.518584,0.499192,0.441932,0.114521,58.357246,34.109993,31.186007,1.022505,30692354.8
US,INTC,2023-07-20,-3.168493,33.29,32.887,32.671,31.046833,32.968888,32.532022,0.436865,0.440919,-0.008106,51.237729,34.121019,31.220981,1.035898,31718803.6
US,INTC,2023-07-21,1.957187,33.46,33.1,32.735,31.132667,33.025982,32.591873,0.434109,0.439557,-0.010895,54.790493,34.18449,31.28551,1.024048,41578463.0
US,INTC,2023-07-24,-1.139772,33.316,33.187,32.766,31.2095,33.015831,32.619141,0.39669,0.430983,-0.068587,52.351557,34.206866,31.325134,1.013759,39812985.0
US,INTC,2023-07-25,1.395631,33.238,33.266,32.8035,31.280833,33.078011,32.678464,0.399547,0.424696,-0.050299,54.96495,34.271209,31.335791,1.007776,40231300.4
US,INTC,2023-07-26,0.748055,33.218,33.303,32.816,31.336667,33.169086,32.751911,0.417175,0.423192,-0.012034,56.36567,34.308547,31.323453,0.994364,41462613.0
US,INTC,2023-07-27,0.564301,33.45,33.37,32.864,31.408167,33.275381,32.833992,0.441389,0.426831,0.029115,57.448873,34.424467,31.303533,0.987623,45665178.0
US,INTC,2023-07-28,6.585942,34.0,33.73,33.056,31.525333,33.708399,33.075178,0.633221,0.468109,0.330224,67.611542,35.128104,30.983896,1.087793,47890389.4
US,INTC,2023-07-31,-2.853976,34.42,33.868,33.1705,31.611,33.916338,33.222202,0.694136,0.513315,0.361643,60.432237,35.412824,30.928176,1.116522,53959772.8
US,INTC,2023-08-01,0.057045,34.752,33.995,33.277,31.685333,34.095363,33.359816,0.735546,0.557761,0.355571,60.5199,35.66492,30.88908,1.088913,52554233.2
US,INTC,2023-08-02,-3.933865,34.758,33.988,33.369,31.740833,34.034538,33.385015,0.649522,0.576113,0.146819,51.964906,35.671719,31.066281,1.117562,53835979.6
US,INTC,2023-08-03,1.394659,34.82,34.135,33.511,31.807667,34.055378,33.443162,0.612216,0.583334,0.057764,54.332629,35.636718,31.385282,1.101308,47030691.6
US,INTC,2023-08-04,1.141352,34.514,34.257,33.6785,31.892,34.133012,33.525891,0.607121,0.588091,0.03806,56.259308,35.567312,31.789688,1.098357,34193068.4
US,INTC,2023-08-07,0.260417,34.432,34.426,33.8065,31.98,34.212549,33.609158,0.60339,0.591151,0.024479,56.713168,35.591485,32.021515,1.075618,27564302.4
US,INTC,2023-08-08,-0.606061,34.304,34.528,33.897,32.082667,34.247541,33.670702,0.576839,0.588289,-0.022899,55.272039,35.616548,32.177452,1.095216,29566343.4
US,INTC,2023-08-09,-2.090592,34.308,34.533,33.918,32.171833,34.166381,33.674354,0.492027,0.569036,-0.154018,50.530985,35.618019,32.217981,1.078415,27499980.6
US,INTC,2023-08-10,1.156584,34.296,34.558,33.964,32.253667,34.157707,33.706624,0.451083,0.545446,-0.188725,52.888286,35.632225,32.295775,1.057814,28718563.4
US,INTC,2023-08-11,0.615655,34.248,34.381,34.0555,32.348333,34.182675,33.752059,0.430616,0.52248,-0.183728,54.155098,35.585304,32.525696,1.023685,29140330.0
US,INTC,2023-08-14,2.24359,34.336,34.384,34.126,32.461667,34.322264,33.851166,0.471098,0.512203,-0.082211,58.555628,35.709116,32.542884,1.037707,32022167.2
US,INTC,2023-08-15,-2.536335,34.288,34.296,34.1455,32.546833,34.303454,33.877005,0.426448,0.495052,-0.137208,52.306062,35.722161,32.568839,1.028585,30555509.4
US,INTC,2023-08-16,-3.567251,34.14,34.224,34.106,32.607667,34.099846,33.810561,0.289285,0.453899,-0.329228,45.186624,35.756181,32.455819,1.047258,31962928.8
US,INTC,2023-08-17,-2.850212,33.726,34.011,34.073,32.647,33.782946,33.679408,0.103538,0.383827,-0.560577,40.601146,35.855426,32.290574,1.059596,33752817.6
US,INTC,2023-08-18,0.530587,33.304,33.776,34.0165,32.701833,33.540954,33.570563,-0.029608,0.30114,-0.661496,41.752367,35.953242,32.079758,1.035339,32736282.8
US,INTC,2023-08-21,1.179758,32.804,33.57,33.998,32.771333,33.394654,33.497929,-0.103275,0.220257,-0.647063,44.348786,35.981266,32.014734,1.042101,34100721.4
US,INTC,2023-08-22,-0.736422,32.434,33.361,33.9445,32.863,33.233938,33.412897,-0.178959,0.140414,-0.638745,43.04376,36.041703,31.847297,1.036237,33303497.6
US,INTC,2023-08-23,3.307573,32.522,33.331,33.932,32.946333,33.262563,33.413423,-0.15086,0.082159,-0.466038,50.094616,36.038557,31.825443,1.05722,32616908.6
US,INTC,2023-08-24,-4.099342,32.524,33.125,33.8415,32.990667,33.076015,33.312429,-0.236414,0.018444,-0.509717,42.790476,36.102511,31.580489,1.094561,32221752.8
US,INTC,2023-08-25,2.028081,32.622,32.963,33.672,33.022167,33.018166,33.267064,-0.248897,-0.035024,-0.427747,46.757068,35.732753,31.611247,1.090664,32946503.6
US,INTC,2023-08-28,1.131498,32.718,32.761,33.5725,33.064833,33.026141,33.252466,-0.226326,-0.073284,-0.306083,48.927802,35.545892,31.599108,1.052759,28671209.4
US,INTC,2023-08-29,2.056244,32.998,32.716,33.506,33.116,33.137504,33.289321,-0.151817,-0.088991,-0.125652,52.741259,35.357587,31.654413,1.048991,29973097.2
US,INTC,2023-08-30,0.622222,33.106,32.814,33.519,33.194333,33.264042,33.339001,-0.074959,-0.086185,0.022451,53.886399,35.379483,31.658517,1.036206,28764066.6
US,INTC,2023-08-31,1.766784,33.608,33.066,33.5385,33.264667,33.46342,33.429445,0.033975,-0.062153,0.192255,57.085973,35.433718,31.643282,1.050762,30809391.2
US,INTC,2023-09-01,4.195602,34.27,33.446,33.611,33.353833,33.855201,33.620597,0.234604,-0.002801,0.474811,63.649982,35.75198,31.47002,1.089279,34106124.8
US,INTC,2023-09-05,0.277701,34.878,33.798,33.684,33.436,34.202093,33.804997,0.397096,0.077178,0.639836,64.058287,36.049497,31.318503,1.078617,38313640.4
US,INTC,2023-09-06,0.720022,35.402,34.2,33.7805,33.530333,34.535618,33.994998,0.54062,0.169867,0.741507,65.154232,36.404798,31.156202,1.072287,40253592.6
US,INTC,2023-09-07,3.244432,36.12,34.613,33.972,33.616,34.999369,34.258331,0.741038,0.284101,0.913874,69.673841,37.067375,30.876625,1.107838,48529698.0
US,INTC,2023-09-08,-0.45273,36.684,35.146,34.1355,33.685167,35.36562,34.489566,0.876054,0.402491,0.947125,68.299421,37.569666,30.701334,1.107992,47751192.2
US,INTC,2023-09-11,1.551632,37.074,35.672,34.3175,33.736667,35.764755,34.746635,1.01812,0.525617,0.985006,70.441777,38.135818,30.499182,1.092421,46259354.8
US,INTC,2023-09-12,0.684932,37.496,36.187,34.474,33.788667,36.142485,35.003921,1.138564,0.648206,0.980715,71.375655,38.646306,30.301694,1.117963,48648796.4
US,INTC,2023-09-13,-0.392465,37.836,36.619,34.6675,33.829167,36.439026,35.231038,1.207988,0.760163,0.89565,70.001543,39.120543,30.214457,1.100965,47801674.4
US,INTC,2023-09-14,-0.10507,37.932,37.026,34.92,33.891333,36.683791,35.438369,1.245422,0.857215,0.776415,69.616652,39.531542,30.308458,1.064468,40393035.8
US,INTC,2023-09-15,-2.024717,37.908,37.296,35.181,33.975,36.772439,35.573304,1.199134,0.925598,0.547071,62.49337,39.700964,30.661036,1.062006,45316273.0
US,INTC,2023-09-18,0.295223,37.79,37.432,35.439,34.0635,36.864371,35.706393,1.157978,0.972074,0.371807,63.07464,39.838636,31.039364,1.047577,43910844.8
US,INTC,2023-09-19,-4.361788,37.294,37.395,35.5965,34.120167,36.691391,35.708882,0.982509,0.974161,0.016695,50.568344,39.797968,31.395032,1.118464,43503146.0
US,INTC,2023-09-20,-4.532736,36.504,37.17,35.685,34.144333,36.295792,35.591187,0.704605,0.92025,-0.43129,41.715489,39.678627,31.691373,1.158574,47953755.8
US,INTC,2023-09-21,-0.117233,35.714,36.823,35.718,34.155333,35.954901,35.479248,0.475654,0.831331,-0.711354,41.522197,39.646596,31.789404,1.131533,50878582.8
US,INTC,2023-09-22,-1.349765,34.986,36.447,35.7965,34.167333,35.595686,35.341526,0.25416,0.715897,-0.923473,39.268753,39.48414,32.10886,1.103566,42950655.8
US,INTC,2023-09-25,0.327186,34.258,36.024,35.848,34.192,35.308657,35.222153,0.086504,0.590018,-1.007028,40.105839,39.386998,32.309002,1.066883,41432109.4
US,INTC,2023-09-26,-1.363771,33.764,35.529,35.858,34.200333,34.995018,35.077549,-0.082532,0.455508,-1.07608,37.76182,39.366542,32.349458,1.070677,37614153.6
US,INTC,2023-09-27,2.314397,33.748,35.126,35.8725,34.2185,34.848092,35.000694,-0.152602,0.333886,-0.972976,43.694142,39.348319,32.396681,1.064914,34955801.8
US,INTC,2023-09-28,1.645123,33.852,34.783,35.9045,34.264167,34.809924,34.971013,-0.161089,0.234891,-0.79196,47.605566,39.320571,32.488429,1.078849,32360732.0
US,INTC,2023-09-29,1.069364,34.122,34.554,35.925,34.324833,34.834551,34.970938,-0.136387,0.160635,-0.594045,50.073377,39.313359,32.536641,1.053931,32265153.4
US,INTC,2023-10-02,-0.257363,34.352,34.305,35.8685,34.386,34.841543,34.964202,-0.122659,0.103977,-0.45327,49.463091,39.286858,32.450142,1.048651,33136502.4
US,INTC,2023-10-03,0.630734,34.718,34.241,35.818,34.436167,34.881306,34.974261,-0.092955,0.06459,-0.315091,51.034123,39.250408,32.385592,1.063033,35355370.6
US,INTC,2023-10-04,0.683761,34.978,34.363,35.7665,34.481333,34.951874,35.001353,-0.049479,0.041777,-0.18251,52.759424,39.19514,32.33786,1.070673,34449996.6
US,INTC,2023-10-05,-0.113186,35.118,34.485,35.654,34.514667,35.005432,35.023475,-0.018043,0.029813,-0.095711,52.42786,38.987511,32.320489,1.029911,33151188.0
US,INTC,2023-10-06,0.82153,35.242,34.682,35.5645,34.554667,35.095365,35.065439,0.029926,0.029835,0.000181,54.652906,38.802595,32.326405,1.046346,34050877.2
US,INTC,2023-10-09,-0.337173,35.36,34.856,35.44,34.604333,35.153002,35.095407,0.057595,0.035387,0.044415,53.537049,38.485876,32.394124,1.019464,32708873.4
US,INTC,2023-10-10,1.014942,35.506,35.112,35.3205,34.640167,35.257155,35.149821,0.107334,0.049777,0.115115,56.412234,38.096284,32.544716,1.011645,28459167.8
US,INTC,2023-10-11,1.228021,35.692,35.335,35.2305,34.681167,35.412977,35.232797,0.18018,0.075857,0.208646,59.69509,37.748622,32.712378,0.985099,24343248.2
US,INTC,2023-10-12,-0.110284,35.878,35.498,35.1405,34.722167,35.538673,35.306664,0.232009,0.107088,0.249843,59.258145,37.363313,32.917687,0.972592,23916847.4
US,INTC,2023-10-13,-2.346122,35.836,35.539,35.0465,34.766833,35.514262,35.312097,0.202165,0.126103,0.152125,50.756147,37.051137,33.041863,0.971692,22946102.8
US,INTC,2023-10-16,1.639344,35.934,35.647,34.976,34.8105,35.582837,35.360089,0.222748,0.145432,0.154631,55.452787,36.73266,33.21934,0.970143,24982030.6
US,INTC,2023-10-17,-1.362625,35.862,35.684,34.9625,34.852333,35.565477,35.368231,0.197247,0.155795,0.082903,51.025147,36.699507,33.225493,1.005133,25171922.0
US,INTC,2023-10-18,-1.184099,35.618,35.655,35.009,34.8795,35.486173,35.344658,0.141515,0.152939,-0.022848,47.522578,36.702551,33.315449,0.976909,25736591.6
US,INTC,2023-10-19,0.085592,35.388,35.633,35.059,34.903,35.423685,35.325054,0.098631,0.142077,-0.086893,47.79822,36.698059,33.419941,0.966416,26849115.4
US,INTC,2023-10-20,-2.080958,35.182,35.509,35.0955,34.911167,35.258503,35.252828,0.005675,0.114797,-0.218244,42.015083,36.634194,33.556806,0.996672,27628093.4
US,INTC,2023-10-23,-3.085881,34.648,35.291,35.0735,34.8645,34.955656,35.107433,-0.151777,0.061482,-0.426518,35.330566,36.699751,33.447249,1.051909,32501869.0
US,INTC,2023-10-24,2.192851,34.358,35.11,35.111,34.847167,34.811709,35.026882,-0.215173,0.006151,-0.442649,42.155923,36.59778,33.62422,1.051773,38037928.2
US,INTC,2023-10-25,-5.085244,33.806,34.712,35.0235,34.800667,34.423754,34.82415,-0.400397,-0.075159,-0.650476,33.210358,36.905544,33.141456,1.120218,42552430.6
US,INTC,2023-10-26,-0.92908,33.188,34.288,34.893,34.772167,34.04933,34.614213,-0.564883,-0.173103,-0.78356,31.944443,37.190504,32.595496,1.115202,48540562.8
US,INTC,2023-10-27,9.284151,33.31,34.246,34.8925,34.785333,34.189433,34.639827,-0.450394,-0.228562,-0.443665,51.610002,37.189941,32.595059,1.306973,58905540.2
US,INTC,2023-10-30,0.400458,33.672,34.16,34.9035,34.794333,34.32952,34.673914,-0.344394,-0.251728,-0.185331,52.30957,37.202702,32.604298,1.28719,55451861.4
US,INTC,2023-10-31,2.279202,34.048,34.203,34.9435,34.815167,34.571133,34.764735,-0.193603,-0.240103,0.093001,56.205744,37.282476,32.604524,1.26239,53154131.4
US,INTC,2023-11-01,2.172702,34.926,34.366,35.0105,34.8525,34.895574,34.906607,-0.011033,-0.194289,0.366512,59.665703,37.464985,32.556015,1.245077,52564580.0
US,INTC,2023-11-02,1.090513,35.944,34.566,35.0995,34.9085,35.231639,35.067599,0.164041,-0.122623,0.573327,61.351988,37.713428,32.485572,1.220428,47824071.0
US,INTC,2023-11-03,1.159655,36.454,34.882,35.1955,34.965167,35.582156,35.248517,0.333639,-0.031371,0.730019,63.136213,38.007926,32.383074,1.178969,37098977.4
US,INTC,2023-11-06,-0.159957,36.924,35.298,35.2945,35.017333,35.869517,35.41159,0.457927,0.066489,0.782876,62.701236,38.273093,32.315907,1.119757,34543164.6
US,INTC,2023-11-07,2.162884,37.396,35.722,35.416,35.070167,36.237284,35.622584,0.6147,0.176131,0.877138,66.097047,38.6586,32.1734,1.106917,32716531.4
US,INTC,2023-11-08,-2.195504,37.544,36.235,35.4735,35.123833,36.41924,35.755725,0.663514,0.273608,0.779813,59.99669,38.813945,32.133055,1.108566,31071062.4
US,INTC,2023-11-09,-0.320684,37.588,36.766,35.527,35.195833,36.554741,35.870116,0.684625,0.355811,0.657628,59.156719,38.947509,32.106491,1.08224,33774223.8
US,INTC,2023-11-10,2.815013,37.756,37.105,35.6755,35.301,36.830935,36.053811,0.777124,0.440074,0.6741,63.916995,39.308848,32.042152,1.089223,35447930.8
US,INTC,2023-11-13,-1.642764,37.81,37.367,35.7635,35.392833,36.967714,36.177233,0.790482,0.510155,0.560653,59.440579,39.503828,32.023172,1.06285,35584142.4
US,INTC,2023-11-14,3.101803,37.936,37.666,35.9345,35.497833,37.263451,36.378178,0.885272,0.585179,0.600187,64.423734,39.910787,31.958213,1.086932,38265206.6
US,INTC,2023-11-15,3.034199,38.466,38.005,36.1855,35.6265,37.695227,36.651647,1.043581,0.676859,0.733443,68.612195,40.524032,31.846968,1.110008,41046963.2
US,INTC,2023-11-16,6.763164,39.562,38.575,36.5705,35.7825,38.4775,37.105599,1.371901,0.815868,1.112068,75.690662,41.736061,31.404939,1.227865,48536947.8
US,INTC,2023-11-17,1.051893,40.538,39.147,37.0145,35.968833,39.208654,37.559258,1.649396,0.982573,1.333645,76.633005,42.826396,31.202604,1.228017,50712636.2
US,INTC,2023-11-20,2.128152,41.824,39.817,37.5575,36.159667,39.968861,38.047461,1.9214,1.170339,1.502123,78.470515,43.882643,31.232357,1.22173,54720263.2
US,INTC,2023-11-21,-2.468856,42.658,40.297,38.0095,36.326167,40.444421,38.41876,2.02566,1.341403,1.368515,71.315149,44.547308,31.471692,1.236607,53079202.0
US,INTC,2023-11-22,0.06967,43.262,40.864,38.5495,36.481833,40.851433,38.764778,2.086655,1.490453,1.192403,71.392468,44.889555,32.209445,1.225421,49898882.4
US,INTC,2023-11-24,0.67301,43.382,41.472,39.119,36.638833,41.240443,39.106646,2.133797,1.619122,1.02935,72.173296,45.031725,33.206275,1.165748,35225164.6
US,INTC,2023-11-27,0.276625,43.436,41.987,39.546,36.787833,41.588067,39.43208,2.155987,1.726495,0.858985,72.507687,45.429041,33.662959,1.145337,31943207.8
US,INTC,2023-11-28,0.344828,43.336,42.58,39.9735,36.915167,41.905288,39.744519,2.160769,1.81335,0.694839,72.94534,45.743624,34.203376,1.114242,27933703.4
US,INTC,2023-11-29,1.603666,43.594,43.126,40.396,37.0525,42.281397,40.085665,2.195732,1.889826,0.611811,74.949474,46.148597,34.643403,1.11251,28279697.4
US,INTC,2023-11-30,-0.54115,43.798,43.53,40.7675,37.1815,42.562721,40.383764,2.178957,1.947652,0.462609,72.954064,46.471652,35.063348,1.080902,31234182.6
US,INTC,2023-12-01,-2.153707,43.754,43.568,41.0715,37.275,42.65461,40.589411,2.065199,1.971162,0.188074,65.51834,46.602591,35.540409,1.133695,37412435.8
US,INTC,2023-12-04,-3.174235,43.412,43.424,41.2855,37.3485,42.521593,40.678344,1.843249,1.945579,-0.20466,56.564677,46.574751,35.996249,1.197002,40827965.8
US,INTC,2023-12-05,-1.005025,42.956,43.146,41.4815,37.405333,42.344425,40.729578,1.614847,1.879433,-0.529171,54.122759,46.469659,36.493341,1.163645,42290054.6
US,INTC,2023-12-06,-1.571187,42.23,42.912,41.6045,37.447,42.094513,40.728868,1.365645,1.776675,-0.82206,50.489973,46.385878,36.823122,1.180528,40892101.8
US,INTC,2023-12-07,2.136542,41.726,42.762,41.813,37.505667,42.016896,40.792656,1.22424,1.666188,-0.883896,54.857504,46.193151,37.432849,1.18549,37463247.0
US,INTC,2023-12-08,1.322433,41.522,42.638,42.055,37.574167,42.035835,40.892459,1.143376,1.561626,-0.8365,57.41507,45.914977,38.195023,1.182241,37240564.6
US,INTC,2023-12-11,4.295206,41.954,42.683,42.335,37.685667,42.330322,41.118943,1.211378,1.491576,-0.560396,64.535903,45.878814,38.791186,1.240652,36814678.4
US,INTC,2023-12-12,-1.114903,42.372,42.664,42.622,37.787167,42.504119,41.292355,1.211763,1.435614,-0.447701,61.536006,45.489512,39.754488,1.215605,36733247.4
US,INTC,2023-12-13,1.196503,43.024,42.627,42.8765,37.9245,42.731177,41.49144,1.239737,1.396439,-0.313402,63.476317,45.231667,40.521333,1.226634,37378005.0
US,INTC,2023-12-14,1.364256,43.622,42.674,43.102,38.098833,43.015612,41.720222,1.295389,1.376229,-0.161679,65.630688,45.187307,41.016693,1.314731,45678418.6
US,INTC,2023-12-15,2.175864,44.304,42.913,43.2405,38.29,43.405517,42.003909,1.401608,1.381305,0.040607,68.831546,45.574933,40.906067,1.368679,54032107.8
US,INTC,2023-12-18,-1.009879,44.532,43.243,43.3335,38.481167,43.664669,42.232509,1.43216,1.391476,0.081369,65.706375,45.803134,40.863866,1.329488,49953607.0
US,INTC,2023-12-19,2.106897,45.048,43.71,43.428,38.686333,44.030104,42.514545,1.515559,1.416292,0.198534,68.851737,46.147387,40.708613,1.316667,50734928.6
US,INTC,2023-12-20,-1.911381,45.284,44.154,43.533,38.8845,44.203934,42.710505,1.49343,1.43172,0.12342,63.080169,46.347932,40.718068,1.310477,51323546.0
US,INTC,2023-12-21,2.878654,45.66,44.641,43.7015,39.0915,44.551021,42.988245,1.562776,1.457931,0.20969,67.424433,46.78119,40.62181,1.312585,42863485.6
US,INTC,2023-12-22,1.958674,46.024,45.164,43.901,39.304333,44.98471,43.31282,1.671891,1.500723,0.342336,70.07856,47.364553,40.437447,1.295258,31965950.0
US,INTC,2023-12-26,5.19316,46.972,45.752,44.2175,39.552,45.73014,43.795574,1.934566,1.587492,0.694149,75.815126,48.529571,39.905429,1.379882,38444301.2
US,INTC,2023-12-27,0.521774,47.782,46.415,44.5395,39.8055,46.400887,44.261827,2.13906,1.697805,0.882509,76.331615,49.540706,39.538294,1.357748,41802155.2
US,INTC,2023-12-28,-0.73867,48.694,46.989,44.808,40.049167,46.91152,44.666137,2.245384,1.807321,0.876125,73.912545,50.292891,39.323109,1.310766,39711374.4
US,INTC,2023-12-29,-0.261464,49.32,47.49,45.082,40.286667,47.323594,45.030867,2.292727,1.904402,0.776649,73.036732,50.935186,39.228814,1.273568,39905023.2
US,INTC,2024-01-02,-4.880016,49.28,47.652,45.2825,40.4845,47.299964,45.189321,2.110643,1.94565,0.329985,59.017324,51.133322,39.431678,1.380456,43067023.4
US,INTC,2024-01-03,-1.568794,48.6,47.786,45.5145,40.665167,47.166123,45.281224,1.8849,1.9335,-0.0972,55.508596,51.157253,39.871747,1.353281,38181228.6
US,INTC,2024-01-04,-0.38768,47.832,47.807,45.7585,40.844833,47.025181,45.352985,1.672197,1.881239,-0.418086,54.657371,51.075955,40.441045,1.392332,37311182.8
US,INTC,2024-01-05,0.043243,47.142,47.918,46.036,41.018833,46.909,45.420912,1.488088,1.802609,-0.629043,54.740421,50.825816,41.246184,1.377166,38638942.4
US,INTC,2024-01-08,3.32829,46.786,48.053,46.347,41.211167,47.047615,45.597881,1.449734,1.732034,-0.564601,60.708136,50.732372,41.961628,1.41094,41208226.4
US,INTC,2024-01-09,-0.836645,46.834,48.057,46.6105,41.3975,47.103367,45.732112,1.371254,1.659878,-0.577248,58.548708,50.565241,42.655759,1.36373,38046481.8
US,INTC,2024-01-10,-1.202278,46.916,47.758,46.755,41.5885,47.062849,45.814178,1.248671,1.577637,-0.657932,55.518124,50.516827,42.993173,1.362035,37170832.2
US,INTC,2024-01-11,0.362938,47.068,47.45,46.9325,41.772667,47.054718,45.902757,1.151961,1.492501,-0.681082,56.245552,50.377339,43.487661,1.343318,33952846.0
US,INTC,2024-01-12,-1.084876,47.114,47.128,47.0585,41.9565,46.969377,45.946998,1.022379,1.398477,-0.752196,53.423005,50.236136,43.880864,1.321652,32601620.2
US,INTC,2024-01-16,-0.129032,46.84,46.813,47.1515,42.146333,46.887934,45.983516,0.904418,1.299665,-0.790494,53.085489,50.136578,44.166422,1.286534,32918728.0
US,INTC,2024-01-17,-2.131783,46.448,46.641,47.1465,42.319167,46.666714,45.943997,0.722717,1.184275,-0.923117,47.727481,50.142606,44.150394,1.293925,33596930.0
US,INTC,2024-01-18,1.474147,46.304,46.61,47.198,42.515333,46.582604,45.957034,0.62557,1.072534,-0.893929,51.309256,50.084337,44.311663,1.30793,36637162.4
US,INTC,2024-01-19,3.013877,46.404,46.736,47.2715,42.752333,46.72528,46.072068,0.653212,0.98867,-0.670916,57.773717,50.110622,44.432378,1.378078,41491545.4
US,INTC,2024-01-22,0.147337,46.62,46.867,47.3925,42.978333,46.856776,46.183767,0.673008,0.925538,-0.505058,58.075587,50.062593,44.722407,1.387501,45101869.2
US,INTC,2024-01-23,1.387137,46.98,46.91,47.4815,43.244167,47.069579,46.336081,0.733499,0.88713,-0.307262,60.912868,50.139968,44.823032,1.402679,43802564.0
US,INTC,2024-01-24,0.414594,47.578,47.013,47.535,43.518333,47.280413,46.491927,0.788487,0.867401,-0.157829,61.757472,50.225216,44.844784,1.408202,46980127.8
US,INTC,2024-01-25,0.949628,48.134,47.219,47.4885,43.750667,47.52958,46.670302,0.859278,0.865777,-0.012997,63.7003,50.047377,44.929623,1.401188,54612875.4
US,INTC,2024-01-26,-11.92229,47.246,46.825,47.1375,43.8835,46.843491,46.403613,0.439878,0.780597,-0.681438,37.616827,50.071118,44.203882,1.73896,68949973.6
US,INTC,2024-01-29,0.441142,46.382,46.501,46.8145,44.006167,46.292185,46.170753,0.121432,0.648764,-1.054664,38.500648,49.954872,43.674128,1.69832,70180242.0
US,INTC,2024-01-30,-2.10356,45.204,46.092,46.4525,44.100667,45.685695,45.887734,-0.202039,0.478603,-1.361285,35.878802,49.885201,43.019799,1.644154,72327166.4
US,INTC,2024-01-31,0.377804,44.018,45.798,46.2195,44.191167,45.197126,45.637532,-0.440405,0.294801,-1.470414,36.695083,50.036826,42.402174,1.627429,72768849.0
US,INTC,2024-02-01,0.658669,42.796,45.465,46.0375,44.279167,44.826799,45.426603,-0.599804,0.11588,-1.431369,38.178291,50.134196,41.940804,1.587613,63563802.8
US,INTC,2024-02-02,-1.752746,42.59,44.918,45.827,44.355667,44.398061,45.175744,-0.777683,-0.062832,-1.429701,35.761348,50.275892,41.378108,1.598498,48767445.4
US,INTC,2024-02-05,0.38059,42.378,44.38,45.6235,44.421333,44.059898,44.955318,-0.895421,-0.22935,-1.332141,36.682261,50.337179,40.909821,1.535033,44187325.6
US,INTC,2024-02-06,0.236967,42.368,43.786,45.348,44.502667,43.789144,44.758628,-0.969484,-0.377377,-1.184214,37.287382,50.16133,40.53467,1.470388,41409216.4
US,INTC,2024-02-07,0.094563,42.334,43.176,45.0945,44.586667,43.566199,44.579471,-1.013272,-0.504556,-1.017432,37.544499,49.980228,40.208772,1.404646,37946216.2
US,INTC,2024-02-08,-0.661313,42.188,42.492,44.8555,44.6485,43.334476,44.392843,-1.058367,-0.615318,-0.886098,36.418893,49.842898,39.868102,1.350029,36823539.2
US,INTC,2024-02-09,1.902045,42.352,42.471,44.648,44.734167,43.26148,44.279299,-1.017819,-0.695818,-0.644002,41.78876,49.604808,39.691192,1.332884,36325430.8
US,INTC,2024-02-12,1.679888,42.628,42.503,44.502,44.812333,43.310483,44.227499,-0.917016,-0.740058,-0.353917,46.193286,49.403716,39.600284,1.360535,40768847.8
US,INTC,2024-02-13,-1.996329,42.71,42.539,44.3155,44.856333,43.218101,44.115092,-0.896991,-0.771445,-0.251093,42.052736,49.191849,39.439151,1.354068,41279651.2
US,INTC,2024-02-14,2.388199,42.988,42.661,44.2295,44.872167,43.296855,44.086567,-0.789712,-0.775098,-0.029228,47.944086,49.083399,39.375601,1.337349,41663048.6
US,INTC,2024-02-15,-0.297279,43.296,42.742,44.1035,44.878333,43.343492,44.050525,-0.707032,-0.761485,0.108905,47.284264,48.884848,39.322152,1.330395,43826656.0
US,INTC,2024-02-16,-1.238532,43.336,42.844,43.881,44.860167,43.299878,43.977152,-0.677274,-0.744643,0.134737,44.542079,48.415335,39.346665,1.313224,39583124.6
US,INTC,2024-02-20,2.322341,43.432,43.03,43.705,44.876833,43.41682,43.983289,-0.566469,-0.709008,0.285078,50.291235,47.912871,39.497129,1.342994,41664482.0
US,INTC,2024-02-21,-2.360418,43.494,43.102,43.444,44.875667,43.355771,43.911935,-0.556164,-0.678439,0.244551,45.059509,47.106553,39.781447,1.361352,45883029.4
US,INTC,2024-02-22,-1.11576,43.256,43.122,43.149,44.861667,43.230268,43.81031,-0.580042,-0.65876,0.157435,42.844185,46.019128,40.278872,1.416255,51207646.4
US,INTC,2024-02-23,0.023507,43.046,43.171,42.8315,44.845833,43.125611,43.716953,-0.591342,-0.645276,0.107868,42.907161,43.967885,41.695115,1.375094,49164887.8
US,INTC,2024-02-26,0.0,42.944,43.14,42.8055,44.8275,43.037055,43.630512,-0.593457,-0.634912,0.082911,42.907161,43.942663,41.668337,1.337587,48576903.4
US,INTC,2024-02-27,-0.611046,42.59,43.011,42.757,44.793167,42.922124,43.531215,-0.609091,-0.629748,0.041314,41.527434,43.895228,41.618772,1.295617,41299350.6
US,INTC,2024-02-28,-1.726176,42.298,42.896,42.7175,44.750667,42.712566,43.385199,-0.672633,-0.638325,-0.068616,37.84754,43.959577,41.475423,1.26093,35142050.6
US,INTC,2024-02-29,2.526468,42.312,42.784,42.7225,44.7415,42.696787,43.327777,-0.63099,-0.636858,0.011736,45.349055,43.961998,41.483002,1.253006,32355211.0
US,INTC,2024-03-01,1.783619,42.476,42.761,42.7515,44.767833,42.800358,43.330905,-0.530547,-0.615596,0.170099,50.048516,44.022693,41.480307,1.249934,33878282.6
US,INTC,2024-03-04,4.081162,42.994,42.969,42.9065,44.830667,43.160303,43.464912,-0.304609,-0.553398,0.497579,58.91041,44.506366,41.306634,1.357796,40469369.0
US,INTC,2024-03-05,-5.383252,43.078,42.834,42.932,44.863833,43.091026,43.408992,-0.317967,-0.506312,0.376691,46.669159,44.501989,41.362011,1.467954,46775121.6
US,INTC,2024-03-06,3.137439,43.576,42.937,43.0195,44.904833,43.23856,43.456474,-0.217914,-0.448633,0.461437,52.527313,44.633296,41.405704,1.529528,51919836.6
US,INTC,2024-03-07,3.677639,44.188,43.25,43.186,44.963667,43.612628,43.620439,-0.007811,-0.360468,0.705314,58.467083,45.136932,41.235068,1.555276,52220443.2
US,INTC,2024-03-08,-4.641997,44.224,43.35,43.2605,44.957,43.602993,43.615222,-0.012229,-0.29082,0.557183,49.702871,45.146464,41.374536,1.629899,54918548.6
US,INTC,2024-03-11,1.95178,44.076,43.535,43.3375,44.972667,43.725609,43.673353,0.052256,-0.222205,0.548922,52.760432,45.276767,41.398233,1.603478,49930583.6
US,INTC,2024-03-12,0.833333,44.488,43.783,43.397,44.985833,43.886285,43.754586,0.131698,-0.151424,0.566246,54.06932,45.432987,41.361013,1.546087,44958723.0
US,INTC,2024-03-13,-4.444941,44.234,43.905,43.4005,44.955833,43.716087,43.682395,0.033692,-0.114401,0.296187,46.592033,45.431987,41.369013,1.579938,45067500.4
US,INTC,2024-03-14,-1.098644,43.562,43.875,43.3295,44.901833,43.499766,43.580736,-0.08097,-0.107715,0.05349,45.008887,45.408658,41.250342,1.526371,42611873.0
US,INTC,2024-03-15,-0.259986,43.292,43.758,43.2595,44.853667,43.299802,43.478459,-0.178657,-0.121903,-0.113508,44.626693,45.391124,41.127876,1.473773,45019124.6
US,INTC,2024-03-18,0.165877,42.866,43.471,43.22,44.790833,43.141371,43.388944,-0.247573,-0.147037,-0.201071,44.947066,45.393808,41.046192,1.423503,43542583.8
US,INTC,2024-03-19,-1.537734,42.236,43.362,43.098,44.731833,42.907314,43.257911,-0.350597,-0.187749,-0.325696,42.488796,45.342278,40.853722,1.41111,44118007.4
US,INTC,2024-03-20,0.336377,42.032,43.133,43.035,44.6535,42.730804,43.146954,-0.41615,-0.233429,-0.365442,43.209248,45.353995,40.716005,1.423174,48451819.4
US,INTC,2024-03-21,0.52682,41.966,42.764,43.007,44.563667,42.615296,43.060513,-0.445218,-0.275787,-0.338861,44.388208,45.362463,40.651537,1.420804,50993334.6
US,INTC,2024-03-22,0.357313,41.952,42.622,42.986,44.435333,42.540635,42.991586,-0.450952,-0.31082,-0.280263,45.223179,45.364759,40.607241,1.370033,43303374.6
US,INTC,2024-03-25,-1.732732,41.778,42.322,42.9285,44.2905,42.365153,42.873691,-0.508539,-0.350364,-0.31635,41.924157,45.400408,40.456592,1.413602,47225024.4
US,INTC,2024-03-26,0.386473,41.766,42.001,42.892,44.1545,42.241283,42.776381,-0.535098,-0.387311,-0.295575,42.907233,45.421432,40.362568,1.356202,48112364.6
US,INTC,2024-03-27,4.234841,42.078,42.055,42.98,44.05,42.407239,42.816649,-0.409409,-0.39173,-0.035358,52.443507,45.439439,40.520561,1.38933,43342931.8
US,INTC,2024-03-28,0.900277,42.424,42.195,43.035,43.992333,42.607664,42.882823,-0.275159,-0.368416,0.186514,54.266434,45.508043,40.561957,1.353664,44022252.2
US,INTC,2024-04-01,0.800732,42.81,42.381,43.0695,43.952833,42.8311,42.970021,-0.138921,-0.322517,0.367192,55.900179,45.579253,40.559747,1.34483,44664159.4
US,INTC,2024-04-02,-1.29369,43.228,42.503,42.987,43.906833,42.93247,43.008538,-0.076069,-0.273227,0.394317,52.604366,45.321439,40.652561,1.320914,41758525.2
US,INTC,2024-04-03,-8.231777,42.898,42.332,42.847,43.800833,42.467474,42.779017,-0.311543,-0.28089,-0.061304,37.607099,45.539479,40.154521,1.490134,50680190.2
US,INTC,2024-04-04,-1.478326,42.098,42.088,42.6105,43.659333,41.983247,42.522793,-0.539546,-0.332622,-0.413849,35.795856,45.64764,39.57336,1.460125,51938071.2
US,INTC,2024-04-05,-2.568667,41.018,41.721,42.2425,43.507667,41.418132,42.210735,-0.792602,-0.424618,-0.735969,32.87675,45.484301,39.000699,1.442259,54549839.4
US,INTC,2024-04-08,-1.879405,39.724,41.267,41.9445,43.3535,40.829189,41.868458,-1.039269,-0.547548,-0.983442,30.939749,45.704992,38.184008,1.406383,59600878.4
US,INTC,2024-04-09,0.904496,38.612,40.92,41.621,43.202167,40.38316,41.57672,-1.19356,-0.67675,-1.03362,32.948744,45.588371,37.653629,1.394499,68807802.6
US,INTC,2024-04-10,-2.926443,37.994,40.446,41.2235,43.040833,39.834981,41.224371,-1.389389,-0.819278,-1.140222,29.891519,45.434758,37.012242,1.387034,62285883.4
US,INTC,2024-04-11,1.140684,37.578,39.838,40.9465,42.8875,39.435754,40.929232,-1.493479,-0.954118,-1.078721,32.445705,45.431686,36.461314,1.329389,59206254.0
US,INTC,2024-04-12,-5.155747,36.98,38.999,40.597,42.718667,38.802561,40.513733,-1.711173,-1.105529,-1.211287,27.511349,45.655455,35.538545,1.378004,61804604.8
US,INTC,2024-04-15,1.755379,36.65,38.187,40.284,42.549,38.362167,40.174938,-1.812772,-1.246978,-1.131588,31.152483,45.670993,34.897007,1.351718,60561359.8
US,INTC,2024-04-16,-0.139121,36.242,37.427,39.965,42.355333,37.981833,39.857536,-1.875702,-1.372723,-1.005959,31.017173,45.593966,34.336034,1.308024,50926264.0
US,INTC,2024-04-17,-1.616049,35.94,36.967,39.6495,42.150833,37.570782,39.520681,-1.949899,-1.488158,-0.923482,29.420793,45.571755,33.727245,1.278165,48939257.0
US,INTC,2024-04-18,-1.784197,35.428,36.503,39.2955,41.924833,37.126046,39.162112,-2.036066,-1.597739,-0.876653,27.750103,45.510014,33.080986,1.251153,49024318.8
US,INTC,2024-04-19,-2.39331,35.134,36.057,38.889,41.681667,36.622039,38.768622,-2.146583,-1.707508,-0.87815,25.681028,45.404259,32.373741,1.228928,44787423.0
US,INTC,2024-04-22,0.590842,34.756,35.703,38.485,41.434167,36.226341,38.419095,-2.192754,-1.804557,-0.776393,27.091697,45.146689,31.823311,1.176148,42619095.8
US,INTC,2024-04-23,-0.352423,34.364,35.303,38.1115,41.281833,35.873058,38.086569,-2.213511,-1.886348,-0.654327,26.763448,44.913724,31.309276,1.122137,45864403.8
US,INTC,2024-04-24,0.618921,34.13,35.035,37.7405,41.129833,35.606433,37.794231,-2.187797,-1.946638,-0.482319,28.398429,44.559284,30.921716,1.104841,48281954.0
US,INTC,2024-04-25,1.78676,34.144,34.786,37.312,41.003167,35.474674,37.568732,-2.094058,-1.976122,-0.235872,33.07239,43.740361,30.883639,1.083067,53124955.6
US,INTC,2024-04-26,-9.208633,33.684,34.409,36.704,40.8205,34.870878,37.1229,-2.252022,-2.031302,-0.44144,24.161946,42.892571,30.515429,1.322134,65259392.4
US,INTC,2024-04-29,-1.616482,33.082,33.919,36.053,40.624667,34.281512,36.672315,-2.390802,-2.103202,-0.575201,23.094027,41.727262,30.378738,1.286981,68984059.8
US,INTC,2024-04-30,-2.835052,32.328,33.346,35.3865,40.426667,33.647434,36.189921,-2.542488,-2.191059,-0.702857,21.341263,40.515248,30.257752,1.261483,74086523.2
US,INTC,2024-05-01,-0.331565,31.512,32.821,34.894,40.224333,33.095521,35.735853,-2.640332,-2.280914,-0.718837,21.144867,40.082038,29.705962,1.24352,75565256.0
US,INTC,2024-05-02,0.465735,30.602,32.373,34.438,40.022667,32.650056,35.32579,-2.675734,-2.359878,-0.631712,22.223986,39.592884,29.283116,1.188983,72435263.8
US,INTC,2024-05-03,1.258278,30.408,32.046,34.0515,39.826667,32.331586,34.97425,-2.642664,-2.416435,-0.452458,25.215501,39.145973,28.957027,1.142627,55845730.6
US,INTC,2024-05-06,0.621321,30.354,31.718,33.7105,39.6385,32.091342,34.662824,-2.571482,-2.447444,-0.248075,26.732932,38.724279,28.696721,1.094582,51376192.2
US,INTC,2024-05-07,-0.909977,30.42,31.374,33.3385,39.432333,31.844982,34.353726,-2.508744,-2.459704,-0.09808,25.898928,38.144531,28.532469,1.076397,45843600.6
US,INTC,2024-05-08,-2.230239,30.37,30.941,32.988,39.202833,31.531908,34.017154,-2.485246,-2.464813,-0.040867,23.945151,37.749557,28.226443,1.067369,46459568.0
US,INTC,2024-05-09,0.301912,30.31,30.456,32.621,38.989333,31.280845,33.712179,-2.431334,-2.458117,0.053565,24.754235,37.140393,28.101607,1.032557,45280360.0
US,INTC,2024-05-10,-0.802676,30.126,30.267,32.338,38.754833,31.031484,33.412018,-2.380534,-2.4426,0.124133,24.020397,36.854763,27.821237,1.003089,46507652.4
US,INTC,2024-05-13,2.225219,30.036,30.195,32.057,38.5335,30.922025,33.182979,-2.260954,-2.406271,0.290633,30.152622,36.335421,27.778579,1.022868,49562366.6
US,INTC,2024-05-14,1.748021,30.108,30.264,31.805,38.33,30.910944,33.010166,-2.099222,-2.344861,0.491279,34.709698,35.729775,27.880225,0.991949,50177657.4
US,INTC,2024-05-15,0.713128,30.36,30.365,31.593,38.1135,30.935414,32.86645,-1.931036,-2.262096,0.662121,36.559952,35.181192,28.004808,0.963238,44829323.4
US,INTC,2024-05-16,2.446089,30.746,30.528,31.4505,37.927,31.073043,32.789676,-1.716633,-2.153004,0.872741,42.610448,34.751897,28.149103,0.96515,45379208.6
US,INTC,2024-05-17,-0.628338,31.14,30.633,31.3395,37.745167,31.158729,32.703774,-1.545046,-2.031412,0.972733,41.489044,34.454762,28.224238,0.933353,45082906.0
US,INTC,2024-05-20,0.85362,31.456,30.746,31.232,37.567667,31.27277,32.644235,-1.371465,-1.899423,1.055915,43.645272,34.104648,28.359352,0.913828,41188877.4
US,INTC,2024-05-21,-1.128527,31.594,30.851,31.1125,37.384167,31.313883,32.56244,-1.248557,-1.76925,1.041384,41.451837,33.712137,28.512863,0.89284,40231979.0
US,INTC,2024-05-22,-1.014585,31.624,30.992,30.9665,37.199667,31.299439,32.463,-1.163561,-1.648112,0.969102,39.549194,33.166957,28.766043,0.898352,40174680.6
US,INTC,2024-05-23,-4.26009,31.236,30.991,30.7235,37.005167,31.082602,32.272407,-1.189805,-1.556451,0.733291,32.808737,32.128709,29.318291,0.954898,43027024.4
US,INTC,2024-05-24,2.141184,31.016,31.078,30.6725,36.803833,30.997587,32.14334,-1.145754,-1.474311,0.657115,38.261548,32.027149,29.317851,0.953834,43223966.6
US,INTC,2024-05-28,1.080904,30.808,31.132,30.6635,36.595333,30.976419,32.048278,-1.071859,-1.393821,0.643924,40.92374,32.010634,29.316366,0.936417,44185996.0
US,INTC,2024-05-29,-2.981205,30.488,31.041,30.6525,36.342,30.81697,31.892109,-1.075139,-1.330084,0.509891,36.232951,32.019349,29.285651,0.936673,42760645.6
US,INTC,2024-05-30,0.200401,30.244,30.934,30.6495,36.130167,30.691283,31.751953,-1.06067,-1.276202,0.431062,36.742203,32.02179,29.27721,0.901196,42095909.8
US,INTC,2024-05-31,2.2,30.398,30.817,30.6725,35.907,30.68647,31.671068,-0.984598,-1.217881,0.466566,42.209472,32.029215,29.315785,0.908968,48852506.2
US,INTC,2024-06-03,-1.826484,30.312,30.664,30.6485,35.6475,30.596244,31.554692,-0.958449,-1.165994,0.415092,39.120002,32.027707,29.269293,0.916899,47474587.8
US,INTC,2024-06-04,-0.863787,30.108,30.458,30.602,35.419,30.479899,31.427678,-0.947779,-1.122351,0.349144,37.738877,32.02374,29.18026,0.909263,50320194.2
US,INTC,2024-06-05,2.513405,30.238,30.363,30.607,35.188833,30.496837,31.365628,-0.868791,-1.071639,0.405697,43.892459,32.027832,29.186168,0.903602,51982803.4
US,INTC,2024-06-06,-1.176855,30.284,30.264,30.628,34.9465,30.455785,31.281507,-0.825722,-1.022456,0.393468,41.758987,32.013057,29.242943,0.883344,52155875.8
US,INTC,2024-06-07,1.058551,30.262,30.33,30.6605,34.742667,30.47028,31.227321,-0.757042,-0.969373,0.424663,44.348432,32.005632,29.315368,0.860963,39813476.0
US,INTC,2024-06-10,0.556465,30.386,30.349,30.7135,34.5495,30.508698,31.189742,-0.681044,-0.911707,0.461327,45.728911,31.977878,29.449122,0.846608,40193658.2
US,INTC,2024-06-11,0.032552,30.564,30.336,30.734,34.358333,30.542745,31.155687,-0.612942,-0.851954,0.478024,45.814059,31.985422,29.482578,0.82185,35053592.4
US,INTC,2024-06-12,-0.520664,30.56,30.399,30.72,34.163333,30.546938,31.112303,-0.565365,-0.794636,0.458543,44.608121,31.972182,29.467818,0.841004,36486048.2
US,INTC,2024-06-13,-0.981354,30.568,30.426,30.68,33.974167,30.504332,31.04991,-0.545578,-0.744825,0.398493,42.356811,31.93601,29.42399,0.825218,36393857.0
US,INTC,2024-06-14,-0.033036,30.51,30.386,30.6015,33.7825,30.466743,30.991398,-0.524656,-0.700791,0.35227,42.280212,31.752018,29.450982,0.791274,35201928.2
US,INTC,2024-06-17,1.71844,30.522,30.454,30.559,33.595833,30.514936,30.975739,-0.460803,-0.652793,0.38398,47.588044,31.613171,29.504829,0.792611,34959829.8
US,INTC,2024-06-18,-1.104613,30.464,30.514,30.486,33.401,30.503407,30.936055,-0.432647,-0.608764,0.352234,44.69402,31.342234,29.629766,0.804568,36553409.6
US,INTC,2024-06-20,-0.032852,30.436,30.498,30.4305,33.218167,30.492114,30.898569,-0.406455,-0.568302,0.323694,44.608094,31.137083,29.723917,0.794242,35053886.8
US,INTC,2024-06-21,1.511666,30.56,30.564,30.414,33.040333,30.553327,30.897934,-0.344607,-0.523563,0.357912,49.424843,31.058776,29.769224,0.789653,46806259.2
US,INTC,2024-06-24,-1.65102,30.584,30.547,30.4385,32.824667,30.526661,30.859569,-0.332907,-0.485432,0.305049,44.77595,31.037375,29.839625,0.796106,49303440.6
US,INTC,2024-06-25,0.559579,30.538,30.53,30.4395,32.605333,30.530252,30.836638,-0.306386,-0.449623,0.286474,46.579691,31.039049,29.839951,0.777813,47956094.2
US,INTC,2024-06-26,-0.654664,30.52,30.492,30.414,32.376833,30.502521,30.800591,-0.29807,-0.419312,0.242485,44.728726,30.982415,29.845585,0.755826,47445741.2
US,INTC,2024-06-27,0.164745,30.514,30.475,30.437,32.158667,30.486748,30.770917,-0.284169,-0.392284,0.21623,45.313791,30.962437,29.911563,0.728267,44717332.4
US,INTC,2024-06-28,1.217105,30.49,30.525,30.4755,32.006333,30.530326,30.770849,-0.240524,-0.361932,0.242816,49.568075,30.979622,29.971378,0.726962,34501062.6
US,INTC,2024-07-01,-0.38999,30.544,30.564,30.475,31.861833,30.548737,30.761898,-0.21316,-0.332177,0.238034,48.256866,30.978408,29.971592,0.704322,32859056.0
US,INTC,2024-07-02,0.717781,30.608,30.573,30.5135,31.737833,30.598162,30.769905,-0.171743,-0.30009,0.256695,50.825128,31.014071,30.012929,0.705442,34159195.4
US,INTC,2024-07-03,0.518303,30.744,30.632,30.573,31.6285,30.664599,30.789171,-0.124573,-0.264987,0.280829,52.665258,31.019143,30.126857,0.685768,32823733.2
US,INTC,2024-07-05,2.545923,31.028,30.771,30.6345,31.526667,30.842353,30.865529,-0.023176,-0.216625,0.386897,60.520638,31.337962,29.931038,0.71607,35848766.8
US,INTC,2024-07-08,6.159648,31.63,31.06,30.812,31.476,31.294298,31.081416,0.212883,-0.130723,0.687212,72.648457,32.333494,29.290506,0.812065,44018419.2
US,INTC,2024-07-09,1.746596,32.374,31.459,31.003,31.428167,31.767483,31.325015,0.442469,-0.016085,0.917107,75.125573,33.167986,28.838014,0.860489,57095835.2
US,INTC,2024-07-10,0.814664,33.13,31.869,31.1995,31.417,32.210947,31.57131,0.639638,0.11506,1.049156,76.225991,33.878459,28.520541,0.859025,60347218.2
US,INTC,2024-07-11,-3.924964,33.582,32.163,31.3275,31.372833,32.376956,31.69862,0.678335,0.227715,0.901241,61.901713,34.14552,28.50948,0.928381,66576817.2
US,INTC,2024-07-12,2.943827,34.072,32.55,31.5125,31.345833,32.668193,31.889093,0.7791,0.337992,0.882217,66.750437,34.581903,28.443097,1.002068,70073457.2
US,INTC,2024-07-15,-0.08754,34.164,32.897,31.711,31.328,32.91001,32.063234,0.846776,0.439749,0.814054,66.471544,34.942519,28.479481,0.996206,61579853.2
US,INTC,2024-07-16,-0.350467,34.114,33.244,31.904,31.318667,33.096162,32.215587,0.880575,0.527914,0.705322,65.29633,35.225641,28.582359,0.969334,47704066.4
US,INTC,2024-07-17,0.3517,34.032,33.581,32.077,31.325167,33.272137,32.365544,0.906593,0.60365,0.605887,65.94474,35.50516,28.64884,1.100096,59713670.2
US,INTC,2024-07-18,1.19743,34.304,33.943,32.2875,31.335167,33.484116,32.534763,0.949353,0.67279,0.553126,68.135379,35.803628,28.771372,1.152232,65508658.2
US,INTC,2024-07-19,-5.425685,34.004,34.038,32.4045,31.315833,33.374252,32.552188,0.822064,0.702645,0.238838,51.709875,35.819891,28.989109,1.213501,66875859.8
US,INTC,2024-07-22,1.190113,33.788,33.976,32.518,31.2995,33.34129,32.597211,0.744079,0.710932,0.066295,54.1777,35.874901,29.161099,1.173251,68607026.2
US,INTC,2024-07-23,-1.266586,33.512,33.813,32.636,31.266,33.248784,32.607788,0.640996,0.696945,-0.111897,51.146324,35.846722,29.425278,1.128019,68818325.0
US,INTC,2024-07-24,-3.787416,32.964,33.498,32.6835,31.265167,32.97974,32.525729,0.454011,0.648358,-0.388694,43.421613,35.79598,29.57102,1.138875,58800822.2
US,INTC,2024-07-25,-1.904762,32.214,33.259,32.711,31.262833,32.65978,32.405305,0.254475,0.569582,-0.630213,40.253601,35.749361,29.672639,1.131098,51917907.0
US,INTC,2024-07-26,0.809061,31.89,32.947,32.7485,31.279333,32.427506,32.312319,0.115187,0.478703,-0.727031,42.147583,35.688774,29.808226,1.088877,45662684.8
US,INTC,2024-07-29,-1.637239,31.386,32.587,32.742,31.289,32.152505,32.188444,-0.035939,0.375774,-0.823426,39.403402,35.70026,29.78374,1.059671,42430375.2
US,INTC,2024-07-30,-2.284595,30.826,32.169,32.7065,31.284667,31.81212,32.021893,-0.209773,0.258665,-0.936875,35.944161,35.779155,29.633845,1.048266,46188420.8
US,INTC,2024-07-31,2.037408,30.636,31.8,32.6905,31.284167,31.617948,31.912863,-0.294916,0.147949,-0.885729,40.819888,35.804298,29.576702,1.026247,44967202.8
US,INTC,2024-08-01,-5.499182,30.23,31.222,32.5825,31.2525,31.195186,31.687466,-0.49228,0.019903,-1.024366,33.301728,36.049036,29.115964,1.084372,56546899.6
US,INTC,2024-08-02,-26.082439,28.268,30.079,32.0585,31.1,29.679004,30.920987,-1.241983,-0.232474,-2.019018,17.629129,38.06525,26.05175,1.619774,109055575.0
US,INTC,2024-08-05,-6.373008,26.136,28.761,31.3685,30.936167,28.186849,30.110544,-1.923694,-0.570718,-2.705952,16.150719,39.290745,23.446255,1.659076,132064274.8
US,INTC,2024-08-06,-1.351351,24.09,27.458,30.6355,30.766333,26.882719,29.340133,-2.457414,-0.948057,-3.018714,15.866242,39.908856,21.362144,1.603428,143747029.2
US,INTC,2024-08-07,-3.652968,21.778,26.207,29.8525,30.5885,25.668454,28.573457,-2.905002,-1.339446,-3.131112,15.102314,40.217975,19.487025,1.581754,152119367.2
US,INTC,2024-08-08,7.898894,20.102,25.166,29.2125,30.424667,24.871769,27.974682,-3.102913,-1.69214,-2.821546,23.379228,40.211258,18.213742,1.590915,149952228.2
US,INTC,2024-08-09,-3.806735,19.776,24.022,28.4845,30.239,24.077651,27.362483,-3.284833,-2.010678,-2.548309,22.168895,39.964769,17.004231,1.547992,105051953.4
US,INTC,2024-08-12,-1.775748,19.652,22.894,27.7405,30.043833,23.351858,26.769707,-3.417848,-2.292112,-2.251472,21.627835,39.556107,15.924893,1.506707,86510333.4
US,INTC,2024-08-13,5.733471,19.804,21.947,27.058,29.8545,22.908496,26.303062,-3.394566,-2.512603,-1.763926,27.658033,38.89767,15.21833,1.479085,80678522.6
US,INTC,2024-08-14,-2.686859,19.99,20.884,26.342,29.659333,22.448727,25.830242,-3.381515,-2.686386,-1.39026,26.567244,38.089389,14.594611,1.424151,72435702.6
US,INTC,2024-08-15,3.865462,20.03,20.066,25.644,29.4725,22.178154,25.449484,-3.27133,-2.803374,-0.935911,30.68857,36.985815,14.302185,1.403854,70031318.4
US,INTC,2024-08-16,0.869986,20.262,20.019,25.049,29.294667,21.976899,25.110263,-3.133364,-2.869372,-0.527982,31.654232,36.077278,14.020722,1.338579,64468949.2
US,INTC,2024-08-19,3.114518,20.694,20.173,24.467,29.133,21.906607,24.844317,-2.93771,-2.88304,-0.109341,35.166942,34.936056,13.997944,1.315823,66724689.8
US,INTC,2024-08-20,-2.462825,20.798,20.301,23.8795,28.984667,21.765591,24.558812,-2.793222,-2.865076,0.143709,33.648348,33.725814,14.033186,1.271836,68054680.6
US,INTC,2024-08-21,2.000953,21.096,20.543,23.375,28.832667,21.710884,24.325567,-2.614683,-2.814998,0.40063,36.006653,32.623627,14.126373,1.213133,68108820.6
US,INTC,2024-08-22,-6.118636,20.978,20.504,22.835,28.653333,21.463056,24.012562,-2.549506,-2.761899,0.424786,32.166419,31.506257,14.163743,1.224338,67434780.6
US,INTC,2024-08-23,2.189055,20.912,20.587,22.3045,28.496667,21.321047,23.755335,-2.434288,-2.696377,0.524178,34.686106,30.133327,14.475673,1.196171,72397926.6
US,INTC,2024-08-26,-1.996105,20.634,20.664,21.779,28.332167,21.137809,23.486792,-2.348983,-2.626898,0.555831,33.439643,28.65181,14.90619,1.154302,70913626.0
US,INTC,2024-08-27,-0.298063,20.45,20.624,21.2855,28.155667,20.973531,23.233696,-2.260165,-2.553552,0.586773,33.251328,27.075586,15.495414,1.101852,62853769.4
US,INTC,2024-08-28,-2.291978,20.09,20.593,20.7385,27.980833,20.763757,22.965274,-2.201517,-2.483145,0.563255,31.77397,24.703791,16.773209,1.066005,61476969.4
US,INTC,2024-08-29,2.651708,20.096,20.537,20.3015,27.819,20.666256,22.755254,-2.088998,-2.404315,0.630635,35.274872,21.646658,18.956342,1.060576,58093969.4
US,INTC,2024-08-30,9.488326,20.396,20.654,20.3365,27.6765,20.877601,22.702272,-1.824671,-2.288386,0.927431,46.195827,21.81749,18.85551,1.126963,78971363.4
US,INTC,2024-09-03,-8.802178,20.39,20.512,20.3425,27.507667,20.75797,22.509511,-1.751541,-2.181017,0.858953,38.998257,21.818628,18.866372,1.192895,90325510.0
US,INTC,2024-09-04,-3.333333,20.262,20.356,20.3285,27.322333,20.553667,22.281399,-1.727732,-2.09036,0.725256,36.862156,21.833389,18.823611,1.166259,98727486.6
US,INTC,2024-09-05,-0.1544,20.22,20.155,20.349,27.133667,20.37618,22.067962,-1.691782,-2.010645,0.637725,36.765051,21.79022,18.90778,1.130098,101776266.6
US,INTC,2024-09-06,-2.628866,19.972,20.034,20.269,26.936333,20.147537,21.832558,-1.685021,-1.94552,0.520998,35.073538,21.841665,18.696335,1.110091,107407626.6
US,INTC,2024-09-09,0.952885,19.378,19.887,20.237,26.744667,19.981762,21.627924,-1.646162,-1.885648,0.478973,36.189424,21.878403,18.595597,1.077227,84699371.8
US,INTC,2024-09-10,-0.471945,19.154,19.772,20.218,26.5565,19.827645,21.431781,-1.604137,-1.829346,0.450419,35.85758,21.907658,18.528342,1.04314,72762525.2
US,INTC,2024-09-11,3.477345,19.196,19.729,20.1765,26.3795,19.798776,21.299057,-1.50028,-1.763533,0.526505,40.188897,21.880076,18.472924,1.052201,69868773.4
US,INTC,2024-09-12,-1.425662,19.188,19.704,20.1485,26.189167,19.731272,21.155423,-1.424151,-1.695656,0.543012,38.986125,21.886088,18.410912,1.019901,67111597.0
US,INTC,2024-09-13,1.549587,19.342,19.657,20.097,26.0095,19.720307,21.044651,-1.324344,-1.621394,0.594101,41.022744,21.828382,18.365618,0.97848,57421557.0
US,INTC,2024-09-16,6.358087,19.71,19.544,20.099,25.850833,19.903337,21.034677,-1.13134,-1.523383,0.784087,48.705629,21.834038,18.363962,1.009302,74440137.4
US,INTC,2024-09-17,2.678144,20.208,19.681,20.0965,25.693833,20.144362,21.066923,-0.922561,-1.403219,0.961316,51.738824,21.823466,18.369534,1.056495,102565837.4
US,INTC,2024-09-18,-3.260363,20.434,19.815,20.0855,25.533667,20.240614,21.044929,-0.804315,-1.283438,0.958246,47.923968,21.792245,18.378755,1.053888,112030797.2
US,INTC,2024-09-19,1.781416,20.79,19.989,20.072,25.376833,20.378981,21.051971,-0.67299,-1.161348,0.976717,50.021614,21.740468,18.403532,1.044325,121676053.6
US,INTC,2024-09-20,3.311258,21.226,20.284,20.159,25.235,20.603753,21.110343,-0.50659,-1.030397,1.047613,53.81217,21.997074,18.320926,1.169016,164904376.0
US,INTC,2024-09-23,3.296703,21.556,20.633,20.26,25.104333,20.904714,21.217725,-0.313011,-0.88692,1.147817,57.391761,22.372259,18.147741,1.155515,171924797.2
US,INTC,2024-09-24,1.108156,21.824,21.016,20.394,24.971667,21.197835,21.335672,-0.137837,-0.737103,1.198533,58.59177,22.77873,18.00927,1.131549,155291344.0
US,INTC,2024-09-25,3.200351,22.378,21.406,20.5675,24.853167,21.558168,21.498955,0.059213,-0.57784,1.274105,61.960694,23.310672,17.824328,1.145724,154948436.0
US,INTC,2024-09-26,1.614274,22.934,21.862,20.783,24.737333,21.921527,21.678292,0.243235,-0.413625,1.31372,63.619949,23.849549,17.716451,1.147458,154065983.8
US,INTC,2024-09-27,-0.041806,23.348,22.287,20.972,24.618667,22.227446,21.843604,0.383842,-0.254131,1.275947,63.541401,24.308343,17.635657,1.134069,119167061.4
US,INTC,2024-09-30,-1.882058,23.528,22.542,21.043,24.479333,22.41707,21.963337,0.453733,-0.112559,1.132583,59.954151,24.524512,17.561488,1.114492,95571279.6
US,INTC,2024-10-01,-3.282182,23.504,22.664,21.1725,24.2945,22.459059,22.017164,0.441895,-0.001668,0.887126,54.304712,24.696491,17.648509,1.139171,90223652.8
US,INTC,2024-10-02,-1.322168,23.274,22.826,21.3205,24.094833,22.448434,22.044781,0.403653,0.079396,0.648514,52.239337,24.787501,17.853499,1.109231,78627752.8
US,INTC,2024-10-03,-0.580616,22.942,22.938,21.4635,23.888333,22.419445,22.060723,0.358721,0.135261,0.44692,51.328323,24.836506,18.090494,1.107143,69457551.2
US,INTC,2024-10-04,1.48248,22.678,23.013,21.6485,23.71,22.445684,22.099929,0.345755,0.17736,0.33679,53.543115,24.837464,18.459536,1.07449,62274277.2
US,INTC,2024-10-07,-0.929615,22.462,22.995,21.814,23.511833,22.435579,22.120675,0.314904,0.204869,0.22007,51.923865,24.786746,18.841254,1.04274,59967972.2
US,INTC,2024-10-08,4.200179,22.588,23.046,22.031,23.329833,22.571643,22.209514,0.36213,0.236321,0.251617,58.040759,24.768911,19.293089,1.066116,54429192.2
US,INTC,2024-10-09,0.600343,22.802,23.038,22.222,23.152167,22.708314,22.302142,0.406171,0.270291,0.27176,58.87991,24.794016,19.649984,1.019965,51574215.8
US,INTC,2024-10-10,-1.023018,22.994,22.968,22.415,22.9685,22.787035,22.370132,0.416903,0.299613,0.234579,56.783377,24.657155,20.172845,0.987825,50635949.6
US,INTC,2024-10-11,1.464255,23.188,22.933,22.61,22.783667,22.905952,22.45827,0.447682,0.329227,0.23691,59.010089,24.512462,20.707538,0.977266,49359623.6
US,INTC,2024-10-14,-0.509338,23.4,22.931,22.7365,22.628167,22.988114,22.530991,0.457123,0.354806,0.204633,57.876636,24.501473,20.971527,0.943175,45454612.8
US,INTC,2024-10-15,-3.327645,23.268,22.928,22.796,22.453167,22.937635,22.540547,0.397087,0.363262,0.06765,51.017152,24.463734,21.128266,0.965091,47504632.8
US,INTC,2024-10-16,-1.544572,23.038,22.92,22.873,22.279333,22.841075,22.52347,0.317606,0.354131,-0.073051,48.25355,24.281518,21.464482,0.96187,50983189.2
US,INTC,2024-10-17,0.582698,22.882,22.938,22.938,22.128333,22.779371,22.517287,0.262085,0.335722,-0.147274,49.351013,24.122848,21.753152,0.929594,50769789.2
US,INTC,2024-10-18,1.470588,22.724,22.956,22.9845,21.992833,22.77793,22.536006,0.241924,0.316962,-0.150077,52.126626,24.061412,21.907588,0.890337,50047069.2
US,INTC,2024-10-21,0.307422,22.604,23.002,22.9985,21.854333,22.787479,22.558524,0.228955,0.299361,-0.140812,52.718525,24.060145,21.936855,0.871742,50911740.0
US,INTC,2024-10-22,-1.926445,22.552,22.91,22.978,21.717,22.727867,22.546782,0.181085,0.275706,-0.189241,48.647068,24.068846,21.887154,0.857332,47163700.0
US,INTC,2024-10-23,-1.875,22.486,22.762,22.9,21.584333,22.61281,22.504798,0.108013,0.242167,-0.268309,45.069022,24.040894,21.759106,0.856808,43893160.0
US,INTC,2024-10-24,1.637853,22.466,22.674,22.821,21.4475,22.57084,22.492591,0.078249,0.209383,-0.262269,48.561363,23.884633,21.757367,0.824179,43242523.4
US,INTC,2024-10-25,1.521934,22.448,22.586,22.7595,21.344333,22.587633,22.506473,0.081161,0.183739,-0.205156,51.685553,23.69917,21.81983,0.836737,48748783.4
US,INTC,2024-10-28,1.058201,22.464,22.534,22.7325,21.370667,22.638767,22.537104,0.101662,0.167324,-0.131322,53.81781,23.619672,21.845328,0.827685,49186383.4
US,INTC,2024-10-29,-0.08726,22.564,22.558,22.743,21.419333,22.678957,22.563986,0.114971,0.156853,-0.083764,53.605498,23.632879,21.853121,0.820707,55838751.8
US,INTC,2024-10-30,-2.620087,22.628,22.557,22.7385,21.4625,22.620656,22.544431,0.076224,0.140727,-0.129006,47.545597,23.636348,21.840652,0.809943,56867178.0
US,INTC,2024-10-31,-3.497758,22.464,22.465,22.7015,21.504667,22.451324,22.468547,-0.017223,0.109137,-0.252721,41.048989,23.727078,21.675922,0.811375,71253404.0
US,INTC,2024-11-01,7.806691,22.568,22.508,22.732,21.549833,22.566505,22.522729,0.043776,0.096065,-0.104578,55.23634,23.778568,21.685432,0.900563,92447027.0
US,INTC,2024-11-04,-2.931034,22.488,22.476,22.739,21.596667,22.55935,22.522527,0.036823,0.084217,-0.094786,49.991956,23.777901,21.700099,0.921951,100987287.0
US,INTC,2024-11-05,3.552398,22.572,22.568,22.739,21.662667,22.676373,22.581599,0.094774,0.086328,0.016892,55.361583,23.777901,21.700099,0.940383,96133503.8
US,INTC,2024-11-06,7.418525,23.122,22.875,22.8185,21.739,23.041547,22.764443,0.277103,0.124483,0.30524,64.290995,24.239138,21.397862,1.001784,109297365.0
US,INTC,2024-11-07,4.710579,24.064,23.264,22.969,21.844167,23.532078,23.021151,0.510927,0.201772,0.618309,68.865797,25.024003,20.913997,1.025228,107098116.0
US,INTC,2024-11-08,-0.114373,24.664,23.616,23.101,21.936,23.942527,23.256622,0.685906,0.298599,0.774614,68.625083,25.585221,20.616779,0.994855,87689493.0
US,INTC,2024-11-11,-4.389313,25.17,23.829,23.1815,22.005667,24.112908,23.389464,0.723443,0.383568,0.679752,59.97136,25.804889,20.558111,1.02808,86803297.2
US,INTC,2024-11-12,-3.552894,25.338,23.955,23.2565,22.049667,24.120153,23.446541,0.673612,0.441576,0.46407,54.267881,25.901641,20.611359,1.037502,87480578.6
US,INTC,2024-11-13,3.145695,25.312,24.217,23.387,22.115167,24.243206,23.555686,0.68752,0.490765,0.39351,57.945889,26.089392,20.684608,1.043395,75768871.2
US,INTC,2024-11-14,0.441413,25.072,24.568,23.5165,22.1755,24.364251,23.664895,0.699357,0.532483,0.333747,58.466547,26.272651,20.760349,1.018153,65321435.0
US,INTC,2024-11-15,-2.71674,24.702,24.683,23.5955,22.246333,24.362059,23.715643,0.646416,0.55527,0.182292,54.014536,26.35211,20.83889,1.00257,61056815.0
US,INTC,2024-11-18,2.01232,24.66,24.915,23.6955,22.318,24.435588,23.798929,0.636659,0.571548,0.130223,56.580249,26.48019,20.91081,0.992387,56953217.4
US,INTC,2024-11-19,-2.57649,24.668,25.003,23.7855,22.385833,24.399344,23.828638,0.570706,0.571379,-0.001347,52.462982,26.512649,21.058351,0.974359,56683450.8
US,INTC,2024-11-20,-0.785124,24.486,24.899,23.887,22.4515,24.339445,23.842072,0.497373,0.556578,-0.118411,51.270183,26.485893,21.288107,0.951905,55081352.8
US,INTC,2024-11-21,1.79092,24.368,24.72,23.992,22.532,24.354915,23.886363,0.468552,0.538973,-0.140842,53.828687,26.500518,21.483482,0.951054,57016610.6
US,INTC,2024-11-22,0.245499,24.398,24.55,24.083,22.604833,24.377236,23.931818,0.445418,0.520262,-0.149688,54.190112,26.525721,21.640279,0.921693,53352573.6
US,INTC,2024-11-25,1.510204,24.404,24.532,24.1805,22.652,24.453046,24.001313,0.451733,0.506556,-0.109646,56.453872,26.585125,21.775875,0.932287,59644787.0
US,INTC,2024-11-26,-3.297145,24.374,24.521,24.238,22.717833,24.391039,24.004919,0.386119,0.482469,-0.192699,50.498038,26.571338,21.904662,0.949981,61329327.0
US,INTC,2024-11-27,-1.663202,24.302,24.394,24.3055,22.788167,24.277033,23.978629,0.298404,0.445656,-0.294504,47.846315,26.483623,22.127377,0.952839,62089488.8
US,INTC,2024-11-29,1.691332,24.224,24.296,24.432,22.865667,24.242105,23.983916,0.258189,0.408162,-0.299947,50.637785,26.204418,22.659582,0.933351,57627166.8
US,INTC,2024-12-02,-0.49896,24.11,24.254,24.4685,22.949667,24.194088,23.979922,0.214167,0.369363,-0.310393,49.777024,26.166431,22.770569,1.012397,80369803.8
US,INTC,2024-12-03,-6.101128,23.63,24.017,24.466,23.006333,23.928844,23.868076,0.060768,0.307644,-0.493752,40.709987,26.175508,22.756492,1.046511,89776223.8
US,INTC,2024-12-04,-2.269693,23.212,23.793,24.398,23.056,23.625945,23.726737,-0.100792,0.225957,-0.653498,38.099296,26.372149,22.423851,1.023904,96783303.8
US,INTC,2024-12-05,-5.282332,22.642,23.472,24.1855,23.075333,23.191184,23.509941,-0.318757,0.117014,-0.871543,32.927044,26.679641,21.691359,1.060053,119583540.0
US,INTC,2024-12-06,0.576923,22.016,23.12,23.92,23.101333,22.841771,23.318094,-0.476323,-0.001653,-0.949339,33.926351,26.609885,21.230115,1.012192,127968006.4
US,INTC,2024-12-09,-0.525813,21.392,22.751,23.6505,23.1205,22.529191,23.132309,-0.603118,-0.121946,-0.962344,33.434601,26.450446,20.850554,0.963464,111632069.8
US,INTC,2024-12-10,-3.123498,20.93,22.28,23.406,23.108,22.1647,22.912138,-0.747438,-0.247045,-1.000787,30.611082,26.511733,20.300267,0.958931,102000936.4
US,INTC,2024-12-11,-0.198413,20.562,21.887,23.204,23.0855,21.850131,22.705313,-0.855182,-0.368672,-0.97302,30.440717,26.599323,19.808677,0.917579,96113004.8
US,INTC,2024-12-12,3.280318,20.558,21.6,22.997,23.085667,21.685495,22.562697,-0.877202,-0.470378,-0.813648,36.700654,26.452871,19.541129,0.922038,78053306.8
US,INTC,2024-12-13,-2.117421,20.442,21.229,22.7625,23.072333,21.478496,22.398053,-0.919557,-0.560214,-0.718686,34.473291,26.270832,19.254168,0.895463,73366300.4
US,INTC,2024-12-16,2.409046,20.446,20.919,22.5865,23.0555,21.378727,22.281901,-0.903174,-0.628806,-0.548736,38.919099,26.111748,19.061252,0.910073,74369237.0
US,INTC,2024-12-17,-1.8723,20.502,20.716,22.3665,23.020167,21.234308,22.145464,-0.911156,-0.685276,-0.45176,36.780156,25.850694,18.882306,0.883639,66721710.4
US,INTC,2024-12-18,-5.577299,20.338,20.45,22.1215,22.961667,20.936722,21.934689,-0.997967,-0.747814,-0.500305,31.35547,25.741977,18.501023,0.918379,68888090.6
US,INTC,2024-12-19,-1.243523,19.994,20.276,21.874,22.887,20.647996,21.721749,-1.073753,-0.813002,-0.521503,30.340903,25.618876,18.129124,0.899924,67172649.6
US,INTC,2024-12-20,2.413431,19.83,20.136,21.628,22.813667,20.474458,21.558656,-1.084199,-0.867241,-0.433915,34.702026,25.312213,17.943787,0.897072,77842569.6
US,INTC,2024-12-23,3.483607,19.704,20.075,21.413,22.751833,20.432234,21.458015,-1.025782,-0.898949,-0.253665,40.620289,24.898209,17.927791,0.88371,74673669.6
US,INTC,2024-12-24,0.990099,19.696,20.099,21.1895,22.700833,20.427275,21.379644,-0.952369,-0.909633,-0.085472,42.27738,24.31391,18.06509,0.852016,70297034.8
US,INTC,2024-12-26,0.196078,19.924,20.131,21.009,22.663333,20.429232,21.31004,-0.880808,-0.903868,0.04612,42.622259,23.856363,18.161637,0.833301,61078866.2
US,INTC,2024-12-27,-0.684932,20.172,20.083,20.8415,22.6285,20.40935,21.235223,-0.825872,-0.888269,0.124794,41.683536,23.430092,18.252908,0.810922,56907471.2
US,INTC,2024-12-30,-2.364532,20.232,20.031,20.63,22.587833,20.318681,21.130391,-0.81171,-0.872957,0.122494,38.54874,22.791407,18.468593,0.793713,47138356.4
US,INTC,2024-12-31,1.160444,20.202,19.953,20.436,22.5455,20.277346,21.050362,-0.773017,-0.852969,0.159905,40.844422,21.988551,18.883449,0.778448,45510016.4
US,INTC,2025-01-02,0.84788,20.166,19.931,20.3235,22.5095,20.268523,20.988854,-0.720331,-0.826442,0.212221,42.552691,21.565149,19.081851,0.753559,48820917.0
US,INTC,2025-01-03,1.681503,20.19,20.057,20.2535,22.4635,20.313366,20.957087,-0.643721,-0.789897,0.292352,45.916564,21.252325,19.254675,0.743305,50627625.4
US,INTC,2025-01-06,-3.356031,20.104,20.138,20.207,22.403667,20.245156,20.876562,-0.631406,-0.758199,0.253586,40.70708,21.186124,19.227876,0.775926,57629659.4
US,INTC,2025-01-07,0.70458,20.142,20.187,20.1615,22.350167,20.208978,20.812372,-0.603394,-0.727238,0.247688,42.141435,21.086968,19.236032,0.754074,58053254.2
US,INTC,2025-01-08,-0.649675,20.108,20.155,20.115,22.288833,20.158366,20.743308,-0.584942,-0.698779,0.227674,41.14607,20.997938,19.232062,0.729497,57663334.2
US,INTC,2025-01-10,-3.672032,19.894,20.03,20.0645,22.217333,20.003233,20.625285,-0.622052,-0.683434,0.122763,36.003484,21.041853,19.087147,0.746676,62624548.4
US,INTC,2025-01-13,0.261097,19.622,19.906,20.0185,22.159667,19.879658,20.519708,-0.64005,-0.674757,0.069414,36.58808,21.065214,18.971786,0.730485,62961560.0
US,INTC,2025-01-14,0.0,19.488,19.796,19.9395,22.107833,19.775096,20.421952,-0.646856,-0.669177,0.044641,36.58808,20.982888,18.896112,0.728307,55736865.2
US,INTC,2025-01-15,2.708333,19.43,19.786,19.9085,22.0625,19.766619,20.369956,-0.603336,-0.656009,0.105345,42.881401,20.939214,18.877786,0.719143,54652845.2
US,INTC,2025-01-16,-0.25355,19.388,19.748,19.8505,22.010833,19.751755,20.318107,-0.566352,-0.638077,0.14345,42.445198,20.794141,18.906859,0.707061,54053045.2
US,INTC,2025-01-17,9.252669,19.856,19.875,19.903,21.988333,20.019177,20.404914,-0.385737,-0.587609,0.403745,58.852831,21.063829,18.742171,0.795842,73100908.0
US,INTC,2025-01-21,1.302932,20.37,19.996,20.0265,21.977833,20.288535,20.506031,-0.217497,-0.513587,0.59218,60.708637,21.408864,18.644136,0.804711,82219548.0
US,INTC,2025-01-22,0.413413,20.902,20.195,20.1665,21.975833,20.530298,20.606325,-0.076027,-0.426075,0.700096,61.312629,21.689015,18.643985,0.79866,84984562.8
US,INTC,2025-01-23,-1.326624,21.272,20.351,20.269,21.963,20.690253,20.677709,0.012544,-0.338351,0.70179,58.20768,21.877228,18.660772,0.778041,84879002.8
US,INTC,2025-01-24,-3.430691,21.504,20.446,20.3005,21.932167,20.711752,20.68899,0.022763,-0.266128,0.577782,51.096895,21.926667,18.674333,0.781038,89159505.6
US,INTC,2025-01-27,-2.592415,21.264,20.56,20.295,21.888333,20.646867,20.659435,-0.012568,-0.215416,0.405697,46.621135,21.920528,18.669472,0.790964,72579142.8
US,INTC,2025-01-28,-2.414983,20.87,20.62,20.263,21.836667,20.51658,20.595773,-0.079193,-0.188172,0.217957,42.945152,21.901,18.625,0.777324,68008982.8
US,INTC,2025-01-29,-0.252525,20.448,20.675,20.2355,21.794167,20.398645,20.533123,-0.134479,-0.177433,0.085909,42.576246,21.888491,18.582509,0.751801,73115827.0
US,INTC,2025-01-30,1.316456,20.136,20.704,20.245,21.769,20.338853,20.494373,-0.15552,-0.17305,0.035061,45.211832,21.890497,18.599503,0.745958,83593587.0
US,INTC,2025-01-31,-2.898551,19.856,20.68,20.214,21.706167,20.19903,20.415531,-0.216501,-0.181741,-0.069521,40.721776,21.89598,18.53202,0.760532,93828444.2
US,INTC,2025-02-03,-0.257334,19.674,20.469,20.172,21.653833,20.073025,20.338825,-0.2658,-0.198552,-0.134495,40.349756,21.892786,18.451214,0.775494,92616652.6
US,INTC,2025-02-04,-0.464396,19.572,20.221,20.1085,21.586667,19.95256,20.261134,-0.308574,-0.220557,-0.176035,39.64763,21.86077,18.35623,0.75653,88754012.6
US,INTC,2025-02-05,1.866252,19.552,20.0,20.0975,21.496667,19.906012,20.215865,-0.309853,-0.238416,-0.142874,43.856073,21.858362,18.336638,0.763921,84702699.2
US,INTC,2025-02-06,-1.374046,19.426,19.781,20.066,21.3825,19.825087,20.153949,-0.328862,-0.256505,-0.144713,41.517738,21.854322,18.277678,0.743641,72180059.2
US,INTC,2025-02-07,-1.444788,19.36,19.608,20.027,21.264167,19.713535,20.075879,-0.362343,-0.277673,-0.169341,39.184443,21.863225,18.190775,0.715524,60340662.6
US,INTC,2025-02-10,3.507853,19.438,19.556,20.058,21.176167,19.722222,20.053221,-0.330999,-0.288338,-0.085322,46.877762,21.854459,18.261541,0.734415,59437494.2
US,INTC,2025-02-11,6.069803,19.774,19.673,20.1465,21.123,19.914188,20.121131,-0.206943,-0.272059,0.130233,57.297244,21.939556,18.353444,0.832671,78809995.0
US,INTC,2025-02-12,7.200763,20.34,19.946,20.3105,21.082333,20.308928,20.295862,0.013067,-0.215034,0.456201,66.264137,22.31483,18.30617,0.889623,98086184.2
US,INTC,2025-02-13,7.339858,21.29,20.358,20.531,21.067333,20.896785,20.579872,0.316914,-0.108644,0.851116,72.948612,23.113796,17.948204,0.993936,138707690.8
US,INTC,2025-02-14,-2.196436,22.19,20.775,20.7275,21.054833,21.312665,20.803585,0.50908,0.0149,0.988358,68.269345,23.600108,17.854892,1.089369,173102927.4
US,INTC,2025-02-18,16.059322,23.714,21.576,21.0225,21.097333,22.247639,21.291468,0.956172,0.203155,1.506034,78.760982,25.104812,16.940188,1.2937,215359909.4
US,INTC,2025-02-19,-6.097116,24.664,22.219,21.22,21.122667,22.781849,21.619507,1.162342,0.394992,1.534699,68.079266,25.781886,16.658114,1.33915,215544114.0
US,INTC,2025-02-20,1.438569,25.386,22.863,21.4315,21.157333,23.290795,21.950655,1.34014,0.584022,1.512237,69.079823,26.460748,16.402252,1.360639,212005794.0
US,INTC,2025-02-21,-4.676121,25.534,23.412,21.5965,21.1645,23.53375,22.166902,1.366847,0.740587,1.252521,62.161036,26.844857,16.348143,1.367022,184599707.4
US,INTC,2025-02-24,-2.412545,25.668,23.929,21.7685,21.160667,23.647019,22.322687,1.324331,0.857336,0.933991,59.029729,27.12937,16.40763,1.358663,156820507.4
US,INTC,2025-02-25,-5.274001,24.788,24.251,21.9035,21.129333,23.545939,22.372118,1.173821,0.920633,0.506377,52.906761,27.244591,16.562409,1.369473,117739365.4
US,INTC,2025-02-26,2.30535,24.348,24.506,22.0895,21.1205,23.541948,22.457146,1.084802,0.953467,0.262671,54.988678,27.38351,16.79549,1.330939,100852880.8
US,INTC,2025-02-27,-1.828231,23.748,24.567,22.2565,21.111167,23.472418,22.504024,0.968394,0.956452,0.023883,52.943665,27.454628,17.058372,1.330872,91439349.8
US,INTC,2025-02-28,2.771763,23.52,24.527,22.4425,21.105833,23.512046,22.594837,0.917209,0.948603,-0.06279,55.590892,27.571538,17.313462,1.364381,89939929.8
US,INTC,2025-03-03,-4.171934,23.214,24.441,22.608,21.086,23.39327,22.60559,0.787679,0.916419,-0.257478,50.827546,27.54765,17.66835,1.446925,99938049.8
US,INTC,2025-03-04,-6.200528,22.882,23.835,22.7055,21.067,23.075844,22.511102,0.564742,0.846083,-0.562683,44.923488,27.459948,17.951052,1.485002,112597189.8
US,INTC,2025-03-05,-2.437881,22.34,23.344,22.7815,21.047833,22.727252,22.385094,0.342158,0.745298,-0.806281,42.942387,27.360488,18.202512,1.463216,124551189.0
US,INTC,2025-03-06,-0.288323,21.872,22.81,22.8365,21.047,22.42306,22.263976,0.159083,0.628055,-0.937944,42.708354,27.288373,18.384627,1.439415,124270080.0
US,INTC,2025-03-07,-0.53012,21.254,22.387,22.8995,21.042333,22.148743,22.143682,0.005061,0.503456,-0.996791,42.253697,27.186543,18.612457,1.414457,119663249.2
US,INTC,2025-03-10,-3.439922,20.692,21.953,22.941,21.027667,21.807398,21.979705,-0.172308,0.368303,-1.081222,39.342432,27.094095,18.787905,1.384139,107945629.2
US,INTC,2025-03-11,-0.752634,20.382,21.632,22.9415,21.021333,21.49549,21.816764,-0.321274,0.230388,-1.103324,38.735219,27.09307,18.78993,1.340272,93666989.2
US,INTC,2025-03-12,4.550051,20.356,21.348,22.927,21.030667,21.37003,21.732559,-0.362529,0.111805,-0.948667,44.29095,27.107933,18.746067,1.343824,93957349.2
US,INTC,2025-03-13,14.603482,20.946,21.409,22.988,21.079333,21.728487,21.878296,-0.149809,0.059482,-0.418581,58.041008,27.176659,18.799341,1.522836,123316269.2
US,INTC,2025-03-14,1.476793,21.628,21.441,22.984,21.141167,22.085643,22.039163,0.04648,0.056882,-0.020803,59.294937,27.16844,18.79956,1.474776,130476668.6
US,INTC,2025-03-17,6.819127,22.78,21.736,23.0885,21.222167,22.640159,22.309595,0.330564,0.111618,0.437892,64.628975,27.430671,18.746329,1.519435,146069275.2
US,INTC,2025-03-18,0.89529,24.008,22.195,23.015,21.3135,23.14475,22.577033,0.567718,0.202838,0.729759,65.31543,27.105934,18.924066,1.483761,156409239.6
US,INTC,2025-03-19,-6.944444,24.696,22.526,22.935,21.393833,23.294789,22.691326,0.603462,0.282963,0.640999,56.133819,26.870853,18.999147,1.512778,157773305.0
US,INTC,2025-03-20,-0.66335,24.748,22.847,22.8285,21.4755,23.397129,22.785302,0.611827,0.348736,0.526182,55.388478,26.525105,19.131895,1.446151,122908625.0
US,INTC,2025-03-21,1.252087,24.79,23.209,22.798,21.5545,23.529878,22.894539,0.635339,0.406056,0.458566,56.553335,26.436333,19.159667,1.429283,118350438.4
US,INTC,2025-03-24,-0.16488,24.496,23.638,22.7955,21.6215,23.636051,22.992721,0.643329,0.453511,0.379637,56.342092,26.42985,19.16115,1.38862,100039517.4
US,INTC,2025-03-25,-0.082576,24.152,24.08,22.856,21.684833,23.722812,23.082149,0.640663,0.490941,0.299443,56.228999,26.541216,19.170784,1.335147,83890413.0
US,INTC,2025-03-26,-3.22314,24.012,24.354,22.851,21.7345,23.676226,23.107175,0.56905,0.506563,0.124974,51.857164,26.532869,19.169131,1.323351,68727729.2
US,INTC,2025-03-27,0.853971,23.944,24.346,22.8775,21.789833,23.667576,23.145162,0.522413,0.509733,0.02536,52.869045,26.57347,19.18153,1.293112,66484329.2
US,INTC,2025-03-28,-3.852667,23.634,24.212,22.8265,21.838,23.520256,23.112928,0.407328,0.489252,-0.163848,47.932489,26.502102,19.150898,1.276461,59335247.2
US,INTC,2025-03-31,0.0,23.332,23.914,22.825,21.882333,23.395602,23.083082,0.31252,0.453906,-0.282772,47.932489,26.500767,19.149233,1.256714,58667845.4
US,INTC,2025-04-01,-2.906209,22.902,23.527,22.861,21.912833,23.188586,23.006557,0.182029,0.39953,-0.435003,44.441986,26.491316,19.230684,1.241948,61131265.4
US,INTC,2025-04-02,-0.31746,22.614,23.313,22.9195,21.9365,23.00265,22.930516,0.072134,0.334051,-0.523834,44.075385,26.452122,19.386878,1.201809,60971433.4
US,INTC,2025-04-03,2.047316,22.376,23.16,23.0035,21.979167,22.91455,22.893441,0.021109,0.271463,-0.500707,47.096604,26.403172,19.603828,1.333109,98021739.2
US,INTC,2025-04-04,-11.502452,21.804,22.719,22.964,21.9765,22.44308,22.668001,-0.22492,0.172186,-0.794212,35.316508,26.488658,19.439342,1.432887,121351627.0
US,INTC,2025-04-07,-1.410579,21.176,22.254,22.946,21.971333,22.001068,22.438519,-0.437451,0.050259,-0.975419,34.313404,26.535531,19.356469,1.481252,136683463.2
US,INTC,2025-04-08,-7.358201,20.392,21.647,22.8635,21.954333,21.405519,22.119369,-0.71385,-0.102563,-1.222574,29.649266,26.799433,18.927567,1.569734,156667923.2
US,INTC,2025-04-09,18.753447,20.302,21.458,22.906,21.993167,21.42467,22.075712,-0.651042,-0.212259,-0.877567,47.719025,26.764297,19.047703,1.725467,189728853.6
US,INTC,2025-04-10,-7.663725,19.792,21.084,22.715,22.0045,21.187029,21.913067,-0.726039,-0.315015,-0.822047,42.071463,26.77034,18.65966,1.771505,166947407.8
US,INTC,2025-04-11,-0.704225,19.77,20.787,22.4995,22.004833,20.964409,21.752099,-0.78769,-0.40955,-0.756281,41.621357,26.70351,18.29549,1.766398,157629622.0
US,INTC,2025-04-14,2.887538,19.918,20.547,22.2305,22.0155,20.86373,21.645277,-0.781547,-0.483949,-0.595194,44.23715,26.268715,18.192285,1.733798,149524262.0
US,INTC,2025-04-15,-2.264894,20.262,20.327,21.927,21.988167,20.707772,21.512294,-0.804522,-0.548064,-0.512916,42.579042,25.715087,18.138913,1.657098,129539102.0
US,INTC,2025-04-16,-3.123426,19.802,20.052,21.6825,21.945833,20.480422,21.343235,-0.862812,-0.611013,-0.503598,40.382029,25.503939,17.861061,1.619448,102596342.6
US,INTC,2025-04-17,-1.560062,19.612,19.702,21.431,21.897,20.241896,21.164477,-0.922581,-0.673327,-0.498508,39.324686,25.281745,17.580255,1.55163,93912696.0
US,INTC,2025-04-21,-0.475436,19.432,19.601,21.16,21.8515,20.02622,20.992293,-0.966074,-0.731876,-0.468395,38.994818,24.938423,17.381577,1.493657,82709523.2
US,INTC,2025-04-22,3.556263,19.272,19.595,20.9245,21.8295,19.946801,20.882494,-0.935692,-0.772639,-0.326106,42.838903,24.491911,17.357089,1.451253,78989770.0
US,INTC,2025-04-23,5.535623,19.42,19.841,20.744,21.8345,20.045755,20.860827,-0.815073,-0.781126,-0.067893,48.474994,23.980155,17.507845,1.456163,85616010.2
US,INTC,2025-04-24,4.371054,19.872,19.837,20.6475,21.862667,20.267946,20.907433,-0.639486,-0.752798,0.226624,52.663658,23.666532,17.628468,1.420723,91139313.6
US,INTC,2025-04-25,-6.700791,20.096,19.854,20.469,21.867667,20.234416,20.843919,-0.609503,-0.724139,0.229272,46.193132,23.169251,17.768749,1.472814,103552220.2
US,INTC,2025-04-28,2.294264,20.43,19.931,20.359,21.876,20.276814,20.819185,-0.542371,-0.687785,0.290829,48.375194,22.856774,17.861226,1.441185,108395114.2
US,INTC,2025-04-29,-0.828864,20.596,19.934,20.2405,21.891167,20.286535,20.783689,-0.497155,-0.649659,0.305009,47.606817,22.493795,17.987205,1.383243,105728367.4
US,INTC,2025-04-30,-1.179941,20.498,19.959,20.143,21.903167,20.257837,20.733046,-0.475209,-0.614769,0.279121,46.48427,22.237852,18.048148,1.340868,99950211.8
US,INTC,2025-05-01,-0.597015,20.196,20.034,20.043,21.914667,20.215093,20.677265,-0.462172,-0.58425,0.244156,45.901474,21.961021,18.124979,1.295806,91054470.0
US,INTC,2025-05-02,3.203203,20.31,20.203,19.9525,21.930833,20.277386,20.673023,-0.395636,-0.546527,0.301781,49.535438,21.556581,18.348419,1.260392,74171932.4
US,INTC,2025-05-05,-1.697381,20.262,20.346,19.9735,21.945667,20.27625,20.643169,-0.366919,-0.510605,0.287372,47.65034,21.582652,18.364348,1.197507,63694449.2
US,INTC,2025-05-06,-1.628022,20.182,20.389,19.992,21.959667,20.224519,20.591083,-0.366563,-0.481797,0.230467,45.877584,21.590644,18.393356,1.147685,59954229.2
US,INTC,2025-05-07,1.855567,20.224,20.361,20.101,21.968667,20.23767,20.570262,-0.332592,-0.451956,0.238729,48.204329,21.455605,18.746395,1.104993,58521624.6
US,INTC,2025-05-08,3.397341,20.428,20.312,20.0745,21.969167,20.354952,20.602094,-0.247143,-0.410993,0.327702,52.320868,21.333618,18.815382,1.092493,58330462.4
US,INTC,2025-05-09,2.0,20.588,20.449,20.1515,21.9515,20.518805,20.66268,-0.143875,-0.35757,0.42739,54.681866,21.535758,18.767242,1.058744,56024480.0
US,INTC,2025-05-12,3.548086,20.97,20.616,20.2735,21.919,20.774374,20.775074,-0.0007,-0.286196,0.570991,58.6701,21.90007,18.64693,1.072405,66092820.0
US,INTC,2025-05-13,1.713255,21.494,20.838,20.386,21.901667,21.049085,20.907291,0.141795,-0.200598,0.684785,60.540008,22.293998,18.478002,1.045805,71196740.0
US,INTC,2025-05-14,-4.609929,21.736,20.98,20.4695,21.803833,21.121534,20.952676,0.168857,-0.126707,0.591128,53.416907,22.422011,18.516989,1.049676,77286845.4
US,INTC,2025-05-15,0.139405,21.846,21.137,20.5855,21.734333,21.187452,20.996923,0.190529,-0.063259,0.507577,53.586553,22.505057,18.665943,1.006127,76297605.4
US,INTC,2025-05-16,0.510441,21.894,21.241,20.722,21.6605,21.260151,21.04604,0.214112,-0.007785,0.443794,54.244535,22.536647,18.907353,0.963547,77102914.2
US,INTC,2025-05-19,-1.292705,21.734,21.352,20.849,21.602333,21.27859,21.070777,0.207812,0.035334,0.344956,52.215365,22.463508,19.234492,0.938294,71042994.2
US,INTC,2025-05-20,-0.5145,21.476,21.485,20.937,21.552333,21.277268,21.085535,0.191734,0.066614,0.250239,51.40186,22.437841,19.436159,0.891987,65372394.2
US,INTC,2025-05-21,-2.726845,21.31,21.523,20.942,21.514,21.186919,21.056236,0.130684,0.079428,0.102511,47.224079,22.438845,19.445155,0.902559,59636368.8
US,INTC,2025-05-22,-0.676655,21.11,21.478,20.895,21.4645,21.088932,21.018737,0.070195,0.077581,-0.014773,46.246987,22.379042,19.410958,0.865948,57510768.8
US,INTC,2025-05-23,-2.43309,20.788,21.341,20.895,21.413833,20.929096,20.946978,-0.017882,0.058489,-0.152742,42.837986,22.379042,19.410958,0.847666,59992960.0
US,INTC,2025-05-27,2.493766,20.622,21.178,20.897,21.360833,20.870774,20.917573,-0.046799,0.037431,-0.16846,47.041963,22.379067,19.414933,0.831404,61038060.0
US,INTC,2025-05-28,-0.875912,20.442,20.959,20.8985,21.321333,20.793731,20.877012,-0.08328,0.013289,-0.193138,45.737848,22.378369,19.418631,0.794161,60557880.0
US,INTC,2025-05-29,-0.589102,20.354,20.832,20.906,21.303333,20.71008,20.830566,-0.120486,-0.013466,-0.21404,44.845282,22.371052,19.440948,0.773149,61273981.4
US,INTC,2025-05-30,-3.45679,20.154,20.632,20.8845,21.282333,20.531607,20.73571,-0.204103,-0.051594,-0.305019,39.947938,22.41446,19.35454,0.785782,72914861.4
US,INTC,2025-06-02,0.971867,20.092,20.44,20.8405,21.2655,20.409821,20.661953,-0.252132,-0.091701,-0.320862,41.805594,22.447055,19.233945,0.761797,72850741.4
US,INTC,2025-06-03,2.786221,20.04,20.331,20.8415,21.259667,20.391387,20.634401,-0.243014,-0.121964,-0.242101,46.923942,22.446658,19.236342,0.779526,75030201.4
US,INTC,2025-06-04,-0.197141,20.016,20.229,20.857,21.265,20.369635,20.605927,-0.236292,-0.14483,-0.182925,46.602914,22.432755,19.281245,0.758846,80044211.2
US,INTC,2025-06-05,-1.283951,19.964,20.159,20.841,21.2685,20.31123,20.560303,-0.249073,-0.165678,-0.16679,44.473086,22.444894,19.237106,0.754642,81266291.0
US,INTC,2025-06-06,0.350175,20.066,20.11,20.794,21.258167,20.272579,20.523243,-0.250664,-0.182675,-0.135978,45.199238,22.431246,19.156754,0.732882,72424480.2
US,INTC,2025-06-09,2.093719,20.214,20.153,20.747,21.2045,20.30449,20.52004,-0.21555,-0.18925,-0.0526,49.469127,22.363504,19.130496,0.744819,77426160.2
US,INTC,2025-06-10,7.8125,20.572,20.306,20.742,21.171667,20.577645,20.635593,-0.057947,-0.16299,0.210085,61.709109,22.34127,19.14273,0.845903,95637181.8
US,INTC,2025-06-11,-6.34058,20.658,20.337,20.648,21.088167,20.593392,20.638882,-0.04549,-0.13949,0.188,50.241362,22.012575,19.283425,0.90691,110760772.0
US,INTC,2025-06-12,0.435203,20.814,20.389,20.6105,21.002333,20.620563,20.648595,-0.028032,-0.117198,0.178333,50.873402,21.917152,19.303848,0.882845,111876833.6
US,INTC,2025-06-13,-3.033221,20.83,20.448,20.54,20.936,20.54663,20.610921,-0.064291,-0.106617,0.084652,46.427739,21.787077,19.292923,0.867642,115393444.4
US,INTC,2025-06-16,2.979146,20.882,20.548,20.494,20.882333,20.576379,20.620482,-0.044103,-0.094114,0.100022,50.834333,21.635865,19.352135,0.862096,114163689.0
US,INTC,2025-06-17,0.289296,20.626,20.599,20.465,20.824667,20.610782,20.63378,-0.022998,-0.079891,0.113786,51.266031,21.543063,19.386937,0.861947,97374727.4
US,INTC,2025-06-18,3.317308,20.788,20.723,20.476,20.779167,20.746047,20.697204,0.048843,-0.054144,0.205974,56.045736,21.590565,19.361435,0.867522,86857947.4
US,INTC,2025-06-20,-1.907864,20.85,20.832,20.4955,20.727167,20.797424,20.725559,0.071865,-0.028942,0.201615,52.735981,21.637664,19.353336,0.877699,97917327.4
US,INTC,2025-06-23,0.521822,21.06,20.945,20.5275,20.69,20.85782,20.759962,0.097858,-0.003582,0.202881,53.528902,21.709158,19.345842,0.87572,96678347.4
US,INTC,2025-06-24,6.418122,21.422,21.152,20.6525,20.672167,21.118156,20.892557,0.225598,0.042254,0.366689,62.013946,22.103815,19.201185,0.920312,105403071.2
US,INTC,2025-06-25,-1.552106,21.702,21.164,20.735,20.663667,21.284593,20.989405,0.295188,0.092841,0.404695,59.026946,22.333731,19.136269,0.900289,100895654.6
US,INTC,2025-06-26,1.351351,21.904,21.346,20.8415,20.660167,21.471579,21.101301,0.370278,0.148328,0.443899,60.771119,22.60416,19.07884,0.865983,94701402.2
US,INTC,2025-06-27,0.844444,22.226,21.538,20.9635,20.670833,21.659028,21.218982,0.440046,0.206672,0.466748,61.877959,22.876835,19.050165,0.872699,87115319.4
US,INTC,2025-06-30,-1.278096,22.468,21.764,21.106,20.677833,21.773024,21.306465,0.466559,0.258649,0.415819,59.135404,23.001451,19.210549,0.860363,86243602.4
US,INTC,2025-07-01,2.008929,22.528,21.975,21.2615,20.684833,21.938713,21.420801,0.517912,0.310502,0.41482,61.953364,23.193114,19.329886,0.861766,75988835.4
US,INTC,2025-07-02,-4.245077,22.464,22.083,21.341,20.718667,21.92968,21.454816,0.474864,0.343374,0.26298,53.404484,23.236678,19.445322,0.895211,90642872.0
US,INTC,2025-07-03,2.787934,22.462,22.183,21.453,20.767333,22.015883,21.531496,0.484387,0.371577,0.22562,57.386762,23.342287,19.563713,0.884839,90232204.4
US,INTC,2025-07-07,-2.178746,22.324,22.275,21.5535,20.831833,22.013439,21.5662,0.447239,0.386709,0.12106,53.436072,23.331356,19.775644,0.866636,87268771.4
US,INTC,2025-07-08,7.227273,22.562,22.515,21.73,20.866167,22.255987,21.716111,0.539876,0.417343,0.245067,62.465791,23.579194,19.880806,0.932591,95757388.4
US,INTC,2025-07-09,-0.635863,22.68,22.604,21.878,20.9255,22.438143,21.843807,0.594336,0.452741,0.28319,61.258888,23.776479,19.979521,0.898834,93987954.8
US,INTC,2025-07-10,1.62116,23.068,22.766,21.965,20.9935,22.650736,21.990191,0.660545,0.494302,0.332486,63.198746,24.043475,19.886525,0.877489,77258863.6
US,INTC,2025-07-11,-1.63728,23.256,22.859,22.1025,21.0455,22.770623,22.096844,0.673779,0.530198,0.287163,59.884549,24.186591,20.018409,0.861954,74897244.6
US,INTC,2025-07-14,-0.554844,23.516,22.92,22.229,21.103,22.852066,22.185967,0.666099,0.557378,0.217443,58.778056,24.2811,20.1769,0.839671,68436300.8
US,INTC,2025-07-15,-1.630901,23.382,22.972,22.368,21.1645,22.862517,22.240339,0.622178,0.570338,0.10368,55.547177,24.200087,20.535913,0.842552,57747080.8
US,INTC,2025-07-16,-1.00349,23.232,22.956,22.4655,21.227167,22.835976,22.273648,0.562328,0.568736,-0.012815,53.625819,24.141561,20.789439,0.845227,55470713.0
US,INTC,2025-07-17,0.484795,23.028,23.048,22.5655,21.293167,22.830441,22.312637,0.517805,0.55855,-0.08149,54.437533,24.061087,21.069913,0.817711,54427551.6
US,INTC,2025-07-18,1.315789,22.962,23.109,22.646,21.353,22.871912,22.37096,0.500952,0.54703,-0.092156,56.66533,24.073115,21.218885,0.815731,56593090.6
US,INTC,2025-07-21,0.692641,22.954,23.235,22.755,21.3975,22.931618,22.436815,0.494803,0.536585,-0.083563,57.849077,24.009615,21.500385,0.809608,59240587.4
US,INTC,2025-07-22,-0.085985,23.018,23.2,22.8575,21.426667,22.979061,22.49631,0.482751,0.525818,-0.086134,57.637133,23.901164,21.813836,0.784636,56814676.4
US,INTC,2025-07-23,1.075731,23.178,23.205,22.9045,21.484,23.057667,22.569917,0.487751,0.518205,-0.060908,59.628248,23.97291,21.83609,0.77859,58783839.4
US,INTC,2025-07-24,-3.661132,23.144,23.086,22.926,21.519333,22.991872,22.574367,0.417505,0.498065,-0.161119,50.785386,23.953354,21.898646,0.792977,75299696.6
US,INTC,2025-07-25,-8.528502,22.664,22.813,22.836,21.525333,22.639276,22.435525,0.203751,0.439202,-0.470901,37.385809,24.242334,21.429666,0.898478,112276116.6
US,INTC,2025-07-28,-0.096618,22.148,22.551,22.7355,21.535,22.337849,22.305486,0.032363,0.357834,-0.650942,37.27605,24.427475,21.043525,0.880016,117165636.6
US,INTC,2025-07-29,-1.305609,21.582,22.3,22.636,21.542167,22.041257,22.16508,-0.123823,0.261503,-0.770651,35.75014,24.606344,20.665656,0.853586,126537972.4
US,INTC,2025-07-30,-0.342969,20.952,22.065,22.5105,21.5375,21.779525,22.029889,-0.250364,0.15913,-0.818986,35.346159,24.716043,20.304957,0.831187,126279695.4
US,INTC,2025-07-31,-2.654867,20.386,21.765,22.4065,21.529667,21.474983,21.864712,-0.389729,0.049358,-0.878174,32.312712,24.89869,19.91431,0.820388,118020070.8
US,INTC,2025-08-01,-2.474747,20.108,21.386,22.2475,21.519167,21.141909,21.675474,-0.533565,-0.067227,-0.932677,29.812486,25.080547,19.414453,0.821074,86303758.6
US,INTC,2025-08-04,0.983946,19.872,21.01,22.1225,21.505667,20.889307,21.514328,-0.62502,-0.178786,-0.89247,32.009321,25.198399,19.046601,0.782426,82932518.6
US,INTC,2025-08-05,3.538462,19.828,20.705,21.9525,21.492167,20.781722,21.416229,-0.634508,-0.26993,-0.729156,39.424397,25.060836,18.844164,0.800824,82233863.6
US,INTC,2025-08-06,1.089648,19.842,20.397,21.801,21.475333,20.724534,21.341694,-0.61716,-0.339376,-0.555568,41.61093,24.899915,18.702085,0.787194,82164641.0
US,INTC,2025-08-07,-3.135718,19.836,20.111,21.5985,21.435167,20.577682,21.225272,-0.64759,-0.401019,-0.493142,37.383467,24.672418,18.524582,0.790966,90308161.0
US,INTC,2025-08-08,0.91047,19.964,20.036,21.4245,21.391667,20.481116,21.130807,-0.649692,-0.450753,-0.397877,39.252755,24.457732,18.391268,0.763754,88091936.6
US,INTC,2025-08-11,3.508772,20.194,20.033,21.292,21.377167,20.507098,21.095192,-0.588094,-0.478222,-0.219745,46.003656,24.215481,18.368519,0.827057,109351176.6
US,INTC,2025-08-12,5.617433,20.518,20.173,21.2365,21.3815,20.707544,21.148141,-0.440596,-0.470696,0.0602,54.940191,24.075164,18.397836,0.85441,116781161.4
US,INTC,2025-08-13,1.879872,20.88,20.361,21.213,21.390833,20.94023,21.227538,-0.287308,-0.434019,0.293422,57.61057,24.010628,18.415372,0.860524,120571198.0
US,INTC,2025-08-14,7.380738,21.698,20.767,21.266,21.432167,21.389425,21.422535,-0.03311,-0.353837,0.641455,66.231278,24.217795,18.314205,0.963344,131905138.0
US,INTC,2025-08-15,2.93378,22.62,21.292,21.339,21.487,21.877206,21.65494,0.222266,-0.238616,0.921765,69.118149,24.531046,18.146954,1.022391,178854355.0
US,INTC,2025-08-18,-3.664495,23.222,21.708,21.359,21.5365,22.151482,21.803463,0.348019,-0.121289,0.938617,61.802572,24.603521,18.114479,1.070077,186248358.4
US,INTC,2025-08-19,6.973795,23.922,22.22,21.4625,21.615833,22.637408,22.063206,0.574202,0.017809,1.112785,68.404966,25.05395,17.87105,1.198643,218882563.8
US,INTC,2025-08-20,-6.993283,24.186,22.533,21.465,21.674,22.776268,22.172598,0.60367,0.134981,0.937377,57.019196,25.062157,17.867843,1.254454,233907563.8
US,INTC,2025-08-21,-0.169924,24.114,22.906,21.5085,21.723167,22.887612,22.270924,0.616687,0.231322,0.77073,56.789152,25.181206,17.835794,1.221279,215840723.8
US,INTC,2025-08-22,5.531915,24.162,23.391,21.7135,21.797,23.181825,22.458263,0.723562,0.32977,0.787583,62.135862,25.632267,17.794733,1.257616,193861870.2
US,INTC,2025-08-25,-1.008065,24.34,23.781,21.907,21.868667,23.392314,22.613207,0.779107,0.419638,0.718938,60.583372,25.981615,17.832385,1.270643,182723873.0
US,INTC,2025-08-26,-0.814664,24.148,24.035,22.104,21.948667,23.53965,22.741858,0.797792,0.495268,0.605047,59.306742,26.250408,17.957592,1.225597,138903678.0
US,INTC,2025-08-27,2.053388,24.41,24.298,22.3295,22.033833,23.741242,22.898017,0.843225,0.56486,0.556731,61.49145,26.557391,18.101609,1.205198,124860682.0
US,INTC,2025-08-28,0.321932,24.696,24.405,22.586,22.111167,23.924128,23.048534,0.875594,0.627007,0.497175,61.844417,26.791322,18.380678,1.156969,117324042.0
US,INTC,2025-08-29,-2.326514,24.606,24.384,22.838,22.1795,23.989647,23.144939,0.844708,0.670547,0.348322,57.71412,26.826311,18.849689,1.123614,90017558.6
US,INTC,2025-09-02,-0.574949,24.538,24.439,23.0735,22.249833,24.023547,23.223832,0.799715,0.69638,0.206669,56.729264,26.792749,19.354251,1.091213,70184799.6
US,INTC,2025-09-03,-0.86741,24.468,24.308,23.264,22.3155,24.019925,23.281326,0.738598,0.704824,0.067549,55.207441,26.756337,19.771663,1.048269,64037734.6
US,INTC,2025-09-04,2.541667,24.42,24.415,23.474,22.384333,24.110705,23.379747,0.730959,0.710051,0.041816,58.675304,26.753222,20.194778,1.036965,57662150.6
US,INTC,2025-09-05,-0.487607,24.332,24.514,23.71,22.4245,24.169058,23.461988,0.707071,0.709455,-0.004768,57.728452,26.537196,20.882804,1.001467,56850190.6
US,INTC,2025-09-08,-0.040833,24.358,24.482,23.9365,22.487833,24.216896,23.537396,0.6795,0.703464,-0.047928,57.64497,26.19014,21.68286,0.974219,54327734.4
US,INTC,2025-09-09,-0.163399,24.404,24.471,24.126,22.549,24.251219,23.604255,0.646964,0.692164,-0.0904,57.288099,25.806993,22.445007,0.943204,51224607.2
US,INTC,2025-09-10,1.350245,24.558,24.513,24.274,22.626167,24.331032,23.690607,0.640425,0.681816,-0.082782,59.514909,25.596231,22.951769,0.917975,53980168.2
US,INTC,2025-09-11,-0.645943,24.558,24.489,24.3935,22.690667,24.37395,23.75871,0.61524,0.668501,-0.106522,57.937711,25.326222,23.460778,0.87812,53276252.4
US,INTC,2025-09-12,-2.153596,24.476,24.404,24.4045,22.745333,24.328727,23.782509,0.546218,0.644044,-0.195653,52.933542,25.31676,23.49224,0.856825,52615756.6
US,INTC,2025-09-15,2.865449,24.534,24.446,24.415,22.8,24.396615,23.855657,0.540958,0.623427,-0.164938,58.017447,25.338937,23.491063,0.894195,59181653.8
US,INTC,2025-09-16,2.018571,24.7,24.552,24.4955,22.869833,24.530982,23.960423,0.570559,0.612853,-0.084589,61.281172,25.422829,23.568171,0.876752,62819733.8
US,INTC,2025-09-17,-1.464187,24.726,24.642,24.475,22.931667,24.587754,24.030021,0.557733,0.601829,-0.088193,57.706115,25.345804,23.604196,0.872699,63118332.8
US,INTC,2025-09-18,22.771084,25.918,25.238,24.8265,23.065333,25.5081,24.514464,0.993635,0.680191,0.62689,78.451927,27.568589,22.084411,1.344649,156792548.6
US,INTC,2025-09-19,-3.238469,27.018,25.747,25.1305,23.188333,26.134546,24.889689,1.244857,0.793124,0.903466,71.827052,28.494518,21.766482,1.34146,191398564.4
US,INTC,2025-09-22,-2.772143,27.816,26.175,25.3285,23.292667,26.538462,25.176379,1.362083,0.906916,0.910335,66.795686,29.039647,21.617353,1.343498,200671140.0
US,INTC,2025-09-23,2.01669,28.63,26.665,25.568,23.4035,26.969468,25.484795,1.484673,1.022467,0.924411,68.477645,29.647263,21.488737,1.350391,213867402.2
US,INTC,2025-09-24,6.407635,29.894,27.31,25.9115,23.5505,27.623396,25.909625,1.713771,1.160728,1.106086,73.21399,30.629628,21.193372,1.430363,234140364.0
US,INTC,2025-09-25,8.872518,30.578,28.248,26.3685,23.736167,28.602873,26.508171,2.094702,1.347523,1.494359,78.37071,32.221056,20.515944,1.545337,188500624.0
US,INTC,2025-09-26,4.442483,31.762,29.39,26.897,23.963167,29.66397,27.174233,2.489737,1.575965,1.827543,80.566989,33.925383,19.868617,1.599956,197076704.0
US,INTC,2025-09-29,-2.873239,32.906,30.361,27.4035,24.163,30.404897,27.715401,2.689497,1.798672,1.78165,75.025078,35.056926,19.750074,1.612102,201534985.8
US,INTC,2025-09-30,-2.697216,33.748,31.189,27.8705,24.3555,30.888759,28.147593,2.741166,1.987171,1.507991,70.278379,35.821524,19.919476,1.601238,201235083.6
US,INTC,2025-10-01,7.123696,34.692,32.293,28.4675,24.561333,31.665873,28.724809,2.941065,2.177949,1.526231,74.707145,36.942189,19.992811,1.669721,200873321.8
US,INTC,2025-10-02,3.784085,35.354,32.966,29.102,24.792333,32.532662,29.360008,3.172654,2.37689,1.591528,76.823478,38.203458,20.000542,1.702598,171603801.8
US,INTC,2025-10-03,-1.260054,35.62,33.691,29.719,25.009167,33.193791,29.913341,3.28045,2.557602,1.445696,74.503383,39.153197,20.284803,1.697412,142959010.2
US,INTC,2025-10-06,-0.651643,36.042,34.474,30.3245,25.2285,33.716285,30.407908,3.308377,2.707757,1.201239,73.286265,39.889554,20.759446,1.736883,134855048.4
US,INTC,2025-10-07,1.585133,36.766,35.257,30.961,25.459667,34.247625,30.908804,3.338822,2.83397,1.009703,74.375721,40.569144,21.352856,1.734248,132119408.4
US,INTC,2025-10-08,0.699489,37.064,35.878,31.594,25.7015,34.737222,31.391855,3.345366,2.936249,0.818234,74.870475,41.155254,22.032746,1.744659,120229888.4
US,INTC,2025-10-09,0.988512,37.164,36.259,32.2535,25.953333,35.208418,31.866533,3.341886,3.017377,0.649018,75.592697,41.614347,22.892653,1.708612,108334488.4
US,INTC,2025-10-10,-3.783069,37.072,36.346,32.868,26.1795,35.387123,32.200123,3.187,3.051301,0.271398,67.516361,41.59399,24.14201,1.825854,119875280.0
US,INTC,2025-10-13,2.337091,37.198,36.62,33.4905,26.414833,35.669104,32.571966,3.097139,3.060469,0.07334,69.595753,41.569197,25.411803,1.783293,118262200.0
US,INTC,2025-10-14,-4.271897,36.89,36.828,34.0085,26.621,35.663088,32.798487,2.864601,3.021295,-0.313388,61.64623,41.191272,26.825728,1.836629,119615829.0
US,INTC,2025-10-15,4.266068,36.834,36.949,34.621,26.852833,35.891844,33.120821,2.771023,2.971241,-0.400436,65.681876,40.576874,28.665126,1.838299,118823950.2
US,INTC,2025-10-16,-0.834455,36.642,36.903,34.9345,27.075333,36.037714,33.396316,2.641398,2.905272,-0.527748,64.198228,40.660055,29.208945,1.821992,117518579.4
US,INTC,2025-10-17,0.461455,36.77,36.921,35.306,27.315,36.187296,33.663996,2.5233,2.828878,-0.611155,64.669538,40.536424,30.075576,1.856135,104784860.8
US,INTC,2025-10-20,2.94515,36.946,37.072,35.773,27.605,36.481559,33.992589,2.48897,2.760896,-0.543853,67.613475,40.18619,31.35981,1.831411,100026767.6
US,INTC,2025-10-21,0.052493,37.444,37.167,36.212,27.895667,36.733626,34.298323,2.435303,2.695778,-0.520949,67.666713,39.607636,32.816364,1.749167,91072080.2
US,INTC,2025-10-22,-3.147954,37.398,37.116,36.497,28.170833,36.762299,34.492521,2.269778,2.610578,-0.6816,61.169544,39.011296,33.982704,1.772798,88643520.0
US,INTC,2025-10-23,3.358613,37.662,37.152,36.7055,28.467833,36.97733,34.764186,2.213144,2.531091,-0.635894,64.918048,39.038716,34.372284,1.786884,96366798.4
US,INTC,2025-10-24,0.314465,37.916,37.343,36.8445,28.775833,37.177741,35.024617,2.153124,2.455498,-0.604747,65.267482,39.204962,34.484038,1.89425,121763857.0
US,INTC,2025-10-27,3.291536,38.204,37.575,37.0975,29.113,37.541165,35.35909,2.182075,2.400813,-0.437475,68.783422,39.474623,34.720377,1.933232,137719331.0
US,INTC,2025-10-28,5.032878,38.886,38.165,37.4965,29.480167,38.154832,35.816194,2.338638,2.388378,-0.09948,73.368692,40.031529,34.961471,2.005144,159343629.4
US,INTC,2025-10-29,-0.457501,39.77,38.584,37.7665,29.832667,38.644858,36.225365,2.419493,2.394601,0.049784,72.277087,40.699882,34.833118,1.941919,163316237.8
US,INTC,2025-10-30,-2.854378,40.17,38.916,37.9095,30.161833,38.877957,36.51682,2.361137,2.387908,-0.053542,65.735711,41.011947,34.807053,1.897496,155892490.2
US,INTC,2025-10-31,-0.423307,40.512,39.214,38.0675,30.498833,39.04904,36.774092,2.274948,2.365316,-0.180736,64.825451,41.254655,34.880345,1.836247,122710770.2
US,INTC,2025-11-03,-1.225306,40.504,39.354,38.213,30.824667,39.118419,36.976011,2.142407,2.320735,-0.356654,62.153894,41.382714,35.043286,1.805086,102962751.8
US,INTC,2025-11-04,-6.253165,39.604,39.245,38.206,31.097667,38.797124,36.98001,1.817113,2.22001,-0.805794,50.790951,41.385499,35.026501,1.881151,87161533.0
US,INTC,2025-11-05,3.645693,39.012,39.391,38.2535,31.373833,38.732951,37.083713,1.649237,2.105856,-0.913237,55.571777,41.413533,35.093467,1.865355,80695263.6
US,INTC,2025-11-06,-2.970297,38.428,39.299,38.2255,31.624167,38.503266,37.09529,1.407976,1.96628,-1.116608,51.060507,41.410932,35.040068,1.949258,79250145.2
US,INTC,2025-11-07,2.389903,38.056,39.284,38.3135,31.862,38.44584,37.171935,1.273905,1.827805,-1.107799,54.187307,41.384209,35.242791,1.902883,82260152.4
US,INTC,2025-11-10,0.839234,37.846,39.175,38.375,32.0935,38.44648,37.266607,1.179874,1.698219,-1.03669,55.293314,41.404637,35.345363,1.878391,85570710.0
US,INTC,2025-11-11,-1.482445,38.016,38.81,38.4875,32.3305,38.35933,37.312043,1.047286,1.568032,-1.041492,52.845979,41.25699,35.71801,1.812792,75869028.8
US,INTC,2025-11-12,0.026399,37.918,38.465,38.5245,32.540167,38.287125,37.354855,0.93227,1.44088,-1.017219,52.885378,41.240788,35.808212,1.744021,71717908.8
US,INTC,2025-11-13,-5.225653,37.652,38.04,38.478,32.746333,37.921413,37.247829,0.673585,1.287421,-1.227672,44.887996,41.336178,35.619822,1.793734,75310567.2
US,INTC,2025-11-14,-1.086048,37.13,37.593,38.4035,32.946667,37.551965,37.119841,0.432124,1.116361,-1.368475,43.492867,41.480175,35.326825,1.771324,70549520.0
US,INTC,2025-11-17,-2.280405,36.382,37.114,38.234,33.111833,37.11474,36.941335,0.173405,0.92777,-1.50873,40.665907,41.706892,34.761108,1.751944,69501483.6
US,INTC,2025-11-18,-1.094785,35.672,36.844,38.0445,33.274833,36.686318,36.747902,-0.061584,0.729899,-1.582967,39.372953,41.912701,34.176299,1.711805,71054064.0
US,INTC,2025-11-19,2.272065,35.116,36.517,37.954,33.454167,36.443808,36.626576,-0.182768,0.547366,-1.460268,43.354172,42.003639,33.904361,1.696676,73701964.0
US,INTC,2025-11-20,-4.243805,34.658,36.155,37.727,33.600333,36.009376,36.403867,-0.394491,0.358994,-1.506971,38.194451,42.192611,33.261389,1.804056,73861144.0
US,INTC,2025-11-21,2.61749,34.454,35.792,37.538,33.759833,35.777164,36.26284,-0.485676,0.19006,-1.351472,42.543698,42.209225,32.866775,1.824481,80646244.0
US,INTC,2025-11-24,3.73913,34.67,35.526,37.3505,33.9505,35.779139,36.227815,-0.448676,0.062313,-1.021978,48.288387,41.986147,32.714853,1.812732,86891062.0
US,INTC,2025-11-25,0.111763,34.97,35.321,37.0655,34.144167,35.786964,36.198347,-0.411383,-0.032426,-0.757914,48.460464,41.323793,32.807207,1.786823,87030761.6
US,INTC,2025-11-26,2.735138,35.31,35.213,36.839,34.357667,35.944354,36.243654,-0.299301,-0.085801,-0.426999,52.620327,40.618767,33.059233,1.759907,84520348.6
US,INTC,2025-11-28,10.187449,36.698,35.678,36.859,34.6235,36.654453,36.563384,0.09107,-0.050427,0.282993,64.445816,40.712362,33.005638,1.904199,84402428.6
US,INTC,2025-12-01,-1.356016,37.8,36.127,36.86,34.882167,37.170691,36.818689,0.352003,0.030059,0.643887,62.001565,40.71662,33.00338,1.836756,78181068.6
US,INTC,2025-12-02,8.647838,39.336,37.003,37.0585,35.198667,38.139816,37.311378,0.828437,0.189735,1.277405,69.769342,41.755351,32.361649,1.967702,90861390.0
US,INTC,2025-12-03,0.667127,40.922,37.946,37.395,35.520667,39.004459,37.789054,1.215405,0.394869,1.641073,70.317044,42.925763,31.864237,1.935009,96812170.0
US,INTC,2025-12-04,-7.449726,41.66,38.485,37.501,35.782833,39.234543,37.989865,1.244678,0.564831,1.359694,57.66851,43.182422,31.819578,2.055366,107469523.0
US,INTC,2025-12-05,2.246914,41.83,39.264,37.7095,36.062833,39.569228,38.243208,1.32602,0.717068,1.217903,59.840114,43.637999,31.781001,2.074983,108918026.0
US,INTC,2025-12-08,-2.680512,41.888,39.844,37.818,36.333167,39.681655,38.395563,1.286092,0.830873,0.910437,56.062189,43.851803,31.784197,2.099627,112801769.8
US,INTC,2025-12-09,0.496278,41.294,40.315,37.9205,36.595333,39.807554,38.551447,1.256107,0.91592,0.680374,56.593934,44.062446,31.778554,2.03751,91736046.8
US,INTC,2025-12-10,0.691358,40.698,40.81,38.0655,36.853833,39.957161,38.716525,1.240636,0.980863,0.519545,57.371746,44.332431,31.798569,2.041974,88539586.8
US,INTC,2025-12-11,-3.114272,40.5,41.08,38.1465,37.097333,39.888367,38.775301,1.113066,1.007304,0.211525,52.754194,44.444065,31.848935,2.017547,78788906.8
US,INTC,2025-12-12,-4.302708,39.78,40.805,38.2415,37.218,39.568618,38.703797,0.864821,0.978807,-0.227972,47.269814,44.45805,32.02495,2.04558,75737403.8
US,INTC,2025-12-15,-0.793441,39.222,40.555,38.341,37.350167,39.251908,38.615368,0.63654,0.910354,-0.547628,46.353985,44.44277,32.23923,1.982324,69126380.0
US,INTC,2025-12-16,-0.533191,38.584,39.939,38.471,37.492667,38.953153,38.518674,0.434479,0.815179,-0.7614,45.718051,44.365044,32.576956,1.915015,66849000.0
US,INTC,2025-12-17,-3.377111,37.638,39.168,38.557,37.6045,38.506514,38.335809,0.170705,0.686284,-1.031159,41.825034,44.25374,32.86026,1.9118,62612420.0
US,INTC,2025-12-18,0.638003,36.992,38.746,38.6155,37.688833,38.163973,38.183527,-0.019554,0.545116,-1.12934,42.782817,44.192214,33.038786,1.905243,64686740.0
US,INTC,2025-12-19,1.488423,36.794,38.287,38.7755,37.736,37.957208,38.082525,-0.125317,0.41103,-1.072693,45.069445,43.93797,33.61303,1.862011,79774100.0
US,INTC,2025-12-22,-1.222162,36.566,37.894,38.869,37.7505,37.713022,37.955671,-0.242649,0.280294,-1.045886,43.508989,43.779951,33.958049,1.84401,77931480.0
US,INTC,2025-12-23,-0.05499,36.374,37.479,38.897,37.781667,37.503327,37.836733,-0.333406,0.157554,-0.98192,43.437006,43.743372,34.050628,1.767295,75025020.0
US,INTC,2025-12-24,-0.522696,36.396,37.017,38.9135,37.825167,37.296661,37.71253,-0.415869,0.042869,-0.917477,42.714018,43.720076,34.106924,1.74106,71555380.0
US,INTC,2025-12-26,0.110619,36.38,36.686,38.883,37.8295,37.127944,37.600491,-0.472547,-0.060214,-0.824666,42.929383,43.749942,34.016058,1.662413,63417580.0
US,INTC,2025-12-29,1.325967,36.352,36.573,38.689,37.819167,37.059029,37.532307,-0.473277,-0.142827,-0.660901,45.573628,43.582338,33.795662,1.613669,38385780.0
US,INTC,2025-12-30,1.690294,36.538,36.552,38.5535,37.827,37.096102,37.515099,-0.418997,-0.198061,-0.441872,48.86903,43.443098,33.663902,1.611264,40435760.0
US,INTC,2025-12-31,-1.072386,36.648,36.511,38.225,37.832167,37.065932,37.469536,-0.403604,-0.239169,-0.328868,46.8962,42.605518,33.844482,1.546888,43549100.0
US,INTC,2026-01-02,6.720867,37.292,36.844,38.006,37.869,37.421943,37.611052,-0.189109,-0.229157,0.080097,58.171018,41.630453,34.381547,1.647825,55139629.4
US,INTC,2026-01-05,-0.025394,37.926,37.153,37.9495,37.901333,37.721644,37.741344,-0.0197,-0.187266,0.335131,58.117435,41.449783,34.449217,1.732266,68716829.4
US,INTC,2026-01-06,1.701803,38.598,37.475,37.881,37.938667,38.078314,37.911615,0.166699,-0.116473,0.566344,60.727576,41.153955,34.608045,1.705675,74383397.0
US,INTC,2026-01-07,6.468531,39.664,38.101,37.9975,38.043,38.778573,38.261125,0.517448,0.010311,1.014274,68.817601,41.738922,34.256078,1.907413,95202017.0
US,INTC,2026-01-08,-3.565564,40.506,38.577,38.028,38.107833,39.137254,38.472153,0.665102,0.141269,1.047664,60.890083,41.859389,34.196611,1.961169,102545477.0
US,INTC,2026-01-09,10.800292,41.74,39.516,38.2665,38.273167,40.123831,38.996438,1.127393,0.338494,1.577798,71.292902,43.191275,33.341725,2.151085,120804471.0
US,INTC,2026-01-12,-3.271131,42.678,40.302,38.494,38.388333,40.729395,39.371516,1.357879,0.542371,1.631015,65.040643,44.012157,32.975843,2.116008,121869214.8
US,INTC,2026-01-13,7.330912,44.128,41.363,38.968,38.5625,41.738719,39.958071,1.780648,0.790027,1.981243,70.981698,45.671112,32.264888,2.263436,142321469.2
US,INTC,2026-01-14,3.023895,45.346,42.505,39.5285,38.757667,42.812762,40.607103,2.20566,1.073153,2.265013,73.156675,47.419648,31.637352,2.223905,138760949.2
US,INTC,2026-01-15,-0.821018,46.788,43.647,40.079,38.928,43.66003,41.178428,2.481601,1.354843,2.253517,71.541392,48.769901,31.388099,2.247912,147578329.6
US,INTC,2026-01-16,-2.81457,47.07,44.405,40.6245,39.075333,44.167717,41.606693,2.561024,1.596079,1.929891,66.190183,49.600275,31.648725,2.337346,135702988.4
US,INTC,2026-01-20,3.407155,47.97,45.324,41.2385,39.269333,44.843453,42.121753,2.7217,1.821203,1.800994,69.116903,50.612723,31.864277,2.403965,145335770.8
US,INTC,2026-01-21,11.717463,49.362,46.745,42.11,39.5375,46.290614,43.020141,3.270473,2.111057,2.318831,76.806207,52.824159,31.395841,2.65011,155717551.2
US,INTC,2026-01-22,0.129032,50.482,47.914,43.0075,39.804833,47.525904,43.857168,3.668736,2.422593,2.492287,76.882464,54.617775,31.397225,2.569388,164085671.2
US,INTC,2026-01-23,-17.028719,49.832,48.31,43.4435,39.897,47.148073,43.947007,3.201066,2.578288,1.245556,52.37652,54.669559,32.217441,3.09086,196554971.0
US,INTC,2026-01-26,-5.724429,48.938,48.004,43.76,39.913,46.431446,43.839081,2.592365,2.581103,0.022525,47.800006,54.492925,33.027075,3.06937,200973588.8
US,INTC,2026-01-27,3.389033,48.012,47.991,44.1465,39.956167,46.046608,43.845816,2.200793,2.505041,-0.608497,50.404754,54.303921,33.989079,2.995844,195309426.8
US,INTC,2026-01-28,11.040291,46.918,48.14,44.7515,40.099833,46.46713,44.211311,2.255819,2.455197,-0.398755,58.00543,54.490763,35.012237,3.164712,191595384.4
US,INTC,2026-01-29,-0.246002,45.786,48.134,45.3195,40.244333,46.804495,44.540843,2.263651,2.416888,-0.306472,57.769526,54.566827,36.072173,3.066518,178433424.4
US,INTC,2026-01-30,-4.500617,46.066,47.949,45.798,40.3605,46.753034,44.683744,2.06929,2.347368,-0.556156,53.49373,54.205398,37.390602,3.106053,142482364.2
US,INTC,2026-02-02,5.035507,47.33,48.134,46.2695,40.556833,47.06949,44.989392,2.080098,2.293914,-0.427632,57.1437,54.230114,38.308886,3.194192,132883724.2
US,INTC,2026-02-03,0.901455,48.394,48.203,46.7635,40.738,47.404953,45.304993,2.09996,2.255123,-0.310326,57.81415,54.156151,39.370849,3.184607,132958307.2
US,INTC,2026-02-04,-1.319797,48.358,47.638,47.1915,40.927333,47.588807,45.549068,2.039739,2.212047,-0.344615,56.410191,53.940723,40.442277,3.149992,118299748.0
US,INTC,2026-02-05,-0.740741,48.274,47.03,47.472,41.095833,47.68899,45.748396,1.940594,2.157756,-0.434323,55.604801,53.898173,41.045827,3.215707,116309988.0
US,INTC,2026-02-06,4.871476,49.098,47.582,47.946,41.298167,48.135299,46.107033,2.028266,2.131858,-0.207184,59.654255,53.79804,42.09396,3.204585,116446012.6
US,INTC,2026-02-09,-0.691836,49.384,48.357,48.1805,41.504167,48.4591,46.413179,2.045921,2.114671,-0.1375,58.794095,54.00551,42.35549,3.234972,115131375.2
US,INTC,2026-02-10,-6.190287,48.96,48.677,48.334,41.658167,48.254623,46.466277,1.788346,2.049406,-0.52212,51.665336,53.871282,42.796718,3.273188,110656928.0
US,INTC,2026-02-11,2.461277,48.898,48.628,48.384,41.8645,48.260065,46.601367,1.658698,1.971264,-0.625132,53.910088,53.900692,42.867308,3.231532,106452711.4
US,INTC,2026-02-12,-3.748188,48.546,48.41,48.272,42.047167,47.986209,46.592377,1.393832,1.855778,-0.923892,50.007522,53.847499,42.696501,3.197851,101255391.4
US,INTC,2026-02-13,0.666954,47.786,48.442,48.1955,42.2485,47.802177,46.607016,1.195161,1.723654,-1.056987,50.666229,53.808127,42.582873,3.163719,92083431.6
US,INTC,2026-02-17,-1.303697,46.974,48.179,48.1565,42.446,47.552611,46.575385,0.977226,1.574369,-1.194285,49.289973,53.813589,42.499411,3.035596,86275589.0
US,INTC,2026-02-18,-1.559117,46.64,47.8,48.0015,42.6185,47.230671,46.492764,0.737907,1.407076,-1.338339,47.644904,53.774559,42.228441,2.953768,79370229.0
US,INTC,2026-02-19,-1.847778,45.906,47.402,47.52,42.801833,46.829029,46.354041,0.474989,1.220659,-1.49134,45.72741,52.704496,42.335504,2.852784,72378972.4
US,INTC,2026-02-20,-1.142985,45.432,46.989,47.0095,42.962,46.410717,46.187815,0.222902,1.021107,-1.596411,44.554974,51.358543,42.660457,2.7733,72863452.4
US,INTC,2026-02-23,-1.088189,44.8,46.293,46.9375,43.092667,45.982915,45.998348,-0.015433,0.813799,-1.658465,43.42642,51.456937,42.418063,2.673064,70341549.4
US,INTC,2026-02-24,5.707082,44.788,45.881,47.119,43.264167,46.004005,46.007359,-0.003354,0.650369,-1.307446,50.439441,51.177467,43.060533,2.700702,76955569.4
US,INTC,2026-02-25,1.647875,45.072,45.856,47.2665,43.432,46.138773,46.071999,0.066774,0.53365,-0.933751,52.379798,51.056172,43.476828,2.642795,79023409.4
US,INTC,2026-02-26,-3.02901,45.24,45.573,47.1005,43.513667,46.034346,46.026666,0.007681,0.428456,-0.84155,48.554752,50.901281,43.299719,2.636881,78769923.2
US,INTC,2026-02-27,0.32996,45.54,45.486,46.948,43.607,45.969062,45.995802,-0.026739,0.337417,-0.728312,48.978603,50.730965,43.165035,2.602818,76486653.0
US,INTC,2026-03-02,-0.241175,45.914,45.357,46.8995,43.640833,45.896899,45.959076,-0.062177,0.257498,-0.63935,48.661979,50.730304,43.068696,2.54976,77201492.0
US,INTC,2026-03-03,-5.274725,45.31,45.049,46.614,43.629833,45.466607,45.747292,-0.280685,0.149861,-0.861094,42.245194,50.676789,42.551211,2.607634,74221237.8
US,INTC,2026-03-04,5.75406,45.05,45.061,46.4305,43.7145,45.484052,45.7349,-0.250848,0.069719,-0.641136,49.635722,50.328666,42.532334,2.637803,78417798.2
US,INTC,2026-03-05,0.81176,45.148,45.194,46.298,43.790167,45.555736,45.750834,-0.195097,0.016756,-0.423707,50.650348,50.070308,42.525692,2.576531,79772181.0
US,INTC,2026-03-06,-5.505985,44.71,45.125,46.057,43.842167,45.227161,45.578179,-0.351018,-0.056799,-0.588438,44.107072,49.917089,42.196911,2.583208,78846393.2
US,INTC,2026-03-09,4.974666,44.726,45.32,45.8065,43.926833,45.281444,45.578314,-0.29687,-0.104813,-0.384114,50.041027,49.059986,42.553014,2.692979,83292852.4
US,INTC,2026-03-10,2.632734,45.462,45.386,45.6335,44.026833,45.511991,45.667328,-0.155337,-0.114918,-0.080838,53.024816,48.226531,43.040469,2.677051,83545307.8
US,INTC,2026-03-11,2.565199,45.942,45.496,45.676,44.168,45.891685,45.838637,0.053048,-0.081324,0.268745,55.863623,48.390755,42.961245,2.640834,78715807.4
US,INTC,2026-03-12,-5.689871,45.802,45.475,45.524,44.292,45.792964,45.795034,-0.00207,-0.065474,0.126807,48.659211,47.962683,43.085317,2.652917,80091965.4
US,INTC,2026-03-13,1.149171,46.272,45.491,45.4885,44.429667,45.789431,45.79318,-0.003749,-0.053129,0.09876,49.982387,47.890884,43.086116,2.563423,78829543.4
US,INTC,2026-03-16,-0.021848,46.308,45.517,45.437,44.5705,45.784903,45.790722,-0.005819,-0.043667,0.075696,49.955723,47.768696,43.105304,2.628893,85081943.4
US,INTC,2026-03-17,-3.715035,45.764,45.613,45.331,44.704,45.519534,45.66252,-0.142987,-0.063531,-0.158912,45.510906,47.710218,42.951782,2.596115,85847602.2
US,INTC,2026-03-18,2.201543,45.174,45.558,45.3095,44.849833,45.444221,45.615667,-0.171446,-0.085114,-0.172665,48.335576,47.691436,42.927564,2.529249,86962723.8
US,INTC,2026-03-19,2.553853,45.36,45.581,45.3875,45.005833,45.557418,45.657469,-0.100052,-0.088101,-0.023901,51.542786,47.776172,42.998828,2.547874,84750981.8
US,INTC,2026-03-20,-5.002165,44.98,45.626,45.3755,45.130833,45.297815,45.525064,-0.227249,-0.115931,-0.222637,45.440684,47.791972,42.959028,2.645169,103636584.0
US,INTC,2026-03-23,0.319125,44.63,45.469,45.3945,45.2585,45.099689,45.412837,-0.313148,-0.155374,-0.315547,45.859032,47.76124,43.02776,2.579085,96951146.0
US,INTC,2026-03-24,0.113611,44.63,45.197,45.2915,45.390167,44.939737,45.312627,-0.37289,-0.198877,-0.348025,46.018232,47.70188,42.88112,2.474151,92203532.2
US,INTC,2026-03-25,7.081253,45.06,45.117,45.3065,45.573167,45.284393,45.450951,-0.166558,-0.192414,0.051711,54.925035,47.75959,42.85341,2.56814,96085872.4
US,INTC,2026-03-26,-6.52819,44.644,45.002,45.2385,45.696833,45.102179,45.350881,-0.248702,-0.203671,-0.090061,46.728386,47.745604,42.731396,2.617559,97843852.2
US,INTC,2026-03-27,-2.199546,44.496,44.738,45.1145,45.794,44.798767,45.186371,-0.387604,-0.240458,-0.294293,44.477211,47.776383,42.452617,2.521304,79281457.2
US,INTC,2026-03-30,-4.498029,43.932,44.281,44.899,45.8655,44.243572,44.890343,-0.646772,-0.321721,-0.650102,40.295974,48.053438,41.744562,2.581211,80046217.4
US,INTC,2026-03-31,7.137655,43.946,44.288,44.9505,45.944667,44.226099,44.834022,-0.607923,-0.378961,-0.457923,48.23764,48.018212,41.882788,2.613982,86040491.2
US,INTC,2026-04-01,8.837525,44.116,44.588,45.073,46.089,44.811315,45.070761,-0.259446,-0.355058,0.191224,56.50312,48.414892,41.731108,2.758697,92466611.2
US,INTC,2026-04-02,4.892775,45.372,45.008,45.2945,46.261333,45.668036,45.464038,0.203998,-0.243247,0.894489,60.587072,49.350486,41.238514,2.879505,99325178.6
US,INTC,2026-04-06,0.793966,46.902,45.699,45.6625,46.397167,46.454492,45.857813,0.596679,-0.075262,1.343881,61.25392,50.269529,41.055471,2.853826,101320493.6
US,INTC,2026-04-07,4.194565,49.246,46.589,46.029,46.593833,47.447647,46.380197,1.06745,0.153281,1.828338,64.680834,51.613919,40.444081,2.827838,110310058.8
US,INTC,2026-04-08,11.415611,52.21,48.078,46.6375,46.817167,49.21724,47.311294,1.905946,0.503814,2.804265,72.191724,54.57399,38.70101,3.072993,128171065.4
US,INTC,2026-04-09,4.698897,54.948,49.532,47.3245,47.1115,51.140741,48.378605,2.762136,0.955478,3.613316,74.834796,57.63158,37.01742,3.117065,133373343.6
US,INTC,2026-04-10,1.069345,57.348,51.36,48.181,47.363,52.869858,49.415746,3.454112,1.455205,3.997815,75.433924,60.337251,36.024749,3.082989,129671384.0
US,INTC,2026-04-13,4.488618,60.228,53.565,49.1515,47.637333,54.763726,50.583468,4.180258,2.000216,4.360085,77.843892,63.316159,34.986841,3.110632,136097821.8
US,INTC,2026-04-14,-2.101872,62.408,55.827,50.054,47.8955,56.15546,51.563211,4.592249,2.518622,4.147254,74.017771,65.48298,34.62502,3.109159,132748274.4
US,INTC,2026-04-15,1.770882,63.606,57.908,51.098,48.195167,57.506928,52.554084,4.952844,3.005467,3.894754,75.104683,67.554812,34.641188,3.098504,114238591.4
US,INTC,2026-04-16,5.481983,64.962,59.955,52.2715,48.5275,59.19817,53.735263,5.462907,3.496955,3.931904,78.198912,70.11863,34.42437,3.187183,104782273.2
US,INTC,2026-04-17,0.0,66.186,61.767,53.3875,48.765,60.629221,54.828948,5.800273,3.957618,3.68531,78.198912,72.329247,34.445753,3.144527,108823692.2
US,INTC,2026-04-20,-4.087591,66.29,63.259,54.479,48.954667,61.409341,55.634211,5.77513,4.321121,2.908019,70.235999,73.616066,35.341934,3.258489,105771712.2
US,INTC,2026-04-21,0.852359,66.78,64.594,55.5915,49.307833,62.155596,56.421306,5.73429,4.603754,2.261071,70.874785,74.751747,36.431253,3.17074,101492955.0
US,INTC,2026-04-22,-1.494114,66.846,65.226,56.652,49.6875,62.634735,57.076765,5.55797,4.794598,1.526745,68.092541,75.486967,37.817033,3.214973,101136111.4
US,INTC,2026-04-23,2.313467,66.502,65.732,57.632,50.068333,63.272468,57.795523,5.476945,4.931067,1.091756,70.025329,76.433221,38.830779,3.200332,110498809.6
US,INTC,2026-04-24,23.59988,69.31,67.748,59.554,50.631,66.236704,59.628447,6.608256,5.266505,2.683503,82.167032,80.197843,38.910157,4.28888,143013545.6
US,INTC,2026-04-27,2.968258,73.168,69.729,61.647,51.2365,69.121826,61.507081,7.614745,5.736153,3.757185,83.299557,83.649139,39.644861,4.308245,159407365.6
US,INTC,2026-04-28,-0.553006,76.82,71.8,63.8135,51.870667,71.490776,63.211742,8.279034,6.244729,4.06861,82.220804,85.86472,41.76228,4.299799,170681602.8
US,INTC,2026-04-29,12.103644,82.716,74.781,66.3445,52.636333,75.069118,65.547909,9.521209,6.900025,5.242368,86.361027,90.314436,42.374564,4.737671,199642324.0
US,INTC,2026-04-30,-0.28496,88.256,77.379,68.667,53.390167,78.055408,67.691027,10.364381,7.592896,5.542969,85.793172,94.048467,43.285533,4.698551,200733426.6
US,INTC,2026-05-01,5.440305,91.672,80.491,71.129,54.2405,81.373037,70.056136,11.316901,8.337697,5.958408,87.480811,98.418336,43.839664,4.922941,176152946.2
US,INTC,2026-05-04,-3.854648,93.83,83.499,73.379,55.032833,83.589493,71.961607,11.627886,8.995735,5.264301,79.849367,101.004638,45.753362,4.872731,164247712.2
US,INTC,2026-05-05,12.915014,98.556,87.688,76.141,55.992167,87.368033,74.642229,12.725804,9.741749,5.96811,84.530851,105.985091,46.296909,5.574678,174389412.2
US,INTC,2026-05-06,4.493759,102.208,92.462,78.844,57.038333,91.312951,77.484286,13.828665,10.559132,6.539065,85.915348,111.619044,46.068956,5.670773,158839251.0
US,INTC,2026-05-07,-2.999735,105.236,96.746,81.239,58.079833,94.12942,79.864709,14.26471,11.300248,5.928926,80.502998,115.619889,46.858111,5.648575,151259768.4
US,INTC,2026-05-08,13.957307,110.296,100.984,84.366,59.357,98.866432,83.202138,15.664294,12.173057,6.982474,85.073384,122.48957,46.24243,6.741534,165095466.2
US,INTC,2026-05-11,3.618316,117.028,105.429,87.579,60.739667,103.570058,86.627165,16.942893,13.127024,7.631738,86.109337,129.350111,45.807889,6.89071,177133960.8
US,INTC,2026-05-12,-6.821693,119.52,109.038,90.419,61.97,106.191588,89.144412,17.047175,13.911054,6.272242,75.138321,133.054427,47.783573,7.429945,171940863.6
US,INTC,2026-05-13,-0.265318,120.976,111.592,93.1865,63.205167,108.360574,91.451493,16.909081,14.51066,4.796843,74.766548,136.032303,50.340697,7.512806,163549728.2
US,INTC,2026-05-14,-3.624574,122.238,113.737,95.558,64.379667,109.525101,93.264715,16.260386,14.860605,2.799561,69.705889,137.923499,53.192501,7.484748,162665708.2
US,INTC,2026-05-15,-6.176141,119.008,114.652,97.5715,65.448833,109.408932,94.413255,14.995677,14.887619,0.216115,62.253818,138.401674,56.741326,7.729409,144170648.0
US,INTC,2026-05-18,-0.551623,114.754,115.891,99.695,66.5165,109.218327,95.432273,13.786054,14.667306,-1.762505,61.658942,138.014358,61.375642,8.012309,137426147.4
US,INTC,2026-05-19,2.431358,112.792,116.156,101.922,67.636,109.461661,96.570623,12.891038,14.312053,-2.842029,63.31377,137.271957,66.572043,8.202144,132969824.6
US,INTC,2026-05-20,7.364621,112.526,116.751,104.6065,68.85,110.922944,98.229096,12.693848,13.988412,-2.589127,67.937618,136.3898,72.8232,8.411991,142914324.0
US,INTC,2026-05-21,-0.386685,113.04,117.639,107.1925,70.043667,112.088645,99.730644,12.358001,13.66233,-2.608657,67.421733,134.319343,80.065657,8.256848,139748873.0
US,INTC,2026-05-22,1.130802,115.254,117.131,109.0575,71.283333,113.281161,101.220226,12.060935,13.342051,-2.562231,68.179748,134.204974,83.910026,8.002073,129240277.8
US,INTC,2026-05-26,3.070761,118.324,116.539,110.984,72.581833,114.856367,102.872061,11.984306,13.070502,-2.172391,70.22845,134.297809,87.670191,8.021211,121720938.2
US,INTC,2026-05-27,-1.416775,120.518,116.655,112.8465,73.853,115.920003,104.271908,11.648094,12.78602,-2.275852,67.986765,133.165382,92.527618,8.038982,110338627.0
US,INTC,2026-05-28,-0.722674,120.904,116.715,114.1535,75.1495,116.684618,105.502878,11.18174,12.465164,-2.566849,66.831525,132.954215,95.352785,7.94834,96785443.0
US,INTC,2026-05-29,-5.136901,120.14,116.59,115.1635,76.301167,116.376215,106.182665,10.19355,12.010841,-3.634582,59.188292,131.656911,98.670089,8.316316,114630159.2
US,INTC,2026-06-01,-4.665155,118.038,116.646,115.649,77.3575,115.292182,106.415801,8.876381,11.383949,-5.015136,53.510474,130.800754,100.497246,8.318722,125077641.8
US,INTC,2026-06-02,-1.280527,114.92,116.622,116.2565,78.432667,114.159539,106.527964,7.631575,10.633474,-6.003799,52.101968,128.947464,103.565536,8.093099,124711423.2
US,INTC,2026-06-03,4.428796,113.108,116.813,116.4845,79.5515,113.936533,106.985892,6.95064,9.896908,-5.892535,56.328663,128.741135,104.227865,8.25502,129832515.8
US,INTC,2026-06-04,-0.825126,111.286,116.095,116.423,80.634833,113.604758,107.341012,6.263747,9.170275,-5.813057,55.306086,128.760828,104.085172,8.069662,125833480.6
US,INTC,2026-06-05,-11.281088,108.184,114.162,115.9005,81.488,111.384026,106.735751,4.648275,8.265875,-7.235201,43.717328,130.092294,101.708706,8.453972,116540136.6
US,INTC,2026-06-08,11.192901,108.372,113.205,115.168,82.571667,111.212638,106.997548,4.21509,7.455718,-6.481256,53.044375,128.927761,101.408239,8.805117,116954829.2
US,INTC,2026-06-09,-2.131133,108.37,111.645,114.092,83.6075,110.706078,107.065877,3.640201,6.692615,-6.104828,51.113155,126.520541,101.663459,9.214751,125612209.0
US,INTC,2026-06-10,-0.815419,107.236,110.172,113.4135,84.628833,110.142066,107.063961,3.078105,5.969713,-5.783215,50.373559,125.826254,101.000746,9.026555,126357147.6
US,INTC,2026-06-11,9.267564,108.272,109.779,113.247,85.843833,111.190979,107.797001,3.393978,5.454566,-4.121175,57.78848,125.372339,101.121661,9.267515,148578046.8
US,INTC,2026-06-12,6.506498,113.352,110.768,113.679,87.1695,113.24929,109.039445,4.209845,5.205622,-1.991554,62.426501,126.735788,100.622212,9.481978,149841517.4
US,INTC,2026-06-15,2.641085,116.87,112.621,114.6335,88.530833,115.497091,110.43356,5.063531,5.177204,-0.227345,64.255073,128.854468,100.412532,9.37898,149348242.0
US,INTC,2026-06-16,-8.45456,118.696,113.533,115.0775,89.7505,115.736,110.923667,4.812334,5.10423,-0.583792,54.815576,129.015216,101.139784,9.616195,146016140.4
US,INTC,2026-06-17,3.46006,121.508,114.372,115.5925,91.035333,116.561231,111.677469,4.883762,5.060136,-0.352748,57.343921,129.620818,101.564182,9.511467,144550424.4
US,INTC,2026-06-18,10.644096,124.914,116.593,116.344,92.534167,119.24258,113.330249,5.912331,5.230575,1.363512,64.20845,132.467284,100.220716,9.85922,153645680.4
US,INTC,2026-06-22,5.186954,128.188,120.77,117.466,94.096833,122.580645,115.375416,7.205229,5.625506,3.159446,67.267106,136.8306,98.1014,9.687847,148778448.6
US,INTC,2026-06-23,-6.144459,129.072,122.971,118.088,95.5665,124.072853,116.627607,7.445246,5.989454,2.911584,60.346844,138.489077,97.686923,9.898715,148023852.0
