country,code,time,raw_open,raw_high,raw_low,raw_close,adj_open,adj_high,adj_low,adj_close,volume,amount,adj_factor,float_shares,float_market_cap,total_shares,total_market_cap,turnover_rate
CN,002245,2016-06-20,13.89,14.13,13.5,13.8,9.0966,9.2538,8.8412,9.0377,49274023.0,680160429.2,0.6528421053,9.04895928,124.875638,9.75208665,134.578796,0.05052664600760084
CN,002245,2016-06-21,14.05,14.1,13.05,13.4,9.2014,9.2342,8.5465,8.7757,62345115.0,839137140.6,0.6528421053,9.04895928,121.256054,9.75208665,130.677961,0.0639300256832726
CN,002245,2016-06-22,13.39,13.72,13.07,13.6,8.7692,8.9853,8.5596,8.9067,45787784.0,614710665.3,0.6528421053,9.04895928,123.065846,9.75208665,132.628378,0.04695178134004787
CN,002245,2016-06-23,13.63,13.72,13.1,13.31,8.9264,8.9853,8.5793,8.7168,41667757.0,559308144.4,0.6528421053,9.04895928,120.441648,9.75208665,129.800273,0.04272701678670995
CN,002245,2016-06-24,13.27,13.85,12.76,13.49,8.6906,9.0704,8.3566,8.8347,49625147.0,666617896.4,0.6528421053,9.04895928,122.070461,9.75208665,131.555649,0.05088669613082242
CN,002245,2016-06-27,13.3,13.72,13.21,13.64,8.7102,8.9853,8.651299999999999,8.9329,45662422.0,614304219.0,0.6528421053,9.04895928,123.427805,9.75208665,133.018462,0.04682323244123348
CN,002245,2016-06-28,13.58,13.82,13.11,13.25,8.8936,9.0508,8.5858,8.6775,46488491.0,622339930.1,0.6528421053,9.04895928,119.89871,9.75208665,129.215148,0.047670301411852196
CN,002245,2016-06-29,13.3,13.45,13.12,13.19,8.7102,8.8085,8.5924,8.6382,41436981.0,549968689.9,0.6528421053,9.04895928,119.355773,9.75208665,128.630023,0.04249037409855253
CN,002245,2016-06-30,13.35,13.35,12.56,12.77,8.743,8.743,8.2256,8.3631,49597621.0,634943244.4,0.6528421053,9.04895928,115.55521,9.75208665,124.534147,0.050858470376696246
CN,002245,2016-07-01,12.78,12.89,12.52,12.77,8.3697,8.4417,8.1994,8.3631,28471796.0,362328743.7,0.6528421053,9.04895928,115.55521,9.75208665,124.534147,0.029195593745057626
CN,002245,2016-07-04,12.61,12.96,12.55,12.84,8.2584,8.4876,8.2191,8.409,30016729.0,383938394.3,0.6528421053,9.04895928,116.188637,9.75208665,125.216793,0.030779801366920788
CN,002245,2016-07-05,12.9,13.43,12.46,13.25,8.4483,8.7954,8.1601,8.6775,71361529.0,928175023.1,0.6528421053,9.04895928,119.89871,9.75208665,129.215148,0.07317565107976147
CN,002245,2016-07-06,13.1,14.19,12.96,13.81,8.5793,9.2931,8.4876,9.0442,83893123.0,1148963462.8,0.6528421053,9.04895928,124.966128,9.75208665,134.676317,0.08602581786945053
CN,002245,2016-07-07,13.7,14.83,13.51,14.66,8.9722,9.7122,8.8478,9.6009,83720810.0,1181034231.7,0.6528421053,9.04895928,132.657743,9.75208665,142.96559,0.08584912440251953
CN,002245,2016-07-08,14.5,14.96,14.03,14.05,9.4961,9.7974,9.1883,9.2014,46089722.0,666316504.8,0.6528421053,9.04895928,127.137878,9.75208665,137.016817,0.04726139507794467
CN,002245,2016-07-11,13.9,14.0,13.34,13.54,9.1032,9.1687,8.7364,8.8674,38855393.0,528766195.9,0.6528421053,9.04895928,122.522909,9.75208665,132.043253,0.039843158079404466
CN,002245,2016-07-12,13.38,13.76,12.75,13.22,8.762599999999999,9.0115,8.35,8.6578,36562588.0,482435047.3,0.6528421053,9.04895928,119.627242,9.75208665,128.922586,0.037492066377404466
CN,002245,2016-07-13,13.3,13.58,13.12,13.21,8.7102,8.8936,8.5924,8.651299999999999,25451230.0,338511403.2,0.6528421053,9.04895928,119.536752,9.75208665,128.825065,0.026098240216108
CN,002245,2016-07-14,13.28,13.65,13.07,13.38,8.6971,8.9395,8.5596,8.762599999999999,31115504.0,415717111.9,0.6528421053,9.04895928,121.075075,9.75208665,130.482919,0.03190650895211231
CN,002245,2016-07-15,13.36,13.59,13.1,13.32,8.7495,8.9002,8.5793,8.7233,23127477.0,308075769.8,0.6528421053,9.04895928,120.532138,9.75208665,129.897794,0.02371541376737049
CN,002245,2016-07-18,13.27,13.31,12.8,12.86,8.6906,8.7168,8.3828,8.4221,20235013.0,263143622.3,0.6528421053,9.04895928,116.369616,9.75208665,125.411834,0.020749418792336098
CN,002245,2016-07-19,12.87,13.09,12.85,13.01,8.4286,8.5727,8.4155,8.5203,12892806.0,167105983.0,0.6528421053,9.04895928,117.72696,9.75208665,126.874647,0.013220561365705255
CN,002245,2016-07-20,13.0,13.15,12.95,12.98,8.5138,8.612,8.481,8.5007,13083637.0,170477340.6,0.6528421053,9.04895928,117.455491,9.75208665,126.582085,0.01341624358926302
CN,002245,2016-07-21,13.05,13.09,12.5,12.65,8.5465,8.5727,8.1863,8.2846,34661265.0,441092599.2,0.6528421053,9.04895928,114.469335,9.75208665,123.363896,0.03554240876233395
CN,002245,2016-07-22,12.65,12.65,11.9,11.99,8.2846,8.2846,7.7934,7.8523,43039418.0,522838865.1,0.6528421053,9.04895928,108.497022,9.75208665,116.927519,0.044133547562356816
CN,002245,2016-07-25,11.99,11.99,10.9,11.12,7.8523,7.8523,7.1385,7.2825,54279734.0,613832095.3,0.6528421053,9.04895928,100.624427,9.75208665,108.443204,0.055659610038432124
CN,002245,2016-07-26,11.1,11.36,10.92,11.35,7.2694,7.4397,7.1516,7.4332,26679897.0,299354949.6,0.6528421053,9.04895928,102.705688,9.75208665,110.686183,0.027358141859824426
CN,002245,2016-07-27,11.37,11.41,10.42,10.65,7.4463,7.4725,6.8241,6.9747,37647884.0,412488922.6,0.6528421053,9.04895928,96.371416,9.75208665,103.859723,0.038604952305258684
CN,002245,2016-07-28,10.73,11.02,10.51,11.02,7.0271,7.2171,6.8831,7.2171,29089098.0,315535330.6,0.6528421053,9.04895928,99.719531,9.75208665,107.467995,0.02982858853084534
CN,002245,2016-07-29,11.0,11.02,10.63,10.85,7.204,7.2171,6.9616,7.1057,17454067.0,189480511.9,0.6528421053,9.04895928,98.181208,9.75208665,105.81014,0.017897776779905866
CN,002245,2016-08-01,10.8,11.1,10.42,11.0,7.073,7.2694,6.8241,7.204,19308330.0,207887600.8,0.6528421053,9.04895928,99.538552,9.75208665,107.272953,0.019799178055908678
CN,002245,2016-08-02,10.95,11.36,10.89,11.29,7.1712,7.4397,7.1319,7.3939,22599098.0,253823311.8,0.6528421053,9.04895928,102.16275,9.75208665,110.101058,0.02317360254382071
CN,002245,2016-08-03,11.2,11.74,11.16,11.3,7.3349,7.6886,7.3087,7.4004,28097193.0,322725347.0,0.6528421053,9.04895928,102.25324,9.75208665,110.198579,0.02881146774880225
CN,002245,2016-08-04,11.22,11.6,11.2,11.45,7.348,7.5969,7.3349,7.4987,22519947.0,257233523.2,0.6528421053,9.04895928,103.610584,9.75208665,111.661392,0.023092439401161388
CN,002245,2016-08-05,11.41,11.49,11.04,11.13,7.4725,7.5249,7.2302,7.2891,19018464.0,213611290.0,0.6528421053,9.04895928,100.714917,9.75208665,108.540724,0.019501943207200684
CN,002245,2016-08-08,11.03,11.13,10.8,11.0,7.2236,7.2891,7.073,7.204,17300557.0,188613623.2,0.6528421053,9.04895928,99.538552,9.75208665,107.272953,0.017740364314748985
CN,002245,2016-08-09,11.02,11.11,10.94,11.07,7.2171,7.276,7.1647,7.2498,11213040.0,123651626.7,0.6528421053,9.04895928,100.171979,9.75208665,107.955599,0.011498093077341554
CN,002245,2016-08-10,11.1,11.23,10.95,11.06,7.2694,7.3546,7.1712,7.2433,16471255.0,182449696.2,0.6528421053,9.04895928,100.08149,9.75208665,107.858078,0.016889980156195597
CN,002245,2016-08-11,11.06,11.06,10.6,10.63,7.2433,7.2433,6.942,6.9616,19454727.0,209605806.8,0.6528421053,9.04895928,96.190437,9.75208665,103.664681,0.019949296697440642
CN,002245,2016-08-12,10.59,11.05,10.58,10.86,6.9354,7.2367,6.9289,7.1123,20267689.0,221198805.2,0.6528421053,9.04895928,98.271698,9.75208665,105.907661,0.02078292546754596
CN,002245,2016-08-15,10.95,11.26,10.67,11.15,7.1712,7.3742,6.9878,7.3022,28490646.0,312983757.6,0.6528421053,9.04895928,100.895896,9.75208665,108.735766,0.029214922941645516
CN,002245,2016-08-16,11.1,11.87,11.05,11.68,7.2694,7.7737,7.2367,7.6493,46997279.0,544677719.2,0.6528421053,9.04895928,105.691844,9.75208665,113.904372,0.048192023601430975
CN,002245,2016-08-17,11.55,11.89,11.53,11.72,7.5642,7.7868,7.5511,7.6754999999999995,27425503.0,322004778.1,0.6528421053,9.04895928,106.053803,9.75208665,114.294456,0.02812270233468444
CN,002245,2016-08-18,11.78,11.79,11.36,11.42,7.7148,7.7213,7.4397,7.479,21860950.0,251709900.8,0.6528421053,9.04895928,103.339115,9.75208665,111.36883,0.02241668966302714
CN,002245,2016-08-19,11.45,11.5,11.25,11.38,7.4987,7.5314,7.3677,7.4528,11352477.0,129037204.9,0.6528421053,9.04895928,102.977157,9.75208665,110.978746,0.011641074784748759
CN,002245,2016-08-22,11.37,11.64,11.3,11.36,7.4463,7.6231,7.4004,7.4397,14834533.0,170561802.0,0.6528421053,9.04895928,102.796177,9.75208665,110.783704,0.015211650113875883
CN,002245,2016-08-23,11.38,11.43,11.03,11.11,7.4528,7.4856,7.2236,7.276,14715387.0,164720943.7,0.6528421053,9.04895928,100.533938,9.75208665,108.345683,0.015089475235538436
CN,002245,2016-08-24,11.16,11.26,11.06,11.12,7.3087,7.3742,7.2433,7.2825,10431753.0,115987768.8,0.6528421053,9.04895928,100.624427,9.75208665,108.443204,0.01069694453545488
CN,002245,2016-08-25,11.02,11.08,10.72,10.92,7.2171,7.2564,7.0206,7.1516,16615662.0,180433571.4,0.6528421053,9.04895928,98.814635,9.75208665,106.492786,0.01703805820880396
CN,002245,2016-08-26,10.91,11.08,10.74,10.82,7.145,7.2564,7.0337,7.0861,14202441.0,154732004.2,0.6528421053,9.04895928,97.909739,9.75208665,105.517578,0.014563489343073052
CN,002245,2016-08-29,10.81,11.0,10.8,10.91,7.0795,7.204,7.073,7.145,10162638.0,110834791.8,0.6528421053,9.04895928,98.724146,9.75208665,106.395265,0.01042098820973868
CN,002245,2016-08-30,10.91,11.04,10.91,10.92,7.145,7.2302,7.145,7.1516,6676189.0,73153200.8,0.6528421053,9.04895928,98.814635,9.75208665,106.492786,0.006845908203656085
CN,002245,2016-08-31,10.93,11.03,10.76,10.99,7.1581,7.2236,7.0468,7.1974,8520375.0,92930978.4,0.6528421053,9.04895928,99.448062,9.75208665,107.175432,0.008736976306501542
CN,002245,2016-09-01,10.96,11.06,10.8,10.8,7.1778,7.2433,7.073,7.073,8725690.0,95343724.3,0.6528421053,9.04895928,97.72876,9.75208665,105.322536,0.008947510736074108
CN,002245,2016-09-02,10.73,10.84,10.44,10.51,7.0271,7.0992,6.8372,6.8831,16478336.0,174677620.4,0.6528421053,9.04895928,95.104562,9.75208665,102.494431,0.016897241166330283
CN,002245,2016-09-05,10.53,10.71,10.5,10.55,6.8962,7.014,6.8765,6.9093,11595063.0,123117555.9,0.6528421053,9.04895928,95.46652,9.75208665,102.884514,0.011889827701643728
CN,002245,2016-09-06,10.65,11.6,10.56,11.5,6.9747,7.5969,6.9158,7.5314,42696893.0,477065312.5,0.6528421053,9.04895928,104.063032,9.75208665,112.148996,0.043782315039212656
CN,002245,2016-09-07,11.67,12.09,11.36,11.52,7.6427,7.9178,7.4397,7.5445,66781924.0,786796098.9,0.6528421053,9.04895928,104.244011,9.75208665,112.344038,0.06847962533228721
CN,002245,2016-09-08,11.37,11.84,11.37,11.56,7.4463,7.7541,7.4463,7.5707,24999445.0,290230765.9,0.6528421053,9.04895928,104.605969,9.75208665,112.734122,0.025634970132263946
CN,002245,2016-09-09,11.62,12.08,11.5,11.74,7.61,7.9113,7.5314,7.6886,44306610.0,524151604.3,0.6528421053,9.04895928,106.234782,9.75208665,114.489497,0.04543295357204399
CN,002245,2016-09-12,11.38,11.51,10.8,10.8,7.4528,7.538,7.073,7.073,36442149.0,404982376.9,0.6528421053,9.04895928,97.72876,9.75208665,105.322536,0.03736856562897746
CN,002245,2016-09-13,10.9,11.07,10.7,10.86,7.1385,7.2498,7.0075,7.1123,17946476.0,194560907.2,0.6528421053,9.04895928,98.271698,9.75208665,105.907661,0.018402703589595358
CN,002245,2016-09-14,10.73,10.8,10.55,10.63,7.0271,7.073,6.9093,6.9616,16556982.0,175882666.0,0.6528421053,9.04895928,96.190437,9.75208665,103.664681,0.01697788647109693
CN,002245,2016-09-19,10.63,10.77,10.57,10.7,6.9616,7.0533,6.9223,7.0075,11646413.0,124147508.8,0.6528421053,9.04895928,96.823864,9.75208665,104.347327,0.011942483099245225
CN,002245,2016-09-20,10.7,10.75,10.48,10.6,7.0075,7.0402,6.8634,6.942,15865023.0,167929313.3,0.6528421053,9.04895928,95.918968,9.75208665,103.372118,0.0162683367871839
CN,002245,2016-09-21,10.6,10.66,10.55,10.57,6.942,6.9813,6.9093,6.9223,10473056.0,111044092.7,0.6528421053,9.04895928,95.6475,9.75208665,103.079556,0.010739297522546109
CN,002245,2016-09-22,10.63,10.66,10.54,10.57,6.9616,6.9813,6.9027,6.9223,13165276.0,139311655.0,0.6528421053,9.04895928,95.6475,9.75208665,103.079556,0.013499957980787628
CN,002245,2016-09-23,10.57,10.6,10.08,10.23,6.9223,6.942,6.6014,6.6997,27900108.0,286541241.4,0.6528421053,9.04895928,92.570853,9.75208665,99.763846,0.028609372538747894
CN,002245,2016-09-26,10.23,10.28,9.65,9.67,6.6997,6.7324,6.3198,6.3329,33174168.0,327982957.3,0.6528421053,9.04895928,87.503436,9.75208665,94.302678,0.034017507422373035
CN,002245,2016-09-27,9.66,9.74,9.43,9.67,6.3264,6.3788,6.1758,6.3329,20072337.0,192625097.1,0.6528421053,9.04895928,87.503436,9.75208665,94.302678,0.02058260731307181
CN,002245,2016-09-28,9.68,9.7,9.55,9.61,6.3395,6.3526,6.2543,6.2936,11731711.0,112683772.3,0.6528421053,9.04895928,86.960499,9.75208665,93.717553,0.01202994950829318
CN,002245,2016-09-29,9.61,9.66,9.53,9.55,6.2936,6.3264,6.2412,6.2543,10844998.0,104095352.9,0.6528421053,9.04895928,86.417561,9.75208665,93.132428,0.011120694872004648
CN,002245,2016-09-30,9.57,9.74,9.51,9.7,6.2674,6.3788,6.2281,6.3526,10572311.0,102236524.7,0.6528421053,9.04895928,87.774905,9.75208665,94.595241,0.010841075740441661
CN,002245,2016-10-10,9.78,10.24,9.78,10.22,6.405,6.7062,6.405,6.6931,21625774.0,217178212.2,0.6528421053,9.04895928,92.480364,9.75208665,99.666326,0.02217553511996327
CN,002245,2016-10-11,10.23,10.69,10.16,10.63,6.6997,7.0009,6.6538,6.9616,33865968.0,354923635.5,0.6528421053,9.04909483,96.191878,9.7522222,103.666122,0.03472641138139777
CN,002245,2016-10-12,10.54,10.94,10.42,10.56,6.9027,7.1647,6.8241,6.9158,32163057.0,344667537.9,0.6528421053,9.04909483,95.558441,9.7522222,102.983466,0.032980233981953364
CN,002245,2016-10-13,10.6,10.95,10.55,10.67,6.942,7.1712,6.9093,6.9878,24790871.0,266096307.0,0.6528421053,9.04909483,96.553842,9.7522222,104.056211,0.025420740515941075
CN,002245,2016-10-14,10.64,10.78,10.5,10.66,6.9681999999999995,7.0599,6.8765,6.9813,15017371.0,159617013.2,0.6528421053,9.04909483,96.463351,9.7522222,103.958689,0.015398922104133354
CN,002245,2016-10-17,10.65,11.27,10.65,11.0,6.9747,7.3808,6.9747,7.204,44071636.0,487436732.2,0.6528421053,9.04909483,99.540043,9.7522222,107.274444,0.045191378022539315
CN,002245,2016-10-18,11.0,11.4,10.87,11.35,7.204,7.4658999999999995,7.1188,7.4332,42987880.0,482577250.0,0.6528421053,9.04909483,102.707226,9.7522222,110.687722,0.04408008669039555
CN,002245,2016-10-19,11.25,11.39,11.03,11.14,7.3677,7.4594,7.2236,7.2956,20467726.0,228293025.1,0.6528421053,9.04909483,100.806916,9.7522222,108.639755,0.020987756000883574
CN,002245,2016-10-20,11.13,11.37,11.03,11.14,7.2891,7.4463,7.2236,7.2956,17159842.0,192601706.7,0.6528421053,9.04909483,100.806916,9.7522222,108.639755,0.01759582754379817
CN,002245,2016-10-21,11.04,11.14,10.59,10.9,7.2302,7.2956,6.9354,7.1385,20760836.0,225516621.8,0.6528421053,9.04909483,98.635134,9.7522222,106.299222,0.0212883131395427
CN,002245,2016-10-24,10.85,10.92,10.7,10.87,7.1057,7.1516,7.0075,7.1188,16500193.0,178105911.0,0.6528421053,9.04909483,98.363661,9.7522222,106.006655,0.01691941863260663
CN,002245,2016-10-25,10.9,11.27,10.89,10.99,7.1385,7.3808,7.1319,7.1974,22557636.0,249700648.0,0.6528421053,9.04909483,99.449552,9.7522222,107.176922,0.02313076500656435
CN,002245,2016-10-26,10.88,10.98,10.66,10.75,7.1254,7.1909,6.9813,7.0402,17142495.0,184283282.7,0.6528421053,9.04909483,97.277769,9.7522222,104.836389,0.017578039803071755
CN,002245,2016-10-27,10.74,10.98,10.68,10.89,7.0337,7.1909,6.9944,7.1319,13613904.0,147944205.7,0.6528421053,9.04909483,98.544643,9.7522222,106.2017,0.013959796773293374
CN,002245,2016-10-28,10.83,10.97,10.66,10.68,7.0926,7.1843,6.9813,6.9944,11923760.0,128220759.3,0.6528421053,9.04909483,96.644333,9.7522222,104.153733,0.012226710749063941
CN,002245,2016-10-31,10.63,10.73,10.37,10.49,6.9616,7.0271,6.7914,6.87,15348517.0,160992578.0,0.6528421053,9.04909483,94.925005,9.7522222,102.300811,0.01573848163549842
CN,002245,2016-11-01,10.48,10.73,10.46,10.73,6.8634,7.0271,6.8503,7.0271,13100934.0,139204441.0,0.6528421053,9.04909483,97.096788,9.7522222,104.641344,0.01343379358193869
CN,002245,2016-11-02,10.74,10.76,10.49,10.52,7.0337,7.0468,6.87,6.8896,11341246.0,119979900.0,0.6528421053,9.04909483,95.196478,9.7522222,102.593378,0.011629396631262156
CN,002245,2016-11-03,10.47,10.66,10.45,10.6,6.8568999999999996,6.9813,6.8438,6.942,11934560.0,126188185.0,0.6528421053,9.04909483,95.920405,9.7522222,103.373555,0.012237785148086556
CN,002245,2016-11-04,10.61,10.83,10.59,10.64,6.9485,7.0926,6.9354,6.9681999999999995,17547738.0,188051816.0,0.6528421053,9.04909483,96.282369,9.7522222,103.763644,0.01799357894039781
CN,002245,2016-11-07,10.6,10.64,10.32,10.34,6.942,6.9681999999999995,6.7586,6.7717,18450814.0,192021993.0,0.6528421053,9.04909483,93.567641,9.7522222,100.837978,0.0189195996785225
CN,002245,2016-11-08,10.38,10.48,10.36,10.38,6.7979,6.8634,6.7848,6.7979,10381098.0,108226940.0,0.6528421053,9.04909483,93.929604,9.7522222,101.228066,0.010644853846746847
CN,002245,2016-11-09,10.42,10.42,10.04,10.19,6.8241,6.8241,6.5752,6.6735,20268362.0,205959872.0,0.6528421053,9.04909483,92.210276,9.7522222,99.375144,0.020783326696555377
CN,002245,2016-11-10,10.23,10.34,10.14,10.29,6.6997,6.7717,6.6407,6.739,17357389.0,177312321.0,0.6528421053,9.04909483,93.115186,9.7522222,100.350366,0.017798393683031544
CN,002245,2016-11-11,10.28,10.28,9.97,10.14,6.7324,6.7324,6.5294,6.6407,29704663.0,299242255.0,0.6528421053,9.04909483,91.757822,9.7522222,98.887533,0.03045937878650878
CN,002245,2016-11-14,10.13,10.21,10.0,10.05,6.6342,6.6866,6.5491,6.5818,23542649.0,237087263.0,0.6528421053,9.04909483,90.943403,9.7522222,98.009833,0.024140804544014596
CN,002245,2016-11-15,10.1,10.37,9.98,10.33,6.6145,6.7914,6.536,6.7652,31157783.0,316355424.0,0.6528421053,9.04909483,93.47715,9.7522222,100.740455,0.03194941866685523
CN,002245,2016-11-16,10.28,10.49,10.25,10.3,6.7324,6.87,6.7128,6.7455,24165643.0,250578583.0,0.6528421053,9.04909483,93.205677,9.7522222,100.447889,0.024779627150004847
CN,002245,2016-11-17,10.32,10.37,10.0,10.14,6.7586,6.7914,6.5491,6.6407,20796563.0,211438741.0,0.6528421053,9.04909483,91.757822,9.7522222,98.887533,0.021324947866753898
CN,002245,2016-11-18,10.09,10.28,10.07,10.16,6.608,6.7324,6.5949,6.6538,12313523.0,125507377.0,0.6528421053,9.04909483,91.938803,9.7522222,99.082578,0.01262637658112425
CN,002245,2016-11-21,10.17,10.34,10.14,10.26,6.6604,6.7717,6.6407,6.7193000000000005,13377091.0,137047267.0,0.6528421053,9.04909483,92.843713,9.7522222,100.0578,0.01371696699035426
CN,002245,2016-11-22,10.3,10.34,10.13,10.3,6.7455,6.7717,6.6342,6.7455,19363175.0,197872949.0,0.6528421053,9.04909483,93.205677,9.7522222,100.447889,0.01985514132358469
CN,002245,2016-11-23,10.35,10.38,10.08,10.11,6.7783,6.7979,6.6014,6.6211,32666287.0,333083705.0,0.6528421053,9.04909483,91.486349,9.7522222,98.594966,0.033496249706041356
CN,002245,2016-11-24,10.08,10.13,9.9,9.93,6.6014,6.6342,6.4836,6.5032,20949334.0,209719433.0,0.6528421053,9.04909483,89.857512,9.7522222,96.839566,0.021481600367965367
CN,002245,2016-11-25,9.94,10.07,9.74,10.06,6.5098,6.5949,6.3788,6.5883,14371083.0,142508079.0,0.6528421053,9.04909483,91.033894,9.7522222,98.107355,0.014736213660103028
CN,002245,2016-11-28,10.09,10.1,9.94,9.95,6.608,6.6145,6.5098,6.5163,12534851.0,125128012.0,0.6528421053,9.04909483,90.038494,9.7522222,97.034611,0.01285332793176103
CN,002245,2016-11-29,9.99,9.99,9.71,9.73,6.5425,6.5425,6.3591,6.3722,18165005.0,178461583.0,0.6528421053,9.04909483,88.047693,9.7522222,94.889122,0.018626529038684128
CN,002245,2016-11-30,9.71,9.9,9.53,9.79,6.3591,6.4836,6.2412,6.4115,12930876.0,126165902.0,0.6528421053,9.04909483,88.590638,9.7522222,95.474255,0.013259414864439819
CN,002245,2016-12-01,9.75,9.87,9.74,9.78,6.3853,6.4639,6.3788,6.405,8585248.0,84038626.0,0.6528421053,9.04909483,88.500147,9.7522222,95.376733,0.008803376116676259
CN,002245,2016-12-02,9.8,9.81,9.57,9.63,6.4181,6.4246,6.2674,6.3067,14112202.0,136388094.0,0.6528421053,9.04909483,87.142783,9.7522222,93.9139,0.014470755188494371
CN,002245,2016-12-05,9.55,9.85,9.53,9.7,6.2543,6.4508,6.2412,6.3526,10426478.0,101627951.0,0.6528421053,9.04909483,87.77622,9.7522222,94.596555,0.010691386830788166
CN,002245,2016-12-06,9.73,9.82,9.62,9.78,6.3722,6.4312000000000005,6.3002,6.405,9879400.0,96097908.0,0.6528421053,9.04909483,88.500147,9.7522222,95.376733,0.010130409046668358
CN,002245,2016-12-07,9.78,9.85,9.73,9.84,6.405,6.4508,6.3722,6.4443,8210203.0,80520231.0,0.6528421053,9.04909483,89.043093,9.7522222,95.961866,0.008418802229506214
CN,002245,2016-12-08,9.88,9.88,9.78,9.79,6.4705,6.4705,6.405,6.4115,6961980.0,68375221.0,0.6528421053,9.04909483,88.590638,9.7522222,95.474255,0.007138865232172417
CN,002245,2016-12-09,9.75,9.8,9.62,9.66,6.3853,6.4181,6.3002,6.3264,9845259.0,95491292.0,0.6528421053,9.04909483,87.414256,9.7522222,94.206466,0.010095400615461776
CN,002245,2016-12-12,9.67,9.68,8.98,8.98,6.3329,6.3395,5.8811,5.8811,27132700.0,250175694.0,0.6528421053,9.04909483,81.260872,9.7522222,87.574955,0.027822069107490188
CN,002245,2016-12-13,8.98,9.05,8.77,8.99,5.8811,5.9269,5.7435,5.8876,11064527.0,99218124.0,0.6528421053,9.04909483,81.351363,9.7522222,87.672478,0.01134564694393448
CN,002245,2016-12-14,8.99,9.01,8.63,8.66,5.8876,5.9007,5.6518,5.6715,16108310.0,141476317.0,0.6528421053,9.04909483,78.365161,9.7522222,84.454244,0.016517578937034472
CN,002245,2016-12-15,8.67,8.98,8.6,8.8,5.678,5.8811,5.6322,5.7632,13065826.0,115243662.0,0.6528421053,9.04909483,79.632035,9.7522222,85.819555,0.013397793581856656
CN,002245,2016-12-16,8.8,8.97,8.78,8.87,5.7632,5.8745,5.7501,5.809,7834149.0,69690325.0,0.6528421053,9.04909483,80.265471,9.7522222,86.502211,0.008033193706353409
CN,002245,2016-12-19,8.93,8.98,8.81,8.9,5.8483,5.8811,5.7697,5.8286999999999995,6031560.0,53708425.0,0.6528421053,9.04909483,80.536944,9.7522222,86.794778,0.006184805756374173
CN,002245,2016-12-20,8.9,8.96,8.76,8.86,5.8286999999999995,5.868,5.737,5.8025,8054453.0,71257598.0,0.6528421053,9.04909483,80.17498,9.7522222,86.404689,0.008259095039897676
CN,002245,2016-12-21,8.9,9.75,8.9,9.35,5.8286999999999995,6.3853,5.8286999999999995,6.1234,25939378.0,243951673.0,0.6528421053,9.04909483,84.609037,9.7522222,91.183278,0.026598427997262
CN,002245,2016-12-22,9.26,9.4,9.18,9.3,6.0644,6.1561,6.012,6.0906,11082581.0,102934238.0,0.6528421053,9.04909483,84.156582,9.7522222,90.695666,0.011364159647633952
CN,002245,2016-12-23,9.26,9.48,9.19,9.31,6.0644,6.2085,6.0186,6.0972,11797722.0,110189787.0,0.6528421053,9.04909483,84.247073,9.7522222,90.793189,0.012097470461655395
CN,002245,2016-12-26,9.3,9.3,9.12,9.2,6.0906,6.0906,5.9727,6.0251,12001163.0,110078078.0,0.6528421053,9.04909483,83.251672,9.7522222,89.720444,0.01230608035161463
CN,002245,2016-12-27,9.19,9.27,9.15,9.19,6.0186,6.071,5.9924,6.0186,6602809.0,60744605.0,0.6528421053,9.04909483,83.161181,9.7522222,89.622922,0.006770568660750983
CN,002245,2016-12-28,9.2,9.22,9.0,9.03,6.0251,6.0382,5.8941,5.9138,9339500.0,84875103.0,0.6528421053,9.04909483,81.713326,9.7522222,88.062566,0.009576791636269321
CN,002245,2016-12-29,9.02,9.02,8.9,8.9,5.9072,5.9072,5.8286999999999995,5.8286999999999995,7460489.0,66787252.0,0.6528421053,9.04909483,80.536944,9.7522222,86.794778,0.007650040008317284
CN,002245,2016-12-30,8.9,8.95,8.88,8.92,5.8286999999999995,5.8614,5.8156,5.8418,4572623.0,40779555.0,0.6528421053,9.04909483,80.717926,9.7522222,86.989822,0.004688801081665264
CN,002245,2017-01-03,9.05,9.38,9.05,9.28,5.9269,6.143,5.9269,6.0775,19165911.0,177660783.0,0.6528421053,9.04909483,83.9756,9.7522222,90.500622,0.019652865374622002
CN,002245,2017-01-04,9.26,10.21,9.26,10.21,6.0644,6.6866,6.0644,6.6866,35998931.0,359790598.0,0.6528421053,9.04914234,92.391743,9.75226971,99.570674,0.036913387416968806
CN,002245,2017-01-05,10.73,10.78,10.27,10.38,7.0271,7.0599,6.7259,6.7979,93793779.0,984485048.0,0.6528421053,9.04914234,93.930097,9.75226971,101.22856,0.09617635872377857
CN,002245,2017-01-06,10.2,10.2,9.95,9.95,6.68,6.68,6.5163,6.5163,43472655.0,438702836.0,0.6528421053,9.04914234,90.038966,9.75226971,97.035084,0.044576961356414334
CN,002245,2017-01-09,9.95,10.17,9.9,9.98,6.5163,6.6604,6.4836,6.536,34044019.0,341438416.0,0.6528421053,9.04914234,90.310441,9.75226971,97.327652,0.034908816113946466
CN,002245,2017-01-10,9.97,9.97,9.76,9.85,6.5294,6.5294,6.3919,6.4508,23347909.0,230045705.0,0.6528421053,9.04914234,89.134052,9.75226971,96.059857,0.023941000089506344
CN,002245,2017-01-11,9.8,9.95,9.6,9.62,6.4181,6.5163,6.2871,6.3002,22838232.0,222288413.0,0.6528421053,9.04914234,87.052749,9.75226971,93.816835,0.02341837611051879
CN,002245,2017-01-12,9.72,9.76,9.48,9.51,6.3657,6.3919,6.2085,6.2281,14793348.0,141917428.0,0.6528421053,9.04914234,86.057344,9.75226971,92.744085,0.015169133381156252
CN,002245,2017-01-13,9.5,9.57,9.3,9.3,6.2216,6.2674,6.0906,6.0906,16029056.0,151585453.0,0.6528421053,9.04914234,84.157024,9.75226971,90.696108,0.016436231232985453
CN,002245,2017-01-16,9.3,9.33,8.4,8.9,6.0906,6.1103,5.5012,5.8286999999999995,24938918.0,223106257.0,0.6528421053,9.04914234,80.537367,9.75226971,86.7952,0.025572424411547577
CN,002245,2017-01-17,8.85,9.22,8.84,9.2,5.7959,6.0382,5.7894,6.0251,18519151.0,167673696.0,0.6528421053,9.04914234,83.25211,9.75226971,89.720881,0.018989580426606145
CN,002245,2017-01-18,9.16,9.3,9.02,9.07,5.9989,6.0906,5.9072,5.9399999999999995,10716543.0,98117043.0,0.6528421053,9.04914234,82.075721,9.75226971,88.453086,0.010988768070074222
CN,002245,2017-01-19,9.08,9.34,8.97,9.28,5.9465,6.1168,5.8745,6.0775,16189561.0,149295760.0,0.6528421053,9.04914234,83.976041,9.75226971,90.501063,0.01660081343258912
CN,002245,2017-01-20,9.21,9.38,9.2,9.32,6.0317,6.143,6.0251,6.1037,9254998.0,86321886.0,0.6528421053,9.04914234,84.338007,9.75226971,90.891154,0.009490096434176655
CN,002245,2017-01-23,9.33,9.53,9.3,9.44,6.1103,6.2412,6.0906,6.1823,8263510.0,77967289.0,0.6528421053,9.04914234,85.423904,9.75226971,92.061426,0.008473422337290957
CN,002245,2017-01-24,9.4,9.49,9.13,9.16,6.1561,6.2151,5.9793,5.9989,13348086.0,123078867.0,0.6528421053,9.04914234,82.890144,9.75226971,89.330791,0.013687158371258787
CN,002245,2017-01-25,9.16,9.25,9.09,9.21,5.9989,6.0579,5.9531,6.0317,6511760.0,59891457.0,0.6528421053,9.04914234,83.342601,9.75226971,89.818404,0.0066771738206981976
CN,002245,2017-01-26,9.2,9.51,9.2,9.48,6.0251,6.2281,6.0251,6.2085,11206724.0,105486570.0,0.6528421053,9.04914234,85.785869,9.75226971,92.451517,0.011491400805402868
CN,002245,2017-02-03,9.49,9.74,9.41,9.56,6.2151,6.3788,6.1627,6.2609,11155451.0,107157119.0,0.6528421053,9.04914234,86.509801,9.75226971,93.231698,0.011438825352175375
CN,002245,2017-02-06,9.56,9.92,9.41,9.85,6.2609,6.4967,6.1627,6.4508,21785702.0,212222873.0,0.6528421053,9.04914234,89.134052,9.75226971,96.059857,0.022339109405127393
CN,002245,2017-02-07,9.8,9.9,9.73,9.84,6.4181,6.4836,6.3722,6.4443,12621850.0,123823190.0,0.6528421053,9.04914234,89.043561,9.75226971,95.962334,0.012942474290941242
CN,002245,2017-02-08,9.84,9.94,9.72,9.84,6.4443,6.5098,6.3657,6.4443,13048931.0,128384083.0,0.6528421053,9.04914234,89.043561,9.75226971,95.962334,0.013380404139786655
CN,002245,2017-02-09,9.85,10.11,9.81,9.83,6.4508,6.6211,6.4246,6.4376999999999995,21453838.0,214005909.0,0.6528421053,9.04914234,88.953069,9.75226971,95.864811,0.021998815289123088
CN,002245,2017-02-10,9.8,9.83,9.66,9.75,6.4181,6.4376999999999995,6.3264,6.3853,15373727.0,149696608.0,0.6528421053,9.04914234,88.229138,9.75226971,95.08463,0.01576425535507467
CN,002245,2017-02-13,9.73,10.05,9.73,9.92,6.3722,6.5818,6.3722,6.4967,21434893.0,213532036.0,0.6528421053,9.04914234,89.767492,9.75226971,96.742516,0.021979389042143298
CN,002245,2017-02-14,9.92,10.04,9.8,9.89,6.4967,6.5752,6.4181,6.477,23222117.0,230633183.0,0.6528421053,9.04914234,89.496018,9.75226971,96.449947,0.023812012680687028
CN,002245,2017-02-15,9.87,9.96,9.7,9.76,6.4639,6.5229,6.3526,6.3919,12839781.0,126474069.0,0.6528421053,9.04914234,88.319629,9.75226971,95.182152,0.013165941244256256
CN,002245,2017-02-16,9.77,9.85,9.7,9.8,6.3984,6.4508,6.3526,6.4181,9214599.0,90043659.0,0.6528421053,9.04914234,88.681595,9.75226971,95.572243,0.009448671205792564
CN,002245,2017-02-17,9.82,9.82,9.55,9.62,6.4312000000000005,6.4312000000000005,6.2543,6.3002,12456642.0,120411275.0,0.6528421053,9.04914234,87.052749,9.75226971,93.816835,0.012773069624219816
CN,002245,2017-02-20,9.6,9.94,9.58,9.88,6.2871,6.5098,6.274,6.4705,17320853.0,170360564.0,0.6528421053,9.04914234,89.405526,9.75226971,96.352425,0.017760842875622233
CN,002245,2017-02-21,9.93,9.98,9.85,9.94,6.5032,6.536,6.4508,6.5098,12031468.0,119251278.0,0.6528421053,9.04914234,89.948475,9.75226971,96.937561,0.012337095217601401
CN,002245,2017-02-22,9.96,10.07,9.83,10.06,6.5229,6.5949,6.4376999999999995,6.5883,22853051.0,228297910.0,0.6528421053,9.05213666,91.064495,9.75228915,98.108029,0.02343352483555105
CN,002245,2017-02-23,10.04,10.15,9.95,10.12,6.5752,6.6472999999999995,6.5163,6.6276,21012767.0,211396799.0,0.6528421053,9.05213666,91.607623,9.75228915,98.693166,0.021546497111398714
CN,002245,2017-02-24,10.12,10.12,9.95,10.01,6.6276,6.6276,6.5163,6.5556,13034222.0,130358489.0,0.6528421053,9.05213666,90.611888,9.75228915,97.620414,0.013365294854900813
CN,002245,2017-02-27,9.98,10.0,9.77,9.78,6.536,6.5491,6.3984,6.405,15441254.0,152148454.0,0.6528421053,9.08524666,88.853712,9.75228915,95.377388,0.015833466135486765
CN,002245,2017-02-28,9.78,10.01,9.78,9.95,6.405,6.5556,6.405,6.5163,11356635.0,112672627.0,0.6528421053,9.08524666,90.398204,9.75228915,97.035277,0.011645096679685715
CN,002245,2017-03-01,9.97,9.98,9.85,9.87,6.5294,6.536,6.4508,6.4639,10433104.0,103437620.0,0.6528421053,9.08524666,89.671385,9.75228915,96.255094,0.010698107736069332
CN,002245,2017-03-02,9.9,10.07,9.9,9.92,6.4836,6.5949,6.4836,6.4967,16137684.0,161178443.0,0.6528421053,9.08524666,90.125647,9.75228915,96.742708,0.016547585650698228
CN,002245,2017-03-03,9.88,10.47,9.8,10.31,6.4705,6.8568999999999996,6.4181,6.7521,50026681.0,509125758.0,0.6528421053,9.08524666,93.668893,9.75228915,100.546101,0.05129737257636583
CN,002245,2017-03-06,10.2,10.41,10.17,10.34,6.68,6.8176,6.6604,6.7717,29240261.0,300666290.0,0.6528421053,9.08524666,93.94145,9.75228915,100.83867,0.029982971741562853
CN,002245,2017-03-07,10.29,10.59,10.24,10.28,6.739,6.9354,6.7062,6.7324,27639426.0,287694884.0,0.6528421053,9.08524666,93.396336,9.75228915,100.253532,0.028341475088441162
CN,002245,2017-03-08,10.26,10.35,10.09,10.16,6.7193000000000005,6.7783,6.608,6.6538,16892202.0,171943686.0,0.6528421053,9.08524666,92.306106,9.75228915,99.083258,0.01732126861722512
CN,002245,2017-03-09,10.16,10.45,10.01,10.38,6.6538,6.8438,6.5556,6.7979,32522224.0,334049826.0,0.6528421053,9.08524666,94.30486,9.75228915,101.228761,0.03334829751228203
CN,002245,2017-03-10,10.4,10.51,10.28,10.35,6.811,6.8831,6.7324,6.7783,23835763.0,247763173.0,0.6528421053,9.09428866,94.125888,9.76133115,101.029777,0.02441855791358948
CN,002245,2017-03-13,10.29,10.48,10.13,10.36,6.739,6.8634,6.6342,6.7848,17256393.0,178201599.0,0.6528421053,9.09428866,94.216831,9.76133115,101.127391,0.017678319416507042
CN,002245,2017-03-14,10.35,10.43,10.15,10.21,6.7783,6.8307,6.6472999999999995,6.6866,19286449.0,197452974.0,0.6528421053,9.09428866,92.852687,9.76133115,99.663191,0.019758011180677954
CN,002245,2017-03-15,10.27,10.28,10.0,10.06,6.7259,6.7324,6.5491,6.5883,18030848.0,181894049.0,0.6528421053,9.09428866,91.488544,9.76133115,98.198991,0.018471710182683433
CN,002245,2017-03-16,10.07,10.17,10.0,10.12,6.5949,6.6604,6.5491,6.6276,16815041.0,169430680.0,0.6528421053,9.09428866,92.034201,9.76133115,98.784671,0.017226176165532504
CN,002245,2017-03-17,10.12,10.13,9.85,9.87,6.6276,6.6342,6.4508,6.4639,24530190.0,245096595.0,0.6528421053,9.09428866,89.760629,9.76133115,96.344338,0.02512996395988471
CN,002245,2017-03-20,9.8,9.92,9.78,9.89,6.4181,6.4967,6.405,6.477,10558189.0,103967487.0,0.6528421053,9.09428866,89.942515,9.76133115,96.539565,0.010816341375735419
CN,002245,2017-03-21,9.87,10.0,9.81,9.91,6.4639,6.5491,6.4246,6.4901,9043832.0,89456559.0,0.6528421053,9.09428866,90.124401,9.76133115,96.734792,0.009264957679465674
CN,002245,2017-03-22,9.85,9.9,9.73,9.9,6.4508,6.4836,6.3722,6.4836,13311700.0,130634576.0,0.6528421053,9.09429397,90.03351,9.76133646,96.637231,0.01363716951520796
CN,002245,2017-03-23,10.0,10.02,9.5,9.51,6.5491,6.5622,6.2216,6.2281,34680388.0,336031298.0,0.6528421053,9.09429397,86.486736,9.76133646,92.83031,0.03552831944899479
CN,002245,2017-03-24,9.52,9.66,9.36,9.47,6.2347,6.3264,6.1299,6.202,17491841.0,166292705.0,0.6528421053,9.09429397,86.122964,9.87538646,93.51991,0.01771256352432409
CN,002245,2017-03-27,9.48,9.51,9.3,9.35,6.2085,6.2281,6.0906,6.1234,18042769.0,169327029.0,0.6528421053,9.09429397,85.031649,9.87538646,92.334863,0.01827044346373863
CN,002245,2017-03-28,9.33,9.42,9.28,9.35,6.1103,6.1692,6.0775,6.1234,10649976.0,99663791.0,0.6528421053,9.09429397,85.031649,9.87538646,92.334863,0.010784363774660825
CN,002245,2017-03-29,9.38,9.46,9.3,9.37,6.143,6.1954,6.0906,6.1365,11970742.0,112173743.0,0.6528421053,9.09429397,85.213534,9.87538646,92.532371,0.012121795990959123
CN,002245,2017-03-30,9.35,9.39,9.18,9.19,6.1234,6.1496,6.012,6.0186,11332128.0,104809183.0,0.6528421053,9.09429397,83.576562,9.87538646,90.754802,0.011475123577087838
CN,002245,2017-03-31,9.2,9.36,9.2,9.35,6.0251,6.1299,6.0251,6.1234,7607929.0,70787228.0,0.6528421053,9.09429397,85.031649,9.87538646,92.334863,0.007703930403955047
CN,002245,2017-04-05,9.37,9.82,9.37,9.69,6.1365,6.4312000000000005,6.1365,6.346,23230000.0,223630473.0,0.6528421053,9.09429397,88.123709,9.87538646,95.692495,0.02352313005075044
CN,002245,2017-04-06,9.64,9.69,9.56,9.62,6.3133,6.346,6.2609,6.3002,9082217.0,87267036.0,0.6528421053,9.09429536,87.487121,9.87538785,95.001231,0.009196820558293314
CN,002245,2017-04-07,9.6,9.61,9.39,9.44,6.2871,6.2936,6.1496,6.1823,13185158.0,124928550.0,0.6528421053,9.09429536,85.850148,9.87538785,93.223661,0.013351534339990506
CN,002245,2017-04-10,9.43,9.43,9.27,9.31,6.1758,6.1758,6.071,6.0972,12200591.0,113853965.0,0.6528421053,9.09429536,84.66789,9.87538785,91.939861,0.012354543624329653
CN,002245,2017-04-11,9.31,9.37,9.21,9.36,6.0972,6.1365,6.0317,6.1299,9342778.0,86843597.0,0.6528421053,9.09429536,85.122605,9.87538785,92.43363,0.009460669435884486
CN,002245,2017-04-12,9.36,9.36,9.22,9.24,6.1299,6.1299,6.0382,6.0513,8002517.0,74208373.0,0.6528421053,9.09429536,84.031289,9.87538785,91.248584,0.008103496411029568
CN,002245,2017-04-13,9.25,9.39,9.21,9.33,6.0579,6.1496,6.0317,6.1103,8544006.0,79326995.0,0.6528421053,9.09429536,84.849776,9.87538785,92.137369,0.008651818166311312
CN,002245,2017-04-14,9.26,9.31,9.13,9.17,6.0644,6.0972,5.9793,6.0055,9334906.0,85779247.0,0.6528421053,9.09429536,83.394688,9.87538785,90.557307,0.009452698103396518
CN,002245,2017-04-17,9.12,9.17,9.04,9.14,5.9727,6.0055,5.9203,5.9858,5611548.0,51103158.0,0.6528421053,9.09429536,83.12186,9.87538785,90.261045,0.005682357073195865
CN,002245,2017-04-18,9.14,9.23,9.12,9.16,5.9858,6.0448,5.9727,5.9989,5396502.0,49494385.0,0.6528421053,9.09429536,83.303745,9.87538785,90.458553,0.005464597524643045
CN,002245,2017-04-19,9.15,9.16,8.81,8.86,5.9924,5.9989,5.7697,5.8025,11507295.0,102602500.0,0.6528421053,9.09429536,80.575457,9.87538785,87.495936,0.011652499299052849
CN,002245,2017-04-20,8.84,8.99,8.76,8.86,5.7894,5.8876,5.737,5.8025,6596346.0,58476653.0,0.6528421053,9.09429536,80.575457,9.87538785,87.495936,0.006679581703720123
CN,002245,2017-04-21,8.89,8.91,8.73,8.74,5.8221,5.8352,5.7173,5.7239,5890476.0,51824593.0,0.6528421053,9.09429536,79.484141,9.87538785,86.31089,0.0059648047139738425
CN,002245,2017-04-24,8.7,8.7,8.4,8.42,5.6977,5.6977,5.5012,5.5143,10777263.0,91460835.0,0.6528421053,9.09429536,76.573967,9.87538785,83.150766,0.010913255422165521
CN,002245,2017-04-25,8.41,8.5,8.3,8.37,5.5078,5.5667,5.4357,5.4816,8985023.0,75783989.0,0.6528421053,9.09429536,76.119252,9.87538785,82.656996,0.009098400120051996
CN,002245,2017-04-26,8.4,8.45,8.35,8.38,5.5012,5.5339,5.4685,5.4881,5689433.0,47748049.0,0.6528421053,9.09429536,76.210195,9.87538785,82.75575,0.0057612248616645476
CN,002245,2017-04-27,8.56,8.97,8.5,8.89,5.606,5.8745,5.5667,5.8221,23052043.0,200996309.0,0.6528421053,9.09429536,80.848286,9.87538785,87.792198,0.023342924197149385
CN,002245,2017-04-28,8.89,9.1,8.82,8.91,5.8221,5.9596,5.7763,5.8352,11405651.0,101939965.0,0.6528421053,9.09429536,81.030172,9.87538785,87.989706,0.011549572708681007
CN,002245,2017-05-02,8.88,9.21,8.81,9.17,5.8156,6.0317,5.7697,6.0055,16202042.0,147753199.0,0.6528421053,9.09429536,83.394688,9.87538785,90.557307,0.016406486758897273
CN,002245,2017-05-03,9.13,9.36,9.13,9.18,5.9793,6.1299,5.9793,6.012,18948054.0,175586480.0,0.6528421053,9.09429536,83.485631,9.87538785,90.65606,0.019187149191309993
CN,002245,2017-05-04,9.2,9.2,9.07,9.09,6.0251,6.0251,5.9399999999999995,5.9531,8009044.0,73112844.0,0.6528421053,9.09429536,82.667145,9.87538785,89.767276,0.00811010577169382
CN,002245,2017-05-05,9.05,9.11,8.91,8.99,5.9269,5.9662,5.8352,5.8876,7991328.0,71880777.0,0.6528421053,9.09429536,81.757715,9.87538785,88.779737,0.008092166223122064
CN,002245,2017-05-08,8.95,9.11,8.92,8.98,5.8614,5.9662,5.8418,5.8811,8307637.0,75124522.0,0.6528421053,9.09429536,81.666772,9.87538785,88.680983,0.008412466554414874
CN,002245,2017-05-09,8.96,9.16,8.93,9.15,5.868,5.9989,5.8483,5.9924,8046477.0,73048483.0,0.6528421053,9.09429536,83.212803,9.87538785,90.359799,0.00814801111836838
CN,002245,2017-05-10,9.15,9.2,8.85,8.88,6.0056,6.0384,5.8087,5.8284,8333330.0,75381154.0,0.6563513514,9.09429536,80.757343,9.87538785,87.693444,0.008438483760412509
CN,002245,2017-05-11,8.87,8.91,8.6,8.84,5.8218,5.8481,5.6446,5.8021,7699541.0,67500924.0,0.6563513514,9.09429536,80.393571,9.87538785,87.298429,0.007796697321614564
CN,002245,2017-05-12,8.81,8.95,8.6,8.66,5.7824,5.8743,5.6446,5.684,7757381.0,67805946.0,0.6563513514,9.09429536,78.756598,9.87538785,85.520859,0.007855267173126776
CN,002245,2017-05-15,8.7,8.74,8.5,8.59,5.7102,5.7365,5.579,5.638,9310118.0,79935454.0,0.6563513514,9.09429536,78.119997,9.87538785,84.829582,0.00942759731710183
CN,002245,2017-05-16,8.58,8.98,8.53,8.98,5.6315,5.894,5.5986,5.894,12552699.0,110219480.0,0.6563513514,9.09429536,81.666772,9.87538785,88.680983,0.012711094683739436
CN,002245,2017-05-17,9.0,9.1,8.9,8.95,5.9071,5.9728,5.8415,5.8743,8312829.0,74842641.0,0.6563513514,9.09429536,81.393943,9.87538785,88.384721,0.008417724069439967
CN,002245,2017-05-18,8.93,9.0,8.86,8.9,5.8612,5.9071,5.8152,5.8415,4866768.0,43502050.0,0.6563513514,9.09429536,80.939229,9.87538785,87.890952,0.004928179099315072
CN,002245,2017-05-19,8.9,9.01,8.82,8.93,5.8415,5.9137,5.789,5.8612,4740645.0,42284896.0,0.6563513514,9.09429536,81.212058,9.87538785,88.187213,0.00480046462175154
CN,002245,2017-05-22,8.9,8.99,8.68,8.7,5.8415,5.9006,5.6971,5.7102,5998115.0,52871340.0,0.6563513514,9.09429536,79.12037,9.87538785,85.915874,0.006073801951991182
CN,002245,2017-05-23,8.71,8.75,8.42,8.43,5.7168,5.743,5.5264,5.533,7139014.0,61254450.0,0.6563513514,9.09429536,76.66491,9.87538785,83.24952,0.007229097336161841
CN,002245,2017-05-24,8.47,8.64,8.34,8.57,5.5593,5.6708,5.4739,5.6249,6381454.0,54169904.0,0.6563513514,9.09429536,77.938111,9.87538785,84.632074,0.006461978098409574
CN,002245,2017-05-25,8.58,8.72,8.41,8.7,5.6315,5.7234,5.5199,5.7102,6104055.0,52379159.0,0.6563513514,9.09429536,79.12037,9.87538785,85.915874,0.006181078751251274
CN,002245,2017-05-26,8.69,8.77,8.63,8.68,5.7036999999999995,5.7562,5.6643,5.6971,3227251.0,28035610.0,0.6563513514,9.09429536,78.938484,9.87538785,85.718367,0.003267973925702574
CN,002245,2017-05-31,8.75,8.83,8.45,8.46,5.743,5.7956,5.5461,5.5527,6573286.0,56624154.0,0.6563513514,9.09430231,76.937798,9.8728208,83.524064,0.006657961420711698
CN,002245,2017-06-01,8.46,8.56,8.36,8.5,5.5527,5.6183,5.4871,5.579,5820972.0,49194731.0,0.6563513514,9.09430231,77.30157,9.8728208,83.918977,0.005895956300553941
CN,002245,2017-06-02,8.4,8.54,8.37,8.48,5.5133,5.6052,5.4936,5.5658,5337559.0,45201745.0,0.6563513514,9.09430231,77.119684,9.8728208,83.72152,0.005406316095598535
CN,002245,2017-06-05,8.49,8.66,8.49,8.51,5.5724,5.684,5.5724,5.5855,8022456.0,68851977.0,0.6563513514,9.09430231,77.392513,9.8728208,84.017705,0.008125799264988178
CN,002245,2017-06-06,8.51,8.58,8.47,8.56,5.5855,5.6315,5.5593,5.6183,3684943.0,31406379.0,0.6563513514,9.09430231,77.847228,9.8728208,84.511346,0.0037324115110040283
CN,002245,2017-06-07,8.56,8.8,8.53,8.77,5.6183,5.7759,5.5986,5.7562,7712444.0,67132379.0,0.6563513514,9.09430231,79.757031,9.8728208,86.584638,0.007811793768200472
CN,002245,2017-06-08,8.75,8.83,8.63,8.66,5.743,5.7956,5.6643,5.684,6181877.0,53826861.0,0.6563513514,9.09430231,78.756658,9.8728208,85.498628,0.006261510388196249
CN,002245,2017-06-09,8.64,8.72,8.56,8.71,5.6708,5.7234,5.6183,5.7168,5681988.0,49010539.0,0.6563513514,9.09430231,79.211373,9.8728208,85.992269,0.00575518194354343
CN,002245,2017-06-12,8.65,8.7,8.55,8.56,5.6774000000000004,5.7102,5.6118,5.6183,4224114.0,36358678.0,0.6563513514,9.09430231,77.847228,9.8728208,84.511346,0.004278527976523183
CN,002245,2017-06-13,8.51,8.97,8.51,8.88,5.5855,5.8873999999999995,5.5855,5.8284,16328096.0,144164063.0,0.6563513514,9.09430231,80.757405,9.8728208,87.670649,0.016538430435200445
CN,002245,2017-06-14,8.86,8.97,8.69,8.74,5.8152,5.8873999999999995,5.7036999999999995,5.7365,12995309.0,114909789.0,0.6563513514,9.09430231,79.484202,9.8728208,86.288454,0.013162711309416252
CN,002245,2017-06-15,8.76,8.93,8.73,8.81,5.7496,5.8612,5.7299,5.7824,8301959.0,73334473.0,0.6563513514,9.09430231,80.120803,9.8728208,86.979551,0.008408902752493999
CN,002245,2017-06-16,8.78,8.95,8.76,8.88,5.7627,5.8743,5.7496,5.8284,8330472.0,74107684.0,0.6563513514,9.09430231,80.757405,9.8728208,87.670649,0.008437783049804774
CN,002245,2017-06-19,8.84,8.97,8.84,8.92,5.8021,5.8873999999999995,5.8021,5.8546,5837290.0,52067620.0,0.6563513514,9.09430231,81.121177,9.8728208,88.065562,0.005912484504935003
CN,002245,2017-06-20,8.94,9.14,8.93,8.94,5.8678,5.999,5.8612,5.8678,14171851.0,127909774.0,0.6563513514,9.09430231,81.303063,9.8728208,88.263018,0.014354409228211658
CN,002245,2017-06-21,8.95,9.04,8.9,8.96,5.8743,5.9334,5.8415,5.8809000000000005,7165249.0,64170595.0,0.6563513514,9.09430231,81.484949,9.8728208,88.460474,0.007257549939526908
CN,002245,2017-06-22,8.96,9.05,8.76,8.77,5.8809000000000005,5.9399,5.7496,5.7562,9095517.0,81079524.0,0.6563513514,9.09430231,79.757031,9.8728208,86.584638,0.009212683167509736
CN,002245,2017-06-23,8.74,8.95,8.65,8.93,5.7365,5.8743,5.6774000000000004,5.8612,9668279.0,84861332.0,0.6563513514,9.09430231,81.21212,9.8728208,88.16429,0.009792823343861362
CN,002245,2017-06-26,8.86,8.96,8.81,8.9,5.8152,5.8809000000000005,5.7824,5.8415,11872404.0,105234988.0,0.6563513514,9.09430231,80.939291,9.8728208,87.868105,0.01202534132899485
CN,002245,2017-06-27,8.9,8.98,8.87,8.91,5.8415,5.894,5.8218,5.8481,8389771.0,74913045.0,0.6563513514,9.09430231,81.030234,9.8728208,87.966833,0.008497845924641922
CN,002245,2017-06-28,8.9,8.9,8.77,8.81,5.8415,5.8415,5.7562,5.7824,6621782.0,58334353.0,0.6563513514,9.09430231,80.120803,9.8728208,86.979551,0.006707082134013817
CN,002245,2017-06-29,8.83,8.98,8.79,8.94,5.7956,5.894,5.7693,5.8678,7764861.0,69005276.0,0.6563513514,9.09430231,81.303063,9.8728208,88.263018,0.007864885990840632
CN,002245,2017-06-30,8.89,9.1,8.89,9.02,5.8349,5.9728,5.8349,5.9203,9902685.0,89118701.0,0.6563513514,9.09430231,82.030607,9.8728208,89.052844,0.010030248903130097
CN,002245,2017-07-03,9.02,9.24,8.84,9.2,5.9203,6.0647,5.8021,6.0384,22907904.0,207544482.0,0.6563513514,9.09430231,83.667581,9.8728208,90.829951,0.023202997870679472
CN,002245,2017-07-04,9.0,9.33,8.92,9.17,5.9071,6.1237,5.8546,6.0187,26833596.0,246728853.0,0.6563513514,9.09430231,83.394752,9.8728208,90.533767,0.027179259649886486
CN,002245,2017-07-05,9.11,9.3,9.08,9.26,5.9793,6.104,5.9596,6.0778,20729996.0,190944530.0,0.6563513514,9.09430231,84.213239,9.8728208,91.422321,0.02099703460636093
CN,002245,2017-07-06,9.27,9.75,9.2,9.45,6.0843,6.3994,6.0384,6.2025,42677030.0,405718040.0,0.6563513514,9.09430231,85.941157,9.8728208,93.298157,0.04322678479082696
CN,002245,2017-07-07,9.35,9.46,9.27,9.39,6.1369,6.2091,6.0843,6.1631,20865075.0,194845846.0,0.6563513514,9.09430231,85.395499,9.8728208,92.705787,0.021133853660141387
CN,002245,2017-07-10,9.4,9.5,9.17,9.22,6.1697,6.2353,6.0187,6.0515,20273713.0,188841127.0,0.6563513514,9.09430231,83.849467,9.8728208,91.027408,0.020534873883257355
CN,002245,2017-07-11,9.19,9.3,9.02,9.05,6.0318,6.104,5.9203,5.9399,15636615.0,143638602.0,0.6563513514,9.09430231,82.303436,9.8728208,89.349028,0.015838041950482884
CN,002245,2017-07-12,9.06,9.13,8.86,9.12,5.9465,5.9925,5.8152,5.9859,15979194.0,143456610.0,0.6563513514,9.09430231,82.940037,9.8728208,90.040126,0.01618503396719203
CN,002245,2017-07-13,9.12,9.27,9.04,9.14,5.9859,6.0843,5.9334,5.999,13404165.0,122787904.0,0.6563513514,9.09430231,83.121923,9.8728208,90.237582,0.013576834089807444
CN,002245,2017-07-14,9.08,9.24,9.06,9.1,5.9596,6.0647,5.9465,5.9728,10244553.0,93661287.0,0.6563513514,9.09430231,82.758151,9.8728208,89.842669,0.010376520760915664
CN,002245,2017-07-17,9.07,9.11,8.29,8.52,5.9531,5.9793,5.4411,5.5921,22610011.0,196798782.0,0.6563513514,9.09430231,77.483456,9.8728208,84.116433,0.02290126748780855
CN,002245,2017-07-18,8.45,8.62,8.36,8.59,5.5461,5.6577,5.4871,5.638,11675200.0,99376073.0,0.6563513514,9.09430231,78.120057,9.8728208,84.807531,0.01182559699655442
CN,002245,2017-07-19,8.5,8.77,8.42,8.73,5.579,5.7562,5.5264,5.7299,14933372.0,128229908.0,0.6563513514,9.09430231,79.393259,9.8728208,86.189726,0.015125739950632953
CN,002245,2017-07-20,8.68,8.95,8.66,8.82,5.6971,5.8743,5.684,5.789,14917573.0,131681351.0,0.6563513514,9.09430231,80.211746,9.8728208,87.078279,0.015109737431879652
CN,002245,2017-07-21,8.6,8.61,8.44,8.56,5.6446,5.6512,5.5396,5.6183,20174766.0,171923783.0,0.6563513514,9.09430231,77.847228,9.8728208,84.511346,0.02043465227283372
CN,002245,2017-07-24,8.49,8.56,8.46,8.52,5.5724,5.6183,5.5527,5.5921,9194548.0,78202457.0,0.6563513514,9.09430231,77.483456,9.8728208,84.116433,0.009312989860000296
CN,002245,2017-07-25,8.52,8.58,8.38,8.51,5.5921,5.6315,5.5001999999999995,5.5855,8673014.0,73565548.0,0.6563513514,9.09430231,77.392513,9.8728208,84.017705,0.008784737589889204
CN,002245,2017-07-26,8.47,8.52,8.33,8.41,5.5593,5.5921,5.4674,5.5199,10479068.0,88036268.0,0.6563513514,9.09430231,76.483082,9.8728208,83.030423,0.010614056724295046
CN,002245,2017-07-27,8.38,8.65,8.35,8.53,5.5001999999999995,5.6774000000000004,5.4805,5.5986,14238584.0,120666867.0,0.6563513514,9.09430231,77.574399,9.8728208,84.215161,0.014422001865971274
CN,002245,2017-07-28,8.64,9.09,8.57,8.93,5.6708,5.9662,5.6249,5.8612,35427550.0,313977873.0,0.6563513514,9.09430231,81.21212,9.8728208,88.16429,0.035883918808695486
CN,002245,2017-07-31,8.85,9.02,8.76,9.0,5.8087,5.9203,5.7496,5.9071,17873158.0,159178742.0,0.6563513514,9.09430231,81.848721,9.8728208,88.855387,0.018103395536157203
CN,002245,2017-08-01,9.03,9.06,8.79,8.84,5.9268,5.9465,5.7693,5.8021,17170879.0,152754284.0,0.6563513514,9.09430231,80.393632,9.8728208,87.275736,0.01739206995431336
CN,002245,2017-08-08,8.9,9.13,8.84,8.89,5.8415,5.9925,5.8021,5.8349,25343363.0,227377783.0,0.6563513514,9.09430231,80.848348,9.8728208,87.769377,0.025669829842348602
CN,002245,2017-08-09,8.89,8.93,8.7,8.75,5.8349,5.8612,5.7102,5.743,12115284.0,106225211.0,0.6563513514,9.09430231,79.575145,9.8728208,86.387182,0.012271350048205069
CN,002245,2017-08-10,8.71,8.77,8.48,8.61,5.7168,5.7562,5.5658,5.6512,15385947.0,132686970.0,0.6563513514,9.09430231,78.301943,9.8728208,85.004987,0.015584144908211035
CN,002245,2017-08-11,8.56,8.6,8.46,8.55,5.6183,5.6446,5.5527,5.6118,11863243.0,101214294.0,0.6563513514,9.09430231,77.756285,9.8728208,84.412618,0.012016062319291768
CN,002245,2017-08-14,8.52,8.89,8.52,8.81,5.5921,5.8349,5.5921,5.7824,14171498.0,124067548.0,0.6563513514,9.09430231,80.120803,9.8728208,86.979551,0.014354051680954242
CN,002245,2017-08-15,8.83,8.91,8.74,8.89,5.7956,5.8481,5.7365,5.8349,10704816.0,94611008.0,0.6563513514,9.09430231,80.848348,9.8728208,87.769377,0.010842712753380472
CN,002245,2017-08-16,8.87,8.98,8.82,8.9,5.8218,5.894,5.789,5.8415,12795386.0,114056420.0,0.6563513514,9.09430231,80.939291,9.8728208,87.868105,0.012960212951500143
CN,002245,2017-08-17,8.92,9.03,8.8,8.94,5.8546,5.9268,5.7759,5.8678,13240592.0,118021215.0,0.6563513514,9.09430231,81.303063,9.8728208,88.263018,0.013411153983469445
CN,002245,2017-08-18,8.85,9.02,8.84,8.98,5.8087,5.9203,5.8021,5.894,20278719.0,182048072.0,0.6563513514,9.09430231,81.666835,9.8728208,88.657931,0.02053994436929312
CN,002245,2017-08-21,8.98,9.15,8.98,9.09,5.894,6.0056,5.894,5.9662,18206481.0,165394470.0,0.6563513514,9.09430231,82.667208,9.8728208,89.743941,0.018441012319397106
CN,002245,2017-08-22,9.1,9.15,8.93,8.94,5.9728,6.0056,5.8612,5.8678,15810334.0,142704116.0,0.6563513514,9.09430231,81.303063,9.8728208,88.263018,0.016013998755046784
CN,002245,2017-08-23,8.92,9.05,8.88,8.92,5.8546,5.9399,5.8284,5.8546,9269463.0,83045700.0,0.6563513514,9.09430231,81.121177,9.8728208,88.065562,0.00938886989623067
CN,002245,2017-08-24,8.91,9.13,8.91,9.07,5.8481,5.9925,5.8481,5.9531,14850138.0,134359073.0,0.6563513514,9.09430231,82.485322,9.8728208,89.546485,0.0150414337511322
CN,002245,2017-08-25,9.03,9.18,9.02,9.08,5.9268,6.0253,5.9203,5.9596,12577372.0,114176533.0,0.6563513514,9.09430231,82.576265,9.8728208,89.645213,0.012739390549861899
CN,002245,2017-08-28,9.1,9.15,9.05,9.09,5.9728,6.0056,5.9399,5.9662,13402488.0,121978552.0,0.6563513514,9.09430231,82.667208,9.8728208,89.743941,0.01357513548711428
CN,002245,2017-08-29,9.06,9.1,8.89,8.93,5.9465,5.9728,5.8349,5.8612,14843855.0,133155802.0,0.6563513514,9.09430231,81.21212,9.8728208,88.16429,0.015035069815102893
CN,002245,2017-08-30,8.98,9.02,8.89,8.96,5.894,5.9203,5.8349,5.8809000000000005,8530806.0,76367985.0,0.6563513514,9.09430231,81.484949,9.8728208,88.460474,0.008640697702119744
CN,002245,2017-08-31,8.96,9.08,8.9,9.0,5.8809000000000005,5.9596,5.8415,5.9071,7232618.0,65104305.0,0.6563513514,9.09430231,81.848721,9.8728208,88.855387,0.0073257867700789224
CN,002245,2017-09-01,9.0,9.03,8.84,8.91,5.9071,5.9268,5.8021,5.8481,11794020.0,105088191.0,0.6563513514,9.09430231,81.030234,9.8728208,87.966833,0.011945947605977007
CN,002245,2017-09-04,8.88,9.3,8.87,9.27,5.8284,6.104,5.8218,6.0843,32645413.0,299390050.0,0.6563513514,9.09430231,84.304182,9.8728208,91.521049,0.03306594301802784
CN,002245,2017-09-05,9.24,9.29,9.15,9.19,6.0647,6.0975,6.0056,6.0318,15051607.0,138502443.0,0.6563513514,9.09430231,83.576638,9.8728208,90.731223,0.015245498024232345
CN,002245,2017-09-06,9.19,9.71,9.18,9.52,6.0318,6.3731,6.0253,6.2484,49942738.0,474520300.0,0.6563513514,9.09430231,86.577758,9.8728208,93.989254,0.05058608781798207
CN,002245,2017-09-07,9.51,9.55,9.34,9.38,6.2419,6.2681000000000004,6.1303,6.1565,19748300.0,186022576.0,0.6563513514,9.09430231,85.304556,9.8728208,92.607059,0.020002692644841686
CN,002245,2017-09-08,9.35,9.51,9.31,9.42,6.1369,6.2419,6.1106,6.1828,15406465.0,144939504.0,0.6563513514,9.09430231,85.668328,9.8728208,93.001972,0.015604927215938124
CN,002245,2017-09-11,9.45,9.89,9.45,9.89,6.2025,6.4913,6.2025,6.4913,44848585.0,435911890.0,0.6563513514,9.09430231,89.94265,9.8728208,97.642198,0.04542631321739376
CN,002245,2017-09-12,9.94,10.06,9.7,9.7,6.5241,6.6029,6.3666,6.3666,41442700.0,409260789.0,0.6563513514,9.09430231,88.214732,9.8728208,95.766362,0.04197655446151722
CN,002245,2017-09-13,9.74,9.74,9.56,9.63,6.3928,6.3928,6.2747,6.3206,18224993.0,175405723.0,0.6563513514,9.09430231,87.578131,9.8728208,95.075264,0.01845976278633559
CN,002245,2017-09-14,9.66,10.0,9.55,9.64,6.3403,6.5635,6.2681000000000004,6.3272,23631258.0,230445516.0,0.6563513514,9.09430231,87.669074,9.8728208,95.173993,0.023935669935384627
CN,002245,2017-09-15,9.64,9.78,9.41,9.77,6.3272,6.4191,6.1762,6.4125,23055578.0,220986130.0,0.6563513514,9.09430231,88.851334,9.8728208,96.457459,0.023352574170089263
CN,002245,2017-09-18,9.69,9.89,9.65,9.77,6.36,6.4913,6.3338,6.4125,15330755.0,149801136.0,0.6563513514,9.09430231,88.851334,9.8728208,96.457459,0.015528241938717251
CN,002245,2017-09-19,9.77,9.78,9.45,9.52,6.4125,6.4191,6.2025,6.2484,18010249.0,172694943.0,0.6563513514,9.09430231,86.577758,9.8728208,93.989254,0.018242252508016758
CN,002245,2017-09-20,9.5,9.68,9.47,9.62,6.2353,6.3534,6.2156,6.3141,15709572.0,150602093.0,0.6563513514,9.09430231,87.487188,9.8728208,94.976536,0.015911938764248613
CN,002245,2017-09-21,9.67,9.85,9.56,9.6,6.3469,6.465,6.2747,6.3009,20207457.0,196252229.0,0.6563513514,9.09430231,87.305302,9.8728208,94.77908,0.020467764390092038
CN,002245,2017-09-22,9.51,9.55,9.2,9.22,6.2419,6.2681000000000004,6.0384,6.0515,23957040.0,224026643.0,0.6563513514,9.09430231,83.849467,9.8728208,91.027408,0.024265648577354915
CN,002245,2017-09-25,9.18,9.3,9.12,9.13,6.0253,6.104,5.9859,5.9925,10694397.0,98525906.0,0.6563513514,9.09430231,83.03098,9.8728208,90.138854,0.01083215953843708
CN,002245,2017-09-26,9.14,9.22,9.11,9.21,5.999,6.0515,5.9793,6.045,9246273.0,84739331.0,0.6563513514,9.09430231,83.758524,9.8728208,90.92868,0.00936538116847011
CN,002245,2017-09-27,9.2,9.35,9.17,9.24,6.0384,6.1369,6.0187,6.0647,12719367.0,117931474.0,0.6563513514,9.09430231,84.031353,9.8728208,91.224864,0.012883214693818812
CN,002245,2017-09-28,9.21,9.23,9.0,9.04,6.045,6.0581,5.9071,5.9334,15783000.0,143983657.0,0.6563513514,9.09430231,82.212493,9.8728208,89.2503,0.015986312645318145
CN,002245,2017-09-29,9.05,9.13,8.97,9.12,5.9399,5.9925,5.8873999999999995,5.9859,12700591.0,115069380.0,0.6563513514,9.09430231,82.940037,9.8728208,90.040126,0.012864196826098576
CN,002245,2017-10-09,9.22,9.29,9.12,9.16,6.0515,6.0975,5.9859,6.0121,10809134.0,99398722.0,0.6563513514,9.09430231,83.303809,9.8728208,90.435039,0.01094837455167828
CN,002245,2017-10-10,9.15,9.32,9.11,9.3,6.0056,6.1172,5.9793,6.104,10875643.0,100101973.0,0.6563513514,9.09430733,84.577058,9.87282582,91.81728,0.01101573470279252
CN,002245,2017-10-11,9.29,9.34,9.22,9.27,6.0975,6.1303,6.0515,6.0843,11616595.0,107615936.0,0.6563513514,9.09430733,84.304229,9.87282582,91.521095,0.011766231078915156
CN,002245,2017-10-12,9.26,9.27,9.01,9.06,6.0778,6.0843,5.9137,5.9465,12936874.0,117921906.0,0.6563513514,9.09430733,82.394424,9.87282582,89.447802,0.0131035169017091
CN,002245,2017-10-13,9.07,9.15,9.05,9.13,5.9531,6.0056,5.9399,5.9925,9068818.0,82505390.0,0.6563513514,9.09430733,83.031026,9.87282582,90.1389,0.00918563556710251
CN,002245,2017-10-16,9.15,9.18,8.8,8.84,6.0056,6.0253,5.7759,5.8021,16393551.0,146940891.0,0.6563513514,9.09430733,80.393677,9.87282582,87.27578,0.016604720167138532
CN,002245,2017-10-17,8.83,8.95,8.79,8.86,5.7956,5.8743,5.7693,5.8152,7630019.0,67695727.0,0.6563513514,9.09430733,80.575563,9.87282582,87.473237,0.007728303060450428
CN,002245,2017-10-18,8.88,8.95,8.78,8.81,5.8284,5.8743,5.7627,5.7824,8460500.0,75015227.0,0.6563513514,9.09430733,80.120848,9.87282582,86.979595,0.008569481680575218
CN,002245,2017-10-19,8.8,8.84,8.72,8.77,5.7759,5.8021,5.7234,5.7562,6754268.0,59263031.0,0.6563513514,9.09430733,79.757075,9.87282582,86.584682,0.006841271306860755
CN,002245,2017-10-20,8.76,9.0,8.76,9.0,5.7496,5.9071,5.7496,5.9071,9599598.0,85566540.0,0.6563513514,9.09430733,81.848766,9.87282582,88.855432,0.009723252668504994
CN,002245,2017-10-23,9.01,9.05,8.9,8.99,5.9137,5.9399,5.8415,5.9006,6341155.0,56752816.0,0.6563513514,9.09430733,81.757823,9.87282582,88.756704,0.006422836901623775
CN,002245,2017-10-24,9.01,9.02,8.88,8.97,5.9137,5.9203,5.8284,5.8873999999999995,7196732.0,64443838.0,0.6563513514,9.09430733,81.575937,9.87282582,88.559248,0.0072894347891979735
CN,002245,2017-10-25,9.21,9.67,9.21,9.63,6.045,6.3469,6.045,6.3206,53979079.0,511092555.0,0.6563513514,9.09430733,87.57818,9.87282582,95.075313,0.05467439614973376
CN,002245,2017-10-26,9.72,9.81,9.5,9.7,6.3797,6.4388,6.2353,6.3666,37015591.0,358265847.0,0.6563513514,9.09430733,88.214781,9.87282582,95.76641,0.03749239749071154
CN,002245,2017-10-27,9.75,9.8,9.53,9.57,6.3994,6.4322,6.255,6.2812,27898858.0,269798528.0,0.6563513514,9.09430733,87.032521,9.87282582,94.482943,0.02825822971928011
CN,002245,2017-10-30,9.65,9.67,9.34,9.47,6.3338,6.3469,6.1303,6.2156,20836463.0,197174359.0,0.6563513514,9.09430733,86.12309,9.87282582,93.495661,0.02110486235641905
CN,002245,2017-10-31,9.48,9.54,9.37,9.48,6.2222,6.2616,6.15,6.2222,14346204.0,135734521.0,0.6563513514,9.09430733,86.214033,9.87282582,93.594389,0.014531000811275329
CN,002245,2017-11-01,9.49,9.64,9.41,9.63,6.2287,6.3272,6.1762,6.3206,16294216.0,155333517.0,0.6563513514,9.09430733,87.57818,9.87282582,95.075313,0.016504105609755407
CN,002245,2017-11-02,9.57,9.63,9.23,9.31,6.2812,6.3206,6.0581,6.1106,15257570.0,143795577.0,0.6563513514,9.09430733,84.668001,9.87282582,91.916008,0.015454106330015252
CN,002245,2017-11-03,9.35,9.43,9.2,9.24,6.1369,6.1894,6.0384,6.0647,13530988.0,125841249.0,0.6563513514,9.09430733,84.0314,9.87282582,91.224911,0.013705283823188122
CN,002245,2017-11-06,9.28,9.63,9.1,9.58,6.0909,6.3206,5.9728,6.2878,15815638.0,149072718.0,0.6563513514,9.09430733,87.123464,9.87282582,94.581671,0.016019362934532155
CN,002245,2017-11-07,9.57,9.69,9.49,9.66,6.2812,6.36,6.2287,6.3403,15535537.0,148972838.0,0.6563513514,9.09430733,87.851009,9.87282582,95.371497,0.015735653887996984
CN,002245,2017-11-08,9.6,9.98,9.5,9.85,6.3009,6.5504,6.2353,6.465,31152604.0,303972148.0,0.6563513514,9.09430733,89.578927,9.87282582,97.247334,0.031553887983005055
CN,002245,2017-11-09,9.79,9.97,9.71,9.9,6.4256,6.5438,6.3731,6.4978,18956268.0,186961077.0,0.6563513514,9.09430733,90.033643,9.87282582,97.740976,0.0192004481245877
CN,002245,2017-11-10,9.92,10.33,9.92,10.1,6.511,6.7801,6.511,6.6291,40066627.0,407131296.0,0.6563513514,9.09430733,91.852504,9.87282582,99.715541,0.040582734599484714
CN,002245,2017-11-13,10.19,10.26,10.01,10.12,6.6882,6.7341,6.57,6.6422,22784321.0,230818651.0,0.6563513514,9.09430733,92.03439,9.87282582,99.912997,0.023077811171189084
CN,002245,2017-11-14,10.13,10.17,9.8,9.84,6.6488,6.6751000000000005,6.4322,6.4585,23498591.0,233332749.0,0.6563513514,9.09430733,89.487984,9.87282582,97.148606,0.02380128185022513
CN,002245,2017-11-15,9.82,10.07,9.8,9.85,6.4453,6.6094,6.4322,6.465,19000938.0,188684059.0,0.6563513514,9.09430733,89.578927,9.87282582,97.247334,0.01924569352931216
CN,002245,2017-11-16,9.8,9.98,9.65,9.85,6.4322,6.5504,6.3338,6.465,15929462.0,156748585.0,0.6563513514,9.09430733,89.578927,9.87282582,97.247334,0.01613465312811525
CN,002245,2017-11-17,9.79,9.87,9.34,9.41,6.4256,6.4782,6.1303,6.1762,20803046.0,199903613.0,0.6563513514,9.09430733,85.577432,9.87282582,92.903291,0.021071014904221214
CN,002245,2017-11-20,9.38,9.69,9.04,9.61,6.1565,6.36,5.9334,6.3075,18575592.0,174017106.0,0.6563513514,9.09430733,87.396293,9.87282582,94.877856,0.0188148685479392
CN,002245,2017-11-21,9.57,9.72,9.33,9.57,6.2812,6.3797,6.1237,6.2812,17064930.0,162554924.0,0.6563513514,9.09430733,87.032521,9.87282582,94.482943,0.01728474735716547
CN,002245,2017-11-22,9.87,10.53,9.87,10.43,6.4782,6.9113,6.4782,6.8457,89222269.0,923814935.0,0.6563513514,9.09430733,94.853625,9.87282582,102.973573,0.0903715619283558
CN,002245,2017-11-23,10.48,10.48,10.13,10.2,6.8785,6.8785,6.6488,6.6947,62309389.0,642072522.0,0.6563513514,9.09430733,92.761935,9.87282582,100.702823,0.06311201082244962
CN,002245,2017-11-24,10.2,10.27,9.72,9.73,6.6947,6.7407,6.3797,6.3863,45078110.0,449080182.0,0.6563513514,9.09430733,88.48761,9.87282582,96.062595,0.04565877168488323
CN,002245,2017-11-27,9.75,10.06,9.55,9.79,6.3994,6.6029,6.2681000000000004,6.4256,32276849.0,316769456.0,0.6563513514,9.09430733,89.033269,9.87282582,96.654965,0.03269261464596567
CN,002245,2017-11-28,9.74,10.38,9.65,10.3,6.3928,6.8129,6.3338,6.7604,43863488.0,438333166.0,0.6563513514,9.09430733,93.671366,9.87282582,101.690106,0.044428503854634
CN,002245,2017-11-29,10.2,10.33,9.98,10.15,6.6947,6.7801,6.5504,6.6619,32625777.0,330169757.0,0.6563513514,9.09430733,92.307219,9.87282582,100.209182,0.03304603726919595
CN,002245,2017-11-30,10.08,10.76,10.04,10.48,6.616,7.0623,6.5897,6.8785,57936748.0,608592696.0,0.6563513514,9.09430733,95.308341,9.87282582,103.467215,0.05868304481036617
CN,002245,2017-12-01,10.49,10.86,10.38,10.7,6.8850999999999996,7.1279,6.8129,7.0229,55959715.0,593817122.0,0.6563513514,9.09430733,97.309088,9.87282582,105.639236,0.05668054518559308
CN,002245,2017-12-04,10.7,11.06,10.53,10.72,7.0229,7.2592,6.9113,7.036,63972362.0,691382291.0,0.6563513514,9.09430733,97.490975,9.87282582,105.836693,0.06479640496686086
CN,002245,2017-12-05,10.68,10.88,10.29,10.49,7.0098,7.1411,6.7538,6.8850999999999996,46544108.0,490643567.0,0.6563513514,9.09430733,95.399284,9.87282582,103.565943,0.0471436535482199
CN,002245,2017-12-06,10.42,11.09,10.37,11.03,6.8391,7.2789,6.8063,7.2395,71173467.0,769718991.0,0.6563513514,9.09430733,100.31021,9.87282582,108.897269,0.07209026908569527
CN,002245,2017-12-07,10.85,11.0,10.76,10.8,7.1214,7.2198,7.0623,7.0886,42822700.0,465330491.0,0.6563513514,9.09430733,98.218519,9.87282582,106.626519,0.04337430922082246
CN,002245,2017-12-08,10.73,11.03,10.62,10.71,7.0426,7.2395,6.9704,7.0295,43656544.0,472878181.0,0.6563513514,9.09430733,97.400031,9.87282582,105.737965,0.044218894160537314
CN,002245,2017-12-11,10.66,10.94,10.61,10.89,6.9967,7.1804,6.9638,7.1476,31352709.0,338181565.0,0.6563513514,9.09430733,99.037007,9.87282582,107.515073,0.03175657058234215
CN,002245,2017-12-12,10.84,10.95,10.51,10.51,7.1148,7.187,6.8982,6.8982,30660152.0,328927733.0,0.6563513514,9.09430733,95.58117,9.87282582,103.763399,0.031055092593540765
CN,002245,2017-12-13,10.5,10.83,10.4,10.81,6.8917,7.1082,6.826,7.0951,30385227.0,323627520.0,0.6563513514,9.09430733,98.309462,9.87282582,106.725247,0.030776626220272975
CN,002245,2017-12-14,10.8,11.11,10.66,11.1,7.0886,7.292,6.9967,7.2855,41939577.0,456477136.0,0.6563513514,9.09430733,100.946811,9.87282582,109.588367,0.04247981050677546
CN,002245,2017-12-15,11.02,11.17,10.7,10.73,7.233,7.3314,7.0229,7.0426,38641171.0,421772751.0,0.6563513514,9.09430733,97.581918,9.87282582,105.935421,0.03913891696713839
CN,002245,2017-12-18,10.69,10.75,10.53,10.59,7.0164,7.0557,6.9113,6.9507,20190796.0,214666838.0,0.6563513514,9.09430733,96.308715,9.87282582,104.553225,0.020450878368681685
CN,002245,2017-12-19,10.6,10.92,10.55,10.89,6.9573,7.1673,6.9245,7.1476,26353458.0,284225488.0,0.6563513514,9.09430733,99.037007,9.87282582,107.515073,0.026692923060198385
CN,002245,2017-12-20,10.85,11.03,10.7,10.8,7.1214,7.2395,7.0229,7.0886,24091326.0,262055706.0,0.6563513514,9.09430733,98.218519,9.87282582,106.626519,0.024401652008482412
CN,002245,2017-12-21,10.73,11.37,10.64,11.19,7.0426,7.4627,6.9835,7.3445,55036894.0,612211243.0,0.6563513514,9.09430733,101.765299,9.87282582,110.476921,0.05574583711231726
CN,002245,2017-12-22,11.21,11.29,11.04,11.08,7.3577,7.4102,7.2461,7.2722999999999995,31126493.0,347018781.0,0.6563513514,9.09430733,100.764925,9.87282582,109.39091,0.0315274406411031
CN,002245,2017-12-25,11.12,11.15,10.77,10.94,7.2986,7.3183,7.0689,7.1804,31411032.0,343032670.0,0.6563513514,9.09430733,99.491722,9.87282582,108.008714,0.03181564485455493
CN,002245,2017-12-26,10.97,10.97,10.55,10.8,7.2001,7.2001,6.9245,7.0886,31630860.0,339352132.0,0.6563513514,9.09430733,98.218519,9.87282582,106.626519,0.03203830451047095
CN,002245,2017-12-27,10.74,10.84,10.41,10.41,7.0492,7.1148,6.8326,6.8326,27914164.0,296169440.0,0.6563513514,9.09430733,94.671739,9.87282582,102.776117,0.02827373287944829
CN,002245,2017-12-28,10.33,10.48,10.05,10.18,6.7801,6.8785,6.5963,6.6815999999999995,40664651.0,416437485.0,0.6563513514,9.09430733,92.580049,9.87282582,100.505367,0.041188461886588826
CN,002245,2017-12-29,10.23,10.34,10.12,10.25,6.7144,6.7866,6.6422,6.7276,22053054.0,225451131.0,0.6563513514,9.09430733,93.21665,9.87282582,101.196465,0.0223371245498181
CN,002245,2018-01-02,10.33,10.35,10.13,10.25,6.7801,6.7932,6.6488,6.7276,19007980.0,194734323.0,0.6563513514,9.09430733,93.21665,9.87282582,101.196465,0.019252826238962253
CN,002245,2018-01-03,10.28,10.55,10.25,10.43,6.7473,6.9245,6.7276,6.8457,29055529.0,302387530.0,0.6563513514,9.09457108,94.856376,9.87308957,102.976324,0.029429013880606373
CN,002245,2018-01-04,10.43,10.58,10.36,10.51,6.8457,6.9442,6.7998,6.8982,23511086.0,246388961.0,0.6563513514,9.09457108,95.583942,9.87308957,103.766171,0.023813301635022033
CN,002245,2018-01-05,10.5,10.5,10.22,10.24,6.8917,6.8917,6.7079,6.721,29274921.0,302980734.0,0.6563513514,9.09457108,93.128408,9.87308957,101.100437,0.02965122598396522
CN,002245,2018-01-08,10.26,10.35,10.05,10.27,6.7341,6.7932,6.5963,6.7407,22281542.0,226813942.0,0.6563513514,9.09457108,93.401245,9.87308957,101.39663,0.022567952860170395
CN,002245,2018-01-09,10.28,10.47,10.13,10.45,6.7473,6.872,6.6488,6.8588000000000005,20143223.0,206953771.0,0.6563513514,9.09457108,95.038268,9.87308957,103.173786,0.020402147531616083
CN,002245,2018-01-10,10.4,10.43,10.18,10.28,6.826,6.8457,6.6815999999999995,6.7473,14087374.0,144817006.0,0.6563513514,9.09457108,93.492191,9.87308957,101.495361,0.01426845558335191
CN,002245,2018-01-11,10.23,10.35,10.08,10.28,6.7144,6.7932,6.616,6.7473,15553423.0,158994436.0,0.6563513514,9.09457108,93.492191,9.87308957,101.495361,0.015753349435074556
CN,002245,2018-01-12,10.18,10.28,9.87,9.87,6.6815999999999995,6.7473,6.4782,6.4782,26359811.0,264732752.0,0.6563513514,9.09457108,89.763417,9.87308957,97.447394,0.026698644647260097
CN,002245,2018-01-15,9.66,9.81,9.21,9.22,6.3403,6.4388,6.045,6.0515,34226387.0,325927364.0,0.6563513514,9.09457108,83.851945,9.87308957,91.029886,0.03466633899888746
CN,002245,2018-01-16,9.27,9.33,9.06,9.14,6.0843,6.1237,5.9465,5.999,23162762.0,212072326.0,0.6563513514,9.09457108,83.12438,9.87308957,90.240039,0.02346050021705617
CN,002245,2018-01-17,9.09,9.36,8.9,9.28,5.9662,6.1434,5.8415,6.0909,19807355.0,181101800.0,0.6563513514,9.09457108,84.39762,9.87308957,91.622271,0.020061962225265215
CN,002245,2018-01-18,9.25,9.33,9.16,9.19,6.0712,6.1237,6.0121,6.0318,9933986.0,91562670.0,0.6563513514,9.09457108,83.579108,9.87308957,90.733693,0.010061679203422845
CN,002245,2018-01-19,9.23,9.28,9.05,9.08,6.0581,6.0909,5.9399,5.9596,9881104.0,90448541.0,0.6563513514,9.09457108,82.578705,9.87308957,89.647653,0.010008117448892951
CN,002245,2018-01-22,9.1,9.35,9.03,9.3,5.9728,6.1369,5.9268,6.104,9998131.0,92533555.0,0.6563513514,9.09457108,84.579511,9.87308957,91.819733,0.01012664873453589
CN,002245,2018-01-23,9.35,9.37,9.24,9.32,6.1369,6.15,6.0647,6.1172,8775600.0,81539139.0,0.6563513514,9.09457108,84.761402,9.87308957,92.017195,0.008888403106019831
CN,002245,2018-01-24,9.25,9.45,9.19,9.39,6.0712,6.2025,6.0318,6.1631,11416521.0,106736655.0,0.6563513514,9.09457108,85.398022,9.87308957,92.708311,0.011563270969089365
CN,002245,2018-01-25,9.4,9.6,9.32,9.46,6.1697,6.3009,6.1172,6.2091,12410042.0,117468415.0,0.6563513514,9.09457108,86.034642,9.87308957,93.399427,0.012569562862782779
CN,002245,2018-01-26,9.4,9.5,9.33,9.34,6.1697,6.2353,6.1237,6.1303,7666090.0,72162212.0,0.6563513514,9.09457108,84.943294,9.87308957,92.214657,0.00776463126931806
CN,002245,2018-01-29,9.31,9.42,9.07,9.09,6.1106,6.1828,5.9531,5.9662,13715623.0,126018789.0,0.6563513514,9.09457108,82.669651,9.87308957,89.746384,0.013891926030607255
CN,002245,2018-01-30,9.09,9.22,9.09,9.11,5.9662,6.0515,5.9662,5.9793,7328523.0,67013954.0,0.6563513514,9.09457108,82.851543,9.87308957,89.943846,0.00742272512372234
CN,002245,2018-01-31,9.04,9.2,9.04,9.1,5.9334,6.0384,5.9334,5.9728,7455600.0,68016672.0,0.6563513514,9.09457108,82.760597,9.87308957,89.845115,0.007551435593833066
CN,002245,2018-02-01,9.12,9.16,8.5,8.58,5.9859,6.0121,5.579,5.6315,17469119.0,153737737.0,0.6563513514,9.09457108,78.03142,9.87308957,84.711109,0.01769367012842769
CN,002245,2018-02-02,8.65,8.77,8.32,8.75,5.6774000000000004,5.7562,5.4608,5.743,10778131.0,92823882.0,0.6563513514,9.09457108,79.577497,9.87308957,86.389534,0.01091667499173716
CN,002245,2018-02-05,8.53,8.74,8.5,8.6,5.5986,5.7365,5.579,5.6446,10063797.0,86803800.0,0.6563513514,9.09457108,78.213311,9.87308957,84.90857,0.010193158816850479
CN,002245,2018-02-06,8.41,8.53,7.8,7.88,5.5199,5.5986,5.1195,5.172,21806382.0,178122259.0,0.6563513514,9.09457108,71.66522,9.87308957,77.799946,0.022086685069950197
CN,002245,2018-02-07,8.06,8.24,7.8100000000000005,8.1,5.2902000000000005,5.4083,5.1261,5.3164,14520204.0,117025360.0,0.6563513514,9.09457108,73.666026,9.87308957,79.972026,0.014706849256306302
CN,002245,2018-02-08,8.14,8.33,8.1,8.27,5.3427,5.4674,5.3164,5.428,9030808.0,74652890.0,0.6563513514,9.09457108,75.212103,9.87308957,81.650451,0.00914689159454268
CN,002245,2018-02-09,8.08,8.37,7.95,8.1,5.3033,5.4936,5.218,5.3164,14048298.0,114878649.0,0.6563513514,9.09457108,73.666026,9.87308957,79.972026,0.014228877293574478
CN,002245,2018-02-12,8.24,8.91,8.17,8.88,5.4083,5.8481,5.3624,5.8284,22460623.0,192754826.0,0.6563513514,9.09457108,80.759791,9.87308957,87.673035,0.022749335798844576
CN,002245,2018-02-13,8.76,8.77,8.4,8.45,5.7496,5.7562,5.5133,5.5461,27211151.0,233301127.0,0.6563513514,9.09457108,76.849126,9.87308957,83.427607,0.027560927921370007
CN,002245,2018-02-14,8.48,8.49,8.27,8.37,5.5658,5.5724,5.428,5.4936,9313453.0,78001136.0,0.6563513514,9.09457108,76.12156,9.87308957,82.63776,0.009433169763089671
CN,002245,2018-02-22,8.45,8.6,8.33,8.52,5.5461,5.6446,5.4674,5.5921,10608816.0,90125563.0,0.6563513514,9.09457108,77.485746,9.87308957,84.118723,0.01074518358694481
CN,002245,2018-02-23,8.51,8.52,8.41,8.48,5.5855,5.5921,5.5199,5.5658,7603658.0,64367499.0,0.6563513514,9.09457108,77.121963,9.87308957,83.7238,0.00770139675740833
CN,002245,2018-02-26,8.57,8.94,8.49,8.9,5.6249,5.8678,5.5724,5.8415,24388641.0,213887629.0,0.6563513514,9.09457108,80.941683,9.87308957,87.870497,0.02470213688135314
CN,002245,2018-02-27,8.92,9.25,8.81,8.97,5.8546,6.0712,5.7824,5.8873999999999995,22204079.0,200586117.0,0.6563513514,9.09457108,81.578303,9.87308957,88.561613,0.022489494137142726
CN,002245,2018-02-28,8.85,9.18,8.85,9.02,5.8087,6.0253,5.8087,5.9203,18396921.0,166806203.0,0.6563513514,9.09457108,82.033031,9.87308957,89.055268,0.018633398258535196
CN,002245,2018-03-01,8.9,9.19,8.9,9.15,5.8415,6.0318,5.8415,6.0056,13960020.0,126821582.0,0.6563513514,9.09457108,83.215325,9.87308957,90.33877,0.01413946455263446
CN,002245,2018-03-02,9.05,9.14,8.9,8.93,5.9399,5.999,5.8415,5.8612,14770442.0,132816058.0,0.6563513514,9.09457108,81.21452,9.87308957,88.16669,0.014960303859574932
CN,002245,2018-03-05,8.93,9.14,8.92,9.11,5.8612,5.999,5.8546,5.9793,10821520.0,97968035.0,0.6563513514,9.09457108,82.851543,9.87308957,89.943846,0.010960621721575246
CN,002245,2018-03-06,9.1,9.33,9.06,9.13,5.9728,6.1237,5.9465,5.9925,19824436.0,182178264.0,0.6563513514,9.09457108,83.033434,9.87308957,90.141308,0.02007926278744375
CN,002245,2018-03-07,9.07,9.28,9.07,9.23,5.9531,6.0909,5.9531,6.0581,13266507.0,121846511.0,0.6563513514,9.09457108,83.942891,9.87308957,91.128617,0.013437037014544172
CN,002245,2018-03-08,9.21,9.21,9.05,9.12,6.045,6.045,5.9399,5.9859,10929933.0,99706807.0,0.6563513514,9.09457108,82.942488,9.87308957,90.042577,0.011070428281346991
CN,002245,2018-03-09,9.14,9.37,9.11,9.32,5.999,6.15,5.9793,6.1172,16926291.0,156527225.0,0.6563513514,9.09457215,84.761412,9.87309064,92.017205,0.017143862663859838
CN,002245,2018-03-12,9.38,9.82,9.38,9.65,6.1565,6.4453,6.1565,6.3338,28906722.0,278372379.0,0.6563513514,9.09457215,87.762621,9.87309064,95.275325,0.029278290916206966
CN,002245,2018-03-13,9.62,9.79,9.53,9.58,6.3141,6.4256,6.255,6.2878,16019130.0,154267861.0,0.6563513514,9.09457215,87.126001,9.87309064,94.584208,0.016225040956374732
CN,002245,2018-03-14,9.57,9.82,9.55,9.59,6.2812,6.4453,6.2681000000000004,6.2943999999999996,16134772.0,156206826.0,0.6563513514,9.09457215,87.216947,9.87309064,94.682939,0.016342169426290208
CN,002245,2018-03-15,9.56,9.67,9.27,9.43,6.2747,6.3469,6.0843,6.1894,15577993.0,146642769.0,0.6563513514,9.09457215,85.761815,9.87309064,93.103245,0.015778233552204077
CN,002245,2018-03-16,9.42,9.64,9.36,9.47,6.2091,6.3541,6.1695,6.242,11748921.0,111754335.0,0.6563513514,9.09457215,86.125598,9.87309064,93.498168,0.011899942407497234
CN,002245,2018-03-19,9.48,9.66,9.38,9.56,6.2486,6.3673,6.1827,6.3013,11884407.0,113784524.0,0.6563513514,9.09457215,86.94411,9.87309064,94.386747,0.012037169953501006
CN,002245,2018-03-20,9.47,9.54,9.29,9.44,6.242,6.2882,6.1234,6.2222,11345584.0,106746546.0,0.6563513514,9.09457215,85.852761,9.87309064,93.201976,0.011491420887026316
CN,002245,2018-03-21,9.48,9.64,9.18,9.24,6.2486,6.3541,6.0509,6.0904,19032072.0,179216949.0,0.6563513514,9.09562322,84.043559,9.87309171,91.227367,0.019276709422969593
CN,002245,2018-03-22,9.25,9.37,9.08,9.09,6.097,6.1761,5.985,5.9916,11416749.0,105143313.0,0.6563513514,9.09562322,82.679215,9.87309171,89.746404,0.011563499393443798
CN,002245,2018-03-23,8.76,8.98,8.3,8.45,5.774,5.9190000000000005,5.4708,5.5697,24898109.0,215115534.0,0.6563513514,9.09562322,76.858016,9.87309171,83.427625,0.02521814820658644
CN,002245,2018-03-26,8.36,8.69,8.29,8.69,5.5104,5.7279,5.4642,5.7279,13792647.0,117869843.0,0.6563513514,9.14049822,79.43093,9.87309171,85.797167,0.013969937082656755
CN,002245,2018-03-27,8.81,9.06,8.77,9.01,5.807,5.9718,5.7806,5.9388,16645741.0,148604025.0,0.6563513514,9.14049822,82.355889,9.87309171,88.956556,0.016859704628429912
CN,002245,2018-03-28,8.84,9.12,8.84,8.96,5.8268,6.0113,5.8268,5.9059,14104045.0,126845973.0,0.6563513514,9.14049822,81.898864,9.87309171,88.462902,0.01428533777896002
CN,002245,2018-03-29,9.06,9.25,8.86,8.95,5.9718,6.097,5.84,5.8993,13644954.0,122841286.0,0.6563513514,9.14049822,81.807459,9.87309171,88.364171,0.013820345643279757
CN,002245,2018-03-30,9.0,9.32,8.96,9.3,5.9322,6.1432,5.9059,6.13,21095744.0,193223916.0,0.6563513514,9.14404822,85.039648,9.87099171,91.800223,0.02137145346665477
CN,002245,2018-04-02,9.32,9.52,9.25,9.36,6.1432,6.275,6.097,6.1695,21305725.0,200127153.0,0.6563513514,9.14404822,85.588291,9.87099171,92.392482,0.021584178799801665
CN,002245,2018-04-03,9.2,9.26,9.01,9.15,6.0641,6.1036,5.9388,6.0311,15350497.0,139987965.0,0.6563513514,9.14404822,83.668041,9.87099171,90.319574,0.015551119331251065
CN,002245,2018-04-04,9.2,9.27,8.95,8.99,6.0641,6.1102,5.8993,5.9256,14127444.0,127860077.0,0.6563513514,9.14404822,82.204994,9.87099171,88.740215,0.01431208171888942
CN,002245,2018-04-09,8.91,9.06,8.82,8.9,5.8729,5.9718,5.8136,5.8663,9061667.0,80953126.0,0.6563513514,9.14404822,81.382029,9.87099171,87.851826,0.009180097872861044
CN,002245,2018-04-10,8.94,9.03,8.83,8.97,5.8927,5.952,5.8202,5.9125,8993652.0,80252071.0,0.6563513514,9.14404822,82.022113,9.87099171,88.542796,0.009111193955201893
CN,002245,2018-04-11,9.04,9.07,8.88,8.9,5.9586,5.9784,5.8530999999999995,5.8663,8762915.0,78605012.0,0.6563513514,9.14404822,81.382029,9.87099171,87.851826,0.008877441352850655
CN,002245,2018-04-12,8.89,8.92,8.79,8.79,5.8597,5.8795,5.7938,5.7938,9241140.0,81764897.0,0.6563513514,9.14404822,80.376184,9.87099171,86.766017,0.009361916483668083
CN,002245,2018-04-13,8.86,8.91,8.75,8.85,5.84,5.8729,5.7674,5.8334,6977388.0,61734617.0,0.6563513514,9.14404822,80.924827,9.87099171,87.358277,0.007068578522795659
CN,002245,2018-04-16,8.81,8.86,8.67,8.73,5.807,5.84,5.7147,5.7543,9824723.0,86097239.0,0.6563513514,9.14404822,79.827541,9.87099171,86.173758,0.009953126584076525
CN,002245,2018-04-17,8.74,8.8,8.4,8.41,5.7609,5.8004,5.5367,5.5433,12070822.0,104074585.0,0.6563513514,9.14404822,76.901446,9.87099171,83.01504,0.012228580830203128
CN,002245,2018-04-18,8.52,8.87,8.35,8.85,5.6158,5.8465,5.5038,5.8334,17230294.0,149097816.0,0.6563513514,9.14404822,80.924827,9.87099171,87.358277,0.01745548421699566
CN,002245,2018-04-19,8.75,8.9,8.72,8.76,5.7674,5.8663,5.7477,5.774,13081745.0,115196641.0,0.6563513514,9.14404822,80.101862,9.87099171,86.469887,0.013252716023200875
CN,002245,2018-04-20,8.65,8.88,8.52,8.8,5.7015,5.8530999999999995,5.6158,5.8004,15613023.0,136798790.0,0.6563513514,9.14404822,80.467624,9.87099171,86.864727,0.015817076397889103
CN,002245,2018-04-23,8.8,8.83,8.45,8.57,5.8004,5.8202,5.5697,5.6488,11434336.0,98943269.0,0.6563513514,9.14404822,78.364493,9.87099171,84.594399,0.011583776317445615
CN,002245,2018-04-24,8.58,8.88,8.55,8.85,5.6554,5.8530999999999995,5.6356,5.8334,11689438.0,102391061.0,0.6563513514,9.14404822,80.924827,9.87099171,87.358277,0.011842212356594108
CN,002245,2018-04-25,8.8,8.95,8.75,8.93,5.8004,5.8993,5.7674,5.8861,12065627.0,106980837.0,0.6563513514,9.14404822,81.656351,9.87099171,88.147956,0.01222331793448543
CN,002245,2018-04-26,8.89,8.93,8.64,8.65,5.8597,5.8861,5.6949,5.7015,10770190.0,94698362.0,0.6563513514,9.14404822,79.096017,9.87099171,85.384078,0.0109109503041007
CN,002245,2018-04-27,8.69,8.8,8.6,8.7,5.7279,5.8004,5.6686,5.7345,7298756.0,63558677.0,0.6563513514,9.14404822,79.55322,9.87099171,85.877628,0.00739414662116052
CN,002245,2018-05-02,8.7,8.86,8.52,8.58,5.7345,5.84,5.6158,5.6554,9113034.0,78853763.0,0.6563513514,9.14404822,78.455934,9.87099171,84.693109,0.009232136210557105
CN,002245,2018-05-03,8.56,8.66,8.36,8.64,5.6422,5.7081,5.5104,5.6949,11260343.0,95888251.0,0.6563513514,9.14404822,79.004577,9.87099171,85.285368,0.011407509327145408
CN,002245,2018-05-04,8.61,8.69,8.5,8.53,5.6752,5.7279,5.6027000000000005,5.6224,8556349.0,73566798.0,0.6563513514,9.14404822,77.998731,9.87099171,84.199559,0.008668175651826173
CN,002245,2018-05-07,8.56,8.76,8.5,8.75,5.6422,5.774,5.6027000000000005,5.7674,12648528.0,109683635.0,0.6563513514,9.14404822,80.010422,9.87099171,86.371177,0.012813837121538824
CN,002245,2018-05-08,8.73,8.82,8.66,8.74,5.7543,5.8136,5.7081,5.7609,10642935.0,92845815.0,0.6563513514,9.14404822,79.918981,9.87099171,86.272468,0.01078203215307938
CN,002245,2018-05-09,8.76,8.86,8.7,8.84,5.774,5.84,5.7345,5.8268,12336900.0,108446068.0,0.6563513514,9.14404822,80.833386,9.87099171,87.259567,0.012498136319476253
CN,002245,2018-05-10,8.83,8.84,8.59,8.72,5.8202,5.8268,5.662,5.7477,13971553.0,121914334.0,0.6563513514,9.14404822,79.7361,9.87099171,86.075048,0.014154153311511595
CN,002245,2018-05-11,8.72,8.74,8.58,8.6,5.7477,5.7609,5.6554,5.6686,11133620.0,96310861.0,0.6563513514,9.14404822,78.638815,9.87099171,84.890529,0.0112791301290638
CN,002245,2018-05-14,8.58,8.8,8.58,8.66,5.6554,5.8004,5.6554,5.7081,8814558.0,76663798.0,0.6563513514,9.14404929,79.187467,9.86719278,85.449889,0.008933197310045868
CN,002245,2018-05-15,8.65,8.74,8.61,8.74,5.7015,5.7609,5.6752,5.7609,8608480.0,74893432.0,0.6563513514,9.14404929,79.918991,9.86719278,86.239265,0.008724345608660542
CN,002245,2018-05-16,8.68,8.7,8.53,8.55,5.7213,5.7345,5.6224,5.6356,10865540.0,93592155.0,0.6563513514,9.14404929,78.181621,9.86719278,84.364498,0.011011784447977513
CN,002245,2018-05-17,8.56,8.59,8.4,8.43,5.6422,5.662,5.5367,5.5565,8997100.0,76455986.0,0.6563513514,9.14404929,77.084336,9.86719278,83.180435,0.009118196229262281
CN,002245,2018-05-18,8.45,8.54,8.41,8.5,5.5697,5.629,5.5433,5.6027000000000005,6958575.0,58929214.0,0.6563513514,9.14404929,77.724419,9.86719278,83.871139,0.00705223375599235
CN,002245,2018-05-21,8.59,8.65,8.56,8.59,5.662,5.7015,5.6422,5.662,9426002.0,81098799.0,0.6563513514,9.14404929,78.547383,9.86719278,84.759186,0.0095528710243766
CN,002245,2018-05-22,8.6,8.62,8.51,8.61,5.6686,5.6818,5.6093,5.6752,7522375.0,64432087.0,0.6563513514,9.14404929,78.730264,9.86719278,84.95653,0.007623622207166403
CN,002245,2018-05-23,8.59,8.59,8.4,8.4,5.662,5.662,5.5367,5.5367,11166389.0,94608845.0,0.6563513514,9.14404929,76.810014,9.86719278,82.884419,0.011316682717128386
CN,002245,2018-05-24,8.43,8.45,8.26,8.39,5.5565,5.5697,5.4445,5.5302,9591696.0,80068404.0,0.6563513514,9.14404929,76.718574,9.86719278,82.785747,0.009720795178383045
CN,002245,2018-05-25,8.3,8.35,8.18,8.23,5.4708,5.5038,5.3917,5.4247,8375442.0,68993460.0,0.6563513514,9.14404929,75.255526,9.86719278,81.206997,0.008488171039868951
CN,002245,2018-05-28,8.22,8.28,8.1,8.23,5.4181,5.4577,5.339,5.4247,5486865.0,44984775.0,0.6563513514,9.14404929,75.255526,9.86719278,81.206997,0.005560715314209154
CN,002245,2018-05-29,8.23,8.28,8.12,8.15,5.4247,5.4577,5.3522,5.372,4647943.0,38118540.0,0.6563513514,9.14404929,74.524002,9.86719278,80.417621,0.004710501865759635
CN,002245,2018-05-30,8.05,8.06,7.76,7.85,5.306,5.3126,5.1149000000000004,5.1742,9493810.0,75576951.0,0.6563513514,9.14404929,71.780787,9.86719278,77.457463,0.009621591684357464
CN,002245,2018-05-31,7.95,7.98,7.7,7.87,5.2401,5.2599,5.0754,5.1874,9022425.0,70995148.0,0.6563513514,9.14404929,71.963668,9.86719278,77.654807,0.009143862090429332
CN,002245,2018-06-01,7.8,8.02,7.65,7.72,5.1413,5.2863,5.0424,5.0885,8870718.0,68694105.0,0.6563513514,9.14404929,70.592061,9.86719278,76.174728,0.008990113194079096
CN,002245,2018-06-04,7.72,7.79,7.64,7.73,5.0885,5.1347,5.0358,5.0951,5449800.0,42116534.0,0.6563513514,9.14404929,70.683501,9.86719278,76.2734,0.005523151438822907
CN,002245,2018-06-05,7.73,7.89,7.73,7.87,5.0951,5.2006,5.0951,5.1874,5732700.0,44881694.0,0.6563513514,9.14404929,71.963668,9.86719278,77.654807,0.00580985912388346
CN,002245,2018-06-06,7.84,7.93,7.82,7.89,5.1676,5.227,5.1544,5.2006,4961945.0,39124142.0,0.6563513514,9.14404929,72.146549,9.86719278,77.852151,0.005028730167365799
CN,002245,2018-06-07,7.9,7.91,7.7,7.72,5.2072,5.2138,5.0754,5.0885,5259975.0,41094874.0,0.6563513514,9.14404929,70.592061,9.86719278,76.174728,0.005330771494260802
CN,002245,2018-06-08,7.73,7.78,7.65,7.72,5.0951,5.1281,5.0424,5.0885,4505884.0,34708858.0,0.6563513514,9.14404929,70.592061,9.86719278,76.174728,0.004566530826409981
CN,002245,2018-06-11,7.71,7.75,7.61,7.64,5.0819,5.1083,5.016,5.0358,4244416.0,32561200.0,0.6563513514,9.14404929,69.860537,9.86719278,75.385353,0.004301543604786041
CN,002245,2018-06-12,7.65,7.75,7.59,7.7,5.0424,5.1083,5.0028,5.0754,6414534.0,49277126.0,0.6563513514,9.14404929,70.40918,9.86719278,75.977384,0.006500870250555701
CN,002245,2018-06-13,7.72,7.73,7.48,7.49,5.0885,5.0951,4.9303,4.9369,5807663.0,44216852.0,0.6563513514,9.14404929,68.488929,9.86719278,73.905274,0.005885831086397402
CN,002245,2018-06-14,7.45,7.62,7.41,7.43,4.9106,5.0226,4.8842,4.8974,4919167.0,36869305.0,0.6563513514,9.14404929,67.940286,9.86719278,73.313242,0.004985376398007296
CN,002245,2018-06-15,7.44,7.5,6.82,7.03,4.904,4.9435,4.4953,4.6337,18719150.0,131668408.0,0.6563513514,9.14404929,64.282667,9.86719278,69.366365,0.018971099903857355
CN,002245,2018-06-19,6.78,6.93,6.33,6.33,4.4689,4.5678,4.1723,4.1723,16243185.0,106917921.0,0.6563513514,9.14404929,57.881832,9.86719278,62.45933,0.016461809718488138
CN,002245,2018-06-20,6.23,6.41,6.12,6.31,4.1064,4.2251,4.0339,4.1592,14108266.0,88499632.0,0.6563513514,9.14404929,57.698951,9.86719278,62.261986,0.014298155832727127
CN,002245,2018-06-21,6.31,6.35,5.96,5.99,4.1592,4.1855,3.9285,3.9482,12825405.0,78498006.0,0.6563513514,9.14404929,54.772855,9.86719278,59.104485,0.012998028199059874
CN,002245,2018-06-22,6.03,6.29,5.98,6.15,3.9746,4.146,3.9416,4.0537,15402422.0,94942843.0,0.6563513514,9.14404929,56.235903,9.86719278,60.683236,0.015609730491147859
CN,002245,2018-06-25,6.25,6.39,6.2,6.26,4.1196,4.2119,4.0866,4.1262,13273645.0,83460080.0,0.6563513514,9.14404929,57.241749,9.86719278,61.768627,0.013452301273473244
CN,002245,2018-06-26,6.15,6.4,6.05,6.31,4.0537,4.2185,3.9878,4.1592,11025960.0,69108639.0,0.6563513514,9.14404929,57.698951,9.86719278,62.261986,0.01117436361672058
CN,002245,2018-06-27,6.32,6.33,6.18,6.31,4.1657,4.1723,4.0735,4.1592,8790719.0,55102640.0,0.6563513514,9.14404929,57.698951,9.86719278,62.261986,0.008909037449656477
CN,002245,2018-06-28,6.31,6.39,6.18,6.22,4.1592,4.2119,4.0735,4.0998,7491707.0,47068051.0,0.6563513514,9.14404929,56.875987,9.86719278,61.373939,0.007592541432032303
CN,002245,2018-06-29,6.22,6.47,6.16,6.47,4.0998,4.2646,4.0603,4.2646,11250383.0,71406275.0,0.6563513514,9.14404929,59.161999,9.86719278,63.840737,0.011401807232147744
CN,002245,2018-07-02,6.45,6.45,6.12,6.22,4.2514,4.2514,4.0339,4.0998,10163673.0,64218659.0,0.6563513514,9.14404929,56.875987,9.86719278,61.373939,0.010300470687672121
CN,002245,2018-07-03,6.22,6.45,6.12,6.38,4.0998,4.2514,4.0339,4.2053,9625960.0,60382014.0,0.6563513514,9.14404929,58.339034,9.86719278,62.95269,0.009755520353783947
CN,002245,2018-07-04,6.36,6.36,6.17,6.2,4.1921,4.1921,4.0669,4.0866,7319275.0,45741160.0,0.6563513514,9.14404929,56.693106,9.86719278,61.176595,0.007417788588093239
CN,002245,2018-07-05,6.2,6.26,6.04,6.05,4.0866,4.1262,3.9812,3.9878,6813624.0,41907853.0,0.6563513514,9.14404929,55.321498,9.86719278,59.696516,0.006905331791845258
CN,002245,2018-07-06,6.06,6.31,6.06,6.24,3.9943999999999997,4.1592,3.9943999999999997,4.113,10073008.0,62431662.0,0.6563513514,9.14404929,57.058868,9.86719278,61.571283,0.010208585384504872
CN,002245,2018-07-09,6.28,6.39,6.23,6.35,4.1394,4.2119,4.1064,4.1855,8430187.0,53346167.0,0.6563513514,9.14404929,58.064713,9.86719278,62.656674,0.00854365287874714
CN,002245,2018-07-10,6.36,6.39,6.28,6.36,4.1921,4.2119,4.1394,4.1921,7177671.0,45457898.0,0.6563513514,9.14404929,58.156153,9.86719278,62.755346,0.007274278672804039
CN,002245,2018-07-11,6.26,6.27,6.1,6.19,4.1262,4.1328,4.0207,4.0801,7096994.0,43949810.0,0.6563513514,9.14404929,56.601665,9.86719278,61.077923,0.007192515802858369
CN,002245,2018-07-12,6.2,6.45,6.19,6.4,4.0866,4.2514,4.0801,4.2185,12622260.0,80362757.0,0.6563513514,9.14404929,58.521915,9.86719278,63.150034,0.012792148974310401
CN,002245,2018-07-13,6.4,6.68,6.39,6.5600000000000005,4.2185,4.4030000000000005,4.2119,4.3239,14044793.0,92038467.0,0.6563513514,9.14404929,59.984963,9.86719278,64.728785,0.014233828519564002
CN,002245,2018-07-16,6.53,6.72,6.5,6.65,4.3042,4.4294,4.2844,4.3833,10374555.0,69104821.0,0.6563513514,9.14404929,60.807928,9.86719278,65.616832,0.010514191048368267
CN,002245,2018-07-17,6.66,6.6899999999999995,6.53,6.62,4.3899,4.4096,4.3042,4.3635,7927190.0,52215802.0,0.6563513514,9.14404929,60.533606,9.86719278,65.320816,0.008033885803941898
CN,002245,2018-07-18,6.62,6.7,6.5600000000000005,6.62,4.3635,4.4162,4.3239,4.3635,8196377.0,54305981.0,0.6563513514,9.14404929,60.533606,9.86719278,65.320816,0.008306695919241987
CN,002245,2018-07-19,6.6,6.62,6.4,6.49,4.3503,4.3635,4.2185,4.2778,7835780.0,50970760.0,0.6563513514,9.14404929,59.34488,9.86719278,64.038081,0.007941245473466871
CN,002245,2018-07-20,6.49,6.57,6.37,6.5,4.2778,4.3305,4.1987,4.2844,12433460.0,80564645.0,0.6563513514,9.14404929,59.43632,9.86719278,64.136753,0.012600807825708661
CN,002245,2018-07-23,6.48,6.5600000000000005,6.41,6.54,4.2712,4.3239,4.2251,4.3108,18562215.0,120157555.0,0.6563513514,9.14404929,59.802082,9.86719278,64.531441,0.01881205264137953
CN,002245,2018-07-24,6.54,6.73,6.48,6.72,4.3108,4.436,4.2712,4.4294,25779173.0,170359694.0,0.6563513514,9.14404929,61.448011,9.86719278,66.307535,0.02612614709651999
CN,002245,2018-07-25,6.7,6.78,6.61,6.67,4.4162,4.4689,4.3568999999999996,4.3964,14098929.0,94181709.0,0.6563513514,9.14404929,60.990809,9.86719278,65.814176,0.014288693161622814
CN,002245,2018-07-26,6.66,6.72,6.61,6.6899999999999995,4.3899,4.4294,4.3568999999999996,4.4096,12562290.0,83735578.0,0.6563513514,9.14404929,61.17369,9.86719278,66.01152,0.012731371809683038
CN,002245,2018-07-27,6.67,6.67,6.53,6.53,4.3964,4.3964,4.3042,4.3042,10646830.0,70078852.0,0.6563513514,9.14404929,59.710642,9.86719278,64.432769,0.010790130726522604
CN,002245,2018-07-30,6.52,6.54,6.28,6.34,4.2976,4.3108,4.1394,4.1789,15161736.0,96794101.0,0.6563513514,9.14404929,57.973273,9.86719278,62.558002,0.015365804984302739
CN,002245,2018-07-31,6.3,6.4,6.29,6.36,4.1526,4.2185,4.146,4.1921,6163855.0,39142807.0,0.6563513514,9.14404929,58.156153,9.86719278,62.755346,0.006246817243191634
CN,002245,2018-08-01,6.36,6.44,6.21,6.21,4.1921,4.2448,4.0932,4.0932,9843100.0,62231401.0,0.6563513514,9.14404929,56.784546,9.86719278,61.275267,0.009975582943865418
CN,002245,2018-08-02,6.19,6.21,5.92,6.08,4.0801,4.0932,3.9021,4.0076,12674290.0,76737408.0,0.6563513514,9.14404929,55.59582,9.86719278,59.992532,0.012844879270717969
CN,002245,2018-08-03,6.08,6.11,5.97,5.99,4.0076,4.0273,3.935,3.9482,7384700.0,44555658.0,0.6563513514,9.14404929,54.772855,9.86719278,59.104485,0.007484094174148689
CN,002245,2018-08-06,6.0,6.01,5.73,5.76,3.9548,3.9614000000000003,3.7769,3.7965999999999998,9379231.0,54897450.0,0.6563513514,9.14404929,52.669724,9.86719278,56.83503,0.009505470511340309
CN,002245,2018-08-07,5.78,5.89,5.63,5.89,3.8098,3.8823,3.7109,3.8823,10280613.0,59588675.0,0.6563513514,9.14404929,53.85845,9.86719278,58.117765,0.010418984638506273
CN,002245,2018-08-08,5.86,5.89,5.6,5.63,3.8625,3.8823,3.6912000000000003,3.7109,10132348.0,58100917.0,0.6563513514,9.14404929,51.480998,9.86719278,55.552295,0.010268724069663915
CN,002245,2018-08-09,5.61,5.88,5.58,5.8,3.6978,3.8757,3.678,3.823,10075440.0,58178541.0,0.6563513514,9.14404929,53.035486,9.86719278,57.229718,0.010211050117944489
CN,002245,2018-08-10,5.8,5.89,5.77,5.83,3.823,3.8823,3.8032,3.8428,5551202.0,32371446.0,0.6563513514,9.14404929,53.309807,9.86719278,57.525734,0.005625918256357407
CN,002245,2018-08-13,5.72,5.93,5.71,5.93,3.7702999999999998,3.9087,3.7637,3.9087,7161483.0,41698006.0,0.6563513514,9.14404929,54.224212,9.86719278,58.512453,0.007257872790846598
CN,002245,2018-08-14,5.9,5.9,5.8100000000000005,5.85,3.8889,3.8889,3.8296,3.856,5407929.0,31630908.0,0.6563513514,9.14404929,53.492688,9.86719278,57.723078,0.005480716877206893
CN,002245,2018-08-15,5.85,5.9,5.7,5.73,3.856,3.8889,3.7571,3.7769,6121675.0,35352244.0,0.6563513514,9.14404929,52.395402,9.86719278,56.539015,0.006204069522598301
CN,002245,2018-08-16,5.62,5.76,5.62,5.6899999999999995,3.7043,3.7965,3.7043,3.7504,4919260.0,28013642.0,0.6563513514,9.14404929,52.02964,9.86719278,56.144327,0.004985470649738334
CN,002245,2018-08-17,5.75,5.79,5.12,5.12,3.79,3.8163,3.3747,3.3747,35645509.0,188609376.0,0.6563513514,9.14404929,46.817532,9.86719278,50.520027,0.036125278784712264
CN,002245,2018-08-20,5.02,5.14,4.97,5.14,3.3088,3.3879,3.2758,3.3879,14641055.0,73849112.0,0.6563513514,9.14404929,47.000413,9.86719278,50.717371,0.01483811589216766
CN,002245,2018-08-21,4.83,4.85,4.63,4.7,3.1836,3.1967,3.0517,3.0979,49104385.0,229762685.0,0.6563513514,9.14404929,42.977032,9.86719278,46.375806,0.04976530416992623
CN,002245,2018-08-22,4.63,4.6899999999999995,4.58,4.61,3.0517,3.0913,3.0188,3.0386,17164241.0,79438812.0,0.6563513514,9.14404929,42.154067,9.86719278,45.487759,0.017395262647336256
CN,002245,2018-08-23,4.5600000000000005,4.76,4.5600000000000005,4.74,3.0056,3.1374,3.0056,3.1242,16632445.0,77567821.0,0.6563513514,9.14404929,43.342794,9.86719278,46.770494,0.016856308953152935
CN,002245,2018-08-24,4.66,4.82,4.63,4.72,3.0715,3.177,3.0517,3.1111,16019827.0,75842442.0,0.6563513514,9.14404929,43.159913,9.86719278,46.57315,0.01623544543740028
CN,002245,2018-08-27,4.71,4.86,4.7,4.8100000000000005,3.1045,3.2033,3.0979,3.1704,13385729.0,64255483.0,0.6563513514,9.14404929,43.982877,9.86719278,47.461197,0.013565893865103951
CN,002245,2018-08-28,4.82,4.85,4.77,4.8,3.177,3.1968,3.1441,3.1639,10324612.0,49693412.0,0.6563513514,9.14404929,43.891437,9.86719278,47.362525,0.01046357584188195
CN,002245,2018-08-29,4.8,4.82,4.71,4.74,3.1639,3.177,3.1045,3.1243,8594240.0,40759515.0,0.6563513514,9.14404929,43.342794,9.86719278,46.770494,0.00870991394575753
CN,002245,2018-08-30,4.78,4.78,4.65,4.68,3.1507,3.1507,3.065,3.0848,8326030.0,39338554.0,0.6563513514,9.14404929,42.794151,9.86719278,46.178462,0.008438093980363076
CN,002245,2018-08-31,4.67,4.68,4.5600000000000005,4.6,3.0782,3.0848,3.0057,3.032,9316600.0,43062134.0,0.6563513514,9.14404929,42.062627,9.86719278,45.389087,0.009441996531053891
CN,002245,2018-09-03,4.58,4.63,4.47,4.59,3.0188,3.0518,2.9463,3.0254,9667616.0,43850882.0,0.6563513514,9.14404929,41.971186,9.86719278,45.290415,0.009797737021613153
CN,002245,2018-09-04,4.62,4.68,4.57,4.67,3.0452,3.0848,3.0123,3.0782,9941790.0,46059931.0,0.6563513514,9.14404929,42.70271,9.86719278,46.07979,0.010075601259307716
CN,002245,2018-09-05,4.68,4.73,4.59,4.6,3.0848,3.1177,3.0254,3.032,9630269.0,44842644.0,0.6563513514,9.14404929,42.062627,9.86719278,45.389087,0.009759887350655371
CN,002245,2018-09-06,4.59,4.65,4.51,4.54,3.0254,3.065,2.9727,2.9925,8582600.0,39253172.0,0.6563513514,9.14404929,41.513984,9.86719278,44.797055,0.008698117277485684
CN,002245,2018-09-07,4.54,4.66,4.51,4.57,2.9925,3.0716,2.9727,3.0123,8844405.0,40607245.0,0.6563513514,9.14404929,41.788305,9.86719278,45.093071,0.008963446034952203
CN,002245,2018-09-10,4.57,4.58,4.44,4.46,3.0123,3.0188,2.9266,2.9398,9158700.0,41286117.0,0.6563513514,9.14404929,40.78246,9.86719278,44.00768,0.009281971280184109
CN,002245,2018-09-11,4.46,4.59,4.45,4.55,2.9398,3.0254,2.9332000000000003,2.9991,7833200.0,35503390.0,0.6563513514,9.14404929,41.605424,9.86719278,44.895727,0.007938630748025175
CN,002245,2018-09-12,4.55,4.74,4.54,4.64,2.9991,3.1243,2.9925,3.0584,13091908.0,61031325.0,0.6563513514,9.14404929,42.428389,9.86719278,45.783774,0.013268118189133019
CN,002245,2018-09-13,4.68,4.73,4.59,4.67,3.0848,3.1177,3.0254,3.0782,8524601.0,39615579.0,0.6563513514,9.14404929,42.70271,9.86719278,46.07979,0.00863933764148064
CN,002245,2018-09-14,4.68,4.77,4.63,4.65,3.0848,3.1441,3.0518,3.065,11299422.0,53018109.0,0.6563513514,9.14404929,42.519829,9.86719278,45.882446,0.011451506271269993
CN,002245,2018-09-17,4.63,4.63,4.46,4.52,3.0518,3.0518,2.9398,2.9793,9221702.0,41705406.0,0.6563513514,9.14404929,41.331103,9.86719278,44.599711,0.009345821253935205
CN,002245,2018-09-18,4.54,4.68,4.52,4.66,2.9925,3.0848,2.9793,3.0716,11684057.0,54022591.0,0.6563513514,9.14404929,42.61127,9.86719278,45.981118,0.01184131825586973
CN,002245,2018-09-19,4.71,4.73,4.66,4.6899999999999995,3.1045,3.1177,3.0716,3.0914,13691381.0,64315436.0,0.6563513514,9.14404929,42.885591,9.86719278,46.277134,0.013875659780106171
CN,002245,2018-09-20,4.74,4.91,4.66,4.86,3.1243,3.2364,3.0716,3.2034,25791282.0,123430736.0,0.6563513514,9.14404929,44.44008,9.86719278,47.954557,0.026138419077284918
CN,002245,2018-09-21,4.83,4.87,4.76,4.83,3.1836,3.21,3.1375,3.1836,20715076.0,99582342.0,0.6563513514,9.14404929,44.165758,9.86719278,47.658541,0.020993890017014544
CN,002245,2018-09-25,4.86,4.86,4.74,4.77,3.2034,3.2034,3.1243,3.1441,10469080.0,50146789.0,0.6563513514,9.14404929,43.617115,9.86719278,47.06651,0.010609988305103329
CN,002245,2018-09-26,4.76,5.08,4.73,4.91,3.1375,3.3484,3.1177,3.2364,24229323.0,118395801.0,0.6563513514,9.14404929,44.897282,9.86719278,48.447917,0.02455543693147546
CN,002245,2018-09-27,4.88,4.89,4.75,4.75,3.2166,3.2232,3.1309,3.1309,14060425.0,67630323.0,0.6563513514,9.14404929,43.434234,9.86719278,46.869166,0.014249670918054163
CN,002245,2018-09-28,4.74,4.86,4.73,4.8,3.1243,3.2034,3.1177,3.1639,7820493.0,37485877.0,0.6563513514,9.14404929,43.891437,9.86719278,47.362525,0.007925752718495077
CN,002245,2018-10-08,4.7,4.73,4.54,4.54,3.0979,3.1177,2.9925,2.9925,9085600.0,42149060.0,0.6563513514,9.14404929,41.513984,9.86719278,44.797055,0.009207887392669346
CN,002245,2018-10-09,4.6,4.6,4.52,4.55,3.032,3.032,2.9793,2.9991,4586909.0,20918534.0,0.6563513514,9.14404929,41.605424,9.86719278,44.895727,0.004648646380252439
CN,002245,2018-10-10,4.57,4.59,4.5,4.53,3.0123,3.0254,2.9661,2.9859,5083942.0,23077917.0,0.6563513514,9.14404929,41.422543,9.86719278,44.698383,0.005152369182757571
CN,002245,2018-10-11,4.36,4.36,4.08,4.08,2.8738,2.8738,2.6893000000000002,2.6893000000000002,13257323.0,55594219.0,0.6563513514,9.14404929,37.307721,9.86719278,40.258147,0.01343575958794635
CN,002245,2018-10-12,3.95,4.09,3.75,4.0,2.6036,2.6959,2.4718,2.6365,13918809.0,54609512.0,0.6563513514,9.14404929,36.576197,9.86719278,39.468771,0.014106148841251281
CN,002245,2018-10-15,4.0,4.07,3.88,3.89,2.6365,2.6827,2.5574,2.564,6735282.0,26875379.0,0.6563513514,9.14404929,35.570352,9.86719278,38.38338,0.006825935349770272
CN,002245,2018-10-16,3.87,3.95,3.79,3.81,2.5509,2.6036,2.4981,2.5113,6230450.0,24110171.0,0.6563513514,9.14404929,34.838828,9.86719278,37.594004,0.00631430857683111
CN,002245,2018-10-17,3.86,3.91,3.74,3.86,2.5443,2.5772,2.4652,2.5443,6195900.0,23801152.0,0.6563513514,9.14404929,35.29603,9.86719278,38.087364,0.006279293552020781
CN,002245,2018-10-18,3.83,3.86,3.73,3.76,2.5244999999999997,2.5443,2.4586,2.4784,6264200.0,23799646.0,0.6563513514,9.14404929,34.381625,9.86719278,37.100645,0.006348512834062618
CN,002245,2018-10-19,3.68,3.88,3.63,3.88,2.4256,2.5574,2.3927,2.5574,8471021.0,32194722.0,0.6563513514,9.14404929,35.478911,9.86719278,38.284708,0.008585036482889108
CN,002245,2018-10-22,3.89,4.13,3.89,4.05,2.564,2.7222,2.564,2.6695,12768628.0,51402465.0,0.6563513514,9.14404929,37.0334,9.86719278,39.962131,0.012940487010531479
CN,002245,2018-10-23,4.04,4.1,3.93,3.9699999999999998,2.6629,2.7025,2.5904,2.6168,10437709.0,41939170.0,0.6563513514,9.14404929,36.301876,9.86719278,39.172755,0.01057819506795934
CN,002245,2018-10-24,3.9699999999999998,4.04,3.94,3.99,2.6168,2.6629,2.597,2.63,6246631.0,24932529.0,0.6563513514,9.14404929,36.484757,9.86719278,39.370099,0.006330707364572237
CN,002245,2018-10-25,3.82,3.9699999999999998,3.8,3.88,2.5179,2.6168,2.5047,2.5574,8123260.0,31572297.0,0.6563513514,9.14404929,35.478911,9.86719278,38.284708,0.008232594802916174
CN,002245,2018-10-26,3.93,3.99,3.9,3.93,2.5904,2.63,2.5705999999999998,2.5904,9451878.0,37206366.0,0.6563513514,9.14404929,35.936114,9.86719278,38.778068,0.009579095301713563
CN,002245,2018-10-29,3.89,3.95,3.81,3.83,2.564,2.6036,2.5113,2.5244999999999997,6911178.0,26717547.0,0.6563513514,9.14404929,35.021709,9.86719278,37.791348,0.0070041988173256305
CN,002245,2018-10-30,3.83,3.91,3.77,3.88,2.5244999999999997,2.5772,2.4849,2.5574,5930560.0,22819629.0,0.6563513514,9.14404929,35.478911,9.86719278,38.284708,0.006010382215315347
CN,002245,2018-10-31,3.88,3.98,3.88,3.95,2.5574,2.6234,2.5574,2.6036,6916800.0,27263240.0,0.6563513514,9.14404929,36.118995,9.86719278,38.975411,0.007009896486485794
CN,002245,2018-11-01,3.98,4.04,3.94,3.96,2.6234,2.6629,2.597,2.6102,9079822.0,36239701.0,0.6563513514,9.14404929,36.210435,9.86719278,39.074083,0.009202031623831312
CN,002245,2018-11-02,4.03,4.08,3.99,4.08,2.6563,2.6893000000000002,2.63,2.6893000000000002,11661922.0,47100538.0,0.6563513514,9.14404929,37.307721,9.86719278,40.258147,0.01181888533042323
CN,002245,2018-11-05,4.06,4.23,4.05,4.23,2.6761,2.7881,2.6695,2.7881,20871604.0,86402313.0,0.6563513514,9.14404929,38.679328,9.86719278,41.738225,0.02115252480148665
CN,002245,2018-11-06,4.21,4.44,4.14,4.36,2.775,2.9266,2.7288,2.8738,26487143.0,113141135.0,0.6563513514,9.14404929,39.868055,9.86719278,43.020961,0.02684364599999231
CN,002245,2018-11-07,4.32,4.35,4.21,4.25,2.8475,2.8672,2.775,2.8013,18925311.0,80748074.0,0.6563513514,9.14404929,38.862209,9.86719278,41.935569,0.019180035722378985
CN,002245,2018-11-08,4.28,4.32,4.22,4.25,2.8211,2.8475,2.7816,2.8013,12567720.0,53568927.0,0.6563513514,9.14404929,38.862209,9.86719278,41.935569,0.012736874894624285
CN,002245,2018-11-09,4.22,4.33,4.18,4.22,2.7816,2.8541,2.7552,2.7816,12884150.0,54790537.0,0.6563513514,9.14404929,38.587888,9.86719278,41.639554,0.01305756387583217
CN,002245,2018-11-12,4.21,4.41,4.19,4.4,2.775,2.9068,2.7618,2.9002,20756544.0,90137789.0,0.6563513514,9.14404929,40.233817,9.86719278,43.415648,0.02103591615446273
CN,002245,2018-11-13,4.33,4.78,4.29,4.6,2.8541,3.1507,2.8277,3.032,42343073.0,194023825.0,0.6563513514,9.14404929,42.062627,9.86719278,45.389087,0.04291298847006007
CN,002245,2018-11-14,4.55,4.74,4.52,4.67,2.9991,3.1243,2.9793,3.0782,33786386.0,156314061.0,0.6563513514,9.14404929,42.70271,9.86719278,46.07979,0.03424113296791187
CN,002245,2018-11-15,4.61,4.78,4.6,4.73,3.0386,3.1507,3.032,3.1177,27294725.0,128368423.0,0.6563513514,9.14404929,43.251353,9.86719278,46.671822,0.027662097628541518
CN,002245,2018-11-16,4.73,5.18,4.65,5.0,3.1177,3.4143,3.065,3.2957,47041522.0,229751627.0,0.6563513514,9.14404929,45.720246,9.86719278,49.335964,0.04767467611998962
CN,002245,2018-11-19,4.99,5.0,4.8,4.86,3.2891,3.2957,3.1639,3.2034,30140067.0,146569012.0,0.6563513514,9.14404929,44.44008,9.86719278,47.954557,0.03054573643386341
CN,002245,2018-11-20,4.8,4.8,4.61,4.61,3.1639,3.1639,3.0386,3.0386,23142784.0,108717870.0,0.6563513514,9.14404929,42.154067,9.86719278,45.487759,0.02345427368856981
CN,002245,2018-11-21,4.54,4.84,4.48,4.84,2.9925,3.1902,2.9529,3.1902,27675824.0,130640254.0,0.6563513514,9.14404929,44.257199,9.86719278,47.757213,0.028048326020442868
CN,002245,2018-11-22,4.82,4.82,4.61,4.67,3.177,3.177,3.0386,3.0782,23623439.0,111244740.0,0.6563513514,9.14404929,42.70271,9.86719278,46.07979,0.02394139805181753
CN,002245,2018-11-23,4.61,4.67,4.28,4.32,3.0386,3.0782,2.8211,2.8475,24040910.0,106910014.0,0.6563513514,9.14404929,39.502293,9.86719278,42.626273,0.024364487991689974
CN,002245,2018-11-26,4.33,4.43,4.31,4.38,2.8541,2.92,2.8409,2.887,12219172.0,53449368.0,0.6563513514,9.14404929,40.050936,9.86719278,43.218304,0.012383635622045686
CN,002245,2018-11-27,4.42,4.46,4.33,4.4,2.9134,2.9398,2.8541,2.9002,11278565.0,49636470.0,0.6563513514,9.14404929,40.233817,9.86719278,43.415648,0.011430368547030658
CN,002245,2018-11-28,4.41,4.47,4.23,4.44,2.9068,2.9463,2.7881,2.9266,13995360.0,61079975.0,0.6563513514,9.14404929,40.599579,9.86719278,43.810336,0.014183730177409181
CN,002245,2018-11-29,4.45,4.48,4.27,4.27,2.9332000000000003,2.9529,2.8145,2.8145,12112167.0,53194936.0,0.6563513514,9.14404929,39.04509,9.86719278,42.132913,0.012275190391081018
CN,002245,2018-11-30,4.26,4.39,4.22,4.39,2.8079,2.8936,2.7816,2.8936,11345904.0,48853637.0,0.6563513514,9.14404929,40.142376,9.86719278,43.316976,0.011498613894518436
CN,002245,2018-12-03,4.5,4.59,4.45,4.55,2.9661,3.0254,2.9332000000000003,2.9991,17365545.0,78806851.0,0.6563513514,9.14404929,41.605424,9.86719278,44.895727,0.01759927609319497
CN,002245,2018-12-04,4.54,4.59,4.51,4.59,2.9925,3.0254,2.9727,3.0254,12745563.0,58075294.0,0.6563513514,9.14404929,41.971186,9.86719278,45.290415,0.012917111567774598
CN,002245,2018-12-05,4.45,4.57,4.41,4.54,2.9332000000000003,3.0123,2.9068,2.9925,11769788.0,52987800.0,0.6563513514,9.14404929,41.513984,9.86719278,44.797055,0.011928203149994602
CN,002245,2018-12-06,4.53,4.53,4.36,4.37,2.9859,2.9859,2.8738,2.8804,11963000.0,52964675.0,0.6563513514,9.14404929,39.959495,9.86719278,43.119632,0.01212401568179354
CN,002245,2018-12-07,4.4,4.44,4.34,4.37,2.9002,2.9266,2.8607,2.8804,6909900.0,30339568.0,0.6563513514,9.14404929,39.959495,9.86719278,43.119632,0.007002903616118464
CN,002245,2018-12-10,4.3,4.34,4.22,4.26,2.8343,2.8607,2.7816,2.8079,7778649.0,33270554.0,0.6563513514,9.14404929,38.95365,9.86719278,42.034241,0.007883345520284848
CN,002245,2018-12-11,4.29,4.32,4.25,4.29,2.8277,2.8475,2.8013,2.8277,4474597.0,19132779.0,0.6563513514,9.14404929,39.227971,9.86719278,42.330257,0.004534822719861768
CN,002245,2018-12-12,4.31,4.33,4.28,4.31,2.8409,2.8541,2.8211,2.8409,5927225.0,25519462.0,0.6563513514,9.14404929,39.410852,9.86719278,42.527601,0.006007002327971137
CN,002245,2018-12-13,4.34,4.38,4.27,4.33,2.8607,2.887,2.8145,2.8541,7382539.0,31993478.0,0.6563513514,9.14404929,39.593733,9.86719278,42.724945,0.007481904088226399
CN,002245,2018-12-14,4.33,4.38,4.17,4.18,2.8541,2.887,2.7486,2.7552,9513499.0,40639169.0,0.6563513514,9.14404929,38.222126,9.86719278,41.244866,0.00964154568793172
CN,002245,2018-12-17,4.14,4.2,4.12,4.18,2.7288,2.7683999999999997,2.7156000000000002,2.7552,6103200.0,25376698.0,0.6563513514,9.14404929,38.222126,9.86719278,41.244866,0.0061853458588249045
CN,002245,2018-12-18,4.16,4.19,4.07,4.1,2.742,2.7618,2.6827,2.7025,6750897.0,27830554.0,0.6563513514,9.14404929,37.490602,9.86719278,40.45549,0.0068417605194493825
CN,002245,2018-12-19,4.11,4.13,4.06,4.08,2.7091,2.7222,2.6761,2.6893000000000002,4772897.0,19511889.0,0.6563513514,9.14404929,37.307721,9.86719278,40.258147,0.0048371376808146235
CN,002245,2018-12-20,4.08,4.13,4.04,4.11,2.6893000000000002,2.7222,2.6629,2.7091,6496597.0,26575328.0,0.6563513514,9.14404929,37.582043,9.86719278,40.554162,0.006584037775331678
CN,002245,2018-12-21,4.11,4.11,4.0,4.04,2.7091,2.7091,2.6365,2.6629,8008369.0,32333868.0,0.6563513514,9.14404929,36.941959,9.86719278,39.863459,0.00811615743054328
CN,002245,2018-12-24,4.03,4.08,4.01,4.06,2.6563,2.6893000000000002,2.6431,2.6761,3309067.0,13398144.0,0.6563513514,9.14404929,37.12484,9.86719278,40.060803,0.003353605299682814
CN,002245,2018-12-25,4.02,4.02,3.86,3.95,2.6497,2.6497,2.5443,2.6036,7675040.0,30084128.0,0.6563513514,9.14404929,36.118995,9.86719278,38.975411,0.007778341997692275
CN,002245,2018-12-26,3.95,3.98,3.93,3.95,2.6036,2.6234,2.5904,2.6036,3693400.0,14588618.0,0.6563513514,9.14404929,36.118995,9.86719278,38.975411,0.0037431112195215467
CN,002245,2018-12-27,4.04,4.06,3.88,3.88,2.6629,2.6761,2.5574,2.5574,5156000.0,20459545.0,0.6563513514,9.14404929,35.478911,9.86719278,38.284708,0.005225397045500919
CN,002245,2018-12-28,3.9,3.93,3.87,3.88,2.5705999999999998,2.5904,2.5509,2.5574,3941216.0,15341921.0,0.6563513514,9.14404929,35.478911,9.86719278,38.284708,0.0039942626924129076
CN,002245,2019-01-02,3.91,3.93,3.85,3.88,2.5772,2.5904,2.5377,2.5574,3614300.0,14059493.0,0.6563513514,9.14404929,35.478911,9.86559278,38.2785,0.0036635406311591144
CN,002245,2019-01-03,3.89,3.94,3.85,3.89,2.564,2.597,2.5377,2.564,3492700.0,13606035.0,0.6563513514,9.14404929,35.570352,9.86559278,38.377156,0.003540283972677818
CN,002245,2019-01-04,3.85,4.04,3.83,4.02,2.5377,2.6629,2.5244999999999997,2.6497,8028020.0,31875359.0,0.6563513514,9.14404929,36.759078,9.86559278,39.659683,0.008137392429449131
CN,002245,2019-01-07,4.05,4.12,4.02,4.11,2.6695,2.7156000000000002,2.6497,2.7091,7257960.0,29614596.0,0.6563513514,9.14404929,37.582043,9.86559278,40.547586,0.00735684125814891
CN,002245,2019-01-08,4.1,4.12,4.06,4.11,2.7025,2.7156000000000002,2.6761,2.7091,5720455.0,23424731.0,0.6563513514,9.14404929,37.582043,9.86559278,40.547586,0.005798389541880118
CN,002245,2019-01-09,4.11,4.19,4.09,4.1,2.7091,2.7618,2.6959,2.7025,11112700.0,46089871.0,0.6563513514,9.14404929,37.490602,9.86559278,40.44893,0.011264097604482718
CN,002245,2019-01-10,4.1,4.21,4.09,4.12,2.7025,2.775,2.6959,2.7156000000000002,9257300.0,38491096.0,0.6563513514,9.14404929,37.673483,9.86559278,40.646242,0.009383419938806759
CN,002245,2019-01-11,4.13,4.17,4.11,4.17,2.7222,2.7486,2.7091,2.7486,5830673.0,24167547.0,0.6563513514,9.14404929,38.130686,9.86559278,41.139522,0.005910109133857844
CN,002245,2019-01-14,4.19,4.38,4.16,4.29,2.7618,2.887,2.742,2.8277,16579274.0,70967321.0,0.6563513514,9.14404929,39.227971,9.86559278,42.323393,0.016805147313205846
CN,002245,2019-01-15,4.25,4.28,4.17,4.28,2.8013,2.8211,2.7486,2.8211,11008825.0,46684481.0,0.6563513514,9.14404929,39.136531,9.86559278,42.224737,0.011158807428497976
CN,002245,2019-01-16,4.27,4.33,4.22,4.23,2.8145,2.8541,2.7816,2.7881,6960925.0,29653709.0,0.6563513514,9.14404929,38.679328,9.86559278,41.731457,0.007055759501964767
CN,002245,2019-01-17,4.26,4.26,4.13,4.14,2.8079,2.8079,2.7222,2.7288,9737130.0,40757966.0,0.6563513514,9.14404929,37.856364,9.86559278,40.843554,0.009869787064128142
CN,002245,2019-01-18,4.17,4.22,4.14,4.18,2.7486,2.7816,2.7288,2.7552,7363287.0,30808008.0,0.6563513514,9.14404929,38.222126,9.86559278,41.238178,0.007463603215943806
CN,002245,2019-01-21,4.19,4.23,4.15,4.18,2.7618,2.7881,2.7354000000000003,2.7552,7328732.0,30688255.0,0.6563513514,9.14404929,38.222126,9.86559278,41.238178,0.007428577444284093
CN,002245,2019-01-22,4.18,4.18,4.08,4.11,2.7552,2.7552,2.6893000000000002,2.7091,7600923.0,31310579.0,0.6563513514,9.14404929,37.582043,9.86559278,40.547586,0.00770447672988181
CN,002245,2019-01-23,4.11,4.18,4.1,4.13,2.7091,2.7552,2.7025,2.7222,6237106.0,25802916.0,0.6563513514,9.14404929,37.764924,9.86559278,40.744898,0.006322079310474033
CN,002245,2019-01-24,4.13,4.32,4.08,4.23,2.7222,2.8475,2.6893000000000002,2.7881,13964600.0,58979532.0,0.6563513514,9.14404929,38.679328,9.86559278,41.731457,0.014154851422926865
CN,002245,2019-01-25,4.2,4.3,4.18,4.19,2.7683999999999997,2.8343,2.7552,2.7618,11247925.0,47682115.0,0.6563513514,9.14404929,38.313567,9.86559278,41.336834,0.011401164887732169
CN,002245,2019-01-28,4.21,4.29,4.16,4.2,2.775,2.8277,2.742,2.7683999999999997,9434300.0,39845873.0,0.6563513514,9.14404929,38.405007,9.86559278,41.43549,0.00956283135781325
CN,002245,2019-01-29,4.2,4.2,3.94,3.98,2.7683999999999997,2.7683999999999997,2.597,2.6234,12131157.0,48838423.0,0.6563513514,9.14404929,36.393316,9.86559278,39.265059,0.012296429895822235
CN,002245,2019-01-30,3.96,4.02,3.83,3.83,2.6102,2.6497,2.5244999999999997,2.5244999999999997,10658860.0,41534705.0,0.6563513514,9.14404929,35.021709,9.86559278,37.78522,0.010804074562664039
CN,002245,2019-01-31,3.85,3.88,3.66,3.7,2.5377,2.5574,2.4124,2.4388,9874438.0,37226178.0,0.6563513514,9.14404929,33.832982,9.86559278,36.502693,0.010008965725828387
CN,002245,2019-02-01,3.7,3.9,3.7,3.89,2.4388,2.5705999999999998,2.4388,2.564,9520262.0,36395254.0,0.6563513514,9.14404929,35.570352,9.86559278,38.377156,0.009649964490020233
CN,002245,2019-02-11,3.95,4.0,3.93,3.99,2.6036,2.6365,2.5904,2.63,7915020.0,31439710.0,0.6563513514,9.14404929,36.484757,9.86559278,39.363715,0.008022852935959111
CN,002245,2019-02-12,3.98,4.09,3.96,4.07,2.6234,2.6959,2.6102,2.6827,7628381.0,30840187.0,0.6563513514,9.14404929,37.216281,9.86559278,40.152963,0.007732308813176049
CN,002245,2019-02-13,4.08,4.31,4.06,4.29,2.6893000000000002,2.8409,2.6761,2.8277,20517287.0,86712802.0,0.6563513514,9.14404929,39.227971,9.86559278,42.323393,0.02079681115725111
CN,002245,2019-02-14,4.29,4.29,4.22,4.26,2.8277,2.8277,2.7816,2.8079,11597041.0,49342435.0,0.6563513514,9.14404929,38.95365,9.86559278,42.027425,0.011755037186929176
CN,002245,2019-02-15,4.28,4.37,4.2,4.28,2.8211,2.8804,2.7683999999999997,2.8211,13527737.0,57959322.0,0.6563513514,9.14404929,39.136531,9.86559278,42.224737,0.013712036672975266
CN,002245,2019-02-18,4.3,4.57,4.27,4.54,2.8343,3.0123,2.8145,2.9925,28913382.0,128525339.0,0.6563513514,9.14404929,41.513984,9.86559278,44.789791,0.029307293180207666
CN,002245,2019-02-19,4.55,4.74,4.45,4.53,2.9991,3.1243,2.9332000000000003,2.9859,30421107.0,139301736.0,0.6563513514,9.14404929,41.422543,9.86559278,44.691135,0.030835559178634574
CN,002245,2019-02-20,4.48,4.52,4.4,4.48,2.9529,2.9793,2.9002,2.9529,20330178.0,90505314.0,0.6563513514,9.14404929,40.965341,9.86559278,44.197856,0.020607153014884524
CN,002245,2019-02-21,4.39,4.5,4.34,4.37,2.8936,2.9661,2.8607,2.8804,21499898.0,94938655.0,0.6563513514,9.14404929,39.959495,9.86559278,43.11264,0.021792809088558386
CN,002245,2019-02-22,4.34,4.8100000000000005,4.33,4.68,2.8607,3.1704,2.8541,3.0848,57375596.0,269088720.0,0.6563513514,9.14404929,42.794151,9.86559278,46.170974,0.05815727172148697
CN,002245,2019-02-25,4.65,5.15,4.62,5.09,3.065,3.3946,3.0452,3.355,73238790.0,360207139.0,0.6563513514,9.14404929,46.543211,9.86559278,50.215867,0.0742365832780704
CN,002245,2019-02-26,4.98,4.99,4.85,4.86,3.2824999999999998,3.2891,3.1968,3.2034,55429886.0,272352786.0,0.6563513514,9.14404929,44.44008,9.86559278,47.946781,0.05618505368716425
CN,002245,2019-02-27,4.8,4.92,4.77,4.87,3.1639,3.243,3.1441,3.21,25315727.0,123080351.0,0.6563513514,9.14404929,44.53152,9.86559278,48.045437,0.025660624317802017
CN,002245,2019-02-28,4.85,4.9,4.77,4.8,3.1968,3.2298,3.1441,3.1639,17865472.0,86182883.0,0.6563513514,9.14404929,43.891437,9.86559278,47.354845,0.018108868264072014
CN,002245,2019-03-01,4.79,4.82,4.73,4.82,3.1573,3.177,3.1177,3.177,14181725.0,67682878.0,0.6563513514,9.14404929,44.074318,9.86559278,47.552157,0.014374934498360675
CN,002245,2019-03-04,4.84,4.9399999999999995,4.8100000000000005,4.82,3.1902,3.2561,3.1704,3.177,30119500.0,146634540.0,0.6563513514,9.14404929,44.074318,9.86559278,47.552157,0.03052984313427135
CN,002245,2019-03-05,4.82,5.02,4.76,5.01,3.177,3.3089,3.1375,3.3023,37542584.0,184289901.0,0.6563513514,9.14404929,45.811687,9.81311778,49.16372,0.03825754957972184
CN,002245,2019-03-06,5.0,5.26,4.9,5.24,3.2957,3.4671,3.2298,3.4539,54536887.0,276071284.0,0.6563513514,9.14404929,47.914818,9.81311778,51.420737,0.055575494172862144
CN,002245,2019-03-07,5.18,5.55,5.14,5.31,3.4143,3.6582,3.388,3.5,55854397.0,297054627.0,0.6563513514,9.14404929,48.554902,9.81311778,52.107655,0.05691809499508523
CN,002245,2019-03-08,5.18,5.6,5.03,5.14,3.4143,3.6912000000000003,3.3155,3.388,70136100.0,375606913.0,0.6563513514,9.14404929,47.000413,9.81311778,50.439425,0.07147178050073295
CN,002245,2019-03-11,5.31,5.6,5.22,5.53,3.5,3.6912000000000003,3.4407,3.645,55880932.0,301407545.0,0.6563513514,9.14404929,50.566593,9.81311778,54.266541,0.05694513533088359
CN,002245,2019-03-12,5.59,5.72,5.4,5.52,3.6846,3.7702999999999998,3.5593,3.6384,54227758.0,298816205.0,0.6563513514,9.14404929,50.475152,9.81311778,54.16841,0.05526047808222678
CN,002245,2019-03-13,5.53,5.62,5.28,5.33,3.645,3.7043,3.4802,3.5132,42094833.0,228760247.0,0.6563513514,9.14404929,48.737783,9.81311778,52.303918,0.04289649216866935
CN,002245,2019-03-14,5.29,5.35,4.97,5.06,3.4868,3.5263999999999998,3.2759,3.3352,31480344.0,161296068.0,0.6563513514,9.14404929,46.268889,9.81311778,49.654376,0.032079859536751625
CN,002245,2019-03-15,5.1,5.22,5.05,5.15,3.3616,3.4407,3.3286,3.3946,27311655.0,140752318.0,0.6563513514,9.14404929,47.091854,9.81311778,50.537557,0.02783178151154321
CN,002245,2019-03-18,5.13,5.23,5.05,5.23,3.3814,3.4473,3.3286,3.4473,22952718.0,118106849.0,0.6563513514,9.14404929,47.823378,9.81311778,51.322606,0.023389832380061374
CN,002245,2019-03-19,5.23,5.24,5.12,5.18,3.4473,3.4539,3.3748,3.4143,17445101.0,90453168.0,0.6563513514,9.14404929,47.366175,9.81311778,50.83195,0.017777327645607854
CN,002245,2019-03-20,5.19,5.2,5.04,5.13,3.4209,3.4275,3.322,3.3814,17375502.0,88860388.0,0.6563513514,9.14404929,46.908973,9.81311778,50.341294,0.017706403193705474
CN,002245,2019-03-21,5.13,5.22,5.1,5.19,3.3814,3.4407,3.3616,3.4209,21888273.0,113392192.0,0.6563513514,9.14404929,47.457616,9.81311778,50.930081,0.022305115958773297
CN,002245,2019-03-22,5.16,5.19,4.99,5.12,3.4011,3.4209,3.2891,3.3748,25103572.0,127563411.0,0.6563513514,9.14404929,46.817532,9.81311778,50.243163,0.025581647507750587
CN,002245,2019-03-25,5.0,5.15,4.97,5.04,3.2957,3.3946,3.2759,3.322,16974669.0,85953578.0,0.6563513514,9.14404929,46.086008,9.81311778,49.458114,0.017297936680833355
CN,002245,2019-03-26,5.05,5.1,4.85,4.86,3.3286,3.3616,3.1968,3.2034,17657618.0,87668862.0,0.6563513514,9.14404929,44.44008,9.81311778,47.691752,0.01799389184545179
CN,002245,2019-03-27,4.89,4.93,4.73,4.78,3.2232,3.2495,3.1177,3.1507,16407240.0,78549371.0,0.6563513514,9.14404929,43.708556,9.81311778,46.906703,0.01671970149328015
CN,002245,2019-03-28,4.77,4.89,4.71,4.77,3.1441,3.2232,3.1045,3.1441,13629242.0,65484928.0,0.6563513514,9.14404929,43.617115,9.81311778,46.808572,0.01388879895824505
CN,002245,2019-03-29,4.83,4.9399999999999995,4.75,4.9399999999999995,3.1836,3.2561,3.1309,3.2561,18828634.0,91345119.0,0.6563513514,9.14404929,45.171603,9.81311778,48.476802,0.01918720881795021
CN,002245,2019-04-01,4.98,5.1,4.95,5.09,3.2824999999999998,3.3616,3.2627,3.355,20730859.0,104744220.0,0.6563513514,9.14404929,46.543211,9.81311778,49.948769,0.02112566002443313
CN,002245,2019-04-02,5.13,5.13,5.05,5.08,3.3814,3.3814,3.3286,3.3484,20126372.0,102295551.0,0.6563513514,9.14404929,46.45177,9.81311778,49.850638,0.0205096610997774
CN,002245,2019-04-03,5.1,5.49,5.05,5.48,3.3616,3.6187,3.3286,3.6121,58732027.0,312695307.0,0.6563513514,9.14404929,50.10939,9.81311778,53.775885,0.0598505269341626
CN,002245,2019-04-04,5.52,5.59,5.3,5.37,3.6384,3.6846,3.4934,3.5396,38779484.0,210654930.0,0.6563513514,9.14404929,49.103545,9.81311778,52.696442,0.03951800525520646
CN,002245,2019-04-08,5.39,5.43,5.11,5.24,3.5526999999999997,3.5791,3.3682,3.4539,25070242.0,131930114.0,0.6563513514,9.14404929,47.914818,9.81311778,51.420737,0.025547682767137845
CN,002245,2019-04-09,5.24,5.31,5.18,5.29,3.4539,3.5,3.4143,3.4868,15432571.0,81163703.0,0.6563513514,9.14404929,48.372021,9.81311778,51.911393,0.01572647077716008
CN,002245,2019-04-10,5.24,5.82,5.12,5.82,3.4539,3.8362,3.3748,3.8362,57108252.0,314295881.0,0.6563513514,9.14404929,53.218367,9.81311778,57.112345,0.058195828563671836
CN,002245,2019-04-11,6.0,6.3,5.64,5.64,3.9548,4.1526,3.7175000000000002,3.7175000000000002,92056472.0,552016350.0,0.6563513514,9.14404929,51.572438,9.81311778,55.345984,0.09380960675680385
CN,002245,2019-04-12,5.45,5.89,5.38,5.73,3.5923,3.8823,3.5462,3.7769,55486213.0,310390528.0,0.6563513514,9.14404929,52.395402,9.81311778,56.229165,0.056542899253778235
CN,002245,2019-04-15,5.64,6.03,5.62,5.77,3.7175000000000002,3.9746,3.7043,3.8032,51799211.0,302345691.0,0.6563513514,9.14404929,52.761164,9.81311778,56.62169,0.05278568153494637
CN,002245,2019-04-16,5.7,6.35,5.63,6.16,3.7571,4.1855,3.7109,4.0603,88463277.0,540628049.0,0.6563513514,9.14404929,56.327344,9.81311778,60.448806,0.09014798250999896
CN,002245,2019-04-17,6.03,6.3,6.03,6.07,3.9746,4.1526,3.9746,4.001,72778521.0,447402571.0,0.6563513514,9.14404929,55.504379,9.81311778,59.565625,0.07416452409073193
CN,002245,2019-04-18,6.01,6.1,5.76,5.79,3.9614000000000003,4.0207,3.7965999999999998,3.8164,45179958.0,267102189.0,0.6563513514,9.14404929,52.944045,9.81311778,56.817952,0.04604037066800598
CN,002245,2019-04-19,5.8,5.95,5.72,5.9399999999999995,3.8361,3.9353,3.7832,3.9287,26909068.0,157419596.0,0.6613973064,9.14404929,54.315653,9.81311778,58.28992,0.02742152759527971
CN,002245,2019-04-22,5.85,5.91,5.67,5.6899999999999995,3.8692,3.9089,3.7500999999999998,3.7633,29065498.0,167605300.0,0.6613973064,9.14404929,52.02964,9.81311778,55.83664,0.029619024912997626
CN,002245,2019-04-23,5.71,5.8,5.5,5.6899999999999995,3.7766,3.8361,3.6377,3.7633,20751155.0,117749850.0,0.6613973064,9.14404929,52.02964,9.81311778,55.83664,0.021146342543949367
CN,002245,2019-04-24,5.63,5.71,5.47,5.62,3.7237,3.7766,3.6178,3.717,18561785.0,103528356.0,0.6613973064,9.14404929,51.389557,9.81311778,55.149722,0.018915277912826597
CN,002245,2019-04-25,5.5600000000000005,5.79,5.5,5.52,3.6774,3.8295,3.6377,3.6509,22043800.0,123766467.0,0.6613973064,9.14404929,50.475152,9.81311778,54.16841,0.022463604834059167
CN,002245,2019-04-26,5.52,5.64,5.47,5.58,3.6509,3.7302999999999997,3.6178,3.6906,16091255.0,89506992.0,0.6613973064,9.14404929,51.023795,9.81311778,54.757197,0.016397698836138903
CN,002245,2019-04-29,5.6,5.6,5.02,5.02,3.7038,3.7038,3.3202,3.3202,30109517.0,155970186.0,0.6613973064,9.14404929,45.903127,9.81311778,49.261851,0.030682926339033502
CN,002245,2019-04-30,5.0,5.13,4.95,5.06,3.307,3.393,3.2739,3.3467000000000002,10609482.0,53664830.0,0.6613973064,9.14404929,46.268889,9.81311778,49.654376,0.010811530277994889
CN,002245,2019-05-06,4.87,4.87,4.55,4.55,3.221,3.221,3.0094,3.0094,20724882.0,96630044.0,0.6613973064,9.14404929,41.605424,9.81311778,44.649686,0.021119569197711185
CN,002245,2019-05-07,4.61,4.65,4.41,4.54,3.049,3.0755,2.9168,3.0027,13899182.0,62904882.0,0.6613973064,9.14404929,41.513984,9.81311778,44.551555,0.014163879728752219
CN,002245,2019-05-08,4.41,4.61,4.35,4.5,2.9168,3.049,2.8771,2.9763,11295558.0,50997383.0,0.6613973064,9.14404929,41.148222,9.81311778,44.15903,0.011510671993585303
CN,002245,2019-05-09,4.46,4.6,4.41,4.49,2.9497999999999998,3.0424,2.9168,2.9697,8423314.0,38023061.0,0.6613973064,9.14404929,41.056781,9.81311778,44.060899,0.008583728626153307
CN,002245,2019-05-10,4.58,4.7,4.42,4.68,3.0292,3.1086,2.9234,3.0953,15855800.0,73064528.0,0.6613973064,9.14404929,42.794151,9.81311778,45.925391,0.016157759802206306
CN,002245,2019-05-13,4.63,5.15,4.61,5.15,3.0623,3.4062,3.049,3.4062,29810848.0,148546316.0,0.6613973064,9.14404929,47.091854,9.81311778,50.537557,0.030378569449922566
CN,002245,2019-05-14,5.15,5.23,4.9,4.96,3.4062,3.4591,3.2408,3.2805,36403895.0,183184999.0,0.6613973064,9.14404929,45.354484,9.81311778,48.673064,0.03709717524658101
CN,002245,2019-05-15,4.98,5.35,4.91,5.23,3.2938,3.5385,3.2475,3.4591,36678542.0,188723743.0,0.6613973064,9.14404929,47.823378,9.81311778,51.322606,0.03737705265777417
CN,002245,2019-05-16,5.11,5.22,5.05,5.11,3.3797,3.4525,3.3401,3.3797,23006023.0,117691417.0,0.6613973064,9.14404929,46.726092,9.81311778,50.145032,0.02344415252702694
CN,002245,2019-05-17,5.12,5.35,5.0,5.05,3.3864,3.5385,3.307,3.3401,33819927.0,175621009.0,0.6613973064,9.14404929,46.177449,9.81311778,49.556245,0.03446399784269174
CN,002245,2019-05-20,5.14,5.15,4.55,4.89,3.3996,3.4062,3.0094,3.2342,21415000.0,103335314.0,0.6613973064,9.14404929,44.714401,9.81311778,47.986146,0.021822829889645935
CN,002245,2019-05-21,4.91,5.0,4.8,4.95,3.2475,3.307,3.1747,3.2739,15945720.0,78424257.0,0.6613973064,9.14404929,45.263044,9.81311778,48.574933,0.016249392249727993
CN,002245,2019-05-22,4.92,5.06,4.83,4.87,3.2541,3.3467000000000002,3.1945,3.221,18620201.0,91703053.0,0.6613973064,9.14404929,44.53152,9.81311778,47.789884,0.018974806394303767
CN,002245,2019-05-23,4.8100000000000005,4.85,4.6,4.66,3.1813,3.2078,3.0424,3.0821,19446088.0,91966434.0,0.6613973064,9.14404929,42.61127,9.81311778,45.729129,0.019816421687746215
CN,002245,2019-05-24,4.64,4.71,4.58,4.59,3.0689,3.1152,3.0292,3.0358,9958200.0,46194462.0,0.6613973064,9.14404929,41.971186,9.81311778,45.042211,0.010147845183612988
CN,002245,2019-05-27,4.6,4.8,4.59,4.76,3.0424,3.1747,3.0358,3.1482,13693494.0,64614942.0,0.6613973064,9.14404929,43.525675,9.81311778,46.710441,0.013954274581222849
CN,002245,2019-05-28,4.76,4.91,4.71,4.79,3.1482,3.2475,3.1152,3.1681,17574400.0,85018803.0,0.6613973064,9.14404929,43.799996,9.81311778,47.004834,0.01790908903164107
CN,002245,2019-05-29,4.79,4.95,4.77,4.87,3.1681,3.2739,3.1549,3.221,21801054.0,106252929.0,0.6613973064,9.14404929,44.53152,9.81311778,47.789884,0.022216235949427274
CN,002245,2019-05-30,4.83,4.84,4.66,4.75,3.1945,3.2012,3.0821,3.1416,15770358.0,74489195.0,0.6613973064,9.14404929,43.434234,9.81311778,46.612309,0.016070690634266492
CN,002245,2019-05-31,4.75,4.82,4.66,4.7,3.1416,3.1879,3.0821,3.1086,13252800.0,62848224.0,0.6613973064,9.14404929,42.977032,9.81311778,46.121654,0.013505187950572014
CN,002245,2019-06-03,4.8100000000000005,4.92,4.7,4.72,3.1813,3.2541,3.1086,3.1218,18649907.0,89267381.0,0.6613973064,9.14404929,43.159913,9.81311778,46.317916,0.0190050781190155
CN,002245,2019-06-04,4.64,4.68,4.43,4.51,3.0689,3.0953,2.93,2.9829,16442455.0,74537329.0,0.6613973064,9.14404929,41.239662,9.81311778,44.257161,0.016755587132064362
CN,002245,2019-06-05,4.59,4.6,4.42,4.48,3.0358,3.0424,2.9234,2.9631,9987591.0,44998775.0,0.6613973064,9.14404929,40.965341,9.81311778,43.962768,0.010177795909426045
CN,002245,2019-06-06,4.49,4.51,4.32,4.34,2.9697,2.9829,2.8571999999999997,2.8705,11271955.0,49480038.0,0.6613973064,9.14404929,39.685174,9.81311778,42.588931,0.011486619495154983
CN,002245,2019-06-10,4.37,4.44,4.34,4.41,2.8903,2.9366,2.8705,2.9168,6335240.0,27856091.0,0.6613973064,9.14404929,40.325257,9.81311778,43.275849,0.006455889088493137
CN,002245,2019-06-11,4.39,4.58,4.39,4.57,2.9035,3.0292,2.9035,3.0226,12812015.0,57692651.0,0.6613973064,9.14404929,41.788305,9.81311778,44.845948,0.013056008586906004
CN,002245,2019-06-12,4.53,4.59,4.48,4.5,2.9961,3.0358,2.9631,2.9763,9774757.0,44218612.0,0.6613973064,9.14404929,41.148222,9.81311778,44.15903,0.009960908672595184
CN,002245,2019-06-13,4.49,4.5600000000000005,4.46,4.51,2.9697,3.016,2.9497999999999998,2.9829,7280949.0,32860536.0,0.6613973064,9.14404929,41.239662,9.81311778,44.257161,0.0074196082868170764
CN,002245,2019-06-14,4.52,4.54,4.35,4.38,2.9895,3.0027,2.8771,2.8969,9642702.0,42846510.0,0.6613973064,9.14404929,40.050936,9.81311778,42.981456,0.009826338800959544
CN,002245,2019-06-17,4.36,4.4,4.33,4.38,2.8837,2.9101,2.8638,2.8969,4492417.0,19643714.0,0.6613973064,9.14404929,40.050936,9.81311778,42.981456,0.00457797114099246
CN,002245,2019-06-18,4.37,4.41,4.32,4.39,2.8903,2.9168,2.8571999999999997,2.9035,4643378.0,20237068.0,0.6613973064,9.14404929,40.142376,9.81311778,43.079587,0.004731807060813652
CN,002245,2019-06-19,4.47,4.52,4.44,4.45,2.9564,2.9895,2.9366,2.9432,8950210.0,40009517.0,0.6613973064,9.14404929,40.691019,9.81311778,43.668374,0.009120658898277281
CN,002245,2019-06-20,4.45,4.53,4.4,4.51,2.9432,2.9961,2.9101,2.9829,10311702.0,46306503.0,0.6613973064,9.14404929,41.239662,9.81311778,44.257161,0.01050807931910912
CN,002245,2019-06-21,4.53,4.59,4.52,4.55,2.9961,3.0358,2.9895,3.0094,11427744.0,52099312.0,0.6613973064,9.14404929,41.605424,9.81311778,44.649686,0.011645375360001028
CN,002245,2019-06-24,4.54,4.59,4.52,4.54,3.0027,3.0358,2.9895,3.0027,6824200.0,31069614.0,0.6613973064,9.14404929,41.513984,9.81311778,44.551555,0.006954160902774774
CN,002245,2019-06-25,4.57,4.57,4.38,4.45,3.0226,3.0226,2.8969,2.9432,7620042.0,33917205.0,0.6613973064,9.14404929,40.691019,9.81311778,43.668374,0.007765159015547859
CN,002245,2019-06-26,4.43,4.48,4.41,4.43,2.93,2.9631,2.9168,2.93,4116331.0,18308013.0,0.6613973064,9.14404929,40.508138,9.81311778,43.472112,0.004194722913027137
CN,002245,2019-06-27,4.44,4.5,4.44,4.45,2.9366,2.9763,2.9366,2.9432,5168561.0,23079009.0,0.6613973064,9.14404929,40.691019,9.81311778,43.668374,0.0052669917103552785
CN,002245,2019-06-28,4.45,4.46,4.32,4.37,2.9432,2.9497999999999998,2.8571999999999997,2.8903,7679654.0,33521400.0,0.6613973064,9.14404929,39.959495,9.81311778,42.883325,0.00782590627379589
CN,002245,2019-07-01,4.44,4.53,4.44,4.5,2.9366,2.9961,2.9366,2.9763,10409627.0,46729094.0,0.6613973064,9.14404929,41.148222,9.81311778,44.15903,0.010607869214833778
CN,002245,2019-07-02,4.51,4.58,4.47,4.51,2.9829,3.0292,2.9564,2.9829,8162990.0,36941136.0,0.6613973064,9.14188579,41.229905,9.81311778,44.257161,0.00831844698393093
CN,002245,2019-07-03,4.51,4.52,4.41,4.43,2.9829,2.9895,2.9168,2.93,5702202.0,25329710.0,0.6613973064,9.14188579,40.498554,9.81311778,43.472112,0.005810795435087501
CN,002245,2019-07-04,4.42,4.46,4.39,4.41,2.9234,2.9497999999999998,2.9035,2.9168,5081538.0,22464543.0,0.6613973064,9.14188579,40.315716,9.81311778,43.275849,0.005178311433657326
CN,002245,2019-07-05,4.42,4.45,4.4,4.43,2.9234,2.9432,2.9101,2.93,4251873.0,18847242.0,0.6613973064,9.14188579,40.498554,9.81311778,43.472112,0.00433284619151896
CN,002245,2019-07-08,4.43,4.43,4.1,4.18,2.93,2.93,2.7117,2.7645999999999997,10511600.0,44625471.0,0.6613973064,9.14188579,38.213083,9.81311778,41.018832,0.01071178420116751
CN,002245,2019-07-09,4.2,4.21,4.12,4.17,2.7779,2.7845,2.725,2.758,5101430.0,21232126.0,0.6613973064,9.14188579,38.121664,9.81311778,40.920701,0.005198582259347956
CN,002245,2019-07-10,4.17,4.2,4.08,4.1,2.758,2.7779,2.6985,2.7117,4673941.0,19335759.0,0.6613973064,9.14188579,37.481732,9.81311778,40.233783,0.004762952106338624
CN,002245,2019-07-11,4.13,4.18,4.09,4.1,2.7316000000000003,2.7645999999999997,2.7051,2.7117,4256800.0,17580487.0,0.6613973064,9.14188579,37.481732,9.81311778,40.233783,0.004337867021911969
CN,002245,2019-07-12,4.1,4.14,4.08,4.12,2.7117,2.7382,2.6985,2.725,4243778.0,17452490.0,0.6613973064,9.14188579,37.664569,9.81311778,40.430045,0.004324597029344938
CN,002245,2019-07-15,4.05,4.06,3.91,4.01,2.6787,2.6853,2.5861,2.6522,10598431.0,42246423.0,0.6613973064,9.14188579,36.658962,9.81311778,39.350602,0.010800268821393885
CN,002245,2019-07-16,4.0,4.05,3.98,4.01,2.6456,2.6787,2.6324,2.6522,6144100.0,24692509.0,0.6613973064,9.14188579,36.658962,9.81311778,39.350602,0.006261108994862181
CN,002245,2019-07-17,4.0,4.06,3.99,4.02,2.6456,2.6853,2.6390000000000002,2.6588000000000003,6043387.0,24341637.0,0.6613973064,9.14188579,36.750381,9.81311778,39.448733,0.00615847800412317
CN,002245,2019-07-18,4.02,4.02,3.91,3.92,2.6588000000000003,2.6588000000000003,2.5861,2.5927,6745143.0,26613450.0,0.6613973064,9.14188579,35.836192,9.81311778,38.467422,0.006873598331559003
CN,002245,2019-07-19,3.92,3.98,3.92,3.93,2.5927,2.6324,2.5927,2.5993,4459576.0,17574888.0,0.6613973064,9.14188579,35.927611,9.81311778,38.565553,0.004544504712955763
CN,002245,2019-07-22,3.93,3.95,3.76,3.79,2.5993,2.6125,2.4869,2.5067,8557973.0,32648177.0,0.6613973064,9.14188579,34.647747,9.81311778,37.191716,0.008720952088684703
CN,002245,2019-07-23,3.79,3.85,3.7800000000000002,3.84,2.5067,2.5464,2.5000999999999998,2.5398,5719875.0,21868093.0,0.6613973064,9.14188579,35.104841,9.81311778,37.682372,0.00582880500186965
CN,002245,2019-07-24,3.85,3.92,3.85,3.9,2.5464,2.5927,2.5464,2.5794,6680955.0,26056750.0,0.6613973064,9.14188579,35.653355,9.81311778,38.271159,0.006808187927405065
CN,002245,2019-07-25,3.88,3.92,3.85,3.9,2.5662000000000003,2.5927,2.5464,2.5794,5385269.0,20934064.0,0.6613973064,9.14188579,35.653355,9.81311778,38.271159,0.005487826724117847
CN,002245,2019-07-26,3.9,3.9,3.84,3.88,2.5794,2.5794,2.5398,2.5662000000000003,3832942.0,14828995.0,0.6613973064,9.14188579,35.470517,9.81311778,38.074897,0.003905937018112504
CN,002245,2019-07-29,3.89,3.91,3.84,3.85,2.5728,2.5861,2.5398,2.5464,3512900.0,13590253.0,0.6613973064,9.14188579,35.19626,9.81311778,37.780503,0.003579800098965081
CN,002245,2019-07-30,3.87,3.91,3.86,3.88,2.5596,2.5861,2.553,2.5662000000000003,5155429.0,20065708.0,0.6613973064,9.14188579,35.470517,9.81311778,38.074897,0.0052536096229347405
CN,002245,2019-07-31,3.9,3.9,3.85,3.87,2.5794,2.5794,2.5464,2.5596,2999100.0,11590039.0,0.6613973064,9.14188579,35.379098,9.81311778,37.976766,0.0030562152286732255
CN,002245,2019-08-01,3.86,3.86,3.81,3.83,2.553,2.553,2.5199,2.5331,3995520.0,15317435.0,0.6613973064,9.14188579,35.013423,9.81311778,37.584241,0.004071611173508201
CN,002245,2019-08-02,3.77,3.77,3.68,3.7199999999999998,2.4935,2.4935,2.4339,2.4604,8330419.0,31051946.0,0.6613973064,9.14188579,34.007815,9.81311778,36.504798,0.008489064522366304
CN,002245,2019-08-05,3.7,3.75,3.68,3.69,2.4472,2.4802,2.4339,2.4406,4707128.0,17459003.0,0.6613973064,9.14188579,33.733559,9.81311778,36.210405,0.004796771123641807
CN,002245,2019-08-06,3.61,3.61,3.35,3.46,2.3876,2.3876,2.2157,2.2884,15365923.0,53229514.0,0.6613973064,9.14188579,31.630925,9.81311778,33.953388,0.015658553524464065
CN,002245,2019-08-07,3.46,3.5300000000000002,3.45,3.46,2.2884,2.3346999999999998,2.2818,2.2884,5573859.0,19413214.0,0.6613973064,9.14188579,31.630925,9.81311778,33.953388,0.005680008255235677
CN,002245,2019-08-08,3.4699999999999998,3.5300000000000002,3.4699999999999998,3.5300000000000002,2.295,2.3346999999999998,2.295,2.3346999999999998,6356300.0,22211837.0,0.6613973064,9.14188579,32.270857,9.81311778,34.640306,0.006477350157719191
CN,002245,2019-08-09,3.55,3.55,3.4699999999999998,3.4699999999999998,2.348,2.348,2.295,2.295,5261001.0,18409202.0,0.6613973064,9.14188579,31.722344,9.81311778,34.051519,0.005361192149066409
CN,002245,2019-08-12,3.46,3.51,3.45,3.51,2.2884,2.3215,2.2818,2.3215,4095854.0,14262284.0,0.6613973064,9.14188579,32.088019,9.81311778,34.444043,0.004173855946524673
CN,002245,2019-08-13,3.49,3.5300000000000002,3.45,3.52,2.3083,2.3346999999999998,2.2818,2.3281,4755122.0,16598610.0,0.6613973064,9.14188579,32.179438,9.81311778,34.542175,0.00484567912727121
CN,002245,2019-08-14,3.54,3.6,3.5300000000000002,3.57,2.3413,2.3810000000000002,2.3346999999999998,2.3612,5622389.0,20121928.0,0.6613973064,9.14188579,32.636532,9.81311778,35.03283,0.005729462466514897
CN,002245,2019-08-15,3.43,3.59,3.43,3.59,2.2686,2.3744,2.2686,2.3744,4536124.0,16004938.0,0.6613973064,9.14188579,32.81937,9.81311778,35.229093,0.0046225105024674425
CN,002245,2019-08-16,3.63,3.63,3.55,3.57,2.4009,2.4009,2.348,2.3612,5572641.0,19999720.0,0.6613973064,9.14188579,32.636532,9.81311778,35.03283,0.005678767059494112
CN,002245,2019-08-19,3.58,3.66,3.58,3.66,2.3678,2.4207,2.3678,2.4207,6730794.0,24454706.0,0.6613973064,9.14188579,33.459302,9.81311778,35.916011,0.006858976067441024
CN,002245,2019-08-20,3.68,3.75,3.64,3.67,2.4339,2.4802,2.4074999999999998,2.4273,7356324.0,27127672.0,0.6613973064,9.14188579,33.550721,9.81311778,36.014142,0.007496418737572718
CN,002245,2019-08-21,3.64,3.73,3.64,3.71,2.4074999999999998,2.467,2.4074999999999998,2.4538,5916258.0,21870767.0,0.6613973064,9.14188579,33.916396,9.81311778,36.406667,0.006028927943836418
CN,002245,2019-08-22,3.7199999999999998,3.74,3.69,3.74,2.4604,2.4736000000000002,2.4406,2.4736000000000002,5858170.0,21757989.0,0.6613973064,9.14188579,34.190653,9.81311778,36.70106,0.005969733708831526
CN,002245,2019-08-23,3.75,3.85,3.7,3.84,2.4802,2.5464,2.4472,2.5398,12000272.0,45546313.0,0.6613973064,9.14188579,35.104841,9.81311778,37.682372,0.012228806653536364
CN,002245,2019-08-26,3.75,3.8,3.73,3.74,2.4802,2.5133,2.467,2.4736000000000002,9189800.0,34595907.0,0.6613973064,9.14188579,34.190653,9.81311778,36.70106,0.009364811679657633
CN,002245,2019-08-27,3.79,3.84,3.77,3.79,2.5067,2.5398,2.4935,2.5067,6680490.0,25417468.0,0.6613973064,9.14188579,34.647747,9.81311778,37.191716,0.0068077140718879655
CN,002245,2019-08-28,3.79,3.81,3.77,3.8,2.5067,2.5199,2.4935,2.5133,4755097.0,18020682.0,0.6613973064,9.14188579,34.739166,9.81311778,37.289848,0.00484565365116814
CN,002245,2019-08-29,3.8,3.81,3.7199999999999998,3.73,2.5133,2.5199,2.4604,2.467,5612851.0,21048207.0,0.6613973064,9.14188579,34.099234,9.81311778,36.602929,0.005719742823671683
CN,002245,2019-08-30,3.74,3.7800000000000002,3.62,3.64,2.4736000000000002,2.5000999999999998,2.3943,2.4074999999999998,7734277.0,28531932.0,0.6613973064,9.14188579,33.276464,9.81311778,35.719749,0.007881569520915298
CN,002245,2019-09-02,3.67,3.83,3.64,3.77,2.4273,2.5331,2.4074999999999998,2.4935,7510498.0,28072487.0,0.6613973064,9.14188579,34.464909,9.81311778,36.995454,0.00765352884616045
CN,002245,2019-09-03,3.8,3.8,3.7199999999999998,3.75,2.5133,2.5133,2.4604,2.4802,4684437.0,17557017.0,0.6613973064,9.14188579,34.282072,9.81311778,36.799192,0.004773647993451475
CN,002245,2019-09-04,3.74,3.82,3.71,3.7800000000000002,2.4736000000000002,2.5265,2.4538,2.5000999999999998,6745946.0,25388952.0,0.6613973064,9.14188579,34.556328,9.81311778,37.093585,0.006874416623989608
CN,002245,2019-09-05,3.8,3.89,3.7800000000000002,3.84,2.5133,2.5728,2.5000999999999998,2.5398,10409203.0,40017917.0,0.6613973064,9.14188579,35.104841,9.81311778,37.682372,0.010607437140125714
CN,002245,2019-09-06,3.86,3.88,3.79,3.83,2.553,2.5662000000000003,2.5067,2.5331,6959295.0,26601721.0,0.6613973064,9.14188579,35.013423,9.81311778,37.584241,0.007091828668543709
CN,002245,2019-09-09,3.85,3.94,3.82,3.94,2.5464,2.6059,2.5265,2.6059,12536079.0,48770874.0,0.6613973064,9.14188579,36.01903,9.81311778,38.663684,0.012774817627838558
CN,002245,2019-09-10,3.95,3.95,3.89,3.89,2.6125,2.6125,2.5728,2.5728,8746991.0,34137046.0,0.6613973064,9.14188579,35.561936,9.81311778,38.173028,0.008913569770687088
CN,002245,2019-09-11,3.91,3.94,3.85,3.86,2.5861,2.6059,2.5464,2.553,8465281.0,32914172.0,0.6613973064,9.14188579,35.287679,9.81311778,37.878635,0.008626494850854627
CN,002245,2019-09-12,3.87,3.92,3.83,3.91,2.5596,2.5927,2.5331,2.5861,6286600.0,24366462.0,0.6613973064,9.14188579,35.744773,9.81311778,38.369291,0.006406322782360408
CN,002245,2019-09-16,3.92,3.96,3.89,3.92,2.5927,2.6191,2.5728,2.5927,8746220.0,34307928.0,0.6613973064,9.14188579,35.836192,9.81311778,38.467422,0.008912784087668414
CN,002245,2019-09-17,4.06,4.14,3.85,3.87,2.6853,2.7382,2.5464,2.5596,24732789.0,98695770.0,0.6613973064,9.14188579,35.379098,9.81311778,37.976766,0.025203803270768443
CN,002245,2019-09-18,3.8,3.86,3.77,3.7800000000000002,2.5133,2.553,2.4935,2.5000999999999998,12738282.0,48415633.0,0.6613973064,9.14188579,34.556328,9.81311778,37.093585,0.012980871406599991
CN,002245,2019-09-19,3.7800000000000002,3.79,3.7199999999999998,3.76,2.5000999999999998,2.5067,2.4604,2.4869,7230414.0,27137348.0,0.6613973064,9.14188579,34.373491,9.81311778,36.897323,0.007368110892071652
CN,002245,2019-09-20,3.76,3.81,3.75,3.76,2.4869,2.5199,2.4802,2.4869,4719504.0,17823070.0,0.6613973064,9.14188579,34.373491,9.81311778,36.897323,0.004809382813705513
CN,002245,2019-09-23,3.74,3.74,3.68,3.71,2.4736000000000002,2.4736000000000002,2.4339,2.4538,4721822.0,17488181.0,0.6613973064,9.14188579,33.916396,9.81311778,36.406667,0.004811744957982151
CN,002245,2019-09-24,3.71,3.74,3.67,3.7199999999999998,2.4538,2.4736000000000002,2.4273,2.4604,5619313.0,20857461.0,0.6613973064,9.14188579,34.007815,9.81311778,36.504798,0.005726327886793181
CN,002245,2019-09-25,3.71,3.71,3.63,3.65,2.4538,2.4538,2.4009,2.4141,6960900.0,25550718.0,0.6613973064,9.14188579,33.367883,9.81311778,35.81788,0.007093464234360794
CN,002245,2019-09-26,3.65,3.68,3.52,3.52,2.4141,2.4339,2.3281,2.3281,7633369.0,27308176.0,0.6613973064,9.14188579,32.179438,9.81311778,34.542175,0.0077787398165723425
CN,002245,2019-09-27,3.54,3.59,3.52,3.57,2.3413,2.3744,2.3281,2.3612,3322569.0,11858375.0,0.6613973064,9.14188579,32.636532,9.81311778,35.03283,0.003385844412029466
CN,002245,2019-09-30,3.59,3.61,3.51,3.5300000000000002,2.3744,2.3876,2.3215,2.3346999999999998,3600469.0,12720039.0,0.6613973064,9.14188579,32.270857,9.81311778,34.640306,0.0036690367737540796
CN,002245,2019-10-08,3.51,3.57,3.5,3.5300000000000002,2.3215,2.3612,2.3149,2.3346999999999998,2405469.0,8523039.0,0.6613973064,9.14188579,32.270857,9.81311778,34.640306,0.002451279047014556
CN,002245,2019-10-09,3.51,3.59,3.49,3.59,2.3215,2.3744,2.3083,2.3744,3628431.0,12831012.0,0.6613973064,9.14188579,32.81937,9.81311778,35.229093,0.0036975312855156615
CN,002245,2019-10-10,3.6,3.64,3.58,3.6,2.3810000000000002,2.4074999999999998,2.3678,2.3810000000000002,4765341.0,17169489.0,0.6613973064,9.14188579,32.910789,9.81311778,35.327224,0.004856092739162048
CN,002245,2019-10-11,3.61,3.66,3.58,3.62,2.3876,2.4207,2.3678,2.3943,5254589.0,19023766.0,0.6613973064,9.14188579,33.093627,9.81311778,35.523486,0.005354658038151051
CN,002245,2019-10-14,3.69,3.69,3.64,3.66,2.4406,2.4406,2.4074999999999998,2.4207,6119231.0,22441721.0,0.6613973064,9.14188579,33.459302,9.81311778,35.916011,0.006235766386572402
CN,002245,2019-10-15,3.63,3.67,3.63,3.65,2.4009,2.4273,2.4009,2.4141,4254000.0,15493709.0,0.6613973064,9.14188579,33.367883,9.81311778,35.81788,0.004335013698368144
CN,002245,2019-10-16,3.65,4.02,3.65,3.75,2.4141,2.6588000000000003,2.4141,2.4802,18518532.0,71071188.0,0.6613973064,9.14188579,34.282072,9.81311778,36.799192,0.018871201197383364
CN,002245,2019-10-17,3.7,3.79,3.69,3.73,2.4472,2.5067,2.4406,2.467,9738970.0,36309564.0,0.6613973064,9.14188579,34.099234,9.81311778,36.602929,0.009924440140572734
CN,002245,2019-10-18,3.7199999999999998,3.98,3.64,3.84,2.4604,2.6324,2.4074999999999998,2.5398,21843881.0,83037164.0,0.6613973064,9.14188579,35.104841,9.81311778,37.682372,0.0222598785520742
CN,002245,2019-10-21,3.81,3.9699999999999998,3.74,3.9,2.5199,2.6257,2.4736000000000002,2.5794,17046342.0,65722212.0,0.6613973064,9.14188579,35.653355,9.81311778,38.271159,0.01737097463024641
CN,002245,2019-10-22,3.9,3.92,3.82,3.88,2.5794,2.5927,2.5265,2.5662000000000003,11047440.0,42690453.0,0.6613973064,9.14188579,35.470517,9.81311778,38.074897,0.011257828803925759
CN,002245,2019-10-23,3.88,3.88,3.75,3.76,2.5662000000000003,2.5662000000000003,2.4802,2.4869,9685821.0,36678426.0,0.6613973064,9.14188579,34.373491,9.81311778,36.897323,0.009870278964490324
CN,002245,2019-10-24,3.77,3.8,3.69,3.73,2.4935,2.5133,2.4406,2.467,7044000.0,26299264.0,0.6613973064,9.14188579,34.099234,9.81311778,36.602929,0.007178146800965023
CN,002245,2019-10-25,3.73,3.75,3.67,3.74,2.467,2.4802,2.4273,2.4736000000000002,6295827.0,23392770.0,0.6613973064,9.14188579,34.190653,9.81311778,36.70106,0.006415725502481434
CN,002245,2019-10-28,3.7199999999999998,3.83,3.7,3.83,2.4604,2.5331,2.4472,2.5331,9037965.0,34247228.0,0.6613973064,9.14188579,35.013423,9.81311778,37.584241,0.009210085115273119
CN,002245,2019-10-29,3.81,3.82,3.74,3.75,2.5199,2.5265,2.4736000000000002,2.4802,6488686.0,24506053.0,0.6613973064,9.14188579,34.282072,9.81311778,36.799192,0.006612257332959474
CN,002245,2019-10-30,3.73,3.76,3.64,3.64,2.467,2.4869,2.4074999999999998,2.4074999999999998,6464970.0,23866730.0,0.6613973064,9.14188579,33.276464,9.81311778,35.719749,0.006588089682543277
CN,002245,2019-10-31,3.64,3.69,3.56,3.57,2.4074999999999998,2.4406,2.3546,2.3612,5717552.0,20716057.0,0.6613973064,9.14188579,32.636532,9.81311778,35.03283,0.005826437762372398
CN,002245,2019-11-01,3.56,3.64,3.55,3.62,2.3546,2.4074999999999998,2.348,2.3943,3141513.0,11311540.0,0.6613973064,9.14188579,33.093627,9.81311778,35.523486,0.00320134035933277
CN,002245,2019-11-04,3.65,3.71,3.64,3.65,2.4141,2.4538,2.4074999999999998,2.4141,3766217.0,13834647.0,0.6613973064,9.14188579,33.367883,9.81311778,35.81788,0.0038379412990190358
CN,002245,2019-11-05,3.69,3.69,3.62,3.65,2.4406,2.4406,2.3943,2.4141,2696707.0,9837105.0,0.6613973064,9.14188579,33.367883,9.81311778,35.81788,0.0027480634192490042
CN,002245,2019-11-06,3.65,3.66,3.57,3.59,2.4141,2.4207,2.3612,2.3744,3849211.0,13908307.0,0.6613973064,9.14188579,32.81937,9.81311778,35.229093,0.003922515846946249
CN,002245,2019-11-07,3.6,3.73,3.51,3.69,2.3810000000000002,2.467,2.3215,2.4406,7643200.0,28076686.0,0.6613973064,9.14188579,33.733559,9.81311778,36.210405,0.007788758039343536
CN,002245,2019-11-08,3.69,3.74,3.65,3.67,2.4406,2.4736000000000002,2.4141,2.4273,3923766.0,14474565.0,0.6613973064,9.14188579,33.550721,9.81311778,36.014142,0.003998490681521199
CN,002245,2019-11-11,3.64,3.65,3.55,3.57,2.4074999999999998,2.4141,2.348,2.3612,5306900.0,18981976.0,0.6613973064,9.14188579,32.636532,9.81311778,35.03283,0.005407965255258558
CN,002245,2019-11-12,3.56,3.57,3.52,3.5300000000000002,2.3546,2.3612,2.3281,2.3346999999999998,3414600.0,12087536.0,0.6613973064,9.14188579,32.270857,9.81311778,34.640306,0.003479628061694374
CN,002245,2019-11-13,3.55,3.56,3.5,3.56,2.348,2.3546,2.3149,2.3546,3577402.0,12611283.0,0.6613973064,9.14188579,32.545113,9.81311778,34.934699,0.003645530482973577
CN,002245,2019-11-14,3.56,3.57,3.52,3.54,2.3546,2.3612,2.3281,2.3413,2856664.0,10112487.0,0.6613973064,9.14188579,32.362276,9.81311778,34.738437,0.0029110666599988567
CN,002245,2019-11-15,3.52,3.56,3.5,3.52,2.3281,2.3546,2.3149,2.3281,2880552.0,10167203.0,0.6613973064,9.14188579,32.179438,9.81311778,34.542175,0.002935409586004174
CN,002245,2019-11-18,3.52,3.54,3.48,3.54,2.3281,2.3413,2.3017,2.3413,2782540.0,9771763.0,0.6613973064,9.14188579,32.362276,9.81311778,34.738437,0.0028355310334408313
CN,002245,2019-11-19,3.55,3.64,3.5300000000000002,3.62,2.348,2.4074999999999998,2.3346999999999998,2.3943,4425741.0,15857662.0,0.6613973064,9.14188579,33.093627,9.81311778,35.523486,0.004510025355061008
CN,002245,2019-11-20,3.6,3.61,3.56,3.57,2.3810000000000002,2.3876,2.3546,2.3612,3240440.0,11618413.0,0.6613973064,9.14188579,32.636532,9.81311778,35.03283,0.00330215133726847
CN,002245,2019-11-21,3.55,3.57,3.5300000000000002,3.54,2.348,2.3612,2.3346999999999998,2.3413,2374986.0,8428430.0,0.6613973064,9.14188579,32.362276,9.81311778,34.738437,0.002420215525019409
CN,002245,2019-11-22,3.54,3.59,3.51,3.52,2.3413,2.3744,2.3215,2.3281,4328966.0,15353310.0,0.6613973064,9.14188579,32.179438,9.81311778,34.542175,0.004411407360077563
CN,002245,2019-11-25,3.52,3.56,3.5,3.54,2.3281,2.3546,2.3149,2.3413,2800272.0,9883647.0,0.6613973064,9.14188579,32.362276,9.81311778,34.738437,0.0028536007238262246
CN,002245,2019-11-26,3.56,3.65,3.5300000000000002,3.63,2.3546,2.4141,2.3346999999999998,2.4009,6044902.0,21723069.0,0.6613973064,9.14188579,33.185045,9.81311778,35.621618,0.006160021855969203
CN,002245,2019-11-27,3.6,3.82,3.59,3.7,2.3810000000000002,2.5265,2.3744,2.4472,11534052.0,42560674.0,0.6613973064,9.14188579,33.824977,9.81311778,36.308536,0.011753707902607075
CN,002245,2019-11-28,3.67,3.71,3.61,3.62,2.4273,2.4538,2.3876,2.3943,6212380.0,22674399.0,0.6613973064,9.14188579,33.093627,9.81311778,35.523486,0.006330689327566594
CN,002245,2019-11-29,3.61,3.62,3.56,3.62,2.3876,2.3943,2.3546,2.3943,4008840.0,14385216.0,0.6613973064,9.14188579,33.093627,9.81311778,35.523486,0.004085184841223825
CN,002245,2019-12-02,3.64,3.69,3.6,3.61,2.4074999999999998,2.4406,2.3810000000000002,2.3876,4290840.0,15595341.0,0.6613973064,9.14188579,33.002208,9.81311778,35.425355,0.004372555283851897
CN,002245,2019-12-03,3.57,3.68,3.57,3.67,2.3612,2.4339,2.3612,2.4273,5603584.0,20358911.0,0.6613973064,9.14188579,33.550721,9.81311778,36.014142,0.005710299341785745
CN,002245,2019-12-04,3.66,3.73,3.65,3.71,2.4207,2.467,2.4141,2.4538,7537341.0,27934938.0,0.6613973064,9.14188579,33.916396,9.81311778,36.406667,0.007680883047548624
CN,002245,2019-12-05,3.73,3.76,3.71,3.7199999999999998,2.467,2.4869,2.4538,2.4604,5658800.0,21119321.0,0.6613973064,9.14188579,34.007815,9.81311778,36.504798,0.005766566882069971
CN,002245,2019-12-06,3.7199999999999998,3.77,3.7,3.75,2.4604,2.4935,2.4472,2.4802,7874300.0,29493074.0,0.6613973064,9.14188579,34.282072,9.81311778,36.799192,0.008024259136121363
CN,002245,2019-12-09,3.74,3.7800000000000002,3.71,3.73,2.4736000000000002,2.5000999999999998,2.4538,2.467,4743972.0,17766047.0,0.6613973064,9.14188579,34.099234,9.81311778,36.602929,0.004834316785302051
CN,002245,2019-12-10,3.71,3.77,3.68,3.75,2.4538,2.4935,2.4339,2.4802,5777752.0,21502284.0,0.6613973064,9.14188579,34.282072,9.81311778,36.799192,0.005887784218564632
CN,002245,2019-12-11,3.7800000000000002,3.92,3.75,3.84,2.5000999999999998,2.5927,2.4802,2.5398,15321542.0,58570575.0,0.6613973064,9.14188579,35.104841,9.81311778,37.682372,0.015613327327250319
CN,002245,2019-12-12,3.81,3.94,3.7800000000000002,3.89,2.5199,2.6059,2.5000999999999998,2.5728,16408257.0,63256537.0,0.6613973064,9.14188579,35.561936,9.81311778,38.173028,0.01672073786115303
CN,002245,2019-12-13,3.93,4.06,3.86,4.02,2.5993,2.6853,2.553,2.6588000000000003,31902586.0,127308299.0,0.6613973064,9.14188579,36.750381,9.81311778,39.448733,0.032510142765248655
CN,002245,2019-12-16,4.02,4.2,3.96,4.16,2.6588000000000003,2.7779,2.6191,2.7514,31574348.0,128875779.0,0.6613973064,9.14188579,38.030245,9.81311778,40.82257,0.03217565376047081
CN,002245,2019-12-17,4.18,4.25,4.1,4.13,2.7645999999999997,2.8109,2.7117,2.7316000000000003,32386837.0,134588467.0,0.6613973064,9.14188579,37.755988,9.81311778,40.528176,0.03300361590075605
CN,002245,2019-12-18,4.14,4.19,4.04,4.09,2.7382,2.7713,2.672,2.7051,18841502.0,77449333.0,0.6613973064,9.14188579,37.390313,9.81311778,40.135652,0.019200321877722328
CN,002245,2019-12-19,4.08,4.11,4.03,4.1,2.6985,2.7183,2.6654,2.7117,12693376.0,51659582.0,0.6613973064,9.14188579,37.481732,9.81311778,40.233783,0.012935110211221778
CN,002245,2019-12-20,4.09,4.1,4.0,4.01,2.7051,2.7117,2.6456,2.6522,11060549.0,44724727.0,0.6613973064,9.14188579,36.658962,9.81311778,39.350602,0.011271187453331472
CN,002245,2019-12-23,4.0,4.04,3.88,3.88,2.6456,2.672,2.5662000000000003,2.5662000000000003,12129528.0,47988330.0,0.6613973064,9.14188579,35.470517,9.81311778,38.074897,0.0123605242206723
CN,002245,2019-12-24,3.87,3.98,3.87,3.95,2.5596,2.6324,2.5596,2.6125,9708521.0,38102817.0,0.6613973064,9.14188579,36.110449,9.81311778,38.761815,0.009893411266077762
CN,002245,2019-12-25,3.93,4.15,3.92,4.1,2.5993,2.7448,2.5927,2.7117,18094749.0,72904126.0,0.6613973064,9.14188579,37.481732,9.81311778,40.233783,0.018439347621893108
CN,002245,2019-12-26,4.09,4.16,4.04,4.13,2.7051,2.7514,2.672,2.7316000000000003,22211775.0,91149921.0,0.6613973064,9.14188579,37.755988,9.81311778,40.528176,0.022634778770585586
CN,002245,2019-12-27,4.05,4.1,3.98,3.99,2.6787,2.7117,2.6324,2.6390000000000002,16558502.0,66944494.0,0.6613973064,9.14188579,36.476124,9.81311778,39.15434,0.016873844145382302
CN,002245,2019-12-30,3.95,4.08,3.93,4.06,2.6125,2.6985,2.5993,2.6853,11309853.0,45619775.0,0.6613973064,9.14188579,37.116056,9.81311778,39.841258,0.011525239229320652
CN,002245,2019-12-31,4.05,4.16,4.04,4.09,2.6787,2.7514,2.672,2.7051,15431500.0,63336765.0,0.6613973064,9.14188579,37.390313,9.81311778,40.135652,0.015725379380904566
CN,002245,2020-01-02,4.1,4.19,4.08,4.15,2.7118,2.7713,2.6985,2.7448,15479058.0,64252511.0,0.6613973064,9.14188579,37.938826,9.81311778,40.724439,0.01577384308129643
CN,002245,2020-01-03,4.15,4.29,4.15,4.18,2.7448,2.8374,2.7448,2.7647,16905800.0,71190897.0,0.6613973064,9.14773979,38.237552,9.81311778,41.018832,0.017227756131140616
CN,002245,2020-01-06,4.14,4.39,4.11,4.33,2.7382,2.9036,2.7184,2.8639,28085455.0,120415907.0,0.6613973064,9.14773979,39.609713,9.81311778,42.4908,0.028620317853761658
CN,002245,2020-01-07,4.3,4.43,4.29,4.38,2.844,2.93,2.8374,2.8970000000000002,22161309.0,96727606.0,0.6613973064,9.14773979,40.0671,9.81311778,42.981456,0.022583351689884637
CN,002245,2020-01-08,4.39,4.61,4.25,4.43,2.9036,3.0491,2.811,2.93,33078726.0,145908216.0,0.6613973064,9.14773979,40.524487,9.81311778,43.472112,0.033708681319832276
CN,002245,2020-01-09,4.43,4.55,4.39,4.46,2.93,3.0094,2.9036,2.9499,23674422.0,105818387.0,0.6613973064,9.14773979,40.798919,9.81311778,43.766505,0.024125280599658714
CN,002245,2020-01-10,4.51,4.51,4.32,4.36,2.9829,2.9829,2.8573,2.8837,17651800.0,77725300.0,0.6613973064,9.14773979,39.884145,9.81311778,42.785194,0.01798796304674537
CN,002245,2020-01-13,4.41,4.51,4.33,4.46,2.9168,2.9829,2.8639,2.9499,16720146.0,74097540.0,0.6613973064,9.14773979,40.798919,9.81311778,43.766505,0.017038566513567308
CN,002245,2020-01-14,4.47,4.5,4.41,4.43,2.9565,2.9763,2.9168,2.93,12358402.0,55098148.0,0.6613973064,9.14773979,40.524487,9.81311778,43.472112,0.012593756925232786
CN,002245,2020-01-15,4.41,4.42,4.32,4.36,2.9168,2.9234,2.8573,2.8837,12373800.0,53939834.0,0.6613973064,9.14773979,39.884145,9.81311778,42.785194,0.012609448166635577
CN,002245,2020-01-16,4.37,4.66,4.35,4.54,2.8903,3.0822,2.8771,3.0028,34871212.0,158211124.0,0.6613973064,9.14773979,41.530739,9.81311778,44.551555,0.03553530364332384
CN,002245,2020-01-17,4.6899999999999995,4.95,4.55,4.87,3.102,3.274,3.0094,3.221,45141140.0,215343097.0,0.6613973064,9.14773979,44.549493,9.81311778,47.789884,0.04600081341324734
CN,002245,2020-01-20,4.95,5.23,4.77,5.16,3.274,3.4592,3.1549,3.4129,47361500.0,239379637.0,0.6613973064,9.14773979,47.202337,9.81311778,50.635688,0.048263458221735514
CN,002245,2020-01-21,5.06,5.2,5.03,5.14,3.3467000000000002,3.4393000000000002,3.3269,3.3996,28806807.0,147116009.0,0.6613973064,9.14773979,47.019383,9.81311778,50.439425,0.029355407369827773
CN,002245,2020-01-22,5.08,5.19,4.79,5.15,3.3599,3.4327,3.1681,3.4062,37989734.0,190492544.0,0.6613973064,9.14773979,47.11086,9.81311778,50.537557,0.03871321515922944
CN,002245,2020-01-23,5.03,5.07,4.77,4.88,3.3269,3.3533,3.1549,3.2277,28247121.0,138938962.0,0.6613973064,9.14773979,44.64097,9.81311778,47.888015,0.028785062640917368
CN,002245,2020-02-03,4.39,4.4,4.39,4.39,2.9036,2.9102,2.9036,2.9036,7934600.0,34833114.0,0.6613973064,9.14773979,40.158578,9.81311778,43.079587,0.008085707496725877
CN,002245,2020-02-04,4.03,4.48,4.03,4.41,2.6654999999999998,2.9631,2.6654999999999998,2.9168,31363671.0,135968053.0,0.6613973064,9.14773979,40.341532,9.81311778,43.275849,0.031960964601812816
CN,002245,2020-02-05,4.47,4.7,4.36,4.58,2.9565,3.1086,2.8837,3.0292,29899510.0,135807467.0,0.6613973064,9.14773979,41.896648,9.81311778,44.944079,0.03046891993993778
CN,002245,2020-02-06,4.46,4.61,4.43,4.5600000000000005,2.9499,3.0491,2.93,3.016,25907124.0,117292568.0,0.6613973064,9.14773979,41.713693,9.81311778,44.747817,0.026400502450710416
CN,002245,2020-02-07,4.53,4.57,4.31,4.43,2.9962,3.0226,2.8507,2.93,27885789.0,123639851.0,0.6613973064,9.14773979,40.524487,9.81311778,43.472112,0.028416849389939755
CN,002245,2020-02-10,4.42,4.47,4.26,4.39,2.9234,2.9565,2.8176,2.9036,31752854.0,138142000.0,0.6613973064,9.14773979,40.158578,9.81311778,43.079587,0.03235755925065438
CN,002245,2020-02-11,4.45,4.57,4.3,4.54,2.9433,3.0226,2.844,3.0028,34354474.0,152565954.0,0.6613973064,9.14773979,41.530739,9.81311778,44.551555,0.03500872482139922
CN,002245,2020-02-12,4.82,4.99,4.68,4.99,3.188,3.3004,3.0954,3.3004,21429425.0,104392068.0,0.6613973064,9.14773979,45.647222,9.81311778,48.967458,0.021837529601117248
CN,002245,2020-02-13,5.47,5.49,5.13,5.49,3.6179,3.6311,3.393,3.6311,162227439.0,880568705.0,0.6613973064,9.14773979,50.221091,9.81311778,53.874017,0.16531691826896627
CN,002245,2020-02-14,5.31,5.47,5.04,5.2,3.5121,3.6179,3.3335,3.4393000000000002,123244147.0,649209905.0,0.6613973064,9.14773979,47.568247,9.81311778,51.028212,0.1255912236691813
CN,002245,2020-02-17,5.14,5.34,5.08,5.27,3.3996,3.5319000000000003,3.3599,3.4856,76907410.0,401717016.0,0.6613973064,9.14773979,48.208589,9.81311778,51.715131,0.07837204415985313
CN,002245,2020-02-18,5.33,5.34,5.03,5.28,3.5253,3.5319000000000003,3.3269,3.4922,69784676.0,362653629.0,0.6613973064,9.14773979,48.300066,9.81311778,51.813262,0.071113663938924
CN,002245,2020-02-19,5.35,5.39,5.07,5.08,3.5385,3.565,3.3533,3.3599,60845262.0,315624504.0,0.6613973064,9.14773979,46.470518,9.81311778,49.850638,0.06200400664099641
CN,002245,2020-02-20,5.01,5.17,4.96,5.13,3.3136,3.4195,3.2806,3.393,48048798.0,243570118.0,0.6613973064,9.14773979,46.927905,9.81311778,50.341294,0.04896384520924398
CN,002245,2020-02-21,5.15,5.64,5.11,5.64,3.4062,3.7302999999999997,3.3798,3.7302999999999997,85325660.0,473278035.0,0.6613973064,9.14773979,51.593252,9.81311778,55.345984,0.0869506123465686
CN,002245,2020-02-24,5.7,5.87,5.47,5.6,3.77,3.8825,3.6179,3.7039,111534067.0,630249455.0,0.6613973064,9.14773979,51.227343,9.81311778,54.95346,0.11365813546772695
CN,002245,2020-02-25,5.34,5.66,5.24,5.6,3.5319000000000003,3.7436,3.4657999999999998,3.7039,83926268.0,458804812.0,0.6613973064,9.14773979,51.227343,9.81311778,54.95346,0.08552457015348285
CN,002245,2020-02-26,5.47,5.76,5.3,5.35,3.6179,3.8097,3.5055,3.5385,58058700.0,320133830.0,0.6613973064,9.14773979,48.940408,9.81311778,52.50018,0.0591643770120937
CN,002245,2020-02-27,5.3,5.42,5.15,5.2,3.5055,3.5848,3.4062,3.4393000000000002,35485675.0,186084290.0,0.6613973064,9.14773979,47.568247,9.81311778,51.028212,0.036161468552148565
CN,002245,2020-02-28,5.0,5.12,4.7,4.75,3.307,3.3864,3.1086,3.1417,37015279.0,182719651.0,0.6613973064,9.14773979,43.451764,9.81311778,46.612309,0.03772020251855165
CN,002245,2020-03-02,4.8,5.02,4.8,4.98,3.1747,3.3203,3.1747,3.2938,29307865.0,143903317.0,0.6613973064,9.14773979,45.555744,9.81311778,48.869327,0.02986600757990698
CN,002245,2020-03-03,5.03,5.14,4.88,4.95,3.3269,3.3996,3.2277,3.274,27873520.0,140289031.0,0.6613973064,9.14773979,45.281312,9.81311778,48.574933,0.02840434673759719
CN,002245,2020-03-04,4.99,5.02,4.86,5.0,3.3004,3.3203,3.2144,3.307,18494700.0,91608521.0,0.6613973064,9.14773979,45.738699,9.81311778,49.065589,0.018846915337848925
CN,002245,2020-03-05,5.06,5.22,5.01,5.2,3.3467000000000002,3.4525,3.3136,3.4393000000000002,33607755.0,172052894.0,0.6613973064,9.14773979,47.568247,9.81311778,51.028212,0.03424778521307017
CN,002245,2020-03-06,5.08,5.15,5.06,5.08,3.3599,3.4062,3.3467000000000002,3.3599,20292864.0,103509873.0,0.6613973064,9.14773979,46.470518,9.81311778,49.850638,0.020679323793869716
CN,002245,2020-03-09,4.98,5.05,4.78,4.79,3.2938,3.3401,3.1615,3.1681,22736860.0,111489039.0,0.6613973064,9.14773979,43.817674,9.81311778,47.004834,0.02316986355380318
CN,002245,2020-03-10,4.6899999999999995,4.93,4.67,4.91,3.102,3.2607,3.0888,3.2475,20067440.0,96791879.0,0.6613973064,9.14773979,44.915402,9.81311778,48.182408,0.020449606791532873
CN,002245,2020-03-11,4.92,4.95,4.76,4.77,3.2541,3.274,3.1483,3.1549,18409814.0,89527141.0,0.6613973064,9.14773979,43.634719,9.81311778,46.808572,0.018760412758441383
CN,002245,2020-03-12,4.72,4.74,4.61,4.63,3.1218,3.1351,3.0491,3.0623,16150791.0,75402156.0,0.6613973064,9.14773979,42.354035,9.81311778,45.434735,0.0164583686470336
CN,002245,2020-03-13,4.38,4.55,4.36,4.49,2.8970000000000002,3.0094,2.8837,2.9697,20711049.0,92016264.0,0.6613973064,9.14773979,41.073352,9.81311778,44.060899,0.02110547276036057
CN,002245,2020-03-16,4.52,4.55,4.21,4.24,2.9896000000000003,3.0094,2.7845,2.8044000000000002,18844168.0,82729425.0,0.6613973064,9.14773979,38.786417,9.81311778,41.607619,0.0192030386493537
CN,002245,2020-03-17,4.24,4.34,4.03,4.21,2.8044000000000002,2.8705,2.6654999999999998,2.7845,14057300.0,58852994.0,0.6613973064,9.14773979,38.511985,9.81311778,41.313226,0.014325008947360253
CN,002245,2020-03-18,4.25,4.33,4.09,4.13,2.811,2.8639,2.7052,2.7316000000000003,15135386.0,63887249.0,0.6613973064,9.14773979,37.780165,9.81311778,40.528176,0.01542362614952737
CN,002245,2020-03-19,4.13,4.21,4.06,4.19,2.7316000000000003,2.7845,2.6853,2.7713,15707050.0,64991408.0,0.6613973064,9.14773979,38.32903,9.81311778,41.116964,0.01600617698894061
CN,002245,2020-03-20,4.24,4.29,4.15,4.27,2.8044000000000002,2.8374,2.7448,2.8242000000000003,13389456.0,56590935.0,0.6613973064,9.14773979,39.060849,9.81311778,41.902013,0.01364444644421663
CN,002245,2020-03-23,4.13,4.17,4.05,4.07,2.7316000000000003,2.7580999999999998,2.6787,2.6919,12682603.0,52039040.0,0.6613973064,9.14773979,37.231301,9.81311778,39.939389,0.012924132048886912
CN,002245,2020-03-24,4.14,4.16,4.01,4.13,2.7382,2.7515,2.6522,2.7316000000000003,10335120.0,42485724.0,0.6613973064,9.14773979,37.780165,9.81311778,40.528176,0.010531943294376723
CN,002245,2020-03-25,4.23,4.25,4.16,4.18,2.7977,2.811,2.7515,2.7647,17643848.0,74134050.0,0.6613973064,9.14773979,38.237552,9.81311778,41.018832,0.01797985960788091
CN,002245,2020-03-26,4.17,4.18,4.07,4.08,2.7580999999999998,2.7647,2.6919,2.6985,11526828.0,47456012.0,0.6613973064,9.14773979,37.322778,9.81311778,40.037521,0.011746346327864006
CN,002245,2020-03-27,4.14,4.15,4.07,4.08,2.7382,2.7448,2.6919,2.6985,9724288.0,40045693.0,0.6613973064,9.14773979,37.322778,9.81311778,40.037521,0.009909478534761863
CN,002245,2020-03-30,4.05,4.05,3.87,3.91,2.6787,2.6787,2.5596,2.5861,11866808.0,46638752.0,0.6613973064,9.14773979,35.767663,9.81311778,38.369291,0.012092800948731707
CN,002245,2020-03-31,3.96,3.98,3.87,3.88,2.6192,2.6324,2.5596,2.5663,7966800.0,31198102.0,0.6613973064,9.14773979,35.49323,9.81311778,38.074897,0.008118520717479863
CN,002245,2020-04-01,3.88,4.08,3.87,3.96,2.5663,2.6985,2.5596,2.6192,16541260.0,65713240.0,0.6613973064,9.14773979,36.22505,9.81311778,38.859946,0.01685627378661708
CN,002245,2020-04-02,3.93,4.06,3.91,4.05,2.5993,2.6853,2.5861,2.6787,10557424.0,42167517.0,0.6613973064,9.14594604,37.041081,9.81314903,39.743254,0.010758446618638584
CN,002245,2020-04-03,4.04,4.06,3.96,3.98,2.6721,2.6853,2.6192,2.6324,9125385.0,36559171.0,0.6613973064,9.14594604,36.400865,9.81314903,39.056333,0.009299140339255604
CN,002245,2020-04-07,4.06,4.13,4.04,4.11,2.6853,2.7316000000000003,2.6721,2.7184,13825933.0,56479841.0,0.6613973064,9.14594604,37.589838,9.81314903,40.332043,0.014089190898591702
CN,002245,2020-04-08,4.15,4.16,4.08,4.11,2.7448,2.7515,2.6985,2.7184,11401064.0,46896179.0,0.6613973064,9.14594604,37.589838,9.81314903,40.332043,0.011618150264655666
CN,002245,2020-04-09,4.11,4.14,4.1,4.12,2.7184,2.7382,2.7118,2.725,9896468.0,40786778.0,0.6613973064,9.14594604,37.681298,9.81314903,40.430174,0.010084905436313341
CN,002245,2020-04-10,4.14,4.17,4.04,4.05,2.7382,2.7580999999999998,2.6721,2.6787,10342526.0,42469116.0,0.6613973064,9.14594604,37.041081,9.81314903,39.743254,0.010539456772114262
CN,002245,2020-04-13,4.01,4.04,3.92,3.98,2.6522,2.6721,2.5927,2.6324,5984706.0,23808965.0,0.6613973064,9.14594604,36.400865,9.81314903,39.056333,0.006098660054691944
CN,002245,2020-04-14,4.01,4.05,3.98,4.05,2.6522,2.6787,2.6324,2.6787,6889900.0,27701267.0,0.6613973064,9.14594604,37.041081,9.81314903,39.743254,0.007021089742891636
CN,002245,2020-04-15,4.08,4.09,4.02,4.03,2.6985,2.7052,2.6589,2.6654999999999998,7344700.0,29735543.0,0.6613973064,9.14594604,36.858163,9.81314903,39.546991,0.007484549534044934
CN,002245,2020-04-16,4.01,4.04,3.9699999999999998,4.02,2.6522,2.6721,2.6258,2.6589,5371940.0,21542498.0,0.6613973064,9.14594604,36.766703,9.81314903,39.448859,0.005474226452260453
CN,002245,2020-04-17,4.04,4.1,4.02,4.03,2.6721,2.7118,2.6589,2.6654999999999998,8440001.0,34235338.0,0.6613973064,9.14594604,36.858163,9.81314903,39.546991,0.008600706026371231
CN,002245,2020-04-20,4.04,4.06,3.96,4.02,2.6721,2.6853,2.6192,2.6589,7580196.0,30426766.0,0.6613973064,9.14594604,36.766703,9.81314903,39.448859,0.007724529584567004
CN,002245,2020-04-21,4.0,4.0,3.89,3.92,2.6456,2.6456,2.5728999999999997,2.5927,10766800.0,42282036.0,0.6613973064,9.14594604,35.852108,9.81314903,38.467544,0.010971809321436547
CN,002245,2020-04-22,3.89,3.9699999999999998,3.87,3.96,2.5728999999999997,2.6258,2.5596,2.6192,7212036.0,28358458.0,0.6613973064,9.14594604,36.217946,9.81314903,38.86007,0.007349359495052935
CN,002245,2020-04-23,3.96,3.98,3.9,3.9,2.6192,2.6324,2.5795,2.5795,6616618.0,25980235.0,0.6613973064,9.14594604,35.66919,9.81314903,38.271281,0.006742604213766842
CN,002245,2020-04-24,3.88,3.91,3.77,3.8,2.5663,2.5861,2.4935,2.5133,9944913.0,38163229.0,0.6613973064,9.14594604,34.754595,9.81314903,37.289966,0.010134272871630892
CN,002245,2020-04-27,3.81,3.82,3.7,3.7,2.52,2.5266,2.4472,2.4472,8165200.0,30571152.0,0.6613973064,9.14594604,33.84,9.81314903,36.308651,0.008320672574153294
CN,002245,2020-04-28,3.76,3.84,3.56,3.66,2.4869,2.5398,2.3546,2.4207,11418620.0,42237061.0,0.6613973064,9.14594604,33.474163,9.81314903,35.916125,0.011636040546303615
CN,002245,2020-04-29,3.65,3.7199999999999998,3.63,3.65,2.4141,2.4604,2.4009,2.4141,7010224.0,25747867.0,0.6613973064,9.14594604,33.382703,9.81314903,35.817994,0.007143704817453486
CN,002245,2020-04-30,3.65,3.82,3.65,3.8,2.4141,2.5266,2.4141,2.5133,10337420.0,38933579.0,0.6613973064,9.14594604,34.754595,9.81314903,37.289966,0.010534253549393002
CN,002245,2020-05-06,3.7800000000000002,3.99,3.75,3.96,2.5000999999999998,2.6390000000000002,2.4803,2.6192,15033241.0,58737422.0,0.6613973064,9.14594604,36.217946,9.81314903,38.86007,0.01531948710250047
CN,002245,2020-05-07,3.98,4.03,3.94,3.96,2.6324,2.6654999999999998,2.6059,2.6192,11495520.0,45823794.0,0.6613973064,9.14594604,36.217946,9.81314903,38.86007,0.011714404789794576
CN,002245,2020-05-08,4.01,4.11,3.95,4.0,2.6522,2.7184,2.6126,2.6456,12388700.0,50033203.0,0.6613973064,9.14594604,36.583784,9.81314903,39.252596,0.01262459172089023
CN,002245,2020-05-11,4.02,4.06,3.9699999999999998,4.01,2.6589,2.6853,2.6258,2.6522,8593890.0,34438233.0,0.6613973064,9.14594604,36.675244,9.81314903,39.350728,0.008757525207991262
CN,002245,2020-05-12,4.01,4.03,3.91,3.95,2.6522,2.6654999999999998,2.5861,2.6126,7924800.0,31411353.0,0.6613973064,9.14594604,36.126487,9.81314903,38.761939,0.00807569514716725
CN,002245,2020-05-13,3.94,3.98,3.92,3.96,2.6059,2.6324,2.5927,2.6192,6470100.0,25552369.0,0.6613973064,9.14594711,36.217951,9.8131501,38.860074,0.006593295663540294
CN,002245,2020-05-14,3.93,3.96,3.89,3.89,2.5993,2.6192,2.5728999999999997,2.5728999999999997,6775800.0,26544975.0,0.6613973064,9.14594711,35.577734,9.8131501,38.173154,0.006904816425869202
CN,002245,2020-05-15,3.92,4.03,3.92,3.9699999999999998,2.5927,2.6654999999999998,2.5927,2.6258,11931724.0,47414406.0,0.6613973064,9.14594711,36.30941,9.8131501,38.958206,0.012158913171011212
CN,002245,2020-05-18,3.96,4.0,3.92,3.94,2.6192,2.6456,2.5927,2.6059,8007420.0,31663098.0,0.6613973064,9.14594711,36.035032,9.8131501,38.663811,0.008159887414745649
CN,002245,2020-05-19,3.94,3.99,3.93,3.9699999999999998,2.6059,2.6390000000000002,2.5993,2.6258,7076014.0,27977571.0,0.6613973064,9.14594711,36.30941,9.8131501,38.958206,0.007210746730552914
CN,002245,2020-05-20,3.95,4.01,3.92,3.94,2.6191,2.6589,2.5993,2.6125,8232444.0,32640472.0,0.6613973064,9.14594711,36.035032,9.8131501,38.663811,0.008389196044193801
CN,002245,2020-05-21,3.96,3.9699999999999998,3.75,3.7800000000000002,2.6258,2.6324,2.4865,2.5064,10487642.0,40477313.0,0.6613973064,9.14594711,34.57168,9.8131501,37.093707,0.010687334742795792
CN,002245,2020-05-22,3.79,3.83,3.7199999999999998,3.75,2.5131,2.5396,2.4666,2.4865,5813300.0,21913997.0,0.6613973064,9.14594711,34.297302,9.8131501,36.799313,0.005923989688081914
CN,002245,2020-05-25,3.74,3.7800000000000002,3.7,3.74,2.4798999999999998,2.5064,2.4534000000000002,2.4798999999999998,4852537.0,18110430.0,0.6613973064,9.14594711,34.205842,9.8131501,36.701181,0.0049449330241060924
CN,002245,2020-05-26,3.73,3.82,3.73,3.81,2.4733,2.5329,2.4733,2.5263,5327494.0,20142202.0,0.6613973064,9.14594711,34.846058,9.8131501,37.388102,0.005428933569455949
CN,002245,2020-05-27,3.8,3.87,3.75,3.85,2.5197000000000003,2.5661,2.4865,2.5528,7199800.0,27473939.0,0.6613973064,9.14594711,35.211896,9.8131501,37.780628,0.007336889710878875
CN,002245,2020-05-28,3.82,3.84,3.74,3.8,2.5329,2.5462,2.4798999999999998,2.5197000000000003,5197400.0,19711435.0,0.6613973064,9.14594711,34.754599,9.8131501,37.28997,0.005296362479974702
CN,002245,2020-05-29,3.82,3.83,3.77,3.8,2.5329,2.5396,2.4998,2.5197000000000003,5156900.0,19601732.0,0.6613973064,9.14594711,34.754599,9.8131501,37.28997,0.005255091328930146
CN,002245,2020-06-01,3.8,3.95,3.8,3.94,2.5197000000000003,2.6191,2.5197000000000003,2.6125,11126194.0,43433959.0,0.6613973064,9.14594711,36.035032,9.8131501,38.663811,0.011338045262346491
CN,002245,2020-06-02,3.96,4.07,3.94,4.03,2.6258,2.6987,2.6125,2.6722,17025089.0,68104936.0,0.6613973064,9.14594711,36.858167,9.8131501,39.546995,0.017349259744839734
CN,002245,2020-06-03,4.05,4.07,3.98,3.98,2.6855,2.6987,2.6390000000000002,2.6390000000000002,10038113.0,40361570.0,0.6613973064,9.14594711,36.400869,9.8131501,39.056337,0.010229246366057317
CN,002245,2020-06-04,4.0,4.08,3.93,4.03,2.6523,2.7053000000000003,2.6059,2.6722,11944782.0,47941761.0,0.6613973064,9.14594711,36.858167,9.8131501,39.546995,0.01217221980534059
CN,002245,2020-06-05,4.06,4.06,3.9699999999999998,4.01,2.6921,2.6921,2.6324,2.6589,7853800.0,31483543.0,0.6613973064,9.14594711,36.675248,9.8131501,39.350732,0.008003342372190964
CN,002245,2020-06-08,4.03,4.06,3.98,4.02,2.6722,2.6921,2.6390000000000002,2.6656,9843161.0,39568277.0,0.6613973064,9.14594711,36.766707,9.8131501,39.448863,0.010030582330540322
CN,002245,2020-06-09,4.05,4.06,3.99,4.02,2.6855,2.6921,2.6457,2.6656,9000400.0,36215683.0,0.6613973064,9.14594711,36.766707,9.8131501,39.448863,0.009171774515096839
CN,002245,2020-06-10,4.03,4.03,3.92,3.93,2.6722,2.6722,2.5993,2.6059,9806580.0,38753094.0,0.6613973064,9.14594711,35.943572,9.8131501,38.56568,0.009993304800259806
CN,002245,2020-06-11,3.93,3.99,3.88,3.91,2.6059,2.6457,2.5727,2.5926,8953260.0,35250658.0,0.6613973064,9.14594711,35.760653,9.8131501,38.369417,0.00912373693336251
CN,002245,2020-06-12,3.85,3.91,3.82,3.86,2.5528,2.5926,2.5329,2.5595,7241400.0,27964208.0,0.6613973064,9.14594711,35.303356,9.8131501,37.878759,0.007379281806766616
CN,002245,2020-06-15,3.86,3.91,3.81,3.81,2.5595,2.5926,2.5263,2.5263,6266402.0,24200121.0,0.6613973064,9.14594711,34.846058,9.8131501,37.388102,0.006385719097479208
CN,002245,2020-06-16,3.83,3.91,3.83,3.88,2.5396,2.5926,2.5396,2.5727,6440007.0,24960284.0,0.6613973064,9.14594711,35.486275,9.8131501,38.075022,0.006562629669753039
CN,002245,2020-06-17,3.89,3.89,3.83,3.87,2.5794,2.5794,2.5396,2.5661,5968820.0,23034577.0,0.6613973064,9.14594711,35.394815,9.8131501,37.976891,0.006082470908093009
CN,002245,2020-06-18,3.87,3.88,3.84,3.86,2.5661,2.5727,2.5462,2.5595,5808005.0,22393672.0,0.6613973064,9.14594711,35.303356,9.8131501,37.878759,0.0059185938672231255
CN,002245,2020-06-19,3.84,3.94,3.84,3.9,2.5462,2.6125,2.5462,2.586,8654000.0,33709694.0,0.6613973064,9.14594711,35.669194,9.8131501,38.271285,0.008818778793570068
CN,002245,2020-06-22,3.91,4.08,3.87,4.03,2.5926,2.7053000000000003,2.5661,2.6722,22438195.0,89579916.0,0.6613973064,9.14594711,36.858167,9.8131501,39.546995,0.02286543543240004
CN,002245,2020-06-23,3.99,4.04,3.92,3.94,2.6457,2.6788,2.5993,2.6125,14495505.0,57409996.0,0.6613973064,9.14594711,36.035032,9.8131501,38.663811,0.014771510526472024
CN,002245,2020-06-24,3.93,3.93,3.86,3.88,2.6059,2.6059,2.5595,2.5727,10476317.0,40743405.0,0.6613973064,9.14594711,35.486275,9.8131501,38.075022,0.010675794106114814
CN,002245,2020-06-29,3.88,3.89,3.82,3.85,2.5727,2.5794,2.5329,2.5528,5080837.0,19552619.0,0.6613973064,9.14594711,35.211896,9.8131501,37.780628,0.005177580031105404
CN,002245,2020-06-30,3.86,3.9,3.85,3.87,2.5595,2.586,2.5528,2.5661,6141600.0,23796662.0,0.6613973064,9.14594711,35.394815,9.8131501,37.976891,0.006258540771734451
CN,002245,2020-07-01,3.88,3.95,3.86,3.92,2.5727,2.6191,2.5595,2.5993,9972721.0,38897561.0,0.6613973064,9.14594711,35.852113,9.8131501,38.467548,0.010162609252252241
CN,002245,2020-07-02,3.93,4.01,3.92,4.0,2.6059,2.6589,2.5993,2.6523,11906927.0,47283487.0,0.6613973064,9.14594711,36.583788,9.8131501,39.2526,0.012133644017123513
CN,002245,2020-07-03,4.01,4.05,3.98,4.03,2.6589,2.6855,2.6390000000000002,2.6722,14369639.0,57722732.0,0.6613973064,9.14594711,36.858167,9.8131501,39.546995,0.014643247941351677
CN,002245,2020-07-06,4.07,4.25,4.07,4.22,2.6987,2.8181000000000003,2.6987,2.7982,26326441.0,109662773.0,0.6613973064,9.14594711,38.595897,9.8131501,41.411493,0.026827716616705986
CN,002245,2020-07-07,4.3,4.38,4.15,4.26,2.8512,2.9043,2.7518000000000002,2.8247,27949145.0,119600048.0,0.6613973064,9.14594711,38.961735,9.8131501,41.804019,0.028481318144720928
CN,002245,2020-07-08,4.24,4.37,4.21,4.37,2.8114,2.8975999999999997,2.7915,2.8975999999999997,21154418.0,91271235.0,0.6613973064,9.14594711,39.967789,9.8131501,42.883466,0.02155721433426357
CN,002245,2020-07-09,4.36,4.44,4.3,4.43,2.891,2.9441,2.8512,2.9374000000000002,26387881.0,115753069.0,0.6613973064,9.14594711,40.516546,9.8131501,43.472255,0.026890326481401727
CN,002245,2020-07-10,4.41,4.46,4.32,4.33,2.9242,2.9573,2.8645,2.8711,19513402.0,85633605.0,0.6613973064,9.14594711,39.601951,9.8131501,42.49094,0.01988495213173189
CN,002245,2020-07-13,4.35,4.55,4.35,4.51,2.8844,3.017,2.8844,2.9905,27951700.0,124743773.0,0.6613973064,9.14594711,41.248221,9.8131501,44.257307,0.02848392179387942
CN,002245,2020-07-20,4.4,4.41,4.13,4.4,2.9175,2.9242,2.7385,2.9175,29463477.0,126930497.0,0.6613973064,9.14594711,40.242167,9.8131501,43.17786,0.03002448418678524
CN,002245,2020-07-21,4.5600000000000005,4.77,4.46,4.51,3.0236,3.1629,2.9573,2.9905,40960017.0,186656683.0,0.6613973064,9.14594711,41.248221,9.8131501,44.257307,0.041739927120853886
CN,002245,2020-07-22,4.46,4.58,4.41,4.47,2.9573,3.0369,2.9242,2.9638999999999998,25496160.0,115035346.0,0.6613973064,9.14594711,40.882384,9.8131501,43.864781,0.025981626430028826
CN,002245,2020-07-23,4.39,4.92,4.39,4.92,2.9109,3.2622999999999998,2.9109,3.2622999999999998,90859703.0,440799174.0,0.6613973064,9.14594711,44.99806,9.8131501,48.280698,0.09258974139201234
CN,002245,2020-07-24,4.7,4.87,4.5600000000000005,4.72,3.1165,3.2292,3.0236,3.1297,66671518.0,315543235.0,0.6613973064,9.14594711,43.16887,9.8131501,46.318068,0.06794099480858853
CN,002245,2020-07-27,4.73,5.19,4.59,5.04,3.1363,3.4414,3.0435,3.3419,56126320.0,276403974.0,0.6613973064,9.14594711,46.095573,9.8131501,49.458277,0.057195008155434206
CN,002245,2020-07-28,5.0,5.12,4.92,5.05,3.3154,3.3949,3.2622999999999998,3.3485,37397592.0,187199791.0,0.6613973064,9.14594711,46.187033,9.8131501,49.556408,0.03810967081814024
CN,002245,2020-07-29,4.97,5.12,4.95,5.09,3.2955,3.3949,3.2822,3.3750999999999998,38893493.0,195234758.0,0.6613973064,9.14594711,46.552871,9.8131501,49.948934,0.0396340549198366
CN,002245,2020-07-30,5.09,5.1,4.8100000000000005,4.88,3.3750999999999998,3.3817,3.1894,3.2358000000000002,40882765.0,201931480.0,0.6613973064,9.14594711,44.632222,9.8131501,47.888172,0.04166120418355773
CN,002245,2020-07-31,4.85,4.93,4.76,4.86,3.2159,3.269,3.1562,3.2225,28518539.0,138238988.0,0.6613973064,9.14594711,44.449303,9.8131501,47.691909,0.02906155384293979
CN,002245,2020-08-03,4.86,4.95,4.85,4.9,3.2225,3.2822,3.2159,3.2491,27463642.0,134598308.0,0.6613973064,9.14594711,44.815141,9.8131501,48.084435,0.027986570795447224
CN,002245,2020-08-04,4.88,4.9399999999999995,4.8100000000000005,4.87,3.2358000000000002,3.2756,3.1894,3.2292,20761111.0,101096094.0,0.6613973064,9.14594711,44.540762,9.8131501,47.790041,0.021156418467501072
CN,002245,2020-08-05,4.97,4.97,4.8100000000000005,4.84,3.2955,3.2955,3.1894,3.2093,16210480.0,78675722.0,0.6613973064,9.14594711,44.266384,9.8131501,47.495646,0.016519139965055666
CN,002245,2020-08-06,4.85,4.85,4.68,4.76,3.2159,3.2159,3.1032,3.1562,23994700.0,113933317.0,0.6613973064,9.14594711,43.534708,9.8131501,46.710594,0.024451577480711317
CN,002245,2020-08-07,4.75,4.8,4.68,4.76,3.1496,3.1828,3.1032,3.1562,14827014.0,70296748.0,0.6613973064,9.14594711,43.534708,9.8131501,46.710594,0.015109331711944363
CN,002245,2020-08-10,4.76,5.02,4.73,4.97,3.1562,3.3286,3.1363,3.2955,29622225.0,146084681.0,0.6613973064,9.14594711,45.455357,9.8131501,48.771356,0.030186254870390703
CN,002245,2020-08-11,4.95,4.98,4.8100000000000005,4.87,3.2822,3.3021,3.1894,3.2292,18298152.0,89736560.0,0.6613973064,9.14594711,44.540762,9.8131501,47.790041,0.018646562840203575
CN,002245,2020-08-12,4.84,4.9399999999999995,4.8,4.9399999999999995,3.2093,3.2756,3.1828,3.2756,15487099.0,75338548.0,0.6613973064,9.14594711,45.180979,9.8131501,48.476961,0.0157819852363208
CN,002245,2020-08-13,4.96,5.05,4.91,4.93,3.2889,3.3485,3.2557,3.269,19846474.0,98484319.0,0.6613973064,9.14594711,45.089519,9.8131501,48.37883,0.02022436607792232
CN,002245,2020-08-14,4.88,4.9,4.79,4.88,3.2358000000000002,3.2491,3.1761,3.2358000000000002,15903937.0,76988142.0,0.6613973064,9.14594711,44.632222,9.8131501,47.888172,0.01620676015136057
CN,002245,2020-08-17,4.88,4.93,4.83,4.91,3.2358000000000002,3.269,3.2027,3.2557,14693328.0,71851604.0,0.6613973064,9.14594711,44.9066,9.8131501,48.182567,0.014973100228029734
CN,002245,2020-08-18,4.98,5.17,4.9399999999999995,5.06,3.3021,3.4281,3.2756,3.3552,34948290.0,177014053.0,0.6613973064,9.14594711,46.278492,9.8131501,49.65454,0.03561373223059128
CN,002245,2020-08-19,5.03,5.06,4.92,4.93,3.3353,3.3552,3.2622999999999998,3.269,18645785.0,92672200.0,0.6613973064,9.14594711,45.089519,9.8131501,48.37883,0.01900081503899548
CN,002245,2020-08-20,4.9,4.98,4.83,4.85,3.2491,3.3021,3.2027,3.2159,13826293.0,67608832.0,0.6613973064,9.14594711,44.357843,9.8131501,47.593778,0.014089556217019445
CN,002245,2020-08-21,4.88,4.92,4.8100000000000005,4.87,3.2358000000000002,3.2622999999999998,3.1894,3.2292,10576859.0,51327288.0,0.6613973064,9.14594711,44.540762,9.8131501,47.790041,0.010778250502863499
CN,002245,2020-08-24,4.85,4.98,4.79,4.93,3.2159,3.3021,3.1761,3.269,11525392.0,56325966.0,0.6613973064,9.14594711,45.089519,9.8131501,48.37883,0.01174484429826463
CN,002245,2020-08-25,4.9,4.97,4.9,4.9399999999999995,3.2491,3.2955,3.2491,3.2756,10228045.0,50368809.0,0.6613973064,9.14594711,45.180979,9.8131501,48.476961,0.01042279481692632
CN,002245,2020-08-26,4.95,5.27,4.91,5.16,3.2822,3.4944,3.2557,3.4215,53024722.0,271286926.0,0.6613973064,9.14594711,47.193087,9.8131501,50.635855,0.05403435335203932
CN,002245,2020-08-27,5.16,5.24,5.03,5.07,3.4215,3.4745,3.3353,3.3618,32600801.0,167303381.0,0.6613973064,9.14594711,46.369952,9.8131501,49.752671,0.033221545240605256
CN,002245,2020-08-28,5.07,5.26,5.04,5.23,3.3618,3.4878,3.3419,3.4679,28219422.0,145868419.0,0.6613973064,9.14594711,47.833303,9.8131501,51.322775,0.028756741425976964
CN,002245,2020-08-31,5.25,5.31,5.11,5.14,3.4811,3.5209,3.3883,3.4082,25897642.0,133920735.0,0.6613973064,9.14594711,47.010168,9.8131501,50.439592,0.026390752955057724
CN,002245,2020-09-01,5.15,5.16,5.03,5.08,3.4148,3.4215,3.3353,3.3684,17115893.0,86658048.0,0.6613973064,9.14594711,46.461411,9.8131501,49.850803,0.017441792722603926
CN,002245,2020-09-02,5.1,5.1,5.03,5.06,3.3817,3.3817,3.3353,3.3552,13201100.0,66817759.0,0.6613973064,9.14594711,46.278492,9.8131501,49.65454,0.01345245906306885
CN,002245,2020-09-03,5.07,5.1,4.93,4.9399999999999995,3.3618,3.3817,3.269,3.2756,16351400.0,81890969.0,0.6613973064,9.14594711,45.180979,9.8131501,48.476961,0.01666274318987539
CN,002245,2020-09-04,4.84,5.14,4.84,5.08,3.2093,3.4082,3.2093,3.3684,19478709.0,97712010.0,0.6613973064,9.14594711,46.461411,9.8131501,49.850803,0.019849598550418585
CN,002245,2020-09-07,5.2,5.59,5.2,5.59,3.448,3.7066,3.448,3.7066,81559970.0,451058979.0,0.6613973064,9.14594711,51.125844,9.8131501,54.855509,0.0831129343471471
CN,002245,2020-09-08,5.49,5.83,5.36,5.71,3.6403,3.8657,3.5541,3.7862,104247760.0,579987619.0,0.6613973064,9.14594711,52.223358,9.8131501,56.033087,0.10623271725966976
CN,002245,2020-09-09,5.53,5.53,5.15,5.25,3.6668,3.6668,3.4148,3.4811,62857836.0,337718023.0,0.6613973064,9.14594711,48.016222,9.8131501,51.519038,0.06405469737999829
CN,002245,2020-09-10,5.23,5.37,4.88,4.9399999999999995,3.4679,3.5606999999999998,3.2358000000000002,3.2756,39236955.0,200253819.0,0.6613973064,9.14594711,45.180979,9.8131501,48.476961,0.0399840566995913
CN,002245,2020-09-11,4.9,4.98,4.84,4.96,3.2491,3.3021,3.2093,3.2889,19710393.0,96620808.0,0.6613973064,9.14594711,45.363898,9.8131501,48.673224,0.020085693991371844
CN,002245,2020-09-14,5.04,5.14,4.96,5.02,3.3419,3.4082,3.2889,3.3286,23582200.0,118721392.0,0.6613973064,9.14594711,45.912654,9.8131501,49.262014,0.024031223164516766
CN,002245,2020-09-15,5.03,5.04,4.87,4.9,3.3353,3.3419,3.2292,3.2491,17750506.0,87588890.0,0.6613973064,9.14594711,44.815141,9.8131501,48.084435,0.018088489240575257
CN,002245,2020-09-16,4.89,5.03,4.89,4.99,3.2424,3.3353,3.2424,3.3087,14526842.0,72005861.0,0.6613973064,9.14594711,45.638276,9.8131501,48.967619,0.014803444206972846
CN,002245,2020-09-17,4.95,5.0,4.9,4.96,3.2822,3.3154,3.2491,3.2889,11383806.0,56493048.0,0.6613973064,9.14594711,45.363898,9.8131501,48.673224,0.011600562392294397
CN,002245,2020-09-18,4.95,5.33,4.93,5.28,3.2822,3.5342000000000002,3.269,3.501,36787952.0,190709889.0,0.6613973064,9.14594711,48.290601,9.8131501,51.813433,0.03748842280523152
CN,002245,2020-09-21,5.28,5.48,5.26,5.43,3.501,3.6336,3.4878,3.6005000000000003,38269731.0,206103160.0,0.6613973064,9.14594711,49.662493,9.8131501,53.285405,0.03899841601322291
CN,002245,2020-09-22,5.39,5.52,5.34,5.39,3.574,3.6602,3.5408,3.574,34359506.0,186671777.0,0.6613973064,9.14594711,49.296655,9.8131501,52.892879,0.03501373733190935
CN,002245,2020-09-23,5.4,5.58,5.38,5.44,3.5806,3.7,3.5673,3.6071,27493600.0,150595496.0,0.6613973064,9.14594711,49.753952,9.8131501,53.383537,0.028017099218730995
CN,002245,2020-09-24,5.53,5.65,5.44,5.55,3.6668,3.7464,3.6071,3.6801,38482759.0,213072184.0,0.6613973064,9.14594711,50.760006,9.8131501,54.462983,0.03921550022963574
CN,002245,2020-09-25,5.59,6.1,5.45,5.78,3.7066,4.0448,3.6138,3.8326000000000002,71273220.0,413256590.0,0.6613973064,9.14594711,52.863574,9.8131501,56.720008,0.0726303167420215
CN,002245,2020-09-28,5.85,6.3,5.8100000000000005,6.19,3.879,4.1774000000000004,3.8525,4.1044,74492623.0,452146964.0,0.6613973064,9.14594711,56.613413,9.8131501,60.743399,0.07591101964291772
CN,002245,2020-09-29,6.06,6.23,5.9399999999999995,6.06,4.0182,4.131,3.9387,4.0182,50695701.0,308533491.0,0.6613973064,9.14594711,55.424439,9.8131501,59.46769,0.05166098600692962
CN,002245,2020-09-30,6.11,6.63,5.99,6.49,4.0514,4.3962,3.9718,4.3034,68936875.0,437973168.0,0.6613973064,9.14594711,59.357197,9.8131501,63.687344,0.07024948594233772
CN,002245,2020-10-09,6.72,6.93,6.4,6.66,4.4559,4.5951,4.2437,4.4161,67361589.0,445495523.0,0.6613973064,9.14594711,60.912008,9.8131501,65.35558,0.0686442052893902
CN,002245,2020-10-12,6.63,6.63,6.4,6.5,4.3962,4.3962,4.2437,4.31,60640324.0,394436219.0,0.6613973064,9.13834627,59.399251,9.81315982,63.785539,0.06179490104340317
CN,002245,2020-10-13,6.4,6.51,6.1,6.39,4.2437,4.3166,4.0448,4.237,55683004.0,349543204.0,0.6613973064,9.13834627,58.394033,9.81315982,62.706091,0.05674319487441101
CN,002245,2020-10-14,6.38,6.78,6.26,6.78,4.2304,4.4956,4.1508,4.4956,65123218.0,429367015.0,0.6613973064,9.13834627,61.957988,9.81315982,66.533224,0.06636314825656228
CN,002245,2020-10-15,6.9,6.9,6.3,6.41,4.5752,4.5752,4.1774000000000004,4.2503,46278331.0,299869550.0,0.6613973064,9.13834627,58.5768,9.81315982,62.902354,0.047159459184269156
CN,002245,2020-10-16,6.3,6.54,6.3,6.4,4.1774000000000004,4.3365,4.1774000000000004,4.2437,21681762.0,138109336.0,0.6613973064,9.13834627,58.485416,9.81315982,62.804223,0.022094577483402284
CN,002245,2020-10-19,6.35,6.38,6.01,6.05,4.2105,4.2304,3.9851,4.0116,31078946.0,191188174.0,0.6613973064,9.13834627,55.286995,9.81315982,59.369617,0.031670681584802726
CN,002245,2020-10-20,6.12,6.3,5.97,6.25,4.058,4.1774000000000004,3.9586,4.1442,24697205.0,152298553.0,0.6613973064,9.13834627,57.114664,9.81315982,61.332249,0.025167433785868987
CN,002245,2020-10-21,6.36,6.55,6.25,6.4,4.2172,4.3431,4.1442,4.2437,29340949.0,188643552.0,0.6613973064,9.13834627,58.485416,9.81315982,62.804223,0.02989959354396819
CN,002245,2020-10-22,6.37,6.55,6.17,6.4,4.2238,4.3431,4.0912,4.2437,22443461.0,143342491.0,0.6613973064,9.13834627,58.485416,9.81315982,62.804223,0.022870779047395564
CN,002245,2020-10-23,6.41,6.73,6.41,6.6,4.2503,4.4625,4.2503,4.3763,33447000.0,220991935.0,0.6613973064,9.13834627,60.313085,9.81315982,64.766855,0.03408382275791775
CN,002245,2020-10-26,6.59,6.66,6.3,6.46,4.3697,4.4161,4.1774000000000004,4.2835,25687200.0,165638563.0,0.6613973064,9.13834627,59.033717,9.81315982,63.393012,0.026176278050264144
CN,002245,2020-10-27,6.4,6.73,6.36,6.6899999999999995,4.2437,4.4625,4.2172,4.436,33698381.0,223002690.0,0.6613973064,9.13834627,61.135537,9.81315982,65.650039,0.034339989991113797
CN,002245,2020-10-28,6.76,6.76,6.4,6.6,4.4824,4.4824,4.2437,4.3763,29894434.0,195590089.0,0.6613973064,9.13834627,60.313085,9.81315982,64.766855,0.03046361676396299
CN,002245,2020-10-29,6.46,6.88,6.46,6.71,4.2835,4.562,4.2835,4.4492,35508828.0,240449355.0,0.6613973064,9.13834627,61.318303,9.81315982,65.846302,0.036184907462354976
CN,002245,2020-10-30,6.72,6.8100000000000005,6.53,6.57,4.4559,4.5155,4.3299,4.3564,22552538.0,149484301.0,0.6613973064,9.13834627,60.038935,9.81315982,64.47246,0.022981932846987917
CN,002245,2020-11-02,6.57,6.74,6.45,6.49,4.3564,4.4691,4.2768,4.3034,19199714.0,126247602.0,0.6613973064,9.13834627,59.307867,9.81315982,63.687407,0.019565271892208927
CN,002245,2020-11-03,6.51,6.6,6.32,6.39,4.3166,4.3763,4.1906,4.237,22952236.0,147506644.0,0.6613973064,9.13834627,58.394033,9.81315982,62.706091,0.02338924099984749
CN,002245,2020-11-04,6.35,6.45,6.19,6.41,4.2105,4.2768,4.1044,4.2503,21896311.0,138678746.0,0.6613973064,9.13834627,58.5768,9.81315982,62.902354,0.022313211444262408
CN,002245,2020-11-05,6.47,7.05,6.46,7.05,4.2901,4.6747,4.2835,4.6747,48972072.0,337456793.0,0.6613973064,9.13834627,64.425341,9.81315982,69.182777,0.04990448835877617
CN,002245,2020-11-06,7.27,7.4,7.1,7.21,4.8206,4.9068000000000005,4.7078,4.7808,55279670.0,399754659.0,0.6613973064,9.13834627,65.887477,9.81315982,70.752882,0.05633218149299438
CN,002245,2020-11-09,7.4,7.5600000000000005,7.22,7.38,4.9068000000000005,5.0128,4.7874,4.8934999999999995,39618681.0,292158005.0,0.6613973064,9.13834627,67.440995,9.81315982,72.421119,0.04037301106546128
CN,002245,2020-11-10,7.34,7.54,7.28,7.42,4.867,4.9996,4.8272,4.92,29922764.0,222280038.0,0.6613973064,9.13834627,67.806529,9.81315982,72.813646,0.03049248616028349
CN,002245,2020-11-11,7.51,7.75,7.42,7.47,4.9797,5.1388,4.92,4.9532,33513725.0,253616916.0,0.6613973064,9.13834627,68.263447,9.81315982,73.304304,0.034151818185714625
CN,002245,2020-11-12,7.32,7.8,7.32,7.78,4.8537,5.172,4.8537,5.1587,33644299.0,257481658.0,0.6613973064,9.13834627,71.096334,9.81315982,76.346383,0.034284878282966766
CN,002245,2020-11-13,7.63,8.03,7.6,7.95,5.0593,5.3245000000000005,5.0394,5.2714,37225721.0,292368846.0,0.6613973064,9.13834627,72.649853,9.81315982,78.014621,0.03793448968815429
CN,002245,2020-11-16,7.95,8.15,7.78,8.04,5.2714,5.4041,5.1587,5.3311,28905729.0,229823825.0,0.6613973064,9.13834627,73.472304,9.81315982,78.897805,0.029456087060854577
CN,002245,2020-11-17,8.04,8.2,7.78,7.91,5.3311,5.4372,5.1587,5.2449,33242024.0,265133207.0,0.6613973064,9.13834627,72.284319,9.81315982,77.622094,0.033874944064652975
CN,002245,2020-11-18,7.88,7.98,7.66,7.88,5.225,5.2913,5.0792,5.225,25356168.0,197795675.0,0.6613973064,9.13834627,72.010169,9.81315982,77.327699,0.0258389432813701
CN,002245,2020-11-19,7.88,7.95,7.71,7.91,5.225,5.2714,5.1123,5.2449,17147711.0,134773514.0,0.6613973064,9.13834627,72.284319,9.81315982,77.622094,0.01747419925338585
CN,002245,2020-11-20,7.93,8.7,7.88,8.7,5.2582,5.7688,5.225,5.7688,52643135.0,451222844.0,0.6613973064,9.13834627,79.503613,9.81315982,85.37449,0.05364544750683578
CN,002245,2020-11-23,9.57,9.57,9.57,9.57,6.3456,6.3456,6.3456,6.3456,9232390.0,88353972.0,0.6613973064,9.13834627,87.453974,9.81315982,93.911939,0.009408172463658094
CN,002245,2020-11-24,10.0,10.53,9.87,10.53,6.6307,6.9822,6.5445,6.9822,143075859.0,1491250578.0,0.6613973064,9.13834627,96.226786,9.81315982,103.332573,0.1457999886116193
CN,002245,2020-11-25,10.88,11.1,10.32,10.78,7.2143,7.3601,6.8429,7.1479,137501527.0,1469142838.0,0.6613973064,9.13834627,98.511373,9.81315982,105.785863,0.1401195226839789
CN,002245,2020-11-26,10.5,10.8,10.23,10.8,6.9623,7.1612,6.7833,7.1612,89353250.0,936283848.0,0.6613973064,9.13834627,98.69414,9.81315982,105.982126,0.09105451418195695
CN,002245,2020-11-27,11.05,11.16,10.01,10.41,7.327,7.3999,6.6373999999999995,6.9026,94188329.0,983015283.0,0.6613973064,9.13834627,95.130185,9.81315982,102.154994,0.09598165191199343
CN,002245,2020-11-30,10.26,10.84,10.14,10.29,6.8031,7.1877,6.7236,6.823,77165093.0,808872593.0,0.6613973064,9.13834627,94.033583,9.81315982,100.977415,0.07863429763238076
CN,002245,2020-12-01,10.4,10.45,9.61,9.8,6.896,6.9291,6.3721,6.4981,90116642.0,890191456.0,0.6613973064,9.13834627,89.555793,9.81315982,96.168966,0.09183244098025911
CN,002245,2020-12-02,10.0,10.0,9.3,9.37,6.6307,6.6307,6.1666,6.213,71391283.0,681961187.0,0.6613973064,9.13834627,85.626305,9.81315982,91.949308,0.07275055569206047
CN,002245,2020-12-03,9.39,9.43,9.0,9.1,6.2263,6.2528,5.9677,6.034,48428518.0,445239470.0,0.6613973064,9.13834627,83.158951,9.81315982,89.299754,0.04935058522260978
CN,002245,2020-12-04,9.16,10.01,9.0,10.01,6.0738,6.6373999999999995,5.9677,6.6373999999999995,82198557.0,784423028.0,0.6613973064,9.13834627,91.474846,9.81315982,98.22973,0.08376359756464255
CN,002245,2020-12-07,10.25,10.51,10.01,10.34,6.7965,6.9689,6.6373999999999995,6.8562,80743015.0,828867712.0,0.6613973064,9.13834627,94.4905,9.81315982,101.468073,0.08228034239841822
CN,002245,2020-12-08,10.13,11.37,9.92,11.37,6.7169,7.5392,6.5777,7.5392,97480920.0,1051587482.0,0.6613973064,9.13834627,103.902997,9.81315982,111.575627,0.09933693304507907
CN,002245,2020-12-09,11.11,11.26,10.23,10.23,7.3668,7.4662,6.7833,6.7833,38488719.0,406407223.0,0.6613973064,9.13834627,93.485282,9.81315982,100.388625,0.03922153486337493
CN,002245,2020-12-10,9.35,9.84,9.27,9.27,6.1997,6.5247,6.1467,6.1467,88391403.0,840075662.0,0.6613973064,9.13834627,84.71247,9.81315982,90.967992,0.0900743538486465
CN,002245,2020-12-11,9.34,9.53,8.76,9.0,6.1931,6.3191,5.8085,5.9677,61799552.0,564428307.0,0.6613973064,9.13834627,82.245116,9.81315982,88.318438,0.06297620046302273
CN,002245,2020-12-14,9.48,9.9,9.31,9.9,6.2859,6.5644,6.1732,6.5644,54938095.0,535460160.0,0.6613973064,9.13834627,90.469628,9.81315982,97.150282,0.05598410298794054
CN,002245,2020-12-15,9.91,10.65,9.9,10.32,6.5711,7.0617,6.5644,6.8429,97175290.0,998939067.0,0.6613973064,9.13834627,94.307734,9.81315982,101.271809,0.09902548392409655
CN,002245,2020-12-16,10.33,10.39,9.45,10.05,6.8496,6.8893,6.2661,6.6639,77036223.0,761932991.0,0.6613973064,9.13834627,91.84038,9.81315982,98.622256,0.07850297397887483
CN,002245,2020-12-17,9.92,10.14,9.72,10.0,6.5777,6.7236,6.4451,6.6307,58358274.0,579778605.0,0.6613973064,9.13834627,91.383463,9.81315982,98.131598,0.05946940136556342
CN,002245,2020-12-18,9.91,10.78,9.63,10.38,6.5711,7.1479,6.3854,6.8827,88428649.0,894765548.0,0.6613973064,9.13834627,94.856034,9.81315982,101.860599,0.09011230900344189
CN,002245,2020-12-21,10.2,11.18,10.14,10.65,6.7634,7.4132,6.7236,7.0617,91632892.0,971216398.0,0.6613973064,9.13834627,97.323388,9.81315982,104.510152,0.09337756001206145
CN,002245,2020-12-22,10.54,11.72,10.5,11.72,6.9888,7.7712,6.9623,7.7712,77657157.0,872587154.0,0.6613973064,9.13834627,107.101418,9.81315982,115.010233,0.07913573041145071
CN,002245,2020-12-23,12.31,12.89,12.22,12.89,8.1625,8.547,8.1028,8.547,93929903.0,1187043569.0,0.6613973064,9.13834627,117.793283,9.81315982,126.49163,0.09571830554370815
CN,002245,2020-12-24,13.44,13.99,11.8,12.16,8.9117,9.2764,7.8243,8.063,195917810.0,2546400434.0,0.6613973064,9.13983797,111.14043,9.81465152,119.346162,0.1996176936091563
CN,002245,2020-12-25,11.54,13.27,11.38,13.03,7.6519,8.799,7.5458,8.6399,143634863.0,1763374927.0,0.6613973064,9.13983797,119.092089,9.81465152,127.884909,0.14634738962183755
CN,002245,2020-12-28,12.62,14.33,12.51,14.33,8.368,9.5019,8.2951,9.5019,166389644.0,2252215445.0,0.6613973064,9.13983797,130.973878,9.81465152,140.643956,0.16953189184652784
CN,002245,2020-12-29,13.84,14.28,12.9,12.9,9.177,9.4687,8.5537,8.5537,110796575.0,1497998881.0,0.6613973064,9.13983797,117.90391,9.81465152,126.609005,0.11288895461466165
CN,002245,2020-12-30,13.11,13.54,12.65,12.7,8.6929,8.978,8.3879,8.421,128777913.0,1686427748.0,0.6613973064,9.13983797,116.075942,9.81465152,124.646074,0.13120986795871484
CN,002245,2020-12-31,12.71,13.29,12.52,12.98,8.4277,8.8123,8.3017,8.6067,101666995.0,1309630365.0,0.6613973064,9.13983797,118.635097,9.81465152,127.394177,0.10358696362558169
CN,002245,2021-01-04,12.9,13.75,12.75,13.55,8.5537,9.1173,8.4542,8.9847,121458652.0,1623693434.0,0.6613973064,9.13983797,123.844804,9.81465152,132.988528,0.12375238362003504
CN,002245,2021-01-05,13.31,13.36,12.23,12.41,8.8255,8.8587,8.1094,8.2288,132399702.0,1665466808.0,0.6613973064,9.31452347,115.593236,9.98933702,123.967672,0.132541030235458
CN,002245,2021-01-06,12.48,12.72,11.79,12.13,8.2752,8.4343,7.8177,8.0431,79771997.0,966871709.0,0.6613973064,9.31452347,112.98517,9.98933702,121.170658,0.07985714851775016
CN,002245,2021-01-07,12.0,12.78,11.7,12.43,7.957,8.4742,7.758,8.2421,90801324.0,1122848284.0,0.6613973064,9.31452347,115.779527,9.98933702,124.167459,0.09089824862070775
CN,002245,2021-01-08,12.25,12.26,11.27,11.67,8.1227,8.1294,7.4729,7.7381,85133567.0,981606822.0,0.6613973064,9.31452347,108.700489,9.98933702,116.575563,0.0852244416516843
CN,002245,2021-01-11,11.71,11.75,10.6,10.63,7.7647,7.7912,7.0286,7.0485,72663633.0,800446610.0,0.6613973064,9.31452347,99.013384,9.98933702,106.186653,0.07274119679265761
CN,002245,2021-01-12,10.62,11.17,10.59,10.95,7.0419,7.4066,7.022,7.2607,53399760.0,582111207.0,0.6613973064,9.31452347,101.994032,9.98933702,109.38324,0.05345676083716714
CN,002245,2021-01-13,10.95,10.99,10.24,10.39,7.2607,7.2872,6.7899,6.8894,60189001.0,634585310.0,0.6613973064,9.31452347,96.777899,9.98933702,103.789212,0.06025324891881563
CN,002245,2021-01-14,10.41,10.53,9.94,10.0,6.9027,6.9822,6.591,6.6308,51113036.0,517329531.0,0.6613973064,9.31452347,93.145235,9.98933702,99.89337,0.05116759590517849
CN,002245,2021-01-15,9.96,10.79,9.96,10.66,6.6043,7.1546,6.6043,7.0684,62517985.0,645185905.0,0.6613973064,9.31452347,99.29282,9.98933702,106.486333,0.0625847189606583
CN,002245,2021-01-18,10.88,11.34,10.66,11.16,7.2143,7.5193,7.0684,7.4,70179404.0,776485116.0,0.6613973064,9.31452347,103.950082,9.98933702,111.481001,0.07025431603668127
CN,002245,2021-01-19,10.98,11.96,10.66,11.43,7.2806,7.9304,7.0684,7.579,67557888.0,751483399.0,0.6613973064,9.31452347,106.465003,9.98933702,114.178122,0.06763000173559065
CN,002245,2021-01-20,11.29,12.19,11.21,11.93,7.4862,8.0829,7.4331,7.9105,81643328.0,971321712.0,0.6613973064,9.31452347,111.122265,9.98933702,119.172791,0.08173047704421128
CN,002245,2021-01-21,12.0,12.49,11.68,11.94,7.957,8.2819,7.7448,7.9172,90566268.0,1093640154.0,0.6613973064,9.31452347,111.21541,9.98933702,119.272684,0.09066294171342312
CN,002245,2021-01-22,11.77,12.32,11.36,12.19,7.8044,8.1691,7.5326,8.0829,83808766.0,994418771.0,0.6613973064,9.31452347,113.544041,9.98933702,121.770018,0.08389822651113235
CN,002245,2021-01-25,12.17,12.72,11.66,12.5,8.0697,8.4344,7.7315000000000005,8.288499999999999,97232905.0,1194676499.0,0.6613973064,9.31452347,116.431543,9.98933702,124.866713,0.09733669492312312
CN,002245,2021-01-26,12.1,12.38,11.7,11.95,8.0233,8.2089,7.758,7.9238,63673763.0,764486664.0,0.6613973064,9.31452347,111.308555,9.98933702,119.372577,0.06374173067994054
CN,002245,2021-01-27,11.7,13.15,11.35,13.15,7.758,8.7195,7.526,8.7195,79255814.0,981548742.0,0.6613973064,9.31452347,122.485984,9.98933702,131.359782,0.07934041452532752
CN,002245,2021-01-28,13.0,13.69,12.74,12.74,8.62,9.0776,8.4476,8.4476,125095008.0,1647640675.0,0.6613973064,9.31452347,118.667029,9.98933702,127.264154,0.12522853894061528
CN,002245,2021-01-29,12.86,12.89,11.47,11.54,8.5272,8.5471,7.6055,7.6519,94678705.0,1126807941.0,0.6613973064,9.31452347,107.489601,9.98933702,115.276949,0.09477976847756808
CN,002245,2021-02-01,11.28,11.45,10.76,11.05,7.4795,7.5923,7.1347,7.327,52891067.0,588398665.0,0.6613973064,9.31452347,102.925484,9.98933702,110.382174,0.052947524839841664
CN,002245,2021-02-02,11.05,11.68,10.92,11.4,7.327,7.7448,7.2408,7.5591,54111904.0,612030199.0,0.6613973064,9.31452347,106.185568,9.98933702,113.878442,0.05416966500545598
CN,002245,2021-02-03,11.5,11.8,11.11,11.28,7.6254,7.8243,7.3668,7.4795,50725867.0,578564320.0,0.6613973064,9.31452347,105.067825,9.98933702,112.679722,0.050780013626970405
CN,002245,2021-02-04,11.1,11.33,10.49,10.68,7.3602,7.5127,6.9557,7.0817,47312542.0,512311537.0,0.6613973064,9.31452347,99.479111,9.98933702,106.686119,0.04736304512028566
CN,002245,2021-02-05,10.74,11.63,10.4,10.88,7.1215,7.7116,6.896,7.2143,52546406.0,575689265.0,0.6613973064,9.31452347,101.342015,9.98933702,108.683987,0.05260249593621179
CN,002245,2021-02-08,10.88,10.88,10.11,10.55,7.2143,7.2143,6.7036999999999995,6.9955,44546825.0,468231424.0,0.6613973064,9.31452347,98.268223,9.98933702,105.387506,0.04459437589382683
CN,002245,2021-02-09,10.66,11.27,10.33,11.04,7.0684,7.4729,6.8496,7.3204,50073381.0,544943251.0,0.6613973064,9.31452347,102.832339,9.98933702,110.282281,0.05012683113979069
CN,002245,2021-02-10,11.03,11.17,10.52,10.61,7.3138,7.4066,6.9756,7.0353,45375069.0,484968800.0,0.6613973064,9.31452347,98.827094,9.98933702,105.986866,0.04542350399145908
CN,002245,2021-02-18,10.94,11.07,10.61,10.88,7.2541,7.3403,7.0353,7.2143,41728803.0,453011701.0,0.6613973064,9.31452347,101.342015,9.98933702,108.683987,0.04177334583511729
CN,002245,2021-02-19,10.75,10.99,10.19,10.88,7.1281,7.2872,6.7568,7.2143,52459435.0,553748795.0,0.6613973064,9.31452347,101.342015,9.98933702,108.683987,0.05251543210021759
CN,002245,2021-02-22,10.88,11.6,10.77,11.29,7.2143,7.6917,7.1414,7.4862,66377351.0,748177819.0,0.6613973064,9.31452347,105.16097,9.98933702,112.779615,0.0664482045876554
CN,002245,2021-02-23,11.2,11.2,10.66,10.77,7.4265,7.4265,7.0684,7.1414,43634890.0,471877859.0,0.6613973064,9.31452347,100.317418,9.98933702,107.58516,0.04368146746139114
CN,002245,2021-02-24,10.67,10.88,10.5,10.68,7.0751,7.2143,6.9623,7.0817,26189582.0,279582439.0,0.6613973064,9.31452347,99.479111,9.98933702,106.686119,0.026217537708022987
CN,002245,2021-02-25,10.75,10.8,10.29,10.42,7.1281,7.1613,6.8231,6.9093,26812905.0,281636112.0,0.6613973064,9.31452347,97.057335,9.98933702,104.088892,0.02684152606556065
CN,002245,2021-02-26,10.23,10.33,10.05,10.15,6.7833,6.8496,6.6639,6.7303,21873232.0,222346628.0,0.6613973064,9.31452347,94.542413,9.98933702,101.391771,0.021896580279759145
CN,002245,2021-03-01,10.12,10.52,10.11,10.38,6.7104,6.9756,6.7036999999999995,6.8828,20904080.0,216357998.0,0.6613973064,9.31452347,96.684754,9.98933702,103.689318,0.020926393771826108
CN,002245,2021-03-02,10.42,10.47,10.12,10.25,6.9093,6.9424,6.7104,6.7966,18457612.0,190013946.0,0.6613973064,9.31452347,95.473866,9.98933702,102.390704,0.018477314323308312
CN,002245,2021-03-03,10.15,10.66,9.81,10.46,6.7303,7.0684,6.5048,6.9358,41420884.0,423693297.0,0.6613973064,9.31452347,97.429916,9.98933702,104.488465,0.04146509815122845
CN,002245,2021-03-04,10.73,10.83,10.36,10.37,7.1148,7.1812,6.8695,6.8761,32773976.0,347131273.0,0.6613973064,9.31452347,96.591608,9.98933702,103.589425,0.03280896012856717
CN,002245,2021-03-05,10.28,10.58,10.04,10.36,6.8165,7.0154,6.6573,6.8695,19236354.0,199569631.0,0.6613973064,9.31452347,96.498463,9.98933702,103.489532,0.019256887580713537
CN,002245,2021-03-08,10.49,10.51,10.1,10.12,6.9557,6.969,6.6971,6.7104,21071733.0,216264039.0,0.6613973064,9.68340171,97.996025,10.35821526,104.825138,0.020343015153751497
CN,002245,2021-03-09,9.99,9.99,9.31,9.31,6.6242,6.6242,6.1733,6.1733,30753956.0,297041573.0,0.6613973064,9.68986027,90.212599,10.35821526,96.434984,0.0296904005449294
CN,002245,2021-03-10,9.6,9.79,9.33,9.36,6.3656,6.4915,6.1865,6.2064,21424199.0,204441542.0,0.6613973064,9.68986027,90.697092,10.35821526,96.952895,0.020683291920697157
CN,002245,2021-03-11,9.35,10.28,9.26,10.1,6.1998,6.8165,6.1401,6.6971,41188401.0,407748161.0,0.6613973064,9.68986027,97.867589,10.35821526,104.617974,0.039763994053160855
CN,002245,2021-03-12,10.0,10.2,9.59,9.73,6.6308,6.7634,6.3589,6.4518,32612255.0,319293804.0,0.6613973064,9.68986027,94.28234,10.35821526,100.785434,0.031484434510583824
CN,002245,2021-03-15,9.76,10.18,9.73,9.89,6.4717,6.7501,6.4518,6.5579,27328673.0,271827964.0,0.6613973064,9.68986027,95.832718,10.35821526,102.442749,0.026383573148488517
CN,002245,2021-03-16,9.84,10.45,9.81,10.21,6.5247,6.9292,6.5048,6.77,34351109.0,348811767.0,0.6613973064,9.68986027,98.933473,10.35821526,105.757378,0.0331631542092513
CN,002245,2021-03-17,10.15,10.74,10.05,10.6,6.7303,7.1215,6.6639,7.0286,43596946.0,456868945.0,0.6613973064,9.68986027,102.712519,10.35821526,109.797082,0.04208924501536185
CN,002245,2021-03-18,10.59,10.68,10.43,10.6,7.022,7.0817,6.9159,7.0286,25326286.0,267586582.0,0.6613973064,9.68986027,102.712519,10.35821526,109.797082,0.024450434137820765
CN,002245,2021-03-19,10.42,10.65,10.22,10.54,6.9093,7.0618,6.7767,6.9889,22839138.0,238458704.0,0.6613973064,9.68986027,102.131127,10.35821526,109.175589,0.022049298481174835
CN,002245,2021-03-22,10.74,11.14,10.56,11.04,7.1215,7.3867,7.0021,7.3204,42816763.0,469510030.0,0.6613973064,9.68986027,106.976057,10.35821526,114.354696,0.04133604286574751
CN,002245,2021-03-23,11.05,11.09,10.62,10.97,7.327,7.3536,7.0419,7.274,30219831.0,328067359.0,0.6613973064,9.68986027,106.297767,10.35821526,113.629621,0.029174747040350654
CN,002245,2021-03-24,10.88,11.16,10.6,10.65,7.2143,7.4,7.0286,7.0618,23255046.0,252866238.0,0.6613973064,9.68986027,103.197012,10.35821526,110.314993,0.022450823251186226
CN,002245,2021-03-25,10.52,10.81,10.4,10.67,6.9756,7.1679,6.896,7.0751,17926489.0,190619440.0,0.6613973064,9.68986027,103.390809,10.35821526,110.522157,0.017306542246931445
CN,002245,2021-03-26,10.67,11.07,10.64,10.99,7.0751,7.3403,7.0552,7.2872,26580025.0,290242087.0,0.6613973064,9.68986027,106.491564,10.35821526,113.836786,0.025660815432793003
CN,002245,2021-03-29,11.0,11.09,10.77,10.79,7.2939,7.3536,7.1414,7.1546,20546153.0,223951178.0,0.6613973064,9.68986027,104.553592,10.35821526,111.765143,0.019835611139828735
CN,002245,2021-03-30,10.71,10.89,10.64,10.74,7.1016,7.2209,7.0552,7.1215,14473070.0,155496614.0,0.6613973064,9.68986027,104.069099,10.35821526,111.247232,0.01397255186990582
CN,002245,2021-03-31,10.7,11.42,10.55,11.19,7.095,7.5724,6.9955,7.4199,42387757.0,469420686.0,0.6613973064,9.68986027,108.429536,10.35821526,115.908429,0.04092187306020516
CN,002245,2021-04-01,11.2,11.65,11.14,11.35,7.4265,7.7249,7.3867,7.526,31652608.0,360923266.0,0.6613973064,9.68986027,109.979914,10.35821526,117.565743,0.030557974714265593
CN,002245,2021-04-02,11.38,11.79,11.28,11.58,7.5458,7.8177,7.4795,7.6785,32882656.0,380415300.0,0.6613973064,9.68986027,112.208582,10.35821526,119.948133,0.031745484308461844
CN,002245,2021-04-06,11.58,12.34,11.53,12.14,7.6785,8.1824,7.6453,8.0498,37366527.0,450310762.0,0.6613973064,9.68986027,117.634904,10.35821526,125.748733,0.036074290852302675
CN,002245,2021-04-07,12.1,12.25,11.74,11.99,8.0233,8.1227,7.7846,7.9503,30071347.0,360222647.0,0.6613973064,9.68986027,116.181425,10.35821526,124.195001,0.029031398020975284
CN,002245,2021-04-08,11.99,12.49,11.79,12.29,7.9503,8.2819,7.8177,8.1492,36050369.0,438165261.0,0.6613973064,9.68986027,119.088383,10.35821526,127.302466,0.034803649176141954
CN,002245,2021-04-09,12.22,12.5,12.11,12.33,8.1028,8.288499999999999,8.0299,8.1758,33829549.0,416776235.0,0.6613973064,9.68986027,119.475977,10.35821526,127.716794,0.03265963117279337
CN,002245,2021-04-12,12.7,12.79,11.61,11.7,8.4211,8.4808,7.6984,7.758,54472044.0,655328186.0,0.6613973064,9.68986027,113.371365,10.35821526,121.191119,0.0525882525441936
CN,002245,2021-04-13,11.88,12.23,11.51,11.81,7.8774,8.1095,7.632,7.8309999999999995,33864020.0,401696631.0,0.6613973064,9.68986027,114.43725,10.35821526,122.330522,0.032692910071845716
CN,002245,2021-04-14,11.84,12.45,11.82,12.28,7.8509,8.2553,7.8376,8.1426,37189251.0,454038228.0,0.6613973064,9.68986027,118.991484,10.35821526,127.198883,0.035903145538607004
CN,002245,2021-04-15,12.19,12.23,11.63,11.77,8.0829,8.1095,7.7116,7.8044,31484824.0,373127472.0,0.6613973064,9.68986027,114.049655,10.35821526,121.916194,0.030395993141389882
CN,002245,2021-04-16,11.67,11.77,11.14,11.49,7.7578,7.8243,7.4055,7.6381,34582090.0,397407213.0,0.6647606614,9.68986027,111.336495,10.35821526,119.015893,0.03338614725795919
CN,002245,2021-04-19,11.5,12.22,11.27,11.91,7.6448,8.1234,7.4919,7.9173,34407845.0,408821771.0,0.6647606614,9.68986027,115.406236,10.35821526,123.366344,0.03321792812403862
CN,002245,2021-04-20,11.8,12.05,11.66,11.77,7.8442,8.0104,7.7511,7.8243,24875090.0,294707731.0,0.6647606614,9.68986027,114.049655,10.35821526,121.916194,0.024014841722839422
CN,002245,2021-04-21,11.69,11.73,11.33,11.43,7.7711,7.7977,7.5318000000000005,7.5982,25386599.0,291486320.0,0.6647606614,9.68986027,110.755103,10.35821526,118.3944,0.02450866135021797
CN,002245,2021-04-22,11.44,11.84,11.4,11.52,7.6049,7.8708,7.5783000000000005,7.6581,28050234.0,325148784.0,0.6647606614,9.68986027,111.62719,10.35821526,119.32664,0.027080180606325804
CN,002245,2021-04-23,11.6,11.84,11.4,11.45,7.7112,7.8708,7.5783000000000005,7.6115,24896586.0,288628353.0,0.6647606614,9.68986027,110.9489,10.35821526,118.601565,0.024035594332686226
CN,002245,2021-04-26,11.46,11.87,11.27,11.68,7.6182,7.8907,7.4919,7.7644,40205447.0,466538483.0,0.6647606614,9.68986027,113.177568,10.35821526,120.983954,0.03881503327630208
CN,002245,2021-04-27,11.64,11.76,11.33,11.47,7.7378,7.8176,7.5318000000000005,7.6248000000000005,24983419.0,287452076.0,0.6647606614,9.68986027,111.142697,10.35821526,118.808729,0.024119424411344004
CN,002245,2021-04-28,11.49,12.39,11.42,12.26,7.6381,8.2364,7.5916,8.15,67857172.0,816451361.0,0.6647606614,9.68986027,118.797687,10.35821526,126.991719,0.06551048640786791
CN,002245,2021-04-29,12.41,12.57,11.87,12.29,8.2497,8.3561,7.8907,8.1699,59371478.0,729362371.0,0.6647606614,9.68986027,119.088383,10.35821526,127.302466,0.0573182507890843
CN,002245,2021-04-30,12.2,12.59,12.16,12.35,8.1101,8.3694,8.0835,8.2098,38693913.0,479992500.0,0.6647606614,9.68986027,119.669774,10.35821526,127.923958,0.03735577223368111
CN,002245,2021-05-06,12.35,13.18,12.26,13.0,8.2098,8.7616,8.15,8.6419,54957099.0,706176824.0,0.6647606614,9.68986027,125.968184,10.35821526,134.656798,0.05305653302285205
CN,002245,2021-05-07,12.99,13.21,12.62,12.76,8.6353,8.7815,8.3893,8.4824,43712714.0,563297459.0,0.6647606614,9.68986027,123.642617,10.35821526,132.170827,0.04220100944301094
CN,002245,2021-05-10,12.85,14.04,12.82,14.04,8.5422,9.3333,8.5223,9.3333,83244399.0,1142301685.0,0.6647606614,9.68986027,136.045638,10.35821526,145.429342,0.08036558124203338
CN,002245,2021-05-11,14.0,14.25,13.01,13.54,9.3067,9.4729,8.6486,9.0009,75343151.0,1021135261.0,0.6647606614,9.68986027,131.200708,10.35821526,140.250235,0.07273757989076586
CN,002245,2021-05-12,13.54,14.05,13.37,13.6,9.0009,9.3399,8.8879,9.0408,43923662.0,599566955.0,0.6647606614,9.68986027,131.7821,10.35821526,140.871728,0.04240466228735239
CN,002245,2021-05-13,13.24,13.67,13.01,13.39,8.8015,9.0873,8.6486,8.9012,34033790.0,454354851.0,0.6647606614,9.68986027,129.747229,10.35821526,138.696502,0.032856808963439135
CN,002245,2021-05-14,13.59,14.05,13.3,13.88,9.0341,9.3399,8.8413,9.2269,43930114.0,603809979.0,0.6647606614,9.68986027,134.495261,10.35821526,143.772028,0.04241089115964172
CN,002245,2021-05-17,13.93,13.94,13.49,13.75,9.2601,9.2668,8.967600000000001,9.1405,39027733.0,533823131.0,0.6647606614,9.68986027,133.235579,10.35821526,142.42546,0.03767804783002743
CN,002245,2021-05-18,13.75,14.98,13.58,14.41,9.1405,9.9581,9.0275,9.5792,53265536.0,769428697.0,0.6647606614,9.68986027,139.630886,10.35821526,149.261882,0.05142346887276409
CN,002245,2021-05-19,14.31,14.85,14.15,14.78,9.5128,9.8717,9.4064,9.8252,45232290.0,658006714.0,0.6647606614,9.68986027,143.216135,10.35821526,153.094422,0.04366803437139614
CN,002245,2021-05-20,14.6,14.72,14.3,14.42,9.7055,9.7853,9.5061,9.5859,28959597.0,419231212.0,0.6647606614,9.68986027,139.727785,10.35821526,149.365464,0.02795809536014605
CN,002245,2021-05-21,14.54,14.54,13.33,13.49,9.6656,9.6656,8.8613,8.967600000000001,61586840.0,846137187.0,0.6647606614,9.68986027,130.716215,10.35821526,139.732324,0.05945699954491967
CN,002245,2021-05-24,13.31,13.85,13.23,13.42,8.848,9.207,8.7948,8.9211,32001834.0,431282187.0,0.6647606614,9.68986027,130.037925,10.35821526,139.007249,0.030895123529224668
CN,002245,2021-05-25,13.38,13.4,12.84,13.27,8.8945,8.9078,8.5356,8.8214,37716371.0,494150919.0,0.6647606614,9.68986027,128.584446,10.35821526,137.453517,0.03641203629514068
CN,002245,2021-05-26,13.27,13.65,13.2,13.4,8.8214,9.074,8.7749,8.9078,28835609.0,386872328.0,0.6647606614,9.68986027,129.844128,10.35821526,138.800084,0.027838395202456914
CN,002245,2021-05-27,13.38,13.85,13.3,13.79,8.8945,9.207,8.8413,9.1671,37075775.0,507441302.0,0.6647606614,9.68986027,133.623173,10.35821526,142.839788,0.03579359384736324
CN,002245,2021-05-28,13.88,14.68,13.72,14.25,9.2269,9.7587,9.1205,9.4729,51674206.0,743133492.0,0.6647606614,9.68986027,138.080509,10.35821526,147.604567,0.04988717139288337
CN,002245,2021-05-31,14.14,14.92,14.11,14.89,9.3997,9.9183,9.3798,9.8983,51505044.0,754089960.0,0.6647606614,9.68986027,144.282019,10.35821526,154.233825,0.04972385947499608
CN,002245,2021-06-01,14.82,14.82,14.2,14.34,9.8518,9.8518,9.4396,9.5327,43049019.0,619185252.0,0.6647606614,9.68986027,138.952596,10.35821526,148.536807,0.04156026682148716
CN,002245,2021-06-02,14.33,14.69,13.88,14.03,9.526,9.7654,9.2269,9.3266,36623257.0,522318149.0,0.6647606614,9.68986027,135.94874,10.35821526,145.32576,0.03535672515073798
CN,002245,2021-06-03,13.92,14.24,13.71,13.93,9.2535,9.4662,9.1139,9.2601,25907834.0,362703999.0,0.6647606614,9.68986027,134.979754,10.35821526,144.289939,0.025011870626059956
CN,002245,2021-06-04,13.87,14.25,13.67,14.2,9.2203,9.4729,9.0873,9.4396,36291759.0,510736806.0,0.6647606614,9.68986027,137.596016,10.35821526,147.086657,0.03503669125331539
CN,002245,2021-06-07,14.1,14.18,13.65,13.96,9.3732,9.4263,9.074,9.280100000000001,29519400.0,409526042.0,0.6647606614,9.68986027,135.270449,10.35821526,144.600685,0.02849853884963576
CN,002245,2021-06-08,13.84,14.43,13.54,13.84,9.2003,9.5925,9.0009,9.2003,32245350.0,449051003.0,0.6647606614,9.68986027,134.107666,10.35821526,143.357699,0.031130218083534982
CN,002245,2021-06-09,13.81,14.75,13.65,14.56,9.1804,9.8052,9.074,9.6789,51118888.0,731251290.0,0.6647606614,9.68986027,141.084366,10.35821526,150.815614,0.049351057799893606
CN,002245,2021-06-10,14.48,15.69,14.31,15.56,9.6258,10.4301,9.5128,10.3437,79819905.0,1211906874.0,0.6647606614,9.68986027,150.774226,10.35821526,161.173829,0.07705951555982628
CN,002245,2021-06-11,15.48,15.78,15.18,15.44,10.2905,10.49,10.0911,10.2639,49019744.0,758508239.0,0.6647606614,9.68986027,149.611443,10.35821526,159.930844,0.04732450790948324
CN,002245,2021-06-15,15.44,15.55,14.95,15.34,10.2639,10.3371,9.9382,10.1975,31539558.0,481624615.0,0.6647606614,9.68986027,148.642457,10.35821526,158.895022,0.030448834290783024
CN,002245,2021-06-16,15.28,15.55,14.61,14.72,10.1576,10.3371,9.7122,9.7853,40843356.0,610977917.0,0.6647606614,9.68986027,142.634743,10.35821526,152.472929,0.039430881647848665
CN,002245,2021-06-17,14.76,15.38,14.65,15.29,9.8119,10.224,9.7388,10.1642,30433986.0,457920247.0,0.6647606614,9.68986027,148.157964,10.35821526,158.377111,0.029381495977908456
CN,002245,2021-06-18,15.29,16.5,15.11,16.35,10.1642,10.9686,10.0446,10.8689,57260125.0,919774026.0,0.6647606614,9.68986027,158.429215,10.35821526,169.35682,0.055279914119104726
CN,002245,2021-06-21,16.87,17.98,16.22,17.68,11.2145,11.9524,10.782399999999999,11.753,76862082.0,1338378171.0,0.6647606614,9.68986027,171.31673,10.35821526,183.133246,0.07420398212500558
CN,002245,2021-06-22,17.7,17.92,17.14,17.69,11.7663,11.9125,11.394,11.7596,45303319.0,796789821.0,0.6647606614,9.68986027,171.413628,10.35821526,183.236828,0.043736606995363796
CN,002245,2021-06-23,17.88,19.15,17.45,19.07,11.886,12.7302,11.6001,12.677,69460984.0,1278002838.0,0.6647606614,9.68986027,184.785635,10.35821526,197.531165,0.06705883422623522
CN,002245,2021-06-24,18.88,19.07,18.33,19.0,12.550699999999999,12.677,12.1851,12.6305,47444206.0,890637964.0,0.6647606614,9.68986027,184.107345,10.35821526,196.80609,0.04580345629928529
CN,002245,2021-06-25,19.16,20.09,18.55,18.8,12.7369,13.3551,12.3313,12.4975,66631518.0,1279882623.0,0.6647606614,9.68986027,182.169373,10.35821526,194.734447,0.06432721885719915
CN,002245,2021-06-28,18.56,19.68,18.56,19.53,12.338,13.0825,12.338,12.9828,58565898.0,1134156267.0,0.6647606614,9.68986027,189.242971,10.35821526,202.295944,0.05654052993681462
CN,002245,2021-06-29,19.69,20.15,19.3,19.64,13.0892,13.395,12.8299,13.0559,49562964.0,978036864.0,0.6647606614,9.68986027,190.308856,10.35821526,203.435348,0.047848941884221854
CN,002245,2021-06-30,19.93,20.35,19.5,19.7,13.2487,13.5279,12.9629,13.0958,39637556.0,786049902.0,0.6647606614,9.68986027,190.890247,10.35821526,204.056841,0.03826678149185326
CN,002245,2021-07-01,19.5,19.88,18.97,19.37,12.9629,13.2155,12.6105,12.8765,38176748.0,743214902.0,0.6647606614,9.68986027,187.692593,10.35821526,200.63863,0.036856492206167955
CN,002245,2021-07-02,19.63,20.98,19.21,20.64,13.0493,13.9467,12.7701,13.7207,65199622.0,1320898566.0,0.6647606614,9.68986027,199.998716,10.35821526,213.793563,0.06294484171590772
CN,002245,2021-07-05,20.67,22.7,20.67,22.7,13.7406,15.0901,13.7406,15.0901,67713069.0,1491734189.0,0.6647606614,9.68986027,219.959828,10.35821526,235.131486,0.0653713668815954
CN,002245,2021-07-06,22.71,22.88,20.55,21.34,15.0968,15.2098,13.6609,14.186,78540749.0,1703972770.0,0.6647606614,9.68986027,206.781618,10.35821526,221.044314,0.0758245962538531
CN,002245,2021-07-07,21.32,22.39,21.12,21.88,14.1727,14.884,14.0398,14.545,60138948.0,1315532900.0,0.6647606614,9.68986027,212.014143,10.35821526,226.63775,0.0580591795888204
CN,002245,2021-07-08,22.0,23.25,21.59,22.33,14.6248,15.4557,14.3522,14.8441,45817981.0,1032557174.0,0.6647606614,9.68986027,216.37458,10.35821526,231.298947,0.04423347058342558
CN,002245,2021-07-09,22.01,23.1,21.24,22.61,14.6314,15.356,14.1196,15.0303,49958131.0,1112041973.0,0.6647606614,9.68986027,219.087741,10.35821526,234.199247,0.0482304429344327
CN,002245,2021-07-12,22.62,23.79,22.21,23.32,15.0369,15.8147,14.7644,15.5023,58311355.0,1347343510.0,0.6647606614,9.68986027,225.967542,10.35821526,241.55358,0.05629478972615983
CN,002245,2021-07-13,22.94,23.49,22.32,22.71,15.2497,15.6153,14.8375,15.0968,41030362.0,934104177.0,0.6647606614,9.68986027,220.056727,10.35821526,235.235069,0.03961142047167689
CN,002245,2021-07-14,22.5,22.7,21.62,21.7,14.9572,15.0901,14.3722,14.4253,40549165.0,896119992.0,0.6647606614,9.68986027,210.269968,10.35821526,224.773271,0.03914686457288396
CN,002245,2021-07-15,22.17,22.19,20.5,21.34,14.7378,14.7511,13.6276,14.186,50943404.0,1080361760.0,0.6647606614,9.68986027,206.781618,10.35821526,221.044314,0.049181642513963356
CN,002245,2021-07-16,21.13,22.9,21.13,22.05,14.0464,15.2231,14.0464,14.658,48592390.0,1083878218.0,0.6647606614,9.68986027,213.661419,10.35821526,228.398646,0.046911932973287135
CN,002245,2021-07-19,22.09,23.79,22.09,22.54,14.6846,15.8147,14.6846,14.9837,42010648.0,963364469.0,0.6647606614,9.68986027,218.40945,10.35821526,233.474172,0.040557805515233136
CN,002245,2021-07-20,22.43,23.33,22.02,22.72,14.9106,15.5089,14.6381,15.1034,30375761.0,691889051.0,0.6647606614,9.68986027,220.153625,10.35821526,235.338651,0.029325284556791495
CN,002245,2021-07-21,23.1,24.89,22.75,24.75,15.356,16.5459,15.1233,16.4529,50165616.0,1206436586.0,0.6647606614,9.68986027,239.824042,10.35821526,256.365828,0.04843075253873417
CN,002245,2021-07-22,24.75,25.22,24.0,24.32,16.4529,16.7653,15.9543,16.167,36618315.0,894265458.0,0.6647606614,9.68986027,235.657402,10.35821526,251.911795,0.03535195405854116
CN,002245,2021-07-23,24.3,24.32,23.0,24.05,16.1537,16.167,15.2895,15.9875,35580917.0,846513947.0,0.6647606614,9.68986027,233.041139,10.35821526,249.115077,0.03435043210330039
CN,002245,2021-07-26,23.84,25.46,23.61,25.46,15.8479,16.9249,15.695,16.9249,49238497.0,1220536154.0,0.6647606614,9.68986027,246.703842,10.35821526,263.720161,0.04753569583569361
CN,002245,2021-07-27,25.46,25.71,22.91,22.94,16.9249,17.091,15.2297,15.2497,51324405.0,1250945518.0,0.6647606614,9.68986027,222.285395,10.35821526,237.617458,0.049549467462988404
CN,002245,2021-07-28,22.01,23.32,21.5,22.44,14.6314,15.5023,14.2924,14.917300000000001,36274315.0,813314716.0,0.6647606614,9.68986027,217.440464,10.35821526,232.43835,0.035019850514286376
CN,002245,2021-07-29,23.15,24.16,22.91,24.04,15.3893,16.0607,15.2297,15.9809,30262345.0,715040749.0,0.6647606614,9.68986027,232.944241,10.35821526,249.011495,0.029215790790584516
CN,002245,2021-07-30,23.99,24.51,23.27,23.87,15.9477,16.2933,15.469,15.8679,35177511.0,838786727.0,0.6647606614,9.68986027,231.296965,10.35821526,247.250598,0.03396097698012119
CN,002245,2021-08-02,23.62,24.72,22.7,23.05,15.7017,16.4329,15.0901,15.3228,41276704.0,969174404.0,0.6647606614,9.68986027,223.351279,10.35821526,238.756862,0.03984924329521995
CN,002245,2021-08-03,22.7,22.7,20.98,21.4,15.0901,15.0901,13.9467,14.2259,43428009.0,942666578.0,0.6647606614,9.68986027,207.36301,10.35821526,221.665807,0.041926150316362515
CN,002245,2021-08-04,21.4,22.82,21.4,22.7,14.2259,15.1699,14.2259,15.0901,46280460.0,1032772586.0,0.6647606614,9.68986027,219.959828,10.35821526,235.131486,0.04467995580157503
CN,002245,2021-08-05,22.71,22.71,22.0,22.33,15.0968,15.0968,14.6248,14.8441,22345644.0,498407936.0,0.6647606614,9.68986027,216.37458,10.35821526,231.298947,0.021572870846092072
CN,002245,2021-08-06,22.57,22.98,21.6,22.32,15.0037,15.2762,14.3589,14.8375,37504558.0,837307249.0,0.6647606614,9.68986027,216.277681,10.35821526,231.195365,0.03620754836485219
CN,002245,2021-08-09,22.29,22.5,21.09,22.27,14.8176,14.9572,14.0198,14.8043,30334689.0,660825935.0,0.6647606614,9.68986027,215.793188,10.35821526,230.677454,0.02928563293827512
CN,002245,2021-08-10,22.25,22.6,21.81,22.36,14.791,15.0236,14.4985,14.8641,25452367.0,564012286.0,0.6647606614,9.68986027,216.665276,10.35821526,231.609693,0.024572154913876543
CN,002245,2021-08-11,22.12,22.35,21.09,21.88,14.7045,14.8574,14.0198,14.545,34193007.0,742153367.0,0.6647606614,9.68986027,212.014143,10.35821526,226.63775,0.033010519806478705
CN,002245,2021-08-12,22.3,24.07,22.15,24.07,14.8242,16.0008,14.7245,16.0008,56470957.0,1332312204.0,0.6647606614,9.68986027,233.234937,10.35821526,249.322241,0.054518037695231295
CN,002245,2021-08-13,24.33,24.68,22.97,23.94,16.1737,16.4063,15.2696,15.9144,52310928.0,1249929262.0,0.6647606614,9.68986027,231.975255,10.35821526,247.975673,0.050501873814118824
CN,002245,2021-08-16,23.84,23.9,22.22,22.53,15.8479,15.8878,14.771,14.9771,39489640.0,899252153.0,0.6647606614,9.68986027,218.312552,10.35821526,233.37059,0.03812398082949282
CN,002245,2021-08-17,22.79,23.58,21.9,22.17,15.1499,15.6751,14.5583,14.7378,35270465.0,803762046.0,0.6647606614,9.68986027,214.824202,10.35821526,229.641632,0.03405071637794869
CN,002245,2021-08-18,22.41,22.8,21.92,22.46,14.8973,15.1566,14.5716,14.9306,21031166.0,470239812.0,0.6647606614,9.68986027,217.634262,10.35821526,232.645515,0.02030385107096143
CN,002245,2021-08-19,22.13,24.07,21.95,23.79,14.7112,16.0008,14.5915,15.8147,33002433.0,764835987.0,0.6647606614,9.68986027,230.521776,10.35821526,246.421941,0.031861119093985694
CN,002245,2021-08-20,23.5,24.6,22.91,24.0,15.6219,16.3532,15.2297,15.9543,34304473.0,815712471.0,0.6647606614,9.68986027,232.556646,10.35821526,248.597166,0.033118131008990054
CN,002245,2021-08-23,24.0,25.12,23.5,24.45,15.9543,16.6988,15.6219,16.2534,39835391.0,973575487.0,0.6647606614,9.68986027,236.917084,10.35821526,253.258363,0.03845777481940455
CN,002245,2021-08-24,24.39,25.64,24.0,25.5,16.2136,17.0445,15.9543,16.9514,55217638.0,1379493340.0,0.6647606614,9.68986027,247.091437,10.35821526,264.134489,0.05330806187551657
CN,002245,2021-08-25,25.49,25.6,24.39,25.51,16.9448,17.0179,16.2136,16.9581,44919666.0,1129366070.0,0.6647606614,9.68986027,247.188335,10.35821526,264.238071,0.043366221759712685
CN,002245,2021-08-26,25.44,26.14,24.23,24.41,16.9116,17.3769,16.1072,16.2269,51862529.0,1298491037.0,0.6647606614,9.68986027,236.529489,10.35821526,252.844035,0.05006898167126911
CN,002245,2021-08-27,24.5,25.35,23.96,24.32,16.2867,16.8517,15.9277,16.167,38285655.0,932785420.0,0.6647606614,9.68986027,235.657402,10.35821526,251.911795,0.03696163290586027
CN,002245,2021-08-30,24.0,24.3,23.6,23.8,15.9543,16.1537,15.6884,15.8213,38330625.0,914779905.0,0.6647606614,9.68986027,230.618674,10.35821526,246.525523,0.03700504772093335
CN,002245,2021-08-31,23.7,23.7,22.5,22.82,15.7549,15.7549,14.9572,15.1699,37533202.0,856760828.0,0.6647606614,9.68986027,221.122611,10.35821526,236.374472,0.03623520177741508
CN,002245,2021-09-01,22.92,23.18,21.07,22.0,15.2364,15.4092,14.0065,14.6248,43921760.0,963369341.0,0.6647606614,9.68986027,213.176926,10.35821526,227.880736,0.042402826063686186
CN,002245,2021-09-02,21.61,22.85,21.61,22.66,14.3655,15.1898,14.3655,15.0635,40408429.0,899808730.0,0.6647606614,9.68986027,219.572234,10.35821526,234.717158,0.03901099560659256
CN,002245,2021-09-03,23.02,24.2,23.02,23.6,15.3028,16.0873,15.3028,15.6884,56339044.0,1331797995.0,0.6647606614,9.68986027,228.680702,10.35821526,244.45388,0.05439068660559966
CN,002245,2021-09-06,23.25,23.41,21.7,22.55,15.4557,15.562100000000001,14.4253,14.9904,32914100.0,739674739.0,0.6647606614,9.68986027,218.506349,10.35821526,233.577754,0.0317758408894082
CN,002245,2021-09-07,22.5,24.23,22.16,23.33,14.9572,16.1072,14.7311,15.5089,40957599.0,952880083.0,0.6647606614,9.68986027,226.06444,10.35821526,241.657162,0.03954117381414605
CN,002245,2021-09-08,23.32,23.5,22.51,22.55,15.5023,15.6219,14.963799999999999,14.9904,28368890.0,651219265.0,0.6647606614,9.68986027,218.506349,10.35821526,233.577754,0.027387816615041072
CN,002245,2021-09-09,22.55,23.0,22.06,22.45,14.9904,15.2895,14.6647,14.9239,21293856.0,476811523.0,0.6647606614,9.68986027,217.537363,10.35821526,232.541933,0.020557456536194826
CN,002245,2021-09-10,22.33,22.73,21.8,21.92,14.8441,15.1101,14.4918,14.5716,33493918.0,743176885.0,0.6647606614,9.68986027,212.401737,10.35821526,227.052079,0.03233560720575332
CN,002245,2021-09-13,22.01,22.13,21.09,21.57,14.6314,14.7112,14.0198,14.3389,30323816.0,653744235.0,0.6647606614,9.68986027,209.010286,10.35821526,223.426703,0.02927513595619174
CN,002245,2021-09-14,21.49,23.05,21.12,22.54,14.2857,15.3228,14.0398,14.9837,42657145.0,953568373.0,0.6647606614,9.68986027,218.40945,10.35821526,233.474172,0.041181944890378734
CN,002245,2021-09-15,22.62,22.75,21.42,22.13,15.0369,15.1233,14.2392,14.7112,31719859.0,697232435.0,0.6647606614,9.68986027,214.436608,10.35821526,229.227304,0.03062289999175012
CN,002245,2021-09-16,21.92,22.11,20.12,20.31,14.5716,14.6979,13.375,13.5013,41486497.0,870206279.0,0.6647606614,9.68986027,196.801062,10.35821526,210.375352,0.04005178108260322
CN,002245,2021-09-17,20.23,21.38,20.21,20.99,13.4481,14.2126,13.4349,13.9534,24823627.0,517049721.0,0.6647606614,9.68986027,203.390167,10.35821526,217.418938,0.023965158453368537
CN,002245,2021-09-22,20.35,21.49,20.29,21.07,13.5279,14.2857,13.488,14.0065,16501206.0,345896285.0,0.6647606614,9.68986027,204.165356,10.35821526,218.247596,0.01593054941011141
CN,002245,2021-09-23,21.11,21.23,20.91,21.02,14.0331,14.1129,13.9002,13.9733,15087299.0,317297242.0,0.6647606614,9.68986027,203.680863,10.35821526,217.729685,0.014565539160266495
CN,002245,2021-09-24,20.81,21.28,20.35,20.48,13.8337,14.1461,13.5279,13.6143,17125785.0,355023981.0,0.6647606614,9.68986027,198.448338,10.35821526,212.136249,0.016533528769318122
CN,002245,2021-09-27,20.22,20.85,19.84,20.44,13.4415,13.8603,13.1889,13.5877,18700411.0,382120295.0,0.6647606614,9.68986027,198.060744,10.35821526,211.72192,0.01805369991895689
CN,002245,2021-09-28,20.3,21.15,20.09,20.6,13.4947,14.0597,13.3551,13.6941,17253630.0,358008234.0,0.6647606614,9.68986027,199.611122,10.35821526,213.379234,0.016656952541455487
CN,002245,2021-09-29,20.4,20.58,19.5,19.9,13.5612,13.6808,12.9629,13.2288,16686468.0,333805308.0,0.6647606614,9.68986027,192.828219,10.35821526,206.128484,0.01610940454620365
CN,002245,2021-09-30,19.97,21.35,19.97,20.92,13.2753,14.1927,13.2753,13.9068,18881169.0,392155913.0,0.6647606614,9.68986027,202.711877,10.35821526,216.693863,0.01822820681562086
CN,002245,2021-10-08,21.17,21.29,19.5,19.89,14.073,14.1528,12.9629,13.2221,24807462.0,498226709.0,0.6647606614,9.68986027,192.731321,10.35821526,206.024902,0.023949552483040405
CN,002245,2021-10-11,19.96,20.92,19.48,20.21,13.2687,13.9068,12.9496,13.4349,22433385.0,453310650.0,0.6647606614,9.68986027,195.832076,10.35821526,209.33953,0.021657577523639917
CN,002245,2021-10-12,20.08,20.22,19.08,19.42,13.3484,13.4415,12.6837,12.9097,21230087.0,416060460.0,0.6647606614,9.68986027,188.177086,10.35821526,201.15654,0.020495892841678597
CN,002245,2021-10-13,19.36,20.13,19.32,19.98,12.8698,13.3817,12.8432,13.282,18071814.0,357968818.0,0.6647606614,9.68986027,193.603408,10.35821526,206.957141,0.017446841513119895
CN,002245,2021-10-14,19.95,20.18,19.75,19.91,13.262,13.4149,13.1291,13.2354,9978953.0,198846711.0,0.6647606614,9.68986027,192.925118,10.35821526,206.232066,0.009633853660616047
CN,002245,2021-10-15,19.82,20.94,19.68,20.78,13.1756,13.9201,13.0825,13.8138,23798851.0,490526365.0,0.6647606614,9.68986027,201.355296,10.35821526,215.243713,0.022975821995033535
CN,002245,2021-10-18,20.88,21.41,20.55,21.32,13.8802,14.2326,13.6609,14.1727,20102981.0,425907396.0,0.6647606614,9.68986027,206.587821,10.35821526,220.837149,0.01940776523310059
CN,002245,2021-10-19,21.47,22.7,21.4,21.86,14.2725,15.0901,14.2259,14.5317,29093856.0,641797047.0,0.6647606614,9.68986027,211.820346,10.35821526,226.430586,0.028087711318716117
CN,002245,2021-10-20,21.79,22.83,21.58,22.13,14.4852,15.1765,14.3456,14.7112,25021469.0,557903263.0,0.6647606614,9.68986027,214.436608,10.35821526,229.227304,0.024156158538840792
CN,002245,2021-10-21,22.02,22.84,21.9,22.5,14.6381,15.1832,14.5583,14.9572,34738219.0,782525039.0,0.6647606614,9.68986027,218.021856,10.35821526,233.059843,0.033536876892438706
CN,002245,2021-10-22,22.5,22.5,21.27,21.31,14.9572,14.9572,14.1395,14.1661,26019518.0,564778856.0,0.6647606614,9.68986027,206.490922,10.35821526,220.733567,0.025119692289538306
CN,002245,2021-10-25,21.5,22.49,21.23,22.29,14.2924,14.9505,14.1129,14.8176,23186103.0,512424298.0,0.6647606614,9.68986027,215.986985,10.35821526,230.884618,0.022384264487664257
CN,002245,2021-10-26,22.29,23.75,21.65,22.45,14.8176,15.7881,14.3921,14.9239,39047886.0,882725901.0,0.6647606614,9.68986027,217.537363,10.35821526,232.541933,0.03769750388446745
CN,002245,2021-10-27,22.3,22.68,21.9,22.45,14.8242,15.0768,14.5583,14.9239,24267185.0,543799014.0,0.6647606614,9.68986027,217.537363,10.35821526,232.541933,0.02342795973135627
CN,002245,2021-10-28,22.36,22.5,21.74,21.94,14.8641,14.9572,14.4519,14.5849,23317474.0,516212578.0,0.6647606614,9.68986027,212.595534,10.35821526,227.259243,0.022511092321130233
CN,002245,2021-10-29,21.9,22.21,20.9,21.72,14.5583,14.7644,13.8935,14.4386,35635167.0,760898964.0,0.6647606614,9.68986027,210.463765,10.35821526,224.980435,0.034402805990730104
CN,002245,2021-11-01,21.93,23.75,21.6,23.35,14.5782,15.7881,14.3589,15.5222,78895600.0,1815919531.0,0.6647606614,9.68986027,226.258237,10.35821526,241.864326,0.0761671755410111
CN,002245,2021-11-02,23.7,25.69,23.6,24.94,15.7549,17.0778,15.6884,16.5792,94872478.0,2377757010.0,0.6647606614,9.68986027,241.665115,10.35821526,258.333889,0.09159152963963407
CN,002245,2021-11-03,25.09,25.12,23.9,24.79,16.6789,16.6988,15.8878,16.4795,52342575.0,1282977489.0,0.6647606614,9.68986027,240.211636,10.35821526,256.780156,0.05053242637477298
CN,002245,2021-11-04,24.75,25.79,24.26,25.42,16.4529,17.1442,16.1271,16.8983,41087734.0,1033822623.0,0.6647606614,9.68986027,246.316248,10.35821526,263.305832,0.03966680839185418
CN,002245,2021-11-05,25.63,25.65,24.0,24.17,17.0379,17.0512,15.9543,16.0673,30374949.0,746585649.0,0.6647606614,9.68986027,234.203923,10.35821526,250.358063,0.02932450063796029
CN,002245,2021-11-08,24.32,26.59,23.92,26.59,16.167,17.676,15.9011,17.676,72548506.0,1890044094.0,0.6647606614,9.68986027,257.653385,10.35821526,275.424944,0.07003958131683005
CN,002245,2021-11-09,26.37,27.55,26.0,26.93,17.5298,18.3142,17.2838,17.9021,60269497.0,1619245300.0,0.6647606614,9.68986027,260.947937,10.35821526,278.946737,0.05818521384928237
CN,002245,2021-11-10,27.27,27.27,25.0,26.05,18.1281,18.1281,16.6191,17.3171,51721532.0,1335829337.0,0.6647606614,9.68986027,252.42086,10.35821526,269.831508,0.04993286073106768
CN,002245,2021-11-11,25.97,26.01,25.23,25.51,17.2639,17.2905,16.772,16.9581,24258237.0,621053395.0,0.6647606614,9.68986027,247.188335,10.35821526,264.238071,0.023419321177536524
CN,002245,2021-11-12,25.75,27.72,25.5,27.27,17.1176,18.4272,16.9514,18.1281,38101457.0,1011001303.0,0.6647606614,9.68986027,264.24249,10.35821526,282.46853,0.03678380497375375
CN,002245,2021-11-15,26.9,26.9,24.88,25.57,17.8821,17.8821,16.5393,16.998,36655165.0,946560829.0,0.6647606614,9.68986027,247.769727,10.35821526,264.859564,0.03538752968530218
CN,002245,2021-11-16,25.57,25.88,24.45,24.71,16.998,17.2041,16.2534,16.4263,27080584.0,679735150.0,0.6647606614,9.68986027,239.436447,10.35821526,255.951499,0.02614406374095763
CN,002245,2021-11-17,24.79,26.57,24.62,26.3,16.4795,17.6627,16.3665,17.4833,31847785.0,818047289.0,0.6647606614,9.68986027,254.843325,10.35821526,272.421061,0.030746401962687152
CN,002245,2021-11-18,26.15,26.84,25.17,26.3,17.3835,17.8422,16.7321,17.4833,27696262.0,719868256.0,0.6647606614,9.68986027,254.843325,10.35821526,272.421061,0.02673844992095675
CN,002245,2021-11-19,26.4,28.35,26.11,27.94,17.5497,18.846,17.357,18.5735,40247635.0,1122042439.0,0.6647606614,9.68986027,270.734696,10.35821526,289.408534,0.03885576230050272
CN,002245,2021-11-22,28.79,30.73,27.7,30.73,19.1385,20.4282,18.4139,20.4282,66452578.0,2004227849.0,0.6647606614,9.68986027,297.769406,10.35821526,318.307955,0.06415446708914987
CN,002245,2021-11-23,30.73,31.13,29.75,30.1,20.4282,20.6941,19.776699999999998,20.0094,53745058.0,1634087791.0,0.6647606614,9.68986027,291.664794,10.35821526,311.782279,0.051886407697613345
CN,002245,2021-11-24,30.15,30.65,29.52,30.23,20.0426,20.375,19.6238,20.0958,32257829.0,971588804.0,0.6647606614,9.68986027,292.924476,10.35821526,313.128847,0.031142265525769736
CN,002245,2021-11-25,29.87,30.19,28.36,29.58,19.8565,20.0692,18.8527,19.6637,32500372.0,951128336.0,0.6647606614,9.68986027,286.626067,10.35821526,306.396007,0.031376420729066795
CN,002245,2021-11-26,29.66,30.7,29.4,29.68,19.7169,20.4082,19.544,19.7302,24613147.0,740397172.0,0.6647606614,9.68986027,287.595053,10.35821526,307.431829,0.023761957424314042
CN,002245,2021-11-29,28.77,32.59,28.77,32.08,19.1252,21.6646,19.1252,21.3256,47464975.0,1493048286.0,0.6647606614,9.68986027,310.850717,10.35821526,332.291546,0.04582350705076967
CN,002245,2021-11-30,32.09,33.35,31.1,33.01,21.3322,22.1698,20.6741,21.9438,36003229.0,1167402786.0,0.6647606614,9.68986027,319.862288,10.35821526,341.924686,0.03475813940557169
CN,002245,2021-12-01,32.9,33.7,31.69,31.86,21.8707,22.4025,21.0663,21.1793,25660750.0,833855592.0,0.6647606614,9.68986027,308.718948,10.35821526,330.012738,0.02477333146289528
CN,002245,2021-12-02,32.05,32.17,30.03,31.5,21.3056,21.3854,19.9628,20.94,27716186.0,863078392.0,0.6647606614,9.68986027,305.230599,10.35821526,326.283781,0.026757684894839692
CN,002245,2021-12-03,31.35,31.5,30.67,30.93,20.8403,20.94,20.3883,20.5611,16253128.0,504491536.0,0.6647606614,9.68986027,299.707378,10.35821526,320.379598,0.0156910506221706
CN,002245,2021-12-06,30.46,30.8,29.1,29.45,20.2487,20.4747,19.3446,19.5773,34106100.0,1006964111.0,0.6647606614,9.68986027,285.366385,10.35821526,305.049439,0.032926618286942225
CN,002245,2021-12-07,29.3,29.6,27.6,28.04,19.4775,19.677,18.3474,18.6399,34504215.0,974354659.0,0.6647606614,9.68986027,271.703682,10.35821526,290.444356,0.03331096538729395
CN,002245,2021-12-08,28.48,28.85,27.77,28.3,18.9324,19.1784,18.4605,18.8128,27503369.0,778608946.0,0.6647606614,9.68986027,274.223046,10.35821526,293.137492,0.026552227685602278
CN,002245,2021-12-09,28.18,28.77,27.82,28.22,18.733,19.1252,18.4937,18.7596,19343162.0,546771588.0,0.6647606614,9.68986027,273.447857,10.35821526,292.308835,0.018674222840972317
CN,002245,2021-12-10,27.92,29.56,27.83,29.37,18.560200000000002,19.6504,18.5003,19.5241,29972925.0,866417475.0,0.6647606614,9.68986027,284.591196,10.35821526,304.220782,0.028936379721461784
CN,002245,2021-12-13,29.3,29.49,28.13,29.12,19.4775,19.6038,18.6998,19.3579,18618247.0,536991927.0,0.6647606614,9.68986027,282.168731,10.35821526,301.631228,0.017974377373578543
CN,002245,2021-12-14,29.34,29.85,28.0,28.04,19.5041,19.8432,18.6134,18.6399,23880823.0,683503715.0,0.6647606614,9.68986027,271.703682,10.35821526,290.444356,0.023054959180294154
CN,002245,2021-12-15,28.05,29.09,28.04,28.56,18.6466,19.3379,18.6399,18.9856,18767133.0,536281490.0,0.6647606614,9.68986027,276.742409,10.35821526,295.830628,0.018118114490700398
CN,002245,2021-12-16,28.78,29.85,28.61,29.3,19.1319,19.8432,19.0189,19.4775,19305390.0,564917360.0,0.6647606614,9.68986027,283.912906,10.35821526,303.495707,0.01863775709947932
CN,002245,2021-12-17,29.19,29.19,28.1,28.22,19.4044,19.4044,18.6798,18.7596,16804499.0,478938085.0,0.6647606614,9.68986027,273.447857,10.35821526,292.308835,0.016223353713156953
CN,002245,2021-12-20,28.02,28.8,26.34,26.61,18.6266,19.1452,17.5098,17.6893,27100749.0,740656876.0,0.6647606614,9.68986027,257.847182,10.35821526,275.632108,0.026163531380405006
CN,002245,2021-12-21,26.61,27.48,26.23,26.9,17.6893,18.2677,17.4367,17.8821,15691382.0,420224619.0,0.6647606614,9.68986027,260.657241,10.35821526,278.63599,0.015148731326906214
CN,002245,2021-12-22,26.9,27.68,26.76,27.4,17.8821,18.4006,17.789,18.2145,13567532.0,369628516.0,0.6647606614,9.68986027,265.502171,10.35821526,283.815098,0.013098329837180851
CN,002245,2021-12-23,27.4,27.6,25.85,26.56,18.2145,18.3474,17.1841,17.6561,31355868.0,829813893.0,0.6647606614,9.68986027,257.362689,10.35821526,275.114197,0.030271496790654648
CN,002245,2021-12-24,26.58,26.6,24.24,24.5,17.6694,17.6827,16.1138,16.2867,41525389.0,1032673004.0,0.6647606614,9.68986027,237.401577,10.35821526,253.776274,0.040089328091449605
CN,002245,2021-12-27,24.94,26.5,24.58,25.36,16.5792,17.6162,16.3399,16.8584,33319121.0,857211453.0,0.6647606614,9.68986027,245.734856,10.35821526,262.684339,0.0321668551614943
CN,002245,2021-12-28,25.36,26.93,25.36,26.69,16.8584,17.9021,16.8584,17.7425,29735899.0,788730409.0,0.6647606614,9.68986027,258.622371,10.35821526,276.460765,0.02870755072529744
CN,002245,2021-12-29,26.56,27.13,26.09,26.85,17.6561,18.035,17.3437,17.8489,16120915.0,430185647.0,0.6647606614,9.68986027,260.172748,10.35821526,278.11808,0.015563409907355025
CN,002245,2021-12-30,26.8,27.6,26.44,27.04,17.8156,18.3474,17.5763,17.9752,19880200.0,538121526.0,0.6647606614,9.68986027,262.013822,10.35821526,280.086141,0.019192688606087145
CN,002245,2021-12-31,27.32,27.85,27.06,27.51,18.1613,18.5136,17.9885,18.2876,13551900.0,371947599.0,0.6647606614,9.68986027,266.568056,10.35821526,284.954502,0.013083238434262854
CN,002245,2022-01-04,27.84,28.1,24.95,25.42,18.507,18.6798,16.5858,16.8983,37317893.0,961912816.0,0.6647606614,9.68986027,246.316248,10.35821526,263.305832,0.03602733874831638
CN,002245,2022-01-05,25.3,25.37,24.08,24.43,16.8185,16.865,16.0075,16.2401,28053423.0,688936314.0,0.6647606614,9.68986027,236.723286,10.35821526,253.051199,0.02708325932203112
CN,002245,2022-01-06,24.4,25.4,24.1,24.83,16.2202,16.885,16.0208,16.5061,25249873.0,626838155.0,0.6647606614,9.68986027,240.599231,10.35821526,257.194485,0.024376663707218613
CN,002245,2022-01-07,24.61,24.99,23.01,23.16,16.3598,16.6124,15.2962,15.3959,48935519.0,1148289663.0,0.6647606614,9.68986027,224.417164,10.35821526,239.896265,0.047243195639091205
CN,002245,2022-01-10,23.01,23.61,22.56,23.41,15.2962,15.695,14.997,15.562100000000001,30232336.0,699432517.0,0.6647606614,9.68986027,226.839629,10.35821526,242.485819,0.029186819583434685
CN,002245,2022-01-11,23.41,24.09,23.14,23.4,15.562100000000001,16.0141,15.3826,15.5554,19621133.0,461841658.0,0.6647606614,9.68986027,226.74273,10.35821526,242.382237,0.0189425808476585
CN,002245,2022-01-12,23.71,25.74,23.71,25.74,15.7615,17.111,15.7615,17.111,53292207.0,1339537425.0,0.6647606614,9.68986027,249.417003,10.35821526,266.620461,0.051449217517033914
CN,002245,2022-01-13,25.74,27.1,24.9,26.16,17.111,18.0151,16.552599999999998,17.3902,58440487.0,1518605508.0,0.6647606614,9.68986027,253.486745,10.35821526,270.970911,0.05641945599033631
CN,002245,2022-01-14,25.8,28.49,25.64,27.16,17.1509,18.9391,17.0445,18.055,39158355.0,1068181129.0,0.6647606614,9.68986027,263.176605,10.35821526,281.329126,0.03780415256595083
CN,002245,2022-01-17,26.92,27.16,25.92,26.17,17.8954,18.055,17.2306,17.3968,23604268.0,623378347.0,0.6647606614,9.68986027,253.583643,10.35821526,271.074493,0.022787968204476185
CN,002245,2022-01-18,26.0,27.15,25.7,26.3,17.2838,18.0483,17.0844,17.4833,18685198.0,493248118.0,0.6647606614,9.68986027,254.843325,10.35821526,272.421061,0.018039013025879132
CN,002245,2022-01-19,26.42,26.42,24.44,24.5,17.563,17.563,16.2468,16.2867,31993558.0,795384059.0,0.6647606614,9.68986027,237.401577,10.35821526,253.776274,0.030887133735816957
CN,002245,2022-01-20,24.64,25.03,23.91,24.3,16.3797,16.639,15.8945,16.1537,24475042.0,594904164.0,0.6647606614,9.68986027,235.463605,10.35821526,251.704631,0.023628628470885822
CN,002245,2022-01-21,24.21,25.48,23.85,24.41,16.0939,16.9381,15.8546,16.2269,21227561.0,525472750.0,0.6647606614,9.68986027,236.529489,10.35821526,252.844035,0.020493454197629796
CN,002245,2022-01-24,24.1,26.5,23.88,25.6,16.0208,17.6162,15.8745,17.0179,32712511.0,828409277.0,0.6647606614,9.68986027,248.060423,10.35821526,265.170311,0.0315812233853885
CN,002245,2022-01-25,25.74,26.59,24.93,25.24,17.111,17.676,16.5725,16.7786,34575899.0,887958409.0,0.6647606614,9.68986027,244.572073,10.35821526,261.441353,0.03338017035957988
CN,002245,2022-01-26,25.79,25.83,24.94,25.33,17.1442,17.1708,16.5792,16.8384,18032068.0,457550040.0,0.6647606614,9.68986027,245.444161,10.35821526,262.373593,0.01740847003791655
CN,002245,2022-01-27,25.36,25.93,24.89,25.14,16.8584,17.2373,16.5459,16.7121,21030526.0,534231924.0,0.6647606614,9.68986027,243.603087,10.35821526,260.405532,0.02030323320390235
CN,002245,2022-01-28,25.7,25.7,24.02,24.2,17.0844,17.0844,15.967600000000001,16.0873,18751935.0,462027876.0,0.6647606614,9.68986027,234.494619,10.35821526,250.668809,0.01810344207888184
CN,002245,2022-02-07,24.54,25.66,24.54,24.77,16.3133,17.0578,16.3133,16.4662,14947583.0,374274442.0,0.6647606614,9.68986027,240.017839,10.35821526,256.572992,0.014430654919600503
CN,002245,2022-02-08,24.84,24.99,22.88,23.54,16.5127,16.6124,15.2098,15.6485,24347831.0,570273392.0,0.6647606614,9.68986027,228.099311,10.35821526,243.832387,0.02350581677330386
CN,002245,2022-02-09,23.65,25.03,23.3,25.0,15.7216,16.639,15.489,16.6191,24675545.0,601515555.0,0.6647606614,9.68986027,242.246507,10.35821526,258.955381,0.023822197531739652
CN,002245,2022-02-10,24.8,24.97,23.61,24.0,16.4861,16.5991,15.695,15.9543,22383322.0,536946985.0,0.6647606614,9.68986027,232.556646,10.35821526,248.597166,0.02160924583836077
CN,002245,2022-02-11,23.73,24.35,23.2,23.33,15.7748,16.187,15.4225,15.5089,16930108.0,399777627.0,0.6647606614,9.68986027,226.06444,10.35821526,241.657162,0.01634461881225666
CN,002245,2022-02-14,22.98,23.56,22.65,23.3,15.2762,15.6618,15.0569,15.489,12382544.0,286939250.0,0.6647606614,9.68986027,225.773744,10.35821526,241.346416,0.01195432194561286
CN,002245,2022-02-15,23.11,24.05,22.65,24.01,15.3627,15.9875,15.0569,15.9609,21387171.0,500593795.0,0.6647606614,9.68986027,232.653545,10.35821526,248.700748,0.020647544449660337
CN,002245,2022-02-16,24.02,24.55,23.25,23.43,15.967600000000001,16.3199,15.4557,15.5754,23386091.0,554863442.0,0.6647606614,9.68986027,227.033426,10.35821526,242.692984,0.022577336358618985
CN,002245,2022-02-17,23.24,24.7,22.97,24.49,15.4491,16.4196,15.2696,16.28,34171491.0,826326098.0,0.6647606614,9.68986027,237.304678,10.35821526,253.672692,0.032989747888286305
CN,002245,2022-02-18,24.25,24.48,23.25,23.52,16.1205,16.2734,15.4557,15.6352,25904172.0,612354460.0,0.6647606614,9.68986027,227.905514,10.35821526,243.625223,0.02500833526798129
CN,002245,2022-02-21,23.4,23.68,23.0,23.2,15.5554,15.7416,15.2895,15.4225,15382149.0,356689491.0,0.6647606614,9.68986027,224.804758,10.35821526,240.310594,0.014850192445218598
CN,002245,2022-02-22,22.96,23.09,22.31,22.4,15.2629,15.3494,14.8309,14.8907,23326331.0,526903638.0,0.6647606614,9.68986027,217.05287,10.35821526,232.024022,0.022519643021977512
CN,002245,2022-02-23,22.4,22.84,21.92,22.76,14.8907,15.1832,14.5716,15.13,24476593.0,551743745.0,0.6647606614,9.68986027,220.54122,10.35821526,235.752979,0.02363012583308681
CN,002245,2022-02-24,22.53,22.56,20.94,21.53,14.9771,14.997,13.9201,14.3123,43973864.0,953225737.0,0.6647606614,9.68986027,208.622692,10.35821526,223.012375,0.04245312816563343
CN,002245,2022-02-25,21.74,22.7,21.73,22.13,14.4519,15.0901,14.4453,14.7112,27954441.0,620463832.0,0.6647606614,9.68986027,214.436608,10.35821526,229.227304,0.026987700388840925
CN,002245,2022-02-28,22.25,22.51,21.4,21.7,14.791,14.963799999999999,14.2259,14.4253,29765515.0,643822258.0,0.6647606614,9.68986027,210.269968,10.35821526,224.773271,0.028736142523456305
CN,002245,2022-03-01,22.0,22.22,21.0,21.95,14.6248,14.771,13.96,14.5915,42122444.0,910314208.0,0.6647606614,9.68986027,212.692433,10.35821526,227.362825,0.04066573530544682
CN,002245,2022-03-02,21.95,21.95,20.53,20.96,14.5915,14.5915,13.6476,13.9334,37873376.0,792602742.0,0.6647606614,9.68986027,203.099471,10.35821526,217.108192,0.03656361163515731
CN,002245,2022-03-03,20.94,20.99,19.9,19.98,13.9201,13.9534,13.2288,13.282,36263938.0,735082272.0,0.6647606614,9.68986027,193.603408,10.35821526,206.957141,0.03500983237917379
CN,002245,2022-03-04,19.5,20.07,19.1,19.2,12.9629,13.3418,12.697,12.7634,37329001.0,728081490.0,0.6647606614,9.68986027,186.045317,10.35821526,198.877733,0.03603806260346051
CN,002245,2022-03-07,19.1,19.11,18.14,18.28,12.697,12.7036,12.0588,12.1519,34489555.0,637318883.0,0.6647606614,9.68986027,177.130646,10.35821526,189.348175,0.03329681236997193
CN,002245,2022-03-08,18.81,19.37,17.4,17.5,12.5042,12.8765,11.5669,11.6333,51185895.0,926137750.0,0.6647606614,9.68986027,169.572555,10.35821526,181.268767,0.04941574751556187
CN,002245,2022-03-09,17.63,18.75,17.53,18.62,11.7198,12.4643,11.6533,12.3779,64455682.0,1180539898.0,0.6647606614,9.68986027,180.425198,10.35821526,192.869968,0.06222662918476556
CN,002245,2022-03-10,19.49,20.44,19.35,19.81,12.9562,13.5877,12.863199999999999,13.1689,55706562.0,1103189553.0,0.6647606614,9.68986027,191.956132,10.35821526,205.196244,0.0537800775536306
CN,002245,2022-03-11,19.3,19.98,18.81,19.86,12.8299,13.282,12.5042,13.2022,35933103.0,698609182.0,0.6647606614,9.68986027,192.440625,10.35821526,205.714155,0.034690438553407706
CN,002245,2022-03-14,19.51,21.2,19.4,20.18,12.9695,14.093,12.8964,13.4149,49147189.0,999780683.0,0.6647606614,9.68986027,195.54138,10.35821526,209.028784,0.04744754551470868
CN,002245,2022-03-15,19.79,20.66,19.21,19.69,13.1557,13.734,12.7701,13.0892,44054251.0,880570772.0,0.6647606614,9.68986027,190.793349,10.35821526,203.953258,0.04253073516450555
CN,002245,2022-03-16,20.02,21.66,19.74,21.66,13.3085,14.3988,13.1224,14.3988,61807425.0,1279675170.0,0.6647606614,9.68986027,209.882373,10.35821526,224.358943,0.059669956115586655
CN,002245,2022-03-17,22.74,23.83,22.7,23.28,15.1167,15.8413,15.0901,15.4757,105514713.0,2479933977.0,0.6647606614,9.68986027,225.579947,10.35821526,241.139251,0.10186572720443735
CN,002245,2022-03-18,22.82,24.09,21.69,23.65,15.1699,16.0141,14.4187,15.7216,79003802.0,1782883724.0,0.6647606614,9.68986027,229.165195,10.35821526,244.971791,0.07627163562152116
CN,002245,2022-03-21,23.81,25.46,23.81,24.33,15.828,16.9249,15.828,16.1737,73677445.0,1813209121.0,0.6647606614,9.68986027,235.7543,10.35821526,252.015377,0.07112947853528195
CN,002245,2022-03-22,23.82,24.55,22.98,23.1,15.8346,16.3199,15.2762,15.356,55784402.0,1317022841.0,0.6647606614,9.68986027,223.835772,10.35821526,239.274773,0.05385522563469105
CN,002245,2022-03-23,23.27,23.5,22.3,22.67,15.469,15.6219,14.8242,15.0702,43067821.0,976872526.0,0.6647606614,9.68986027,219.669132,10.35821526,234.82074,0.04157841859718216
CN,002245,2022-03-24,22.59,22.6,21.45,22.23,15.017,15.0236,14.2592,14.7777,41777641.0,918314967.0,0.6647606614,9.68986027,215.405594,10.35821526,230.263125,0.040332856531116346
CN,002245,2022-03-25,22.7,23.1,21.87,22.0,15.0901,15.356,14.5384,14.6248,41770796.0,940314678.0,0.6647606614,9.68986027,213.176926,10.35821526,227.880736,0.04032624824983604
CN,002245,2022-03-28,21.77,22.28,21.21,21.5,14.4719,14.8109,14.0996,14.2924,25776466.0,556513581.0,0.6647606614,9.68986027,208.331996,10.35821526,222.701628,0.024885045688845822
CN,002245,2022-03-29,21.77,21.99,21.12,21.22,14.4719,14.6181,14.0398,14.1063,28731881.0,617468700.0,0.6647606614,9.68986027,205.618835,10.35821526,219.801328,0.02773825439885674
CN,002245,2022-03-30,21.5,23.34,21.36,23.34,14.2924,15.5156,14.1993,15.5156,45936592.0,1045189225.0,0.6647606614,9.68986027,226.161339,10.35821526,241.760744,0.04434797969240118
CN,002245,2022-03-31,23.36,23.36,21.6,22.51,15.5289,15.5289,14.3589,14.963799999999999,60936412.0,1364823785.0,0.6647606614,9.68986027,218.118755,10.35821526,233.163425,0.05882906511444714
CN,002245,2022-04-01,22.0,23.67,21.97,22.72,14.6248,15.7349,14.604800000000001,15.1034,49877128.0,1140980632.0,0.6647606614,9.68986027,220.153625,10.35821526,235.338651,0.04815224123851622
CN,002245,2022-04-06,22.65,22.67,22.05,22.35,15.0569,15.0702,14.658,14.8574,25933303.0,578166827.0,0.6647606614,9.68986027,216.568377,10.35821526,231.506111,0.02503645883875945
CN,002245,2022-04-07,22.16,23.2,21.88,22.36,14.7311,15.4225,14.545,14.8641,31857264.0,715668509.0,0.6647606614,9.68986027,216.665276,10.35821526,231.609693,0.030755553153082475
CN,002245,2022-04-08,22.58,24.0,22.39,23.29,15.0103,15.9543,14.884,15.4823,50765099.0,1177632439.0,0.6647606614,9.68986027,225.676846,10.35821526,241.242833,0.04900950378588676
CN,002245,2022-04-11,22.67,22.87,21.51,22.21,15.0702,15.2031,14.299,14.7644,31987635.0,703884110.0,0.6647606614,9.68986027,215.211797,10.35821526,230.055961,0.030881415569268638
CN,002245,2022-04-12,22.01,23.95,22.01,23.41,14.6314,15.9211,14.6314,15.562100000000001,43745466.0,1009793176.0,0.6647606614,9.68986027,226.839629,10.35821526,242.485819,0.04223262878975929
CN,002245,2022-04-13,23.17,23.89,22.72,22.85,15.4025,15.8812,15.1034,15.1898,32618377.0,761320639.0,0.6647606614,9.68986027,221.413307,10.35821526,236.685219,0.03149034479517082
CN,002245,2022-04-14,23.0,23.28,21.8,22.09,15.2895,15.4757,14.4918,14.6846,34318084.0,760473268.0,0.6647606614,9.68986027,214.049013,10.35821526,228.812975,0.033131271303585556
CN,002245,2022-04-15,21.78,21.78,19.88,20.0,14.4785,14.4785,13.2155,13.2953,65606521.0,1328510071.0,0.6647606614,9.68986027,193.797205,10.35821526,207.164305,0.06333766904164531
CN,002245,2022-04-18,19.6,21.0,19.29,20.83,13.0293,13.96,12.8233,13.847,34342374.0,699522793.0,0.6647606614,9.68986027,201.839789,10.35821526,215.761624,0.03315472128931215
CN,002245,2022-04-19,20.82,21.41,20.35,20.49,13.8404,14.2326,13.5279,13.621,23127786.0,481871334.0,0.6647606614,9.68986027,198.545237,10.35821526,212.239831,0.022327964248157552
CN,002245,2022-04-20,20.56,20.63,19.0,19.58,13.6675,13.7141,12.6305,13.016,31574666.0,621817066.0,0.6647606614,9.68986027,189.727464,10.35821526,202.813855,0.030482728160642607
CN,002245,2022-04-21,19.41,19.5,18.4,18.55,12.949300000000001,13.0094,12.2755,12.3756,24968004.0,468945550.0,0.6647606614,9.68986027,179.746908,10.35821526,192.144893,0.02410454250397573
CN,002245,2022-04-22,18.53,18.73,18.16,18.25,12.3622,12.4957,12.1154,12.1754,17250657.0,316603910.0,0.6647606614,9.68986027,176.83995,10.35821526,189.037429,0.01665408235588261
CN,002245,2022-04-25,17.71,17.88,16.71,16.78,11.8152,11.9286,11.148,11.1947,33911840.0,583821670.0,0.6647606614,9.68986027,162.595855,10.35821526,173.810852,0.03273907632616625
CN,002245,2022-04-26,17.05,17.17,15.92,16.08,11.3749,11.4549,10.621,10.7277,27790859.0,460886305.0,0.6647606614,9.68986027,155.812953,10.35821526,166.560101,0.026829775499374976
CN,002245,2022-04-27,15.7,17.69,15.49,17.69,10.4742,11.8018,10.3341,11.8018,42645516.0,721413464.0,0.6647606614,9.68986027,171.413628,10.35821526,183.236828,0.04117071805283182
CN,002245,2022-04-28,17.38,18.63,17.2,18.28,11.595,12.429,11.4749,12.1955,46890245.0,847269699.0,0.6647606614,9.68986027,177.130646,10.35821526,189.348175,0.04526865277754423
CN,002245,2022-04-29,18.08,18.95,17.77,18.87,12.062,12.6424,11.8552,12.5891,38517369.0,707025845.0,0.6647606614,9.68986027,182.847663,10.35821526,195.459522,0.037185333605434266
CN,002245,2022-05-05,18.45,18.8,17.92,18.22,12.3089,12.5424,11.9553,12.1554,30853617.0,564518787.0,0.6647606614,9.68986027,176.549254,10.35821526,188.726682,0.029786614996452583
CN,002245,2022-05-06,17.58,18.18,17.39,17.75,11.7285,12.1287,11.6017,11.8419,18284430.0,325474963.0,0.6647606614,9.68986027,171.99502,10.35821526,183.858321,0.01765210467348407
CN,002245,2022-05-09,17.76,17.9,17.28,17.4,11.8485,11.9419,11.5283,11.6084,18363080.0,321734971.0,0.6647606614,9.68986027,168.603569,10.35821526,180.232946,0.017728034742541157
CN,002245,2022-05-10,17.11,19.14,16.88,19.14,11.4149,12.7692,11.2614,12.7692,38563322.0,706153896.0,0.6647606614,9.68986027,185.463926,10.35821526,198.25624,0.03722969742569339
CN,002245,2022-05-11,19.3,21.0,19.09,19.98,12.8759,14.0101,12.7358,13.3296,61042283.0,1228583333.0,0.6647606614,9.68986027,193.603408,10.35821526,206.957141,0.058931274807277945
CN,002245,2022-05-12,19.67,20.28,19.15,19.48,13.1228,13.5298,12.7759,12.996,32075641.0,626826144.0,0.6647606614,9.68986027,188.758478,10.35821526,201.778033,0.030966378082395635
CN,002245,2022-05-13,19.6,19.87,19.3,19.68,13.0761,13.2562,12.8759,13.1295,20069848.0,393475329.0,0.6647606614,9.68986027,190.69645,10.35821526,203.849676,0.01937577806236863
CN,002245,2022-05-16,19.82,20.2,19.28,19.42,13.2229,13.4764,12.8626,12.956,18983896.0,373167809.0,0.6647606614,9.68986027,188.177086,10.35821526,201.15654,0.018327381236523946
CN,002245,2022-05-17,19.42,20.49,19.12,20.26,12.956,13.6699,12.7559,13.5164,31030250.0,621379358.0,0.6647606614,9.68986027,196.316569,10.35821526,209.857441,0.029957139546837337
CN,002245,2022-05-18,20.28,20.9,20.05,20.67,13.5298,13.9434,13.3763,13.7899,29129681.0,598880665.0,0.6647606614,9.68986027,200.289412,10.35821526,214.104309,0.028122297392765325
CN,002245,2022-05-19,20.21,20.66,19.84,20.5,13.4831,13.7833,13.2362,13.6765,25121568.0,509680568.0,0.6647606614,9.68986027,198.642136,10.35821526,212.343413,0.024252795843132537
CN,002245,2022-05-20,20.52,20.91,19.93,20.48,13.6899,13.950099999999999,13.2963,13.6632,23602916.0,481365035.0,0.6647606614,9.68986027,198.448338,10.35821526,212.136249,0.02278666296031388
CN,002245,2022-05-23,20.29,20.49,19.43,19.79,13.5364,13.6699,12.9627,13.2028,41149592.0,814450102.0,0.6647606614,9.68986027,191.762335,10.35821526,204.98908,0.03972652717394869
CN,002245,2022-05-24,19.79,19.99,18.77,18.8,13.2028,13.3363,12.5224,12.5424,35671699.0,690604017.0,0.6647606614,9.68986027,182.169373,10.35821526,194.734447,0.03443807461479614
CN,002245,2022-05-25,18.75,18.97,18.15,18.33,12.509,12.6558,12.1087,12.2288,35838443.0,657970951.0,0.6647606614,9.68986027,177.615139,10.35821526,189.866086,0.03459905215370085
CN,002245,2022-05-26,18.34,18.42,17.71,18.13,12.2355,12.2889,11.8152,12.0954,35623803.0,643394455.0,0.6647606614,9.68986027,175.677167,10.35821526,187.794443,0.03439183498876234
CN,002245,2022-05-27,18.37,18.79,17.59,17.9,12.2555,12.5357,11.7351,11.9419,46316781.0,836358922.0,0.6647606614,9.68986027,173.448499,10.35821526,185.412053,0.04471502072259503
CN,002245,2022-05-30,17.9,18.61,17.75,18.32,11.9423,12.416,11.8422,12.2225,36655108.0,667981392.0,0.6647606614,9.68986027,177.51824,10.35821526,189.762504,0.035387474656517225
CN,002245,2022-05-31,18.33,19.32,17.8,18.98,12.2292,12.8897,11.8756,12.6628,50835308.0,945413759.0,0.6647606614,9.68986027,183.913548,10.35821526,196.598926,0.04907728476768497
CN,002245,2022-06-01,18.82,20.43,18.66,19.78,12.5561,13.6302,12.4493,13.1966,61083996.0,1202912154.0,0.6647606614,9.68986027,191.665436,10.35821526,204.885498,0.05897154525827068
CN,002245,2022-06-02,19.77,21.76,19.69,21.76,13.1899,14.5175,13.1365,14.5175,63671482.0,1346420473.0,0.6647606614,9.68986027,210.851359,10.35821526,225.394764,0.061469548953938226
CN,002245,2022-06-06,21.99,23.49,21.81,22.71,14.671,15.6717,14.5509,15.1514,91921496.0,2080108578.0,0.6647606614,9.68986027,220.056727,10.35821526,235.235069,0.08874260062442456
CN,002245,2022-06-07,22.73,23.31,22.37,22.96,15.1647,15.5517,14.9245,15.3181,69477870.0,1588107658.0,0.6647606614,9.68986027,222.479192,10.35821526,237.824622,0.0670751362624221
CN,002245,2022-06-08,22.97,24.15,22.51,23.64,15.3248,16.1121,15.0179,15.7718,91489704.0,2148187785.0,0.6647606614,9.68986027,229.068297,10.35821526,244.868209,0.08832574116634066
CN,002245,2022-06-09,23.5,23.8,22.8,23.0,15.6784,15.8786,15.2114,15.3448,39093933.0,906376778.0,0.6647606614,9.68986027,222.866786,10.35821526,238.238951,0.037741958453950876
CN,002245,2022-06-10,22.91,23.59,22.52,23.33,15.2848,15.7385,15.0246,15.565,42856706.0,995127509.0,0.6647606614,9.68986027,226.06444,10.35821526,241.657162,0.04137460452815498
CN,002245,2022-06-13,23.0,23.0,22.19,22.49,15.3448,15.3448,14.8044,15.0046,55525145.0,1249349152.0,0.6647606614,9.68986027,217.924957,10.35821526,232.956261,0.05360493444697924
CN,002245,2022-06-14,22.33,23.07,21.96,22.71,14.8978,15.3915,14.651,15.1514,40179406.0,904796171.0,0.6647606614,9.68986027,220.056727,10.35821526,235.235069,0.03878989284491854
CN,002245,2022-06-15,22.77,24.5,22.4,23.12,15.1914,16.3456,14.9445,15.4249,64601698.0,1505080269.0,0.6647606614,9.68986027,224.029569,10.35821526,239.481937,0.06236759555429436
CN,002245,2022-06-16,23.34,24.83,22.99,24.25,15.5717,16.5658,15.3382,16.1788,69716114.0,1666478169.0,0.6647606614,9.68986027,234.979112,10.35821526,251.18672,0.06730514113683325
CN,002245,2022-06-17,23.87,25.81,23.55,25.03,15.9253,17.2196,15.7118,16.6992,68859393.0,1721543827.0,0.6647606614,9.68986027,242.537203,10.35821526,259.266128,0.0664780478794568
CN,002245,2022-06-20,25.03,25.42,24.15,24.96,16.6992,16.9594,16.1121,16.6525,60365490.0,1502716220.0,0.6647606614,9.68986027,241.858912,10.35821526,258.541053,0.058277887150223216
CN,002245,2022-06-21,25.03,25.11,24.12,24.51,16.6992,16.7526,16.0921,16.3523,40254619.0,985264622.0,0.6647606614,9.68986027,237.498475,10.35821526,253.879856,0.038862504774784916
CN,002245,2022-06-22,24.5,26.45,24.35,25.49,16.3456,17.6466,16.2455,17.0061,60587248.0,1550164797.0,0.6647606614,9.68986027,246.994538,10.35821526,264.030907,0.058491976155359414
CN,002245,2022-06-23,25.31,26.45,24.8,26.2,16.886,17.6466,16.5457,17.4798,39621065.0,1015873219.0,0.6647606614,9.68986027,253.874339,10.35821526,271.38524,0.038250860795491906
CN,002245,2022-06-24,26.0,26.19,25.18,25.45,17.3463,17.4731,16.7993,16.9794,38154010.0,976140157.0,0.6647606614,9.68986027,246.606944,10.35821526,263.616578,0.036834540548059624
CN,002245,2022-06-27,25.5,25.69,24.66,24.7,17.0128,17.1395,16.4523,16.479,52516166.0,1309910770.0,0.6647606614,9.68986027,239.339549,10.35821526,255.847917,0.05070001412579255
CN,002245,2022-06-28,24.76,24.76,23.58,24.68,16.519,16.519,15.7318,16.4657,42523355.0,1032829296.0,0.6647606614,9.68986027,239.145751,10.35821526,255.640753,0.04105278171251289
CN,002245,2022-06-29,24.5,24.55,23.15,23.23,16.3456,16.3789,15.4449,15.4983,39528774.0,937303584.0,0.6647606614,9.68986027,225.095454,10.35821526,240.62134,0.038161761469320925
CN,002245,2022-06-30,23.23,23.84,23.03,23.21,15.4983,15.9053,15.3649,15.4849,31596117.0,738949793.0,0.6647606614,9.68986027,224.901657,10.35821526,240.414176,0.030503437326711822
CN,002245,2022-07-01,23.2,23.67,22.73,23.14,15.4783,15.7918,15.1647,15.4382,42269705.0,978761967.0,0.6647606614,9.68986027,224.223367,10.35821526,239.689101,0.04080790361948898
CN,002245,2022-07-04,22.8,22.85,21.93,22.4,15.2114,15.2448,14.631,14.9445,79643794.0,1781107057.0,0.6647606614,9.68986027,217.05287,10.35821526,232.024022,0.07688949495726159
CN,002245,2022-07-05,22.59,22.71,20.93,21.37,15.0713,15.1514,13.963799999999999,14.2574,95621056.0,2062512680.0,0.6647606614,9.68986027,207.072314,10.35821526,221.35506,0.09231421977612
CN,002245,2022-07-06,21.3,21.43,19.45,19.98,14.2107,14.2974,12.9764,13.33,107320339.0,2175250837.0,0.6647606614,9.68986027,193.603408,10.35821526,206.957141,0.10360890974571231
CN,002245,2022-07-07,19.98,20.4,18.71,20.26,13.33,13.6102,12.4827,13.5168,128788796.0,2509669889.0,0.6647606614,9.68986027,196.316569,10.35821526,209.857441,0.12433492910437932
CN,002245,2022-07-08,20.66,21.99,20.6,21.15,13.7837,14.671,13.7436,14.1106,133157992.0,2834994685.0,0.6647606614,9.69468718,205.042634,10.35821526,219.076253,0.1285530264216579
CN,002245,2022-07-11,20.49,20.78,19.44,19.92,13.6702,13.8637,12.9697,13.29,109566575.0,2191651304.0,0.6647606614,9.69468718,193.118169,10.35821526,206.335648,0.10577746479464456
CN,002245,2022-07-12,19.9,20.19,19.05,19.1,13.2766,13.4701,12.7095,12.7429,68783525.0,1337707530.0,0.6647606614,9.69468718,185.168525,10.35821526,197.841911,0.06640480360127214
CN,002245,2022-07-13,19.1,19.65,18.89,19.58,12.7429,13.1098,12.6028,13.0631,52558133.0,1016102691.0,0.6647606614,9.69468718,189.821975,10.35821526,202.813855,0.05074052979277436
CN,002245,2022-07-14,19.33,21.17,19.25,20.87,12.8963,14.1239,12.843,13.9238,99436765.0,2037573721.0,0.6647606614,9.69468718,202.328121,10.35821526,216.175952,0.09599797117944815
CN,002245,2022-07-15,20.57,21.06,19.78,19.86,13.7236,14.0505,13.1966,13.2499,79555690.0,1617339902.0,0.6647606614,9.69468718,192.536487,10.35821526,205.714155,0.07680443783324117
CN,002245,2022-07-18,19.8,20.58,19.63,20.49,13.2099,13.7303,13.0965,13.6702,47197068.0,956034027.0,0.6647606614,9.69468718,198.64414,10.35821526,212.239831,0.0455648650035875
CN,002245,2022-07-19,20.3,20.5,19.84,20.05,13.5435,13.6769,13.2366,13.3767,42177812.0,848710961.0,0.6647606614,9.69468718,194.378478,10.35821526,207.682216,0.040719188529395364
CN,002245,2022-07-20,20.11,20.34,19.88,20.16,13.4167,13.5702,13.2633,13.4501,32776775.0,660153950.0,0.6647606614,9.69468718,195.444894,11.52046537,232.252582,0.02845091230893566
CN,002245,2022-07-21,20.01,20.27,19.7,19.75,13.35,13.5235,13.1432,13.1765,35167758.0,700154573.0,0.6647606614,9.69468718,191.470072,11.52046537,227.529191,0.030526334545112218
CN,002245,2022-07-22,19.75,19.92,19.37,19.58,13.1765,13.29,12.923,13.0631,29243755.0,573901096.0,0.6647606614,9.69468718,189.821975,11.52046537,225.570712,0.025384178555974427
CN,002245,2022-07-25,19.5,19.65,19.1,19.21,13.0098,13.1098,12.7429,12.8163,23808194.0,459551256.0,0.6647606614,9.69468718,186.234941,11.52046537,221.30814,0.020666000231204202
CN,002245,2022-07-26,19.2,19.52,19.1,19.24,12.8096,13.0231,12.7429,12.8363,22453864.0,433115482.0,0.6647606614,9.69468718,186.525781,11.52046537,221.653754,0.01949041404045295
CN,002245,2022-07-27,19.15,19.54,18.94,19.47,12.7762,13.0364,12.6361,12.9897,26326064.0,507464471.0,0.6647606614,9.69468718,188.755559,11.52046537,224.303461,0.022851562983345005
CN,002245,2022-07-28,19.53,20.12,19.28,20.0,13.0298,13.4234,12.863,13.3433,43980053.0,867475354.0,0.6647606614,9.69468718,193.893744,11.52046537,230.409307,0.03817558717248243
CN,002245,2022-07-29,19.9,20.04,19.5,19.52,13.2766,13.37,13.0098,13.0231,28603524.0,563495460.0,0.6647606614,9.69468718,189.240294,11.52046537,224.879484,0.024828444929390903
CN,002245,2022-08-01,19.4,19.4,19.0,19.25,12.943,12.943,12.6762,12.843,33579850.0,644463904.0,0.6647606614,9.69468718,186.622728,11.52046537,221.768958,0.029147997864256415
CN,002245,2022-08-02,18.9,18.9,17.7,18.18,12.6095,12.6095,11.8089,12.1291,55337410.0,1010021219.0,0.6647606614,9.69468718,176.249413,11.52046537,209.44206,0.04803400576516815
CN,002245,2022-08-03,18.1,18.64,17.82,17.86,12.0757,12.436,11.8889,11.9156,36189510.0,657554282.0,0.6647606614,9.69468718,173.147113,11.52046537,205.755512,0.031413236217210205
CN,002245,2022-08-04,17.97,18.15,17.72,18.03,11.989,12.1091,11.8222,12.029,25105275.0,450556965.0,0.6647606614,9.69468718,174.79521,11.52046537,207.713991,0.021791893116901058
CN,002245,2022-08-05,18.09,18.88,17.91,18.84,12.069,12.5961,11.949,12.5694,36972593.0,683590919.0,0.6647606614,9.69468718,182.647906,11.52046537,217.045568,0.03209296830688707
CN,002245,2022-08-08,18.77,18.92,18.5,18.7,12.5227,12.6228,12.342600000000001,12.475999999999999,23793322.0,444847597.0,0.6647606614,9.69468718,181.29065,11.52046537,215.432702,0.020653091030471107
CN,002245,2022-08-09,18.68,18.85,18.59,18.72,12.4627,12.5761,12.4026,12.4894,22269022.0,416935962.0,0.6647606614,9.69468718,181.484544,11.52046537,215.663112,0.019329967396968097
CN,002245,2022-08-10,18.7,18.84,18.22,18.33,12.475999999999999,12.5694,12.1558,12.2292,26524708.0,489122691.0,0.6647606614,9.69468718,177.703616,11.52046537,211.17013,0.023023990045638234
CN,002245,2022-08-11,18.36,19.16,18.22,18.96,12.2492,12.7829,12.1558,12.6495,41282409.0,771827368.0,0.6647606614,9.69468718,183.811269,11.52046537,218.428023,0.035833976904702074
CN,002245,2022-08-12,18.98,18.99,18.61,18.63,12.6628,12.6695,12.416,12.4293,25192965.0,471452179.0,0.6647606614,9.69468718,180.612022,11.52046537,214.62627,0.021868009833703444
CN,002245,2022-08-15,18.6,19.1,18.5,18.93,12.4093,12.7429,12.342600000000001,12.6295,31762141.0,600597838.0,0.6647606614,9.69468718,183.520428,11.52046537,218.082409,0.027570189206688273
CN,002245,2022-08-16,18.93,19.15,18.8,18.88,12.6295,12.7762,12.5427,12.5961,26699366.0,506257987.0,0.6647606614,9.69468718,183.035694,11.52046537,217.506386,0.023175596768448947
CN,002245,2022-08-17,18.78,20.57,18.43,20.12,12.5294,13.7236,12.2959,13.4234,80386207.0,1572159171.0,0.6647606614,9.69468718,195.057106,11.52046537,231.791763,0.0697768748208129
CN,002245,2022-08-18,19.98,20.41,19.85,20.07,13.33,13.6169,13.2433,13.39,54490831.0,1097323116.0,0.6647606614,9.69468718,194.572372,11.52046537,231.21574,0.04729915784643342
CN,002245,2022-08-19,20.08,20.15,19.45,19.47,13.3967,13.4434,12.9764,12.9897,36164434.0,710556357.0,0.6647606614,9.69468718,188.755559,11.52046537,224.303461,0.03139146973539316
CN,002245,2022-08-22,19.19,19.65,18.86,19.4,12.8029,13.1098,12.5828,12.943,34625792.0,669283878.0,0.6647606614,9.69468718,188.076931,11.52046537,223.497028,0.030055896952016964
CN,002245,2022-08-23,19.22,19.62,19.22,19.41,12.8229,13.0898,12.8229,12.9497,25334094.0,491148123.0,0.6647606614,9.69468718,188.173878,11.52046537,223.612233,0.02199051269749184
CN,002245,2022-08-24,19.59,20.26,19.38,19.39,13.0698,13.5168,12.9297,12.9364,47432659.0,937850094.0,0.6647606614,9.69468718,187.979984,11.52046537,223.381824,0.04117251992572935
CN,002245,2022-08-25,19.12,19.29,18.31,18.7,12.7562,12.8696,12.2158,12.475999999999999,36975430.0,691740501.0,0.6647606614,9.69468718,181.29065,11.52046537,215.432702,0.03209543088101831
CN,002245,2022-08-26,18.78,18.94,18.33,18.4,12.5294,12.6361,12.2292,12.2759,23839389.0,443448921.0,0.6647606614,9.69468718,178.382244,11.52046537,211.976563,0.02069307813040195
CN,002245,2022-08-29,18.0,18.44,17.88,18.22,12.009,12.3026,11.9289,12.1558,17692068.0,321399854.0,0.6647606614,9.69468718,176.6372,11.52046537,209.902879,0.01535707754139102
CN,002245,2022-08-30,18.25,18.62,18.11,18.3,12.1758,12.4226,12.0824,12.2092,16275753.0,298614156.0,0.6647606614,9.69468718,177.412775,11.52046537,210.824516,0.014127687100542883
CN,002245,2022-08-31,18.2,18.3,17.83,18.03,12.1424,12.2092,11.8956,12.029,17893694.0,322265922.0,0.6647606614,9.69468718,174.79521,11.52046537,207.713991,0.015532093040786598
CN,002245,2022-09-01,18.06,18.2,17.5,17.5,12.049,12.1424,11.6754,11.6754,21120955.0,375961331.0,0.6647606614,9.69468718,169.657026,11.52046537,201.608144,0.018333421716626365
CN,002245,2022-09-02,17.55,17.64,17.17,17.27,11.7088,11.7688,11.4553,11.522,17741462.0,306623107.0,0.6647606614,9.69468718,167.427248,11.52046537,198.958437,0.015399952545493395
CN,002245,2022-09-05,17.27,17.39,16.92,17.14,11.522,11.602,11.288499999999999,11.4352,15460935.0,264852529.0,0.6647606614,9.69468718,166.166938,11.52046537,197.460776,0.013420408380603465
CN,002245,2022-09-06,17.21,17.41,16.98,17.4,11.4819,11.6154,11.3285,11.6087,18467691.0,318026995.0,0.6647606614,9.69468718,168.687557,11.52046537,200.456097,0.016030334198209564
CN,002245,2022-09-07,17.33,17.69,17.25,17.56,11.562,11.8022,11.5086,11.7154,19507031.0,341628810.0,0.6647606614,9.69468718,170.238707,11.52046537,202.299372,0.016932502614692552
CN,002245,2022-09-08,17.52,17.54,17.18,17.18,11.6888,11.7021,11.4619,11.4619,12900160.0,223673722.0,0.6647606614,9.69468718,166.554726,11.52046537,197.921595,0.011197603209322437
CN,002245,2022-09-09,17.2,17.3,17.1,17.24,11.4753,11.542,11.4086,11.502,10928674.0,188056495.0,0.6647606614,9.69468718,167.136407,11.52046537,198.612823,0.009486312964803435
CN,002245,2022-09-13,17.37,17.39,17.08,17.1,11.5887,11.602,11.395199999999999,11.4086,16128687.0,276773605.0,0.6647606614,9.69468718,165.779151,11.52046537,196.999958,0.01400003079910304
CN,002245,2022-09-14,16.7,16.84,16.32,16.42,11.1417,11.2351,10.8882,10.9549,26114671.0,431948348.0,0.6647606614,9.69468718,159.186764,11.52046537,189.166041,0.022668069527819776
CN,002245,2022-09-15,16.54,16.56,15.62,15.87,11.0349,11.0483,10.4211,10.5879,26338571.0,420813311.0,0.6647606614,9.69468718,153.854686,11.52046537,182.829785,0.022862419315618325
CN,002245,2022-09-16,15.86,15.93,15.26,15.29,10.5813,10.628,10.181,10.201,19013164.0,295847470.0,0.6647606614,9.69468718,148.231767,11.52046537,176.147916,0.016503815939164616
CN,002245,2022-09-19,15.29,15.6,15.17,15.44,10.201,10.4078,10.1209,10.3011,15404587.0,237415204.0,0.6647606614,9.69468718,149.68597,11.52046537,177.875985,0.013371497162010913
CN,002245,2022-09-20,15.54,15.88,15.43,15.55,10.3678,10.5946,10.2944,10.3744,20110296.0,314873287.0,0.6647606614,9.69468718,150.752386,11.52046537,179.143237,0.017456148995828282
CN,002245,2022-09-21,15.45,15.53,15.04,15.41,10.3077,10.3611,10.0342,10.281,14866124.0,227339369.0,0.6647606614,9.69468718,149.395129,11.52046537,177.530371,0.0129041002446935
CN,002245,2022-09-22,15.2,15.5,15.11,15.26,10.1409,10.3411,10.0809,10.181,12238563.0,187742816.0,0.6647606614,9.69468718,147.940926,11.52046537,175.802302,0.01062332345694122
CN,002245,2022-09-23,15.28,15.46,14.63,14.84,10.1943,10.3144,9.7606,9.9008,20734534.0,311007764.0,0.6647606614,9.69468718,143.869158,11.52046537,170.963706,0.017998000370708984
CN,002245,2022-09-26,14.87,15.27,14.81,14.99,9.9208,10.1876,9.880700000000001,10.0008,19086184.0,288510105.0,0.6647606614,9.69468718,145.323361,11.52046537,172.691776,0.016567198795372967
CN,002245,2022-09-27,14.93,15.2,14.92,15.06,9.9608,10.1409,9.9541,10.0475,17808829.0,267709989.0,0.6647606614,9.69468718,146.001989,11.52046537,173.498208,0.015458428481869565
CN,002245,2022-09-28,15.0,15.02,14.26,14.26,10.0075,10.0208,9.5138,9.5138,21274600.0,308833486.0,0.6647606614,9.69468718,138.246239,11.52046537,164.281836,0.018466788724872493
CN,002245,2022-09-29,14.4,14.57,14.15,14.29,9.6072,9.7206,9.4404,9.5338,15807742.0,227356410.0,0.6647606614,9.69468718,138.53708,11.52046537,164.62745,0.013721443962814498
CN,002245,2022-09-30,14.19,14.28,13.9,13.9,9.4671,9.5271,9.2736,9.2736,15272332.0,214357814.0,0.6647606614,9.69468718,134.756152,11.52046537,160.134469,0.013256697112054251
CN,002245,2022-10-10,13.91,13.97,13.3,13.39,9.2803,9.3203,8.8733,8.9334,15914751.0,216416490.0,0.6647606614,9.69468718,129.811861,11.52046537,154.259031,0.01381432996747075
CN,002245,2022-10-11,13.55,13.78,13.52,13.66,9.0401,9.1936,9.0201,9.1135,13943437.0,190085707.0,0.6647606614,9.69468718,132.429427,11.52046537,157.369557,0.012103189022476094
CN,002245,2022-10-12,13.69,14.15,13.41,14.14,9.1335,9.4404,8.9467,9.4337,19019769.0,262560331.0,0.6647606614,9.69468718,137.082877,11.52046537,162.89938,0.01650954921450365
CN,002245,2022-10-13,14.06,14.33,13.97,14.11,9.3804,9.5605,9.3203,9.4137,17441820.0,247489819.0,0.6647606614,9.69468718,136.792036,11.52046537,162.553766,0.015139857149711652
CN,002245,2022-10-14,14.35,14.6,14.16,14.48,9.5738,9.7406,9.4471,9.6606,19109009.0,274855727.0,0.6647606614,9.69468718,140.37907,11.52046537,166.816339,0.016587011363066142
CN,002245,2022-10-17,14.4,14.58,14.32,14.58,9.6072,9.7273,9.5538,9.7273,13225805.0,191200258.0,0.6647606614,9.69468718,141.348539,11.52046537,167.968385,0.011480269741915817
CN,002245,2022-10-18,14.68,15.57,14.48,15.25,9.794,10.3878,9.6606,10.1743,36912021.0,556512681.0,0.6647606614,9.69468718,147.843979,11.52046537,175.687097,0.0320403905697431
CN,002245,2022-10-19,15.39,16.78,15.3,16.78,10.2677,11.1951,10.207699999999999,11.1951,72166275.0,1197769778.0,0.6647606614,9.69468718,162.676851,11.52046537,193.313409,0.06264180541519218
CN,002245,2022-10-20,16.76,16.8,15.98,16.02,11.1817,11.2084,10.6613,10.688,64396090.0,1046754035.0,0.6647606614,9.69468718,155.308889,11.52046537,184.557855,0.055897125621063345
CN,002245,2022-10-21,15.83,16.42,15.74,16.23,10.5612,10.9549,10.5012,10.8281,40134263.0,644665713.0,0.6647606614,9.69468718,157.344773,11.52046537,186.977153,0.034837362650741596
CN,002245,2022-10-24,16.25,16.43,15.56,15.59,10.8415,10.9616,10.3811,10.4011,33512368.0,534637746.0,0.6647606614,9.69468718,151.140173,11.52046537,179.604055,0.02908942210552385
CN,002245,2022-10-25,15.5,15.71,15.16,15.46,10.3411,10.4812,10.1142,10.3144,27179580.0,419379666.0,0.6647606614,9.69468718,149.879864,11.52046537,178.106395,0.023592432360221575
CN,002245,2022-10-26,15.44,16.05,15.33,15.64,10.3011,10.708,10.2277,10.4345,30231883.0,473966615.0,0.6647606614,9.69468718,151.624908,11.52046537,180.180078,0.026241893907103513
CN,002245,2022-10-27,15.7,16.29,15.66,15.95,10.4745,10.8681,10.4478,10.6413,36512347.0,586102341.0,0.6647606614,9.69468718,154.630261,11.52046537,183.751423,0.03169346534826657
CN,002245,2022-10-28,14.8,15.25,14.51,14.84,9.8741,10.1743,9.6806,9.9008,35591656.0,532961646.0,0.6647606614,9.69468718,143.869158,11.52046537,170.963706,0.030894286694947985
CN,002245,2022-10-31,14.83,15.63,14.82,14.96,9.8941,10.4278,9.8874,9.9808,22868223.0,346294447.0,0.6647606614,9.69468718,145.03252,11.52046537,172.346162,0.01985008614283088
CN,002245,2022-11-01,15.15,16.45,14.65,16.45,10.1076,10.9749,9.774000000000001,10.9749,56334936.0,879524219.0,0.6647606614,9.69468718,159.477604,11.52046537,189.511655,0.048899878772865925
CN,002245,2022-11-02,16.21,16.45,16.06,16.28,10.8148,10.9749,10.7147,10.8615,40571954.0,658825002.0,0.6647606614,9.69468718,157.829507,11.52046537,187.553176,0.03521728740720133
CN,002245,2022-11-03,16.11,17.65,16.06,17.4,10.7481,11.7755,10.7147,11.6087,85025701.0,1458279567.0,0.6647606614,9.69468718,168.687557,11.52046537,200.456097,0.07380405067785903
CN,002245,2022-11-04,17.4,17.78,17.2,17.6,11.6087,11.8622,11.4753,11.7421,57393657.0,1010502140.0,0.6647606614,9.69468718,170.626494,11.52046537,202.760191,0.04981887029447318
CN,002245,2022-11-07,17.7,18.84,17.67,18.21,11.8089,12.5694,11.7888,12.1491,69991495.0,1286297916.0,0.6647606614,9.69468718,176.540254,11.52046537,209.787674,0.06075405181309963
CN,002245,2022-11-08,18.01,18.39,17.38,17.47,12.0157,12.2692,11.5954,11.6554,44498861.0,787266480.0,0.6647606614,9.69468718,169.366185,11.52046537,201.26253,0.0386259231470612
CN,002245,2022-11-09,17.32,17.47,16.87,16.93,11.5553,11.6554,11.2551,11.2951,44945333.0,764951920.0,0.6647606614,9.69468718,164.131054,11.52046537,195.041479,0.03901346999144706
CN,002245,2022-11-10,16.93,17.02,16.52,16.6,11.2951,11.3552,11.0216,11.075,35652500.0,594235045.0,0.6647606614,9.69468718,160.931807,11.52046537,191.239725,0.030947100533665332
CN,002245,2022-11-11,17.19,17.49,16.55,16.68,11.4686,11.6687,11.0416,11.1283,45334530.0,770242702.0,0.6647606614,9.69468718,161.707382,11.52046537,192.161362,0.03935130096224576
CN,002245,2022-11-14,16.71,16.85,16.2,16.27,11.1484,11.2418,10.8081,10.854800000000001,27239683.0,448598494.0,0.6647606614,9.69468718,157.73256,11.52046537,187.437972,0.023644602995755545
CN,002245,2022-11-15,16.31,17.01,16.15,16.98,10.881499999999999,11.3485,10.7747,11.3285,33685483.0,563701342.0,0.6647606614,9.69468718,164.615788,11.52046537,195.617502,0.02923968947271789
CN,002245,2022-11-16,17.11,17.16,16.43,16.44,11.4152,11.4486,10.9616,10.9682,31720739.0,527805834.0,0.6647606614,9.69468718,159.380657,11.52046537,189.396451,0.027534251422345103
CN,002245,2022-11-17,16.43,16.43,15.9,16.12,10.9616,10.9616,10.608,10.7547,28401055.0,455448439.0,0.6647606614,9.69468718,156.278357,11.52046537,185.709902,0.024652697688721928
CN,002245,2022-11-18,16.18,16.35,15.89,15.93,10.7948,10.9082,10.6013,10.628,23316543.0,376070270.0,0.6647606614,9.69468718,154.436367,11.52046537,183.521013,0.020239237089082974
CN,002245,2022-11-21,15.9,16.47,15.46,16.42,10.608,10.988199999999999,10.3144,10.9549,28958971.0,468106842.0,0.6647606614,9.69468718,159.186764,11.52046537,189.166041,0.025136980208638915
CN,002245,2022-11-22,16.34,16.53,16.07,16.12,10.9015,11.0283,10.7214,10.7547,19790186.0,322377334.0,0.6647606614,9.69468718,156.278357,11.52046537,185.709902,0.017178286956649216
CN,002245,2022-11-23,16.12,16.59,15.74,16.58,10.7547,11.0683,10.5012,11.0616,30303206.0,490566642.0,0.6647606614,9.69468718,160.737913,11.52046537,191.009316,0.02630380373253967
CN,002245,2022-11-24,16.6,18.0,16.32,17.4,11.075,12.009,10.8882,11.6087,68484620.0,1178425142.0,0.6647606614,9.69468718,168.687557,11.52046537,200.456097,0.05944605343664168
CN,002245,2022-11-25,17.1,17.2,16.41,16.43,11.4086,11.4753,10.9482,10.9616,41297503.0,690700427.0,0.6647606614,9.69468718,159.28371,11.52046537,189.281246,0.035847078805984034
CN,002245,2022-11-28,16.01,16.64,15.93,16.38,10.6813,11.1017,10.628,10.9282,22086468.0,359637435.0,0.6647606614,9.69468718,158.798976,11.52046537,188.705223,0.019171506784365258
CN,002245,2022-11-29,16.26,16.54,16.11,16.42,10.8481,11.0349,10.7481,10.9549,19311629.0,315546938.0,0.6647606614,9.69468718,159.186764,11.52046537,189.166041,0.016762889674829168
CN,002245,2022-11-30,16.67,17.24,16.47,16.8,11.1217,11.502,10.988199999999999,11.2084,38234838.0,647847992.0,0.6647606614,9.69468718,162.870745,11.52046537,193.543818,0.03318862283078066
CN,002245,2022-12-01,17.01,17.28,16.76,16.76,11.3485,11.5286,11.1817,11.1817,31410943.0,534210140.0,0.6647606614,9.69468718,162.482957,11.52046537,193.083,0.027265342146503932
CN,002245,2022-12-02,16.7,17.76,16.58,17.56,11.1417,11.8489,11.0616,11.7154,65058383.0,1134019991.0,0.6647606614,9.69468718,170.238707,11.52046537,202.299372,0.05647200951570588
CN,002245,2022-12-05,17.6,18.4,17.44,17.95,11.7421,12.2759,11.6354,11.9756,64572001.0,1159577076.0,0.6647606614,9.69468718,174.019635,11.52046537,206.792353,0.05604981997354851
CN,002245,2022-12-06,17.95,18.06,17.43,17.48,11.9756,12.049,11.6287,11.6621,33809979.0,596198085.0,0.6647606614,9.69468718,169.463132,11.52046537,201.377735,0.029347754551689607
CN,002245,2022-12-07,17.41,18.18,17.22,18.01,11.6154,12.1291,11.4886,12.0157,50578014.0,904367770.0,0.6647606614,9.69468718,174.601316,11.52046537,207.483581,0.04390275251528316
CN,002245,2022-12-08,17.84,18.01,17.48,17.67,11.9023,12.0157,11.6621,11.7888,25137056.0,445545648.0,0.6647606614,9.69468718,171.305122,11.52046537,203.566623,0.021819479676106174
CN,002245,2022-12-09,17.96,17.96,17.4,17.5,11.9823,11.9823,11.6087,11.6754,26014157.0,458348350.0,0.6647606614,9.69468718,169.657026,11.52046537,201.608144,0.022580821316248615
CN,002245,2022-12-12,17.34,18.27,17.33,17.52,11.5687,12.1891,11.562,11.6888,31338641.0,553535024.0,0.6647606614,9.69468718,169.850919,11.52046537,201.838553,0.02720258252900768
CN,002245,2022-12-13,17.9,17.9,16.55,16.68,11.9423,11.9423,11.0416,11.1283,56856580.0,978377147.0,0.6647606614,9.69468718,161.707382,11.52046537,192.161362,0.049352676453555455
CN,002245,2022-12-14,16.6,16.6,15.65,15.78,11.075,11.075,10.4412,10.5279,58470260.0,938988632.0,0.6647606614,9.69468718,152.982164,11.52046537,181.792944,0.05075338375848961
CN,002245,2022-12-15,15.7,16.38,15.33,16.33,10.4745,10.9282,10.2277,10.8948,38249579.0,608462931.0,0.6647606614,9.69468718,158.314242,11.52046537,188.129199,0.03320141832082952
CN,002245,2022-12-16,16.15,16.39,15.54,15.69,10.7747,10.9349,10.3678,10.4678,32085833.0,507868062.0,0.6647606614,9.69468718,152.109642,11.52046537,180.756102,0.027851160495263916
CN,002245,2022-12-19,15.7,15.96,15.22,15.32,10.4745,10.648,10.1543,10.221,25172286.0,390568412.0,0.6647606614,9.69468718,148.522608,11.52046537,176.493529,0.02185006003798265
CN,002245,2022-12-20,15.35,15.39,15.05,15.09,10.241,10.2677,10.0409,10.0675,16245893.0,246348977.0,0.6647606614,9.69468718,146.29283,11.52046537,173.843822,0.014101768008699809
CN,002245,2022-12-21,15.12,15.29,14.94,14.99,10.0876,10.201,9.9675,10.0008,15028360.0,226812237.0,0.6647606614,9.69468718,145.323361,11.52046537,172.691776,0.013044924416972576
CN,002245,2022-12-22,15.08,15.15,14.42,14.54,10.0609,10.1076,9.6205,9.7006,22682026.0,333626082.0,0.6647606614,9.69468718,140.960752,11.52046537,167.507566,0.019688463331581543
CN,002245,2022-12-23,14.5,14.62,14.3,14.44,9.6739,9.754,9.5405,9.6339,12446592.0,179837964.0,0.6647606614,9.69468718,139.991283,11.52046537,166.35552,0.01080389689153677
CN,002245,2022-12-26,14.43,15.04,14.43,14.99,9.6272,10.0342,9.6272,10.0008,19296245.0,285462986.0,0.6647606614,9.69468718,145.323361,11.52046537,172.691776,0.016749536047604995
CN,002245,2022-12-27,14.98,15.63,14.84,15.5,9.9942,10.4278,9.9008,10.3411,29368283.0,449433535.0,0.6647606614,9.69468718,150.267651,11.52046537,178.567213,0.02549227141160184
CN,002245,2022-12-28,15.42,15.45,15.02,15.28,10.2877,10.3077,10.0208,10.1943,16775638.0,255036041.0,0.6647606614,9.69468718,148.13482,11.52046537,176.032711,0.014561597523381991
CN,002245,2022-12-29,15.15,15.4,15.08,15.14,10.1076,10.2744,10.0609,10.1009,11598859.0,175989923.0,0.6647606614,9.69468718,146.777564,11.52046537,174.419846,0.010068047277156131
CN,002245,2022-12-30,15.2,15.31,14.77,14.88,10.1409,10.2143,9.8541,9.9274,14130244.0,211768528.0,0.6647606614,9.69468718,144.256945,11.52046537,171.424525,0.012265341326224567
CN,002245,2023-01-03,14.99,15.16,14.74,15.11,10.0008,10.1142,9.834,10.0809,14720171.0,220921708.0,0.6647606614,9.69468718,146.486723,11.52046537,174.074232,0.012777410050059463
CN,002245,2023-01-04,15.02,15.06,14.68,14.76,10.0208,10.0475,9.794,9.8474,15972482.0,236636113.0,0.6647606614,9.69468718,143.093583,11.52046537,170.042069,0.013864441658401514
CN,002245,2023-01-05,14.82,15.33,14.76,15.14,9.8874,10.2277,9.8474,10.1009,21201651.0,319868534.0,0.6647606614,9.69468718,146.777564,11.52046537,174.419846,0.01840346749811896
CN,002245,2023-01-06,15.1,15.33,14.98,15.1,10.0742,10.2277,9.9942,10.0742,23109137.0,350649060.0,0.6647606614,9.69468718,146.389776,11.52046537,173.959027,0.020059204431252937
CN,002245,2023-01-09,15.09,15.32,15.0,15.11,10.0675,10.221,10.0075,10.0809,16721903.0,253185101.0,0.6647606614,9.69468718,146.486723,11.52046537,174.074232,0.014514954442330832
CN,002245,2023-01-10,15.0,15.28,14.95,15.18,10.0075,10.1943,9.9741,10.1276,15650170.0,236909354.0,0.6647606614,9.69468718,147.165351,11.52046537,174.880664,0.013584668238102606
CN,002245,2023-01-11,15.17,15.17,14.79,14.81,10.1209,10.1209,9.8674,9.880700000000001,19801467.0,295840597.0,0.6647606614,9.69468718,143.578317,11.52046537,170.618092,0.017188079095801317
CN,002245,2023-01-12,14.8,15.2,14.78,14.89,9.8741,10.1409,9.8607,9.9341,14093385.0,211325034.0,0.6647606614,9.69468718,144.353892,11.52046537,171.539729,0.012233346958969245
CN,002245,2023-01-13,14.95,15.05,14.81,14.94,9.9741,10.0409,9.880700000000001,9.9675,10903894.0,162465337.0,0.6647606614,9.69468718,144.838626,11.52046537,172.115753,0.009464803417051545
CN,002245,2023-01-16,14.93,15.1,14.8,14.92,9.9608,10.0742,9.8741,9.9541,20857207.0,311946848.0,0.6647606614,9.69468718,144.644733,11.52046537,171.885343,0.01810448304832672
CN,002245,2023-01-17,14.96,14.98,14.61,14.69,9.9808,9.9942,9.7473,9.800699999999999,21939061.0,323327659.0,0.6647606614,9.71036241,142.645224,11.52046537,169.235636,0.01904355448793819
CN,002245,2023-01-18,14.6,14.81,14.55,14.65,9.7406,9.880700000000001,9.7073,9.774000000000001,13748412.0,201356201.0,0.6647606614,9.71036241,142.256809,11.52046537,168.774818,0.011933903326337588
CN,002245,2023-01-19,14.68,15.04,14.48,14.94,9.794,10.0342,9.6606,9.9675,23544715.0,349074117.0,0.6647606614,9.71036241,145.072814,11.52046537,172.115753,0.02043729506041647
CN,002245,2023-01-20,14.85,15.2,14.84,15.17,9.907399999999999,10.1409,9.9008,10.1209,41310286.0,620873642.0,0.6647606614,10.82612252,164.232279,11.52046537,174.76546,0.0358581747119127
CN,002245,2023-01-30,15.48,15.59,15.09,15.13,10.3277,10.4011,10.0675,10.0942,46841963.0,717652335.0,0.6647606614,10.82612252,163.799234,11.52046537,174.304641,0.04065978369413735
CN,002245,2023-01-31,15.08,15.24,15.01,15.17,10.0609,10.1676,10.0142,10.1209,25884169.0,391670880.0,0.6647606614,10.82612252,164.232279,11.52046537,174.76546,0.02246798906874367
CN,002245,2023-02-01,15.22,15.68,15.16,15.67,10.1543,10.4612,10.1142,10.4545,51738858.0,799345300.0,0.6647606614,10.82612252,169.64534,11.52046537,180.525692,0.04491038889343061
CN,002245,2023-02-02,15.7,15.89,15.6,15.68,10.4745,10.6013,10.4078,10.4612,40042534.0,629749796.0,0.6647606614,10.82612252,169.753601,11.52046537,180.640897,0.03475773999917852
CN,002245,2023-02-03,15.69,15.69,15.18,15.34,10.4678,10.4678,10.1276,10.2343,34273806.0,525154552.0,0.6647606614,10.82612252,166.072719,11.52046537,176.723939,0.029750365891686198
CN,002245,2023-02-06,15.24,15.55,15.19,15.48,10.1676,10.3744,10.1343,10.3277,26265982.0,404640286.0,0.6647606614,10.82612252,167.588377,11.52046537,178.336804,0.02279941057624133
CN,002245,2023-02-07,15.49,15.49,15.3,15.46,10.3344,10.3344,10.207699999999999,10.3144,16179912.0,248935264.0,0.6647606614,10.82612252,167.371854,11.52046537,178.106395,0.014044495148723319
CN,002245,2023-02-08,15.46,15.65,15.39,15.5,10.3144,10.4412,10.2677,10.3411,27496494.0,427655072.0,0.6647606614,10.82612252,167.804899,11.52046537,178.567213,0.02386752020591335
CN,002245,2023-02-09,15.49,15.65,15.3,15.62,10.3344,10.4412,10.207699999999999,10.4211,28293852.0,438609755.0,0.6647606614,10.82612252,169.104034,11.52046537,179.949669,0.02455964328809054
CN,002245,2023-02-10,15.6,15.6,15.32,15.37,10.4078,10.4078,10.221,10.2544,24139143.0,372653681.0,0.6647606614,10.82612252,166.397503,11.52046537,177.069553,0.020953270744478614
CN,002245,2023-02-13,15.35,15.45,15.28,15.33,10.241,10.3077,10.1943,10.2277,20221246.0,310303560.0,0.6647606614,10.82612252,165.964458,11.52046537,176.608734,0.017552455869237163
CN,002245,2023-02-14,15.37,15.48,15.25,15.33,10.2544,10.3277,10.1743,10.2277,22898165.0,351095909.0,0.6647606614,10.82612252,165.964458,11.52046537,176.608734,0.019876076412354164
CN,002245,2023-02-15,15.33,15.37,15.13,15.26,10.2277,10.2544,10.0942,10.181,20761923.0,316033556.0,0.6647606614,10.82612252,165.20663,11.52046537,175.802302,0.018021774583920302
CN,002245,2023-02-16,15.24,15.25,14.7,14.82,10.1676,10.1743,9.8074,9.8874,28842744.0,432606160.0,0.6647606614,10.82612252,160.443136,11.52046537,170.733297,0.02503609279110224
CN,002245,2023-02-17,14.82,14.92,14.6,14.66,9.8874,9.9541,9.7406,9.7807,16834206.0,248182294.0,0.6647606614,10.82612252,158.710956,11.52046537,168.890022,0.014612435747463213
CN,002245,2023-02-20,14.63,14.78,14.4,14.78,9.7606,9.8607,9.6072,9.8607,21619518.0,314514002.0,0.6647606614,10.82612252,160.010091,11.52046537,170.272478,0.018766184616377177
CN,002245,2023-02-21,14.77,14.97,14.7,14.91,9.8541,9.9875,9.8074,9.9475,17992363.0,267593600.0,0.6647606614,10.82612252,161.417487,11.52046537,171.770139,0.015617739754552988
CN,002245,2023-02-22,14.81,14.93,14.77,14.83,9.880700000000001,9.9608,9.8541,9.8941,11216376.0,166304126.0,0.6647606614,10.82612252,160.551397,11.52046537,170.848501,0.009736044195929909
CN,002245,2023-02-23,14.84,14.92,14.67,14.78,9.9008,9.9541,9.7873,9.8607,12771962.0,189139206.0,0.6647606614,10.82612252,160.010091,11.52046537,170.272478,0.011086324718495291
CN,002245,2023-02-24,14.8,14.81,14.6,14.68,9.8741,9.880700000000001,9.7406,9.794,8712869.0,127880570.0,0.6647606614,10.82612252,158.927479,11.52046537,169.120432,0.007562948822092593
CN,002245,2023-02-27,14.68,14.74,14.5,14.54,9.794,9.834,9.6739,9.7006,10280707.0,149942056.0,0.6647606614,10.82612252,157.411821,11.52046537,167.507566,0.008923864331706246
CN,002245,2023-02-28,14.57,14.66,14.48,14.61,9.7206,9.7807,9.6606,9.7473,9828937.0,143151745.0,0.6647606614,10.82612252,158.16965,11.52046537,168.313999,0.008531718714762302
CN,002245,2023-03-01,14.6,14.62,14.52,14.58,9.7406,9.754,9.6873,9.7273,13403376.0,195180584.0,0.6647606614,10.82612252,157.844866,11.52046537,167.968385,0.011634405008415038
CN,002245,2023-03-02,14.63,14.63,14.41,14.45,9.7606,9.7606,9.6139,9.6406,16203506.0,234542165.0,0.6647606614,10.82612252,156.43747,11.52046537,166.470725,0.014064975224173605
CN,002245,2023-03-03,14.41,14.48,14.3,14.44,9.6139,9.6606,9.5405,9.6339,13905667.0,200059615.0,0.6647606614,10.82612252,156.329209,11.52046537,166.35552,0.012070403888554026
CN,002245,2023-03-06,14.47,14.5,14.31,14.36,9.6539,9.6739,9.5472,9.5805,11404192.0,163886409.0,0.6647606614,10.82612252,155.463119,11.52046537,165.433883,0.009899072332353185
CN,002245,2023-03-07,14.39,14.39,13.96,13.97,9.6005,9.6005,9.3136,9.3203,24524741.0,346217663.0,0.6647606614,10.82612252,151.240932,11.52046537,160.940901,0.021287977709532405
CN,002245,2023-03-08,13.91,14.09,13.88,14.01,9.2803,9.4004,9.2603,9.347,8720294.0,122015849.0,0.6647606614,10.82612252,151.673977,11.52046537,161.40172,0.007569393874233745
CN,002245,2023-03-09,14.01,14.08,13.94,13.95,9.347,9.3937,9.3003,9.307,9132039.0,127790920.0,0.6647606614,10.82612252,151.024409,11.52046537,160.710492,0.00792679697104979
CN,002245,2023-03-10,13.85,13.92,13.57,13.58,9.2403,9.287,9.0535,9.0601,18795055.0,256777946.0,0.6647606614,10.82612252,147.018744,11.52046537,156.44792,0.016314492858025924
CN,002245,2023-03-13,13.46,13.58,13.13,13.33,8.9801,9.0601,8.7599,8.8933,24731320.0,328483190.0,0.6647606614,10.82612252,144.312213,11.52046537,153.567803,0.02146729251441689
CN,002245,2023-03-14,13.31,13.31,12.7,12.91,8.88,8.88,8.473,8.6131,33804256.0,437336994.0,0.6647606614,10.82612252,139.765242,11.52046537,148.729208,0.0293427868704231
CN,002245,2023-03-15,13.0,13.29,13.0,13.09,8.6732,8.8666,8.6732,8.7332,21761392.0,286093925.0,0.6647606614,10.82612252,141.713944,11.52046537,150.802892,0.018889334155430912
CN,002245,2023-03-16,13.0,13.07,12.61,12.62,8.6732,8.719899999999999,8.413,8.419599999999999,21709681.0,277815184.0,0.6647606614,10.82612252,136.625666,11.52046537,145.388273,0.0188444479478523
CN,002245,2023-03-17,12.75,12.8,12.42,12.53,8.5064,8.5397,8.286200000000001,8.3596,25873642.0,324827515.0,0.6647606614,10.82612252,135.651315,11.52046537,144.351431,0.022458851417041324
CN,002245,2023-03-20,12.47,12.71,12.32,12.57,8.3196,8.4797,8.2195,8.3863,16134087.0,202185370.0,0.6647606614,10.82612252,136.08436,11.52046537,144.81225,0.014004718109751152
CN,002245,2023-03-21,12.62,13.83,12.55,13.83,8.419599999999999,9.2269,8.3729,9.2269,41432683.0,551536916.0,0.6647606614,10.82612252,149.725274,11.52046537,159.328036,0.03596441781587509
CN,002245,2023-03-22,14.31,15.0,14.18,14.31,9.5472,10.0075,9.4604,9.5472,112352049.0,1630405359.0,0.6647606614,10.82612252,154.921813,11.52046537,164.857859,0.09752388066941431
CN,002245,2023-03-23,14.0,14.75,13.99,14.54,9.3403,9.8407,9.3337,9.7006,79701006.0,1143157519.0,0.6647606614,10.82612252,157.411821,11.52046537,167.507566,0.06918210631277649
CN,002245,2023-03-24,14.3,14.6,14.17,14.34,9.5405,9.7406,9.4538,9.5672,56573222.0,812557937.0,0.6647606614,10.82612252,155.246597,11.52046537,165.203473,0.049106715903439235
CN,002245,2023-03-27,14.24,15.0,14.16,14.87,9.5005,10.0075,9.4471,9.9208,93196965.0,1369680813.0,0.6647606614,10.82612252,160.984442,11.52046537,171.30932,0.0808968752622534
CN,002245,2023-03-28,14.65,14.79,14.31,14.38,9.774000000000001,9.8674,9.5472,9.5939,49313430.0,715368384.0,0.6647606614,10.82612252,155.679642,11.52046537,165.664292,0.042805067691462535
CN,002245,2023-03-29,14.5,14.5,14.09,14.22,9.6739,9.6739,9.4004,9.4871,39462898.0,563323065.0,0.6647606614,10.82612252,153.947462,11.52046537,163.821018,0.03425460407421024
CN,002245,2023-03-30,14.12,14.39,14.1,14.31,9.4204,9.6005,9.4071,9.5472,32896343.0,468358352.0,0.6647606614,10.82612252,154.921813,11.52046537,164.857859,0.02855469978293073
CN,002245,2023-03-31,14.3,14.68,14.25,14.34,9.5405,9.794,9.5071,9.5672,46244349.0,668425374.0,0.6647606614,10.82612252,155.246597,11.52046537,165.203473,0.04014104249679282
CN,002245,2023-04-03,14.24,14.75,14.16,14.6,9.5005,9.8407,9.4471,9.7406,54588925.0,791908673.0,0.6647606614,10.82612252,158.061389,11.52046537,168.198794,0.04738430544841784
CN,002245,2023-04-04,14.45,14.5,14.16,14.26,9.6406,9.6739,9.4471,9.5138,39042497.0,557743877.0,0.6647606614,10.82612252,154.380507,11.52046537,164.281836,0.033889687392029376
CN,002245,2023-04-06,14.23,14.67,14.07,14.58,9.4938,9.7873,9.387,9.7273,50520455.0,728912435.0,0.6647606614,10.82612252,157.844866,11.52046537,167.968385,0.04385279012387674
CN,002245,2023-04-07,14.43,14.64,14.37,14.38,9.6272,9.7673,9.5872,9.5939,32173874.0,465576337.0,0.6647606614,10.82612252,155.679642,11.52046537,165.664292,0.02792758188725843
CN,002245,2023-04-10,14.5,15.18,14.24,15.08,9.6739,10.1276,9.5005,10.0609,90970648.0,1348627540.0,0.6647606614,10.82612252,163.257928,11.52046537,173.728618,0.07896438648814758
CN,002245,2023-04-11,15.0,15.13,14.74,14.93,10.0075,10.0942,9.834,9.9608,58367356.0,870122853.0,0.6647606614,10.82612252,161.634009,11.52046537,172.000548,0.050664060977946415
CN,002245,2023-04-12,14.85,14.88,14.35,14.6,9.907399999999999,9.9274,9.5738,9.7406,55167083.0,803399777.0,0.6647606614,10.82612252,158.061389,11.52046537,168.198794,0.047886158439101316
CN,002245,2023-04-13,14.5,14.59,14.3,14.34,9.6739,9.734,9.5405,9.5672,29213439.0,420842830.0,0.6647606614,10.82612252,155.246597,11.52046537,165.203473,0.025357863646787732
CN,002245,2023-04-14,14.36,14.79,14.36,14.48,9.5805,9.8674,9.5805,9.6606,47458706.0,691627404.0,0.6647606614,10.82612252,156.762254,11.52046537,166.816339,0.04119512925544257
CN,002245,2023-04-17,14.35,14.61,14.18,14.42,9.5738,9.7473,9.4604,9.6205,31561755.0,455841203.0,0.6647606614,10.82612252,156.112687,11.52046537,166.125111,0.027396250052700778
CN,002245,2023-04-18,14.35,14.65,13.85,13.86,9.5738,9.774000000000001,9.2403,9.2469,48275561.0,686772114.0,0.6647606614,10.82612252,150.050058,11.52046537,159.67365,0.04190417613312091
CN,002245,2023-04-19,13.67,13.68,12.74,13.09,9.1202,9.1268,8.4997,8.7332,63188790.0,828127629.0,0.6647606614,10.82612252,141.713944,11.52046537,150.802892,0.05484916448301428
CN,002245,2023-04-20,13.01,13.2,12.8,13.2,8.6798,8.8066,8.5397,8.8066,30433768.0,394514793.0,0.6647606614,10.82612252,142.904817,11.52046537,152.070143,0.0264171342238061
CN,002245,2023-04-21,13.15,13.29,12.64,12.7,8.7732,8.8666,8.433,8.473,34184278.0,442137938.0,0.6647606614,10.82612252,137.491756,11.52046537,146.30991,0.02967265375322247
CN,002245,2023-04-24,12.7,12.8,12.47,12.56,8.473,8.5397,8.3196,8.3796,21232044.0,267281155.0,0.6647606614,10.82612252,135.976099,11.52046537,144.697045,0.018429849244883414
CN,002245,2023-04-25,11.54,11.87,11.3,11.3,7.6991,7.9193,7.539,7.539,48884610.0,558762223.0,0.6647606614,10.82612252,122.335184,11.52046537,130.181259,0.042432843144773066
CN,002245,2023-04-26,10.9,11.59,10.7,11.21,7.2721,7.7325,7.1387,7.4789,33579641.0,376531560.0,0.6647606614,10.82612252,121.360833,11.52046537,129.144417,0.029147816447973925
CN,002245,2023-04-27,11.16,11.39,10.96,10.96,7.4456,7.599,7.3121,7.3121,24884650.0,275781853.0,0.6647606614,10.82612252,118.654303,11.52046537,126.2643,0.021600386096208544
CN,002245,2023-04-28,11.02,11.22,11.01,11.12,7.3522,7.4856,7.3455,7.4189,17231791.0,191133660.0,0.6647606614,10.82612252,120.386482,11.52046537,128.107575,0.01495754767413532
CN,002245,2023-05-04,11.12,11.37,11.12,11.21,7.4189,7.5857,7.4189,7.4789,15998475.0,179876537.0,0.6647606614,10.82612252,121.360833,11.52046537,129.144417,0.013887004115008246
CN,002245,2023-05-05,11.2,11.21,10.88,10.97,7.4723,7.4789,7.2588,7.3187999999999995,15699388.0,173209324.0,0.6647606614,10.82612252,118.762564,11.52046537,126.379505,0.013627390470598673
CN,002245,2023-05-08,10.98,11.17,10.93,11.02,7.3255,7.4523,7.2921,7.3522,12747184.0,140441052.0,0.6647606614,10.82612252,119.30387,11.52046537,126.955528,0.011064816906784384
CN,002245,2023-05-09,11.04,11.07,10.8,10.81,7.3655,7.3855,7.2054,7.2121,17473319.0,190641227.0,0.6647606614,10.82612252,117.030384,11.52046537,124.536231,0.015167198927138479
CN,002245,2023-05-10,10.81,11.12,10.72,10.98,7.2121,7.4189,7.152,7.3255,17287633.0,189219441.0,0.6647606614,10.82612252,118.870825,11.52046537,126.49471,0.015006019674359735
CN,002245,2023-05-11,11.03,11.23,10.95,11.11,7.3588000000000005,7.4923,7.3055,7.4122,18931703.0,210353571.0,0.6647606614,10.82612252,120.278221,11.52046537,127.99237,0.016433106121996874
CN,002245,2023-05-12,11.11,11.23,10.87,10.88,7.4122,7.4923,7.2521,7.2588,14510700.0,159144314.0,0.6647606614,10.82612252,117.788213,11.52046537,125.342663,0.012595584929916769
CN,002245,2023-05-15,10.93,11.24,10.88,11.24,7.2921,7.499,7.2588,7.499,27031692.0,300656231.0,0.6647606614,10.82612252,121.685617,11.52046537,129.490031,0.02346406254593863
CN,002245,2023-05-16,11.25,11.25,11.07,11.1,7.5056,7.5056,7.3855,7.4056,15534423.0,172775713.0,0.6647606614,10.82612252,120.16996,11.52046537,127.877166,0.01348419747040132
CN,002245,2023-05-17,11.04,11.16,10.96,11.15,7.3655,7.4456,7.3121,7.4389,13401041.0,148505070.0,0.6647606614,10.82612252,120.711266,11.52046537,128.453189,0.011632378180569974
CN,002245,2023-05-18,11.19,11.2,11.02,11.1,7.4656,7.4723,7.3522,7.4056,13159499.0,145903505.0,0.6647606614,10.82612252,120.16996,11.52046537,127.877166,0.01142271477527995
CN,002245,2023-05-19,11.32,11.4,11.1,11.13,7.5523,7.6057,7.4056,7.4256,18792571.0,210974929.0,0.6647606614,10.82612252,120.494744,11.52046537,128.22278,0.016312336695127796
CN,002245,2023-05-22,11.04,11.12,10.97,11.04,7.3655,7.4189,7.3187999999999995,7.3655,13314278.0,147071676.0,0.6647606614,10.82612252,119.520393,11.52046537,127.185938,0.01155706611876218
CN,002245,2023-05-23,11.04,11.08,10.9,10.9,7.3655,7.3922,7.2721,7.2721,11488084.0,125970843.0,0.6647606614,10.82612252,118.004735,11.52046537,125.573073,0.009971892307333067
CN,002245,2023-05-24,10.86,10.98,10.8,10.82,7.2454,7.3255,7.2054,7.2187,10926763.0,118906409.0,0.6647606614,10.82612252,117.138646,11.52046537,124.651435,0.009484654177646297
CN,002245,2023-05-25,10.78,10.9,10.58,10.7,7.1921,7.2721,7.0586,7.1387,15951909.0,170934308.0,0.6647606614,10.82612252,115.839511,11.52046537,123.268979,0.013846583872852699
CN,002245,2023-05-26,10.65,10.7,10.35,10.48,7.1053,7.1387,6.9052,6.9919,16904956.0,176757149.0,0.6647606614,10.82612252,113.457764,11.52046537,120.734477,0.014673848197158376
CN,002245,2023-05-29,10.49,10.52,10.17,10.21,6.9986,7.0186,6.7851,6.8118,19548500.0,201182856.0,0.6647606614,10.82612252,110.534711,11.52046537,117.623951,0.016968498556408577
CN,002245,2023-05-30,10.18,10.3,10.06,10.26,6.7918,6.8718,6.7117,6.8451,16147605.0,164255131.0,0.6647606614,10.82612252,111.076017,11.52046537,118.199975,0.014016452010740256
CN,002245,2023-05-31,10.26,10.26,10.03,10.03,6.8451,6.8451,6.6917,6.6917,13819061.0,139344805.0,0.6647606614,10.82612252,108.586009,11.52046537,115.550268,0.011995228105963223
CN,002245,2023-06-01,10.04,10.32,9.93,10.28,6.6984,6.8852,6.625,6.8585,20056256.0,204631163.0,0.6647606614,10.82612252,111.29254,11.52046537,118.430384,0.017409241168527552
CN,002245,2023-06-02,10.28,10.73,10.28,10.62,6.8585,7.1587,6.8585,7.0853,24312514.0,256854684.0,0.6647606614,10.82612252,114.973421,11.52046537,122.347342,0.021103760324918192
CN,002245,2023-06-05,10.68,10.7,10.47,10.51,7.1253,7.1387,6.9852,7.0119,12806487.0,134924624.0,0.6647606614,10.82612252,113.782548,11.52046537,121.080091,0.01111629312592604
CN,002245,2023-06-06,10.6,10.6,10.17,10.21,7.072,7.072,6.7851,6.8118,14592227.0,150608718.0,0.6647606614,10.82612252,110.534711,11.52046537,117.623951,0.012666352036436875
CN,002245,2023-06-07,10.23,10.28,10.09,10.12,6.8251,6.8585,6.7317,6.7517,10829147.0,109938360.0,0.6647606614,10.82612252,109.56036,11.52046537,116.58711,0.00939992148945629
CN,002245,2023-06-08,10.12,10.32,9.95,10.0,6.7517,6.8852,6.6383,6.6716999999999995,18522521.0,187396957.0,0.6647606614,10.82612252,108.261225,11.52046537,115.204654,0.016077927761697704
CN,002245,2023-06-09,10.02,10.24,9.92,10.06,6.6850000000000005,6.8318,6.6183,6.7117,17255684.0,173380106.0,0.6647606614,10.82612252,108.910793,11.52046537,115.895882,0.014978287287712232
CN,002245,2023-06-12,10.04,10.27,9.95,10.21,6.6984,6.8518,6.6383,6.8118,16722491.0,169264803.0,0.6647606614,10.82612252,110.534711,11.52046537,117.623951,0.01451546483837918
CN,002245,2023-06-13,10.2,10.31,10.17,10.23,6.8051,6.8785,6.7851,6.8251,10341161.0,105921532.0,0.6647606614,10.82612252,110.751233,11.52046537,117.854361,0.008976339642432343
CN,002245,2023-06-14,10.19,10.25,10.03,10.04,6.7984,6.8385,6.6917,6.6984,12443959.0,125772205.0,0.6647606614,10.82612252,108.69427,11.52046537,115.665472,0.01080161139358557
CN,002245,2023-06-15,10.02,10.36,9.99,10.34,6.6850000000000005,6.9118,6.665,6.8985,23676207.0,242870511.0,0.6647606614,10.82612252,111.942107,11.52046537,119.121612,0.020551432810738963
CN,002245,2023-06-16,10.35,10.43,10.23,10.4,6.9052,6.9585,6.8251,6.9385,18102897.0,187429484.0,0.6647606614,10.82612252,112.591674,11.52046537,119.81284,0.015713685531437867
CN,002245,2023-06-19,10.39,10.5,10.28,10.3,6.9319,7.0053,6.8585,6.8718,14692600.0,152289543.0,0.6647606614,10.82612252,111.509062,11.52046537,118.660793,0.012753477857118892
CN,002245,2023-06-20,10.3,10.37,10.16,10.19,6.8718,6.9185,6.7783999999999995,6.7984,12988980.0,133051106.0,0.6647606614,10.82612252,110.318188,11.52046537,117.393542,0.011274700789278967
CN,002245,2023-06-21,10.16,10.31,9.93,9.93,6.7783999999999995,6.8785,6.625,6.625,21297922.0,214361792.0,0.6647606614,10.82612252,107.503397,11.52046537,114.398221,0.018487032698749392
CN,002245,2023-06-26,9.88,10.04,9.72,9.81,6.5916,6.6984,6.4849,6.5449,18759916.0,184885697.0,0.6647606614,10.82612252,106.204262,11.52046537,113.015765,0.016283991486014077
CN,002245,2023-06-27,9.86,10.28,9.76,10.12,6.5783000000000005,6.8585,6.5115,6.7517,18670887.0,187948927.0,0.6647606614,10.82612252,109.56036,11.52046537,116.58711,0.016206712489775055
CN,002245,2023-06-28,10.13,10.13,9.89,9.98,6.7584,6.7584,6.5983,6.6583,13046940.0,130043062.0,0.6647606614,10.82612252,108.044703,11.52046537,114.974244,0.011325011256902029
CN,002245,2023-06-29,9.93,10.14,9.9,9.95,6.625,6.7651,6.605,6.6383,12490019.0,124989798.0,0.6647606614,10.82612252,107.719919,11.52046537,114.62863,0.01084159241737298
CN,002245,2023-06-30,9.96,10.95,9.93,10.95,6.645,7.3055,6.625,7.3055,57232360.0,604869446.0,0.6647606614,10.82612252,118.546042,11.52046537,126.149096,0.049678861193434586
CN,002245,2023-07-03,11.0,11.12,10.89,10.99,7.3388,7.4189,7.2654,7.3322,62177077.0,682881252.0,0.6647606614,10.82612252,118.979086,11.52046537,126.609914,0.053970976868619326
CN,002245,2023-07-04,11.05,11.24,10.91,11.12,7.3722,7.499,7.2788,7.4189,43931350.0,486997883.0,0.6647606614,10.82612252,120.386482,11.52046537,128.107575,0.03813331197053891
CN,002245,2023-07-05,11.13,11.2,10.95,11.01,7.4256,7.4723,7.3055,7.3455,27265946.0,302103859.0,0.6647606614,10.82612252,119.195609,11.52046537,126.840324,0.02366739981789468
CN,002245,2023-07-06,10.95,11.09,10.85,11.01,7.3055,7.3989,7.2388,7.3455,23194456.0,254358784.0,0.6647606614,10.82612252,119.195609,11.52046537,126.840324,0.020133263071472608
CN,002245,2023-07-07,10.98,10.99,10.77,10.8,7.3255,7.3322,7.1854,7.2054,20148164.0,218699646.0,0.6647606614,10.82612252,116.922123,11.52046537,124.421026,0.017489019195758407
CN,002245,2023-07-10,10.93,11.2,10.82,11.01,7.2921,7.4723,7.2187,7.3455,29715269.0,329125522.0,0.6647606614,10.82612252,119.195609,11.52046537,126.840324,0.025793462369480654
CN,002245,2023-07-11,10.98,11.14,10.88,11.1,7.3456,7.4526,7.2787,7.4258,22456891.0,247227911.0,0.668990991,10.82612252,120.16996,11.52046537,127.877166,0.019493041538477366
CN,002245,2023-07-12,11.09,11.45,10.99,11.21,7.4191,7.66,7.3522,7.4994,41086158.0,461867454.0,0.668990991,10.82612252,121.360833,11.52046537,129.144417,0.035663627015442345
CN,002245,2023-07-13,11.18,11.62,11.17,11.4,7.4794,7.7737,7.4727,7.6265,31918895.0,363747704.0,0.668990991,10.82612252,123.417797,11.52046537,131.333305,0.027706254890639024
CN,002245,2023-07-14,11.29,11.36,10.9,10.95,7.5529,7.5998,7.292,7.3255,38036622.0,420987343.0,0.668990991,10.82612252,118.546042,11.52046537,126.149096,0.03301656728125732
CN,002245,2023-07-17,10.89,10.98,10.71,10.98,7.2853,7.3456,7.1649,7.3456,12664607.0,137836470.0,0.668990991,10.82612252,118.870825,11.52046537,126.49471,0.010993138378749365
CN,002245,2023-07-18,10.98,10.99,10.8,10.88,7.3456,7.3522,7.2251,7.2787,12686828.0,137982335.0,0.668990991,10.82612252,117.788213,11.52046537,125.342663,0.011012426662066343
CN,002245,2023-07-19,10.8,10.92,10.71,10.88,7.2251,7.3054,7.1649,7.2787,11409987.0,123289910.0,0.668990991,10.82612252,117.788213,11.52046537,125.342663,0.009904102511095001
CN,002245,2023-07-20,10.93,11.03,10.74,10.75,7.3121,7.379,7.185,7.1917,14921306.0,162505451.0,0.668990991,10.82612252,116.380817,11.52046537,123.845003,0.012951999351394258
CN,002245,2023-07-21,10.73,11.25,10.62,11.1,7.1783,7.5262,7.1047,7.4258,32708083.0,362288314.0,0.668990991,10.82612252,120.16996,11.52046537,127.877166,0.02839128624540972
CN,002245,2023-07-24,11.15,11.15,10.69,10.7,7.4593,7.4593,7.1515,7.1582,22677250.0,245605586.0,0.668990991,10.82612252,115.839511,11.52046537,123.268979,0.019684317665719438
CN,002245,2023-07-25,10.78,11.1,10.76,11.03,7.2118,7.4258,7.1984,7.379,25006426.0,275033870.0,0.668990991,10.82612252,119.412131,11.52046537,127.070733,0.021706090159446398
CN,002245,2023-07-26,11.05,11.06,10.84,10.92,7.3924,7.3991,7.2519,7.3054,13158100.0,143637615.0,0.668990991,10.82612252,118.221258,11.52046537,125.803482,0.011421500414613893
CN,002245,2023-07-27,10.97,11.06,10.7,10.74,7.3389,7.3991,7.1582,7.185,18934469.0,205298177.0,0.668990991,10.82612252,116.272556,11.52046537,123.729798,0.016435507066673297
CN,002245,2023-07-28,10.7,10.91,10.37,10.82,7.1582,7.2987,6.9375,7.2385,22722561.0,241730344.0,0.668990991,10.82612252,117.138646,11.52046537,124.651435,0.019723648542159543
CN,002245,2023-07-31,10.78,11.16,10.76,11.02,7.2118,7.466,7.1984,7.3723,26538235.0,293094280.0,0.668990991,10.82612252,119.30387,11.52046537,126.955528,0.023035731758811753
CN,002245,2023-08-01,11.0,11.05,10.86,10.92,7.3589,7.3924,7.2653,7.3054,12719255.0,139059613.0,0.668990991,10.82612252,118.221258,11.52046537,125.803482,0.011040573962508252
CN,002245,2023-08-02,10.88,11.03,10.82,10.86,7.2787,7.379,7.2385,7.2653,10670892.0,116209910.0,0.668990991,10.82612252,117.571691,11.52046537,125.112254,0.00926255290674946
CN,002245,2023-08-03,10.82,11.06,10.8,11.05,7.2385,7.3991,7.2251,7.3924,17145487.0,187470369.0,0.668990991,10.82612252,119.628654,11.52046537,127.301142,0.014882634033732614
CN,002245,2023-08-04,11.13,11.4,11.12,11.3,7.4459,7.6265,7.4392,7.5596,40674333.0,459051298.0,0.668990991,10.82612252,122.335184,11.52046537,130.181259,0.03530615447698707
CN,002245,2023-08-07,11.29,11.35,11.13,11.29,7.5529,7.5931,7.4459,7.5529,17599816.0,197421635.0,0.668990991,10.82612252,122.226923,11.52046537,130.066054,0.01527700091511147
CN,002245,2023-08-08,11.29,11.29,10.95,11.06,7.5529,7.5529,7.3255,7.3991,18691228.0,206851038.0,0.668990991,10.82612252,119.736915,11.52046537,127.416347,0.016224368894570098
CN,002245,2023-08-09,11.01,11.05,10.93,11.0,7.3656,7.3924,7.3121,7.3589,8471342.0,93014431.0,0.668990991,10.82612252,119.087348,11.52046537,126.725119,0.007353298437109924
CN,002245,2023-08-10,10.9,11.08,10.76,10.83,7.292,7.4125,7.1984,7.2452,16370104.0,177843344.0,0.668990991,10.82612252,117.246907,11.52046537,124.76664,0.014209585701831765
CN,002245,2023-08-11,10.81,10.83,10.53,10.54,7.2318,7.2452,7.0445,7.0512,12790437.0,136236918.0,0.668990991,10.82612252,114.107331,11.52046537,121.425705,0.011102361397055265
CN,002245,2023-08-14,10.36,10.47,10.26,10.43,6.9308,7.0044,6.8639,6.9776,9816387.0,101861496.0,0.668990991,10.82612252,112.916458,11.52046537,120.158454,0.008520825057607893
CN,002245,2023-08-15,10.43,10.75,10.38,10.65,6.9776,7.1917,6.9442,7.1248,16430739.0,174167312.0,0.668990991,10.82261532,115.260853,11.52046537,122.692956,0.014262218124266625
CN,002245,2023-08-16,10.57,10.69,10.45,10.47,7.0713,7.1515,6.991,7.0044,7807502.0,82358333.0,0.668990991,10.82261532,113.312782,11.52046537,120.619272,0.006777071714768759
CN,002245,2023-08-17,10.4,10.59,10.32,10.53,6.9575,7.0846,6.904,7.0445,7642700.0,79947993.0,0.668990991,10.82261532,113.962139,11.52046537,121.3105,0.00663402020191134
CN,002245,2023-08-18,10.45,10.55,10.24,10.24,6.991,7.0579,6.8505,6.8505,8893800.0,92200099.0,0.668990991,10.82261532,110.823581,11.52046537,117.969565,0.007720000637439528
CN,002245,2023-08-21,10.2,10.32,10.11,10.11,6.8237,6.904,6.7635,6.7635,7523294.0,76653192.0,0.668990991,10.82261532,109.416641,11.52046537,116.471905,0.0065303733472357114
CN,002245,2023-08-22,10.11,10.19,9.88,10.08,6.7635,6.817,6.6097,6.7435,11772394.0,117789188.0,0.668990991,10.82261532,109.091962,11.52046537,116.126291,0.010218679212956135
CN,002245,2023-08-23,10.0,10.03,9.78,9.78,6.6899,6.71,6.5428,6.5428,9037745.0,89269987.0,0.668990991,10.82261532,105.845178,11.52046537,112.670151,0.00784494784692886
CN,002245,2023-08-24,9.78,9.87,9.61,9.67,6.5428,6.603,6.429,6.4692,12863246.0,124852857.0,0.668990991,10.82261532,104.65469,11.52046537,111.4029,0.011165561100940144
CN,002245,2023-08-25,9.6,9.64,9.42,9.47,6.4223,6.4491,6.3019,6.3354,10362202.0,98643062.0,0.668990991,10.82261532,102.490167,11.52046537,109.098807,0.008994603661570661
CN,002245,2023-08-28,10.17,10.17,9.36,9.46,6.8037,6.8037,6.2618,6.3286999999999995,13546756.0,131271796.0,0.668990991,10.82261532,102.381941,11.52046537,108.983602,0.0117588617863273
CN,002245,2023-08-29,9.47,9.78,9.45,9.76,6.3354,6.5428,6.322,6.5294,12940894.0,125165554.0,0.668990991,10.82261532,105.628726,11.52046537,112.439742,0.011232961155978025
CN,002245,2023-08-30,9.75,9.86,9.72,9.78,6.5227,6.5963,6.5026,6.5428,9950898.0,97458629.0,0.668990991,10.82261532,105.845178,11.52046537,112.670151,0.00863758336179088
CN,002245,2023-08-31,9.79,9.79,9.59,9.65,6.5495,6.5495,6.4157,6.4558,7338200.0,70868811.0,0.668990991,10.82261532,104.438238,11.52046537,111.172491,0.006369707962587279
CN,002245,2023-09-01,9.65,9.72,9.61,9.68,6.4558,6.5026,6.429,6.4759,5162700.0,49914688.0,0.668990991,10.82261532,104.762916,11.52046537,111.518105,0.004481329385741645
CN,002245,2023-09-04,9.75,9.88,9.65,9.87,6.5227,6.6097,6.4558,6.603,10668698.0,104451312.0,0.668990991,10.82261532,106.819213,11.52046537,113.706993,0.009260648469793542
CN,002245,2023-09-05,9.82,9.92,9.78,9.83,6.5695,6.6364,6.5428,6.5762,7833860.0,77055266.0,0.668990991,10.82261532,106.386309,11.52046537,113.246175,0.006799950998854484
CN,002245,2023-09-06,9.8,9.92,9.72,9.91,6.5561,6.6364,6.5026,6.6297,7982300.0,78487939.0,0.668990991,10.82261532,107.252118,11.52046537,114.167812,0.006928799960448126
CN,002245,2023-09-07,9.92,9.93,9.65,9.66,6.6364,6.6431000000000004,6.4558,6.4625,10480194.0,102029867.0,0.668990991,10.82261532,104.546464,11.52046537,111.287695,0.009097023135272877
CN,002245,2023-09-08,9.6,9.76,9.57,9.68,6.4223,6.5294,6.4023,6.4759,5923612.0,57341108.0,0.668990991,10.82261532,104.762916,11.52046537,111.518105,0.005141816593126047
CN,002245,2023-09-11,9.68,9.82,9.62,9.77,6.4759,6.5695,6.4357,6.5361,6999711.0,68215309.0,0.668990991,10.82261532,105.736952,11.52046537,112.554947,0.006075892574815317
CN,002245,2023-09-12,9.77,9.94,9.75,9.82,6.5361,6.6498,6.5227,6.5695,8609880.0,84748634.0,0.668990991,10.82261532,106.278082,11.52046537,113.13097,0.007473552259807713
CN,002245,2023-09-13,9.78,9.8,9.56,9.64,6.5428,6.5561,6.3956,6.4491,8879600.0,85795325.0,0.668990991,10.82261532,104.330012,11.52046537,111.057286,0.007707674746475975
CN,002245,2023-09-14,9.61,9.63,9.42,9.48,6.429,6.4424,6.3019,6.3421,7740000.0,73560595.0,0.668990991,10.82261532,102.598393,11.52046537,109.214012,0.006718478595626385
CN,002245,2023-09-15,9.56,9.57,9.4,9.44,6.3956,6.4023,6.2885,6.3153,6482656.0,61335556.0,0.668990991,10.82261532,102.165489,11.52046537,108.753193,0.005627078240156196
CN,002245,2023-09-18,9.44,9.69,9.37,9.61,6.3153,6.4826,6.2685,6.429,9446800.0,90620697.0,0.668990991,10.82261532,104.005333,11.52046537,110.711672,0.008200015968625754
CN,002245,2023-09-19,9.6,9.6,9.42,9.46,6.4223,6.4223,6.3019,6.3286999999999995,6083077.0,57619495.0,0.668990991,10.82261532,102.381941,11.52046537,108.983602,0.005280235480626248
CN,002245,2023-09-20,9.42,9.49,9.32,9.32,6.3019,6.3488,6.235,6.235,5763000.0,54085703.0,0.668990991,10.82261532,100.866775,11.52046537,107.370737,0.005002402086123367
CN,002245,2023-09-21,9.33,9.39,9.27,9.28,6.2417,6.2819,6.2016,6.2083,5300757.0,49387775.0,0.668990991,10.82261532,100.43387,11.52046537,106.909919,0.004601165690583556
CN,002245,2023-09-22,9.25,9.41,9.24,9.38,6.1882,6.2952,6.1815,6.2752,7737918.0,72336466.0,0.668990991,10.82261532,101.516132,11.52046537,108.061965,0.006716671376965391
CN,002245,2023-09-25,9.38,9.41,9.12,9.14,6.2752,6.2952,6.1012,6.1146,11638729.0,107268508.0,0.668990991,10.82261532,98.918704,11.52046537,105.297053,0.01010265525410802
CN,002245,2023-09-26,9.17,9.18,8.8,8.82,6.1347,6.1414,5.8871,5.9005,17927789.0,160168999.0,0.668990991,10.82261532,95.455467,11.52046537,101.610505,0.01556168819940648
CN,002245,2023-09-27,8.82,9.22,8.8,9.07,5.9005,6.1681,5.8871,6.0678,18418626.0,166974953.0,0.668990991,10.82261532,98.161121,11.52046537,104.490621,0.01598774477284853
CN,002245,2023-09-28,9.09,9.25,9.07,9.09,6.0812,6.1882,6.0678,6.0812,11080000.0,101194869.0,0.668990991,10.82261532,98.377573,11.52046537,104.72103,0.009617667033532343
CN,002245,2023-10-09,9.1,9.18,9.01,9.13,6.0878,6.1414,6.0276,6.1079,7685800.0,69958884.0,0.668990991,10.82261532,98.810478,11.52046537,105.181849,0.006671431885047192
CN,002245,2023-10-10,9.13,9.33,9.13,9.17,6.1079,6.2417,6.1079,6.1347,10636670.0,97891599.0,0.668990991,10.82261532,99.243382,11.52046537,105.642667,0.0092328475095273
CN,002245,2023-10-11,9.26,9.28,9.12,9.14,6.1949,6.2083,6.1012,6.1146,8338200.0,76650690.0,0.668990991,10.82261532,98.918704,11.52046537,105.297053,0.007237728452978285
CN,002245,2023-10-12,9.22,9.55,9.18,9.53,6.1681,6.3889,6.1414,6.3755,28493607.0,268859045.0,0.668990991,10.82261532,103.139524,11.52046537,109.790035,0.024733034721148597
CN,002245,2023-10-13,9.44,9.48,9.32,9.37,6.3153,6.3421,6.235,6.2685,12964913.0,121759068.0,0.668990991,10.82261532,101.407906,11.52046537,107.946761,0.011253810140136726
CN,002245,2023-10-16,9.4,9.43,9.1,9.15,6.2885,6.3086,6.0878,6.1213,10880273.0,100018348.0,0.668990991,10.82261532,99.02693,11.52046537,105.412258,0.009444299905048019
CN,002245,2023-10-17,9.15,9.39,9.11,9.21,6.1213,6.2819,6.0945,6.1614,11097305.0,102657967.0,0.668990991,10.82261532,99.676287,11.52046537,106.103486,0.009632688128118561
CN,002245,2023-10-18,9.12,9.2,8.98,8.98,6.1012,6.1547,6.0076,6.0076,9572500.0,86597992.0,0.668990991,10.82261532,97.187086,11.52046537,103.453779,0.008309126144267903
CN,002245,2023-10-19,8.91,9.04,8.83,8.84,5.9607,6.0477,5.9072,5.9139,11094400.0,98730643.0,0.668990991,10.82261532,95.671919,11.52046537,101.840914,0.009630166528593975
CN,002245,2023-10-20,8.8,9.1,8.79,8.96,5.8871,6.0878,5.8805,5.9942,13662600.0,122437421.0,0.668990991,10.82261532,96.970633,11.52046537,103.22337,0.011859416752016155
CN,002245,2023-10-23,8.97,8.97,8.56,8.61,6.0009,6.0009,5.7266,5.76,12341306.0,107457399.0,0.668990991,10.82261532,93.182718,11.52046537,99.191207,0.010712506486185462
CN,002245,2023-10-24,8.62,8.88,8.62,8.82,5.7667,5.9407,5.7667,5.9005,15121742.0,132669304.0,0.668990991,10.82261532,95.455467,11.52046537,101.610505,0.01312598190640627
CN,002245,2023-10-25,8.85,8.98,8.76,8.78,5.9206,6.0076,5.8604,5.8738,9770100.0,86452343.0,0.668990991,10.82261532,95.022563,11.52046537,101.149686,0.008480646993169166
CN,002245,2023-10-26,8.7,8.78,8.52,8.72,5.8202,5.8738,5.6998,5.8336,12954457.0,111613924.0,0.668990991,10.82261532,94.373206,11.52046537,100.458458,0.011244734117889198
CN,002245,2023-10-27,8.67,9.09,8.62,9.04,5.8002,6.0812,5.7667,6.0477,24110516.0,215286276.0,0.668990991,10.82261532,97.836442,11.52046537,104.145007,0.02092842192190019
CN,002245,2023-10-30,8.98,9.34,8.97,9.28,6.0076,6.2484,6.0009,6.2083,20099428.0,185370711.0,0.668990991,10.82261532,100.43387,11.52046537,106.909919,0.017446715349138713
CN,002245,2023-10-31,9.27,9.31,9.14,9.24,6.2016,6.2283,6.1146,6.1815,12104216.0,111467707.0,0.668990991,10.82261532,100.000966,11.52046537,106.4491,0.010506707508118659
CN,002245,2023-11-01,9.26,9.32,9.18,9.28,6.1949,6.235,6.1414,6.2083,8347288.0,77322648.0,0.668990991,10.82261532,100.43387,11.52046537,106.909919,0.007245617023194958
CN,002245,2023-11-02,9.26,9.38,9.13,9.16,6.1949,6.2752,6.1079,6.128,8366916.0,77189181.0,0.668990991,10.82261532,99.135156,11.52046537,105.527463,0.007262654529380352
CN,002245,2023-11-03,9.15,9.29,9.15,9.26,6.1213,6.215,6.1213,6.1949,9414091.0,87164701.0,0.668990991,10.82261532,100.217418,11.52046537,106.679509,0.008171623886405554
CN,002245,2023-11-06,9.31,9.56,9.3,9.51,6.2283,6.3956,6.2216,6.3621,16555386.0,156975909.0,0.668990991,10.82261532,102.923072,11.52046537,109.559626,0.014370414274332392
CN,002245,2023-11-07,9.52,9.52,9.4,9.43,6.3688,6.3688,6.2885,6.3086,9310061.0,87917467.0,0.668990991,10.82261532,102.057262,11.52046537,108.637988,0.008081323714790178
CN,002245,2023-11-08,9.43,9.49,9.36,9.44,6.3086,6.3488,6.2618,6.3153,8367292.0,78933094.0,0.668990991,10.82261532,102.165489,11.52046537,108.753193,0.007262980905084739
CN,002245,2023-11-09,9.4,9.48,9.35,9.38,6.2885,6.3421,6.2551,6.2752,7135816.0,67146710.0,0.668990991,10.82261532,101.516132,11.52046537,108.061965,0.006194034503659985
CN,002245,2023-11-10,9.37,9.4,9.28,9.33,6.2685,6.2885,6.2083,6.2417,7755814.0,72364187.0,0.668990991,10.82261532,100.975001,11.52046537,107.485942,0.0067322054716614285
CN,002245,2023-11-13,9.38,9.44,9.32,9.4,6.2752,6.3153,6.235,6.2885,5945000.0,55762444.0,0.668990991,10.82261532,101.732584,11.52046537,108.292374,0.0051603818153745295
CN,002245,2023-11-14,9.4,9.49,9.36,9.41,6.2885,6.3488,6.2618,6.2952,7951101.0,74807623.0,0.668990991,10.82261532,101.84081,11.52046537,108.407579,0.006901718589168417
CN,002245,2023-11-15,9.48,9.78,9.46,9.57,6.3421,6.5428,6.3286999999999995,6.4023,19754732.0,189377280.0,0.668990991,10.82261532,103.572429,11.52046537,110.250854,0.017147512158182894
CN,002245,2023-11-16,9.57,9.59,9.36,9.37,6.4023,6.4157,6.2618,6.2685,10764900.0,101689671.0,0.668990991,10.82261532,101.407906,11.52046537,107.946761,0.009344153777010138
CN,002245,2023-11-17,9.38,9.5,9.34,9.43,6.2752,6.3554,6.2484,6.3086,7605548.0,71766507.0,0.668990991,10.82261532,102.057262,11.52046537,108.637988,0.006601771504652333
CN,002245,2023-11-20,9.43,9.47,9.25,9.42,6.3086,6.3354,6.1882,6.3019,11306628.0,105843073.0,0.668990991,10.82261532,101.949036,11.52046537,108.522784,0.009814384781228678
CN,002245,2023-11-21,9.44,9.49,9.33,9.34,6.3153,6.3488,6.2417,6.2484,8843200.0,83303602.0,0.668990991,10.82261532,101.083227,11.52046537,107.601147,0.007676078800625742
CN,002245,2023-11-22,9.3,9.34,9.11,9.11,6.2216,6.2484,6.0945,6.0945,12634999.0,116224650.0,0.668990991,10.82261532,98.594026,11.52046537,104.95144,0.010967438028069867
CN,002245,2023-11-23,9.09,9.23,9.08,9.21,6.0812,6.1748,6.0745,6.1614,6940451.0,63622836.0,0.668990991,10.82261532,99.676287,11.52046537,106.103486,0.006024453680554746
CN,002245,2023-11-24,9.21,9.23,9.04,9.05,6.1614,6.1748,6.0477,6.0544,8796692.0,79972206.0,0.668990991,10.82261532,97.944669,11.52046537,104.260212,0.007635708903658637
CN,002245,2023-11-27,9.05,9.13,9.01,9.09,6.0544,6.1079,6.0276,6.0812,8983503.0,81556402.0,0.668990991,10.82261532,98.377573,11.52046537,104.72103,0.007797864679489072
CN,002245,2023-11-28,9.13,9.47,9.04,9.24,6.1079,6.3354,6.0477,6.1815,14955799.0,138333885.0,0.668990991,10.82261532,100.000966,11.52046537,106.4491,0.012981939982169314
CN,002245,2023-11-29,9.24,9.3,9.11,9.14,6.1815,6.2216,6.0945,6.1146,8096691.0,74435023.0,0.668990991,10.82261532,98.918704,11.52046537,105.297053,0.007028093692364443
CN,002245,2023-11-30,9.12,9.17,8.98,9.02,6.1012,6.1347,6.0076,6.0343,7744891.0,70135925.0,0.668990991,10.82261532,97.61999,11.52046537,103.914598,0.006722724083844887
CN,002245,2023-12-01,8.99,9.09,8.92,9.04,6.0143,6.0812,5.9674,6.0477,7917532.0,71234565.0,0.668990991,10.82261532,97.836442,11.52046537,104.145007,0.006872580009326481
CN,002245,2023-12-04,9.03,9.06,8.9,8.93,6.041,6.0611,5.954,5.9741,9668720.0,86596218.0,0.668990991,10.82261532,96.645955,11.52046537,102.877756,0.008392647075853325
CN,002245,2023-12-05,8.88,9.01,8.79,8.8,5.9407,6.0276,5.8805,5.8871,9471800.0,84180781.0,0.668990991,10.82261532,95.239015,11.52046537,101.380095,0.008221716480885528
CN,002245,2023-12-06,8.81,9.15,8.71,9.01,5.8938,6.1213,5.8269,6.0276,18428771.0,166640725.0,0.668990991,10.82261532,97.511764,11.52046537,103.799393,0.015996550840723545
CN,002245,2023-12-07,8.97,8.98,8.75,8.81,6.0009,6.0076,5.8537,5.8938,14348023.0,126554339.0,0.668990991,10.82261532,95.347241,11.52046537,101.4953,0.01245437796060143
CN,002245,2023-12-08,8.89,8.93,8.74,8.77,5.9474,5.9741,5.8469999999999995,5.8671,9746106.0,85572450.0,0.668990991,10.82261532,94.914336,11.52046537,101.034481,0.008459819709522724
CN,002245,2023-12-11,8.71,8.72,8.35,8.65,5.8269,5.8336,5.5861,5.7868,24622856.0,209210783.0,0.668990991,10.82261532,93.615623,11.52046537,99.652025,0.02137314353994712
CN,002245,2023-12-12,8.62,8.73,8.6,8.69,5.7667,5.8403,5.7533,5.8136,9146900.0,79287471.0,0.668990991,10.82261532,94.048527,11.52046537,100.112844,0.007939696623557492
CN,002245,2023-12-13,8.63,8.7,8.52,8.52,5.7734,5.8202,5.6998,5.6998,7027200.0,60269185.0,0.668990991,10.82261532,92.208683,11.52046537,98.154365,0.006099753590075676
CN,002245,2023-12-14,8.58,8.7,8.48,8.49,5.74,5.8202,5.6731,5.6798,5984000.0,51336553.0,0.668990991,10.82261532,91.884004,11.52046537,97.808751,0.005194234614499779
CN,002245,2023-12-15,8.51,8.65,8.42,8.45,5.6931,5.7868,5.6329,5.6530000000000005,8848000.0,75361100.0,0.668990991,10.82261532,91.451099,11.52046537,97.347932,0.007680245298979619
CN,002245,2023-12-18,8.39,8.43,8.23,8.26,5.6129,5.6396,5.5058,5.5259,9671080.0,80383610.0,0.668990991,10.82261532,89.394803,11.52046537,95.159044,0.00839469560421065
CN,002245,2023-12-19,8.25,8.34,8.18,8.25,5.5192,5.5794,5.4724,5.5192,6891996.0,56936344.0,0.668990991,10.82261532,89.286576,11.52046537,95.043839,0.00598239374769285
CN,002245,2023-12-20,8.27,8.29,8.07,8.08,5.5326,5.546,5.3988,5.4055,9406241.0,76678690.0,0.668990991,10.82261532,87.446732,11.52046537,93.08536,0.008164809925555985
CN,002245,2023-12-21,8.05,8.28,7.91,8.18,5.3854,5.5393,5.2917,5.4724,11987972.0,97619931.0,0.668990991,10.82261532,88.528993,11.52046537,94.237407,0.010405805334233647
CN,002245,2023-12-22,8.17,8.37,8.06,8.23,5.4657,5.5995,5.3921,5.5058,13903678.0,114255007.0,0.668990991,10.82261532,89.070124,11.52046537,94.81343,0.012068677395798639
CN,002245,2023-12-25,8.22,8.32,8.17,8.27,5.4991,5.566,5.4657,5.5326,8411800.0,69216867.0,0.668990991,10.82261532,89.503029,11.52046537,95.274249,0.007301614761071063
CN,002245,2023-12-26,8.25,8.3,8.11,8.13,5.5192,5.5526,5.4254999999999995,5.4389,6167272.0,50403277.0,0.668990991,10.82261532,87.987863,11.52046537,93.661383,0.005353318465814719
CN,002245,2023-12-27,8.13,8.19,7.97,8.05,5.4389,5.4791,5.3319,5.3854,7846100.0,63060700.0,0.668990991,10.82261532,87.122053,11.52046537,92.739746,0.00681057556965687
CN,002245,2023-12-28,8.05,8.58,7.99,8.5,5.3854,5.74,5.3453,5.6864,23797328.0,199263272.0,0.668990991,10.82261532,91.99223,11.52046537,97.923956,0.020656568320555613
CN,002245,2023-12-29,8.49,8.59,8.48,8.52,5.6798,5.7467,5.6731,5.6998,13032000.0,111093284.0,0.668990991,10.82261532,92.208683,11.52046537,98.154365,0.011312043030775588
CN,002245,2024-01-02,8.57,8.58,8.43,8.46,5.7333,5.74,5.6396,5.6597,9484536.0,80482705.0,0.668990991,10.82261532,91.559326,11.52046537,97.463137,0.008232771589851149
CN,002245,2024-01-03,8.43,8.49,8.38,8.45,5.6396,5.6798,5.6062,5.6530000000000005,8018393.0,67580652.0,0.668990991,10.82261532,91.451099,11.52046537,97.347932,0.006960129424007808
CN,002245,2024-01-04,8.43,8.45,8.31,8.35,5.6396,5.6530000000000005,5.5593,5.5861,7539300.0,63082089.0,0.668990991,10.82261532,90.368838,11.52046537,96.195886,0.00654426688320491
CN,002245,2024-01-05,8.33,8.54,8.24,8.25,5.5727,5.7132,5.5125,5.5192,9766396.0,81787753.0,0.668990991,10.82261532,89.286576,11.52046537,95.043839,0.008477431845272757
CN,002245,2024-01-08,8.23,8.33,7.9399999999999995,7.95,5.5058,5.5727,5.3118,5.3185,15788600.0,127432063.0,0.668990991,10.82261532,86.039792,11.52046537,91.5877,0.013704828314587435
CN,002245,2024-01-09,7.98,8.16,7.84,8.07,5.3386,5.459,5.2449,5.3988,14443286.0,115613057.0,0.668990991,10.82261532,87.338506,11.52046537,92.970156,0.012537068196577548
CN,002245,2024-01-10,8.05,8.29,7.93,8.23,5.3854,5.546,5.3051,5.5058,19313179.0,158070113.0,0.668990991,10.82261532,89.070124,11.52046537,94.81343,0.016764235106589274
CN,002245,2024-01-11,8.21,8.49,8.15,8.42,5.4924,5.6798,5.4523,5.6329,20620374.0,171363400.0,0.668990991,10.82261532,91.126421,11.52046537,97.002318,0.017898907151525947
CN,002245,2024-01-12,8.39,8.59,8.3,8.5,5.6129,5.7467,5.5526,5.6864,19397700.0,165051228.0,0.668990991,10.82261532,91.99223,11.52046537,97.923956,0.016837601066457614
CN,002245,2024-01-15,8.44,8.52,8.29,8.34,5.6463,5.6998,5.546,5.5794,12213507.0,102283862.0,0.668990991,10.82261532,90.260612,11.52046537,96.080681,0.010601574335533982
CN,002245,2024-01-16,8.31,8.45,8.25,8.38,5.5593,5.6530000000000005,5.5192,5.6062,10685392.0,89079931.0,0.668990991,10.82261532,90.693516,11.52046537,96.5415,0.00927513920386013
CN,002245,2024-01-17,8.35,8.4,8.14,8.16,5.5861,5.6195,5.4456,5.459,9442433.0,78080632.0,0.668990991,10.82612252,88.34116,11.52046537,94.006997,0.008196225323144216
CN,002245,2024-01-18,8.1,8.19,7.86,8.1,5.4189,5.4791,5.2583,5.4189,15488379.0,124184031.0,0.668990991,10.82612252,87.691592,11.52046537,93.31577,0.013444230334941756
CN,002245,2024-01-19,8.1,8.29,7.9399999999999995,7.95,5.4189,5.546,5.3118,5.3185,11102896.0,89583711.0,0.668990991,10.82612252,86.067674,11.52046537,91.5877,0.009637541230680337
CN,002245,2024-01-22,7.93,7.98,7.42,7.5,5.3051,5.3386,4.9639,5.0175,17877082.0,137745078.0,0.668990991,10.83774502,81.283088,11.52046537,86.40349,0.015517673484400222
CN,002245,2024-01-23,7.5,7.68,7.35,7.63,5.0175,5.1379,4.9171,5.1044,14682354.0,110953550.0,0.668990991,10.83774502,82.691994,11.52046537,87.901151,0.012744584119174346
CN,002245,2024-01-24,7.7,7.75,7.33,7.61,5.1513,5.1847,4.9037,5.091,12092768.0,91053656.0,0.668990991,10.83774502,82.47524,11.52046537,87.670741,0.010496770409544663
CN,002245,2024-01-25,7.6,7.77,7.46,7.76,5.0844,5.1981,4.9907,5.1914,13630451.0,104260149.0,0.668990991,10.83774502,84.100901,11.52046537,89.398811,0.011831510761270576
CN,002245,2024-01-26,7.7,7.79,7.58,7.61,5.1513,5.2115,5.071,5.091,12395182.0,95231016.0,0.668990991,10.83774502,82.47524,11.52046537,87.670741,0.010759271958125769
CN,002245,2024-01-29,7.63,7.66,7.25,7.25,5.1044,5.1245,4.8502,4.8502,12807700.0,94537867.0,0.668990991,10.83774502,78.573651,11.52046537,83.523374,0.011117346034780885
CN,002245,2024-01-30,7.22,7.28,6.97,7.0,4.8301,4.8703,4.6629000000000005,4.683,11991850.0,85649598.0,0.668990991,10.83774502,75.864215,11.52046537,80.643258,0.010409171517695383
CN,002245,2024-01-31,6.95,7.14,6.6,6.64,4.6495,4.7766,4.4154,4.4421,17993756.0,122788351.0,0.668990991,10.83774502,71.962627,11.52046537,76.49589,0.015618948907096104
CN,002245,2024-02-01,6.67,6.6899999999999995,6.45,6.45,4.4622,4.4756,4.315,4.315,17613566.0,115305754.0,0.668990991,10.83774502,69.903455,11.52046537,74.307002,0.015288936196854347
CN,002245,2024-02-02,6.46,6.72,5.98,6.22,4.3217,4.4956,4.0006,4.1611,25968934.0,165635011.0,0.668990991,10.83774502,67.410774,11.52046537,71.657295,0.022541566825611665
CN,002245,2024-02-05,6.22,6.23,5.6,5.63,4.1611,4.1678,3.7464,3.7664,29848411.0,172458919.0,0.668990991,10.83774502,61.016504,11.52046537,64.86022,0.02590903235361229
CN,002245,2024-02-06,5.5,6.06,5.4,5.96,3.6795,4.0541,3.6126,3.9872,26359615.0,151171494.0,0.668990991,10.83774502,64.59296,11.52046537,68.661974,0.02288068593881811
CN,002245,2024-02-07,5.98,6.5600000000000005,5.98,6.5600000000000005,4.0006,4.3886,4.0006,4.3886,18313875.0,117218390.0,0.668990991,10.83774502,71.095607,11.52046537,75.574253,0.01589681875845958
CN,002245,2024-02-08,6.62,7.04,6.58,6.82,4.4287,4.7097,4.402,4.5625,40565733.0,277718699.0,0.668990991,10.83774502,73.913421,11.52046537,78.569574,0.03521188745173061
CN,002245,2024-02-19,6.8100000000000005,6.88,6.59,6.71,4.5558,4.6027000000000005,4.4087,4.4889,24943431.0,167780451.0,0.668990991,10.83774502,72.721269,11.52046537,77.302323,0.021651409208654215
CN,002245,2024-02-20,6.66,6.79,6.57,6.76,4.4555,4.5425,4.3953,4.5224,15298581.0,102546959.0,0.668990991,10.83774502,73.263156,11.52046537,77.878346,0.013279481781906523
CN,002245,2024-02-21,6.72,7.19,6.65,6.9399999999999995,4.4956,4.8101,4.4488,4.6428,26037498.0,181728181.0,0.668990991,10.83774502,75.21395,11.52046537,79.95203,0.022601081782514833
CN,002245,2024-02-22,6.9399999999999995,7.31,6.88,7.22,4.6428,4.8903,4.6027000000000005,4.8301,23924487.0,170365974.0,0.668990991,10.83774502,78.248519,11.52046537,83.17776,0.020766944938093244
CN,002245,2024-02-23,7.22,7.5,7.16,7.48,4.8301,5.0175,4.79,5.0041,27303350.0,201801368.0,0.668990991,10.83774502,81.066333,11.52046537,86.173081,0.02369986725631727
CN,002245,2024-02-26,7.5,7.66,7.42,7.52,5.0175,5.1245,4.9639,5.0308,18396930.0,138486175.0,0.668990991,10.83774502,81.499843,11.52046537,86.6339,0.015968912200289006
CN,002245,2024-02-27,7.52,7.75,7.47,7.75,5.0308,5.1847,4.9974,5.1847,14836430.0,113018210.0,0.668990991,10.83774502,83.992524,11.52046537,89.283607,0.01287832524425183
CN,002245,2024-02-28,7.78,8.04,7.4,7.43,5.2048,5.3787,4.9506,4.9706,28157346.0,218395439.0,0.668990991,10.83774502,80.524445,11.52046537,85.597058,0.024441153283029225
CN,002245,2024-02-29,7.43,7.76,7.33,7.75,4.9706,5.1914,4.9037,5.1847,19424053.0,148603044.0,0.668990991,10.83774502,83.992524,11.52046537,89.283607,0.016860476010440887
CN,002245,2024-03-01,7.75,8.1,7.7,8.0,5.1847,5.4189,5.1513,5.352,26284000.0,208743572.0,0.668990991,10.83774502,86.70196,11.52046537,92.163723,0.022815050569437195
CN,002245,2024-03-04,7.97,8.14,7.8100000000000005,7.9,5.3319,5.4456,5.2248,5.2851,16611486.0,131736925.0,0.668990991,10.83774502,85.618186,11.52046537,91.011676,0.014419110223843326
CN,002245,2024-03-05,7.8100000000000005,7.92,7.65,7.73,5.2248,5.2984,5.1178,5.1713000000000005,16589398.0,129003757.0,0.668990991,10.83774502,83.775769,11.52046537,89.053197,0.014399937387251571
CN,002245,2024-03-06,7.7,7.9,7.59,7.73,5.1513,5.2851,5.0777,5.1713000000000005,13454070.0,103846793.0,0.668990991,10.83774502,83.775769,11.52046537,89.053197,0.011678408439154919
CN,002245,2024-03-07,7.73,7.8100000000000005,7.6,7.6,5.1713000000000005,5.2248,5.0844,5.0844,10495886.0,80932887.0,0.668990991,10.83774502,82.366862,11.52046537,87.555537,0.009110644112808092
CN,002245,2024-03-08,7.59,7.67,7.51,7.62,5.0777,5.1312,5.0241,5.0977,9070914.0,68831574.0,0.668990991,10.83774502,82.583617,11.52046537,87.785946,0.00787373921857464
CN,002245,2024-03-11,7.7,8.18,7.7,8.1,5.1513,5.4724,5.1513,5.4189,34716104.0,276877381.0,0.668990991,10.83774502,87.785735,11.52046537,93.31577,0.030134289618545158
CN,002245,2024-03-12,8.1,8.91,8.03,8.91,5.4189,5.9607,5.372,5.9607,55540235.0,474821999.0,0.668990991,10.83774502,96.564308,11.52046537,102.647346,0.048210062021131705
CN,002245,2024-03-13,8.75,8.8,8.41,8.45,5.8537,5.8871,5.6262,5.6530000000000005,64488101.0,549137297.0,0.668990991,10.83774502,91.578945,11.52046537,97.347932,0.05597699305440471
CN,002245,2024-03-14,8.44,8.51,8.13,8.23,5.6463,5.6931,5.4389,5.5058,32962972.0,274160937.0,0.668990991,10.83774502,89.194642,11.52046537,94.81343,0.028612535120184992
CN,002245,2024-03-15,8.15,8.28,8.08,8.27,5.4523,5.5393,5.4055,5.5326,22919365.0,187586535.0,0.668990991,10.83774502,89.628151,11.52046537,95.274249,0.019894478446750453
CN,002245,2024-03-18,8.27,8.54,8.26,8.54,5.5326,5.7132,5.5259,5.7132,30056460.0,253668273.0,0.668990991,10.83774502,92.554342,11.52046537,98.384774,0.02608962314861765
CN,002245,2024-03-19,8.68,8.8,8.41,8.43,5.8069,5.8871,5.6262,5.6396,25732637.0,219374354.0,0.668990991,10.83774502,91.362191,11.52046537,97.117523,0.02233645618779374
CN,002245,2024-03-20,8.44,9.27,8.44,9.06,5.6463,6.2016,5.6463,6.0611,89977741.0,808161134.0,0.668990991,10.83774502,98.18997,11.52046537,104.375416,0.0781025228670949
CN,002245,2024-03-21,8.92,9.0,8.66,8.76,5.9674,6.0209,5.7935,5.8604,50601176.0,444410086.0,0.668990991,10.83774502,94.938646,11.52046537,100.919277,0.04392285760588159
CN,002245,2024-03-22,8.68,8.77,8.52,8.56,5.8069,5.8671,5.6998,5.7266,25943571.0,223389129.0,0.668990991,10.83774502,92.771097,11.52046537,98.615184,0.022519551221913875
CN,002245,2024-03-25,8.48,8.76,8.4,8.4,5.6731,5.8604,5.6195,5.6195,26547182.0,227867616.0,0.668990991,10.83774502,91.037058,11.52046537,96.771909,0.02304349793813928
CN,002245,2024-03-26,8.27,8.47,8.02,8.25,5.5326,5.6664,5.3653,5.5192,39354860.0,323392024.0,0.668990991,10.83774502,89.411396,11.52046537,95.043839,0.034160824876469376
CN,002245,2024-03-27,8.22,8.27,7.82,7.84,5.4991,5.5326,5.2315,5.2449,23433148.0,187563465.0,0.668990991,10.83774502,84.967921,11.52046537,90.320448,0.020340452618365017
CN,002245,2024-03-28,7.78,8.43,7.77,8.16,5.2048,5.6396,5.1981,5.459,28606138.0,232990130.0,0.668990991,10.83774502,88.435999,11.52046537,94.006997,0.024830713934952786
CN,002245,2024-03-29,8.16,8.52,8.12,8.42,5.459,5.6998,5.4322,5.6329,26283799.0,220342956.0,0.668990991,10.83774502,91.253813,11.52046537,97.002318,0.022814876097318627
CN,002245,2024-04-01,8.5,8.86,8.5,8.78,5.6864,5.9273,5.6864,5.8738,34323803.0,300706123.0,0.668990991,10.83774502,95.155401,11.52046537,101.149686,0.029793764312144276
CN,002245,2024-04-02,8.73,8.86,8.65,8.81,5.8403,5.9273,5.7868,5.8938,24288087.0,212954296.0,0.668990991,10.83774502,95.480534,11.52046537,101.4953,0.021082557188399412
CN,002245,2024-04-03,8.77,8.94,8.63,8.69,5.8671,5.9808,5.7734,5.8136,26896565.0,235880001.0,0.668990991,10.83774502,94.180004,11.52046537,100.112844,0.02334676954113356
CN,002245,2024-04-08,8.62,8.81,8.4,8.43,5.7667,5.8938,5.6195,5.6396,27920758.0,239766782.0,0.668990991,10.83774502,91.362191,11.52046537,97.117523,0.0242357900512486
CN,002245,2024-04-09,8.41,8.71,8.41,8.71,5.6262,5.8269,5.6262,5.8269,27243580.0,234246176.0,0.668990991,10.83774502,94.396759,11.52046537,100.343253,0.023647985671606597
CN,002245,2024-04-10,8.64,8.64,8.36,8.45,5.7801,5.7801,5.5928,5.6530000000000005,18021590.0,152289660.0,0.668990991,10.83774502,91.578945,11.52046537,97.347932,0.015643109389425647
CN,002245,2024-04-11,8.32,8.53,8.25,8.42,5.566,5.7065,5.5192,5.6329,12958054.0,108877397.0,0.668990991,10.83774502,91.253813,11.52046537,97.002318,0.011247856387593133
CN,002245,2024-04-12,8.38,8.44,8.13,8.16,5.6062,5.6463,5.4389,5.459,12959602.0,106801119.0,0.668990991,10.83774502,88.435999,11.52046537,94.006997,0.011249200083312259
CN,002245,2024-04-15,8.16,8.42,7.9,8.01,5.459,5.6329,5.2851,5.3586,19315963.0,156465420.0,0.668990991,10.83774502,86.810338,11.52046537,92.278928,0.016766651675634524
CN,002245,2024-04-16,8.03,8.03,7.33,7.37,5.372,5.372,4.9037,4.9305,26247044.0,198452216.0,0.668990991,10.83774502,79.874181,11.52046537,84.90583,0.022782972004194307
CN,002245,2024-04-17,7.51,8.08,7.51,8.07,5.0241,5.4055,5.0241,5.3988,24329835.0,192308673.0,0.668990991,10.83774502,87.460602,11.52046537,92.970156,0.021118795307832255
CN,002245,2024-04-18,8.1,8.24,7.88,8.08,5.4189,5.5125,5.2717,5.4055,19102544.0,154847266.0,0.668990991,10.83774502,87.56898,11.52046537,93.08536,0.016581399610595765
CN,002245,2024-04-19,8.0,8.15,7.93,8.09,5.352,5.4523,5.3051,5.4122,15908359.0,127677975.0,0.668990991,10.83774502,87.677357,11.52046537,93.200565,0.013808781580496171
CN,002245,2024-04-22,8.0,8.26,7.84,8.04,5.352,5.5259,5.2449,5.3787,24321577.0,195666973.0,0.668990991,10.83774502,87.13547,11.52046537,92.624542,0.021111627194622607
CN,002245,2024-04-23,8.04,8.15,7.87,7.9399999999999995,5.3787,5.4523,5.265,5.3118,17222370.0,137451699.0,0.668990991,10.83774502,86.051695,11.52046537,91.472495,0.014949370053095346
CN,002245,2024-04-24,7.88,8.0,7.8,7.99,5.2717,5.352,5.2182,5.3453,14728768.0,116770644.0,0.668990991,10.83774502,86.593583,11.52046537,92.048518,0.012784872422215354
CN,002245,2024-04-25,7.96,8.16,7.91,8.05,5.3252,5.459,5.2917,5.3854,15080765.0,121842401.0,0.668990991,10.83774502,87.243847,11.52046537,92.739746,0.013090413030771516
CN,002245,2024-04-26,8.05,8.13,7.98,8.07,5.3854,5.4389,5.3386,5.3988,22429365.0,180825428.0,0.668990991,10.83774502,87.460602,11.52046537,92.970156,0.01946914840645886
CN,002245,2024-04-29,8.09,8.52,8.09,8.49,5.4122,5.6998,5.4122,5.6798,30824899.0,258416203.0,0.668990991,10.83774502,92.012455,11.52046537,97.808751,0.026756643946233224
CN,002245,2024-04-30,8.47,8.5,8.32,8.41,5.6664,5.6864,5.566,5.6262,16883300.0,141843552.0,0.668990991,10.83774502,91.145436,11.52046537,96.887114,0.014655050345418467
CN,002245,2024-05-06,8.57,8.73,8.57,8.7,5.7333,5.8403,5.7333,5.8202,24430055.0,211940774.0,0.668990991,10.83774502,94.288382,11.52046537,100.228049,0.021205788321379242
CN,002245,2024-05-07,8.72,8.85,8.65,8.72,5.8336,5.9206,5.7868,5.8336,19588016.0,171006319.0,0.668990991,10.83774502,94.505137,11.52046537,100.458458,0.017002799254106866
CN,002245,2024-05-08,8.7,8.75,8.5,8.5,5.8202,5.8537,5.6864,5.6864,16117200.0,138630921.0,0.668990991,10.83774502,92.120833,11.52046537,97.923956,0.013990059847729918
CN,002245,2024-05-09,8.74,8.96,8.66,8.7,5.8469999999999995,5.9942,5.7935,5.8202,40292002.0,353180333.0,0.668990991,10.83774502,94.288382,11.52046537,100.228049,0.034974283334875386
CN,002245,2024-05-10,8.65,8.7,8.41,8.47,5.7868,5.8202,5.6262,5.6664,26598500.0,226461821.0,0.668990991,10.83774502,91.7957,11.52046537,97.578342,0.02308804301366517
CN,002245,2024-05-13,8.4,8.41,8.21,8.28,5.6195,5.6262,5.4924,5.5393,20959210.0,173480942.0,0.668990991,10.83774502,89.736529,11.52046537,95.389453,0.01819302374240807
CN,002245,2024-05-14,8.34,8.43,8.27,8.28,5.5794,5.6396,5.5326,5.5393,11962674.0,99615761.0,0.668990991,10.83774502,89.736529,11.52046537,95.389453,0.010383846151867734
CN,002245,2024-05-15,8.26,8.32,8.15,8.17,5.5259,5.566,5.4523,5.4657,14513164.0,118995937.0,0.668990991,10.83774502,88.544377,11.52046537,94.122202,0.012597723732405091
CN,002245,2024-05-16,8.22,8.27,8.12,8.14,5.4991,5.5326,5.4322,5.4456,13247300.0,108589351.0,0.668990991,10.83774502,88.219244,11.52046537,93.776588,0.01149892784235677
CN,002245,2024-05-17,8.15,8.35,8.07,8.35,5.4523,5.5861,5.3988,5.5861,21957400.0,180194796.0,0.668990991,10.83774502,90.495171,11.52046537,96.195886,0.019059473115711472
CN,002245,2024-05-20,8.36,8.37,8.16,8.19,5.5928,5.5995,5.459,5.4791,23366666.0,192641928.0,0.668990991,10.83774502,88.761132,11.52046537,94.352611,0.02028274488012284
CN,002245,2024-05-21,8.18,8.24,8.06,8.08,5.4724,5.5125,5.3921,5.4055,15259900.0,123799467.0,0.668990991,10.83774502,87.56898,11.52046537,93.08536,0.013245905881317709
CN,002245,2024-05-22,8.12,8.28,8.08,8.25,5.4322,5.5393,5.4055,5.5192,19150484.0,156994739.0,0.668990991,10.83774502,89.411396,11.52046537,95.043839,0.01662301251290511
CN,002245,2024-05-23,8.25,8.26,8.01,8.03,5.5192,5.5259,5.3586,5.372,15282425.0,123655797.0,0.668990991,10.83774502,87.027093,11.52046537,92.509337,0.013265458042863767
CN,002245,2024-05-24,8.0,8.07,7.88,7.88,5.352,5.3988,5.2717,5.2717,12414800.0,98764396.0,0.668990991,10.83774502,85.401431,11.52046537,90.781267,0.010776300784106258
CN,002245,2024-05-27,7.92,8.0,7.8100000000000005,7.99,5.2984,5.352,5.2248,5.3453,10873600.0,85775273.0,0.668990991,10.83774502,86.593583,11.52046537,92.048518,0.009438507604315641
CN,002245,2024-05-28,7.93,8.07,7.9,7.9399999999999995,5.3051,5.3988,5.2851,5.3118,9607474.0,76640218.0,0.668990991,10.83774502,86.051695,11.52046537,91.472495,0.008339484292898838
CN,002245,2024-05-29,7.96,8.12,7.9399999999999995,8.04,5.3252,5.4322,5.3118,5.3787,12097200.0,97269720.0,0.668990991,10.83774502,87.13547,11.52046537,92.624542,0.010500617476358075
CN,002245,2024-05-30,8.06,8.09,7.99,7.99,5.3921,5.4122,5.3453,5.3453,8563167.0,68736988.0,0.668990991,10.83774502,86.593583,11.52046537,92.048518,0.007433004418640078
CN,002245,2024-05-31,7.98,8.09,7.97,8.05,5.3386,5.4122,5.3319,5.3854,8928700.0,71892770.0,0.668990991,10.83774502,87.243847,11.52046537,92.739746,0.007750294552554173
CN,002245,2024-06-03,8.11,8.13,7.96,8.01,5.4254999999999995,5.4389,5.3252,5.3586,14362800.0,115369424.0,0.668990991,10.83774502,86.810338,11.52046537,92.278928,0.012467204699387937
CN,002245,2024-06-04,8.05,8.7,8.02,8.42,5.3854,5.8202,5.3653,5.6329,61964140.0,519551176.0,0.668990991,10.83774502,91.253813,11.52046537,97.002318,0.05378614318945694
CN,002245,2024-06-05,8.27,8.4,8.17,8.24,5.5326,5.6195,5.4657,5.5125,33049956.0,273126148.0,0.668990991,10.83774502,89.303019,11.52046537,94.928635,0.028688039014521164
CN,002245,2024-06-06,8.19,8.23,7.71,7.73,5.4791,5.5058,5.1579,5.1713000000000005,36787072.0,290030962.0,0.668990991,10.83774502,83.775769,11.52046537,89.053197,0.031931932277489236
CN,002245,2024-06-07,7.78,7.92,7.73,7.8100000000000005,5.2115,5.3053,5.178,5.2316,16907119.0,132181156.0,0.668990991,10.83774502,84.642789,11.52046537,89.974835,0.014675725725479092
CN,002245,2024-06-11,7.82,7.9399999999999995,7.68,7.93,5.2383,5.3187,5.1445,5.312,15134148.0,118714726.0,0.668990991,10.83774502,85.943318,11.52046537,91.35729,0.01313675056861006
CN,002245,2024-06-12,7.9,7.96,7.87,7.9,5.2919,5.3321,5.2718,5.2919,10869139.0,86118337.0,0.668990991,10.83774502,85.618186,11.52046537,91.011676,0.009434635364908007
CN,002245,2024-06-13,7.89,7.96,7.78,7.88,5.2852,5.3321,5.2115,5.2785,13614902.0,107096327.0,0.668990991,10.83774502,85.401431,11.52046537,90.781267,0.011818013910665486
CN,002245,2024-06-14,7.84,7.87,7.75,7.82,5.2517,5.2718,5.1914,5.2383,11628900.0,90810935.0,0.668990991,10.83774502,84.751166,11.52046537,90.090039,0.010094123480707966
CN,002245,2024-06-17,7.82,8.01,7.74,7.9399999999999995,5.2383,5.3656,5.1847,5.3187,17696520.0,140154672.0,0.668990991,10.83774502,86.051695,11.52046537,91.472495,0.015360941968614242
CN,002245,2024-06-18,7.98,8.08,7.92,8.06,5.3455,5.4125,5.3053,5.3991,13276400.0,106621499.0,0.668990991,10.83774502,87.352225,11.52046537,92.854951,0.01152418723862715
CN,002245,2024-06-19,8.04,8.07,7.99,8.0,5.3857,5.4058,5.3522,5.3589,10719288.0,85994711.0,0.668990991,10.83774502,86.70196,11.52046537,92.163723,0.009304561626402424
CN,002245,2024-06-20,8.0,8.03,7.7,7.71,5.3589,5.379,5.1579,5.1646,14070400.0,110116430.0,0.668990991,10.83774502,83.559014,11.52046537,88.822788,0.012213395507997608
CN,002245,2024-06-21,7.6899999999999995,7.73,7.59,7.61,5.1512,5.178,5.0842,5.0976,10317629.0,78817040.0,0.668990991,10.83774502,82.47524,11.52046537,87.670741,0.008955913384252463
CN,002245,2024-06-24,7.51,7.59,7.22,7.3,5.0306,5.0842,4.8364,4.89,17693070.0,130028390.0,0.668990991,10.83774502,79.115539,11.52046537,84.099397,0.015357947297922394
CN,002245,2024-06-25,7.29,7.45,7.25,7.3,4.8832,4.9902999999999995,4.8564,4.8899,11460176.0,84095997.0,0.668990991,10.83774502,79.115539,11.52046537,84.099397,0.009947667591487235
CN,002245,2024-06-26,7.26,7.75,7.22,7.73,4.8632,5.1914,4.8364,5.178,22551551.0,169454160.0,0.668990991,10.83774502,83.775769,11.52046537,89.053197,0.019575208358097777
CN,002245,2024-06-27,7.6899999999999995,7.79,7.54,7.57,5.1512,5.2182,5.0507,5.0708,14256551.0,109424509.0,0.668990991,10.83774502,82.04173,11.52046537,87.209923,0.012374978390304384
CN,002245,2024-06-28,7.53,7.98,7.49,7.75,5.044,5.3455,5.0172,5.1914,21749756.0,169582588.0,0.668990991,10.83774502,83.992524,11.52046537,89.283607,0.01887923386900472
CN,002245,2024-07-01,7.72,7.74,7.49,7.62,5.1713000000000005,5.1847,5.0172,5.1043,18937127.0,143534271.0,0.668990991,10.83774502,82.583617,11.52046537,87.785946,0.016437814265136755
CN,002245,2024-07-02,7.62,7.6899999999999995,7.53,7.59,5.1043,5.1512,5.044,5.0842,10320532.0,78516958.0,0.668990991,10.83774502,82.258485,11.52046537,87.440332,0.008958433247736068
CN,002245,2024-07-03,7.59,7.73,7.5,7.61,5.0842,5.178,5.0239,5.0976,11435592.0,87263437.0,0.668990991,10.83774502,82.47524,11.52046537,87.670741,0.009926328175751462
CN,002245,2024-07-04,7.61,7.6899999999999995,7.48,7.49,5.0976,5.1512,5.0105,5.0172,12193445.0,92335688.0,0.668990991,10.83774502,81.17471,11.52046537,86.288286,0.010584160108455757
CN,002245,2024-07-05,7.42,7.57,7.35,7.42,4.9704,5.0708,4.9235,4.9704,12984600.0,96344873.0,0.668990991,10.83774502,80.416068,11.52046537,85.481853,0.011270898859531054
CN,002245,2024-07-08,7.43,7.43,7.11,7.17,4.9771,4.9771,4.7627,4.8029,16501700.0,119151314.0,0.668990991,10.83774502,77.706632,11.52046537,82.601737,0.01432381372628526
CN,002245,2024-07-09,7.14,7.48,7.11,7.44,4.7828,5.0105,4.7627,4.9838000000000005,16529134.0,120805995.0,0.668990991,10.83774502,80.632823,11.52046537,85.712262,0.014347627000418648
CN,002245,2024-07-10,7.44,7.64,7.42,7.49,4.9838000000000005,5.1177,4.9704,5.0172,14782083.0,111231038.0,0.668990991,10.83774502,81.17471,11.52046537,86.288286,0.01283115093466055
CN,002245,2024-07-11,7.6899999999999995,7.97,7.68,7.9,5.1512,5.3388,5.1445,5.2919,32376189.0,254202546.0,0.668990991,10.83774502,85.618186,11.52046537,91.011676,0.028103195452771887
CN,002245,2024-07-12,7.9,8.04,7.82,7.98,5.2919,5.3857,5.2383,5.3455,22239540.0,176976439.0,0.668990991,10.83774502,86.485205,11.52046537,91.933314,0.01930437641687039
CN,002245,2024-07-15,7.91,8.05,7.89,8.0,5.2986,5.3924,5.2852,5.3589,14504500.0,115567433.0,0.668990991,10.83774502,86.70196,11.52046537,92.163723,0.012590203202876344
CN,002245,2024-07-16,7.99,8.21,7.92,8.15,5.3522,5.4995,5.3053,5.4594,21909100.0,177571400.0,0.668990991,10.83774502,88.327622,11.52046537,93.891793,0.019017547726025586
CN,002245,2024-07-17,8.1,8.18,8.06,8.06,5.4259,5.4794,5.3991,5.3991,16121600.0,130753370.0,0.668990991,10.83774502,87.352225,11.52046537,92.854951,0.01399387913788764
CN,002245,2024-07-18,8.02,8.07,7.87,7.99,5.3723,5.4058,5.2718,5.3522,15751090.0,125621385.0,0.668990991,10.83774502,86.593583,11.52046537,92.048518,0.013672268865992867
CN,002245,2024-07-19,8.0,8.09,7.92,8.04,5.3589,5.4192,5.3053,5.3857,13747500.0,110157094.0,0.668990991,10.83774502,87.13547,11.52046537,92.624542,0.011933111691650351
CN,002245,2024-07-22,8.05,8.12,7.88,7.93,5.3924,5.4393,5.2785,5.312,17170520.0,137094909.0,0.668990991,10.83774502,85.943318,11.52046537,91.35729,0.014904363190668573
CN,002245,2024-07-23,8.11,8.3,7.97,8.06,5.4326,5.5598,5.3388,5.3991,47211285.0,383891022.0,0.668990991,10.87261252,87.633257,11.52046537,92.854951,0.040980362757689535
CN,002245,2024-07-24,8.08,8.34,8.06,8.14,5.4125,5.5866,5.3991,5.4527,36914493.0,302944894.0,0.668990991,10.87261252,88.503066,11.52046537,93.776588,0.03204253631639535
CN,002245,2024-07-25,8.09,8.27,8.0,8.12,5.4192,5.5397,5.3589,5.4393,29908787.0,243250304.0,0.668990991,10.87261252,88.285614,11.52046537,93.546179,0.02596143995874014
CN,002245,2024-07-26,8.14,8.29,8.11,8.21,5.4527,5.5531,5.4326,5.4995,22756920.0,187075909.0,0.668990991,10.87261252,89.264149,11.52046537,94.583021,0.01975347285818889
CN,002245,2024-07-29,8.23,8.29,8.08,8.2,5.5129,5.5531,5.4125,5.4928,21145300.0,173351812.0,0.668990991,10.87261252,89.155423,11.52046537,94.467816,0.018354553675464933
CN,002245,2024-07-30,8.14,8.26,8.12,8.24,5.4527,5.533,5.4393,5.5196,15643720.0,128410867.0,0.668990991,10.87261252,89.590327,11.52046537,94.928635,0.013579069505939585
CN,002245,2024-07-31,8.25,8.56,8.15,8.52,5.5263,5.734,5.4594,5.7072,33138945.0,279159801.0,0.668990991,10.87261252,92.634659,11.52046537,98.154365,0.02876528328994057
CN,002245,2024-08-01,8.53,8.68,8.51,8.53,5.7139,5.8144,5.7005,5.7139,27463294.0,235546326.0,0.668990991,10.87261252,92.743385,11.52046537,98.26957,0.023838701925632366
CN,002245,2024-08-02,8.43,8.6,8.36,8.38,5.6469000000000005,5.7608,5.6,5.6134,19981733.0,169123079.0,0.668990991,10.87261252,91.112493,11.52046537,96.5415,0.017344553677522145
CN,002245,2024-08-05,8.33,8.43,8.1,8.12,5.5799,5.6469000000000005,5.4259,5.4393,22162300.0,182970656.0,0.668990991,10.87261252,88.285614,11.52046537,93.546179,0.019237330514192588
CN,002245,2024-08-06,8.17,8.3,8.06,8.19,5.4728,5.5598,5.3991,5.4861,18190093.0,148755039.0,0.668990991,10.87261252,89.046697,11.52046537,94.352611,0.015789373446118003
CN,002245,2024-08-07,8.22,8.22,8.09,8.13,5.5062,5.5062,5.4192,5.446,13022761.0,106222302.0,0.668990991,10.87261252,88.39434,11.52046537,93.661383,0.011304023389464865
CN,002245,2024-08-08,8.12,8.22,8.06,8.16,5.4393,5.5062,5.3991,5.4661,11751884.0,95707312.0,0.668990991,10.87261252,88.720518,11.52046537,94.006997,0.010200876112698215
CN,002245,2024-08-09,8.19,8.28,8.08,8.09,5.4861,5.5464,5.4125,5.4192,11737940.0,95561841.0,0.668990991,10.87261252,87.959435,11.52046537,93.200565,0.010188772434980203
CN,002245,2024-08-12,8.09,8.13,7.93,7.98,5.4192,5.446,5.312,5.3455,10721700.0,85811801.0,0.668990991,10.87261252,86.763448,11.52046537,91.933314,0.009306655291825247
CN,002245,2024-08-13,7.97,8.14,7.97,8.13,5.3388,5.4527,5.3388,5.446,10693120.0,86311629.0,0.668990991,10.87261252,88.39434,11.52046537,93.661383,0.009281847266209871
CN,002245,2024-08-14,8.1,8.17,8.0,8.01,5.4259,5.4728,5.3589,5.3656,8566101.0,68929687.0,0.668990991,10.87261252,87.089626,11.52046537,92.278928,0.007435551190758885
CN,002245,2024-08-15,7.95,8.14,7.86,8.01,5.3254,5.4527,5.2651,5.3656,13027745.0,104293903.0,0.668990991,10.87261252,87.089626,11.52046537,92.278928,0.011308349603588974
CN,002245,2024-08-16,8.01,8.04,7.92,7.92,5.3656,5.3857,5.3053,5.3053,8272150.0,65984442.0,0.668990991,10.87261252,86.111091,11.52046537,91.242086,0.007180395699587959
CN,002245,2024-08-19,7.9,8.0,7.83,7.84,5.2919,5.3589,5.245,5.2517,9227756.0,72893226.0,0.668990991,10.87261252,85.241282,11.52046537,90.320448,0.008009881288328547
CN,002245,2024-08-20,7.85,7.9,7.6899999999999995,7.72,5.2584,5.2919,5.1512,5.1713000000000005,9938761.0,77112954.0,0.668990991,10.87261252,83.936569,11.52046537,88.937993,0.008627048197099004
CN,002245,2024-08-21,7.71,7.79,7.67,7.6899999999999995,5.1646,5.2182,5.1378,5.1512,8857800.0,68335186.0,0.668990991,10.87261252,83.61039,11.52046537,88.592379,0.007688751899785451
CN,002245,2024-08-22,7.6899999999999995,7.74,7.52,7.55,5.1512,5.1847,5.0373,5.0574,11212685.0,85123115.0,0.668990991,10.87261252,82.088225,11.52046537,86.979514,0.009732840332299875
CN,002245,2024-08-23,7.52,7.54,7.41,7.48,5.0373,5.0507,4.9637,5.0105,9966497.0,74379017.0,0.668990991,10.87261252,81.327142,11.52046537,86.173081,0.008651123613420488
CN,002245,2024-08-26,7.48,7.7,7.47,7.53,5.0105,5.1579,5.0038,5.044,13797254.0,104365212.0,0.668990991,10.87261252,81.870772,11.52046537,86.749104,0.011976299183129266
CN,002245,2024-08-27,7.5,7.5,7.28,7.35,5.0239,5.0239,4.8766,4.9235,12935601.0,95155233.0,0.668990991,10.87261252,79.913702,11.52046537,84.67542,0.011228366723522384
CN,002245,2024-08-28,7.33,7.41,7.26,7.32,4.9101,4.9637,4.8632,4.9033999999999995,9569300.0,70143615.0,0.668990991,10.87261252,79.587524,11.52046537,84.329807,0.008306348478698652
CN,002245,2024-08-29,7.27,7.4,7.26,7.29,4.8699,4.957,4.8632,4.8833,18803700.0,137776704.0,0.668990991,10.87261252,79.261345,11.52046537,83.984193,0.016321996895165357
CN,002245,2024-08-30,7.28,7.59,7.28,7.49,4.8766,5.0842,4.8766,5.0172,21235049.0,158851273.0,0.668990991,10.87261252,81.435868,11.52046537,86.288286,0.018432457646457037
CN,002245,2024-09-02,7.5,7.55,7.27,7.28,5.0239,5.0574,4.8699,4.8766,20691000.0,153011815.0,0.668990991,10.87261252,79.152619,11.52046537,83.868988,0.017960211966680302
CN,002245,2024-09-03,7.29,7.44,7.28,7.38,4.8833,4.9838000000000005,4.8766,4.9436,14609550.0,107709278.0,0.668990991,10.87261252,80.23988,11.52046537,85.021034,0.01268138875539192
CN,002245,2024-09-04,7.35,7.55,7.33,7.44,4.9235,5.0574,4.9101,4.9838000000000005,21474101.0,160267352.0,0.668990991,10.87261252,80.892237,11.52046537,85.712262,0.018639959680725987
CN,002245,2024-09-05,7.45,7.52,7.33,7.38,4.9905,5.0373,4.9101,4.9436,18724718.0,138502735.0,0.668990991,10.87261252,80.23988,11.52046537,85.021034,0.016253438900793293
CN,002245,2024-09-06,7.39,7.39,7.22,7.22,4.9503,4.9503,4.8364,4.8364,13460441.0,97940958.0,0.668990991,10.87261252,78.500262,11.52046537,83.17776,0.0116839385976992
CN,002245,2024-09-09,7.17,7.26,7.15,7.21,4.8029,4.8632,4.7895,4.8297,10979497.0,79051333.0,0.668990991,10.87261252,78.391536,11.52046537,83.062555,0.009530428370186576
CN,002245,2024-09-10,7.22,7.27,7.03,7.19,4.8364,4.8699,4.7091,4.8163,12415905.0,88499535.0,0.668990991,10.87261252,78.174084,11.52046537,82.832146,0.01077725994674814
CN,002245,2024-09-11,7.16,7.31,7.14,7.29,4.7962,4.8967,4.7828,4.8833,13836206.0,100538676.0,0.668990991,10.87261252,79.261345,11.52046537,83.984193,0.012010110317270976
CN,002245,2024-09-12,7.3,7.34,7.2,7.23,4.89,4.9168,4.823,4.8431,12704311.0,92177671.0,0.668990991,10.87261252,78.608989,11.52046537,83.292965,0.011027602264299849
CN,002245,2024-09-13,7.25,7.27,7.04,7.04,4.8565000000000005,4.8699,4.7158,4.7158,12058706.0,85725242.0,0.668990991,10.87261252,76.543192,11.52046537,81.104076,0.010467203895600964
CN,002245,2024-09-18,7.04,7.09,6.91,7.03,4.7158,4.7493,4.6287,4.7091,8731425.0,60959137.0,0.668990991,10.87261252,76.434466,11.52046537,80.988872,0.007579055810312288
CN,002245,2024-09-19,7.07,7.23,6.99,7.13,4.7359,4.8431,4.6823,4.7761,10891586.0,77592864.0,0.668990991,10.87261252,77.521727,11.52046537,82.140918,0.009454119820855813
CN,002245,2024-09-20,7.16,7.16,7.0,7.03,4.7962,4.7962,4.689,4.7091,9279300.0,65352985.0,0.668990991,10.87261252,76.434466,11.52046537,80.988872,0.00805462253648526
CN,002245,2024-09-23,7.01,7.08,6.96,7.01,4.6957,4.7426,4.6622,4.6957,8351600.0,58577819.0,0.668990991,10.87261252,76.217014,11.52046537,80.758462,0.007249359927549524
CN,002245,2024-09-24,7.02,7.27,7.01,7.27,4.7024,4.8699,4.6957,4.8699,21291600.0,152673824.0,0.668990991,10.87261252,79.043893,11.52046537,83.753783,0.01848154507320914
CN,002245,2024-09-25,7.33,7.5600000000000005,7.33,7.37,4.9101,5.0641,4.9101,4.9369,24351310.0,181837531.0,0.668990991,10.87261252,80.131154,11.52046537,84.90583,0.021137436047863403
CN,002245,2024-09-26,7.38,7.57,7.33,7.5600000000000005,4.9436,5.0708,4.9101,5.0641,19556700.0,145504368.0,0.668990991,10.87261252,82.196951,11.52046537,87.094718,0.016975616324429784
CN,002245,2024-09-27,7.65,8.28,7.64,8.11,5.1244,5.5464,5.1177,5.4326,44087196.0,353224059.0,0.668990991,10.87261252,88.176888,11.52046537,93.430974,0.038268589491884386
CN,002245,2024-09-30,8.5,8.92,8.49,8.92,5.6937999999999995,5.9751,5.6871,5.9751,68293017.0,599586217.0,0.668990991,10.87261252,96.983704,11.52046537,102.762551,0.059279738106621294
CN,002245,2024-10-08,9.81,9.81,9.14,9.81,6.5713,6.5713,6.1225,6.5713,85409219.0,822436305.0,0.668990991,10.87261252,106.660329,11.52046537,113.015765,0.07413695216029281
CN,002245,2024-10-09,9.78,9.81,8.92,8.93,6.5512,6.5713,5.9751,5.9818,70149900.0,657531247.0,0.668990991,10.87261252,97.09243,11.52046537,102.877756,0.06089155059888002
CN,002245,2024-10-10,8.93,9.25,8.82,8.87,5.9818,6.1962,5.9082,5.9417,42137740.0,380346071.0,0.668990991,10.87261252,96.440073,11.52046537,102.186528,0.036576421738768704
CN,002245,2024-10-11,8.95,8.97,8.38,8.51,5.9952,6.0086,5.6134,5.7005,34193573.0,293743366.0,0.668990991,10.87261252,92.525933,11.52046537,98.03916,0.029680722003680656
CN,002245,2024-10-14,8.53,8.66,8.27,8.58,5.7139,5.801,5.5397,5.7474,35169462.0,298508343.0,0.668990991,10.87261252,93.287015,11.52046537,98.845593,0.030527813652027842
CN,002245,2024-10-15,8.58,8.64,8.38,8.4,5.7474,5.7876,5.6134,5.6268,24190309.0,205856180.0,0.668990991,10.87261252,91.329945,11.52046537,96.771909,0.02099768388088996
CN,002245,2024-10-16,8.28,8.47,8.25,8.37,5.5464,5.6737,5.5263,5.6067,20401755.0,170282797.0,0.668990991,10.87261252,91.003767,11.52046537,96.426295,0.017709141379937156
CN,002245,2024-10-17,8.42,8.52,8.3,8.3,5.6402,5.7072,5.5598,5.5598,19911728.0,166971955.0,0.668990991,10.87261252,90.242684,11.52046537,95.619863,0.01728378790309232
CN,002245,2024-10-18,8.3,8.78,8.27,8.6,5.5598,5.8814,5.5397,5.7608,35990821.0,307232155.0,0.668990991,10.87261252,93.504468,11.52046537,99.076002,0.03124077009399491
CN,002245,2024-10-21,8.79,8.95,8.65,8.78,5.8881,5.9952,5.7943,5.8814,34012100.0,298453729.0,0.668990991,10.87261252,95.461538,11.52046537,101.149686,0.029523199721227928
CN,002245,2024-10-22,8.75,8.95,8.68,8.93,5.8613,5.9952,5.8144,5.9818,32696897.0,289612938.0,0.668990991,10.87261252,97.09243,11.52046537,102.877756,0.028381576568204205
CN,002245,2024-10-23,8.98,9.14,8.87,8.96,6.0153,6.1225,5.9417,6.0019,32385905.0,291007863.0,0.668990991,10.87261252,97.418608,11.52046537,103.22337,0.028111629139856525
CN,002245,2024-10-24,8.96,8.98,8.84,8.92,6.0019,6.0153,5.9216,5.9751,19600520.0,174237499.0,0.668990991,10.87261252,96.983704,11.52046537,102.762551,0.017013652982318717
CN,002245,2024-10-25,9.01,9.38,9.0,9.26,6.0354,6.2833,6.0287,6.2029,44847790.0,412907410.0,0.668990991,10.87261252,100.680392,11.52046537,106.679509,0.038928800668752844
CN,002245,2024-10-28,9.26,9.33,9.16,9.32,6.2029,6.2498,6.1359,6.2431,33311954.0,308555561.0,0.668990991,10.87261252,101.332749,11.52046537,107.370737,0.028915458646962627
CN,002245,2024-10-29,9.53,9.78,9.28,9.3,6.3838,6.5512,6.2163,6.2297,57796364.0,548169277.0,0.668990991,10.87261252,101.115296,11.52046537,107.140328,0.05016842822209707
CN,002245,2024-10-30,9.2,9.35,9.08,9.17,6.1627,6.2632,6.0823,6.1426,29861600.0,274767251.0,0.668990991,10.87261252,99.701857,11.52046537,105.642667,0.025920480675860058
CN,002245,2024-10-31,9.18,9.34,9.14,9.29,6.1493,6.2565,6.1225,6.223,31069858.0,287839853.0,0.668990991,10.87261252,101.00657,11.52046537,107.025123,0.026969273377538915
CN,002245,2024-11-01,9.28,9.35,8.94,9.02,6.2163,6.2632,5.9885,6.0421,34487980.0,313641627.0,0.668990991,10.87261252,98.070965,11.52046537,103.914598,0.0299362733121952
CN,002245,2024-11-04,9.03,9.25,9.03,9.14,6.0488,6.1962,6.0488,6.1225,19151566.0,174924561.0,0.668990991,10.87261252,99.375678,11.52046537,105.297053,0.016623951711075714
CN,002245,2024-11-05,9.19,9.36,9.13,9.33,6.156,6.2699,6.1158,6.2498,34375729.0,319468473.0,0.668990991,10.87261252,101.441475,11.52046537,107.485942,0.02983883714412832
CN,002245,2024-11-06,9.38,9.57,9.3,9.35,6.2833,6.4106,6.2297,6.2632,35987104.0,339892881.0,0.668990991,10.87261252,101.658927,11.52046537,107.716351,0.031237543661832127
CN,002245,2024-11-07,9.29,9.49,9.25,9.48,6.223,6.357,6.1962,6.3503,28908810.0,272053509.0,0.668990991,10.87261252,103.072367,11.52046537,109.214012,0.025093439432820414
CN,002245,2024-11-08,9.6,9.75,9.42,9.48,6.4307,6.5311,6.3101,6.3503,45617024.0,437376180.0,0.668990991,10.87261252,103.072367,11.52046537,109.214012,0.03959651154265828
CN,002245,2024-11-11,9.47,9.94,9.37,9.91,6.3436,6.6584,6.2766,6.6383,59779001.0,583805700.0,0.668990991,10.87261252,107.74759,11.52046537,114.167812,0.051889397763104424
CN,002245,2024-11-12,10.0,10.24,9.78,9.87,6.6986,6.8594,6.5512,6.6115,59914820.0,598780449.0,0.668990991,10.87261252,107.312686,11.52046537,113.706993,0.05200729143808884
CN,002245,2024-11-13,9.9,10.25,9.68,9.94,6.6316,6.8661,6.4842,6.6584,46791700.0,464220071.0,0.668990991,10.87261252,108.073768,11.52046537,114.513426,0.04061615438022883
CN,002245,2024-11-14,9.99,10.13,9.77,9.81,6.6919,6.7857,6.5445,6.5713,39023579.0,385627935.0,0.668990991,10.87261252,106.660329,11.52046537,113.015765,0.03387326618039216
CN,002245,2024-11-15,9.78,10.79,9.67,10.45,6.5512,7.2278,6.4775,7.0,183505438.0,1933349725.0,0.668990991,10.87261252,113.618801,11.52046537,120.388863,0.15928648028217632
CN,002245,2024-11-18,10.44,10.44,9.75,9.96,6.9933,6.9933,6.5311,6.6718,132242904.0,1328085844.0,0.668990991,10.87261252,108.291221,11.52046537,114.743835,0.1147895503808107
CN,002245,2024-11-19,9.89,10.96,9.79,10.72,6.6249,7.3417,6.5579,7.1809,138224740.0,1423305873.0,0.668990991,10.87261252,116.554406,11.52046537,123.499389,0.11998190659896928
CN,002245,2024-11-20,10.5,10.92,10.45,10.81,7.0335,7.3149,7.0,7.2412,137837414.0,1472524383.0,0.668990991,10.87261252,117.532941,11.52046537,124.536231,0.11964569969450808
CN,002245,2024-11-21,11.2,11.89,11.1,11.89,7.5024,7.9646,7.4354,7.9646,147228686.0,1722498108.0,0.668990991,10.87261252,129.275363,11.52046537,136.978333,0.12779751622134342
CN,002245,2024-11-22,12.38,13.08,12.26,12.85,8.2929,8.761800000000001,8.2125,8.6077,312745121.0,4033244051.0,0.668990991,10.87261252,139.713071,11.52046537,148.03798,0.27146917329781445
CN,002245,2024-11-25,12.67,12.69,11.8,11.98,8.4871,8.5005,7.9043,8.0249,236930986.0,2877104612.0,0.668990991,10.87261252,130.253898,11.52046537,138.015175,0.20566095065654452
CN,002245,2024-11-26,11.93,11.94,10.78,10.78,7.9914,7.9981,7.2211,7.2211,177076739.0,1952597505.0,0.668990991,10.87261252,117.206763,11.52046537,124.190617,0.15370623782362014
CN,002245,2024-11-27,10.4,10.92,10.26,10.91,6.9665,7.3149,6.8728,7.3082,124495457.0,1313280951.0,0.668990991,10.87261252,118.620203,11.52046537,125.688277,0.10806460763659237
CN,002245,2024-11-28,10.92,10.98,10.51,10.54,7.3149,7.3551,7.0402,7.0603,93685837.0,1000245681.0,0.668990991,10.87261252,114.597336,11.52046537,121.425705,0.08132122617543183
CN,002245,2024-11-29,10.5,10.95,10.36,10.77,7.0335,7.335,6.9397,7.2144,95031758.0,1014309359.0,0.668990991,10.87261252,117.098037,11.52046537,124.075412,0.08248951318187939
CN,002245,2024-12-02,10.69,11.53,10.6,11.28,7.1608,7.7235,7.1005,7.556,124594261.0,1375878617.0,0.668990991,10.87261252,122.643069,11.52046537,129.950849,0.10815037153312497
CN,002245,2024-12-03,11.35,11.44,10.96,11.32,7.6029,7.6632,7.3417,7.5828,88947975.0,995931621.0,0.668990991,10.87261252,123.077974,11.52046537,130.411668,0.07720866487878693
CN,002245,2024-12-04,11.23,11.41,10.88,10.94,7.5225,7.6431000000000004,7.2881,7.3283,64501566.0,714365946.0,0.668990991,10.87261252,118.946381,11.52046537,126.033891,0.055988680950307824
CN,002245,2024-12-05,10.9,11.51,10.85,11.33,7.3015,7.7101,7.268,7.5895,80275412.0,902987677.0,0.668990991,10.87261252,123.1867,11.52046537,130.526873,0.06968070249058003
CN,002245,2024-12-06,11.28,11.39,11.1,11.27,7.556,7.6297,7.4354,7.5493,65673477.0,738788111.0,0.668990991,10.87261252,122.534343,11.52046537,129.835645,0.05700592371122244
CN,002245,2024-12-09,11.22,11.39,10.93,11.08,7.5158000000000005,7.6297,7.3216,7.422,66410026.0,738272074.0,0.668990991,10.87261252,120.468547,11.52046537,127.646756,0.057645263335399446
CN,002245,2024-12-10,11.4,11.42,11.04,11.08,7.6364,7.6498,7.3952,7.422,71381154.0,802299350.0,0.668990991,10.87261252,120.468547,11.52046537,127.646756,0.0619603042997559
CN,002245,2024-12-11,11.08,11.2,10.97,11.03,7.422,7.5024,7.3484,7.3886,46693452.0,516826107.0,0.668990991,10.87261252,119.924916,11.52046537,127.070733,0.040530873103088894
CN,002245,2024-12-12,11.0,11.02,10.66,10.83,7.3685,7.3819,7.1407,7.2546,68262142.0,737922911.0,0.668990991,10.87261252,117.750394,11.52046537,124.76664,0.05925293797398047
CN,002245,2024-12-13,10.75,10.77,10.5,10.51,7.201,7.2144,7.0335,7.0402,53650906.0,568214557.0,0.668990991,10.87261252,114.271158,11.52046537,121.080091,0.04657008573604175
CN,002245,2024-12-16,10.45,10.51,10.22,10.27,7.0,7.0402,6.846,6.8795,40159905.0,415123846.0,0.668990991,10.87261252,111.661731,11.52046537,118.315179,0.03485962043215621
CN,002245,2024-12-17,10.28,10.38,10.08,10.11,6.8862,6.9531,6.7522,6.7722999999999995,34120100.0,349055934.0,0.668990991,10.87261252,109.922113,11.52046537,116.471905,0.029616945934190158
CN,002245,2024-12-18,10.1,10.18,10.04,10.1,6.7656,6.8192,6.7254000000000005,6.7656,27474800.0,277885327.0,0.668990991,10.87261252,109.813386,11.52046537,116.3567,0.023848689369394806
CN,002245,2024-12-19,10.0,10.27,9.94,10.21,6.6986,6.8795,6.6584,6.8393,27659024.0,280041816.0,0.668990991,10.87261252,111.009374,11.52046537,117.623951,0.024008599576216597
CN,002245,2024-12-20,10.23,10.38,10.16,10.25,6.8527000000000005,6.9531,6.8058,6.8661,31172746.0,320164055.0,0.668990991,10.87261252,111.444278,11.52046537,118.08477,0.027058582269754265
CN,002245,2024-12-23,10.27,10.41,10.05,10.1,6.8795,6.9732,6.7321,6.7656,33973045.0,347715035.0,0.668990991,10.87261252,109.813386,11.52046537,116.3567,0.029489299180975707
CN,002245,2024-12-24,10.14,10.76,10.13,10.55,6.7924,7.2077,6.7857,7.067,66854655.0,701911941.0,0.668990991,10.87261252,114.706062,11.52046537,121.54091,0.058031210418021506
CN,002245,2024-12-25,10.57,11.09,10.4,10.82,7.0804,7.4287,6.9665,7.2479,82682779.0,890673221.0,0.668990991,10.87261252,117.641667,11.52046537,124.651435,0.07177034637447116
CN,002245,2024-12-26,10.62,11.09,10.53,10.94,7.1139,7.4287,7.0536,7.3283,88557694.0,960630640.0,0.668990991,10.87261252,118.946381,11.52046537,126.033891,0.07686989297377664
CN,002245,2024-12-27,11.26,11.88,10.98,11.0,7.5426,7.9579,7.3551,7.3685,119869757.0,1355396287.0,0.668990991,10.87261252,119.598738,11.52046537,126.725119,0.1040494052541907
CN,002245,2024-12-30,11.11,11.65,11.04,11.09,7.4421,7.8039,7.3952,7.4287,78847552.0,886340268.0,0.668990991,10.87261252,120.577273,11.52046537,127.761961,0.06844129075317033
CN,002245,2024-12-31,11.08,11.15,10.62,10.69,7.422,7.4689,7.1139,7.1608,67411660.0,728621999.0,0.668990991,10.87261252,116.228228,11.52046537,123.153775,0.05851470217127175
CN,002245,2025-01-02,11.76,11.76,11.54,11.76,7.8774999999999995,7.8774999999999995,7.7302,7.8774999999999995,107113326.0,1259179647.0,0.668990991,10.87261252,127.861923,11.52046537,135.480673,0.09297656176193167
CN,002245,2025-01-03,11.8,12.35,11.18,11.65,7.9043,8.2728,7.489,7.8039,249097110.0,2934382712.0,0.668990991,10.87261252,126.665936,11.52046537,134.213422,0.2162213955771823
CN,002245,2025-01-06,11.44,12.82,11.27,12.36,7.6632,8.5876,7.5493,8.2795,225173291.0,2748428819.0,0.668990991,10.87261252,134.385491,11.52046537,142.392952,0.19545503047677665
CN,002245,2025-01-07,12.0,13.6,11.9,13.6,8.0383,9.1101,7.9713,9.1101,266053175.0,3462676921.0,0.668990991,10.87261252,147.86753,11.52046537,156.678329,0.23093960743358408
CN,002245,2025-01-08,13.0,13.2,12.24,12.48,8.7082,8.8421,8.1991,8.3598,271699692.0,3439439099.0,0.668990991,10.87261252,135.690204,11.52046537,143.775408,0.23584089988892523
CN,002245,2025-01-09,12.02,13.63,12.02,12.71,8.0517,9.1302,8.0517,8.5139,225463728.0,2908727002.0,0.668990991,10.87261252,138.190905,11.52046537,146.425115,0.19570713574394435
CN,002245,2025-01-10,12.31,12.45,11.44,11.44,8.246,8.3398,7.6632,7.6632,169553688.0,2017683954.0,0.668990991,10.87261252,124.382687,11.52046537,131.794124,0.1471760754053636
CN,002245,2025-01-13,11.03,11.35,10.86,11.05,7.3886,7.6029,7.2747,7.4019,105093657.0,1160160259.0,0.668990991,10.87261252,120.142368,11.52046537,127.301142,0.09122344768612416
CN,002245,2025-01-14,11.1,11.6,10.95,11.55,7.4354,7.7704,7.335,7.7369,109999316.0,1247547334.0,0.668990991,10.87261252,125.578675,11.52046537,133.061375,0.09548166021699521
CN,002245,2025-01-15,11.51,12.07,11.12,11.5,7.7101,8.0852,7.4488,7.7034,137021301.0,1579099786.0,0.668990991,10.87261252,125.035044,11.52046537,132.485352,0.11893729688803362
CN,002245,2025-01-16,11.49,11.96,11.36,11.51,7.6967,8.0115,7.6096,7.7101,82573296.0,959690254.0,0.668990991,10.87261252,125.14377,11.52046537,132.600556,0.07167531288712167
CN,002245,2025-01-17,11.39,11.54,11.1,11.31,7.6297,7.7302,7.4354,7.5761,68341732.0,773499951.0,0.668990991,10.87261252,122.969248,11.52046537,130.296463,0.05932202372481069
CN,002245,2025-01-20,11.4,11.91,11.39,11.75,7.6364,7.978,7.6297,7.8708,105298649.0,1236090320.0,0.668990991,10.87261252,127.753197,11.52046537,135.365468,0.0914013849424904
CN,002245,2025-01-21,11.76,12.08,11.5,11.99,7.8774999999999995,8.0919,7.7034,8.0316,118040181.0,1394397007.0,0.668990991,10.87261252,130.362624,11.52046537,138.13038,0.10246129579746309
CN,002245,2025-01-22,11.88,12.23,11.82,12.05,7.9579,8.1924,7.9177,8.0718,102117849.0,1230693640.0,0.668990991,10.87261252,131.014981,11.52046537,138.821608,0.08864038536665468
CN,002245,2025-01-23,12.71,13.26,12.55,12.86,8.5139,8.8823,8.4067,8.6144,225082332.0,2918715142.0,0.668990991,10.87261252,139.821797,11.52046537,148.153185,0.19537607620099118
CN,002245,2025-01-24,12.88,13.38,12.62,13.07,8.6278,8.9627,8.4536,8.7551,163010196.0,2112518285.0,0.668990991,10.87261252,142.105046,11.52046537,150.572482,0.14149619027065397
CN,002245,2025-01-27,12.82,12.98,12.24,12.24,8.5876,8.6948,8.1991,8.1991,104939213.0,1311806829.0,0.668990991,10.87261252,133.080777,11.52046537,141.010496,0.0910893871295062
CN,002245,2025-02-05,12.43,12.47,11.73,11.98,8.3264,8.3531,7.8575,8.0249,111227276.0,1331866555.0,0.668990991,10.87261252,130.253898,11.52046537,138.015175,0.09654755465837575
CN,002245,2025-02-06,11.87,12.36,11.77,12.29,7.9512,8.2795,7.8842,8.2326,96950048.0,1184924947.0,0.668990991,10.87261252,133.624408,11.52046537,141.586519,0.08415462820839155
CN,002245,2025-02-07,12.25,12.43,12.11,12.3,8.2058,8.3264,8.112,8.2393,92933134.0,1143575725.0,0.668990991,10.87261252,133.733134,11.52046537,141.701724,0.08066786454825306
CN,002245,2025-02-10,12.21,12.3,12.03,12.14,8.179,8.2393,8.0584,8.1321,71673082.0,869845108.0,0.668990991,10.87261252,131.993516,11.52046537,139.85845,0.06221370378547477
CN,002245,2025-02-11,12.19,12.25,11.97,12.07,8.1656,8.2058,8.0182,8.0852,60474600.0,730244920.0,0.668990991,10.87261252,131.232433,11.52046537,139.052017,0.052493191948199916
CN,002245,2025-02-12,12.03,12.8,12.02,12.74,8.0584,8.5742,8.0517,8.534,139053287.0,1733138734.0,0.668990991,10.87261252,138.517083,11.52046537,146.770729,0.12070110237222127
CN,002245,2025-02-13,12.85,13.19,12.65,12.72,8.6077,8.8354,8.473700000000001,8.5206,144840596.0,1864528148.0,0.668990991,10.87261252,138.299631,11.52046537,146.54032,0.12572460516844555
CN,002245,2025-02-14,12.72,12.95,12.49,12.59,8.5206,8.6747,8.3665,8.4335,92456155.0,1169696061.0,0.668990991,10.87261252,136.886192,11.52046537,145.042659,0.08025383700276684
CN,002245,2025-02-17,12.6,12.84,12.5,12.82,8.4402,8.600999999999999,8.3732,8.5876,82832565.0,1049175325.0,0.668990991,10.87261252,139.386893,11.52046537,147.692366,0.07190036369164486
CN,002245,2025-02-18,12.87,13.38,12.54,12.64,8.6211,8.9627,8.4,8.467,134574918.0,1752722942.0,0.668990991,10.87261252,137.429822,11.52046537,145.618682,0.11681378631668939
CN,002245,2025-02-19,12.39,13.9,12.38,13.65,8.2996,9.311,8.2929,9.1436,210884984.0,2836418001.0,0.668990991,10.87261252,148.411161,11.52046537,157.254352,0.18305248722777942
CN,002245,2025-02-20,13.56,14.09,13.4,13.8,9.0833,9.4383,8.9761,9.2441,189613446.0,2615492841.0,0.668990991,10.87261252,150.042053,11.52046537,158.982422,0.1645883563816485
CN,002245,2025-02-21,14.01,14.74,14.0,14.47,9.3847,9.8737,9.378,9.6929,176767765.0,2530314739.0,0.668990991,10.87261252,157.326703,11.52046537,166.701134,0.15343804206062206
CN,002245,2025-02-24,14.7,15.7,14.13,15.11,9.8469,10.5168,9.4651,10.1216,178947262.0,2673473077.0,0.668990991,10.87261252,164.285175,11.52046537,174.074232,0.1553298901153678
CN,002245,2025-02-25,14.59,15.6,14.5,14.84,9.7732,10.4498,9.713,9.9407,147425905.0,2214426234.0,0.668990991,10.87261252,161.34957,11.52046537,170.963706,0.12796870635443783
CN,002245,2025-02-26,15.14,16.32,14.98,16.06,10.1417,10.9321,10.0345,10.7579,221377477.0,3503335214.0,0.668990991,10.87261252,174.614157,11.52046537,185.018674,0.1921601861470636
CN,002245,2025-02-27,16.08,16.67,15.6,15.82,10.7713,11.1666,10.4498,10.5972,206582951.0,3325830581.0,0.668990991,10.87261252,172.00473,11.52046537,182.253762,0.1793182344334411
CN,002245,2025-02-28,15.59,15.69,14.48,14.52,10.4431,10.5101,9.6996,9.7264,180968929.0,2698793589.0,0.668990991,10.87261252,157.870334,11.52046537,167.277157,0.15708473849611512
CN,002245,2025-03-03,14.75,15.97,14.3,15.82,9.8804,10.6977,9.579,10.5972,252549620.0,3906653711.0,0.668990991,10.87261252,172.00473,11.52046537,182.253762,0.21921824500046216
CN,002245,2025-03-04,15.08,15.28,14.63,14.89,10.1015,10.2355,9.8,9.9742,165959458.0,2479377759.0,0.668990991,10.87261252,161.8932,11.52046537,171.539729,0.14405621011818553
CN,002245,2025-03-05,14.88,15.65,14.58,15.5,9.9675,10.4833,9.7666,10.3828,152849606.0,2305401405.0,0.668990991,10.87261252,168.525494,11.52046537,178.567213,0.13267658995619203
CN,002245,2025-03-06,15.66,16.11,15.55,15.67,10.49,10.7914,10.4163,10.4967,150490942.0,2377931731.0,0.668990991,10.87261252,170.373838,11.52046537,180.525692,0.13062922127424442
CN,002245,2025-03-07,15.71,16.21,15.29,15.49,10.5235,10.8584,10.2422,10.3761,134588655.0,2121091062.0,0.668990991,10.87261252,168.416768,11.52046537,178.452009,0.11682571031416589
CN,002245,2025-03-10,15.23,16.0,14.96,15.79,10.202,10.7178,10.0211,10.5771,101674100.0,1575073214.0,0.668990991,10.87261252,171.678552,11.52046537,181.908148,0.08825520214206416
CN,002245,2025-03-11,15.7,16.03,15.38,15.65,10.5168,10.7378,10.3024,10.4833,111266095.0,1744451464.0,0.668990991,10.87261252,170.156386,11.52046537,180.295283,0.09658125034579224
CN,002245,2025-03-12,15.7,16.25,15.5,15.82,10.5168,10.8852,10.3828,10.5972,120213262.0,1906974723.0,0.668990991,10.87261252,172.00473,11.52046537,182.253762,0.10434757463274247
CN,002245,2025-03-13,15.74,16.08,15.1,15.22,10.5436,10.7713,10.1149,10.1953,101343700.0,1565340987.0,0.668990991,10.87261252,165.481163,11.52046537,175.341483,0.08796840817203898
CN,002245,2025-03-14,15.15,15.36,14.67,15.16,10.1484,10.289,9.8268,10.1551,89693158.0,1345679487.0,0.668990991,10.87261252,164.828806,11.52046537,174.650255,0.07785549899187796
CN,002245,2025-03-17,15.32,15.38,15.12,15.22,10.2622,10.3024,10.1283,10.1953,53849800.0,820537052.0,0.668990991,10.87261252,165.481163,11.52046537,175.341483,0.04674272980345758
CN,002245,2025-03-18,15.33,15.68,15.29,15.44,10.2689,10.5034,10.2422,10.342600000000001,78709759.0,1219882204.0,0.668990991,10.87261252,167.873137,11.52046537,177.875985,0.06832168360573788
CN,002245,2025-03-19,15.28,15.3,14.86,14.94,10.2355,10.2488,9.9541,10.0077,71872041.0,1080364316.0,0.668990991,10.87261252,162.436831,11.52046537,172.115753,0.06238640427422248
CN,002245,2025-03-20,14.89,15.04,14.72,14.78,9.9742,10.0747,9.8603,9.9005,47646600.0,708966745.0,0.668990991,10.87261252,160.697213,11.52046537,170.272478,0.0413582250974641
CN,002245,2025-03-21,14.71,14.87,14.3,14.32,9.8536,9.9608,9.579,9.5924,64009452.0,927702905.0,0.668990991,10.87261252,155.695811,11.52046537,164.973064,0.055561515914699544
CN,002245,2025-03-24,14.32,14.43,13.82,14.22,9.5924,9.6661,9.2575,9.5254,51908920.0,732152428.0,0.668990991,10.87261252,154.60855,11.52046537,163.821018,0.04505800619406749
CN,002245,2025-03-25,14.28,14.48,14.07,14.14,9.5656,9.6996,9.4249,9.4718,45342160.0,647745081.0,0.668990991,10.87261252,153.738741,11.52046537,162.89938,0.03935792395858745
CN,002245,2025-03-26,14.09,14.32,14.05,14.16,9.4383,9.5924,9.4115,9.4852,32138386.0,456469801.0,0.668990991,10.87261252,153.956193,11.52046537,163.12979,0.027896777576095436
CN,002245,2025-03-27,14.1,14.53,13.95,14.36,9.445,9.7331,9.3445,9.6192,57567652.0,824272477.0,0.668990991,10.87261252,156.130716,11.52046537,165.433883,0.04996990151969877
CN,002245,2025-03-28,14.37,14.46,14.03,14.05,9.6259,9.6862,9.3981,9.4115,37047602.0,524920962.0,0.668990991,10.87261252,152.760206,11.52046537,161.862538,0.032158077655850804
CN,002245,2025-03-31,13.91,14.16,13.63,14.1,9.3177,9.4852,9.1302,9.445,46357900.0,642247971.0,0.668990991,10.87261252,153.303837,11.52046537,162.438562,0.04023960709149721
CN,002245,2025-04-01,14.19,14.2,14.01,14.03,9.5053,9.512,9.3847,9.3981,25460800.0,358599982.0,0.668990991,10.87261252,152.542754,11.52046537,161.632129,0.02210049610174732
CN,002245,2025-04-02,13.95,14.59,13.92,14.33,9.3445,9.7732,9.3244,9.5991,52090800.0,745156664.0,0.668990991,10.87261252,155.804537,11.52046537,165.088269,0.045215881760859805
CN,002245,2025-04-03,14.05,14.28,13.96,14.02,9.4115,9.5656,9.3512,9.3914,36397900.0,513175959.0,0.668990991,10.87261252,152.434028,11.52046537,161.516924,0.03159412300720279
CN,002245,2025-04-07,12.79,12.98,12.62,12.62,8.5675,8.6948,8.4536,8.4536,26933100.0,341763476.0,0.668990991,10.87261252,137.21237,11.52046537,145.388273,0.023378482669749998
CN,002245,2025-04-08,12.14,12.5,11.36,11.64,8.1321,8.3732,7.6096,7.7972,88336461.0,1036049814.0,0.668990991,10.87261252,126.55721,11.52046537,134.098217,0.07667785819662595
CN,002245,2025-04-09,11.21,11.93,10.53,11.77,7.5091,7.9914,7.0536,7.8842,74255823.0,839843878.0,0.668990991,10.87261252,127.970649,11.52046537,135.595877,0.06445557589484772
CN,002245,2025-04-10,12.15,12.42,12.06,12.06,8.1388,8.3197,8.0785,8.0785,58675610.0,717581837.0,0.668990991,10.87261252,131.123707,11.52046537,138.936812,0.0509316317661914
CN,002245,2025-04-11,11.82,12.48,11.77,12.34,7.9177,8.3598,7.8842,8.2661,47037955.0,577622055.0,0.668990991,10.87261252,134.168038,11.52046537,142.162543,0.040829908766090064
CN,002245,2025-04-14,12.66,12.87,12.54,12.6,8.4804,8.6211,8.4,8.4402,41467055.0,524577737.0,0.668990991,10.87261252,136.994918,11.52046537,145.157864,0.03599425341617081
CN,002245,2025-04-15,12.57,12.86,12.48,12.58,8.4201,8.6144,8.3598,8.4268,39854134.0,505283902.0,0.668990991,10.87261252,136.777466,11.52046537,144.927454,0.034594204938788856
CN,002245,2025-04-16,12.59,12.68,12.16,12.29,8.4335,8.4938,8.1455,8.2326,36136800.0,447525342.0,0.668990991,10.87261252,133.624408,11.52046537,141.586519,0.0313674828571617
CN,002245,2025-04-17,12.21,12.39,12.19,12.23,8.179,8.2996,8.1656,8.1924,23691900.0,291222238.0,0.668990991,10.87261252,132.972051,11.52046537,140.895291,0.02056505465629467
CN,002245,2025-04-18,12.23,12.4,12.1,12.36,8.1924,8.3063,8.1053,8.2795,26767088.0,328955283.0,0.668990991,10.87261252,134.385491,11.52046537,142.392952,0.023234380852099206
CN,002245,2025-04-21,12.36,12.92,12.28,12.92,8.2795,8.6546,8.2259,8.6546,45080347.0,572464094.0,0.668990991,10.87261252,140.474154,11.52046537,148.844413,0.039130664909936705
CN,002245,2025-04-22,12.8,12.88,12.63,12.67,8.5742,8.6278,8.4603,8.4871,39049500.0,496488370.0,0.668990991,10.87261252,137.756001,11.52046537,145.964296,0.03389576613952358
CN,002245,2025-04-23,12.88,12.98,12.7,12.87,8.6278,8.6948,8.5072,8.6211,42617700.0,547628180.0,0.668990991,10.87261252,139.930523,11.52046537,148.268389,0.03699303685333677
CN,002245,2025-04-24,12.94,12.96,12.61,12.63,8.668,8.6814,8.4469,8.4603,33629843.0,428293249.0,0.668990991,10.87261252,137.321096,11.52046537,145.503478,0.029191392812632534
CN,002245,2025-04-25,12.65,12.76,12.5,12.56,8.473700000000001,8.5474,8.3732,8.4134,26338340.0,332432412.0,0.668990991,10.87261252,136.560013,11.52046537,144.697045,0.022862218802885043
CN,002245,2025-04-28,12.55,12.61,12.33,12.36,8.4067,8.4469,8.2594,8.2795,24668009.0,305766371.0,0.668990991,10.87261252,134.385491,11.52046537,142.392952,0.021412337269149744
CN,002245,2025-04-29,12.29,12.53,12.21,12.47,8.2326,8.3933,8.179,8.3531,19775300.0,245925412.0,0.668990991,10.87261252,135.581478,11.52046537,143.660203,0.017165365603629256
CN,002245,2025-04-30,12.5,12.77,12.49,12.68,8.3732,8.5541,8.3665,8.4938,29738820.0,376616765.0,0.668990991,10.87261252,137.864727,11.52046537,146.079501,0.02581390512004985
CN,002245,2025-05-06,12.81,13.15,12.8,13.13,8.5809,8.8087,8.5742,8.7953,41688457.0,543004271.0,0.668990991,10.87261252,142.757402,11.52046537,151.26371,0.036186434888784355
CN,002245,2025-05-07,13.31,13.38,12.9,13.06,8.9158,8.9627,8.6412,8.7484,38577289.0,505838604.0,0.668990991,10.87261252,141.99632,11.52046537,150.457278,0.03348587731573555
CN,002245,2025-05-08,13.0,13.25,12.92,13.24,8.7082,8.8756,8.6546,8.8689,32272200.0,425276472.0,0.668990991,10.87261252,143.95339,11.52046537,152.530961,0.02801293086999662
CN,002245,2025-05-09,13.24,13.24,12.91,13.11,8.8689,8.8689,8.6479,8.7819,28662180.0,374018381.0,0.668990991,10.87261252,142.53995,11.52046537,151.033301,0.024879359539275277
CN,002245,2025-05-12,13.36,13.54,13.25,13.44,8.949300000000001,9.0699,8.8756,9.0029,49767588.0,667018411.0,0.668990991,10.87261252,146.127912,11.52046537,154.835055,0.043199286141337535
CN,002245,2025-05-13,13.61,13.68,13.27,13.31,9.1168,9.1637,8.889,8.9158,36193200.0,484973962.0,0.668990991,10.87261252,144.714473,11.52046537,153.337394,0.03141643921281975
CN,002245,2025-05-14,13.31,13.41,13.17,13.33,8.9158,8.9828,8.822,8.9292,28022830.0,372486665.0,0.668990991,10.87261252,144.931925,11.52046537,153.567803,0.02432439063874379
CN,002245,2025-05-15,13.3,13.3,12.96,12.97,8.9091,8.9091,8.6814,8.6881,27523250.0,359143218.0,0.668990991,10.87261252,141.017784,11.52046537,149.420436,0.02389074496215425
CN,002245,2025-05-16,12.92,13.1,12.91,12.94,8.6546,8.7752,8.6479,8.668,20553032.0,267036059.0,0.668990991,10.87261252,140.691606,11.52046537,149.074822,0.017840452915662035
CN,002245,2025-05-19,12.91,12.95,12.62,12.9,8.6479,8.6747,8.4536,8.6412,22024800.0,281498384.0,0.668990991,10.87261252,140.256702,11.52046537,148.614003,0.019117977696763825
CN,002245,2025-05-20,12.88,12.96,12.72,12.91,8.6681,8.7219,8.5604,8.6883,18357908.0,236532561.0,0.6729899303,10.87261252,140.365428,11.52046537,148.729208,0.015935040304712968
CN,002245,2025-05-21,12.86,13.28,12.84,13.17,8.6546,8.9373,8.6412,8.8633,57762198.0,758560956.0,0.6729899303,10.87261252,143.192307,11.52046537,151.724529,0.05013877143402237
CN,002245,2025-05-22,13.08,13.08,12.68,12.7,8.8027,8.8027,8.5335,8.547,39307952.0,504487569.0,0.6729899303,10.87261252,138.082179,11.52046537,146.30991,0.03412010777130612
CN,002245,2025-05-23,12.71,12.81,12.38,12.4,8.5537,8.621,8.3316,8.3451,31850832.0,400930424.0,0.6729899303,10.87261252,134.820395,11.52046537,142.853771,0.02764717481200154
CN,002245,2025-05-26,12.39,12.49,12.3,12.43,8.3383,8.4056,8.2778,8.3653,18114964.0,224673877.0,0.6729899303,10.87261252,135.146574,11.52046537,143.199385,0.015724159934695416
CN,002245,2025-05-27,12.43,12.55,12.23,12.29,8.3653,8.446,8.2307,8.271,20269845.0,250082661.0,0.6729899303,10.87261252,133.624408,11.52046537,141.586519,0.017594640797049678
CN,002245,2025-05-28,12.3,12.36,12.14,12.16,8.2778,8.3182,8.1701,8.1836,18050937.0,220417175.0,0.6729899303,10.87261252,132.210968,11.52046537,140.088859,0.01566858318675715
CN,002245,2025-05-29,12.13,12.35,12.13,12.32,8.1634,8.3114,8.1634,8.2912,19610682.0,241036986.0,0.6729899303,10.87261252,133.950586,11.52046537,141.932133,0.01702247380654207
CN,002245,2025-05-30,12.29,12.29,12.03,12.08,8.271,8.271,8.0961,8.1297,18983110.0,229747648.0,0.6729899303,10.87261252,131.341159,11.52046537,139.167222,0.016477728451346405
CN,002245,2025-06-03,12.03,12.14,11.97,12.05,8.0961,8.1701,8.0557,8.1095,14899605.0,179877353.0,0.6729899303,10.87261252,131.014981,11.52046537,138.821608,0.012933162438732281
CN,002245,2025-06-04,12.05,12.39,12.04,12.19,8.1095,8.3383,8.1028,8.2037,22201922.0,271415490.0,0.6729899303,10.87261252,132.537147,11.52046537,140.434473,0.01927172322206286
CN,002245,2025-06-05,12.19,12.28,12.07,12.26,8.2037,8.2643,8.123,8.2509,20443701.0,249161105.0,0.6729899303,10.87261252,133.298229,11.52046537,141.240905,0.017745551367427094
CN,002245,2025-06-06,12.27,12.36,12.18,12.23,8.2576,8.3182,8.197,8.2307,17851597.0,218900769.0,0.6729899303,10.87261252,132.972051,11.52046537,140.895291,0.015495551982202607
CN,002245,2025-06-09,12.21,12.42,12.2,12.34,8.2172,8.3585,8.2105,8.3047,19309294.0,238467741.0,0.6729899303,10.87261252,134.168038,11.52046537,142.162543,0.016760862846984106
CN,002245,2025-06-10,12.31,12.44,12.07,12.2,8.2845,8.372,8.123,8.2105,28253618.0,346792864.0,0.6729899303,10.87261252,132.645873,11.52046537,140.549678,0.024524719351680147
CN,002245,2025-06-11,12.19,12.43,12.16,12.2,8.2037,8.3653,8.1836,8.2105,23545998.0,289600487.0,0.6729899303,10.87261252,132.645873,11.52046537,140.549678,0.02043840873070564
CN,002245,2025-06-12,12.2,12.2,12.03,12.08,8.2105,8.2105,8.0961,8.1297,21757503.0,263002773.0,0.6729899303,10.87261252,131.341159,11.52046537,139.167222,0.01888595842374378
CN,002245,2025-06-13,12.02,12.05,11.78,11.84,8.0893,8.1095,7.9277999999999995,7.9681999999999995,25305543.0,300701271.0,0.6729899303,10.87261252,128.731732,11.52046537,136.40231,0.021965729844470684
CN,002245,2025-06-16,11.78,11.95,11.73,11.86,7.9277999999999995,8.0422,7.8942,7.9817,13013832.0,154591056.0,0.6729899303,10.87261252,128.949184,11.52046537,136.632719,0.011296272834506163
CN,002245,2025-06-17,11.93,12.02,11.85,11.94,8.0288,8.0893,7.9749,8.0355,16919222.0,202015855.0,0.6729899303,10.87261252,129.818993,11.52046537,137.554357,0.014686231377474294
CN,002245,2025-06-18,11.9,11.93,11.74,11.9,8.0086,8.0288,7.9009,8.0086,15737100.0,186224240.0,0.6729899303,10.87261252,129.384089,11.52046537,137.093538,0.013660125259332297
CN,002245,2025-06-19,11.72,11.96,11.46,11.61,7.8873999999999995,8.049,7.7125,7.8134,27269900.0,319530123.0,0.6729899303,10.87261252,126.231031,11.52046537,133.752603,0.02367083197091369
CN,002245,2025-06-20,11.61,11.92,11.58,11.6,7.8134,8.022,7.7932,7.8067,22812500.0,267744249.0,0.6729899303,10.83430357,125.677921,11.52046537,133.637398,0.01980171743704482
CN,002245,2025-06-23,11.5,11.83,11.45,11.81,7.7394,7.9615,7.7057,7.948,23019105.0,270425787.0,0.6729899303,10.83430357,127.953125,11.52046537,136.056696,0.019981054810462053
CN,002245,2025-06-24,11.84,12.36,11.84,12.3,7.9681999999999995,8.3182,7.9681999999999995,8.2778,46473032.0,566233376.0,0.6729899303,10.83430357,133.261934,11.52046537,141.701724,0.0403395440265969
CN,002245,2025-06-25,12.35,12.58,12.31,12.54,8.3114,8.4662,8.2845,8.4393,50769651.0,633471155.0,0.6729899303,10.83430357,135.862167,11.52046537,144.466636,0.044069097358000214
CN,002245,2025-06-26,12.54,13.4,12.52,12.77,8.4393,9.0181,8.4258,8.5941,89762878.0,1169437394.0,0.6729899303,10.83430357,138.354057,11.52046537,147.116343,0.07791601738046802
CN,002245,2025-06-27,12.81,13.04,12.69,12.71,8.621,8.7758,8.5402,8.5537,48456188.0,621891773.0,0.6729899303,10.83430357,137.703998,11.52046537,146.425115,0.04206096407023877
CN,002245,2025-06-30,12.77,12.83,12.59,12.83,8.5941,8.6345,8.4729,8.6345,35534900.0,451478912.0,0.6729899303,10.83430357,139.004115,11.52046537,147.807571,0.03084502132399535
CN,002245,2025-07-01,13.32,13.65,13.02,13.51,8.9642,9.1863,8.7623,9.0921,113125616.0,1513176778.0,0.6729899303,10.83430357,146.371441,11.52046537,155.641487,0.09819535267610462
CN,002245,2025-07-02,13.42,13.58,13.14,13.39,9.0315,9.1392,8.8431,9.0113,67057746.0,893603923.0,0.6729899303,10.83430357,145.071325,11.52046537,154.259031,0.058207497567435505
CN,002245,2025-07-03,13.35,13.38,13.02,13.27,8.9844,9.0046,8.7623,8.9306,44111328.0,581298219.0,0.6729899303,10.83430357,143.771208,11.52046537,152.876575,0.038289536562358506
CN,002245,2025-07-04,13.23,13.92,13.2,13.56,8.9037,9.368,8.8835,9.1257,84953245.0,1154640551.0,0.6729899303,10.83430357,146.913156,11.52046537,156.21751,0.07374115738520726
CN,002245,2025-07-07,13.59,14.03,13.48,13.51,9.1459,9.442,9.0719,9.0921,78992923.0,1084314178.0,0.6729899303,10.83430357,146.371441,11.52046537,155.641487,0.06856747575987895
CN,002245,2025-07-08,13.37,13.74,13.25,13.64,8.9979,9.2469,8.9171,9.1796,57135989.0,776015942.0,0.6729899303,10.83430357,147.779901,11.52046537,157.139148,0.049595209190755114
CN,002245,2025-07-09,13.68,13.99,13.58,13.75,9.2065,9.4151,9.1392,9.2536,61533251.0,847316594.0,0.6729899303,10.83430357,148.971674,11.52046537,158.406399,0.053412122708372846
CN,002245,2025-07-10,13.71,13.96,13.53,13.72,9.2267,9.3949,9.1056,9.2334,43655972.0,597516258.0,0.6729899303,10.83430357,148.646645,11.52046537,158.060785,0.03789427822393602
CN,002245,2025-07-11,13.6,13.66,13.32,13.51,9.1527,9.193,8.9642,9.0921,39942314.0,538081068.0,0.6729899303,10.83430357,146.371441,11.52046537,155.641487,0.03467074698563154
CN,002245,2025-07-14,13.81,14.25,13.7,13.73,9.294,9.5901,9.22,9.2401,91205728.0,1271188689.0,0.6729899303,10.83430357,148.754988,11.52046537,158.17599,0.07916844074502868
CN,002245,2025-07-15,13.88,14.28,13.74,13.95,9.3411,9.6103,9.2469,9.3882,74270156.0,1041534185.0,0.6729899303,10.83430357,151.138535,11.52046537,160.710492,0.0644680172325365
CN,002245,2025-07-16,14.08,14.19,13.85,13.92,9.4757,9.5497,9.3209,9.368,40289800.0,563755400.0,0.6729899303,10.83430357,150.813506,11.52046537,160.364878,0.03497237195375554
CN,002245,2025-07-17,13.86,13.96,13.75,13.93,9.3276,9.3949,9.2536,9.3747,33502500.0,465621194.0,0.6729899303,10.83430357,150.921849,11.52046537,160.480083,0.029080856479324672
CN,002245,2025-07-18,13.9,14.38,13.89,14.12,9.3546,9.6776,9.3478,9.5026,65663233.0,928249518.0,0.6729899303,10.83430357,152.980366,11.52046537,162.668971,0.05699703170931887
CN,002245,2025-07-21,14.42,14.57,14.17,14.29,9.7045,9.8055,9.5363,9.617,78764110.0,1129385813.0,0.6729899303,10.83430357,154.822198,11.52046537,164.62745,0.06836886138741112
CN,002245,2025-07-22,14.2,14.6,14.08,14.28,9.5565,9.8256,9.4757,9.6103,70531890.0,1007337822.0,0.6729899303,10.83430357,154.713855,11.52046537,164.512245,0.06122312574600448
CN,002245,2025-07-23,14.2,14.33,14.0,14.13,9.5565,9.6439,9.4219,9.5093,44834219.0,635357152.0,0.6729899303,10.83430357,153.088709,11.52046537,162.784176,0.03891702076267775
CN,002245,2025-07-24,14.08,14.36,14.07,14.2,9.4757,9.6641,9.469,9.5565,43841665.0,622198020.0,0.6729899303,10.83430357,153.847111,11.52046537,163.590608,0.038055463552858194
CN,002245,2025-07-25,14.2,14.29,14.08,14.13,9.5565,9.617,9.4757,9.5093,33378456.0,472774482.0,0.6729899303,10.83430357,153.088709,11.52046537,162.784176,0.02897318374561461
CN,002245,2025-07-28,14.22,14.84,14.15,14.72,9.5699,9.9872,9.5228,9.9064,96123445.0,1405766580.0,0.6729899303,10.83430357,159.480949,11.52046537,169.58125,0.08343711986697287
CN,002245,2025-07-29,14.62,15.07,14.59,14.91,9.8391,10.142,9.8189,10.0343,64357319.0,958445788.0,0.6729899303,10.83430357,161.539466,11.52046537,171.770139,0.05586347159863039
CN,002245,2025-07-30,14.88,14.9,14.4,14.58,10.0141,10.0275,9.6911,9.8122,46154528.0,674072480.0,0.6729899303,10.83430357,157.964146,11.52046537,167.968385,0.04006307602832541
CN,002245,2025-07-31,14.52,14.85,14.32,14.44,9.7718,9.9939,9.6372,9.718,44580447.0,648508596.0,0.6729899303,10.83430357,156.447344,11.52046537,166.35552,0.038696741466790245
CN,002245,2025-08-01,14.45,14.75,14.39,14.55,9.7247,9.9266,9.6843,9.792,40870200.0,595685649.0,0.6729899303,10.83430357,157.639117,11.52046537,167.622771,0.035476171046378485
CN,002245,2025-08-04,14.4,15.28,14.34,15.0,9.6911,10.2833,9.6507,10.0948,80715101.0,1198783711.0,0.6729899303,10.83430357,162.514554,11.52046537,172.806981,0.07006236155197956
CN,002245,2025-08-05,15.45,15.84,15.29,15.57,10.3977,10.6602,10.29,10.4785,93824725.0,1462395683.0,0.6729899303,10.83430357,168.690107,11.52046537,179.373646,0.08144178380530126
CN,002245,2025-08-06,15.56,16.0,15.41,15.97,10.4717,10.7678,10.3708,10.7476,81422635.0,1288533160.0,0.6729899303,10.83430357,173.023828,11.52046537,183.981832,0.07067651556162788
CN,002245,2025-08-07,15.9,16.3,15.73,16.25,10.7005,10.9697,10.5861,10.9361,85364198.0,1372209166.0,0.6729899303,10.83430357,176.057433,11.52046537,187.207562,0.07409787300979491
CN,002245,2025-08-08,16.23,16.28,15.74,15.89,10.9226,10.9563,10.5929,10.6938,61117100.0,973685124.0,0.6729899303,10.83430357,172.157084,11.52046537,183.060195,0.05305089511327614
CN,002245,2025-08-11,16.15,16.96,15.9,16.73,10.8688,11.4139,10.7005,11.2591,121282276.0,1999171419.0,0.6729899303,10.83430357,181.257899,11.52046537,192.737386,0.10527550068925731
CN,002245,2025-08-12,16.76,17.05,16.55,16.77,11.2793,11.4745,11.138,11.286,72930439.0,1220983779.0,0.6729899303,10.83430357,181.691271,11.52046537,193.198204,0.06330511542521133
CN,002245,2025-08-13,16.72,17.97,16.7,17.66,11.2524,12.0936,11.2389,11.885,114399552.0,2010476700.0,0.6729899303,10.83430357,191.333801,11.52046537,203.451418,0.09930115522755137
CN,002245,2025-08-14,17.47,18.1,17.24,17.89,11.7571,12.1811,11.6023,12.0398,109102516.0,1921642072.0,0.6729899303,10.83430357,193.825691,11.52046537,206.101125,0.09470321944121256
CN,002245,2025-08-15,17.77,19.1,17.66,18.76,11.959,12.8541,11.885,12.6253,120076400.0,2229488867.0,0.6729899303,10.83430357,203.251535,11.52046537,216.12393,0.10422877561238657
CN,002245,2025-08-18,19.08,19.25,18.72,18.78,12.8406,12.9551,12.5984,12.6387,119112696.0,2256281907.0,0.6729899303,10.83430357,203.468221,11.52046537,216.35434,0.10339226079371479
CN,002245,2025-08-19,18.71,18.76,17.88,18.53,12.5916,12.6253,12.0331,12.4705,119139970.0,2183697291.0,0.6729899303,10.84940857,201.039541,11.53587037,213.759678,0.10327783355630756
CN,002245,2025-08-20,18.35,18.42,17.66,18.05,12.3494,12.3965,11.885,12.1475,101658820.0,1828640536.0,0.6729899303,10.84940857,195.831825,11.53587037,208.22246,0.0881241005137959
CN,002245,2025-08-21,18.66,18.8,17.21,17.3,12.558,12.6522,11.5822,11.6427,137969802.0,2459103506.0,0.6729899303,10.84940857,187.694768,11.53587037,199.570557,0.11960068687907768
CN,002245,2025-08-22,17.25,17.52,17.17,17.48,11.6091,11.7908,11.5552,11.7639,76464185.0,1328627621.0,0.6729899303,10.84940857,189.647662,11.53587037,201.647014,0.06628384555954403
CN,002245,2025-08-25,17.57,17.64,17.27,17.49,11.8244,11.8715,11.6225,11.7706,83373613.0,1454960171.0,0.6729899303,10.84940857,189.756156,11.53587037,201.762373,0.07227336154610413
CN,002245,2025-08-26,17.4,17.64,17.28,17.35,11.71,11.8715,11.6293,11.6764,54155792.0,944208738.0,0.6729899303,10.84940857,188.237239,11.53587037,200.147351,0.04694556220121603
CN,002245,2025-08-27,17.35,18.1,17.33,17.42,11.6764,12.1811,11.6629,11.7235,113893936.0,2020313213.0,0.6729899303,10.84940857,188.996697,11.53587037,200.954862,0.09873024951475769
CN,002245,2025-08-28,17.35,17.95,17.31,17.93,11.6764,12.0802,11.6495,12.0667,87757575.0,1550936776.0,0.6729899303,10.84940857,194.529896,11.53587037,206.838156,0.07607364870207015
CN,002245,2025-08-29,17.88,18.3,17.51,18.0,12.0331,12.3157,11.7841,12.1138,104968768.0,1885721638.0,0.6729899303,10.84940857,195.289354,11.53587037,207.645667,0.0909933664589194
CN,002245,2025-09-01,18.0,18.39,17.83,18.17,12.1138,12.3763,11.9994,12.2282,98913045.0,1790176558.0,0.6729899303,10.84940857,197.133754,11.53587037,209.606765,0.08574389432914545
CN,002245,2025-09-02,18.03,18.15,17.06,17.17,12.134,12.2148,11.4812,11.5552,104456784.0,1826042551.0,0.6729899303,10.84940857,186.284345,11.53587037,198.070894,0.09054954732470698
CN,002245,2025-09-03,17.39,17.95,17.36,17.44,11.7033,12.0802,11.6831,11.7369,78624236.0,1383151238.0,0.6729899303,10.84940857,189.213685,11.53587037,201.185579,0.06815631025507093
CN,002245,2025-09-04,17.43,18.25,16.81,17.15,11.7302,12.2821,11.313,11.5418,105537744.0,1863718418.0,0.6729899303,10.84940857,186.067357,11.53587037,197.840177,0.09148658975438886
CN,002245,2025-09-05,17.14,18.13,17.02,18.08,11.535,12.2013,11.4543,12.1677,122636721.0,2187148285.0,0.6729899303,10.84940857,196.157307,11.53587037,208.568536,0.1063090317995659
CN,002245,2025-09-08,18.36,18.46,17.57,17.95,12.3561,12.4234,11.8244,12.0802,116472229.0,2079814116.0,0.6729899303,10.84940857,194.746884,11.53587037,207.068873,0.1009652720291447
CN,002245,2025-09-09,17.8,18.55,17.65,17.99,11.9792,12.484,11.8783,12.1071,120818304.0,2196817040.0,0.6729899303,10.84940857,195.18086,11.53587037,207.530308,0.1047327164096765
CN,002245,2025-09-10,17.65,18.3,17.35,17.68,11.8783,12.3157,11.6764,11.8985,83178628.0,1476689330.0,0.6729899303,10.84940857,191.817544,11.53587037,203.954188,0.07210433658851872
CN,002245,2025-09-11,17.6,18.5,17.3,18.28,11.8446,12.4503,11.6427,12.3023,115849980.0,2098557147.0,0.6729899303,10.84940857,198.327189,11.53587037,210.87571,0.10042586842972646
CN,002245,2025-09-12,18.29,18.6,17.83,18.2,12.309,12.5176,11.9994,12.2484,108044548.0,1957967817.0,0.6729899303,10.84940857,197.459236,11.53587037,209.952841,0.0936596412187319
CN,002245,2025-09-15,18.29,18.67,17.76,17.8,12.309,12.5647,11.9523,11.9792,101406909.0,1833036977.0,0.6729899303,10.84940857,193.119473,11.53587037,205.338493,0.08790572860780162
CN,002245,2025-09-16,17.7,17.86,17.11,17.74,11.9119,12.0196,11.5149,11.9388,80268764.0,1405734743.0,0.6729899303,10.84940857,192.468508,11.53587037,204.64634,0.0695818879941176
CN,002245,2025-09-17,17.62,19.51,17.45,19.51,11.8581,13.13,11.7437,13.13,169296059.0,3197506417.0,0.6729899303,10.84940857,211.671961,11.53587037,225.064831,0.1467562078716389
CN,002245,2025-09-18,20.0,21.28,19.53,20.43,13.4598,14.3212,13.1435,13.7492,294494475.0,5941807447.0,0.6729899303,10.84940857,221.653417,11.53587037,235.677832,0.2552858740211381
CN,002245,2025-09-19,20.0,20.16,19.35,19.45,13.4598,13.5675,13.0224,13.0897,136756599.0,2696024841.0,0.6729899303,10.84940857,211.020997,11.53587037,224.372679,0.11854900810574902
CN,002245,2025-09-22,19.48,19.95,19.32,19.68,13.1098,13.4261,13.0022,13.2444,102489533.0,2010914079.0,0.6729899303,10.84940857,213.516361,11.53587037,227.025929,0.08884421349474647
CN,002245,2025-09-23,19.8,20.59,19.56,20.32,13.3252,13.8569,13.1637,13.6752,150225757.0,3019761242.0,0.6729899303,10.84940857,220.459982,11.53587037,234.408886,0.1302249004034188
CN,002245,2025-09-24,20.37,22.24,20.01,21.45,13.7088,14.9673,13.4665,14.4356,187713608.0,3934562314.0,0.6729899303,10.84940857,232.719814,11.53587037,247.444419,0.1627216690022497
CN,002245,2025-09-25,21.6,21.8,20.73,20.9,14.5366,14.6712,13.9511,14.0655,133171301.0,2813764916.0,0.6729899303,10.84940857,226.752639,11.53587037,241.099691,0.1154410518917785
CN,002245,2025-09-26,20.8,21.26,20.6,20.9,13.9982,14.3078,13.8636,14.0655,94638921.0,1979017822.0,0.6729899303,10.84940857,226.752639,11.53587037,241.099691,0.0820388214885948
CN,002245,2025-09-29,21.07,21.48,20.88,21.19,14.1799,14.4558,14.052,14.2607,102326341.0,2167983838.0,0.6729899303,10.84940857,229.898968,11.53587037,244.445093,0.08870274865961414
CN,002245,2025-09-30,21.09,21.09,20.01,20.02,14.1934,14.1934,13.4665,13.4733,150061420.0,3065326972.0,0.6729899303,10.84940857,217.20516,11.53587037,230.948125,0.13008244301205685
CN,002245,2025-10-09,20.1,20.24,19.61,19.79,13.5271,13.6213,13.1973,13.3185,103532777.0,2060718203.0,0.6729899303,10.84940857,214.709796,11.53587037,228.294875,0.0897485613822826
CN,002245,2025-10-10,19.92,19.98,18.74,18.85,13.406,13.4463,12.6118,12.6859,105448444.0,2021725626.0,0.6729899303,10.84940857,204.511352,11.53587037,217.451156,0.09140917903709073
CN,002245,2025-10-13,17.61,18.8,17.6,18.58,11.8513,12.6522,11.8446,12.5041,82364838.0,1500984193.0,0.6729899303,10.84940857,201.582011,11.53587037,214.336471,0.07139889350195602
CN,002245,2025-10-14,18.72,18.89,17.93,18.05,12.5984,12.7128,12.0667,12.1475,64164083.0,1180386846.0,0.6729899303,10.84940857,195.831825,11.53587037,208.22246,0.05562136270780581
CN,002245,2025-10-15,18.08,18.45,17.89,18.38,12.1677,12.4167,12.0398,12.3696,55577138.0,1011011635.0,0.6729899303,10.84940857,199.41213,11.53587037,212.029297,0.048177672093588204
CN,002245,2025-10-16,18.3,18.43,17.96,18.04,12.3157,12.4032,12.0869,12.1407,38335427.0,695056476.0,0.6729899303,10.84940857,195.723331,11.53587037,208.107101,0.03323149946248919
CN,002245,2025-10-17,18.0,18.26,17.31,17.31,12.1138,12.2888,11.6495,11.6495,50474118.0,892285847.0,0.6729899303,10.84940857,187.803262,11.53587037,199.685916,0.04375406135913436
CN,002245,2025-10-20,17.57,17.93,17.55,17.77,11.8244,12.0667,11.811,11.959,44429923.0,788381060.0,0.6729899303,10.84940857,192.79399,11.53587037,204.992416,0.03851458240684097
CN,002245,2025-10-21,17.86,18.32,17.78,18.27,12.0196,12.3292,11.9658,12.2955,55829760.0,1015769457.0,0.6729899303,10.84940857,198.218695,11.53587037,210.760352,0.04839666033799234
CN,002245,2025-10-22,18.02,18.17,17.82,17.94,12.1273,12.2282,11.9927,12.0734,33301769.0,599027204.0,0.6729899303,10.84940857,194.63839,11.53587037,206.953514,0.028868015964017807
CN,002245,2025-10-23,17.86,17.98,17.48,17.92,12.0196,12.1004,11.7639,12.06,35703662.0,631766560.0,0.6729899303,10.84940857,194.421402,11.53587037,206.722797,0.030950124138747582
CN,002245,2025-10-24,18.07,18.36,18.03,18.36,12.1609,12.3561,12.134,12.3561,48589457.0,886814337.0,0.6729899303,10.84940857,199.195141,11.53587037,211.79858,0.04212032160690793
CN,002245,2025-10-27,18.76,18.84,18.36,18.6,12.6253,12.6791,12.3561,12.5176,57073735.0,1061717518.0,0.6729899303,10.84940857,201.798999,11.53587037,214.567189,0.04947501416835009
CN,002245,2025-10-28,18.61,18.69,18.34,18.43,12.5243,12.5782,12.342600000000001,12.4032,48737900.0,901870417.0,0.6729899303,10.85164357,199.995791,11.53810537,212.647282,0.042240817220063225
CN,002245,2025-10-29,18.43,18.93,18.37,18.9,12.4032,12.7397,12.3628,12.7195,60538180.0,1135567086.0,0.6729899303,10.85164357,205.096063,11.53810537,218.070191,0.05246804224669687
CN,002245,2025-10-30,19.18,19.44,18.92,19.07,12.9079,13.0829,12.733,12.8339,93836332.0,1797261135.0,0.6729899303,10.85164357,206.940843,11.53810537,220.031669,0.08132733147331277
CN,002245,2025-10-31,19.0,19.58,18.9,19.22,12.7868,13.1771,12.7195,12.9349,80828194.0,1563095371.0,0.6729899303,10.85164357,208.568589,11.53810537,221.762385,0.07005326386614547
CN,002245,2025-11-03,19.0,19.03,18.09,18.47,12.7868,12.807,12.1744,12.4301,63858552.0,1175251567.0,0.6729899303,10.85164357,200.429857,11.53810537,213.108806,0.055345786810057536
CN,002245,2025-11-04,18.49,18.57,17.86,18.01,12.4436,12.4974,12.0196,12.1205,44544520.0,807453519.0,0.6729899303,10.85164357,195.438101,11.53810537,207.801278,0.038606442367755914
CN,002245,2025-11-05,17.65,18.19,17.6,18.06,11.8783,12.2417,11.8446,12.1542,43227394.0,773550773.0,0.6729899303,10.85164357,195.980683,11.53810537,208.378183,0.03746489793063833
CN,002245,2025-11-06,18.0,18.55,18.0,18.47,12.1138,12.484,12.1138,12.4301,51154195.0,939497954.0,0.6729899303,10.85164357,200.429857,11.53810537,213.108806,0.044335004196620544
CN,002245,2025-11-07,18.3,18.6,18.05,18.27,12.3157,12.5176,12.1475,12.2955,47738834.0,874197471.0,0.6729899303,10.85164357,198.259528,11.53810537,210.801185,0.041374933292015866
CN,002245,2025-11-10,18.33,18.54,17.91,17.97,12.3359,12.4772,12.0532,12.0936,45054817.0,816288333.0,0.6729899303,10.85164357,195.004035,11.53810537,207.339754,0.03904871341974926
CN,002245,2025-11-11,18.0,18.26,17.84,17.9,12.1138,12.2888,12.0061,12.0465,32035147.0,576538275.0,0.6729899303,10.85164357,194.24442,11.53810537,206.532086,0.02776465110406597
CN,002245,2025-11-12,17.84,17.85,17.3,17.41,12.0061,12.0129,11.6427,11.7168,38032482.0,664170682.0,0.6729899303,10.85164357,188.927115,11.53810537,200.878414,0.032962501884310665
CN,002245,2025-11-13,17.43,18.38,17.42,18.0,11.7302,12.3696,11.7235,12.1138,70373638.0,1263353063.0,0.6729899303,10.85164357,195.329584,11.53810537,207.685897,0.06099236897504603
CN,002245,2025-11-14,17.71,17.92,17.51,17.53,11.9186,12.06,11.7841,11.7975,36541399.0,646745783.0,0.6729899303,10.85164357,190.229312,11.53810537,202.262987,0.03167019005998209
CN,002245,2025-11-17,17.56,17.84,17.35,17.66,11.8177,12.0061,11.6764,11.885,36257501.0,637220106.0,0.6729899303,10.85164357,191.640025,11.53810537,203.762941,0.03142413753151571
CN,002245,2025-11-18,17.62,18.04,16.95,17.14,11.8581,12.1407,11.4072,11.535,56029160.0,971240131.0,0.6729899303,10.85164357,185.997171,11.53810537,197.763126,0.048560104283395016
CN,002245,2025-11-19,17.06,17.32,16.5,16.73,11.4812,11.6562,11.1043,11.2591,49653474.0,832416837.0,0.6729899303,10.85164357,181.547997,11.53810537,193.032503,0.043034339181112886
CN,002245,2025-11-20,16.8,17.05,16.59,16.62,11.3062,11.4745,11.1649,11.1851,30239706.0,508477761.0,0.6729899303,10.85164357,180.354316,11.53810537,191.763311,0.02620855420390393
CN,002245,2025-11-21,16.3,16.5,15.71,15.71,10.9697,11.1043,10.5727,10.5727,48889391.0,780586898.0,0.6729899303,10.85164357,170.47932,11.53810537,181.263635,0.04237211347290721
CN,002245,2025-11-24,15.86,16.03,15.68,15.96,10.6736,10.788,10.5525,10.7409,30556941.0,484347090.0,0.6729899303,10.85164357,173.192231,11.53810537,184.148162,0.02648349969090289
CN,002245,2025-11-25,16.07,16.3,15.97,16.08,10.8149,10.9697,10.7476,10.8217,25901918.0,418007673.0,0.6729899303,10.85164357,174.494429,11.53810537,185.532734,0.022449021888244377
CN,002245,2025-11-26,16.11,16.23,15.97,16.05,10.8419,10.9226,10.7476,10.8015,23480532.0,378278108.0,0.6729899303,10.85164357,174.168879,11.53810537,185.186591,0.020350422575487366
CN,002245,2025-11-27,16.05,16.43,16.01,16.11,10.8015,11.0572,10.7746,10.8419,29419826.0,477423802.0,0.6729899303,10.85164357,174.819978,11.53810537,185.878878,0.025497969602959174
CN,002245,2025-11-28,16.02,16.22,16.02,16.17,10.7813,10.9159,10.7813,10.8822,18609962.0,300158793.0,0.6729899303,10.85164357,175.471077,11.53810537,186.571164,0.01612913160629248
CN,002245,2025-12-01,16.22,16.37,16.17,16.33,10.9159,11.0168,10.8822,10.9899,24513711.0,399217091.0,0.6729899303,10.85164357,177.207339,11.53810537,188.417261,0.021245872016161002
CN,002245,2025-12-02,16.33,16.35,15.95,16.03,10.9899,11.0034,10.7342,10.788,22079211.0,355037290.0,0.6729899303,10.85164357,173.951846,11.53810537,184.955829,0.019135906885898026
CN,002245,2025-12-03,16.03,16.12,15.77,15.85,10.788,10.8486,10.613,10.6669,20330770.0,323452772.0,0.6729899303,10.85164357,171.998551,11.53810537,182.87897,0.01762054457646195
CN,002245,2025-12-04,15.91,15.99,15.66,15.81,10.7073,10.7611,10.539,10.64,22789209.0,360545115.0,0.6729899303,10.85164357,171.564485,11.53810537,182.417446,0.01975125748049916
CN,002245,2025-12-05,15.79,16.23,15.69,16.15,10.6265,10.9226,10.5592,10.8688,26250786.0,420484456.0,0.6729899303,10.85164357,175.254044,11.53810537,186.340402,0.022751383488188753
CN,002245,2025-12-08,16.18,16.35,16.17,16.27,10.889,11.0034,10.8822,10.9495,23805023.0,387528638.0,0.6729899303,10.85164357,176.556241,11.53810537,187.724974,0.02063165678993968
CN,002245,2025-12-09,16.2,16.34,16.08,16.14,10.9024,10.9967,10.8217,10.8621,19631792.0,317726945.0,0.6729899303,10.85164357,175.145527,11.53810537,186.225021,0.017014744943345927
CN,002245,2025-12-10,16.12,16.2,15.93,16.15,10.8486,10.9024,10.7207,10.8688,18787104.0,302166345.0,0.6729899303,10.85164357,175.254044,11.53810537,186.340402,0.01628265941204522
CN,002245,2025-12-11,16.16,16.25,15.97,15.98,10.8755,10.9361,10.7476,10.7544,22523655.0,363078520.0,0.6729899303,10.85164357,173.409264,11.53810537,184.378924,0.019521103576123782
CN,002245,2025-12-12,16.03,16.15,15.87,16.03,10.788,10.8688,10.6803,10.788,23714661.0,380103912.0,0.6729899303,10.85164357,173.951846,11.53810537,184.955829,0.020553340639148626
CN,002245,2025-12-15,15.98,16.03,15.77,15.79,10.7544,10.788,10.613,10.6265,20375544.0,323576122.0,0.6729899303,10.85164357,171.347452,11.53810537,182.186684,0.01765934990763566
CN,002245,2025-12-16,15.84,15.84,15.35,15.48,10.6602,10.6602,10.330400000000001,10.4179,24472700.0,378879089.0,0.6729899303,10.85164357,167.983442,11.53810537,178.609871,0.02121032805232563
CN,002245,2025-12-17,15.49,15.93,15.49,15.93,10.4246,10.7207,10.4246,10.7207,25114555.0,394613020.0,0.6729899303,10.85164357,172.866682,11.53810537,183.802019,0.021766619557228053
CN,002245,2025-12-18,15.8,15.99,15.72,15.75,10.6332,10.7611,10.5794,10.5996,17059700.0,270314436.0,0.6729899303,10.85164357,170.913386,11.53810537,181.72516,0.014785529732079401
CN,002245,2025-12-19,15.77,16.09,15.76,15.99,10.613,10.8284,10.6063,10.7611,23276154.0,371150398.0,0.6729899303,10.85164357,173.517781,11.53810537,184.494305,0.02017328950775564
CN,002245,2025-12-22,16.15,16.34,16.1,16.29,10.8688,10.9967,10.8351,10.963,34023439.0,552755783.0,0.6729899303,10.85164357,176.773274,11.53810537,187.955736,0.02948789069691084
CN,002245,2025-12-23,16.3,16.74,16.2,16.58,10.9697,11.2658,10.9024,11.1582,56472993.0,934681628.0,0.6729899303,10.85164357,179.92025,11.53810537,191.301787,0.04894477142394133
CN,002245,2025-12-24,16.5,17.8,16.45,17.65,11.1043,11.9792,11.0707,11.8783,109039543.0,1883431144.0,0.6729899303,10.85164357,191.531509,11.53810537,203.64756,0.09450385440534419
CN,002245,2025-12-25,17.64,18.76,17.3,18.38,11.8715,12.6253,11.6427,12.3696,122398662.0,2202835818.0,0.6729899303,10.85164357,199.453209,11.53810537,212.070377,0.10608211493565169
CN,002245,2025-12-26,18.46,18.69,17.88,18.58,12.4234,12.5782,12.0331,12.5041,135248825.0,2481673421.0,0.6729899303,10.85164357,201.623538,11.53810537,214.377998,0.11721926664984167
CN,002245,2025-12-29,18.53,18.57,17.92,17.96,12.4705,12.4974,12.06,12.0869,81353543.0,1469366795.0,0.6729899303,10.85164357,194.895519,11.53810537,207.224372,0.07050858038749216
CN,002245,2025-12-30,17.71,18.07,17.53,17.85,11.9186,12.1609,11.7975,12.0129,59875408.0,1066184351.0,0.6729899303,10.85164357,193.701838,11.53810537,205.955181,0.051893622115534555
CN,002245,2025-12-31,17.83,18.06,17.58,17.8,11.9994,12.1542,11.8312,11.9792,38787418.0,691620374.0,0.6729899303,10.85164357,193.159256,11.53810537,205.378276,0.033616799947806336
CN,002245,2026-01-05,17.72,18.14,17.61,17.96,11.9254,12.208,11.8513,12.0869,52875167.0,943307171.0,0.6729899303,10.85164357,194.895519,11.53810537,207.224372,0.04582655930451084
CN,002245,2026-01-06,18.04,18.12,17.8,17.96,12.1407,12.1946,11.9792,12.0869,45482363.0,815810912.0,0.6729899303,10.85164357,194.895519,11.53810537,207.224372,0.0394192647245689
CN,002245,2026-01-07,17.92,18.28,17.85,18.11,12.06,12.3023,12.0129,12.1878,64953107.0,1175476304.0,0.6729899303,10.85164357,196.523265,11.53810537,208.955088,0.056294430426058764
CN,002245,2026-01-08,18.0,18.24,17.8,17.93,12.1138,12.2753,11.9792,12.0667,43048649.0,774078305.0,0.6729899303,10.85164357,194.569969,11.53810537,206.878229,0.03730998081533381
CN,002245,2026-01-09,17.89,18.28,17.82,18.07,12.0398,12.3023,11.9927,12.1609,52526238.0,951548310.0,0.6729899303,10.85164357,196.089199,11.53810537,208.493564,0.04552414483626786
CN,002245,2026-01-12,18.27,18.98,18.27,18.49,12.2955,12.7733,12.2955,12.4436,79809685.0,1480155303.0,0.6729899303,10.85164357,200.64689,11.53810537,213.339568,0.06917052881793885
CN,002245,2026-01-13,18.5,18.57,17.92,18.08,12.4503,12.4974,12.06,12.1677,57445872.0,1041963028.0,0.6729899303,10.85164357,196.197716,11.53810537,208.608945,0.04978795925140698
CN,002245,2026-01-14,18.01,18.3,17.67,17.92,12.1205,12.3157,11.8917,12.06,61851350.0,1113772184.0,0.6729899303,10.85164357,194.461453,11.53810537,206.762848,0.053606158044646114
CN,002245,2026-01-15,17.79,18.04,17.77,17.93,11.9725,12.1407,11.959,12.0667,32897466.0,588933645.0,0.6729899303,10.85164357,194.569969,11.53810537,206.878229,0.02851201730704943
CN,002245,2026-01-16,18.12,18.22,17.82,18.05,12.1946,12.2619,11.9927,12.1475,40997597.0,738251368.0,0.6729899303,10.85164357,195.872166,11.53810537,208.262802,0.035532347543468484
CN,002245,2026-01-19,18.05,18.24,17.86,18.15,12.1475,12.2753,12.0196,12.2148,42511458.0,768433506.0,0.6729899303,10.85164357,196.957331,11.53810537,209.416612,0.03684440091051101
CN,002245,2026-01-20,18.15,18.49,17.8,18.38,12.2148,12.4436,11.9792,12.3696,77528639.0,1413768347.0,0.6729899303,10.85164357,199.453209,11.53810537,212.070377,0.06719356125970273
CN,002245,2026-01-21,18.4,18.75,18.2,18.52,12.383,12.6186,12.2484,12.463799999999999,67807980.0,1256098502.0,0.6729899303,10.85164357,200.972439,11.53810537,213.685711,0.05876873006924186
CN,002245,2026-01-22,18.59,18.88,18.22,18.32,12.5109,12.706,12.2619,12.3292,50557233.0,930856006.0,0.6729899303,10.85164357,198.80211,11.53810537,211.37809,0.04381762115940877
CN,002245,2026-01-23,18.38,19.98,18.3,19.66,12.3696,13.4463,12.3157,13.231,155630279.0,2995044738.0,0.6729899303,10.85164357,213.343313,11.53810537,226.839152,0.13488373871558776
CN,002245,2026-01-26,19.7,19.74,18.68,18.82,13.2579,13.2848,12.5714,12.6657,98693333.0,1890236609.0,0.6729899303,10.85164357,204.227932,11.53810537,217.147143,0.08553686227949572
CN,002245,2026-01-27,18.69,18.69,17.39,18.48,12.5782,12.5782,11.7033,12.4368,95205066.0,1713174455.0,0.6729899303,10.85164357,200.538373,11.53810537,213.224187,0.0825136042244343
CN,002245,2026-01-28,18.3,18.37,17.72,17.74,12.3157,12.3628,11.9254,11.9388,64971314.0,1161824278.0,0.6729899303,10.85164357,192.508157,11.53810537,204.685989,0.05631021031315127
CN,002245,2026-01-29,17.52,17.71,17.15,17.2,11.7908,11.9186,11.5418,11.5754,56051225.0,973801390.0,0.6729899303,10.85164357,186.648269,11.53810537,198.455412,0.048579227873700725
CN,002245,2026-01-30,17.2,17.37,16.67,17.0,11.5754,11.6898,11.2187,11.4408,38203823.0,647214767.0,0.6729899303,10.85164357,184.477941,11.53810537,196.147791,0.033111002001535716
CN,002245,2026-02-02,16.84,17.14,16.51,16.52,11.3331,11.535,11.1111,11.1178,34944252.0,587214329.0,0.6729899303,10.85164357,179.269152,11.53810537,190.609501,0.030285953264786315
CN,002245,2026-02-03,16.75,16.92,16.52,16.91,11.2726,11.387,11.1178,11.3803,28596464.0,479415917.0,0.6729899303,10.85164357,183.501293,11.53810537,195.109362,0.024784367175527015
CN,002245,2026-02-04,16.8,16.92,16.6,16.89,11.3062,11.387,11.1716,11.3668,26024893.0,435839974.0,0.6729899303,10.85164357,183.28426,11.53810537,194.8786,0.022555603511532154
CN,002245,2026-02-05,16.73,16.8,16.36,16.37,11.2591,11.3062,11.0101,11.0168,28933564.0,477505186.0,0.6729899303,10.85164357,177.641405,11.53810537,188.878785,0.025076529527308346
CN,002245,2026-02-06,16.22,16.77,16.12,16.56,10.9159,11.286,10.8486,11.1447,29529535.0,488877076.0,0.6729899303,10.85164357,179.703218,11.53810537,191.071025,0.02559305367134119
CN,002245,2026-02-09,16.79,16.9,16.66,16.78,11.2995,11.3735,11.212,11.2928,25730089.0,430670323.0,0.6729899303,10.85164357,182.090579,11.53810537,193.609408,0.02230009882463051
CN,002245,2026-02-10,16.78,16.9,16.66,16.8,11.2928,11.3735,11.212,11.3062,20743037.0,348512589.0,0.6729899303,10.85164357,182.307612,11.53810537,193.84017,0.017977853672521974
CN,002245,2026-02-11,16.76,17.12,16.73,17.04,11.2793,11.5216,11.2591,11.4677,28611132.0,485953708.0,0.6729899303,10.85164357,184.912006,11.53810537,196.609316,0.024797079834607196
CN,002245,2026-02-12,16.92,17.03,16.83,16.98,11.387,11.461,11.3264,11.4274,19929851.0,337779885.0,0.6729899303,10.85164357,184.260908,11.53810537,195.917029,0.017273070717328698
CN,002245,2026-02-13,16.88,17.02,16.71,16.77,11.3601,11.4543,11.2457,11.286,19377968.0,326734784.0,0.6729899303,10.85164357,181.982063,11.53810537,193.494027,0.01679475735278365
CN,002245,2026-02-24,17.28,17.35,16.91,17.01,11.6293,11.6764,11.3803,11.4476,36317407.0,620693074.0,0.6729899303,10.85164357,184.586457,11.53810537,196.263172,0.03147605766751634
CN,002245,2026-02-25,17.02,17.67,16.97,17.67,11.4543,11.8917,11.4206,11.8917,51621378.0,897020097.0,0.6729899303,10.85164357,191.748542,11.53810537,203.878322,0.044739908628516886
CN,002245,2026-02-26,17.68,17.81,17.4,17.52,11.8985,11.9859,11.71,11.7908,40221798.0,703928808.0,0.6729899303,10.85164357,190.120795,11.53810537,202.147606,0.03485996765515758
CN,002245,2026-02-27,17.4,17.55,17.32,17.52,11.71,11.811,11.6562,11.7908,31823170.0,554726689.0,0.6729899303,10.85164357,190.120795,11.53810537,202.147606,0.027580932033037932
CN,002245,2026-03-02,17.05,17.33,16.9,17.06,11.4745,11.6629,11.3735,11.4812,40315584.0,688598372.0,0.6729899303,10.85164357,185.129039,11.53810537,196.840078,0.0349412513642177
CN,002245,2026-03-03,17.17,17.97,17.15,17.29,11.5552,12.0936,11.5418,11.636,84684809.0,1490539975.0,0.6729899303,10.85164357,187.624917,11.53810537,199.493842,0.07339576670896705
CN,002245,2026-03-04,16.9,17.49,16.8,17.19,11.3735,11.7706,11.3062,11.5687,36957830.0,634212501.0,0.6729899303,10.85164357,186.539753,11.53810537,198.340031,0.03203110806744175
CN,002245,2026-03-05,17.5,18.1,17.47,17.96,11.7773,12.1811,11.7571,12.0869,90755355.0,1621163334.0,0.6729899303,10.85164357,194.895519,11.53810537,207.224372,0.07865706898116151
CN,002245,2026-03-06,18.0,18.0,17.43,17.74,12.1138,12.1138,11.7302,11.9388,56198722.0,993850113.0,0.6729899303,10.85164357,192.508157,11.53810537,204.685989,0.04870706255302642
CN,002245,2026-03-09,17.41,17.49,16.83,17.37,11.7168,11.7706,11.3264,11.6898,51461000.0,881525137.0,0.6729899303,10.85164357,188.493049,11.53810537,200.41689,0.04460091007125202
CN,002245,2026-03-10,17.6,17.88,17.48,17.83,11.8446,12.0331,11.7639,11.9994,44204795.0,784244678.0,0.6729899303,10.85164357,193.484805,11.53810537,205.724419,0.038312004945747866
CN,002245,2026-03-11,17.78,18.67,17.72,18.38,11.9658,12.5647,11.9254,12.3696,93449960.0,1714576788.0,0.6729899303,10.85164357,199.453209,11.53810537,212.070377,0.0809924654033559
CN,002245,2026-03-12,18.32,18.33,17.91,18.14,12.3292,12.3359,12.0532,12.208,56321421.0,1019047573.0,0.6729899303,10.85164357,196.848814,11.53810537,209.301231,0.04881340496893036
CN,002245,2026-03-13,17.99,18.47,17.95,18.03,12.1071,12.4301,12.0802,12.134,53029282.0,967942222.0,0.6729899303,10.85164357,195.655134,11.53810537,208.03204,0.04596012976088812
CN,002245,2026-03-16,18.08,18.3,17.76,17.89,12.1677,12.3157,11.9523,12.0398,34606298.0,619964535.0,0.6729899303,10.85164357,194.135903,11.53810537,206.416705,0.029993050756824558
CN,002245,2026-03-17,17.91,18.12,17.27,17.3,12.0532,12.1946,11.6225,11.6427,39436519.0,694749058.0,0.6729899303,10.85164357,187.733434,11.53810537,199.609223,0.03417937151322791
CN,002245,2026-03-18,17.38,17.44,17.0,17.22,11.6966,11.7369,11.4408,11.5889,28057877.0,481246229.0,0.6729899303,10.85164357,186.865302,11.53810537,198.686174,0.024317577366690317
CN,002245,2026-03-19,17.0,17.12,16.66,16.75,11.4408,11.5216,11.212,11.2726,33328190.0,561810554.0,0.6729899303,10.85164357,181.76503,11.53810537,193.263265,0.028885322963556885
CN,002245,2026-03-20,16.87,17.77,16.85,17.1,11.3533,11.959,11.3399,11.5081,61971610.0,1072798906.0,0.6729899303,10.85164357,185.563105,11.53810537,197.301602,0.0537103865952994
CN,002245,2026-03-23,17.31,17.86,17.1,17.28,11.6495,12.0196,11.5081,11.6293,84343304.0,1478908563.0,0.6729899303,10.85164357,187.516401,11.53810537,199.378461,0.07309978657267194
CN,002245,2026-03-24,17.51,17.6,16.63,17.58,11.7841,11.8446,11.1918,11.8312,61647832.0,1061085299.0,0.6729899303,10.85164357,190.771894,11.53810537,202.839892,0.05342977033325533
CN,002245,2026-03-25,17.53,17.62,17.26,17.32,11.7975,11.8581,11.6158,11.6562,47533738.0,827533349.0,0.6729899303,10.85164357,187.950467,11.53810537,199.839985,0.04119717793840879
CN,002245,2026-03-26,17.32,17.95,17.01,17.4,11.6562,12.0802,11.4476,11.71,72146495.0,1271247279.0,0.6729899303,10.85164357,188.818598,11.53810537,200.763033,0.06252889247101753
CN,002245,2026-03-27,17.1,17.94,17.09,17.79,11.5081,12.0734,11.5014,11.9725,71964611.0,1267437306.0,0.6729899303,10.85164357,193.050739,11.53810537,205.262895,0.062371254805068575
CN,002245,2026-03-30,17.56,18.0,16.98,17.98,11.8177,12.1138,11.4274,12.1004,77501126.0,1355650510.0,0.6729899303,10.85164357,195.112551,11.53810537,207.455135,0.06716971592364648
CN,002245,2026-03-31,17.82,17.82,16.55,16.62,11.9927,11.9927,11.138,11.1851,90500576.0,1551702842.0,0.6729899303,10.85164357,180.354316,11.53810537,191.763311,0.07843625369838342
CN,002245,2026-04-01,16.9,17.14,16.62,16.93,11.3735,11.535,11.1851,11.3937,42360901.0,713039519.0,0.6729899303,10.85164357,183.718326,11.53810537,195.340124,0.036713914149321035
CN,002245,2026-04-02,16.78,17.48,16.71,16.99,11.2928,11.7639,11.2457,11.4341,55141354.0,945269897.0,0.6729899303,10.85164357,184.369424,11.53810537,196.03241,0.047790648665223624
CN,002245,2026-04-03,16.9,17.11,16.36,16.45,11.3735,11.5149,11.0101,11.0707,45499854.0,757209400.0,0.6729899303,10.85164357,178.509537,11.53810537,189.801833,0.0394344240591729
CN,002245,2026-04-07,16.8,18.1,16.78,17.91,11.3062,12.1811,11.2928,12.0532,182078463.0,3256169440.0,0.6729899303,10.85164357,194.352936,11.53810537,206.647467,0.15780620575143872
CN,002245,2026-04-08,17.85,18.48,17.75,18.38,12.0129,12.4368,11.9456,12.3696,147886058.0,2692586851.0,0.6729899303,10.85164357,199.453209,11.53810537,212.070377,0.12817187333417462
CN,002245,2026-04-09,18.38,19.1,17.88,18.67,12.3696,12.8541,12.0331,12.5647,120506303.0,2237244455.0,0.6729899303,10.85164357,202.600185,11.53810537,215.416427,0.10444201984263904
CN,002245,2026-04-10,19.2,19.7,19.05,19.12,12.9214,13.2579,12.8205,12.8676,126601380.0,2443908823.0,0.6729899303,10.85164357,207.483425,11.53810537,220.608575,0.10972458297111218
CN,002245,2026-04-13,18.88,19.58,18.81,19.39,12.706,13.1771,12.6589,13.0493,86187926.0,1664026256.0,0.6729899303,10.85164357,210.413369,11.53810537,223.723863,0.07469850832190832
CN,002245,2026-04-14,19.59,19.76,19.32,19.62,13.1839,13.2983,13.0022,13.2041,84376038.0,1648162710.0,0.6729899303,10.85540377,212.983022,11.53810537,226.377627,0.07312815691507245
CN,002245,2026-04-15,19.62,19.69,19.0,19.04,13.2041,13.2512,12.7868,12.8137,73167648.0,1406720242.0,0.6729899303,10.85540377,206.686888,11.53810537,219.685526,0.06341391905662584
CN,002245,2026-04-16,19.32,20.08,19.21,19.82,13.0022,13.5136,12.9281,13.3387,94675410.0,1872849229.0,0.6729899303,10.85540377,215.154103,11.53810537,228.685248,0.08205455485452895
CN,002245,2026-04-17,19.79,20.04,19.54,19.74,13.3185,13.4867,13.1502,13.2848,57472710.0,1133120901.0,0.6729899303,10.85540377,214.28567,11.53810537,227.7622,0.04981121956940492
CN,002245,2026-04-20,19.8,19.8,19.55,19.66,13.3252,13.3252,13.1569,13.231,47313765.0,932003630.0,0.6729899303,10.85540377,213.417238,11.53810537,226.839152,0.04100652878679682
CN,002245,2026-04-21,19.8,20.2,19.35,20.18,13.3252,13.5944,13.0224,13.5809,71554919.0,1425436432.0,0.6729899303,10.85540377,219.062048,11.53810537,232.838966,0.06201617744456428
CN,002245,2026-04-22,20.32,21.05,20.26,20.64,13.6752,14.1664,13.6348,13.8905,69207861.0,1426094860.0,0.6729899303,10.85540377,224.055534,11.53810537,238.146495,0.05998199772030683
CN,002245,2026-04-23,20.6,21.38,20.44,21.16,13.8636,14.3885,13.7559,14.2405,76188724.0,1600906350.0,0.6729899303,10.85540377,229.700344,11.53810537,244.14631,0.06603226574624357
CN,002245,2026-04-24,20.93,21.26,20.66,20.95,14.0857,14.3078,13.904,14.0991,49416472.0,1034799727.0,0.6729899303,10.85540377,227.420709,11.53810537,241.723308,0.04282893110725682
CN,002245,2026-04-27,20.75,20.84,19.73,20.44,13.9645,14.0251,13.2781,13.7559,83054902.0,1691781194.0,0.6729899303,10.85540377,221.884453,11.53810537,235.838874,0.07198313703734185
CN,002245,2026-04-28,20.5,21.02,20.19,20.76,13.7963,14.1462,13.5877,13.9713,53678268.0,1110787118.0,0.6729899303,10.85540377,225.358182,11.53810537,239.531067,0.04652260165656643
CN,002245,2026-04-29,20.76,21.63,20.56,21.28,13.9713,14.556799999999999,13.8367,14.3212,54822588.0,1156661491.0,0.6729899303,10.85540377,231.002992,11.53810537,245.530882,0.047514376270599096
CN,002245,2026-04-30,21.13,21.18,20.61,20.66,14.2203,14.2539,13.8703,13.904,47914970.0,996907785.0,0.6729899303,10.85540377,224.272642,11.53810537,238.377257,0.041527589204188385
CN,002245,2026-05-06,20.98,22.73,20.97,22.73,14.1193,15.2971,14.1126,15.2971,115630263.0,2550564240.0,0.6729899303,10.85540377,246.743328,11.53810537,262.261135,0.10021598806043838
CN,002245,2026-05-07,22.9,22.95,22.33,22.61,15.4115,15.4451,15.0279,15.2163,91604660.0,2067286782.0,0.6729899303,10.85540377,245.440679,11.53810537,260.876562,0.07939315603598097
CN,002245,2026-05-08,22.58,23.15,21.89,22.03,15.1961,15.5797,14.7317,14.826,73025675.0,1630651768.0,0.6729899303,10.85540377,239.144545,11.53810537,254.184461,0.06329087199175058
CN,002245,2026-05-11,22.49,23.55,22.48,22.78,15.1355,15.8489,15.1288,15.3307,87497161.0,2013014587.0,0.6729899303,10.85540377,247.286098,11.53810537,262.83804,0.07583321368125104
CN,002245,2026-05-12,22.99,23.16,22.55,22.81,15.472,15.5864,15.1759,15.3509,49741866.0,1134735047.0,0.6729899303,10.85540377,247.61176,11.53810537,263.184183,0.04311094794586713
CN,002245,2026-05-13,22.56,24.61,22.28,24.49,15.1826,16.5623,14.9942,16.4815,108339430.0,2520367940.0,0.6729899303,10.85540377,265.848838,11.53810537,282.568201,0.0938970710751968
CN,002245,2026-05-14,25.86,26.94,25.5,26.68,17.4035,18.1303,17.1612,17.9554,165928639.0,4418577290.0,0.6729899303,10.85540377,289.622173,11.53810537,307.836651,0.14380925956130353
CN,002245,2026-05-15,27.06,27.39,25.59,25.91,18.2111,18.4332,17.2218,17.4372,149160122.0,3923867961.0,0.6729899303,10.85540377,281.263512,11.53810537,298.95231,0.129276096219253
CN,002245,2026-05-18,25.73,28.5,25.5,27.93,17.316,19.1802,17.1612,18.7966,131753534.0,3630278695.0,0.6729899303,10.85540377,303.191427,11.53810537,322.259283,0.11418992094020025
CN,002245,2026-05-19,28.35,28.37,26.7,27.37,19.0793,19.0927,17.9688,18.4197,91079579.0,2486894869.0,0.6729899303,10.85540377,297.112401,11.53810537,315.797944,0.07893807178847076
CN,002245,2026-05-20,27.3,27.94,26.5,26.88,18.3726,18.8033,17.8342,18.09,73712173.0,1999844289.0,0.6729899303,10.85540377,291.793253,11.53810537,310.144272,0.06388585529098874
CN,002245,2026-05-21,18.37,19.9,18.37,18.55,18.37,19.9,18.37,18.55,181074168.0,3476267920.0,1.0,16.06599757,298.024255,17.07639594,316.767145,0.10603769591442257
CN,002245,2026-05-22,18.57,20.41,18.09,20.41,18.57,20.41,18.09,20.41,167608962.0,3302294790.0,1.0,16.06599757,327.90701,17.07639594,348.529241,0.09815242196826224
CN,002245,2026-05-25,20.99,21.0,18.89,20.32,20.99,21.0,18.89,20.32,214361075.0,4291993703.0,1.0,16.06599757,326.461071,17.07639594,346.992366,0.12553063055763275
CN,002245,2026-05-26,21.37,22.35,21.0,22.35,21.37,22.35,21.0,22.35,262579960.0,5776360233.0,1.0,16.06599757,359.075046,17.07639594,381.657449,0.15376778620184653
CN,002245,2026-05-27,22.0,23.21,22.0,22.78,22.0,23.21,22.0,22.78,221977953.0,5019098559.0,1.0,16.06599757,365.983425,17.07639594,389.0003,0.1299911022091234
CN,002245,2026-05-28,22.68,23.21,21.2,21.52,22.68,23.21,21.2,21.52,175722596.0,3829240379.0,1.0,16.06599757,345.740268,17.07639594,367.484041,0.10290379575258314
CN,002245,2026-05-29,21.52,22.22,20.51,20.68,21.52,22.22,20.51,20.68,161574076.0,3399259440.0,1.0,16.06599757,332.24483,17.07639594,353.139868,0.09461837062557593
CN,002245,2026-06-01,21.09,21.89,20.23,20.28,21.09,21.89,20.23,20.28,120524911.0,2525421057.0,1.0,16.06599757,325.818431,17.07639594,346.30931,0.07057982927046139
CN,002245,2026-06-02,20.21,20.67,19.5,20.57,20.21,20.67,19.5,20.57,130900548.0,2634140623.0,1.0,16.06599757,330.47757,17.07639594,351.261464,0.07665584029553721
CN,002245,2026-06-03,20.79,21.26,19.77,19.93,20.79,21.26,19.77,19.93,110432077.0,2264553006.0,1.0,16.06599757,320.195332,17.07639594,340.332571,0.06466942871787265
CN,002245,2026-06-04,19.79,21.48,19.59,20.85,19.79,21.48,19.59,20.85,145709168.0,3010402956.0,1.0,16.06599757,334.976049,17.07639594,356.042855,0.08532782239997651
CN,002245,2026-06-05,20.77,21.35,20.24,20.56,20.77,21.35,20.24,20.56,108434371.0,2244343294.0,1.0,16.06599757,330.31691,17.07639594,351.090701,0.06349956476823176
CN,002245,2026-06-08,19.9,20.56,19.65,19.9,19.9,20.56,19.65,19.9,88095912.0,1761722677.0,1.0,16.06599757,319.713352,17.07639594,339.820279,0.05158928869389989
CN,002245,2026-06-09,20.5,21.74,20.01,21.59,20.5,21.74,20.01,21.59,137981252.0,2896595086.62,1.0,16.06599757,346.864888,17.07639594,368.679388,0.08080232648904016
CN,002245,2026-06-10,21.47,21.64,20.45,20.97,21.47,21.64,20.45,20.97,113730948.0,2378354589.16,1.0,16.06599757,336.903969,17.07639594,358.092023,0.06660125965666734
CN,002245,2026-06-11,20.6,20.94,19.71,19.85,20.6,20.94,19.71,19.85,112625386.0,2269764688.45,1.0,16.06599757,318.910052,17.07639594,338.966459,0.06595383850065496
CN,002245,2026-06-12,20.11,20.58,19.02,19.26,20.11,20.58,19.02,19.26,148094598.0,2910318836.87,1.0,16.06599757,309.431121,17.07639594,328.891387,0.08672473894394837
CN,002245,2026-06-15,19.46,20.6,19.29,20.06,19.46,20.6,19.29,20.06,110327267.0,2215680677.61,1.0,16.06599757,322.28392,17.07639594,342.552504,0.06460805159803527
CN,002245,2026-06-16,20.35,21.1,19.82,20.98,20.35,21.1,19.82,20.98,119022129.0,2448882966.78,1.0,16.06599757,337.064638,17.07639594,358.262788,0.06969979462774158
CN,002245,2026-06-17,20.74,21.29,20.34,20.67,20.74,21.29,20.34,20.67,89925832.0,1862404513.79,1.0,16.06599757,332.084179,17.07639594,352.969105,0.052660896547471366
CN,002245,2026-06-18,20.61,21.1,19.51,20.4,20.61,21.1,19.51,20.4,146999845.0,2978978006.75,1.0,16.06599757,327.746359,17.07639594,348.358478,0.08608364757792095
