country,code,time,pct_chg,ma5,ma10,ma20,ma60,ema12,ema26,macd,macd_signal,macd_hist,rsi14,boll_upper,boll_lower,atr14,vol_ma5
US,PLTR,2020-09-30,,,,,,9.5,9.5,0.0,0.0,0.0,,,,2.31,
US,PLTR,2020-10-01,-0.421053,,,,,9.493846,9.497037,-0.003191,-0.000638,-0.005105,0.0,,,2.207143,
US,PLTR,2020-10-02,-2.748414,,,,,9.448639,9.475034,-0.026395,-0.00579,-0.041211,0.0,,,2.086633,
US,PLTR,2020-10-05,-1.847826,,,,,9.384233,9.442069,-0.057836,-0.016199,-0.083274,0.0,,,1.978302,
US,PLTR,2020-10-06,9.634551,9.418,,,,9.463582,9.47599,-0.012408,-0.015441,0.006066,51.164186,,,1.928423,130563846.4
US,PLTR,2020-10-07,1.010101,9.518,,,,9.546108,9.514805,0.031302,-0.006092,0.074789,54.072897,,,1.832821,73947937.0
US,PLTR,2020-10-08,0.0,9.626,,,,9.615937,9.550746,0.065192,0.008165,0.114054,54.072897,,,1.731191,55214900.6
US,PLTR,2020-10-09,-0.5,9.776,,,,9.667332,9.58032,0.087012,0.023934,0.126155,52.267659,,,1.628963,47987015.0
US,PLTR,2020-10-12,-0.603015,9.948,,,,9.701588,9.603259,0.098329,0.038813,0.119032,50.105888,,,1.540466,44791761.4
US,PLTR,2020-10-13,-4.246714,9.862,9.64,,,9.665959,9.593388,0.072571,0.045565,0.054013,38.196638,,,1.464718,30961105.0
US,PLTR,2020-10-14,-1.372756,9.73,9.624,,,9.615812,9.574619,0.041193,0.04469,-0.006995,35.392582,,,1.386524,22687352.0
US,PLTR,2020-10-15,6.102784,9.712,9.669,,,9.661071,9.599462,0.06161,0.048074,0.027071,52.023217,,,1.33963,18118089.0
US,PLTR,2020-10-16,-2.018163,9.664,9.72,,,9.668599,9.60765,0.060949,0.050649,0.0206,47.411623,,,1.264656,16384401.4
US,PLTR,2020-10-19,-1.441813,9.6,9.774,,,9.65343,9.604861,0.048569,0.050233,-0.003328,44.441815,,,1.195038,14055861.4
US,PLTR,2020-10-20,-3.134796,9.56,9.711,,,9.594441,9.580056,0.014384,0.043063,-0.057358,38.829034,,,1.137535,11882012.8
US,PLTR,2020-10-21,-0.755124,9.532,9.631,,,9.533757,9.551904,-0.018147,0.030821,-0.097936,37.634672,,,1.076283,10946580.6
US,PLTR,2020-10-22,5.217391,9.486,9.599,,,9.556256,9.561393,-0.005136,0.02363,-0.057532,49.178604,,,1.038691,11941794.8
US,PLTR,2020-10-23,-1.96281,9.442,9.553,,,9.546063,9.556104,-0.010041,0.016896,-0.053874,45.581936,,,0.990213,12230636.6
US,PLTR,2020-10-26,4.847208,9.518,9.559,,,9.608207,9.585282,0.022925,0.018102,0.009648,54.296785,,,0.953769,15201726.4
US,PLTR,2020-10-27,10.050251,9.854,9.707,9.6735,,9.814637,9.686372,0.128265,0.040134,0.176261,66.759468,10.504049,8.842951,0.965643,23797832.4
US,PLTR,2020-10-28,-0.913242,10.184,9.858,9.741,,9.973923,9.772567,0.201357,0.072379,0.257956,64.854918,10.711771,8.770229,0.96024,28298417.4
US,PLTR,2020-10-29,-0.921659,10.398,9.942,9.8055,,10.09332,9.844969,0.248351,0.107573,0.281555,62.92177,10.860763,8.750237,0.930223,28835887.0
US,PLTR,2020-10-30,-5.767442,10.526,9.984,9.852,,10.098963,9.866083,0.23288,0.132635,0.200492,52.477627,10.877994,8.826006,0.928064,30225628.0
US,PLTR,2020-11-02,4.047384,10.644,10.081,9.9275,,10.166815,9.916002,0.250812,0.15627,0.189085,57.501331,10.922183,8.932817,0.893202,27793165.0
US,PLTR,2020-11-03,-0.379507,10.554,10.204,9.9575,,10.218074,9.959261,0.258813,0.176779,0.164068,56.869694,10.982778,8.932222,0.865116,21337660.2
US,PLTR,2020-11-04,2.095238,10.528,10.356,9.9935,,10.295293,10.015612,0.279681,0.197359,0.164644,59.504473,11.071429,8.915571,0.833322,18156124.8
US,PLTR,2020-11-05,10.820896,10.754,10.576,10.0875,,10.539094,10.153715,0.385379,0.234963,0.300832,69.933869,11.44336,8.73164,0.874514,23798186.4
US,PLTR,2020-11-06,16.414141,11.494,11.01,10.2815,,11.045388,10.426033,0.619355,0.311842,0.615027,79.494458,12.399351,8.163649,1.032048,38040647.2
US,PLTR,2020-11-09,6.073753,12.32,11.482,10.5205,,11.60302,10.740401,0.86262,0.421997,0.881245,82.130482,13.362672,7.678328,1.106188,48145659.8
US,PLTR,2020-11-10,-4.567144,13.02,11.787,10.747,,11.971786,10.981852,0.989934,0.535585,0.908699,73.963261,13.920863,7.573137,1.157889,51521147.2
US,PLTR,2020-11-11,14.0,14.068,12.298,11.078,,12.585358,11.350604,1.234754,0.675418,1.118671,80.174302,14.908705,7.247295,1.215897,57782951.0
US,PLTR,2020-11-12,-8.646617,14.608,12.681,11.3115,,12.892226,11.589819,1.302407,0.800816,1.003182,67.893812,15.390246,7.232754,1.318333,68118564.6
US,PLTR,2020-11-13,8.367627,15.002,13.248,11.616,,13.339576,11.901684,1.437892,0.928231,1.019321,71.979965,16.063657,7.168343,1.332023,65518740.8
US,PLTR,2020-11-16,0.822785,15.254,13.787,11.934,,13.738102,12.200078,1.538025,1.05019,0.97567,72.3833,16.652268,7.215732,1.314736,66684805.4
US,PLTR,2020-11-17,12.052731,16.024,14.522,12.363,,14.370702,12.61859,1.752112,1.190574,1.123075,77.528206,17.569373,7.156627,1.422255,82418477.4
US,PLTR,2020-11-18,0.280112,16.412,15.24,12.798,,14.913671,13.009806,1.903865,1.333232,1.141265,77.645004,18.318886,7.277114,1.442808,91253858.4
US,PLTR,2020-11-19,6.03352,17.292,15.95,13.263,,15.53926,13.452043,2.087218,1.484029,1.206376,80.056249,19.205586,7.320414,1.416893,82553975.8
US,PLTR,2020-11-20,-4.373024,17.762,16.382,13.696,,15.940912,13.800039,2.140873,1.615398,1.05095,73.495319,19.737011,7.654989,1.434258,81546177.2
US,PLTR,2020-11-23,15.922865,18.784,17.019,14.2505,,16.725387,14.336333,2.389055,1.770129,1.23785,79.725764,20.82654,7.67446,1.567525,85008740.0
US,PLTR,2020-11-24,13.212928,19.978,18.001,14.894,,17.816866,15.038827,2.77804,1.971712,1.612656,83.696044,22.491653,7.296347,1.715559,85045277.2
US,PLTR,2020-11-25,21.956339,22.208,19.31,15.804,,19.545041,16.076691,3.468349,2.271039,2.394621,88.327229,25.354896,6.253104,2.025876,107395598.0
US,PLTR,2020-11-27,-4.784854,23.944,20.618,16.6495,,20.793496,16.934714,3.858782,2.588588,2.540388,81.686055,27.202438,6.096562,2.408314,137522151.4
US,PLTR,2020-11-30,-1.988431,25.736,21.749,17.4985,,21.765266,17.688439,4.076827,2.886235,2.381183,79.150141,28.537745,6.459255,2.66772,150696437.6
US,PLTR,2020-12-01,-5.311693,26.662,22.723,18.255,,22.365994,18.279666,4.086328,3.126254,1.920149,72.77954,29.356635,7.153365,2.74074,150619895.6
US,PLTR,2020-12-02,-12.31009,26.4,23.189,18.8555,,22.388149,18.593024,3.795125,3.260028,1.070194,61.148382,29.504298,8.206702,2.86783,157383948.0
US,PLTR,2020-12-03,6.752554,25.396,23.802,19.521,,22.640741,18.995763,3.644979,3.337018,0.61592,64.118826,29.706438,9.335562,2.885128,133991981.8
US,PLTR,2020-12-04,-0.749064,24.634,24.289,20.1195,,22.826781,19.355336,3.471445,3.363904,0.215083,63.499674,29.83451,10.40449,2.802619,103748444.8
US,PLTR,2020-12-07,21.341719,25.0,25.368,20.875,,23.767276,20.065311,3.701965,3.431516,0.540899,71.794033,30.862341,10.887659,2.970289,99742837.4
US,PLTR,2020-12-08,-1.209399,25.584,26.123,21.571,,24.509234,20.69677,3.812464,3.507706,0.609517,70.605909,31.671156,11.470844,3.043125,107965165.0
US,PLTR,2020-12-09,-6.855544,26.408,26.404,22.2025,,24.835506,21.136268,3.699237,3.546012,0.306451,64.198649,31.901607,12.503393,3.077188,93736138.2
US,PLTR,2020-12-10,1.539617,27.01,26.203,22.7565,,25.174659,21.573582,3.601077,3.557025,0.088104,64.915872,32.229173,13.283827,3.063817,88166034.6
US,PLTR,2020-12-11,0.591716,27.68,26.157,23.3875,,25.48625,21.990353,3.495896,3.544799,-0.097806,65.20879,32.259749,14.515251,3.00283,87467717.0
US,PLTR,2020-12-14,0.147059,27.34,26.17,23.9595,,25.756057,22.379216,3.376841,3.511208,-0.268733,65.286818,32.257836,15.661164,2.897628,72739215.4
US,PLTR,2020-12-15,-2.973568,26.908,26.246,24.4845,,25.859741,22.679274,3.180467,3.445059,-0.529186,62.24256,31.973557,16.995443,2.813512,57438637.8
US,PLTR,2020-12-16,-1.929625,26.766,26.587,24.888,,25.869011,22.919328,2.949684,3.345984,-0.792601,60.334928,31.74683,18.02917,2.706832,50300681.6
US,PLTR,2020-12-17,5.054012,26.804,26.907,25.3545,,26.078394,23.238637,2.839757,3.244739,-0.809963,63.434913,31.47852,19.23048,2.622773,49457379.2
US,PLTR,2020-12-18,-4.627249,26.558,27.119,25.704,,26.061718,23.44096,2.620758,3.119943,-0.998369,58.684224,31.085815,20.322185,2.537575,53209667.6
US,PLTR,2020-12-21,9.780516,26.812,27.076,26.222,,26.438377,23.816445,2.621932,3.020341,-0.796817,64.462096,30.470857,21.973143,2.592034,59609104.4
US,PLTR,2020-12-22,-1.648544,27.134,27.021,26.572,,26.684781,24.1293,2.55548,2.927369,-0.743777,62.714391,30.157134,22.986866,2.592603,63032371.2
US,PLTR,2020-12-23,2.318117,27.688,27.227,26.8155,17.127667,26.993276,24.46713,2.526146,2.847124,-0.641957,64.16154,30.279385,23.351615,2.503845,65957587.4
US,PLTR,2020-12-24,-3.276403,27.792,27.298,26.7505,17.431833,27.109695,24.710306,2.399389,2.757577,-0.716376,60.504269,30.090808,23.410192,2.442142,60503770.0
US,PLTR,2020-12-28,-7.63964,27.724,27.141,26.649,17.701333,26.88205,24.778431,2.103618,2.626785,-1.046334,53.146448,29.995956,23.302044,2.495561,57422515.0
US,PLTR,2020-12-29,-3.784627,26.954,26.883,26.5265,17.959,26.540196,24.769658,1.770537,2.455536,-1.369997,50.141864,29.974806,23.078194,2.448735,51519650.8
US,PLTR,2020-12-30,1.784266,26.366,26.75,26.498,18.226833,26.318627,24.794128,1.524499,2.269328,-1.489659,51.481789,29.983373,23.012627,2.365254,45088683.4
US,PLTR,2020-12-31,-6.175299,25.338,26.513,26.55,18.454333,25.892685,24.701971,1.190714,2.053605,-1.725783,46.718599,29.820217,23.279783,2.309164,41261947.6
US,PLTR,2021-01-04,-0.764331,24.462,26.127,26.517,18.677167,25.504579,24.603306,0.901273,1.823139,-1.843732,46.184203,29.899656,23.134344,2.287081,45023419.0
US,PLTR,2021-01-05,5.263158,24.256,25.99,26.5545,18.9205,25.365413,24.603061,0.762352,1.610982,-1.697259,50.362512,29.833088,23.275912,2.250861,39621188.4
US,PLTR,2021-01-06,-4.308943,24.032,25.493,26.2845,19.147,25.08458,24.524316,0.560264,1.400838,-1.681147,46.977457,29.621693,22.947307,2.186514,36712631.0
US,PLTR,2021-01-07,6.202209,24.012,25.189,26.105,19.398833,25.071568,24.559552,0.512016,1.223074,-1.422115,51.784486,29.310448,22.899552,2.148191,36252292.8
US,PLTR,2021-01-08,0.8,24.342,24.84,26.0335,19.661,25.091327,24.606992,0.484334,1.075326,-1.181983,52.420835,29.252682,22.814318,2.119035,36584147.8
US,PLTR,2021-01-11,2.896825,24.854,24.658,25.978,19.9375,25.220353,24.704993,0.51536,0.963333,-0.895945,54.767423,29.16396,22.79204,2.131247,34032346.0
US,PLTR,2021-01-12,0.964134,25.17,24.713,25.927,20.208667,25.367991,24.814253,0.553739,0.881414,-0.655351,55.575485,29.065382,22.788618,2.044015,33635559.6
US,PLTR,2021-01-13,-2.597403,25.562,24.797,25.84,20.471833,25.3883,24.865049,0.523252,0.809782,-0.57306,52.811864,28.923965,22.756035,2.062299,37367653.0
US,PLTR,2021-01-14,-2.27451,25.546,24.779,25.7645,20.727667,25.316254,24.869119,0.447135,0.737252,-0.580235,50.504943,28.860901,22.668099,2.004278,37520789.2
US,PLTR,2021-01-15,2.889246,25.634,24.988,25.7505,21.0005,25.366061,24.926222,0.43984,0.67777,-0.47586,53.23583,28.846494,22.654506,2.081115,47750046.8
US,PLTR,2021-01-19,3.822153,25.772,25.313,25.72,21.290833,25.558975,25.051687,0.507288,0.643673,-0.27277,56.734939,28.768751,22.671249,2.068178,51021571.2
US,PLTR,2021-01-20,-1.051841,25.804,25.487,25.7385,21.5685,25.679133,25.147117,0.532015,0.621342,-0.178653,55.458129,28.797567,22.679433,2.034737,53112189.8
US,PLTR,2021-01-21,-1.366743,25.9,25.731,25.612,21.843333,25.72542,25.208812,0.516608,0.600395,-0.167575,53.782247,28.399347,22.824653,1.98797,48716524.4
US,PLTR,2021-01-22,25.404157,27.432,26.489,25.839,22.2205,26.779971,25.754826,1.025145,0.685345,0.679599,71.05292,29.850827,21.827173,2.333829,73495394.8
US,PLTR,2021-01-25,11.203192,29.55,27.592,26.216,22.641833,28.233821,26.530765,1.703056,0.888887,1.628338,76.322439,32.173783,20.258217,2.882842,93817579.8
US,PLTR,2021-01-26,-2.373723,31.3,28.536,26.597,23.0505,29.331695,27.185523,2.146172,1.140344,2.011656,72.952688,33.75263,19.44137,2.859067,97252891.2
US,PLTR,2021-01-27,10.262935,33.832,29.818,27.2655,23.521333,30.819127,28.06067,2.758457,1.463967,2.588981,77.473636,36.209511,18.321489,3.565562,124069044.2
US,PLTR,2021-01-28,-8.564103,35.768,30.834,27.8155,23.946833,31.563876,28.623583,2.940293,1.759232,2.362123,66.46523,37.382168,18.248832,3.946594,135353592.4
US,PLTR,2021-01-29,-1.346046,36.288,31.86,28.3195,24.3575,32.120203,29.109243,3.01096,2.009578,2.002764,65.035028,38.313371,18.325629,3.90398,112396830.0
US,PLTR,2021-02-01,-3.467879,35.834,32.692,28.84,24.7485,32.403249,29.468559,2.93469,2.1946,1.48018,61.417608,38.870314,18.809686,3.842267,82265798.4
US,PLTR,2021-02-02,-8.657244,34.964,33.132,29.2225,25.086833,32.190441,29.58348,2.606961,2.277072,0.659777,53.670191,38.968693,19.476307,3.832105,82972316.6
US,PLTR,2021-02-03,2.385558,33.516,33.674,29.5805,25.418167,32.124219,29.744704,2.379515,2.297561,0.163909,55.201956,39.145535,20.015465,3.69624,55739985.6
US,PLTR,2021-02-04,0.913098,32.794,34.281,30.006,25.721833,32.112801,29.915467,2.197334,2.277516,-0.160362,55.818443,39.208601,20.803399,3.584366,44878593.0
US,PLTR,2021-02-05,6.24025,32.568,34.428,30.4585,26.044833,32.410832,30.221728,2.189103,2.259833,-0.14146,59.915377,39.520929,21.396071,3.574769,48941954.6
US,PLTR,2021-02-08,5.873715,32.986,34.41,31.001,26.412333,32.970704,30.653452,2.317252,2.271317,0.091869,63.554881,40.038311,21.963689,3.688714,54856794.0
US,PLTR,2021-02-09,5.880721,34.416,34.69,31.613,26.7825,33.770595,31.210234,2.560362,2.329126,0.462472,66.977544,40.84938,22.37662,3.582377,49865646.0
US,PLTR,2021-02-10,-6.471051,35.204,34.36,32.089,27.1345,34.067427,31.542809,2.524618,2.368224,0.312788,59.917255,41.135637,23.042363,3.557921,51841658.4
US,PLTR,2021-02-11,-7.254902,35.416,34.105,32.4695,27.423,33.92013,31.658897,2.261233,2.346826,-0.171185,53.543602,41.001089,23.937911,3.544499,55935583.2
US,PLTR,2021-02-12,-3.624283,34.988,33.778,32.819,27.689333,33.61088,31.677497,1.933382,2.264137,-0.66151,50.844929,40.626883,25.011117,3.45632,55715706.4
US,PLTR,2021-02-16,-12.754622,33.346,33.166,32.929,27.855833,32.723052,31.393238,1.329814,2.077273,-1.494918,42.939929,40.383201,25.474799,3.538726,77525586.4
US,PLTR,2021-02-17,-2.729885,31.128,32.772,32.952,28.008833,31.85489,31.073739,0.781151,1.818048,-2.073795,41.638114,40.330649,25.573351,3.48096,98999625.6
US,PLTR,2021-02-18,-7.053176,29.022,32.113,32.8935,28.112,30.826446,30.636425,0.19002,1.492443,-2.604845,38.480675,40.496063,25.290937,3.416605,153852293.4
US,PLTR,2021-02-19,15.216528,28.2,31.808,33.0445,28.292833,30.545454,30.515208,0.030245,1.200003,-2.339516,47.13721,40.198544,25.890456,3.514705,207993776.8
US,PLTR,2021-02-22,-3.448276,27.418,31.203,32.8155,28.408833,30.153846,30.328897,-0.175051,0.924992,-2.200087,45.343177,40.299938,25.331062,3.45294,233313331.2
US,PLTR,2021-02-23,-4.464286,27.2,30.273,32.3415,28.457667,29.630177,30.063793,-0.433616,0.653271,-2.173774,43.133272,40.096783,24.586217,3.499159,226239072.2
US,PLTR,2021-02-24,-1.345794,27.062,29.095,31.8925,28.413333,29.131688,29.79166,-0.659972,0.390622,-2.101189,42.490976,39.929148,23.855852,3.354933,214028291.4
US,PLTR,2021-02-25,-9.208033,26.82,27.921,31.1405,28.351667,28.336044,29.359686,-1.023642,0.107769,-2.262822,38.340746,39.190798,23.090202,3.350295,182583661.8
US,PLTR,2021-02-26,-0.250417,25.8,27.0,30.5525,28.298167,27.653576,28.955264,-1.301689,-0.174122,-2.255133,38.241425,38.908583,22.196417,3.23956,142122740.8
US,PLTR,2021-03-01,3.807531,25.162,26.29,30.034,28.283833,27.216102,28.648208,-1.432105,-0.425719,-2.012773,40.74842,38.463784,21.604216,3.15102,121776479.6
US,PLTR,2021-03-02,-1.330109,24.708,25.954,29.56,28.316667,26.795164,28.339452,-1.544288,-0.649433,-1.789711,40.112513,38.118577,21.001423,3.020947,107273155.8
US,PLTR,2021-03-03,-3.635621,24.148,25.605,29.1885,28.309333,26.302062,27.98764,-1.685579,-0.856662,-1.657834,38.373225,38.099115,20.277885,2.929451,104919589.8
US,PLTR,2021-03-04,4.832556,24.302,25.561,28.837,28.324,26.060206,27.746334,-1.686128,-1.022555,-1.327145,41.851242,37.867945,19.806055,2.89949,104954173.6
US,PLTR,2021-03-05,-3.154064,24.312,25.056,28.432,28.240833,25.735559,27.465124,-1.729565,-1.163957,-1.131216,40.180343,37.576055,19.287945,3.017384,115647650.6
US,PLTR,2021-03-08,-5.970772,23.854,24.508,27.8555,28.139667,25.240857,27.098818,-1.857961,-1.302758,-1.110406,37.244516,36.963864,18.747136,2.95757,117386211.2
US,PLTR,2021-03-09,7.726465,23.81,24.259,27.266,28.100167,25.089956,26.888536,-1.798579,-1.401922,-0.793314,42.728005,35.675983,18.856017,2.904887,122513929.4
US,PLTR,2021-03-10,2.019786,24.042,24.095,26.595,28.062,25.037655,26.730125,-1.69247,-1.460032,-0.464877,44.206501,33.407742,19.782258,2.838823,127392941.4
US,PLTR,2021-03-11,8.0,24.442,24.372,26.1465,28.054167,25.298016,26.730116,-1.4321,-1.454445,0.044691,49.841296,31.534662,20.758338,2.785336,111903202.6
US,PLTR,2021-03-12,0.710812,25.036,24.674,25.837,28.048833,25.547552,26.744182,-1.19663,-1.402882,0.412505,50.359386,30.204004,21.469996,2.710669,88926651.2
US,PLTR,2021-03-15,-0.482912,25.89,24.872,25.581,28.054833,25.738698,26.747576,-1.008878,-1.324081,0.630407,49.979003,28.988925,22.173075,2.599907,81324031.4
US,PLTR,2021-03-16,-4.404629,26.16,24.985,25.4695,28.049667,25.718898,26.663311,-0.944413,-1.248148,0.60747,46.542527,28.716619,22.222381,2.547771,76048416.0
US,PLTR,2021-03-17,-1.56189,26.252,25.147,25.376,28.016,25.640606,26.555658,-0.915052,-1.181528,0.532953,45.402876,28.538837,22.213163,2.46793,70830205.8
US,PLTR,2021-03-18,-4.879016,25.702,25.072,25.3165,27.982833,25.385128,26.364869,-0.97974,-1.141171,0.322861,41.997427,28.53685,22.09615,2.393792,65337093.4
US,PLTR,2021-03-19,1.417848,25.182,25.109,25.0825,27.913,25.221262,26.213397,-0.992134,-1.111364,0.238458,43.264223,27.845939,22.319061,2.307093,65144127.6
US,PLTR,2021-03-22,-0.411184,24.668,25.279,24.8935,27.849333,25.067222,26.065738,-0.998516,-1.088794,0.180556,42.966988,27.330738,22.456262,2.218015,63067152.8
US,PLTR,2021-03-23,-3.963666,24.198,25.179,24.719,27.758833,24.789188,25.857905,-1.068718,-1.084779,0.032122,40.117537,27.098638,22.339362,2.139585,58390716.4
US,PLTR,2021-03-24,-5.932932,23.532,24.892,24.4935,27.661,24.341621,25.563246,-1.221625,-1.112148,-0.218954,36.382372,27.045521,21.941479,2.110329,56720321.4
US,PLTR,2021-03-25,3.199269,23.252,24.477,24.4245,27.610167,24.070602,25.342265,-1.271663,-1.144051,-0.255223,39.461386,27.102025,21.746975,2.084591,60192480.6
US,PLTR,2021-03-26,0.0,22.904,24.043,24.3585,27.5755,23.841279,25.137652,-1.296374,-1.174515,-0.243717,39.461386,27.147251,21.569749,2.027835,60161293.8
US,PLTR,2021-03-29,-3.764393,22.406,23.537,24.2045,27.519333,23.516467,24.885234,-1.368767,-1.213366,-0.310803,36.943357,27.208381,21.200619,1.967989,62396848.8
US,PLTR,2021-03-30,1.426599,22.162,23.18,24.0825,27.494167,23.289318,24.674476,-1.385158,-1.247724,-0.274867,38.485045,27.226637,20.938363,1.915276,62769395.4
US,PLTR,2021-03-31,5.671506,22.444,22.988,24.0675,27.492833,23.289423,24.571922,-1.282499,-1.254679,-0.05564,44.389202,27.223731,20.911269,1.907756,61224194.4
US,PLTR,2021-04-01,-0.944611,22.542,22.897,23.9845,27.467333,23.255665,24.460668,-1.205003,-1.244744,0.079482,43.596112,27.153957,20.815043,1.858631,56628268.2
US,PLTR,2021-04-05,1.603814,22.714,22.809,23.959,27.465667,23.284025,24.385063,-1.101039,-1.216003,0.229928,45.36413,27.137351,20.780649,1.824443,58139556.6
US,PLTR,2021-04-06,-0.725256,23.022,22.714,23.9965,27.436833,23.281867,24.302466,-1.020599,-1.176922,0.312646,44.671282,27.123334,20.869666,1.74984,55019902.2
US,PLTR,2021-04-07,-1.59003,23.194,22.678,23.9285,27.3985,23.223118,24.19858,-0.975461,-1.13663,0.322337,43.127393,27.088432,20.768568,1.677708,51155523.8
US,PLTR,2021-04-08,2.227074,23.218,22.831,23.8615,27.3565,23.251869,24.140166,-0.888297,-1.086963,0.397333,45.902732,27.005703,20.717297,1.619301,46014154.4
US,PLTR,2021-04-09,2.691158,23.412,22.977,23.727,27.320833,23.37312,24.132747,-0.759627,-1.021496,0.523739,49.200552,26.586084,20.867916,1.573636,46413652.8
US,PLTR,2021-04-12,-2.911814,23.392,23.053,23.548,27.284833,23.368025,24.074025,-0.706,-0.958397,0.504794,45.855627,26.005052,21.090948,1.591234,47104013.6
US,PLTR,2021-04-13,8.91174,23.822,23.422,23.4795,27.293167,23.683713,24.173727,-0.490013,-0.86472,0.749414,55.530195,25.628244,21.330756,1.659003,55501979.8
US,PLTR,2021-04-14,-6.766326,23.982,23.588,23.384,27.260833,23.686219,24.138636,-0.452417,-0.782259,0.659685,47.907151,25.302993,21.465007,1.722645,70758107.4
US,PLTR,2021-04-15,-2.320675,23.93,23.574,23.281,27.203,23.603724,24.065403,-0.46168,-0.718144,0.512928,45.74464,25.008483,21.553517,1.697456,75393691.0
US,PLTR,2021-04-16,-2.937365,23.616,23.514,23.2055,27.1385,23.429305,23.947225,-0.517921,-0.678099,0.320356,43.151169,24.93617,21.47483,1.644781,73949493.4
US,PLTR,2021-04-19,-2.3587,23.336,23.364,23.0865,27.071167,23.200181,23.798542,-0.598361,-0.662151,0.12758,41.190992,24.821565,21.351435,1.594439,69332022.4
US,PLTR,2021-04-20,-0.729262,22.608,23.215,22.9645,26.891167,22.981691,23.64902,-0.667329,-0.663187,-0.008284,40.591523,24.706722,21.222278,1.574122,61953036.0
US,PLTR,2021-04-21,3.902663,22.394,23.188,22.933,26.6645,22.927585,23.573537,-0.645952,-0.65974,0.027575,45.157807,24.675494,21.190506,1.548114,48630472.2
US,PLTR,2021-04-22,1.01635,22.336,23.133,22.982,26.456,22.917187,23.520683,-0.603495,-0.648491,0.089991,46.35925,24.657107,21.306893,1.508963,47134008.2
US,PLTR,2021-04-23,2.405949,22.524,23.07,23.0235,26.196167,22.993005,23.512484,-0.519479,-0.622689,0.206419,49.223871,24.697839,21.349161,1.459037,44185850.6
US,PLTR,2021-04-26,2.990175,22.958,23.147,23.1,26.003667,23.16485,23.556744,-0.391894,-0.57653,0.369271,52.687032,24.825329,21.374671,1.415534,41743094.2
US,PLTR,2021-04-27,-0.953961,23.378,22.993,23.2075,25.815333,23.274873,23.580689,-0.305816,-0.522387,0.433142,51.445452,24.843604,21.571396,1.36371,37835231.4
US,PLTR,2021-04-28,-0.125628,23.622,23.008,23.298,25.646833,23.363354,23.600638,-0.237284,-0.465366,0.456165,51.275722,24.864532,21.731468,1.319874,33751884.2
US,PLTR,2021-04-29,-2.012579,23.724,23.03,23.302,25.519333,23.364377,23.583554,-0.219177,-0.416129,0.393903,48.517575,24.868839,21.735161,1.320597,30776605.2
US,PLTR,2021-04-30,-1.412067,23.65,23.087,23.3005,25.374,23.314473,23.543291,-0.228818,-0.378667,0.299697,46.659335,24.868282,21.732718,1.276983,29314829.8
US,PLTR,2021-05-03,-3.211806,23.288,23.123,23.2435,25.2115,23.1584,23.451195,-0.292795,-0.361492,0.137394,42.70908,24.868693,21.618307,1.247913,29351542.8
US,PLTR,2021-05-04,-2.959641,22.84,23.109,23.162,25.004667,22.9248,23.317033,-0.392233,-0.36764,-0.049185,39.497265,24.930837,21.393163,1.260919,36551195.2
US,PLTR,2021-05-05,-2.264325,22.3,22.961,23.0745,24.756333,22.651754,23.156512,-0.504758,-0.395064,-0.219388,37.257118,25.047837,21.101163,1.240139,39984872.2
US,PLTR,2021-05-06,-5.01182,21.644,22.684,22.9085,24.455,22.257638,22.929363,-0.671725,-0.450396,-0.442657,32.908848,25.262809,20.554191,1.275843,51107201.4
US,PLTR,2021-05-07,-1.692384,20.986,22.318,22.694,24.189167,21.871847,22.693854,-0.822007,-0.524718,-0.594577,31.633546,25.358188,20.029812,1.268283,58936166.8
US,PLTR,2021-05-10,-6.481013,20.22,21.754,22.4505,23.945167,21.348486,22.380976,-1.03249,-0.626273,-0.812435,27.338305,25.666973,19.234027,1.289834,73224039.4
US,PLTR,2021-05-11,9.420682,19.934,21.387,22.19,23.750167,21.173335,22.220163,-1.046829,-0.710384,-0.67289,39.386755,25.24199,19.13801,1.429846,101461924.0
US,PLTR,2021-05-12,-6.53142,19.482,20.891,21.9495,23.601,20.822052,21.973484,-1.151432,-0.798593,-0.705677,34.6877,25.236635,18.662365,1.449143,119462572.4
US,PLTR,2021-05-13,-2.752779,19.138,20.391,21.7105,23.455833,20.444813,21.70656,-1.261746,-0.891224,-0.741044,33.016584,25.295343,18.125657,1.46349,118668311.2
US,PLTR,2021-05-14,9.308655,19.204,20.095,21.591,23.371,20.388688,21.586074,-1.197385,-0.952456,-0.489858,42.779127,25.2256,17.9564,1.489669,121805670.6
US,PLTR,2021-05-17,1.89243,19.602,19.911,21.517,23.228667,20.399659,21.502661,-1.103001,-0.982565,-0.240872,44.707685,25.180316,17.853684,1.444693,110770381.6
US,PLTR,2021-05-18,3.812317,19.808,19.871,21.49,23.116,20.528943,21.483204,-0.954262,-0.976905,0.045285,48.541498,25.153124,17.826876,1.438643,81729913.6
US,PLTR,2021-05-19,-2.683616,20.164,19.823,21.392,23.014667,20.550644,21.422967,-0.872323,-0.955988,0.16733,46.029785,25.03269,17.75131,1.42874,65033811.4
US,PLTR,2021-05-20,-0.290276,20.612,19.875,21.2795,22.918333,20.559775,21.362747,-0.802972,-0.925385,0.244826,45.761364,24.870503,17.688497,1.364544,56644584.8
US,PLTR,2021-05-21,0.679282,20.746,19.975,21.1465,22.864833,20.589041,21.317359,-0.728318,-0.885972,0.315308,46.544668,24.606675,17.686325,1.316363,47811782.0
US,PLTR,2021-05-24,2.26506,20.898,20.25,21.002,22.820167,20.686111,21.310147,-0.624035,-0.833584,0.419098,49.197219,24.185379,17.818621,1.283051,47100419.8
US,PLTR,2021-05-25,1.225259,20.946,20.377,20.882,22.764667,20.808248,21.322729,-0.51448,-0.769764,0.510566,50.655925,23.79154,17.97246,1.254976,45184498.0
US,PLTR,2021-05-26,2.979516,21.236,20.7,20.7955,22.725333,21.010056,21.381786,-0.37173,-0.690157,0.636854,54.146106,23.43751,18.15349,1.219621,44652900.8
US,PLTR,2021-05-27,2.622061,21.654,21.133,20.762,22.7105,21.270047,21.479431,-0.209384,-0.594002,0.769237,57.107059,23.286984,18.237016,1.207505,50683676.0
US,PLTR,2021-05-28,1.101322,22.094,21.42,20.7575,22.680833,21.528502,21.588362,-0.059861,-0.487174,0.854627,58.355336,23.266499,18.248501,1.267683,66076403.0
US,PLTR,2021-06-01,0.479303,22.462,21.68,20.7955,22.666,21.764117,21.697372,0.066744,-0.37639,0.886269,58.921803,23.417282,18.173718,1.247849,67374517.4
US,PLTR,2021-06-02,6.027754,23.056,22.001,20.936,22.698167,22.17733,21.901271,0.276059,-0.2459,1.043918,65.337969,23.989394,17.882606,1.303002,74698615.8
US,PLTR,2021-06-03,-3.353783,23.358,22.297,21.06,22.687667,22.400817,22.029325,0.371493,-0.122422,0.987829,59.4397,24.331709,17.788291,1.289216,75770881.0
US,PLTR,2021-06-04,1.692763,23.624,22.639,21.257,22.675667,22.651461,22.177523,0.473938,-0.00315,0.954176,61.276107,24.739075,17.774925,1.267844,68972953.0
US,PLTR,2021-06-07,1.78943,23.926,23.01,21.4925,22.637833,22.929698,22.346595,0.583102,0.114101,0.938003,63.204753,25.166821,17.818179,1.246569,56426437.4
US,PLTR,2021-06-08,-0.327065,24.19,23.326,21.788,22.5955,23.152821,22.497218,0.655603,0.222401,0.866404,62.580274,25.392412,18.183588,1.250386,56546969.2
US,PLTR,2021-06-09,-0.861362,24.134,23.595,21.986,22.551833,23.30931,22.621128,0.688182,0.315557,0.74525,60.879859,25.656386,18.315614,1.201787,46417490.8
US,PLTR,2021-06-10,-0.124121,24.236,23.797,22.2485,22.527333,23.437109,22.733637,0.703472,0.39314,0.620663,60.626424,25.742353,18.754647,1.183802,43845299.8
US,PLTR,2021-06-11,2.195526,24.364,23.994,22.5635,22.518333,23.626784,22.877071,0.749713,0.464455,0.570517,63.516001,25.72171,19.40529,1.147816,41952848.4
US,PLTR,2021-06-14,1.337657,24.472,24.199,22.8095,22.535333,23.838048,23.034325,0.803723,0.532308,0.542829,65.227168,25.921731,19.697269,1.114401,42376948.0
US,PLTR,2021-06-15,-2.36,24.478,24.334,23.007,22.536833,23.926041,23.136227,0.789814,0.58381,0.412009,59.824689,25.99669,20.01731,1.117658,40975857.8
US,PLTR,2021-06-16,1.597706,24.604,24.369,23.185,22.5465,24.060496,23.259469,0.801027,0.627253,0.347547,62.061562,26.156535,20.213465,1.114968,45182580.8
US,PLTR,2021-06-17,2.620968,24.866,24.551,23.424,22.583,24.274266,23.421731,0.852535,0.672309,0.360451,65.508457,26.315805,20.532195,1.100327,50941337.4
US,PLTR,2021-06-18,-0.314342,25.006,24.685,23.662,22.641167,24.44284,23.566047,0.876793,0.713206,0.327174,64.72897,26.365632,20.958368,1.087447,57557280.2
US,PLTR,2021-06-21,0.197083,25.09,24.781,23.8955,22.6885,24.593173,23.703377,0.889796,0.748524,0.282543,65.00921,26.347784,21.443216,1.084058,58191935.2
US,PLTR,2021-06-22,-0.078678,25.288,24.883,24.1045,22.7355,24.7173,23.829053,0.888247,0.776469,0.223557,64.787469,26.309045,21.899955,1.046625,58090003.2
US,PLTR,2021-06-23,3.425197,25.582,25.093,24.344,22.811167,24.956177,24.009864,0.946313,0.810438,0.271751,69.638841,26.391158,22.296842,1.044009,57353472.2
US,PLTR,2021-06-24,0.989722,25.798,25.332,24.5645,22.886,25.198303,24.19654,1.001763,0.848703,0.306121,70.927928,26.555193,22.573807,1.008008,54223079.8
US,PLTR,2021-06-25,0.942329,26.08,25.543,24.7685,22.944167,25.441641,24.387908,1.053734,0.889709,0.32805,72.152276,26.789097,22.747903,0.990293,69160155.6
US,PLTR,2021-06-28,2.240478,26.472,25.781,24.99,23.016,25.73985,24.609544,1.130306,0.937828,0.384956,74.885921,27.132232,22.847768,0.970987,66622068.0
US,PLTR,2021-06-29,-2.739226,26.718,26.003,25.1685,23.069167,25.876797,24.759208,1.117589,0.97378,0.287617,66.145233,27.231181,23.105819,0.973059,65083192.0
US,PLTR,2021-06-30,-1.013894,26.736,26.159,25.264,23.120667,25.951136,24.877785,1.073351,0.993694,0.159312,63.281646,27.361345,23.166655,0.954269,60223155.2
US,PLTR,2021-07-01,-6.221548,26.374,26.086,25.3185,23.151,25.76173,24.866097,0.895633,0.974082,-0.156898,49.315914,27.296421,23.340579,1.012536,61605921.0
US,PLTR,2021-07-02,-1.132686,25.906,25.993,25.339,23.168167,25.558387,24.834534,0.723853,0.924036,-0.400367,47.392834,27.271045,23.406955,1.012355,39368131.4
US,PLTR,2021-07-06,0.981997,25.366,25.919,25.35,23.178833,25.423251,24.823087,0.600163,0.859262,-0.518197,49.220662,27.264325,23.435675,0.994329,36617826.4
US,PLTR,2021-07-07,-7.252836,24.618,25.668,25.2755,23.171333,25.03352,24.679896,0.353624,0.758134,-0.80902,38.481529,27.435264,23.115736,1.063306,42330207.2
US,PLTR,2021-07-08,0.830057,23.962,25.349,25.221,23.132333,24.732978,24.561385,0.171593,0.640826,-0.938465,39.978502,27.538826,22.903174,1.055927,43534461.4
US,PLTR,2021-07-09,0.909879,23.676,25.025,25.1785,23.1255,24.510982,24.467208,0.043773,0.521415,-0.955284,41.66803,27.602779,22.754221,1.025503,36928501.0
US,PLTR,2021-07-12,-1.459854,23.378,24.642,25.0925,23.122167,24.270831,24.354822,-0.083992,0.400334,-0.968652,39.718646,27.698085,22.486915,0.996539,35717024.8
US,PLTR,2021-07-13,-2.178649,22.932,24.149,24.965,23.121833,23.990703,24.213724,-0.223022,0.275663,-0.997369,36.97882,27.814368,22.115632,0.966072,34941468.8
US,PLTR,2021-07-14,-3.964365,22.666,23.642,24.8225,23.1155,23.616748,24.017152,-0.400404,0.140449,-1.081707,32.660137,28.031063,21.613937,0.976352,28271927.8
US,PLTR,2021-07-15,-0.41744,22.344,23.153,24.656,23.110333,23.286479,23.828474,-0.541995,0.003961,-1.091911,32.249966,28.181867,21.130133,0.980899,27656243.0
US,PLTR,2021-07-16,-0.465766,21.96,22.818,24.452,23.089333,22.991636,23.646365,-0.654729,-0.127777,-1.053903,31.772502,28.233368,20.670632,0.944406,27019932.6
US,PLTR,2021-07-19,0.795508,21.678,22.528,24.2605,23.067333,22.768308,23.490338,-0.72203,-0.246628,-0.950805,33.572987,28.22023,20.30077,0.958377,28439406.0
US,PLTR,2021-07-20,2.971216,21.624,22.278,24.0985,23.046833,22.677799,23.393276,-0.715477,-0.340398,-0.750159,39.993156,28.119854,20.077146,0.970636,28093541.8
US,PLTR,2021-07-21,1.532913,21.816,22.241,23.9545,23.020333,22.653522,23.328589,-0.675067,-0.407332,-0.53547,43.137372,27.985368,19.923632,0.941305,25426369.2
US,PLTR,2021-07-22,-1.998224,21.936,22.14,23.7445,22.990167,22.56375,23.23536,-0.671611,-0.460187,-0.422847,40.139572,27.708016,19.780984,0.930497,22510562.8
US,PLTR,2021-07-23,-1.17807,22.024,21.992,23.5085,22.956167,22.447788,23.129778,-0.68199,-0.504548,-0.354884,38.475843,27.340383,19.676617,0.904747,22127654.0
US,PLTR,2021-07-26,1.467217,22.142,21.91,23.276,22.9355,22.398898,23.05572,-0.656823,-0.535003,-0.24364,41.679824,26.840634,19.711366,0.898694,19225998.8
US,PLTR,2021-07-27,-2.033439,22.042,21.833,22.991,22.912833,22.288298,22.953815,-0.665517,-0.561106,-0.208823,38.632984,26.07687,19.90513,0.908787,19227023.4
US,PLTR,2021-07-28,4.059041,22.05,21.933,22.7875,22.917167,22.330098,22.924644,-0.594545,-0.567794,-0.053503,46.820023,25.384736,20.190264,0.910302,20135005.2
US,PLTR,2021-07-29,-1.684397,22.072,22.004,22.5785,22.926167,22.307006,22.869485,-0.562479,-0.566731,0.008504,44.084956,24.601412,20.555588,0.895995,20426093.0
US,PLTR,2021-07-30,-2.119026,22.052,22.038,22.428,22.9355,22.215159,22.783597,-0.568438,-0.567072,-0.002732,40.902346,24.226673,20.629327,0.881995,20037752.8
US,PLTR,2021-08-02,1.796407,22.046,22.094,22.311,22.969,22.197442,22.73296,-0.535518,-0.560761,0.050487,44.483837,23.857724,20.764276,0.882567,21010105.6
US,PLTR,2021-08-03,0.633484,22.158,22.1,22.189,23.0105,22.20399,22.696445,-0.492455,-0.5471,0.10929,45.754715,23.289634,21.088366,0.859527,19759632.6
US,PLTR,2021-08-04,0.269784,22.106,22.078,22.1595,23.074333,22.21876,22.667078,-0.448318,-0.527344,0.158051,46.321854,23.214061,21.104939,0.831703,17811722.8
US,PLTR,2021-08-05,0.986547,22.174,22.123,22.1315,23.112833,22.265105,22.656184,-0.391079,-0.500091,0.218024,48.450052,23.114094,21.148906,0.825867,17682955.8
US,PLTR,2021-08-06,-3.108348,22.196,22.124,22.058,23.161667,22.196627,22.594244,-0.397617,-0.479596,0.163958,42.655151,22.891585,21.224415,0.831163,19345259.4
US,PLTR,2021-08-09,5.087076,22.362,22.204,22.057,23.237667,22.309454,22.619115,-0.309661,-0.445609,0.271896,52.381264,22.886339,21.227661,0.877508,22192896.0
US,PLTR,2021-08-10,-0.043611,22.498,22.328,22.0805,23.285,22.403384,22.641403,-0.238019,-0.404091,0.332144,52.29521,22.97697,21.18403,0.867686,23974466.4
US,PLTR,2021-08-11,-2.486911,22.508,22.307,22.12,23.3165,22.395171,22.619817,-0.224646,-0.368202,0.287111,47.504631,22.990494,21.249506,0.88428,27773533.8
US,PLTR,2021-08-12,11.364653,22.982,22.578,22.291,23.377333,22.778991,22.787979,-0.008988,-0.296359,0.574742,63.53506,23.736986,20.845014,1.064689,61966931.6
US,PLTR,2021-08-13,0.040177,23.598,22.897,22.4675,23.447833,23.1053,22.944425,0.160875,-0.204912,0.731575,63.582211,24.244575,20.690425,1.045068,67605814.6
US,PLTR,2021-08-16,-1.606426,23.912,23.137,22.6155,23.512667,23.319869,23.059653,0.260216,-0.111887,0.744206,60.227518,24.545406,20.685594,1.051135,69721560.4
US,PLTR,2021-08-17,-2.163265,24.122,23.31,22.705,23.566333,23.419889,23.127086,0.292803,-0.030949,0.647504,56.010664,24.710368,20.699632,1.036768,71601640.4
US,PLTR,2021-08-18,5.465165,24.708,23.608,22.843,23.634,23.70606,23.286561,0.419499,0.059141,0.720716,62.921034,25.137472,20.548528,1.124141,83065142.4
US,PLTR,2021-08-19,-4.43038,24.562,23.772,22.9475,23.678667,23.775897,23.35126,0.424637,0.13224,0.584793,54.970201,25.281663,20.613337,1.150989,58677824.2
US,PLTR,2021-08-20,-0.620861,24.384,23.991,23.0575,23.710167,23.811913,23.400056,0.411857,0.188164,0.447387,53.986285,25.37416,20.74084,1.127346,58611269.6
US,PLTR,2021-08-23,3.373594,24.448,24.18,23.192,23.7455,23.967003,23.505237,0.461766,0.242884,0.437765,58.32431,25.588619,20.795381,1.120393,56514364.0
US,PLTR,2021-08-24,1.128122,24.674,24.398,23.363,23.781333,24.14131,23.623367,0.517943,0.297896,0.440094,59.737382,25.791515,20.934485,1.082508,56890174.0
US,PLTR,2021-08-25,-2.988048,24.488,24.598,23.4525,23.802833,24.173417,23.677192,0.496224,0.337562,0.317326,54.4152,25.88797,21.01703,1.085186,49455808.8
US,PLTR,2021-08-26,2.135524,24.63,24.596,23.587,23.809833,24.280583,23.765548,0.515035,0.373056,0.283957,57.258484,26.02363,21.15037,1.083387,45170564.2
US,PLTR,2021-08-27,3.377563,24.97,24.677,23.787,23.8445,24.500494,23.909582,0.590912,0.416627,0.348569,61.442295,26.231169,21.342831,1.093145,45209202.2
US,PLTR,2021-08-30,0.194477,25.158,24.803,23.97,23.873333,24.694264,24.04665,0.647614,0.462825,0.369579,61.682726,26.429545,21.510455,1.085063,46883415.8
US,PLTR,2021-08-31,2.251553,25.406,25.04,24.175,23.904667,24.947454,24.216527,0.730926,0.516445,0.428963,64.45184,26.70602,21.64398,1.057559,58071671.0
US,PLTR,2021-09-01,-0.531511,25.776,25.132,24.37,23.935,25.140153,24.363451,0.776702,0.568496,0.416411,63.263383,26.894076,21.845924,1.016305,54019427.0
US,PLTR,2021-09-02,1.183206,26.104,25.367,24.5695,23.974,25.350899,24.522455,0.828444,0.620486,0.415916,64.810692,27.107842,22.031158,0.999426,52485017.6
US,PLTR,2021-09-03,0.490381,26.29,25.63,24.8105,24.015667,25.549222,24.67931,0.869912,0.670371,0.399082,65.46755,27.16768,22.45332,0.965895,47364439.4
US,PLTR,2021-09-07,0.225225,26.478,25.818,24.999,24.0495,25.726265,24.828991,0.897274,0.715752,0.363045,65.784996,27.327295,22.670705,0.940474,45835899.2
US,PLTR,2021-09-08,-4.194757,26.326,25.866,25.132,24.059167,25.703763,24.884621,0.819141,0.73643,0.165424,55.524293,27.265838,22.998162,0.997583,38081042.8
US,PLTR,2021-09-09,2.150117,26.312,26.044,25.321,24.087833,25.769338,24.976871,0.792466,0.747637,0.089658,58.913361,27.070765,23.571235,0.994184,38030038.8
US,PLTR,2021-09-10,0.574053,26.266,26.185,25.3905,24.1125,25.847901,25.0734,0.774502,0.75301,0.042983,59.812773,27.176316,23.604684,0.966028,37790121.8
US,PLTR,2021-09-13,-1.712329,26.104,26.197,25.437,24.118833,25.845147,25.129444,0.715703,0.745549,-0.059691,55.862013,27.217731,23.656269,0.986312,41004141.4
US,PLTR,2021-09-14,1.664731,26.016,26.247,25.525,24.133667,25.908971,25.213189,0.695782,0.735595,-0.079627,58.671197,27.285653,23.764347,0.978004,40699442.0
US,PLTR,2021-09-15,3.12262,26.316,26.321,25.6805,24.161333,26.089129,25.351471,0.737658,0.736008,0.0033,63.448695,27.413468,23.947532,0.988147,39813334.0
US,PLTR,2021-09-16,5.723781,26.816,26.564,25.848,24.215167,26.480032,25.594325,0.885707,0.765948,0.239519,70.411357,27.992478,23.703522,1.043993,54979288.0
US,PLTR,2021-09-17,0.279427,27.302,26.784,26.0755,24.255833,26.823104,25.825116,0.997988,0.812356,0.371265,70.72136,28.412185,23.738815,1.056565,83960647.8
US,PLTR,2021-09-20,-7.523511,27.446,26.775,26.2025,24.256167,26.781088,25.878811,0.902277,0.83034,0.143874,54.207487,28.344311,24.060689,1.170382,93298799.0
US,PLTR,2021-09-21,0.263653,27.518,26.767,26.2925,24.2535,26.756305,25.933714,0.822591,0.82879,-0.012398,54.577653,28.343733,24.241267,1.163212,96503492.0
US,PLTR,2021-09-22,3.042825,27.588,26.952,26.409,24.254333,26.859951,26.04455,0.815401,0.826112,-0.021423,58.734475,28.440658,24.377342,1.165125,95372356.4
US,PLTR,2021-09-23,4.885162,27.616,27.216,26.63,24.29,27.153804,26.246435,0.907369,0.842364,0.130011,64.519281,28.679205,24.580795,1.207616,85379680.0
US,PLTR,2021-09-24,-0.729927,27.586,27.444,26.8145,24.326667,27.370142,26.41781,0.952332,0.864357,0.175949,63.028085,28.861092,24.767908,1.183501,56998710.6
US,PLTR,2021-09-27,-3.816527,27.77,27.608,26.9025,24.3725,27.385505,26.49575,0.889755,0.869437,0.040636,55.816957,28.902379,24.902621,1.193965,47936587.2
US,PLTR,2021-09-28,-7.753913,27.514,27.516,26.8815,24.3875,27.070812,26.410139,0.660673,0.827684,-0.334023,44.98565,28.936973,24.826027,1.27011,50591108.4
US,PLTR,2021-09-29,-3.235991,26.932,27.26,26.7905,24.384833,26.678379,26.270129,0.40825,0.743797,-0.671094,41.635977,29.081469,24.499531,1.270817,50959211.8
US,PLTR,2021-09-30,-1.957586,25.986,26.801,26.6825,24.404,26.272475,26.104934,0.167541,0.628546,-0.922011,39.769221,29.260328,24.104672,1.263616,50923424.0
US,PLTR,2021-10-01,1.206323,25.14,26.363,26.5735,24.424833,25.973632,25.973458,0.000175,0.502872,-1.005394,41.476446,29.34813,23.79887,1.219072,49417069.6
US,PLTR,2021-10-04,-4.767776,24.28,26.025,26.4,24.422833,25.542304,25.765794,-0.22349,0.3576,-1.162178,36.963222,29.545479,23.254521,1.225567,49954443.8
US,PLTR,2021-10-05,0.172637,23.854,25.684,26.2255,24.427167,25.183488,25.576476,-0.392988,0.207482,-1.200939,37.216918,29.659078,22.791922,1.195883,48298168.2
US,PLTR,2021-10-06,1.59414,23.666,25.299,26.1255,24.446,24.936798,25.428589,-0.491791,0.067627,-1.118837,39.636935,29.740173,22.510827,1.239034,64103570.8
US,PLTR,2021-10-07,0.636132,23.604,24.795,26.0055,24.482167,24.751137,25.302767,-0.551631,-0.056224,-0.990813,40.635954,29.767938,22.243062,1.192675,59908378.0
US,PLTR,2021-10-08,-0.969237,23.438,24.289,25.8665,24.516,24.558654,25.169229,-0.610575,-0.167094,-0.886961,39.554957,29.780461,21.952539,1.178198,61374653.6
US,PLTR,2021-10-11,0.12766,23.51,23.895,25.7515,24.552,24.4004,25.047805,-0.647405,-0.263156,-0.768497,39.779983,29.795974,21.707026,1.14547,56811045.4
US,PLTR,2021-10-12,0.679983,23.606,23.73,25.623,24.587833,24.291107,24.947227,-0.656119,-0.341749,-0.62874,41.040673,29.757001,21.488999,1.100793,50882087.6
US,PLTR,2021-10-13,1.857324,23.716,23.691,25.4755,24.620333,24.266322,24.886691,-0.62037,-0.397473,-0.445793,44.48269,29.601537,21.349463,1.066451,31545758.2
US,PLTR,2021-10-14,0.911728,23.84,23.722,25.2615,24.650833,24.279195,24.846936,-0.567741,-0.431527,-0.272429,46.174695,29.147908,21.375092,1.031704,28992360.4
US,PLTR,2021-10-15,-1.437372,23.94,23.689,25.026,24.683,24.236242,24.7842,-0.547958,-0.454813,-0.18629,43.883287,28.606807,21.445193,1.007297,25838677.8
US,PLTR,2021-10-18,1.083333,24.086,23.798,24.9115,24.723833,24.239897,24.745371,-0.505474,-0.464945,-0.081057,46.026043,28.436067,21.386933,0.968919,26166319.8
US,PLTR,2021-10-19,1.772465,24.286,23.946,24.815,24.7665,24.309144,24.741269,-0.432125,-0.458381,0.052512,49.462968,28.251763,21.378237,0.966853,26789087.0
US,PLTR,2021-10-20,-1.903605,24.304,24.01,24.6545,24.808833,24.295429,24.702657,-0.407227,-0.44815,0.081846,46.013995,27.881179,21.427821,0.954221,25939890.4
US,PLTR,2021-10-21,2.312139,24.39,24.115,24.455,24.845833,24.369979,24.708386,-0.338407,-0.426202,0.175589,50.447526,27.075675,21.834325,0.946776,25513862.0
US,PLTR,2021-10-22,-1.412429,24.476,24.208,24.2485,24.883333,24.379213,24.687765,-0.308552,-0.402672,0.18824,47.805073,26.072586,22.424414,0.922007,24679039.8
US,PLTR,2021-10-25,4.011461,24.706,24.396,24.1455,24.945,24.537795,24.741264,-0.203468,-0.362831,0.318726,54.92458,25.361666,22.929334,0.935435,26349475.0
US,PLTR,2021-10-26,0.4329,24.872,24.579,24.1545,25.002,24.688904,24.798948,-0.110044,-0.312274,0.404459,55.655737,25.407983,22.901017,0.975761,31824106.8
US,PLTR,2021-10-27,-1.802508,25.04,24.672,24.1815,25.049,24.745996,24.818285,-0.072289,-0.264277,0.383975,51.866861,25.487475,22.875525,0.968921,31805937.4
US,PLTR,2021-10-28,2.314445,25.212,24.801,24.2615,25.104667,24.883535,24.879153,0.004382,-0.210545,0.429854,55.939747,25.711124,22.811876,0.951855,31251229.2
US,PLTR,2021-10-29,0.936037,25.502,24.989,24.339,25.160667,25.036837,24.95329,0.083547,-0.151727,0.470548,57.540772,25.951562,22.726438,0.931722,31599925.8
US,PLTR,2021-11-01,2.627512,25.732,25.219,24.5085,25.239667,25.27117,25.072305,0.198865,-0.081608,0.560946,61.778571,26.296988,22.720012,0.919457,30141604.6
US,PLTR,2021-11-02,-2.409639,25.812,25.342,24.644,25.2895,25.37099,25.135097,0.235892,-0.018108,0.508001,56.102994,26.429076,22.858924,0.936638,24947125.0
US,PLTR,2021-11-03,0.771605,26.024,25.532,24.771,25.342833,25.486222,25.208053,0.278169,0.041147,0.474044,57.419484,26.596178,22.945822,0.946164,25164523.6
US,PLTR,2021-11-04,1.339969,26.19,25.701,24.908,25.4115,25.637573,25.301531,0.336042,0.100126,0.471831,59.697406,26.809784,23.006216,0.928581,25929849.6
US,PLTR,2021-11-05,-1.775595,26.214,25.858,25.033,25.43,25.693331,25.353269,0.340062,0.148113,0.383896,55.410588,26.875901,23.190099,0.927254,26748782.0
US,PLTR,2021-11-08,2.884615,26.252,25.992,25.194,25.460833,25.855895,25.456731,0.399165,0.198324,0.401682,60.308642,27.046138,23.341862,0.940307,29686602.6
US,PLTR,2021-11-09,-9.345794,25.918,25.865,25.222,25.456667,25.608834,25.367343,0.241491,0.206957,0.069068,43.252903,26.997698,23.446302,1.073142,47035707.2
US,PLTR,2021-11-10,-7.134021,25.198,25.611,25.1415,25.4325,25.133629,25.156429,-0.0228,0.161006,-0.367611,35.723855,27.22689,23.05611,1.148632,60948768.6
US,PLTR,2021-11-11,2.087034,24.502,25.346,25.0735,25.394333,24.80384,24.995953,-0.192113,0.090382,-0.564989,38.83871,27.338638,22.808362,1.110158,64619134.6
US,PLTR,2021-11-12,-0.695955,23.868,25.041,25.015,25.372167,24.500172,24.835512,-0.335339,0.005238,-0.681154,38.160738,27.44262,22.58738,1.091576,70121379.8
US,PLTR,2021-11-15,2.540517,23.2,24.726,24.9725,25.362167,24.332453,24.729918,-0.397465,-0.075303,-0.644324,42.105977,27.479952,22.465048,1.062892,68494614.2
US,PLTR,2021-11-16,-1.19607,22.976,24.447,24.8945,25.334,24.147461,24.611406,-0.463945,-0.153031,-0.621828,40.754227,27.526225,22.262775,1.044114,51301540.4
US,PLTR,2021-11-17,-2.766969,22.97,24.084,24.808,25.2905,23.892467,24.454265,-0.561798,-0.234785,-0.654027,37.769526,27.629592,21.986408,1.028106,37938464.8
US,PLTR,2021-11-18,-4.401956,22.672,23.587,24.644,25.243,23.524395,24.23543,-0.711035,-0.330035,-0.762001,33.66261,27.812946,21.475054,1.041098,39470156.0
US,PLTR,2021-11-19,-0.418605,22.388,23.128,24.493,25.185333,23.199103,24.026139,-0.827036,-0.429435,-0.795202,33.30803,27.961949,21.024051,1.013877,34769541.8
US,PLTR,2021-11-22,-3.549743,21.836,22.518,24.255,25.101,22.806934,23.776055,-0.969121,-0.537372,-0.863498,30.396344,28.075024,20.434976,1.040743,40097816.2
US,PLTR,2021-11-23,-0.290557,21.328,22.152,24.0085,25.014833,22.465867,23.540051,-1.074184,-0.644734,-0.858899,30.172098,28.097012,19.919988,1.037832,42700452.8
US,PLTR,2021-11-24,2.525498,21.052,22.011,23.811,24.927667,22.257272,23.360047,-1.102775,-0.736343,-0.732865,34.670403,28.055884,19.566116,1.04513,44148409.2
US,PLTR,2021-11-26,-0.378967,20.958,21.815,23.5805,24.8415,22.068461,23.187451,-1.11899,-0.812872,-0.612236,34.304269,27.903029,19.257971,1.024764,38078663.0
US,PLTR,2021-11-29,0.190204,20.89,21.639,23.34,24.750833,21.914852,23.030603,-1.115751,-0.873448,-0.484606,34.675728,27.659245,19.020755,1.011566,37898835.8
US,PLTR,2021-11-30,-1.993355,20.89,21.363,23.0445,24.651,21.720259,22.854262,-1.134003,-0.925559,-0.416888,32.591925,27.249276,18.839724,1.02074,33564697.8
US,PLTR,2021-12-01,-6.150121,20.648,20.988,22.7175,24.529,21.360219,22.596909,-1.23669,-0.987785,-0.49781,27.257823,26.99353,18.44147,1.062116,34344847.6
US,PLTR,2021-12-02,1.599587,20.364,20.708,22.396,24.430833,21.103262,22.381582,-1.27832,-1.045892,-0.464856,30.258275,26.56598,18.22602,1.046965,36458655.0
US,PLTR,2021-12-03,-3.605891,19.954,20.456,22.0215,24.311667,20.776607,22.129613,-1.353007,-1.107315,-0.491384,27.464138,26.001707,18.041293,1.064324,43528333.0
US,PLTR,2021-12-06,-0.948367,19.5,20.195,21.6615,24.187,20.472513,21.882975,-1.410462,-1.167944,-0.485035,26.788748,25.434241,17.888759,1.053301,48997486.8
US,PLTR,2021-12-07,3.510638,19.262,20.076,21.297,24.080833,20.316742,21.703496,-1.386754,-1.211706,-0.350095,33.268736,24.378052,18.215948,1.053065,48384001.2
US,PLTR,2021-12-08,1.849949,19.35,19.999,21.0755,23.9735,20.24032,21.563977,-1.323657,-1.234096,-0.179122,36.56678,23.901964,18.249036,1.034989,44371445.4
US,PLTR,2021-12-09,-3.077699,19.254,19.809,20.91,23.842333,20.081809,21.389609,-1.307799,-1.248837,-0.117925,33.541781,23.766228,18.053772,1.040347,41281791.4
US,PLTR,2021-12-10,-1.405518,19.246,19.6,20.7075,23.680833,19.906146,21.208156,-1.30201,-1.259472,-0.085077,32.269313,23.519068,17.895932,1.028894,35592769.0
US,PLTR,2021-12-13,-2.851109,19.166,19.333,20.486,23.509,19.674432,21.000145,-1.325713,-1.27272,-0.105986,29.831759,23.291811,17.680189,1.020401,31976021.0
US,PLTR,2021-12-14,1.304348,19.002,19.132,20.2475,23.377167,19.515288,20.825319,-1.310031,-1.280182,-0.059698,32.280161,22.819782,17.675218,1.015373,32723173.6
US,PLTR,2021-12-15,1.180258,18.81,19.08,20.034,23.247833,19.414475,20.67974,-1.265265,-1.277199,0.023867,34.535159,22.30503,17.76297,1.009989,34910361.8
US,PLTR,2021-12-16,-2.757158,18.636,18.945,19.8265,23.096333,19.249171,20.506426,-1.257255,-1.27321,0.03191,31.836655,21.912858,17.740142,1.007133,35629422.4
US,PLTR,2021-12-17,3.925845,18.66,18.953,19.7045,22.9345,19.220068,20.399283,-1.179216,-1.254411,0.150391,38.949813,21.66683,17.74217,1.027337,39009559.4
US,PLTR,2021-12-20,-5.771249,18.572,18.869,19.532,22.757833,19.026211,20.218596,-1.192384,-1.242006,0.099243,33.242293,21.470717,17.593283,1.041813,39787535.6
US,PLTR,2021-12-21,5.233853,18.624,18.813,19.4445,22.615,19.006794,20.120922,-1.114128,-1.21643,0.204605,41.175039,21.330739,17.558261,1.040255,38790305.0
US,PLTR,2021-12-22,-0.10582,18.628,18.719,19.359,22.507333,18.987287,20.029002,-1.041714,-1.181487,0.279545,41.063234,21.183817,17.534183,1.023094,37696765.6
US,PLTR,2021-12-23,0.264831,18.746,18.691,19.25,22.414167,18.978474,19.947594,-0.96912,-1.139014,0.339787,41.49097,20.895005,17.604995,0.980016,35858433.8
US,PLTR,2021-12-27,0.052826,18.722,18.691,19.1455,22.329167,18.972555,19.872958,-0.900403,-1.091292,0.381777,41.582286,20.576548,17.714452,0.943586,31315803.8
US,PLTR,2021-12-28,-1.953537,18.844,18.708,19.0205,22.233167,18.910623,19.776442,-0.865819,-1.046197,0.360756,39.147736,20.165445,17.875555,0.921187,26966393.8
US,PLTR,2021-12-29,-2.154012,18.698,18.661,18.8965,22.149833,18.796681,19.657446,-0.860765,-1.009111,0.296691,36.649565,19.825484,17.967516,0.904674,25834183.8
US,PLTR,2021-12-30,2.86186,18.66,18.644,18.862,22.0745,18.780269,19.585784,-0.805515,-0.968392,0.325753,41.845096,19.767552,17.956448,0.906483,24912385.0
US,PLTR,2021-12-31,-2.568218,18.516,18.631,18.788,21.985,18.692535,19.483874,-0.791339,-0.932981,0.283284,38.690745,19.651727,17.924273,0.892448,24671921.8
US,PLTR,2022-01-03,1.757276,18.434,18.578,18.7655,21.898333,18.66753,19.413217,-0.745687,-0.895522,0.299671,41.838455,19.63149,17.89951,0.879416,27192842.4
US,PLTR,2022-01-04,-1.942795,18.354,18.599,18.734,21.8095,18.590987,19.321126,-0.73014,-0.862446,0.264612,39.388408,19.63769,17.83031,0.891601,31017706.2
US,PLTR,2022-01-05,-6.659329,18.112,18.405,18.609,21.7,18.340066,19.146228,-0.806163,-0.851189,0.090053,32.499598,19.739556,17.478444,0.949344,37018238.0
US,PLTR,2022-01-06,-1.29717,17.722,18.191,18.455,21.584167,18.093902,18.967989,-0.874087,-0.855769,-0.036637,31.423498,19.715405,17.194595,0.961533,41108614.4
US,PLTR,2022-01-07,-1.075269,17.392,17.954,18.3225,21.458,17.857917,18.789619,-0.931703,-0.870956,-0.121494,30.53271,19.779413,16.865587,0.954281,43995267.8
US,PLTR,2022-01-10,-0.362319,16.986,17.71,18.2005,21.327167,17.649007,18.620018,-0.971012,-0.890967,-0.16009,30.225135,19.82872,16.57228,0.973261,51946328.2
US,PLTR,2022-01-11,2.363636,16.73,17.542,18.125,21.208667,17.532236,18.491869,-0.959632,-0.9047,-0.109865,34.821242,19.846575,16.403425,0.970171,53499711.8
US,PLTR,2022-01-12,-1.006513,16.682,17.397,18.029,21.083,17.407277,18.360619,-0.953342,-0.914428,-0.077828,33.776814,19.836959,16.221041,0.976587,49812507.4
US,PLTR,2022-01-13,-4.246411,16.536,17.129,17.8865,20.938333,17.192311,18.186499,-0.994188,-0.93038,-0.127615,29.761793,19.852372,15.920628,0.969688,46963530.4
US,PLTR,2022-01-14,0.0,16.426,16.909,17.77,20.8015,17.010417,18.025277,-1.01486,-0.947276,-0.135167,29.761793,19.88506,15.65494,0.945425,46450539.4
US,PLTR,2022-01-18,-6.49594,16.12,16.553,17.5655,20.638,16.696507,17.79896,-1.102453,-0.978312,-0.248283,24.761549,19.919513,15.211487,0.955752,41477168.2
US,PLTR,2022-01-19,-2.738811,15.654,16.192,17.3955,20.4735,16.367813,17.559037,-1.191224,-1.020894,-0.340659,23.112922,20.079016,14.711984,0.938198,41598264.2
US,PLTR,2022-01-20,0.412088,15.234,15.958,17.1815,20.293667,16.098919,17.341331,-1.242412,-1.065198,-0.354428,23.911315,20.028613,14.334387,0.941898,42579505.4
US,PLTR,2022-01-21,-7.45554,14.738,15.637,16.914,20.093833,15.703701,17.05901,-1.355309,-1.12322,-0.464179,19.873878,20.061942,13.766058,0.95462,50087329.2
US,PLTR,2022-01-24,-0.960828,14.216,15.321,16.6375,19.8995,15.349285,16.787972,-1.438687,-1.186313,-0.504747,19.452018,19.993169,13.281831,1.013575,65130500.2
US,PLTR,2022-01-25,-2.537313,13.834,14.977,16.3435,19.689833,14.997088,16.511826,-1.514739,-1.251998,-0.52548,18.35465,19.866875,12.820125,0.996177,64766810.2
US,PLTR,2022-01-26,-2.37366,13.472,14.563,16.0525,19.471,14.651382,16.233172,-1.581791,-1.317957,-0.527668,17.391294,19.749341,12.355659,1.00645,69153639.2
US,PLTR,2022-01-27,-3.686275,13.004,14.119,15.758,19.233,14.286554,15.940345,-1.653791,-1.385124,-0.537335,16.018563,19.665596,11.850404,0.995989,70740133.6
US,PLTR,2022-01-28,3.501629,12.84,13.789,15.459,19.012833,14.044007,15.70106,-1.657053,-1.439509,-0.435087,22.078472,19.338489,11.579511,0.995562,67111380.8
US,PLTR,2022-01-31,7.867821,12.902,13.559,15.234,18.806,13.992621,15.553574,-1.560953,-1.463798,-0.194309,34.004907,18.968453,11.499547,0.998022,55191198.4
US,PLTR,2022-02-01,3.574034,13.13,13.482,15.0175,18.6015,14.024526,15.453309,-1.428783,-1.456795,0.056023,38.936799,18.452577,11.582423,0.984591,59502462.8
US,PLTR,2022-02-02,-6.197183,13.244,13.358,14.775,18.390167,13.916137,15.295286,-1.379149,-1.441266,0.124234,34.019753,17.961405,11.588595,0.986406,54949183.0
US,PLTR,2022-02-03,-6.531532,13.278,13.141,14.5495,18.151833,13.690578,15.084524,-1.393947,-1.431802,0.075711,29.987845,17.723781,11.375219,0.980234,53858877.4
US,PLTR,2022-02-04,3.935743,13.324,13.082,14.3595,17.963333,13.575104,14.925671,-1.350567,-1.415555,0.129977,34.683174,17.4401,11.2789,0.968789,50671684.4
US,PLTR,2022-02-07,0.309119,13.178,13.04,14.1805,17.804333,13.48355,14.781547,-1.297997,-1.392043,0.188092,35.06601,17.142611,11.218389,0.946733,49593048.6
US,PLTR,2022-02-08,1.309707,12.968,13.049,14.013,17.640333,13.432234,14.660692,-1.228457,-1.359326,0.261738,36.762444,16.805534,11.220466,0.919823,41803481.2
US,PLTR,2022-02-09,5.475285,13.078,13.161,13.862,17.491,13.499583,14.602122,-1.102539,-1.307969,0.41086,43.495553,16.322834,11.401166,0.906979,39257203.2
US,PLTR,2022-02-10,-2.23504,13.3,13.289,13.704,17.326833,13.508878,14.524928,-1.01605,-1.249585,0.46707,41.449245,15.787376,11.620624,0.899337,38222584.8
US,PLTR,2022-02-11,-3.171091,13.338,13.331,13.56,17.160167,13.450589,14.4216,-0.971011,-1.19387,0.445719,38.72756,15.365514,11.754486,0.902956,38798583.4
US,PLTR,2022-02-14,0.990099,13.394,13.286,13.4225,17.006333,13.421268,14.335555,-0.914288,-1.137954,0.447332,40.010065,14.837334,12.007666,0.897031,37792938.6
US,PLTR,2022-02-15,6.862745,13.598,13.283,13.3825,16.884167,13.536457,14.323292,-0.786835,-1.06773,0.56179,48.185779,14.658492,12.106508,0.899386,41484652.6
US,PLTR,2022-02-16,-1.411433,13.618,13.348,13.353,16.760167,13.603156,14.297122,-0.693966,-0.992977,0.598022,46.680033,14.543128,12.162872,0.878001,46319158.0
US,PLTR,2022-02-17,-15.748031,13.26,13.28,13.2105,16.612167,13.321132,14.109928,-0.788796,-0.952141,0.32669,34.068599,14.441475,11.979525,0.977429,68196589.2
US,PLTR,2022-02-18,-6.372133,12.838,13.088,13.085,16.452667,12.967112,13.881044,-0.913933,-0.944499,0.061133,30.994349,14.63146,11.53854,1.01047,87391901.4
US,PLTR,2022-02-22,-4.900181,12.282,12.838,12.939,16.2755,12.584479,13.629115,-1.044636,-0.964527,-0.160219,28.967536,14.847831,11.030169,1.001865,100168630.4
US,PLTR,2022-02-23,-0.477099,11.534,12.566,12.8075,16.098833,12.253021,13.392144,-1.139123,-0.999446,-0.279354,28.779873,15.005352,10.609648,0.991732,109237685.2
US,PLTR,2022-02-24,13.422819,11.106,12.362,12.7615,15.944833,12.187941,13.276429,-1.088489,-1.017254,-0.142468,40.418986,15.000368,10.522632,1.073037,121271404.8
US,PLTR,2022-02-25,-3.043111,11.046,12.153,12.721,15.791833,12.077488,13.14262,-1.065131,-1.02683,-0.076603,38.668982,15.021695,10.420305,1.059963,106081067.2
US,PLTR,2022-02-28,3.31299,11.212,12.025,12.678,15.666333,12.04249,13.04687,-1.00438,-1.02234,0.03592,41.545944,15.009846,10.346154,1.04068,93597537.0
US,PLTR,2022-03-01,2.78481,11.552,11.917,12.6015,15.541167,12.063645,12.982658,-0.919012,-1.001674,0.165324,44.002559,14.892939,10.310061,1.024203,85670222.6
US,PLTR,2022-03-02,-0.985222,11.878,11.706,12.4945,15.425833,12.063085,12.914313,-0.851228,-0.971585,0.240714,43.290095,14.674523,10.314477,1.007474,78236088.0
US,PLTR,2022-03-03,-5.970149,11.78,11.443,12.3955,15.3015,11.951841,12.797697,-0.845856,-0.946439,0.201167,39.18998,14.596313,10.194687,0.994083,63711873.0
US,PLTR,2022-03-04,-3.35097,11.678,11.362,12.321,15.159833,11.79925,12.661571,-0.862321,-0.929616,0.134589,37.18806,14.608557,10.033443,0.996648,57351358.6
US,PLTR,2022-03-07,1.368613,11.53,11.371,12.2295,15.014667,11.693211,12.54664,-0.853428,-0.914378,0.121899,38.523045,14.556751,9.902249,0.981888,54887379.0
US,PLTR,2022-03-08,-0.630063,11.302,11.427,12.1325,14.8785,11.592717,12.435037,-0.84232,-0.899966,0.115294,38.115916,14.488088,9.776912,0.95961,51770307.2
US,PLTR,2022-03-09,5.525362,11.22,11.549,12.0575,14.757,11.60153,12.376886,-0.775356,-0.875044,0.199377,43.699817,14.373919,9.741081,0.961066,49148925.0
US,PLTR,2022-03-10,1.888412,11.326,11.553,11.9575,14.648167,11.642833,12.339339,-0.696506,-0.839337,0.285662,45.606096,14.119859,9.795141,0.938847,50373608.6
US,PLTR,2022-03-11,-4.043808,11.412,11.545,11.849,14.527333,11.603936,12.269018,-0.665082,-0.804486,0.278808,42.245184,13.893386,9.804614,0.917501,49210855.2
US,PLTR,2022-03-14,-7.813872,11.29,11.41,11.7175,14.388,11.434099,12.137979,-0.70388,-0.784364,0.16097,36.826127,13.753701,9.681299,0.923394,46549249.2
US,PLTR,2022-03-15,2.571429,11.236,11.269,11.593,14.261833,11.33193,12.036647,-0.704717,-0.768435,0.127436,39.367174,13.539228,9.646772,0.898866,44783571.4
US,PLTR,2022-03-16,9.470752,11.264,11.242,11.474,14.140667,11.402403,12.018377,-0.615975,-0.737943,0.243937,47.893945,13.026655,9.921345,0.909661,48614620.4
US,PLTR,2022-03-17,4.495335,11.354,11.34,11.3915,14.046667,11.543571,12.04072,-0.497148,-0.689784,0.385271,51.695203,12.523159,10.259841,0.8954,46945314.6
US,PLTR,2022-03-18,4.058442,11.64,11.526,11.444,13.945333,11.739945,12.098444,-0.358499,-0.623527,0.530056,55.028367,12.728171,10.159829,0.888585,50646934.6
US,PLTR,2022-03-21,-1.794072,12.058,11.674,11.5225,13.8405,11.870723,12.134856,-0.264133,-0.551648,0.57503,53.209512,12.883072,10.161928,0.870115,48576595.2
US,PLTR,2022-03-22,5.401112,12.558,11.897,11.662,13.746167,12.085996,12.21894,-0.132944,-0.467907,0.669926,57.664829,13.133973,10.190027,0.876535,49728491.4
US,PLTR,2022-03-23,-0.678222,12.836,12.05,11.7995,13.650167,12.254304,12.29013,-0.035826,-0.381491,0.691331,56.89269,13.29896,10.30004,0.851783,43919039.4
US,PLTR,2022-03-24,1.593323,13.05,12.202,11.8775,13.563833,12.429027,12.371602,0.057425,-0.293708,0.702266,58.295907,13.529709,10.225291,0.833084,41036318.2
US,PLTR,2022-03-25,-3.136669,13.08,12.36,11.9525,13.477167,12.512253,12.415928,0.096326,-0.215701,0.624054,54.476484,13.659191,10.245809,0.822864,34730609.6
US,PLTR,2022-03-28,3.469545,13.246,12.652,12.031,13.389333,12.651907,12.490303,0.161603,-0.14024,0.603687,57.676069,13.852196,10.209804,0.805516,32278835.2
US,PLTR,2022-03-29,5.812221,13.432,12.995,12.132,13.3225,12.890075,12.616948,0.273127,-0.057567,0.661388,62.584834,14.184419,10.079581,0.814408,32323448.2
US,PLTR,2022-03-30,-2.253521,13.572,13.204,12.223,13.245,13.042371,12.710507,0.331864,0.020319,0.623089,59.534182,14.411462,10.034538,0.800522,32016376.2
US,PLTR,2022-03-31,-1.080692,13.64,13.345,12.3425,13.171,13.14816,12.786025,0.362135,0.088683,0.546905,58.104436,14.585381,10.099619,0.774056,30677316.6
US,PLTR,2022-04-01,0.728332,13.812,13.446,12.486,13.118833,13.253059,12.863357,0.389702,0.148887,0.481631,58.814552,14.723949,10.248051,0.75948,30484252.2
US,PLTR,2022-04-04,5.784526,14.054,13.65,12.662,13.083667,13.464896,12.994219,0.470677,0.213245,0.514864,64.062444,14.991202,10.332798,0.764518,33078812.2
US,PLTR,2022-04-05,-5.0581,13.992,13.712,12.8045,13.039167,13.530296,13.060573,0.469723,0.26454,0.410366,56.846824,15.067104,10.541896,0.785623,31327530.0
US,PLTR,2022-04-06,-6.407487,13.816,13.694,12.872,12.980833,13.448712,13.056086,0.392626,0.290157,0.204937,49.6095,15.072505,10.671495,0.803793,33024268.6
US,PLTR,2022-04-07,-1.230769,13.638,13.639,12.9205,12.913333,13.355064,13.04008,0.314984,0.295123,0.039723,48.416126,15.072759,10.768241,0.807808,35401758.8
US,PLTR,2022-04-08,-1.090343,13.412,13.612,12.986,12.846333,13.254285,13.014889,0.239396,0.283978,-0.089162,47.342977,15.0247,10.9473,0.784393,35627937.8
US,PLTR,2022-04-11,-0.314961,13.018,13.536,13.094,12.7905,13.162857,12.988601,0.174256,0.262033,-0.175555,47.022283,14.795428,11.392572,0.777651,32822147.4
US,PLTR,2022-04-12,-1.579779,12.732,13.362,13.1785,12.731333,13.054725,12.949445,0.10528,0.230683,-0.250806,45.367525,14.544696,11.812304,0.777104,30531990.6
US,PLTR,2022-04-13,3.5313,12.712,13.264,13.234,12.696833,13.030921,12.945782,0.085139,0.201574,-0.23287,49.571983,14.452235,12.015765,0.772311,26633029.6
US,PLTR,2022-04-14,-3.72093,12.628,13.133,13.239,12.661167,12.936933,12.906836,0.030098,0.167279,-0.274362,45.461645,14.442925,12.035075,0.753575,24344372.6
US,PLTR,2022-04-18,-2.173913,12.518,12.965,13.2055,12.62,12.815867,12.850774,-0.034907,0.126841,-0.323497,43.287393,14.488862,11.922138,0.738319,24430992.2
US,PLTR,2022-04-19,6.255144,12.568,12.793,13.2215,12.609667,12.830349,12.855161,-0.024812,0.096511,-0.242646,50.468346,14.481536,11.961464,0.753439,25562606.6
US,PLTR,2022-04-20,-0.929512,12.634,12.683,13.1975,12.5995,12.824141,12.850334,-0.026193,0.07197,-0.196326,49.404638,14.471138,11.923862,0.730337,26623022.4
US,PLTR,2022-04-21,-3.59656,12.52,12.616,13.155,12.587333,12.748119,12.811791,-0.063671,0.044842,-0.217026,45.450068,14.483676,11.826324,0.756741,28794236.4
US,PLTR,2022-04-22,-3.000811,12.428,12.528,13.0835,12.574167,12.62687,12.748695,-0.121825,0.011508,-0.266667,42.503066,14.504588,11.662412,0.764831,30208987.4
US,PLTR,2022-04-25,1.254181,12.42,12.469,13.0405,12.571333,12.547352,12.701384,-0.154033,-0.0216,-0.264866,44.085922,14.523422,11.557578,0.744486,31475382.2
US,PLTR,2022-04-26,-8.175062,12.062,12.315,12.9255,12.544833,12.327759,12.584245,-0.256486,-0.068577,-0.375817,36.871299,14.61518,11.23582,0.763451,32857898.6
US,PLTR,2022-04-27,-5.035971,11.616,12.125,12.7435,12.492333,12.055796,12.434301,-0.378505,-0.130563,-0.495884,33.528815,14.618806,10.868194,0.756776,37453874.2
US,PLTR,2022-04-28,3.693182,11.34,11.93,12.597,12.438167,11.885674,12.324353,-0.438679,-0.192186,-0.492986,37.760454,14.550439,10.643561,0.751292,39066145.6
US,PLTR,2022-04-29,-5.022831,11.028,11.728,12.4305,12.3895,11.657109,12.181808,-0.524699,-0.258689,-0.532022,34.431457,14.531371,10.329629,0.759771,39182069.0
US,PLTR,2022-05-02,3.269231,10.754,11.587,12.276,12.361,11.516015,12.075007,-0.558992,-0.318749,-0.480486,38.066446,14.396853,10.155147,0.74693,41075323.8
US,PLTR,2022-05-03,-1.769088,10.64,11.351,12.072,12.321167,11.367397,11.962044,-0.594647,-0.373929,-0.441436,36.837434,14.026253,10.117747,0.73215,39616562.2
US,PLTR,2022-05-04,4.075829,10.724,11.17,11.9265,12.287833,11.307798,11.8893,-0.581502,-0.415443,-0.332117,41.445058,13.74636,10.10664,0.746282,37356234.2
US,PLTR,2022-05-05,-7.832423,10.558,10.949,11.7825,12.237333,11.12506,11.758241,-0.633181,-0.458991,-0.34838,35.817419,13.6933,9.8717,0.764405,37446901.2
US,PLTR,2022-05-06,-6.324111,10.374,10.701,11.6145,12.164167,10.871973,11.589482,-0.717509,-0.510695,-0.413628,32.302204,13.706126,9.522874,0.759804,45197662.8
US,PLTR,2022-05-09,-21.308017,9.718,10.236,11.3525,12.0625,10.347054,11.283595,-0.93654,-0.595864,-0.681353,24.221981,14.057428,8.647572,0.859818,71133239.8
US,PLTR,2022-05-10,-2.27882,9.066,9.853,11.084,11.965167,9.876738,10.987773,-1.111034,-0.698898,-0.824273,23.685015,14.244243,7.923757,0.853403,82245182.2
US,PLTR,2022-05-11,-7.956104,8.212,9.468,10.7965,11.856,9.389548,10.670901,-1.281353,-0.815389,-0.931928,21.901127,14.416474,7.176526,0.855302,88182788.8
US,PLTR,2022-05-12,9.388972,7.656,9.107,10.5185,11.742167,9.074233,10.424167,-1.349934,-0.922298,-0.855273,28.224749,14.299983,6.737017,0.861352,96507527.0
US,PLTR,2022-05-13,13.623978,7.428,8.901,10.3145,11.648333,8.961274,10.269785,-1.308511,-0.99954,-0.61794,36.951279,14.103851,6.525149,0.87197,96417807.0
US,PLTR,2022-05-16,-3.597122,7.544,8.631,10.109,11.586167,8.819539,10.104615,-1.285076,-1.056648,-0.456857,35.554686,13.923593,6.294407,0.839686,71474093.2
US,PLTR,2022-05-17,3.9801,7.758,8.412,9.8815,11.541833,8.748841,9.975385,-1.226543,-1.090627,-0.271833,38.236245,13.540294,6.222706,0.811852,61811779.8
US,PLTR,2022-05-18,-4.186603,8.018,8.115,9.6425,11.500667,8.635173,9.8298,-1.194627,-1.111427,-0.166401,36.449783,13.130611,6.154389,0.790291,53093718.0
US,PLTR,2022-05-19,3.745318,8.212,7.934,9.4415,11.465333,8.585147,9.717223,-1.132076,-1.115557,-0.033039,39.077242,12.745421,6.137579,0.778841,43820424.6
US,PLTR,2022-05-20,-2.76775,8.16,7.794,9.2475,11.402833,8.507432,9.595947,-1.088515,-1.110148,0.043266,37.787341,12.38876,6.10624,0.772496,38147705.0
US,PLTR,2022-05-23,-0.866337,8.154,7.849,9.0425,11.345167,8.430904,9.478469,-1.047566,-1.097632,0.100132,37.382895,11.935062,6.149938,0.743746,34468107.4
US,PLTR,2022-05-24,-5.742821,7.992,7.875,8.864,11.2735,8.29538,9.33562,-1.04024,-1.086153,0.091827,34.750678,11.660744,6.067256,0.736336,36187673.8
US,PLTR,2022-05-25,5.430464,7.982,8.0,8.734,11.203167,8.243783,9.233722,-0.989939,-1.06691,0.153943,38.881462,11.443675,6.024325,0.720169,37340550.0
US,PLTR,2022-05-26,5.025126,7.992,8.102,8.6045,11.1415,8.261663,9.169002,-0.907339,-1.034996,0.255314,42.693203,11.11868,6.09032,0.713728,38132160.4
US,PLTR,2022-05-27,5.861244,8.146,8.153,8.527,11.1,8.352176,9.145372,-0.793196,-0.986636,0.38688,47.049721,10.906992,6.147008,0.697748,37369259.8
US,PLTR,2022-05-31,-1.920904,8.28,8.217,8.424,11.062,8.402611,9.1109,-0.70829,-0.930967,0.445355,45.750256,10.579722,6.268278,0.68648,40152678.8
US,PLTR,2022-06-01,-2.534562,8.462,8.227,8.3195,11.017833,8.41144,9.062685,-0.651246,-0.875023,0.447554,44.054528,10.242971,6.396029,0.680303,37596561.4
US,PLTR,2022-06-02,9.929078,8.73,8.356,8.2355,10.988833,8.548141,9.080264,-0.532123,-0.806443,0.54864,51.453361,9.800153,6.670847,0.698138,38878753.6
US,PLTR,2022-06-03,-3.870968,8.846,8.419,8.1765,10.943667,8.608427,9.069874,-0.461447,-0.737444,0.551993,48.493382,9.526763,6.826237,0.6797,38257438.0
US,PLTR,2022-06-06,0.447427,8.872,8.509,8.1515,10.8955,8.665592,9.063217,-0.397625,-0.66948,0.54371,48.84551,9.420362,6.882638,0.661864,37864740.2
US,PLTR,2022-06-07,1.670379,8.962,8.621,8.235,10.857833,8.73704,9.068164,-0.331124,-0.601809,0.541369,50.219899,9.530369,6.939631,0.643874,35140172.0
US,PLTR,2022-06-08,0.547645,9.106,8.784,8.3295,10.835833,8.805187,9.076448,-0.271261,-0.535699,0.528877,50.695427,9.611007,7.047993,0.621454,34063820.8
US,PLTR,2022-06-09,-5.446623,8.982,8.856,8.428,10.801,8.785928,9.047081,-0.261154,-0.48079,0.439273,45.966656,9.478459,7.377541,0.613493,31885484.4
US,PLTR,2022-06-10,-4.83871,8.846,8.846,8.474,10.742167,8.705016,8.988779,-0.283763,-0.441385,0.315243,42.389775,9.40346,7.54454,0.608244,30617663.2
US,PLTR,2022-06-13,-7.506053,8.578,8.725,8.439,10.664167,8.541167,8.88887,-0.347702,-0.422648,0.149892,37.723209,9.436254,7.441746,0.619083,31786034.8
US,PLTR,2022-06-14,2.356021,8.316,8.639,8.428,10.580833,8.430218,8.809694,-0.379476,-0.414014,0.069076,39.795408,9.447227,7.408773,0.60272,32288976.0
US,PLTR,2022-06-15,3.836317,8.104,8.605,8.416,10.506333,8.382493,8.758606,-0.376113,-0.406434,0.060641,43.188347,9.443763,7.388237,0.593955,34124774.6
US,PLTR,2022-06-16,-5.541872,7.902,8.442,8.399,10.413,8.272878,8.677968,-0.40509,-0.406165,0.00215,39.584643,9.463648,7.334352,0.590101,35365837.0
US,PLTR,2022-06-17,7.431551,7.898,8.372,8.3955,10.330667,8.26782,8.645526,-0.377706,-0.400473,0.045534,45.758559,9.461755,7.329245,0.595094,38410788.4
US,PLTR,2022-06-21,5.703883,8.112,8.345,8.427,10.252667,8.335848,8.650302,-0.314454,-0.383269,0.13763,50.271184,9.491333,7.362667,0.610444,39999721.0
US,PLTR,2022-06-22,3.444317,8.35,8.333,8.477,10.186667,8.439563,8.676946,-0.237383,-0.354092,0.233418,52.961243,9.552176,7.401824,0.626841,42584145.4
US,PLTR,2022-06-23,4.994451,8.618,8.361,8.5725,10.120667,8.596554,8.73495,-0.138396,-0.310953,0.345113,56.741339,9.640636,7.504364,0.629209,43860694.2
US,PLTR,2022-06-24,7.716702,9.122,8.512,8.684,10.053833,8.841699,8.842732,-0.001032,-0.248969,0.495873,62.066845,9.924732,7.443268,0.637123,50067195.6
US,PLTR,2022-06-27,-5.593719,9.398,8.648,8.747,9.982833,8.961438,8.900307,0.061131,-0.186949,0.496159,56.244419,10.042285,7.451715,0.640186,49917187.0
US,PLTR,2022-06-28,-3.222453,9.518,8.815,8.77,9.909167,9.015063,8.930655,0.084408,-0.132677,0.434171,53.315104,10.087923,7.452077,0.643744,49276291.4
US,PLTR,2022-06-29,-0.859291,9.562,8.956,8.7975,9.8325,9.04813,8.952828,0.095302,-0.087082,0.364767,52.554412,10.129639,7.465361,0.622762,48660772.4
US,PLTR,2022-06-30,-1.733478,9.484,9.051,8.828,9.739833,9.051495,8.961508,0.089987,-0.051668,0.28331,50.987527,10.155759,7.500241,0.614708,46464442.0
US,PLTR,2022-07-01,2.205072,9.3,9.211,8.8265,9.662833,9.085111,8.984359,0.100752,-0.021184,0.243872,52.878737,10.152189,7.500811,0.599371,39595710.6
US,PLTR,2022-07-05,8.629989,9.39,9.394,8.883,9.614,9.236632,9.064777,0.171855,0.017424,0.308863,59.594802,10.315258,7.450742,0.635131,41824728.4
US,PLTR,2022-07-06,-2.681231,9.488,9.503,8.924,9.563333,9.323304,9.119238,0.204066,0.054752,0.298628,56.659652,10.410922,7.437078,0.630478,43608965.0
US,PLTR,2022-07-07,3.877551,9.678,9.62,8.9765,9.521333,9.455104,9.197813,0.257291,0.09526,0.324061,59.670245,10.559829,7.393171,0.623301,42661733.6
US,PLTR,2022-07-08,-0.098232,9.898,9.691,9.026,9.479833,9.565088,9.269827,0.295261,0.13526,0.320001,59.553008,10.691454,7.360546,0.618066,43281868.6
US,PLTR,2022-07-11,-5.998033,9.956,9.628,9.07,9.4315,9.564305,9.291321,0.272984,0.162805,0.220358,52.745244,10.743045,7.396955,0.619632,43387470.6
US,PLTR,2022-07-12,-0.732218,9.84,9.615,9.1315,9.374667,9.552873,9.306038,0.246835,0.179611,0.134449,52.010486,10.771015,7.491985,0.624659,40758025.2
US,PLTR,2022-07-13,-2.212856,9.736,9.612,9.2135,9.322333,9.510893,9.304109,0.206784,0.185046,0.043476,49.77053,10.703671,7.723329,0.615754,36329418.2
US,PLTR,2022-07-14,-4.094828,9.48,9.579,9.2675,9.268167,9.416909,9.274175,0.142734,0.176583,-0.067698,45.916899,10.624053,7.910947,0.602486,34535330.0
US,PLTR,2022-07-15,1.573034,9.254,9.576,9.3135,9.203667,9.358923,9.256829,0.102094,0.161685,-0.119182,47.528835,10.569992,8.057008,0.593023,34171542.6
US,PLTR,2022-07-18,-0.110619,9.148,9.552,9.3815,9.141,9.30832,9.240027,0.068293,0.143007,-0.149428,47.420116,10.399405,8.363595,0.582093,33855134.0
US,PLTR,2022-07-19,3.433001,9.118,9.479,9.4365,9.091167,9.313194,9.247432,0.065761,0.127558,-0.123593,51.150509,10.31044,8.56256,0.5748,31108725.4
US,PLTR,2022-07-20,8.244111,9.284,9.51,9.5065,9.060333,9.435779,9.311326,0.124453,0.126937,-0.004968,58.94239,10.360509,8.652491,0.595172,32785497.0
US,PLTR,2022-07-21,3.758655,9.602,9.541,9.5805,9.033333,9.597967,9.398635,0.199332,0.141416,0.115832,62.150982,10.50331,8.65769,0.599088,37783321.6
US,PLTR,2022-07-22,-6.196378,9.762,9.508,9.5995,9.012,9.635203,9.431329,0.203874,0.153907,0.099933,54.329785,10.527239,8.671761,0.616296,38582794.0
US,PLTR,2022-07-25,-1.626016,9.892,9.52,9.574,8.997333,9.642095,9.449749,0.192346,0.161595,0.061501,52.575892,10.462626,8.685374,0.595846,36394118.4
US,PLTR,2022-07-26,-2.892562,9.904,9.511,9.563,8.9715,9.604849,9.446064,0.158785,0.161033,-0.004495,49.560632,10.454518,8.671482,0.574714,34986928.4
US,PLTR,2022-07-27,6.595745,9.886,9.585,9.5985,8.965167,9.668719,9.488578,0.180141,0.164855,0.030572,55.6288,10.503338,8.693662,0.578663,32780081.8
US,PLTR,2022-07-28,1.097804,9.814,9.708,9.6435,8.955,9.739685,9.53609,0.203595,0.172603,0.061984,56.625823,10.559999,8.727001,0.570187,27876415.0
US,PLTR,2022-07-29,2.171767,9.916,9.839,9.7075,8.951667,9.83358,9.59638,0.2372,0.185522,0.103355,58.628098,10.633586,8.781414,0.560174,26314637.4
US,PLTR,2022-08-01,1.15942,10.074,9.983,9.7675,8.943167,9.93149,9.661093,0.270398,0.202497,0.135801,59.720347,10.72731,8.80769,0.56159,28356588.4
US,PLTR,2022-08-02,4.297994,10.378,10.141,9.81,8.9565,10.083569,9.754345,0.329224,0.227843,0.202763,63.601135,10.887664,8.732336,0.590762,32148787.2
US,PLTR,2022-08-03,2.564103,10.614,10.25,9.88,8.985167,10.255328,9.861431,0.393897,0.261053,0.265687,65.808541,11.116188,8.643812,0.578565,33345894.4
US,PLTR,2022-08-04,1.071429,10.852,10.333,9.937,9.0495,10.419123,9.969473,0.44965,0.298773,0.301755,66.7395,11.319709,8.554291,0.564382,34329999.8
US,PLTR,2022-08-05,1.14841,11.072,10.494,10.001,9.118833,10.57772,10.079141,0.498578,0.338734,0.319689,67.763519,11.531515,8.470485,0.579069,38161647.8
US,PLTR,2022-08-08,-14.235808,10.942,10.508,10.014,9.170667,10.461147,10.059946,0.401202,0.351227,0.099948,47.864833,11.533689,8.494311,0.661992,56877230.0
US,PLTR,2022-08-09,-5.804481,10.608,10.493,10.002,9.2025,10.274817,9.99995,0.274867,0.335955,-0.122176,43.098716,11.541709,8.462291,0.672564,60443252.8
US,PLTR,2022-08-10,3.675676,10.286,10.45,10.0175,9.223333,10.169461,9.969583,0.199877,0.30874,-0.217725,46.51955,11.533889,8.501111,0.65381,62494940.8
US,PLTR,2022-08-11,-1.77268,9.906,10.379,10.0435,9.246333,10.054159,9.928873,0.125286,0.272049,-0.293527,45.060856,11.498962,8.588038,0.653538,65034437.2
US,PLTR,2022-08-12,5.201699,9.598,10.335,10.087,9.272167,10.031981,9.927475,0.104505,0.23854,-0.26807,49.933939,11.470099,8.703901,0.646142,61109105.0
US,PLTR,2022-08-15,0.0,9.616,10.279,10.131,9.303833,10.013214,9.926181,0.087034,0.208239,-0.242411,49.933939,11.430244,8.831756,0.624275,42707247.0
US,PLTR,2022-08-16,-1.715439,9.714,10.161,10.151,9.327667,9.971181,9.91239,0.058792,0.178349,-0.239115,48.213219,11.412696,8.889304,0.61897,39085709.6
US,PLTR,2022-08-17,-3.182752,9.682,9.984,10.117,9.350167,9.887923,9.876657,0.011266,0.144933,-0.267334,45.157313,11.41734,8.81666,0.604043,36661455.4
US,PLTR,2022-08-18,-2.969247,9.628,9.767,10.05,9.369167,9.774396,9.822831,-0.048434,0.106259,-0.309388,42.534905,11.403558,8.696442,0.585897,32976400.6
US,PLTR,2022-08-19,-6.994536,9.348,9.473,9.9835,9.385167,9.579874,9.725584,-0.14571,0.055865,-0.403151,37.215075,11.493444,8.473556,0.591905,34960800.4
US,PLTR,2022-08-22,-5.170388,8.98,9.298,9.903,9.387,9.347585,9.602948,-0.255363,-0.00638,-0.497965,34.061033,11.625755,8.180245,0.581768,35873102.6
US,PLTR,2022-08-23,-0.743494,8.634,9.174,9.8335,9.381167,9.141803,9.484952,-0.343149,-0.073734,-0.53883,33.642319,11.734724,7.932276,0.560214,32868563.0
US,PLTR,2022-08-24,1.123596,8.368,9.025,9.7375,9.368667,8.981526,9.382363,-0.400837,-0.139155,-0.523365,34.934393,11.780007,7.694993,0.547341,31397117.6
US,PLTR,2022-08-25,3.950617,8.222,8.925,9.652,9.364333,8.895137,9.311077,-0.41594,-0.194512,-0.442856,39.4489,11.763621,7.540379,0.535388,31251114.4
US,PLTR,2022-08-26,-5.700713,8.108,8.728,9.5315,9.355667,8.748193,9.209516,-0.461323,-0.247874,-0.426898,35.473022,11.742746,7.320254,0.532861,29969149.0
US,PLTR,2022-08-29,-1.63728,8.056,8.518,9.3985,9.330833,8.603856,9.105848,-0.501992,-0.298697,-0.406589,34.460043,11.686602,7.110398,0.511942,28117419.8
US,PLTR,2022-08-30,-0.256082,8.012,8.323,9.242,9.311667,8.478647,9.008377,-0.52973,-0.344904,-0.369653,34.297772,11.520575,6.963425,0.496803,28423551.8
US,PLTR,2022-08-31,-0.898588,7.936,8.152,9.068,9.290667,8.361932,8.912942,-0.55101,-0.386125,-0.32977,33.699633,11.251425,6.884575,0.482746,28846575.6
US,PLTR,2022-09-01,-2.979275,7.75,7.986,8.8765,9.263333,8.227789,8.807539,-0.57975,-0.42485,-0.3098,31.740924,10.902425,6.850575,0.483978,31535401.4
US,PLTR,2022-09-02,-1.201602,7.642,7.875,8.674,9.233667,8.100437,8.703277,-0.60284,-0.460448,-0.284784,30.982076,10.420933,6.927067,0.472266,29898338.6
US,PLTR,2022-09-06,-1.621622,7.536,7.796,8.547,9.210333,7.974216,8.597849,-0.623633,-0.493085,-0.261096,29.953798,10.311439,6.782561,0.459247,30270978.8
US,PLTR,2022-09-07,1.510989,7.456,7.734,8.454,9.195833,7.884336,8.508379,-0.624042,-0.519277,-0.209531,32.17598,10.256092,6.651908,0.4443,30899129.8
US,PLTR,2022-09-08,1.894452,7.418,7.677,8.351,9.194,7.829823,8.435906,-0.606083,-0.536638,-0.13889,35.002248,10.116717,6.585283,0.431136,30421543.6
US,PLTR,2022-09-09,3.452855,7.478,7.614,8.2695,9.1935,7.823696,8.388061,-0.564365,-0.542183,-0.044363,40.002512,9.979932,6.559068,0.421055,28177725.4
US,PLTR,2022-09-12,2.824134,7.6,7.621,8.1745,9.191667,7.852358,8.360057,-0.507698,-0.535286,0.055176,43.93291,9.712258,6.636742,0.408122,29093680.4
US,PLTR,2022-09-13,-6.616729,7.64,7.588,8.053,9.1885,7.795073,8.294867,-0.499795,-0.528188,0.056787,37.550847,9.394538,6.711462,0.418971,28961929.0
US,PLTR,2022-09-14,2.005348,7.688,7.572,7.9475,9.178333,7.769677,8.245618,-0.475941,-0.517739,0.083595,40.19863,9.052848,6.842152,0.410473,28780445.4
US,PLTR,2022-09-15,4.980341,7.784,7.601,7.8765,9.166667,7.80665,8.228165,-0.421515,-0.498494,0.153958,46.398848,8.749913,7.003087,0.427582,33859851.6
US,PLTR,2022-09-16,-2.871411,7.782,7.63,7.808,9.146167,7.80255,8.194967,-0.392418,-0.477279,0.169722,43.461664,8.457295,7.158705,0.423469,36715197.0
US,PLTR,2022-09-19,1.028278,7.752,7.676,7.7755,9.1195,7.811388,8.170155,-0.358767,-0.453576,0.189619,44.771256,8.340601,7.210399,0.413221,36453987.8
US,PLTR,2022-09-20,-3.053435,7.78,7.71,7.753,9.076667,7.781944,8.129403,-0.347459,-0.432353,0.169788,41.654113,8.305091,7.200909,0.406563,36569781.0
US,PLTR,2022-09-21,0.918635,7.792,7.74,7.737,9.0445,7.767799,8.096854,-0.329056,-0.411693,0.165275,42.902772,8.276781,7.197219,0.409665,38048175.0
US,PLTR,2022-09-22,-4.161248,7.664,7.724,7.7005,9.012167,7.706599,8.043013,-0.336414,-0.396638,0.120446,38.813439,8.235868,7.165132,0.416118,37535707.4
US,PLTR,2022-09-23,0.407056,7.588,7.685,7.6495,8.981667,7.65943,7.995383,-0.335953,-0.384501,0.097096,39.396642,8.086237,7.212763,0.407109,35947703.8
US,PLTR,2022-09-26,1.756757,7.522,7.637,7.629,8.956,7.639518,7.96091,-0.321392,-0.371879,0.100973,41.977516,8.047373,7.210627,0.412316,39185907.6
US,PLTR,2022-09-27,1.328021,7.524,7.652,7.62,8.928667,7.638053,7.936398,-0.298345,-0.357172,0.117655,43.954716,8.030073,7.209927,0.410008,39474917.0
US,PLTR,2022-09-28,4.06291,7.574,7.683,7.6275,8.893167,7.684507,7.936665,-0.252158,-0.336169,0.168022,49.679339,8.054858,7.200142,0.407864,38503204.4
US,PLTR,2022-09-29,1.763224,7.716,7.69,7.6455,8.8645,7.745352,7.947282,-0.201931,-0.309322,0.214782,52.060832,8.115158,7.175842,0.418017,40257278.4
US,PLTR,2022-09-30,0.618812,7.862,7.725,7.6775,8.830333,7.804528,7.960817,-0.156289,-0.278715,0.244853,52.917843,8.186022,7.168978,0.426015,42908773.2
US,PLTR,2022-10-03,1.353014,8.004,7.763,7.7195,8.798167,7.871524,7.981497,-0.109973,-0.244967,0.269987,54.830969,8.266692,7.172308,0.419157,40927611.2
US,PLTR,2022-10-04,2.669903,8.17,7.847,7.7785,8.779833,7.962059,8.016942,-0.054883,-0.20695,0.304134,58.465982,8.375602,7.181398,0.415646,41831344.8
US,PLTR,2022-10-05,-0.472813,8.266,7.92,7.83,8.762,8.032511,8.046798,-0.014287,-0.168417,0.308261,57.558996,8.460904,7.199096,0.415957,42998199.2
US,PLTR,2022-10-06,0.593824,8.344,8.03,7.877,8.7485,8.099817,8.078146,0.021671,-0.1304,0.304141,58.42716,8.550145,7.203855,0.406246,36947156.0
US,PLTR,2022-10-07,-3.77804,8.348,8.105,7.895,8.736,8.107538,8.083469,0.024069,-0.099506,0.24715,51.207538,8.57707,7.21293,0.402943,33366293.4
US,PLTR,2022-10-10,-1.104294,8.312,8.158,7.8975,8.719667,8.100224,8.08173,0.018494,-0.075906,0.1888,49.36017,8.581602,7.213398,0.395589,31646164.4
US,PLTR,2022-10-11,-0.248139,8.228,8.199,7.9255,8.703167,8.090959,8.078639,0.01232,-0.058261,0.141161,48.937662,8.584332,7.266668,0.41019,32538647.4
US,PLTR,2022-10-12,0.373134,8.158,8.212,7.9475,8.682,8.087734,8.077999,0.009735,-0.044662,0.108794,49.634081,8.594675,7.300325,0.400891,31020916.4
US,PLTR,2022-10-13,0.123916,8.08,8.212,7.951,8.648167,8.086545,8.078147,0.008397,-0.03405,0.084894,49.879467,8.600243,7.301757,0.417256,32698398.6
US,PLTR,2022-10-14,-6.806931,7.956,8.152,7.9385,8.598833,8.000922,8.037544,-0.036622,-0.034564,-0.004115,38.708986,8.609686,7.267314,0.443166,34285257.8
US,PLTR,2022-10-17,5.444887,7.932,8.122,7.9425,8.567167,7.99155,8.030318,-0.038769,-0.035405,-0.006727,48.049042,8.61272,7.27228,0.449369,35250927.8
US,PLTR,2022-10-18,2.770781,7.956,8.092,7.9695,8.541833,8.017465,8.039925,-0.022459,-0.032816,0.020713,52.253569,8.628999,7.310001,0.445128,34519848.0
US,PLTR,2022-10-19,-3.063725,7.924,8.041,7.9805,8.517,8.000932,8.0303,-0.029368,-0.032126,0.005516,47.544591,8.628218,7.332782,0.435476,33798331.4
US,PLTR,2022-10-20,1.643489,7.916,7.998,8.014,8.484,8.006942,8.031019,-0.024076,-0.030516,0.01288,50.064628,8.598137,7.429863,0.442228,31928063.4
US,PLTR,2022-10-21,3.109453,8.068,8.012,8.0585,8.453333,8.05049,8.050203,0.000287,-0.024356,0.049286,54.583327,8.581119,7.535881,0.447069,30572256.2
US,PLTR,2022-10-24,-0.241255,8.134,8.033,8.0955,8.418667,8.084261,8.066484,0.017777,-0.015929,0.067412,54.16108,8.565329,7.625671,0.435849,29834367.8
US,PLTR,2022-10-25,4.71584,8.234,8.095,8.147,8.3885,8.172836,8.110448,0.062388,-0.000266,0.125307,60.567059,8.627129,7.666871,0.432574,28610595.8
US,PLTR,2022-10-26,-1.039261,8.366,8.145,8.1785,8.349333,8.233938,8.144489,0.089449,0.017677,0.143544,58.534127,8.682257,7.674743,0.448819,30013185.8
US,PLTR,2022-10-27,0.350058,8.478,8.197,8.2045,8.306,8.290255,8.178231,0.112025,0.036547,0.150956,59.0278,8.738034,7.670966,0.439618,30463451.0
US,PLTR,2022-10-28,0.465116,8.548,8.308,8.23,8.261333,8.344062,8.212436,0.131626,0.055563,0.152128,59.716451,8.794695,7.665305,0.428931,28461775.4
US,PLTR,2022-10-31,1.736111,8.652,8.393,8.2575,8.217,8.412668,8.255218,0.15745,0.07594,0.163019,62.276996,8.872768,7.642232,0.426864,29124549.0
US,PLTR,2022-11-01,-1.592719,8.65,8.442,8.267,8.1975,8.449181,8.284461,0.164719,0.093696,0.142047,58.537118,8.900091,7.633909,0.432088,28884245.6
US,PLTR,2022-11-02,-4.971098,8.58,8.473,8.257,8.180333,8.413922,8.279686,0.134236,0.101804,0.064864,48.836499,8.886416,7.627584,0.441225,29371380.4
US,PLTR,2022-11-03,-1.703163,8.476,8.477,8.2375,8.155167,8.362549,8.264895,0.097655,0.100974,-0.006639,46.154688,8.863467,7.611533,0.440423,30867121.8
US,PLTR,2022-11-04,-1.856436,8.334,8.441,8.2265,8.130333,8.296003,8.240088,0.055916,0.091962,-0.072093,43.404477,8.865821,7.587179,0.44825,39595434.4
US,PLTR,2022-11-07,-11.47541,7.98,8.316,8.1745,8.082167,8.099695,8.149711,-0.050016,0.063567,-0.227165,31.241962,9.00124,7.34776,0.490518,53186779.6
US,PLTR,2022-11-08,2.706553,7.692,8.171,8.133,8.037167,7.962819,8.080103,-0.117284,0.027397,-0.289361,35.31739,9.059846,7.206154,0.491909,58497569.8
US,PLTR,2022-11-09,-3.190014,7.444,8.012,8.0785,7.991167,7.811616,7.998614,-0.186998,-0.015482,-0.343031,32.78417,9.133133,7.023867,0.475344,59789974.4
US,PLTR,2022-11-10,9.455587,7.356,7.916,8.0565,7.961333,7.785214,7.97205,-0.186836,-0.049753,-0.274166,44.97987,9.128307,6.984693,0.512106,64222020.2
US,PLTR,2022-11-11,10.078534,7.452,7.893,8.1005,7.949,7.881335,8.00449,-0.123156,-0.064434,-0.117445,55.194027,9.15434,7.04666,0.549812,62419062.0
US,PLTR,2022-11-14,-3.686088,7.668,7.824,8.1085,7.942167,7.914975,8.011565,-0.09659,-0.070865,-0.05145,51.082451,9.159771,7.057229,0.543397,50015143.8
US,PLTR,2022-11-15,2.962963,7.894,7.793,8.1175,7.946667,7.980364,8.035894,-0.05553,-0.067798,0.024536,53.94298,9.173452,7.061548,0.531012,45635184.4
US,PLTR,2022-11-16,-3.357314,8.11,7.777,8.125,7.9475,7.992616,8.037679,-0.045064,-0.063251,0.036374,50.251012,9.177074,7.072926,0.517368,42804818.4
US,PLTR,2022-11-17,-5.459057,8.106,7.731,8.104,7.9395,7.93529,8.00674,-0.07145,-0.064891,-0.013118,45.034851,9.178549,7.029451,0.51827,37838154.0
US,PLTR,2022-11-18,-3.018373,7.902,7.677,8.059,7.922333,7.851399,7.961056,-0.109656,-0.073844,-0.071625,42.548565,9.173269,6.944731,0.515537,32222375.2
US,PLTR,2022-11-21,-2.70636,7.72,7.694,8.005,7.909833,7.749646,7.90394,-0.154295,-0.089934,-0.128722,40.456948,9.17635,6.83365,0.50157,32080854.2
US,PLTR,2022-11-22,0.417246,7.496,7.695,7.933,7.9,7.668162,7.853278,-0.185117,-0.108971,-0.152292,40.926052,9.111458,6.754542,0.485029,30655586.8
US,PLTR,2022-11-23,2.077562,7.358,7.734,7.873,7.893,7.622291,7.81748,-0.195189,-0.126214,-0.13795,43.330112,9.037733,6.708267,0.471813,29821599.6
US,PLTR,2022-11-25,-1.221167,7.29,7.698,7.807,7.885667,7.569631,7.777667,-0.208036,-0.142579,-0.130915,42.219909,8.948842,6.665158,0.450969,25237193.4
US,PLTR,2022-11-28,-1.648352,7.244,7.573,7.733,7.880167,7.50661,7.731913,-0.225303,-0.159124,-0.132359,40.721734,8.84063,6.62537,0.436614,23681555.2
US,PLTR,2022-11-29,-1.117318,7.222,7.471,7.6475,7.874833,7.440978,7.683624,-0.242645,-0.175828,-0.133635,39.710064,8.676789,6.618211,0.423284,20790579.6
US,PLTR,2022-11-30,5.932203,7.278,7.387,7.59,7.8785,7.450058,7.670022,-0.219963,-0.184655,-0.070617,47.135484,8.511716,6.668284,0.427336,21874168.4
US,PLTR,2022-12-01,4.8,7.376,7.367,7.572,7.886333,7.513126,7.684094,-0.170968,-0.181918,0.021899,52.532017,8.457135,6.686865,0.426097,23922471.4
US,PLTR,2022-12-02,-2.544529,7.452,7.371,7.551,7.8885,7.535722,7.68231,-0.146587,-0.174852,0.056529,49.508302,8.406357,6.695643,0.421376,25516393.0
US,PLTR,2022-12-05,-6.13577,7.458,7.351,7.514,7.8785,7.482534,7.645842,-0.163308,-0.172543,0.01847,43.213416,8.364586,6.663414,0.433421,28054613.8
US,PLTR,2022-12-06,-2.781641,7.44,7.331,7.5125,7.8615,7.40676,7.597261,-0.190502,-0.176135,-0.028734,40.834113,8.366663,6.658337,0.425319,30198073.8
US,PLTR,2022-12-07,1.144492,7.354,7.316,7.5055,7.854667,7.354951,7.558205,-0.203254,-0.181559,-0.043392,42.20489,8.371675,6.639325,0.420653,29319247.2
US,PLTR,2022-12-08,0.707214,7.206,7.291,7.5125,7.846167,7.318804,7.525745,-0.206941,-0.186635,-0.040612,43.092315,8.363708,6.661292,0.414178,27055910.0
US,PLTR,2022-12-09,-0.140449,7.096,7.274,7.486,7.831167,7.286681,7.494949,-0.208269,-0.190962,-0.034614,42.950271,8.352543,6.619457,0.396023,27970565.0
US,PLTR,2022-12-12,2.531646,7.116,7.287,7.43,7.823,7.287191,7.479768,-0.192577,-0.191285,-0.002584,46.376625,8.188472,6.671528,0.38345,26073413.2
US,PLTR,2022-12-13,2.880658,7.218,7.329,7.4,7.817,7.319931,7.481267,-0.161335,-0.185295,0.047919,50.139072,8.094896,6.705104,0.404632,27706566.4
US,PLTR,2022-12-14,-2.0,7.274,7.314,7.3505,7.8125,7.324557,7.471543,-0.146986,-0.177633,0.061294,47.571516,7.895348,6.805652,0.399301,26567002.6
US,PLTR,2022-12-15,-4.62585,7.252,7.229,7.298,7.801167,7.276164,7.437355,-0.161191,-0.174345,0.026307,42.285728,7.754447,6.841553,0.395065,27028893.6
US,PLTR,2022-12-16,-1.569187,7.21,7.153,7.262,7.793333,7.218292,7.397551,-0.179258,-0.175327,-0.007862,40.709716,7.724714,6.799286,0.389703,28886543.0
US,PLTR,2022-12-19,-7.971014,7.022,7.069,7.21,7.775833,7.084709,7.319954,-0.235245,-0.187311,-0.095869,33.90534,7.815277,6.604723,0.403296,32654387.0
US,PLTR,2022-12-20,-0.629921,6.784,7.001,7.166,7.7555,6.965523,7.245143,-0.27962,-0.205773,-0.147694,33.467221,7.887482,6.444518,0.398775,30490736.0
US,PLTR,2022-12-21,3.011094,6.614,6.944,7.13,7.736667,6.893904,7.189947,-0.296043,-0.223827,-0.144432,37.592371,7.90684,6.35316,0.404577,32841702.0
US,PLTR,2022-12-22,-2.769231,6.476,6.864,7.0775,7.709667,6.805611,7.125507,-0.319896,-0.243041,-0.15371,35.35587,7.921393,6.233607,0.398535,33371469.6
US,PLTR,2022-12-23,-0.474684,6.354,6.782,7.028,7.679833,6.726286,7.063617,-0.337331,-0.261899,-0.150865,34.982318,7.932535,6.123465,0.387926,30924155.4
US,PLTR,2022-12-27,-4.610493,6.284,6.653,6.97,7.644333,6.61455,6.984831,-0.370281,-0.283575,-0.173411,31.515898,7.97628,5.96372,0.386645,29536500.4
US,PLTR,2022-12-28,1.166667,6.236,6.51,6.9195,7.608167,6.530773,6.917066,-0.386292,-0.304119,-0.164348,33.235635,7.997451,5.841549,0.374742,29512742.6
US,PLTR,2022-12-29,5.436573,6.216,6.415,6.8645,7.573833,6.510654,6.878764,-0.36811,-0.316917,-0.102387,40.784909,7.930548,5.798452,0.380832,31169852.0
US,PLTR,2022-12-30,0.3125,6.236,6.356,6.7925,7.5405,6.496707,6.844782,-0.348074,-0.323148,-0.049852,41.218719,7.770782,5.814218,0.370058,31122835.0
US,PLTR,2023-01-03,-0.46729,6.256,6.305,6.729,7.505833,6.480291,6.811094,-0.330803,-0.324679,-0.012248,40.736629,7.636081,5.821919,0.36934,33033028.2
US,PLTR,2023-01-04,2.973396,6.372,6.328,6.6985,7.479667,6.495631,6.793976,-0.298345,-0.319413,0.042134,45.11493,7.582248,5.814752,0.365101,32450462.0
US,PLTR,2023-01-05,-3.951368,6.422,6.329,6.665,7.450667,6.468611,6.758867,-0.290256,-0.313581,0.04665,40.685357,7.552795,5.777205,0.362594,33268303.4
US,PLTR,2023-01-06,1.265823,6.422,6.319,6.6315,7.423333,6.458055,6.732284,-0.274229,-0.305711,0.062964,42.554318,7.506103,5.756897,0.362409,30848750.4
US,PLTR,2023-01-09,1.5625,6.438,6.337,6.6005,7.397167,6.464508,6.715078,-0.25057,-0.294683,0.088226,44.891805,7.447152,5.753848,0.355808,31488346.0
US,PLTR,2023-01-10,3.076923,6.5,6.378,6.58,7.374167,6.500738,6.713961,-0.213223,-0.278391,0.130335,49.332359,7.395598,5.764402,0.346822,31141672.0
US,PLTR,2023-01-11,4.179104,6.58,6.476,6.5645,7.365,6.57447,6.733668,-0.159197,-0.254552,0.19071,54.821062,7.336134,5.792866,0.342763,29996908.8
US,PLTR,2023-01-12,0.429799,6.718,6.57,6.54,7.3495,6.641475,6.754137,-0.112662,-0.226174,0.227025,55.378798,7.216521,5.863479,0.337566,29190203.8
US,PLTR,2023-01-13,-0.713267,6.83,6.626,6.5205,7.3295,6.690479,6.769386,-0.078907,-0.196721,0.235627,54.178328,7.120682,5.920318,0.32774,27267123.0
US,PLTR,2023-01-17,1.58046,6.944,6.691,6.5235,7.3155,6.748867,6.791654,-0.042787,-0.165934,0.246294,56.416714,7.133951,5.913049,0.33433,27243416.0
US,PLTR,2023-01-18,-2.404526,6.984,6.742,6.5235,7.2965,6.772118,6.799679,-0.027561,-0.138259,0.221396,52.174764,7.133951,5.913049,0.340449,28144786.4
US,PLTR,2023-01-19,-2.463768,6.934,6.757,6.5425,7.2705,6.765638,6.794518,-0.02888,-0.116383,0.175008,48.266464,7.153822,5.931178,0.33256,27925778.8
US,PLTR,2023-01-20,4.309064,6.936,6.827,6.578,7.249667,6.804771,6.81122,-0.006449,-0.094397,0.175894,54.524508,7.213188,5.942812,0.333091,27645630.8
US,PLTR,2023-01-23,5.128205,7.02,6.925,6.622,7.228333,6.893268,6.853352,0.039916,-0.067534,0.2149,60.85493,7.345287,5.898713,0.339299,29776089.2
US,PLTR,2023-01-24,-4.878049,7.01,6.977,6.657,7.2025,6.912765,6.865696,0.047069,-0.044614,0.183364,52.921324,7.386167,5.927833,0.42792,28116717.0
US,PLTR,2023-01-25,2.849003,7.074,7.029,6.7035,7.1795,6.960032,6.891941,0.068091,-0.022073,0.180327,56.327704,7.451491,5.955509,0.438783,28997620.0
US,PLTR,2023-01-26,0.277008,7.176,7.055,6.7655,7.156167,7.003104,6.917723,0.085381,-0.000582,0.171925,56.665371,7.474513,6.056487,0.436727,29630413.8
US,PLTR,2023-01-27,4.281768,7.282,7.109,6.8395,7.1355,7.087242,6.964558,0.122683,0.024071,0.197224,61.618917,7.551637,6.127363,0.447675,31391102.4
US,PLTR,2023-01-30,-2.384106,7.28,7.15,6.888,7.114167,7.130743,6.994591,0.136152,0.046487,0.179329,57.508299,7.605903,6.170097,0.433556,30778003.0
US,PLTR,2023-01-31,5.563094,7.432,7.221,6.956,7.106833,7.230629,7.05277,0.177859,0.072762,0.210195,63.483804,7.738442,6.173558,0.43473,34452114.4
US,PLTR,2023-02-01,5.398458,7.628,7.351,7.0465,7.108833,7.379763,7.13775,0.242013,0.106612,0.270802,68.388047,7.954735,6.138265,0.44225,37025673.4
US,PLTR,2023-02-02,9.634146,7.978,7.577,7.167,7.1265,7.627492,7.274953,0.352538,0.155797,0.393482,75.148815,8.383028,5.950972,0.482803,45802489.6
US,PLTR,2023-02-03,-6.451613,8.15,7.716,7.2715,7.149667,7.747877,7.359031,0.388847,0.202407,0.372879,64.279487,8.536637,6.006363,0.492603,51248547.8
US,PLTR,2023-02-06,-1.189061,8.338,7.809,7.367,7.168,7.834358,7.429473,0.404885,0.242903,0.323964,62.598361,8.642886,6.091114,0.478846,53304083.6
US,PLTR,2023-02-07,0.240674,8.448,7.94,7.4585,7.1905,7.91061,7.496179,0.414432,0.277208,0.274447,62.807866,8.735031,6.181969,0.469642,53547633.2
US,PLTR,2023-02-08,-1.320528,8.452,8.04,7.5345,7.200167,7.958209,7.549795,0.408414,0.303449,0.209929,60.790943,8.802309,6.266691,0.464668,50565582.0
US,PLTR,2023-02-09,-3.284672,8.244,8.111,7.583,7.1925,7.956946,7.57944,0.377506,0.318261,0.11849,56.034459,8.836381,6.329619,0.466477,42860973.2
US,PLTR,2023-02-10,-5.534591,8.064,8.107,7.608,7.182667,7.888185,7.574296,0.313889,0.317386,-0.006995,49.269037,8.834321,6.381679,0.468158,38512361.2
US,PLTR,2023-02-13,1.331558,7.924,8.131,7.6405,7.1705,7.845387,7.576941,0.268446,0.307598,-0.078304,50.725156,8.830315,6.450685,0.458289,48222679.4
US,PLTR,2023-02-14,21.156373,8.102,8.275,7.748,7.189833,8.056866,7.698649,0.358217,0.317722,0.08099,67.098821,9.090872,6.405128,0.546268,82978369.8
US,PLTR,2023-02-15,9.652928,8.48,8.466,7.9085,7.231333,8.372733,7.877268,0.495465,0.353271,0.284389,72.532443,9.543202,6.273798,0.587249,106460178.4
US,PLTR,2023-02-16,-3.956479,8.832,8.538,8.0575,7.27,8.578466,8.013026,0.565441,0.395705,0.339472,67.163761,9.77644,6.33856,0.596017,117495413.2
US,PLTR,2023-02-17,-5.252317,9.17,8.617,8.1665,7.3035,8.674087,8.10095,0.573137,0.431191,0.283892,60.967514,9.884933,6.448067,0.59773,121314492.4
US,PLTR,2023-02-21,-7.934783,9.342,8.633,8.221,7.324333,8.642689,8.128287,0.514402,0.447833,0.133138,53.376785,9.904994,6.537006,0.612178,116880402.2
US,PLTR,2023-02-22,-1.298701,9.17,8.636,8.288,7.340833,8.599198,8.145451,0.453748,0.449016,0.009463,52.319712,9.879623,6.696377,0.602023,84753554.0
US,PLTR,2023-02-23,-2.272727,8.782,8.631,8.3355,7.355667,8.533168,8.147269,0.385899,0.436393,-0.100988,50.460827,9.851712,6.819288,0.599735,66253756.6
US,PLTR,2023-02-24,-0.979192,8.458,8.645,8.378,7.371167,8.464988,8.143027,0.321961,0.413506,-0.183091,49.660769,9.81456,6.94144,0.580468,56848901.2
US,PLTR,2023-02-27,-0.741656,8.224,8.697,8.402,7.387,8.398067,8.134655,0.263412,0.383488,-0.240151,49.032855,9.797888,7.006112,0.558292,51475344.0
US,PLTR,2023-02-28,-2.366127,8.098,8.72,8.4255,7.392667,8.31221,8.112828,0.199382,0.346667,-0.294569,47.005979,9.76582,7.08518,0.539843,45017423.4
US,PLTR,2023-03-01,-1.913265,7.964,8.567,8.421,7.389833,8.216486,8.081508,0.134978,0.304329,-0.338702,45.410048,9.770532,7.071468,0.516997,39536046.8
US,PLTR,2023-03-02,3.641092,7.924,8.353,8.4095,7.395,8.178565,8.073248,0.105317,0.264526,-0.318419,48.897849,9.770242,7.048758,0.51364,34894125.6
US,PLTR,2023-03-03,4.516939,7.972,8.215,8.3765,7.414,8.201863,8.092267,0.109596,0.23354,-0.247889,53.051148,9.71109,7.04191,0.514808,35236234.4
US,PLTR,2023-03-06,-0.60024,8.022,8.123,8.37,7.4355,8.213884,8.106173,0.107711,0.208375,-0.201327,52.413981,9.70514,7.03486,0.495894,33845476.8
US,PLTR,2023-03-07,0.0,8.11,8.104,8.3685,7.455667,8.224055,8.119049,0.105007,0.187701,-0.165389,52.413981,9.703974,7.033026,0.477615,32621998.4
US,PLTR,2023-03-08,-1.811594,8.198,8.081,8.3585,7.4725,8.209585,8.11986,0.089725,0.168106,-0.156761,50.311573,9.697967,7.019033,0.480643,34778902.2
US,PLTR,2023-03-09,-5.412054,8.142,8.033,8.332,7.482167,8.129649,8.088019,0.041631,0.142811,-0.20236,44.653466,9.702001,6.961999,0.48774,33218898.6
US,PLTR,2023-03-10,-4.421326,7.946,7.959,8.302,7.483167,8.009703,8.03335,-0.023647,0.109519,-0.266333,40.832122,9.729229,6.874771,0.482187,32963794.0
US,PLTR,2023-03-13,7.07483,7.864,7.943,8.32,7.489333,7.98821,8.02125,-0.03304,0.081007,-0.228095,48.141641,9.71555,6.92445,0.516316,39937255.6
US,PLTR,2023-03-14,0.25413,7.786,7.948,8.334,7.498333,7.973101,8.011528,-0.038427,0.05712,-0.191095,48.405649,9.706201,6.961799,0.505151,41265353.0
US,PLTR,2023-03-15,0.126743,7.74,7.969,8.268,7.513167,7.961855,8.003267,-0.041412,0.037414,-0.157652,48.546696,9.589433,6.946567,0.489783,39164102.2
US,PLTR,2023-03-16,1.012658,7.798,7.97,8.1615,7.531167,7.964646,8.001543,-0.036897,0.022552,-0.118898,49.730668,9.180721,7.142279,0.470513,37463811.2
US,PLTR,2023-03-17,-1.253133,7.904,7.925,8.07,7.556667,7.951624,7.99254,-0.040916,0.009858,-0.101549,48.236503,8.805935,7.334065,0.450476,33077248.8
US,PLTR,2023-03-20,2.538071,7.946,7.905,8.014,7.586167,7.971374,7.999019,-0.027645,0.002358,-0.060004,51.382657,8.53716,7.49084,0.445442,25540019.4
US,PLTR,2023-03-21,4.579208,8.058,7.922,8.013,7.618667,8.045009,8.032425,0.012584,0.004403,0.016362,56.633912,8.532735,7.493265,0.444339,24268893.8
US,PLTR,2023-03-22,-2.840237,8.12,7.93,8.0055,7.650167,8.070392,8.045578,0.024814,0.008485,0.032657,52.660607,8.509066,7.501934,0.442601,25455612.4
US,PLTR,2023-03-23,1.461632,8.19,7.994,8.0135,7.684167,8.110332,8.066647,0.043685,0.015525,0.05632,54.383858,8.532124,7.494876,0.439558,25887167.4
US,PLTR,2023-03-24,-1.560624,8.254,8.079,8.019,7.720833,8.124127,8.076525,0.047602,0.02194,0.051323,52.168318,8.543057,7.494943,0.428875,25470978.4
US,PLTR,2023-03-27,-1.95122,8.246,8.096,8.0195,7.753667,8.111184,8.073819,0.037365,0.025025,0.024679,49.495692,8.543617,7.495383,0.425384,24504863.2
US,PLTR,2023-03-28,-0.497512,8.156,8.107,8.0275,7.780333,8.094079,8.068351,0.025728,0.025166,0.001124,48.82229,8.54526,7.50974,0.405714,22056065.0
US,PLTR,2023-03-29,2.75,8.158,8.139,8.054,7.810333,8.113451,8.079584,0.033867,0.026906,0.013922,52.638886,8.553896,7.554104,0.394591,18293805.2
US,PLTR,2023-03-30,-0.851582,8.122,8.156,8.063,7.839667,8.119074,8.0848,0.034274,0.02838,0.011789,51.327279,8.563004,7.562996,0.389978,17961685.4
US,PLTR,2023-03-31,3.680982,8.172,8.213,8.069,7.870833,8.169986,8.111852,0.058134,0.034331,0.047607,56.347407,8.584321,7.553679,0.390694,19608688.6
US,PLTR,2023-04-03,-0.828402,8.24,8.243,8.074,7.905167,8.202296,8.131715,0.070581,0.041581,0.058001,54.923925,8.599258,7.548742,0.385644,19977720.0
US,PLTR,2023-04-04,-0.357995,8.31,8.233,8.0775,7.937667,8.22502,8.147884,0.077135,0.048692,0.056888,54.290911,8.609097,7.545903,0.380241,21797867.6
US,PLTR,2023-04-05,-4.431138,8.262,8.21,8.07,7.962333,8.187324,8.135448,0.051876,0.049328,0.005095,47.083408,8.602654,7.537346,0.410938,29719307.8
US,PLTR,2023-04-06,1.378446,8.25,8.186,8.09,7.9855,8.172351,8.132082,0.040269,0.047517,-0.014494,49.240891,8.593309,7.586691,0.406585,30216693.4
US,PLTR,2023-04-10,3.708282,8.238,8.205,8.142,8.009,8.205836,8.151187,0.054649,0.048943,0.011412,54.669172,8.530567,7.753433,0.416115,30818671.0
US,PLTR,2023-04-11,2.622169,8.284,8.262,8.179,8.035667,8.268015,8.185173,0.082842,0.055723,0.054238,58.199507,8.596751,7.761249,0.418535,33439848.0
US,PLTR,2023-04-12,-3.252033,8.28,8.295,8.201,8.0585,8.277551,8.195901,0.08165,0.060908,0.041484,52.586255,8.601545,7.800455,0.422926,34401859.0
US,PLTR,2023-04-13,3.0012,8.4,8.331,8.235,8.083667,8.324082,8.224353,0.099729,0.068672,0.062113,56.610179,8.642946,7.827054,0.419145,29009134.4
US,PLTR,2023-04-14,2.680653,8.544,8.397,8.2765,8.1155,8.398838,8.267734,0.131104,0.081159,0.099891,59.975624,8.737641,7.815359,0.420635,32784328.2
US,PLTR,2023-04-17,-0.113507,8.626,8.432,8.3225,8.15,8.460555,8.307161,0.153394,0.095606,0.115577,59.758598,8.799527,7.845473,0.409161,32156884.6
US,PLTR,2023-04-18,-0.795455,8.65,8.467,8.355,8.1785,8.502008,8.338483,0.163526,0.10919,0.108672,58.171762,8.849752,7.860248,0.401364,29270364.2
US,PLTR,2023-04-19,-2.749141,8.682,8.481,8.357,8.197,8.500161,8.349706,0.150455,0.117443,0.066024,52.977531,8.853592,7.860408,0.390552,27154843.0
US,PLTR,2023-04-20,-4.004711,8.596,8.498,8.354,8.215833,8.44629,8.334913,0.111377,0.11623,-0.009705,46.625856,8.854815,7.853185,0.389084,26272800.2
US,PLTR,2023-04-21,0.368098,8.47,8.507,8.3465,8.231833,8.405322,8.323438,0.081884,0.109361,-0.054953,47.227078,8.852989,7.840011,0.370578,20779236.0
US,PLTR,2023-04-24,-0.977995,8.33,8.478,8.3415,8.246167,8.35835,8.306887,0.051463,0.097781,-0.092637,45.747214,8.855592,7.827408,0.366251,19657591.0
US,PLTR,2023-04-25,-4.444444,8.132,8.391,8.3265,8.249333,8.263219,8.264895,-0.001676,0.07789,-0.159132,39.716136,8.890034,7.762966,0.366519,19790359.4
US,PLTR,2023-04-26,0.0,7.982,8.332,8.3135,8.2555,8.182724,8.226014,-0.04329,0.053654,-0.193888,39.716136,8.917132,7.709868,0.35891,20430969.8
US,PLTR,2023-04-27,1.033592,7.916,8.256,8.2935,8.256167,8.12692,8.195939,-0.069019,0.029119,-0.196276,41.697103,8.933602,7.653398,0.346845,19993455.4
US,PLTR,2023-04-28,-0.895141,7.83,8.15,8.2735,8.248667,8.068932,8.162907,-0.093974,0.0045,-0.196949,40.444738,8.954008,7.592992,0.349213,21997207.4
US,PLTR,2023-05-01,0.387097,7.766,8.048,8.24,8.2285,8.024481,8.134543,-0.110062,-0.018412,-0.1833,41.259019,8.94787,7.53213,0.335698,21736181.8
US,PLTR,2023-05-02,-2.442159,7.736,7.934,8.2005,8.214833,7.957638,8.094207,-0.136569,-0.042043,-0.189051,37.739619,8.959064,7.441936,0.346005,24967953.4
US,PLTR,2023-05-03,-0.395257,7.7,7.841,8.161,8.202333,7.896463,8.054636,-0.158173,-0.065269,-0.185807,37.200052,8.965211,7.356789,0.337719,25553091.8
US,PLTR,2023-05-04,-2.380952,7.612,7.764,8.131,8.1865,7.817007,8.004663,-0.187656,-0.089747,-0.195818,34.054091,9.001974,7.260026,0.333597,27273866.2
US,PLTR,2023-05-05,0.406504,7.544,7.687,8.097,8.173,7.754391,7.960614,-0.206223,-0.113042,-0.186362,35.040117,9.023069,7.170931,0.326197,31460539.4
US,PLTR,2023-05-08,4.453441,7.536,7.651,8.0645,8.1695,7.752177,7.944272,-0.192095,-0.128853,-0.126485,44.814759,8.992777,7.136223,0.33504,48694510.2
US,PLTR,2023-05-09,23.385013,7.928,7.832,8.1115,8.2035,8.028765,8.063215,-0.03445,-0.109972,0.151044,70.782938,9.222667,7.000333,0.450394,85807576.4
US,PLTR,2023-05-10,4.08377,8.404,8.052,8.192,8.242333,8.322801,8.202236,0.120565,-0.063865,0.368859,73.659139,9.558713,6.825287,0.478223,110818085.0
US,PLTR,2023-05-11,-0.603622,8.904,8.258,8.257,8.253333,8.56237,8.326515,0.235855,-0.003921,0.479552,72.477038,9.80321,6.71079,0.476207,119571032.6
US,PLTR,2023-05-12,-3.846154,9.322,8.433,8.2915,8.243167,8.706621,8.41344,0.293181,0.0555,0.475363,65.326567,9.914414,6.668586,0.480764,122826053.8
US,PLTR,2023-05-15,0.210526,9.678,8.607,8.3275,8.24,8.831756,8.495407,0.336349,0.11167,0.449359,65.519381,10.024201,6.630799,0.487852,112476355.2
US,PLTR,2023-05-16,-0.52521,9.662,8.795,8.3645,8.2445,8.929947,8.567599,0.362348,0.161805,0.401086,64.552921,10.125744,6.603256,0.473006,76224081.8
US,PLTR,2023-05-17,8.236536,9.724,9.064,8.4525,8.274167,9.133032,8.692221,0.440811,0.217607,0.446409,71.592629,10.396433,6.508567,0.498505,59115993.0
US,PLTR,2023-05-18,14.536585,10.096,9.5,8.632,8.3305,9.534104,8.917983,0.616122,0.29731,0.637624,79.83226,11.038912,6.225088,0.574326,78645594.4
US,PLTR,2023-05-19,-0.255537,10.538,9.93,8.8085,8.3895,9.868858,9.124799,0.744059,0.386659,0.714799,79.333316,11.551231,6.065769,0.596874,96274670.0
US,PLTR,2023-05-22,1.110162,11.002,10.34,8.9955,8.452,10.17211,9.325925,0.846185,0.478565,0.735242,79.919003,12.015483,5.975517,0.605669,100838982.0
US,PLTR,2023-05-23,6.756757,11.636,10.649,9.2405,8.528833,10.551786,9.571412,0.980374,0.578926,0.802895,83.094146,12.590339,5.890661,0.675264,122116960.8
US,PLTR,2023-05-24,-3.243671,12.032,10.878,9.465,8.602,10.809972,9.768344,1.041628,0.671467,0.740323,76.424692,12.980244,5.949756,0.685602,127449431.4
US,PLTR,2023-05-25,4.987735,12.252,11.174,9.716,8.687833,11.122284,9.995874,1.12641,0.762455,0.727909,79.111068,13.436464,5.995536,0.707345,114480569.8
US,PLTR,2023-05-26,6.308411,12.64,11.589,10.011,8.7825,11.511164,10.26655,1.244613,0.858887,0.771453,82.037949,13.987933,6.034067,0.755392,109977016.2
US,PLTR,2023-05-30,7.765568,13.214,12.108,10.3575,8.888833,12.003292,10.595695,1.407598,0.968629,0.877937,84.999961,14.688365,6.026635,0.798578,126519466.6
US,PLTR,2023-05-31,0.0,13.628,12.632,10.7135,8.996,12.419709,10.900458,1.519251,1.078753,0.880995,84.999961,15.241909,6.185091,0.810823,122857546.2
US,PLTR,2023-06-01,-1.155676,14.09,13.061,11.0625,9.100333,12.745908,11.170054,1.575854,1.178174,0.79536,82.470421,15.640578,6.484422,0.825764,129961199.0
US,PLTR,2023-06-02,-0.137552,14.426,13.339,11.4195,9.206833,13.018845,11.418198,1.600647,1.262668,0.675957,82.160642,15.90589,6.93311,0.828924,124547166.8
US,PLTR,2023-06-05,4.958678,14.744,13.692,11.811,9.332667,13.360561,11.701294,1.659267,1.341988,0.634557,84.428299,16.194906,7.427094,0.866143,123281058.0
US,PLTR,2023-06-06,1.44357,14.894,14.054,12.197,9.467833,13.683552,11.979717,1.703835,1.414357,0.578955,85.05349,16.436232,7.957768,0.851419,106320059.8
US,PLTR,2023-06-07,-4.980595,14.89,14.259,12.454,9.5815,13.83839,12.180479,1.657911,1.463068,0.389686,73.87402,16.643102,8.264898,0.979175,125688828.6
US,PLTR,2023-06-08,3.403676,15.02,14.555,12.7165,9.703167,14.04633,12.403406,1.642924,1.499039,0.287769,76.073278,16.900523,8.532477,0.994948,123604125.4
US,PLTR,2023-06-09,-1.119157,15.12,14.773,12.9735,9.821833,14.196125,12.597228,1.598897,1.519011,0.159773,73.798623,17.059321,8.887679,1.006737,126529406.8
US,PLTR,2023-06-12,4.194407,15.202,14.973,13.281,9.949667,14.419798,12.823359,1.596439,1.534496,0.123885,76.591968,17.197043,9.364957,1.00697,120295268.0
US,PLTR,2023-06-13,2.236422,15.31,15.102,13.605,10.085,14.662906,13.058666,1.60424,1.548445,0.11159,77.995506,17.288078,9.921922,1.01433,127991587.6
US,PLTR,2023-06-14,-0.5625,15.554,15.222,13.927,10.2155,14.854767,13.269876,1.584891,1.555734,0.058313,76.721604,17.212313,10.641687,0.995449,96718761.0
US,PLTR,2023-06-15,4.336895,15.836,15.428,14.2445,10.351333,15.123264,13.516552,1.606712,1.56593,0.081565,79.487727,17.263602,11.225398,1.017203,91840615.6
US,PLTR,2023-06-16,-1.807229,16.092,15.606,14.4725,10.486167,15.304301,13.722733,1.581567,1.569057,0.02502,75.298247,17.387557,11.557443,1.008831,91157054.8
US,PLTR,2023-06-20,-3.128834,16.12,15.661,14.6765,10.6105,15.379024,13.875864,1.50316,1.555878,-0.105437,68.67192,17.350817,12.002183,1.030343,89373993.4
US,PLTR,2023-06-21,-7.283091,15.848,15.579,14.8165,10.717833,15.265328,13.932467,1.332861,1.511274,-0.356827,56.580734,17.154168,12.478832,1.058176,86397812.0
US,PLTR,2023-06-22,-4.030055,15.476,15.515,14.887,10.818,15.078354,13.941173,1.137181,1.436456,-0.598549,51.564483,17.035228,12.738772,1.038306,92915628.2
US,PLTR,2023-06-23,-0.142349,14.962,15.399,14.977,10.9185,14.917069,13.947753,0.969316,1.343028,-0.747423,51.398134,16.798385,13.155615,1.00557,89645653.6
US,PLTR,2023-06-26,-0.641483,14.49,15.291,15.032,11.013833,14.766751,13.947178,0.819572,1.238337,-0.837529,50.606951,16.646641,13.417359,0.975886,81642394.4
US,PLTR,2023-06-27,4.806313,14.254,15.187,15.08,11.1215,14.742635,13.996276,0.746359,1.139941,-0.787165,56.03289,16.580493,13.579507,0.964752,76457498.8
US,PLTR,2023-06-28,4.5859,14.382,15.115,15.1085,11.235333,14.825307,14.091367,0.73394,1.058741,-0.649602,60.684062,16.601434,13.615566,0.964412,70080701.4
US,PLTR,2023-06-29,-0.52356,14.612,15.044,15.133,11.349,14.882952,14.173488,0.709464,0.988885,-0.558843,59.869655,16.615013,13.650987,0.931954,58648681.2
US,PLTR,2023-06-30,0.855263,14.872,14.917,15.1725,11.465333,14.951728,14.259155,0.692573,0.929623,-0.4741,60.79052,16.631114,13.713886,0.908243,52117530.4
US,PLTR,2023-07-03,1.2394,15.188,14.839,15.2225,11.591,15.039155,14.352551,0.686603,0.881019,-0.388831,62.157303,16.656569,13.788431,0.87194,47189031.8
US,PLTR,2023-07-05,1.159794,15.406,14.83,15.2455,11.717833,15.140823,14.452362,0.688461,0.842507,-0.308093,63.456926,16.69463,13.79637,0.84823,43942896.4
US,PLTR,2023-07-06,-3.630573,15.376,14.879,15.229,11.830167,15.139158,14.502558,0.6366,0.801326,-0.329451,56.804158,16.675498,13.782502,0.864785,42174344.4
US,PLTR,2023-07-07,1.387971,15.404,15.008,15.2615,11.942333,15.170057,14.56459,0.605466,0.762154,-0.313375,58.529182,16.687155,13.835845,0.858015,42568833.4
US,PLTR,2023-07-10,6.258149,15.598,15.235,15.317,12.075167,15.343894,14.693139,0.650755,0.739874,-0.178239,65.342871,16.811939,13.822061,0.896014,46694504.2
US,PLTR,2023-07-11,1.165644,15.792,15.49,15.3905,12.207,15.520218,14.82624,0.693978,0.730695,-0.073434,66.515474,16.962371,13.818629,0.887727,54134333.8
US,PLTR,2023-07-12,0.606428,15.97,15.688,15.4375,12.336667,15.6848,14.956889,0.727911,0.730138,-0.004454,67.145537,17.091657,13.783343,0.862175,56314250.2
US,PLTR,2023-07-13,0.904159,16.292,15.834,15.4745,12.469,15.847139,15.088971,0.758167,0.735744,0.044846,68.11472,17.208507,13.740493,0.848448,56562148.2
US,PLTR,2023-07-14,-2.031063,16.504,15.954,15.499,12.596833,15.932194,15.186085,0.74611,0.737817,0.016585,63.539346,17.270371,13.727629,0.839988,55930487.8
US,PLTR,2023-07-17,6.097561,16.724,16.161,15.539,12.745333,16.15801,15.350078,0.807932,0.75184,0.112184,69.935821,17.439441,13.638559,0.870703,56066755.4
US,PLTR,2023-07-18,3.908046,17.042,16.417,15.628,12.910833,16.453701,15.552295,0.901406,0.781753,0.239306,73.358516,17.808712,13.447288,0.875653,60890922.6
US,PLTR,2023-07-19,-0.165929,17.334,16.652,15.741,13.075333,16.699286,15.73731,0.961976,0.817798,0.288356,72.963856,18.164303,13.317697,0.900963,68683948.8
US,PLTR,2023-07-20,-5.096953,17.412,16.852,15.8655,13.225833,16.765549,15.840472,0.925077,0.839254,0.171647,61.955891,18.305545,13.425455,0.913037,69546713.0
US,PLTR,2023-07-21,-4.086398,17.418,16.961,15.9845,13.370667,16.713926,15.884141,0.829785,0.83736,-0.015149,55.139466,18.287042,13.681958,0.954249,73198878.4
US,PLTR,2023-07-24,-0.669507,17.202,16.963,16.099,13.513667,16.653322,15.916427,0.736896,0.817267,-0.160743,54.131596,18.222148,13.975852,0.926802,67724616.6
US,PLTR,2023-07-25,1.409314,16.896,16.969,16.2295,13.659167,16.637427,15.963358,0.674068,0.788627,-0.229118,55.944849,18.113129,14.345871,0.899174,57575720.0
US,PLTR,2023-07-26,-0.725076,16.572,16.953,16.3205,13.803833,16.605515,15.997924,0.607591,0.75242,-0.289659,54.729217,18.052094,14.588906,0.874947,46927761.6
US,PLTR,2023-07-27,-1.7042,16.376,16.894,16.364,13.943333,16.535436,16.009189,0.526247,0.707185,-0.361878,51.895645,18.031374,14.696626,0.897451,44522491.6
US,PLTR,2023-07-28,10.278638,16.652,17.035,16.4945,14.113667,16.731522,16.142582,0.58894,0.683536,-0.189193,63.846523,18.185423,14.803577,0.963347,53072442.8
US,PLTR,2023-07-31,11.398091,17.356,17.279,16.72,14.318333,17.20975,16.416465,0.793285,0.705486,0.175597,72.759196,18.870135,14.569865,1.050965,74278347.0
US,PLTR,2023-08-01,0.756048,18.044,17.47,16.9435,14.5285,17.637481,16.681171,0.956309,0.755651,0.401317,73.283303,19.448266,14.438734,1.048039,86980989.8
US,PLTR,2023-08-02,-5.102551,18.552,17.562,17.107,14.721167,17.842484,16.850714,0.991769,0.802874,0.37779,64.233196,19.691377,14.522623,1.104608,99463188.4
US,PLTR,2023-08-03,-1.370585,19.064,17.72,17.286,14.904,17.975948,16.988439,0.987508,0.839801,0.295415,62.127055,19.792602,14.779398,1.074993,100359861.6
US,PLTR,2023-08-04,-2.725815,19.142,17.897,17.429,15.048167,18.010417,17.078184,0.932233,0.858287,0.147891,58.102619,19.797746,15.060254,1.069636,93611946.0
US,PLTR,2023-08-07,-1.153846,18.772,18.064,17.5135,15.182333,18.007276,17.145726,0.86155,0.85894,0.00522,56.480232,19.835226,15.191774,1.091805,91940686.8
US,PLTR,2023-08-08,-5.280712,18.182,18.113,17.541,15.301667,17.858464,17.137895,0.72057,0.831266,-0.221392,49.717021,19.826326,15.255674,1.148819,100518306.0
US,PLTR,2023-08-09,-10.504695,17.438,17.995,17.474,15.3975,17.457162,16.998051,0.459111,0.756835,-0.595447,39.998246,19.938471,15.009529,1.205332,106121230.6
US,PLTR,2023-08-10,1.04918,16.778,17.921,17.4075,15.495667,17.142214,16.880417,0.261797,0.657827,-0.792061,41.106466,20.015218,14.799782,1.163523,109713336.8
US,PLTR,2023-08-11,0.0,16.22,17.681,17.358,15.594667,16.87572,16.771498,0.104222,0.547106,-0.885768,41.106466,20.075606,14.640394,1.128271,106559485.4
US,PLTR,2023-08-14,2.011681,15.766,17.269,17.274,15.685833,16.697917,16.693609,0.004308,0.438547,-0.868478,43.453288,20.083522,14.464478,1.104109,89298954.4
US,PLTR,2023-08-15,-2.226463,15.432,16.807,17.1385,15.746333,16.493622,16.595564,-0.101942,0.330449,-0.864782,41.445221,20.039378,14.237622,1.066672,69496181.8
US,PLTR,2023-08-16,0.520494,15.472,16.455,17.0085,15.808667,16.333065,16.510707,-0.177643,0.228831,-0.812946,42.103807,19.966799,14.050201,1.034053,52329014.6
US,PLTR,2023-08-17,-8.414239,15.22,15.999,16.8595,15.847167,15.997208,16.33584,-0.338631,0.115338,-0.907939,35.179485,20.067923,13.651077,1.060906,55920523.4
US,PLTR,2023-08-18,1.766784,15.018,15.619,16.758,15.8765,15.751484,16.192444,-0.44096,0.004078,-0.890078,37.314516,20.138193,13.377807,1.050842,58631116.6
US,PLTR,2023-08-21,0.694444,14.774,15.27,16.667,15.914333,15.558948,16.067078,-0.50813,-0.098363,-0.819534,38.191486,20.184659,13.149341,1.00721,57771505.4
US,PLTR,2023-08-22,1.172414,14.634,15.033,16.573,15.944833,15.422187,15.963591,-0.541404,-0.186971,-0.708865,39.735021,20.197009,12.948991,0.980266,59392804.0
US,PLTR,2023-08-23,4.294479,14.604,15.038,16.5165,15.972333,15.403389,15.914436,-0.511047,-0.251787,-0.518521,45.196984,20.182655,12.850345,0.985247,62018561.4
US,PLTR,2023-08-24,-7.581699,14.602,14.911,16.416,15.962833,15.209021,15.782996,-0.573975,-0.316224,-0.515501,38.311761,20.224277,12.607723,1.045587,62518466.4
US,PLTR,2023-08-25,2.758133,14.628,14.823,16.252,15.959833,15.104557,15.690182,-0.585625,-0.370104,-0.431042,41.53643,20.088423,12.415577,1.016616,59618296.6
US,PLTR,2023-08-28,0.757054,14.656,14.715,15.992,15.9615,15.033086,15.612391,-0.579304,-0.411944,-0.33472,42.450205,19.512327,12.471673,0.971144,58169099.8
US,PLTR,2023-08-29,5.191257,14.802,14.718,15.7625,15.976167,15.089535,15.596658,-0.507123,-0.43098,-0.152286,48.445694,18.771705,12.753295,0.982491,57190357.4
US,PLTR,2023-08-30,6.038961,15.008,14.806,15.6305,15.994333,15.280375,15.65098,-0.370604,-0.418905,0.096602,54.669113,18.274818,12.986182,0.98517,59620500.2
US,PLTR,2023-08-31,-8.266993,15.176,14.889,15.444,15.986333,15.234164,15.601277,-0.367114,-0.408547,0.082866,45.990207,17.689274,13.198726,1.034801,61206699.2
US,PLTR,2023-09-01,1.335113,15.306,14.967,15.293,15.9945,15.225831,15.570072,-0.344241,-0.395685,0.10289,47.324384,17.14904,13.43696,0.999458,59116632.8
US,PLTR,2023-09-05,0.197628,15.42,15.038,15.154,15.994833,15.223395,15.5434,-0.320004,-0.380549,0.12109,47.533746,16.537552,13.770448,0.965211,58688282.6
US,PLTR,2023-09-06,0.591716,15.4,15.101,15.067,15.9995,15.235181,15.52537,-0.290189,-0.362477,0.144576,48.198915,16.151806,13.982194,0.934839,56993266.8
US,PLTR,2023-09-07,-0.588235,15.176,15.092,15.065,15.992167,15.231307,15.502009,-0.270703,-0.344122,0.14684,47.549706,16.148596,13.981404,0.940207,54218211.6
US,PLTR,2023-09-08,-0.52597,15.206,15.191,15.051,15.977667,15.215721,15.474453,-0.258732,-0.327044,0.136625,46.944416,16.123584,13.978416,0.910192,40713283.4
US,PLTR,2023-09-11,4.362194,15.328,15.317,15.07,15.975667,15.304072,15.497827,-0.193755,-0.300386,0.213262,52.335201,16.180153,13.959847,0.914464,42728504.2
US,PLTR,2023-09-12,-1.266624,15.404,15.412,15.0635,15.958833,15.348061,15.504655,-0.156594,-0.271628,0.230068,50.655551,16.15979,13.96721,0.900574,43864402.2
US,PLTR,2023-09-13,0.064144,15.464,15.432,15.075,15.947167,15.386821,15.511717,-0.124897,-0.242282,0.23477,50.740678,16.188598,13.961402,0.866962,42987676.8
US,PLTR,2023-09-14,1.474359,15.588,15.382,15.094,15.947833,15.455002,15.535294,-0.080292,-0.209884,0.259184,52.759316,16.244885,13.943115,0.84575,40342422.4
US,PLTR,2023-09-15,-3.15856,15.628,15.417,15.153,15.959333,15.435771,15.520087,-0.084316,-0.18477,0.200909,48.140726,16.222357,14.083643,0.837482,44798145.0
US,PLTR,2023-09-18,0.84801,15.562,15.445,15.206,15.982833,15.439498,15.515636,-0.076137,-0.163044,0.173812,49.381458,16.224693,14.187307,0.817662,41220025.8
US,PLTR,2023-09-19,-2.005175,15.474,15.439,15.2385,16.0015,15.39496,15.488552,-0.093591,-0.149153,0.111123,46.52306,16.20517,14.27183,0.799972,40881409.6
US,PLTR,2023-09-20,-2.706271,15.302,15.383,15.242,16.014833,15.294197,15.433103,-0.138906,-0.147104,0.016395,42.979596,16.200887,14.283113,0.792831,41538617.2
US,PLTR,2023-09-21,-5.020353,14.936,15.262,15.177,16.004667,15.09509,15.326948,-0.231858,-0.164055,-0.135606,37.437221,16.277184,14.076816,0.811915,48433546.8
US,PLTR,2023-09-22,0.928571,14.696,15.162,15.1765,15.9855,14.946615,15.238285,-0.29167,-0.189578,-0.204185,38.927192,16.278576,14.074424,0.783921,46722220.4
US,PLTR,2023-09-25,0.636943,14.448,15.005,15.161,15.969167,14.834828,15.162856,-0.328029,-0.217268,-0.221522,39.992683,16.30686,14.01514,0.757926,47180183.0
US,PLTR,2023-09-26,-1.828411,14.21,14.842,15.127,15.946333,14.700239,15.073756,-0.373517,-0.248518,-0.249999,37.933745,16.369,13.885,0.728074,47074458.6
US,PLTR,2023-09-27,6.375358,14.232,14.767,15.0995,15.935167,14.723279,15.057181,-0.333902,-0.265595,-0.136615,47.834098,16.340459,13.858541,0.747498,52102474.6
US,PLTR,2023-09-28,6.195286,14.586,14.761,15.0715,15.936333,14.884313,15.109983,-0.22567,-0.25761,0.06388,55.700505,16.222122,13.920878,0.774819,50811207.2
US,PLTR,2023-09-29,1.458465,14.96,14.828,15.1225,15.950833,15.055957,15.17591,-0.119953,-0.230078,0.220251,57.428847,16.340808,13.904192,0.793761,56864515.2
US,PLTR,2023-10-02,-0.75,15.292,14.87,15.1575,15.959833,15.182733,15.228065,-0.045332,-0.193129,0.295594,56.19693,16.419829,13.895171,0.784921,57134519.0
US,PLTR,2023-10-03,-6.171285,15.48,14.845,15.142,15.9365,15.139236,15.203764,-0.064528,-0.167409,0.205761,47.277526,16.408974,13.875026,0.804569,59994902.2
US,PLTR,2023-10-04,5.57047,15.656,14.944,15.1635,15.923833,15.230122,15.242744,-0.012622,-0.136451,0.247659,53.94467,16.454829,13.872171,0.814957,57996036.2
US,PLTR,2023-10-05,0.508582,15.664,15.125,15.1935,15.910833,15.319334,15.284763,0.034571,-0.102247,0.273636,54.541371,16.515276,13.871724,0.791746,54607486.8
US,PLTR,2023-10-06,5.060089,15.786,15.373,15.2675,15.908667,15.517898,15.382929,0.13497,-0.054804,0.379546,60.107497,16.725469,13.809531,0.820193,52200534.2
US,PLTR,2023-10-09,6.02047,16.132,15.712,15.3585,15.928833,15.83976,15.547897,0.291863,0.01453,0.554667,65.752457,17.129209,13.587791,0.876607,65223988.0
US,PLTR,2023-10-10,1.078932,16.712,16.096,15.469,15.9355,16.141335,15.714719,0.426616,0.096947,0.659338,66.716156,17.534923,13.403077,0.870421,74902662.4
US,PLTR,2023-10-11,0.674157,17.15,16.403,15.585,15.932833,16.414976,15.878074,0.536903,0.184938,0.703929,67.341219,17.911426,13.258574,0.858963,75494540.8
US,PLTR,2023-10-12,0.111607,17.576,16.62,15.6905,15.931,16.649595,16.030809,0.618786,0.271708,0.694157,67.450933,18.233124,13.147876,0.846894,77153112.2
US,PLTR,2023-10-13,-3.232999,17.726,16.756,15.792,15.934833,16.758888,16.129267,0.629621,0.34329,0.572661,61.04616,18.429268,13.154732,0.849973,74940238.8
US,PLTR,2023-10-16,0.0,17.676,16.904,15.887,15.950333,16.851367,16.220433,0.630934,0.400819,0.46023,61.04616,18.605228,13.168772,0.845689,62705453.8
US,PLTR,2023-10-17,2.764977,17.684,17.198,16.0215,15.975667,17.003464,16.340401,0.663064,0.453268,0.419591,64.299797,18.844727,13.198273,0.865283,53591411.4
US,PLTR,2023-10-18,-3.587444,17.54,17.345,16.1445,15.9865,17.033701,16.404075,0.629626,0.48854,0.282172,57.413918,18.947966,13.341034,0.877048,51283938.6
US,PLTR,2023-10-19,-0.813953,17.364,17.47,16.2975,15.997,17.037747,16.452662,0.585085,0.507849,0.154472,56.001122,18.945827,13.649173,0.857973,48956396.2
US,PLTR,2023-10-20,-5.568581,17.114,17.42,16.3965,15.996333,16.895016,16.427279,0.467737,0.499826,-0.064179,47.465746,18.854518,13.938482,0.885975,50755103.0
US,PLTR,2023-10-23,0.558659,16.882,17.279,16.4955,15.9695,16.788091,16.410444,0.377647,0.47539,-0.195487,48.270144,18.745598,14.245402,0.903406,52951081.8
US,PLTR,2023-10-24,2.716049,16.642,17.163,16.6295,15.916167,16.765308,16.427448,0.337859,0.447884,-0.220049,52.129304,18.555516,14.703484,0.891019,50037576.4
US,PLTR,2023-10-25,-6.310096,16.32,16.93,16.6665,15.842833,16.584491,16.365415,0.219076,0.402123,-0.366093,43.742825,18.479467,14.853533,0.90309,50537219.4
US,PLTR,2023-10-26,-1.92431,15.966,16.665,16.6425,15.7815,16.385339,16.285755,0.099584,0.341615,-0.484062,41.679639,18.514065,14.770935,0.900012,51146936.8
US,PLTR,2023-10-27,-1.438849,15.758,16.436,16.596,15.720833,16.182979,16.195699,-0.01272,0.270748,-0.566936,40.182858,18.572385,14.619615,0.881439,46354551.6
US,PLTR,2023-10-30,-2.521566,15.456,16.169,16.5365,15.662333,15.95329,16.084165,-0.130876,0.190423,-0.642598,37.666701,18.661581,14.411419,0.870622,44538292.2
US,PLTR,2023-10-31,0.748809,15.088,15.865,16.5315,15.609167,15.775861,15.989042,-0.213182,0.109702,-0.645768,38.86018,18.672372,14.390628,0.841292,44610621.0
US,PLTR,2023-11-01,0.810811,14.954,15.637,16.491,15.573833,15.64419,15.909854,-0.265664,0.034629,-0.600586,40.205208,18.719828,14.262172,0.815486,46135111.4
US,PLTR,2023-11-02,20.442359,15.49,15.728,16.599,15.619167,16.002007,16.062457,-0.060451,0.015613,-0.152127,62.67859,18.893724,14.304276,0.998665,70346107.0
US,PLTR,2023-11-03,5.119644,16.254,16.006,16.713,15.677167,16.446313,16.271905,0.174409,0.047372,0.254073,66.73936,19.215695,14.210305,1.021618,84223799.0
US,PLTR,2023-11-06,-1.852832,17.024,16.24,16.7595,15.729333,16.768419,16.439912,0.328507,0.103599,0.449816,63.891251,19.359788,14.159212,1.030788,90837139.2
US,PLTR,2023-11-07,1.402373,17.824,16.456,16.8095,15.780667,17.08097,16.614733,0.466237,0.176127,0.58022,65.083309,19.523851,14.095149,1.002874,94055878.4
US,PLTR,2023-11-08,-1.648936,18.538,16.746,16.838,15.832667,17.297744,16.753642,0.544102,0.249722,0.58876,62.436651,19.609755,14.066245,0.986955,92402718.4
US,PLTR,2023-11-09,-1.189832,18.598,17.044,16.8545,15.879667,17.447322,16.865965,0.581357,0.316049,0.530616,60.554644,19.656067,14.052933,0.967172,68012202.0
US,PLTR,2023-11-10,7.662835,18.754,17.504,16.97,15.971667,17.789272,17.073671,0.715601,0.395959,0.639284,67.307917,20.024459,13.915541,1.01666,64742957.8
US,PLTR,2023-11-13,0.203355,18.988,18.006,17.0875,16.060167,18.084769,17.268955,0.815814,0.47993,0.671768,67.479233,20.365547,13.809453,0.98547,63727938.4
US,PLTR,2023-11-14,1.16692,19.216,18.52,17.1925,16.150833,18.370189,17.46681,0.903379,0.56462,0.677518,68.501343,20.687582,13.697418,0.957936,69116211.2
US,PLTR,2023-11-15,0.05015,19.508,19.023,17.33,16.238833,18.613237,17.65075,0.962487,0.644193,0.636587,68.547629,21.026041,13.633959,0.943798,75010275.6
US,PLTR,2023-11-16,-0.902256,19.808,19.203,17.4655,16.313333,18.7912,17.807731,0.983469,0.712049,0.542841,66.649144,21.307819,13.623181,0.923527,75307987.4
US,PLTR,2023-11-17,3.641882,19.972,19.363,17.6845,16.419167,19.052554,18.006418,1.046136,0.778866,0.53454,70.203966,21.6887,13.6803,0.923275,70650573.0
US,PLTR,2023-11-20,4.148365,20.298,19.643,17.9415,16.532667,19.404469,18.25335,1.151119,0.853317,0.595605,73.759854,22.184283,13.698717,0.936612,73790194.6
US,PLTR,2023-11-21,-7.216495,20.27,19.743,18.0995,16.618667,19.46532,18.367917,1.097403,0.902134,0.390539,59.828736,22.371897,13.827103,1.021854,78472765.2
US,PLTR,2023-11-22,-0.555556,20.218,19.863,18.3045,16.690167,19.499886,18.465849,1.034037,0.928515,0.211045,58.971959,22.467636,14.141364,1.028151,77056565.4
US,PLTR,2023-11-24,-2.488573,20.104,19.956,18.5,16.738,19.45375,18.52023,0.933519,0.929516,0.008008,55.181107,22.439766,14.560234,1.008997,75028085.8
US,PLTR,2023-11-27,-0.625,19.822,19.897,18.7005,16.806333,19.39625,18.561695,0.834555,0.910523,-0.151937,54.261186,22.316473,15.084527,0.999783,72855975.6
US,PLTR,2023-11-28,3.301887,19.496,19.897,18.9515,16.881833,19.444519,18.646754,0.797765,0.887972,-0.180414,58.200951,22.083632,15.819368,0.98337,65575001.4
US,PLTR,2023-11-29,0.659564,19.504,19.887,19.2035,16.959,19.505362,18.735143,0.770219,0.864421,-0.188404,58.986015,21.706924,16.700076,0.955986,56802758.6
US,PLTR,2023-11-30,1.058468,19.576,19.897,19.46,17.038167,19.589153,18.83254,0.756613,0.84286,-0.172493,60.283696,21.034039,17.885961,0.926987,54212465.8
US,PLTR,2023-12-01,1.097257,19.79,19.947,19.575,17.1225,19.693898,18.939018,0.75488,0.825264,-0.140767,61.652561,21.028238,18.121762,0.913631,58551127.6
US,PLTR,2023-12-04,-9.225456,19.654,19.738,19.5505,17.177,19.494837,18.899091,0.595746,0.77936,-0.367228,46.866364,21.064362,18.036638,0.991229,67779195.8
US,PLTR,2023-12-05,-0.543478,19.372,19.434,19.5385,17.218833,19.311016,18.854714,0.456302,0.714749,-0.516893,46.227877,21.087607,17.989393,0.96257,67837225.8
US,PLTR,2023-12-06,-6.393443,18.83,19.167,19.455,17.2445,18.975475,18.726957,0.248518,0.621502,-0.745969,39.455126,21.305119,17.604881,0.9831,74503000.4
US,PLTR,2023-12-07,0.525394,18.264,18.92,19.3915,17.2715,18.705402,18.615331,0.090071,0.515216,-0.85029,40.181133,21.445669,17.337331,0.94145,74693801.6
US,PLTR,2023-12-08,3.193961,17.764,18.777,19.3665,17.303833,18.561494,18.552714,0.00878,0.413929,-0.810297,44.55654,21.485795,17.247205,0.93349,73903494.4
US,PLTR,2023-12-11,0.0,17.638,18.646,19.2715,17.3445,18.439726,18.494735,-0.055009,0.320141,-0.750301,44.55654,21.495607,17.047393,0.90824,63099715.4
US,PLTR,2023-12-12,-1.519415,17.478,18.425,19.161,17.3785,18.295153,18.421051,-0.125898,0.230933,-0.713664,42.775216,21.503434,16.818566,0.889795,61453928.2
US,PLTR,2023-12-13,2.114286,17.626,18.228,19.0575,17.423833,18.229744,18.380232,-0.150488,0.154649,-0.610274,45.963391,21.435759,16.679241,0.874809,52768257.4
US,PLTR,2023-12-14,1.90263,17.824,18.044,18.9705,17.481667,18.226707,18.367622,-0.140916,0.095536,-0.472904,48.786973,21.339082,16.601918,0.873751,54969809.0
US,PLTR,2023-12-15,-0.054915,17.91,17.837,18.892,17.551667,18.222598,18.355206,-0.132608,0.049907,-0.365031,48.70636,21.253445,16.530555,0.890626,62122805.4
US,PLTR,2023-12-18,-1.978022,17.924,17.781,18.7595,17.6135,18.163737,18.317043,-0.153306,0.009265,-0.325141,45.774073,21.043536,16.475464,0.884867,63974510.4
US,PLTR,2023-12-19,0.616592,18.014,17.746,18.59,17.675667,18.130854,18.289854,-0.159,-0.024388,-0.269224,46.827448,20.565135,16.614865,0.846663,63434191.0
US,PLTR,2023-12-20,-3.899721,17.89,17.758,18.4625,17.7305,17.995338,18.212828,-0.21749,-0.063009,-0.308963,41.325858,20.437958,16.487042,0.840472,64631046.4
US,PLTR,2023-12-21,1.971014,17.766,17.795,18.3575,17.776167,17.932978,18.166693,-0.233714,-0.09715,-0.273129,44.722883,20.283437,16.431563,0.815439,57237206.2
US,PLTR,2023-12-22,-1.023309,17.608,17.759,18.268,17.8035,17.85252,18.110641,-0.258121,-0.129344,-0.257554,43.293805,20.195377,16.340623,0.783622,45314540.4
US,PLTR,2023-12-26,1.550833,17.576,17.75,18.198,17.8315,17.825979,18.078742,-0.252763,-0.154028,-0.197471,46.077198,20.103902,16.292098,0.757649,39627058.2
US,PLTR,2023-12-27,-1.187783,17.48,17.747,18.086,17.858,17.771213,18.03365,-0.262437,-0.17571,-0.173455,44.257613,19.883514,16.288486,0.736388,37504683.2
US,PLTR,2023-12-28,0.515169,17.542,17.716,17.972,17.902333,17.738718,17.998565,-0.259846,-0.192537,-0.134619,45.255395,19.590365,16.353635,0.713789,33569295.2
US,PLTR,2023-12-29,-2.220957,17.458,17.612,17.828,17.926333,17.651223,17.93719,-0.285966,-0.211223,-0.149487,41.766523,19.170082,16.485918,0.701375,35259277.6
US,PLTR,2024-01-02,-3.436226,17.292,17.45,17.6435,17.939167,17.48642,17.836657,-0.350237,-0.239026,-0.222423,37.106037,18.528854,16.758146,0.699134,36845857.0
US,PLTR,2024-01-03,-2.955368,16.974,17.275,17.528,17.9305,17.271586,17.707275,-0.435689,-0.278358,-0.314661,33.738887,18.576191,16.479809,0.68991,39868750.4
US,PLTR,2024-01-04,0.994406,16.73,17.105,17.4255,17.907833,17.114419,17.599329,-0.48491,-0.319669,-0.330482,35.787894,18.549839,16.301161,0.685631,41272602.6
US,PLTR,2024-01-05,-1.661538,16.414,16.978,17.368,17.8775,16.939893,17.479378,-0.539486,-0.363632,-0.351707,33.88373,18.653046,16.082954,0.6788,45014613.0
US,PLTR,2024-01-08,4.317897,16.314,16.886,17.3405,17.856667,16.898371,17.419425,-0.521054,-0.395116,-0.251874,42.328697,18.660113,16.020887,0.695315,47043910.4
US,PLTR,2024-01-09,-1.679664,16.276,16.784,17.2715,17.830833,16.82016,17.343171,-0.523011,-0.420695,-0.204631,40.090859,18.637564,15.905436,0.673506,45877468.2
US,PLTR,2024-01-10,2.440513,16.416,16.695,17.2225,17.821333,16.81552,17.302195,-0.486675,-0.433891,-0.105568,44.597085,18.583821,15.861179,0.671113,44755307.0
US,PLTR,2024-01-11,-0.655152,16.502,16.616,17.1815,17.81,16.794671,17.256107,-0.461436,-0.4394,-0.044071,43.625288,18.556248,15.806752,0.677462,44678240.4
US,PLTR,2024-01-12,0.479616,16.658,16.536,17.126,17.792,16.789337,17.219358,-0.430021,-0.437524,0.015006,44.571277,18.474457,15.777543,0.660501,39928747.8
US,PLTR,2024-01-16,-1.372315,16.63,16.472,17.042,17.780833,16.749439,17.168294,-0.418856,-0.433791,0.02987,42.369961,18.317204,15.766796,0.646893,36642609.2
US,PLTR,2024-01-17,-0.846945,16.63,16.453,16.9515,17.769667,16.694141,17.110643,-0.416502,-0.430333,0.027661,41.041244,18.139023,15.763977,0.634972,35650269.6
US,PLTR,2024-01-18,0.061013,16.552,16.484,16.8795,17.7745,16.648888,17.058003,-0.409115,-0.426089,0.033949,41.183128,18.016346,15.742654,0.640332,34447337.8
US,PLTR,2024-01-19,2.317073,16.572,16.537,16.821,17.784167,16.669059,17.03741,-0.368351,-0.414542,0.092382,46.456184,17.846435,15.795565,0.639594,34674989.8
US,PLTR,2024-01-22,4.88677,16.74,16.699,16.8385,17.800167,16.812281,17.079083,-0.266802,-0.384994,0.236383,55.688168,17.903794,15.773206,0.706051,44999262.4
US,PLTR,2024-01-23,-1.534091,16.9,16.765,16.8255,17.829167,16.89193,17.09767,-0.20574,-0.349143,0.286806,52.479603,17.859685,15.791315,0.693476,46026270.4
US,PLTR,2024-01-24,-3.346797,16.972,16.801,16.7925,17.8535,16.870095,17.071916,-0.201822,-0.319679,0.235714,46.307311,17.791497,15.793503,0.708942,48401854.6
US,PLTR,2024-01-25,-1.731343,16.984,16.768,16.7315,17.876667,16.807003,17.026589,-0.219586,-0.29966,0.160148,43.549326,17.652201,15.810799,0.707589,50271714.8
US,PLTR,2024-01-26,-0.668287,16.898,16.735,16.6755,17.904333,16.736695,16.976472,-0.239777,-0.287684,0.095814,42.514985,17.54451,15.80649,0.686333,47856020.6
US,PLTR,2024-01-29,4.525994,16.796,16.768,16.652,17.9425,16.79105,16.984881,-0.193832,-0.268913,0.150163,50.954297,17.446269,15.857731,0.691595,37938793.8
US,PLTR,2024-01-30,-2.047981,16.678,16.789,16.6305,17.972833,16.783196,16.966742,-0.183546,-0.25184,0.136587,47.40914,17.390039,15.870961,0.683624,37657570.2
US,PLTR,2024-01-31,-3.882915,16.546,16.759,16.606,17.9415,16.67655,16.901798,-0.225248,-0.246521,0.042547,41.617978,17.401246,15.810754,0.684079,37831940.2
US,PLTR,2024-02-01,1.49161,16.52,16.752,16.618,17.898833,16.623235,16.859443,-0.236208,-0.244459,0.016502,44.322354,17.3886,15.8474,0.668073,37005008.4
US,PLTR,2024-02-02,4.225352,16.654,16.776,16.6565,17.8735,16.684276,16.871336,-0.18706,-0.232979,0.091838,51.306052,17.42665,15.88635,0.682497,42817112.6
US,PLTR,2024-02-05,-1.762632,16.58,16.688,16.6935,17.838833,16.689772,16.860126,-0.170354,-0.220454,0.1002,48.459987,17.398433,15.988567,0.733033,69159226.6
US,PLTR,2024-02-06,30.801435,17.606,17.142,16.9535,17.895167,17.48673,17.231227,0.255502,-0.125263,0.76153,74.554754,19.316898,14.590102,1.070673,146135887.2
US,PLTR,2024-02-07,7.91038,19.108,17.827,17.314,17.984,18.427233,17.702988,0.724245,0.044639,1.359212,78.493839,21.033878,13.594122,1.172054,188401591.8
US,PLTR,2024-02-08,3.855932,20.744,18.632,17.7,18.064667,19.363043,18.207211,1.155832,0.266877,1.777909,80.227742,22.552121,12.847879,1.212621,222844945.4
US,PLTR,2024-02-09,-0.530396,22.216,19.435,18.085,18.1425,20.134883,18.664455,1.470428,0.507588,1.92568,79.244819,23.712307,12.457693,1.236005,241122805.4
US,PLTR,2024-02-12,2.748154,23.882,20.231,18.4995,18.227667,20.891055,19.137458,1.753596,0.756789,1.993614,80.566316,24.850127,12.148873,1.269862,229217744.8
US,PLTR,2024-02-13,-4.151697,24.31,20.958,18.8735,18.295333,21.370892,19.498387,1.872505,0.979932,1.785145,72.816156,25.586792,12.160208,1.303444,165422112.2
US,PLTR,2024-02-14,4.914619,24.628,21.868,19.3135,18.385667,21.958447,19.919988,2.038459,1.191638,1.693643,75.675312,26.457726,12.169274,1.334626,133885483.6
US,PLTR,2024-02-15,0.873362,24.808,22.776,19.764,18.467667,22.489456,20.326656,2.1628,1.38587,1.553859,76.178376,27.244905,12.283095,1.292867,105460118.0
US,PLTR,2024-02-16,-3.817395,24.82,23.518,20.147,18.519333,22.789539,20.631348,2.158191,1.540334,1.235714,69.366598,27.760759,12.533241,1.279805,88747368.4
US,PLTR,2024-02-20,-4.255319,24.49,24.186,20.437,18.579333,22.883456,20.836433,2.047023,1.641672,0.810702,62.87498,28.082383,12.791617,1.311248,85787629.0
US,PLTR,2024-02-21,-2.820513,24.236,24.273,20.7075,18.630167,22.861386,20.977438,1.883948,1.690127,0.387641,59.095335,28.276468,13.138532,1.296873,77411256.8
US,PLTR,2024-02-22,3.737907,23.916,24.272,21.0495,18.703333,22.973481,21.170961,1.802519,1.712606,0.179827,62.24328,28.489313,13.609687,1.290668,70857321.0
US,PLTR,2024-02-23,-2.628232,23.428,24.118,21.375,18.768167,22.972945,21.304223,1.668722,1.703829,-0.070214,58.695039,28.548004,14.201996,1.287763,66516609.8
US,PLTR,2024-02-26,2.568568,23.252,24.036,21.7355,18.832333,23.063261,21.471318,1.591943,1.681452,-0.179017,60.974906,28.579246,14.891754,1.262923,62716860.6
US,PLTR,2024-02-27,4.117148,23.478,23.984,22.1075,18.9105,23.288913,21.697887,1.591026,1.663367,-0.144681,64.449161,28.705154,15.509846,1.248428,57035475.0
US,PLTR,2024-02-28,-0.44843,23.814,24.025,22.4915,18.983333,23.462927,21.899525,1.563402,1.643374,-0.159944,63.755984,28.675894,16.307106,1.201398,54415979.2
US,PLTR,2024-02-29,2.702703,24.112,24.014,22.941,19.0635,23.711707,22.135116,1.576591,1.630017,-0.106852,66.111141,28.471168,17.410832,1.182012,54074989.8
US,PLTR,2024-03-01,-0.598086,24.504,23.966,23.371,19.172333,23.899137,22.342144,1.556993,1.615412,-0.116839,65.076148,28.050029,18.691971,1.179725,57265718.2
US,PLTR,2024-03-04,-3.569996,24.6,23.926,23.722,19.268,23.920808,22.467911,1.452897,1.582909,-0.260025,59.158324,27.385739,20.058261,1.195459,60829828.2
US,PLTR,2024-03-05,-0.956739,24.456,23.967,24.0765,19.379333,23.903761,22.567325,1.336435,1.533614,-0.394358,57.698084,25.841791,22.311209,1.180069,57744798.4
US,PLTR,2024-03-06,9.869803,24.804,24.309,24.291,19.528333,24.250874,22.833449,1.417425,1.510377,-0.185903,66.733368,25.972272,22.609728,1.305779,89759390.4
US,PLTR,2024-03-07,1.146789,25.08,24.596,24.434,19.673167,24.59074,23.102083,1.488657,1.506033,-0.034751,67.682353,26.328808,22.539192,1.308223,100712594.2
US,PLTR,2024-03-08,-1.587302,25.302,24.903,24.5105,19.811,24.813703,23.319706,1.493997,1.503625,-0.019257,64.891412,26.530792,22.490208,1.319779,104604937.6
US,PLTR,2024-03-11,-2.64977,25.564,25.082,24.559,19.941833,24.89621,23.470098,1.426112,1.488123,-0.124022,60.479111,26.610759,22.507241,1.335509,103906785.2
US,PLTR,2024-03-12,-2.564103,25.742,25.099,24.5415,20.055667,24.866024,23.561202,1.304822,1.451463,-0.293281,56.576436,26.58215,22.50085,1.332258,109038853.4
US,PLTR,2024-03-13,1.214575,25.51,25.157,24.591,20.168833,24.886636,23.66778,1.218856,1.404941,-0.372171,57.925909,26.625698,22.556302,1.297097,79504063.4
US,PLTR,2024-03-14,-2.28,25.104,25.092,24.553,20.272667,24.816384,23.724241,1.092144,1.342382,-0.500476,54.462718,26.56984,22.53616,1.265876,65843156.4
US,PLTR,2024-03-15,-3.847728,24.594,24.948,24.457,20.366833,24.612325,23.706889,0.905436,1.254992,-0.699114,49.234967,26.484285,22.429715,1.247599,61276131.4
US,PLTR,2024-03-18,2.171137,24.324,24.944,24.435,20.467667,24.518121,23.728601,0.78952,1.161898,-0.744756,51.930897,26.472071,22.397929,1.219913,57926886.2
US,PLTR,2024-03-19,-0.833333,24.144,24.943,24.455,20.576833,24.407641,23.73389,0.673751,1.064269,-0.781035,50.791745,26.458612,22.451388,1.209919,51535813.4
US,PLTR,2024-03-20,3.235294,24.058,24.784,24.5465,20.693167,24.432619,23.795824,0.636795,0.978774,-0.683957,54.894111,26.389153,22.703847,1.193497,47647969.8
US,PLTR,2024-03-21,-0.3256,24.07,24.587,24.5915,20.811167,24.441447,23.847245,0.594202,0.90186,-0.615314,54.386801,26.381732,22.801268,1.171818,45224934.6
US,PLTR,2024-03-22,-1.265823,24.208,24.401,24.652,20.9195,24.401224,23.871893,0.529331,0.827354,-0.596045,52.367207,26.294652,23.009348,1.121688,38031340.6
US,PLTR,2024-03-25,1.364764,24.31,24.317,24.6995,21.036833,24.417959,23.91916,0.498799,0.761643,-0.525688,54.312156,26.266286,23.132714,1.082282,35065912.6
US,PLTR,2024-03-26,1.550388,24.528,24.336,24.7175,21.159,24.490581,23.991074,0.499506,0.709216,-0.419418,56.514093,26.284355,23.150645,1.076405,35138555.6
US,PLTR,2024-03-27,-1.526718,24.516,24.287,24.722,21.281333,24.493568,24.029513,0.464055,0.660183,-0.392257,53.725596,26.285926,23.158074,1.086662,34803818.0
US,PLTR,2024-03-28,-6.119951,24.22,24.145,24.6185,21.3885,24.265327,23.953994,0.311333,0.590413,-0.55816,44.410428,26.340003,22.896997,1.121186,41385529.4
US,PLTR,2024-04-01,-0.65189,23.956,24.082,24.515,21.501333,24.049123,23.872957,0.176166,0.507564,-0.662796,43.59639,26.391108,22.638892,1.098958,44494929.4
US,PLTR,2024-04-02,-0.612423,23.598,23.954,24.449,21.609167,23.844642,23.787553,0.057089,0.417469,-0.720759,42.807706,26.47425,22.42375,1.10189,46597863.4
US,PLTR,2024-04-03,-0.088028,23.16,23.844,24.3935,21.721167,23.668544,23.706994,-0.03845,0.326285,-0.72947,42.688895,26.542791,22.244209,1.068183,43947253.0
US,PLTR,2024-04-04,-0.969163,22.754,23.635,24.2095,21.818,23.485691,23.616105,-0.130414,0.234945,-0.730719,41.330033,26.352446,22.066554,1.113313,49226294.8
US,PLTR,2024-04-05,2.135231,22.744,23.482,24.0345,21.9275,23.404815,23.567505,-0.162689,0.155418,-0.636216,45.412799,25.975896,22.093104,1.105934,42968026.6
US,PLTR,2024-04-08,0.174216,22.772,23.364,23.8825,22.031,23.342536,23.525467,-0.182931,0.087748,-0.54136,45.751588,25.639268,22.125732,1.064795,39772562.4
US,PLTR,2024-04-09,-0.826087,22.79,23.194,23.7555,22.133167,23.260607,23.47247,-0.211862,0.027826,-0.479377,44.343762,25.435101,22.075899,1.033739,37363352.8
US,PLTR,2024-04-10,-1.709776,22.734,22.947,23.6415,22.2275,23.131283,23.394509,-0.263226,-0.030384,-0.465683,41.519586,25.358291,21.924709,1.017043,37020456.8
US,PLTR,2024-04-11,1.873327,22.806,22.78,23.5335,22.332667,23.08647,23.353434,-0.266964,-0.0777,-0.378528,45.54203,25.164479,21.902521,0.99154,29301273.8
US,PLTR,2024-04-12,-0.744308,22.748,22.746,23.4455,22.437333,23.022398,23.30281,-0.280412,-0.118242,-0.324338,44.216326,25.063369,21.827631,0.977144,28910800.6
US,PLTR,2024-04-15,-3.396559,22.528,22.65,23.366,22.529,22.849721,23.198898,-0.349176,-0.164429,-0.369494,38.718632,25.118009,21.613991,1.000205,31542674.6
US,PLTR,2024-04-16,-0.091324,22.342,22.566,23.26,22.614,22.700533,23.101202,-0.400668,-0.211677,-0.377982,38.584438,25.100065,21.419935,0.980191,32771609.8
US,PLTR,2024-04-17,-2.605119,22.12,22.427,23.1355,22.675833,22.486605,22.96852,-0.481915,-0.265725,-0.43238,34.874616,25.141994,21.129006,0.973749,33070982.8
US,PLTR,2024-04-18,-0.844674,21.778,22.292,22.9635,22.739167,22.277897,22.832333,-0.554437,-0.323467,-0.461939,33.770387,25.037272,20.889728,0.956338,34701215.2
US,PLTR,2024-04-19,-3.123521,21.338,22.043,22.7625,22.801167,21.999759,22.657346,-0.657587,-0.390291,-0.534592,30.017385,24.979795,20.545205,0.966599,35274841.8
US,PLTR,2024-04-22,2.442599,21.152,21.84,22.602,22.876333,21.841334,22.532357,-0.691023,-0.450437,-0.481171,35.835082,24.850133,20.353867,0.948985,34017329.6
US,PLTR,2024-04-23,3.195041,21.104,21.723,22.4585,22.9645,21.81036,22.466257,-0.655897,-0.491529,-0.328735,42.708046,24.562955,20.354045,0.959058,34504416.2
US,PLTR,2024-04-24,-0.231054,21.16,21.64,22.2935,23.0395,21.776458,22.401349,-0.62489,-0.518201,-0.213378,42.343533,24.106854,20.480146,0.958411,35361752.0
US,PLTR,2024-04-25,0.555813,21.276,21.527,22.1535,23.122333,21.766234,22.350138,-0.583904,-0.531342,-0.105124,43.587966,23.668548,20.638452,0.967096,33696984.6
US,PLTR,2024-04-26,3.731,21.686,21.512,22.129,23.2295,21.882198,22.36272,-0.480522,-0.521178,0.081312,51.238456,23.603149,20.654851,0.966589,32394419.6
US,PLTR,2024-04-29,1.376554,22.058,21.605,22.1275,23.337833,22.028014,22.397333,-0.36932,-0.490806,0.242973,53.819736,23.598729,20.656271,0.938261,32081655.8
US,PLTR,2024-04-30,-3.766973,22.124,21.614,22.09,23.420333,22.019088,22.365679,-0.346591,-0.461963,0.230745,46.47029,23.536942,20.643058,0.936957,30923104.8
US,PLTR,2024-05-01,0.682749,22.23,21.695,22.061,23.510333,22.034613,22.347481,-0.312867,-0.432144,0.238553,47.808999,23.480872,20.641128,0.955746,31000380.0
US,PLTR,2024-05-02,1.943942,22.398,21.837,22.0645,23.521667,22.113904,22.362482,-0.248578,-0.395431,0.293705,51.549673,23.488824,20.640176,0.931764,31834265.6
US,PLTR,2024-05-03,3.45898,22.56,22.123,22.083,23.517167,22.300995,22.43415,-0.133155,-0.342976,0.419642,57.500159,23.561933,20.604067,0.943066,36405594.2
US,PLTR,2024-05-06,8.058294,23.036,22.547,22.1935,23.528833,22.748535,22.639769,0.108766,-0.252627,0.722787,67.77359,24.174876,20.212124,1.020704,65526767.6
US,PLTR,2024-05-07,-15.11305,22.922,22.523,22.123,23.479167,22.541068,22.547934,-0.006866,-0.203475,0.393218,44.366931,24.11194,20.13406,1.223511,91636716.2
US,PLTR,2024-05-08,0.747664,22.81,22.52,22.08,23.421,22.390134,22.474754,-0.084619,-0.179704,0.190169,45.222511,24.078559,20.081441,1.183975,98190722.2
US,PLTR,2024-05-09,-1.948052,22.528,22.463,21.995,23.373167,22.197806,22.375883,-0.178077,-0.179379,0.002603,43.338367,24.001624,19.988376,1.145119,102931883.0
US,PLTR,2024-05-10,-2.554399,21.982,22.271,21.8915,23.296667,21.95199,22.244336,-0.292346,-0.201972,-0.180749,40.974606,23.960744,19.822256,1.125468,103705683.8
US,PLTR,2024-05-13,1.650485,21.128,22.082,21.8435,23.222167,21.796299,22.147719,-0.35142,-0.231862,-0.239116,43.079684,23.953858,19.733142,1.08722,76023332.6
US,PLTR,2024-05-14,2.387775,21.136,22.029,21.8215,23.172167,21.741484,22.095295,-0.353811,-0.256252,-0.195119,46.122743,23.939039,19.703961,1.09099,55389879.0
US,PLTR,2024-05-15,1.072761,21.158,21.984,21.8395,23.143333,21.730486,22.063792,-0.333305,-0.271662,-0.123286,47.512821,23.945429,19.733571,1.057348,49758108.4
US,PLTR,2024-05-16,-0.092293,21.26,21.894,21.8655,23.125167,21.718104,22.03314,-0.315037,-0.280337,-0.069399,47.3983,23.948464,19.782536,1.005395,44421056.4
US,PLTR,2024-05-17,0.508083,21.492,21.737,21.93,23.094667,21.724549,22.012908,-0.288359,-0.281941,-0.012834,48.138694,23.913643,19.946357,0.977152,38458424.6
US,PLTR,2024-05-20,-0.643382,21.628,21.378,21.9625,23.072167,21.708465,21.983804,-0.275339,-0.280621,0.010564,47.227567,23.902993,20.022007,0.946641,38004514.4
US,PLTR,2024-05-21,-1.757632,21.588,21.362,21.9425,23.0335,21.636393,21.928707,-0.292314,-0.282959,-0.018708,44.751662,23.904008,19.980992,0.914738,32016436.0
US,PLTR,2024-05-22,-0.329567,21.488,21.323,21.9215,22.9775,21.56464,21.872506,-0.307866,-0.287941,-0.03985,44.291031,23.906507,19.936493,0.873686,29174124.0
US,PLTR,2024-05-23,-2.12565,21.302,21.281,21.872,22.915833,21.434696,21.787136,-0.35244,-0.300841,-0.103198,41.344816,23.923883,19.820117,0.874851,31068314.0
US,PLTR,2024-05-24,1.399614,21.152,21.322,21.7965,22.848,21.369358,21.72957,-0.360212,-0.312715,-0.094994,43.933177,23.85855,19.73445,0.848076,29493605.6
US,PLTR,2024-05-28,0.190386,21.038,21.333,21.7075,22.783333,21.320226,21.679231,-0.359006,-0.321973,-0.074065,44.298295,23.736834,19.678166,0.822499,27697391.6
US,PLTR,2024-05-29,-0.522565,20.978,21.283,21.656,22.731667,21.26173,21.624474,-0.362744,-0.330127,-0.065233,43.460118,23.708222,19.603778,0.793035,27073447.2
US,PLTR,2024-05-30,3.772684,21.09,21.289,21.6365,22.697,21.333771,21.63229,-0.298519,-0.323806,0.050573,50.677982,23.6781,19.5949,0.809247,31547579.2
US,PLTR,2024-05-31,-0.230097,21.282,21.292,21.593,22.622333,21.387037,21.635824,-0.248787,-0.308802,0.120029,50.240825,23.59151,19.59449,0.815015,33053268.6
US,PLTR,2024-06-03,-1.660517,21.344,21.248,21.4925,22.536667,21.376724,21.61243,-0.235706,-0.294183,0.116953,47.091084,23.326925,19.658075,0.812514,35396740.2
US,PLTR,2024-06-04,3.658537,21.554,21.296,21.337,22.471,21.487997,21.648546,-0.160549,-0.267456,0.213814,53.843072,22.097424,20.576576,0.84162,38536712.0
US,PLTR,2024-06-05,3.891403,21.958,21.468,21.415,22.431167,21.714459,21.745691,-0.031232,-0.220211,0.377959,59.916781,22.454202,20.375798,0.844361,41534942.4
US,PLTR,2024-06-06,3.614983,22.37,21.73,21.5265,22.416,22.033773,21.897121,0.136652,-0.148839,0.570981,64.739283,22.994196,20.058804,0.854764,44098389.8
US,PLTR,2024-06-07,-2.017654,22.696,21.989,21.635,22.387833,22.230116,22.001779,0.228337,-0.073404,0.60348,60.226492,23.282222,19.987778,0.845852,42645150.4
US,PLTR,2024-06-10,-0.772201,23.058,22.201,21.7615,22.366167,22.368559,22.085351,0.283208,-0.002081,0.570579,58.577479,23.459172,20.063828,0.831863,42171792.0
US,PLTR,2024-06-11,3.11284,23.408,22.481,21.907,22.372167,22.596473,22.216066,0.380408,0.074417,0.611982,62.947636,23.787107,20.026893,0.848158,39897353.0
US,PLTR,2024-06-12,-0.33543,23.57,22.764,22.0235,22.368333,22.777016,22.331172,0.445844,0.148702,0.594284,62.162882,24.055999,19.991001,0.841861,39640819.4
US,PLTR,2024-06-13,-2.103492,23.466,22.918,22.1035,22.3595,22.85286,22.400715,0.452145,0.209391,0.485508,57.350538,24.199022,20.007978,0.852443,32767756.4
US,PLTR,2024-06-14,1.289214,23.518,23.107,22.1995,22.342833,22.963189,22.487328,0.47586,0.262685,0.426352,59.382317,24.377421,20.021579,0.854411,30661437.8
US,PLTR,2024-06-17,6.151888,23.896,23.477,22.3625,22.351667,23.279621,22.674934,0.604688,0.331085,0.547205,67.452927,24.850366,19.874634,0.908382,35218394.6
US,PLTR,2024-06-18,3.197442,24.29,23.849,22.5725,22.379,23.670449,22.907902,0.762547,0.417378,0.690339,70.889656,25.452374,19.692626,0.929212,39989740.2
US,PLTR,2024-06-20,-1.006971,24.648,24.109,22.7885,22.3965,23.961149,23.104353,0.856796,0.505261,0.703069,68.363133,25.876699,19.700301,0.963554,45628186.4
US,PLTR,2024-06-21,-6.729264,24.762,24.114,22.922,22.379,23.942511,23.158846,0.783665,0.560942,0.445446,54.519958,25.949029,19.894971,1.077585,54417491.8
US,PLTR,2024-06-24,1.342282,24.88,24.199,23.094,22.373167,23.975971,23.233005,0.742965,0.597347,0.291237,56.293203,25.989054,20.198946,1.078472,56389316.6
US,PLTR,2024-06-25,1.655629,24.788,24.342,23.2715,22.399,24.065821,23.331301,0.73452,0.624781,0.219478,58.472797,26.067306,20.475694,1.052153,51461953.2
US,PLTR,2024-06-26,-1.872964,24.444,24.367,23.424,22.419667,24.07108,23.388242,0.682838,0.636393,0.09289,55.071563,26.045789,20.802211,1.021999,45436512.6
US,PLTR,2024-06-27,4.647303,24.376,24.512,23.638,22.461333,24.247837,23.523928,0.723909,0.653896,0.140026,61.017225,26.108155,21.167845,1.045428,39666093.4
US,PLTR,2024-06-28,0.436162,24.674,24.718,23.818,22.505167,24.414323,23.657711,0.756612,0.674439,0.164347,61.555339,26.229751,21.406249,1.009326,33447066.0
US,PLTR,2024-07-01,2.171338,25.018,24.949,24.028,22.561833,24.639812,23.822325,0.817487,0.703049,0.228877,64.215176,26.38942,21.66658,1.000088,32785168.6
US,PLTR,2024-07-02,-0.193199,25.272,25.03,24.2535,22.609667,24.822918,23.971041,0.851876,0.732814,0.238124,63.783143,26.387906,22.119094,0.977225,33283368.0
US,PLTR,2024-07-03,0.077429,25.622,25.033,24.441,22.657167,24.98093,24.110224,0.870707,0.760393,0.220628,63.887802,26.440329,22.441671,0.943852,32103861.2
US,PLTR,2024-07-05,5.338491,26.024,25.2,24.6545,22.730833,25.326941,24.341318,0.985623,0.805439,0.360368,70.271519,26.875315,22.433685,0.976434,33868035.2
US,PLTR,2024-07-08,1.726037,26.498,25.586,24.85,22.818833,25.692027,24.590109,1.101918,0.864735,0.474366,72.081661,27.396503,22.303497,0.988831,38012979.6
US,PLTR,2024-07-09,-1.119134,26.8,25.909,25.054,22.894667,25.953254,24.797509,1.155745,0.922937,0.465617,69.093357,27.724995,22.383005,1.000343,42024700.6
US,PLTR,2024-07-10,3.760497,27.318,26.295,25.3185,22.9905,26.332753,25.065841,1.266912,0.991732,0.55036,73.085824,28.213325,22.423675,1.007462,44241257.8
US,PLTR,2024-07-11,-2.744546,27.676,26.649,25.508,23.086167,26.533868,25.25652,1.277348,1.048855,0.456986,66.120118,28.488427,22.527573,1.056214,52863700.6
US,PLTR,2024-07-12,1.555716,27.844,26.934,25.723,23.189333,26.770196,25.464926,1.30527,1.100138,0.410264,67.934499,28.790032,22.655968,1.041485,49675008.4
US,PLTR,2024-07-15,2.137513,28.038,27.268,25.993,23.312,27.062474,25.702339,1.360135,1.152137,0.415995,70.322739,29.09922,22.88678,1.067093,47590044.8
US,PLTR,2024-07-16,0.0,28.294,27.547,26.248,23.437667,27.309785,25.922165,1.38762,1.199234,0.376772,70.322739,29.354056,23.141944,1.088729,48810876.2
US,PLTR,2024-07-17,-1.569585,28.254,27.786,26.408,23.566833,27.449818,26.092375,1.357443,1.230876,0.253134,66.04411,29.573651,23.242349,1.101677,49205362.8
US,PLTR,2024-07-18,1.488306,28.454,28.065,26.549,23.694667,27.632923,26.281088,1.351835,1.255068,0.193535,68.001001,29.845822,23.252178,1.142986,52193263.6
US,PLTR,2024-07-19,-0.209497,28.556,28.2,26.7,23.810333,27.778627,26.451378,1.327249,1.269504,0.115491,67.403388,30.077455,23.322545,1.156344,55957537.2
US,PLTR,2024-07-22,-0.419874,28.514,28.276,26.931,23.924833,27.883454,26.600165,1.283289,1.272261,0.022056,66.151235,30.121197,23.740803,1.165177,53727830.6
US,PLTR,2024-07-23,1.229796,28.542,28.418,27.1635,24.043167,28.025999,26.763856,1.262143,1.270237,-0.016189,68.017444,30.185349,24.141651,1.144807,48088554.0
US,PLTR,2024-07-24,-7.670948,28.218,28.236,27.2655,24.111167,27.806615,26.751719,1.054896,1.227169,-0.344546,49.470492,30.057958,24.473042,1.222321,48848682.8
US,PLTR,2024-07-25,0.112782,27.816,28.135,27.392,24.1745,27.625597,26.742703,0.882895,1.158314,-0.550839,49.671116,29.802499,24.981501,1.268583,42646493.2
US,PLTR,2024-07-26,2.06534,27.536,28.046,27.49,24.261333,27.557044,26.775095,0.781949,1.083041,-0.602185,53.329636,29.689445,25.290555,1.228685,38216610.8
US,PLTR,2024-07-29,-0.367918,27.26,27.887,27.5775,24.344,27.483652,26.797681,0.685972,1.003627,-0.635311,52.581224,29.554223,25.600777,1.21735,35816816.8
US,PLTR,2024-07-30,-2.621861,26.772,27.657,27.602,24.407667,27.312321,26.766001,0.546321,0.912166,-0.73169,47.485814,29.50472,25.69928,1.241111,35953937.8
US,PLTR,2024-07-31,1.971938,26.83,27.524,27.655,24.467,27.247349,26.775186,0.472163,0.824165,-0.704005,51.214604,29.410705,25.899295,1.225317,31975437.8
US,PLTR,2024-08-01,-3.012272,26.72,27.268,27.6665,24.4815,27.067757,26.72369,0.344066,0.728146,-0.768159,45.763585,29.377199,25.955801,1.259937,29118436.6
US,PLTR,2024-08-02,-5.138037,26.232,26.884,27.542,24.537167,26.70964,26.57675,0.13289,0.609094,-0.952409,38.469019,29.672555,25.411445,1.33637,34850511.8
US,PLTR,2024-08-05,-2.627324,25.634,26.447,27.3615,24.579333,26.306619,26.392547,-0.085928,0.47009,-1.112036,35.512039,29.966728,24.756272,1.49163,47247443.4
US,PLTR,2024-08-06,10.37775,25.678,26.225,27.3215,24.670167,26.350216,26.407173,-0.056957,0.364681,-0.843275,51.085527,29.948226,24.694774,1.622942,60808002.4
US,PLTR,2024-08-07,-1.015419,25.564,26.197,27.2165,24.7655,26.345567,26.400716,-0.055148,0.280715,-0.671726,49.689855,29.827027,24.605973,1.658446,70180761.4
US,PLTR,2024-08-08,11.246201,26.204,26.462,27.2985,24.9045,26.797018,26.613996,0.183022,0.261176,-0.156308,61.959765,30.055979,24.541021,1.758557,83321423.6
US,PLTR,2024-08-09,2.493169,27.258,26.745,27.3955,25.047333,27.291323,26.865552,0.425771,0.294095,0.263352,64.273892,30.381711,24.409289,1.722946,89729124.8
US,PLTR,2024-08-12,-2.0993,28.316,26.975,27.431,25.175833,27.612658,27.051807,0.560851,0.347446,0.426809,60.83439,30.492894,24.369106,1.737735,85702489.2
US,PLTR,2024-08-13,3.437713,29.076,27.377,27.517,25.3215,28.039942,27.299081,0.740861,0.426129,0.629463,64.146872,30.801772,24.232228,1.718611,77236790.4
US,PLTR,2024-08-14,2.007239,30.012,27.788,27.656,25.4755,28.495335,27.573223,0.922112,0.525326,0.793573,66.016316,31.267074,24.044926,1.670139,72018838.6
US,PLTR,2024-08-15,0.709677,30.4,28.302,27.785,25.6355,28.914514,27.843355,1.07116,0.634493,0.873334,66.690884,31.699085,23.870915,1.598701,61321777.4
US,PLTR,2024-08-16,2.754644,30.814,29.036,27.96,25.816167,29.401512,28.15718,1.244332,0.756461,0.975743,69.259651,32.291346,23.628654,1.610936,56669683.8
US,PLTR,2024-08-19,1.309227,31.438,29.877,28.162,26.005,29.878203,28.478871,1.399332,0.885035,1.028594,70.457877,32.923267,23.400733,1.551584,53562347.6
US,PLTR,2024-08-20,-0.553846,31.824,30.45,28.3375,26.198333,30.253864,28.763399,1.490465,1.006121,0.968688,69.212721,33.428696,23.246304,1.518613,50260108.4
US,PLTR,2024-08-21,0.680693,32.132,31.072,28.6345,26.3905,30.605577,29.043147,1.56243,1.117383,0.890095,69.912585,33.972651,23.296349,1.460141,47912500.2
US,PLTR,2024-08-22,-1.905347,32.272,31.336,28.899,26.571667,30.807796,29.256247,1.551549,1.204216,0.694666,65.400499,34.336951,23.461049,1.447274,47935422.4
US,PLTR,2024-08-23,-0.438596,32.212,31.513,29.129,26.752333,30.957366,29.443192,1.514174,1.266208,0.495933,64.389941,34.645227,23.612773,1.410326,41785534.8
US,PLTR,2024-08-26,-2.926369,31.882,31.66,29.3175,26.904333,30.940848,29.5474,1.393448,1.291656,0.203585,57.980746,34.798313,23.836687,1.380302,38371531.6
US,PLTR,2024-08-27,-0.032415,31.586,31.705,29.541,27.057,30.925333,29.643148,1.282185,1.289762,-0.015153,57.913993,34.885675,24.196325,1.334567,34923189.6
US,PLTR,2024-08-28,-1.55642,31.15,31.641,29.7145,27.207667,30.838359,29.696248,1.142111,1.260231,-0.236242,54.660948,34.927344,24.501656,1.317098,34085949.6
US,PLTR,2024-08-29,2.108037,30.966,31.619,29.9605,27.356,30.863227,29.792822,1.070404,1.222266,-0.303723,58.044832,34.922381,24.998619,1.327305,33328105.0
US,PLTR,2024-08-30,1.548387,30.906,31.559,30.2975,27.498,30.958115,29.917798,1.040316,1.185876,-0.291119,60.430186,34.676659,25.918341,1.28964,34981469.6
US,PLTR,2024-09-03,-3.081321,30.838,31.36,30.6185,27.61,30.889174,29.961665,0.927509,1.134203,-0.413388,53.776325,33.945254,27.291746,1.298952,34831064.6
US,PLTR,2024-09-04,0.262209,30.788,31.187,30.8185,27.731333,30.843147,30.008209,0.834939,1.07435,-0.478822,54.223998,33.586476,28.050524,1.316169,36806704.6
US,PLTR,2024-09-05,-1.405688,30.748,30.949,31.0105,27.8485,30.738048,30.019452,0.718595,1.003199,-0.569207,51.345526,32.895615,29.125385,1.2743,34816890.8
US,PLTR,2024-09-06,0.56366,30.614,30.79,31.063,27.9565,30.675271,30.042456,0.632815,0.929122,-0.592614,52.420882,32.805505,29.320495,1.293279,37059650.8
US,PLTR,2024-09-09,14.07847,31.238,31.072,31.2925,28.137,31.279076,30.380052,0.899024,0.923102,-0.048157,70.223051,33.552136,29.032864,1.513044,56698546.2
US,PLTR,2024-09-10,0.462428,32.088,31.463,31.5615,28.3285,31.814602,30.704492,1.11011,0.960504,0.299212,70.665951,34.108987,29.014013,1.511398,68136426.2
US,PLTR,2024-09-11,0.258918,32.94,31.864,31.7845,28.5165,32.281587,31.011567,1.27002,1.022407,0.495225,70.927895,34.644419,28.924581,1.492727,75112986.2
US,PLTR,2024-09-12,0.172166,33.89,32.319,31.98,28.681333,32.685958,31.30034,1.385618,1.095049,0.581138,71.113091,35.119573,28.840427,1.448247,81188888.6
US,PLTR,2024-09-13,1.947866,34.942,32.778,32.1985,28.844167,33.132734,31.618092,1.514641,1.178968,0.671347,73.197008,35.685168,28.711832,1.4248,80944968.6
US,PLTR,2024-09-16,2.02304,35.284,33.261,32.41,29.023333,33.621544,31.965641,1.655903,1.274355,0.763096,75.234235,36.328673,28.491327,1.420172,67781934.4
US,PLTR,2024-09-17,0.385569,35.622,33.855,32.6075,29.2335,34.056691,32.297816,1.758875,1.371259,0.775233,75.622234,36.904321,28.310679,1.403017,62330094.4
US,PLTR,2024-09-18,-0.192044,35.928,34.434,32.8105,29.437167,34.414123,32.6002,1.813923,1.459792,0.708263,74.989626,37.406983,28.214017,1.391373,61925594.4
US,PLTR,2024-09-19,1.236943,36.312,35.101,33.025,29.641667,34.785796,32.913518,1.872278,1.542289,0.659978,76.358785,37.940309,28.109691,1.374132,63023634.0
US,PLTR,2024-09-20,1.004616,36.634,35.788,33.289,29.86,35.157212,33.231036,1.926177,1.619067,0.614221,77.451784,38.497013,28.080987,1.388837,143136301.6
US,PLTR,2024-09-23,2.016129,36.962,36.123,33.5975,30.072167,35.586872,33.580588,2.006284,1.69651,0.619547,79.518825,39.132143,28.062857,1.405348,144074983.2
US,PLTR,2024-09-24,-2.766798,37.052,36.337,33.9,30.265,35.788892,33.826471,1.962421,1.749692,0.425458,69.862855,39.462176,28.337824,1.415681,147086472.8
US,PLTR,2024-09-25,0.596206,37.2,36.564,34.214,30.452333,35.993678,34.070436,1.923242,1.784402,0.277679,70.666579,39.758761,28.669239,1.371703,143132857.6
US,PLTR,2024-09-26,-0.053879,37.254,36.783,34.551,30.640167,36.163881,34.294848,1.869033,1.801328,0.135409,70.482553,39.934794,29.167206,1.333725,140876849.4
US,PLTR,2024-09-27,-0.700809,37.182,36.908,34.843,30.823333,36.267899,34.483378,1.784521,1.797967,-0.026891,68.003293,40.055501,29.630499,1.301316,59462566.2
US,PLTR,2024-09-30,0.977199,37.032,36.997,35.129,30.9895,36.411299,34.684609,1.72669,1.783712,-0.114042,69.597915,40.197739,30.060261,1.291936,52015129.4
US,PLTR,2024-10-01,-1.989247,36.944,36.998,35.4265,31.1355,36.418792,34.81612,1.602672,1.747504,-0.289663,62.682579,40.055255,30.797745,1.307512,46682887.0
US,PLTR,2024-10-02,2.825014,37.018,37.109,35.7715,31.303833,36.583593,35.014185,1.569408,1.711885,-0.284953,67.520091,39.909438,31.633562,1.323404,44378323.4
US,PLTR,2024-10-03,4.667911,37.446,37.35,36.2255,31.484167,36.992271,35.327208,1.665063,1.70252,-0.074915,73.747027,39.747769,32.703231,1.366018,46097212.4
US,PLTR,2024-10-04,1.962283,38.08,37.631,36.7095,31.690333,37.456537,35.674082,1.782455,1.718507,0.127896,75.933342,39.426568,33.992432,1.343445,49984897.0
US,PLTR,2024-10-07,-2.7993,38.418,37.725,36.924,31.870667,37.67707,35.912298,1.764772,1.72776,0.074024,67.17086,39.618315,34.229685,1.345342,50365146.4
US,PLTR,2024-10-08,6.582669,39.416,38.18,37.2585,32.083667,38.257521,36.322498,1.935023,1.769213,0.33162,74.433213,40.416368,34.100632,1.43496,52302128.2
US,PLTR,2024-10-09,4.053076,40.544,38.781,37.6725,32.324667,39.007133,36.826757,2.180375,1.851445,0.65786,77.889918,41.548229,33.796771,1.484606,62585287.0
US,PLTR,2024-10-10,0.904243,41.4,39.423,38.103,32.579667,39.70142,37.322553,2.378867,1.95693,0.843875,78.61282,42.529322,33.676678,1.483563,63649260.8
US,PLTR,2024-10-11,-0.022978,42.1,40.09,38.499,32.8275,40.287355,37.780883,2.506473,2.066838,0.879269,78.541909,43.351747,33.646253,1.503308,64359131.8
US,PLTR,2024-10-14,-0.252815,43.002,40.71,38.8535,33.0745,40.766224,38.197113,2.56911,2.167293,0.803635,77.711523,44.039258,33.667742,1.475215,63736353.8
US,PLTR,2024-10-15,-2.235023,43.198,41.307,39.1525,33.307333,41.022189,38.510661,2.511529,2.23614,0.550778,70.621029,44.438084,33.866916,1.524128,60887164.8
US,PLTR,2024-10-16,-1.178412,42.958,41.751,39.43,33.526,41.161853,38.763945,2.397908,2.268493,0.258828,67.216553,44.686893,34.173107,1.567405,55437812.4
US,PLTR,2024-10-17,0.166945,42.654,42.027,39.6885,33.782667,41.290798,39.003653,2.287146,2.272224,0.029843,67.453111,44.916943,34.460057,1.533304,49740232.4
US,PLTR,2024-10-18,2.309524,42.546,42.323,39.977,34.055,41.549137,39.297456,2.251681,2.268115,-0.032869,70.617112,45.260825,34.693175,1.519497,43292656.4
US,PLTR,2024-10-21,-0.628345,42.406,42.704,40.2145,34.313667,41.726193,39.549497,2.176696,2.249831,-0.14627,68.617531,45.539383,34.889617,1.481676,41234434.4
US,PLTR,2024-10-22,0.562061,42.508,42.853,40.5165,34.578,41.912932,39.800645,2.112288,2.222323,-0.22007,69.445728,45.739339,35.293661,1.460842,37141181.2
US,PLTR,2024-10-23,-0.815091,42.64,42.799,40.79,34.848333,42.017097,40.007264,2.009833,2.179825,-0.339984,66.681994,45.842868,35.737132,1.47221,32438993.6
US,PLTR,2024-10-24,2.27753,42.952,42.803,41.113,35.126167,42.254466,40.270429,1.984037,2.140667,-0.31326,70.219309,46.004372,36.221628,1.448481,32449230.8
US,PLTR,2024-10-25,2.984389,43.33,42.938,41.514,35.439167,42.655318,40.610398,2.04492,2.121518,-0.153195,74.176335,46.250942,36.777058,1.452875,35738726.8
US,PLTR,2024-10-28,0.245207,43.784,43.095,41.9025,35.776333,43.011423,40.933331,2.078092,2.112833,-0.069482,74.485265,46.430364,37.374636,1.381955,36940706.8
US,PLTR,2024-10-29,-0.088948,44.182,43.345,42.326,36.123667,43.306588,41.229381,2.077208,2.105708,-0.057,74.137941,46.287456,38.364544,1.356816,36605502.4
US,PLTR,2024-10-30,-2.759849,44.402,43.521,42.636,36.408667,43.365575,41.411649,1.953926,2.075351,-0.24285,64.151382,45.953146,39.318854,1.354186,35737948.8
US,PLTR,2024-10-31,-4.875257,44.002,43.477,42.752,36.662667,43.087794,41.422638,1.665156,1.993312,-0.656312,51.354681,45.731031,39.772969,1.456744,39116708.8
US,PLTR,2024-11-01,0.866218,43.414,43.372,42.8475,36.873333,42.908133,41.459479,1.448654,1.884381,-0.871453,53.059004,45.581156,40.113844,1.424834,35777913.0
US,PLTR,2024-11-04,-1.216603,42.702,43.243,42.9735,37.063333,42.677651,41.455814,1.221837,1.751872,-1.06007,50.366803,45.139208,40.807792,1.395203,43514633.0
US,PLTR,2024-11-05,23.472591,43.942,44.062,43.4575,37.425833,43.978013,42.172421,1.805592,1.762616,0.085952,75.68702,47.531166,39.383834,2.021974,80057330.6
US,PLTR,2024-11-06,8.605515,46.31,45.356,44.0775,37.844833,45.755242,43.161871,2.593371,1.928767,1.329207,80.529282,50.724661,37.430339,2.203262,96646672.8
US,PLTR,2024-11-07,0.63029,49.174,46.588,44.6955,38.2595,47.312897,44.103955,3.208942,2.184802,2.04828,80.855903,53.08923,36.30177,2.254457,110770232.8
US,PLTR,2024-11-08,4.491768,52.468,47.941,45.4395,38.712333,49.017066,45.16218,3.854886,2.518819,2.672135,83.051644,55.709229,35.169771,2.320567,120850535.4
US,PLTR,2024-11-11,3.168351,56.234,49.468,46.2815,39.181667,50.743672,46.279056,4.464616,2.907978,3.113275,84.46586,58.348419,34.214581,2.418384,127439435.4
US,PLTR,2024-11-12,-0.64741,57.978,50.96,47.1525,39.6375,52.144645,47.284311,4.860334,3.298449,3.12377,82.895509,60.435195,33.869805,2.364928,97478063.0
US,PLTR,2024-11-13,1.420217,59.012,52.661,48.091,40.1105,53.460854,48.278066,5.182788,3.675317,3.014942,83.610689,62.379419,33.802581,2.448862,91814354.4
US,PLTR,2024-11-14,-2.504119,59.672,54.423,48.95,40.5545,54.340722,49.085616,5.255106,3.991275,2.527662,77.379903,63.727703,34.172297,2.462515,79489762.4
US,PLTR,2024-11-15,11.135519,61.148,56.808,50.09,41.118667,56.099073,50.321497,5.777576,4.348535,2.858082,83.218797,66.295324,33.884676,2.773763,93721035.6
US,PLTR,2024-11-18,-6.85723,61.352,58.793,51.018,41.61,56.893062,51.131756,5.761305,4.631089,2.260432,69.917401,67.546737,34.489263,3.069923,99625003.8
US,PLTR,2024-11-19,2.807705,61.978,59.978,52.02,42.1455,57.829514,52.009404,5.82011,4.868893,1.902433,71.770568,68.894543,35.145457,3.117786,102924299.6
US,PLTR,2024-11-20,-1.365513,62.262,60.637,52.9965,42.666833,58.489588,52.758337,5.731252,5.041365,1.379773,69.466325,69.835532,36.157468,3.117944,97573259.6
US,PLTR,2024-11-21,-1.223439,62.698,61.185,53.8865,43.1835,58.93119,53.395497,5.535693,5.140231,0.790925,67.406716,70.516735,37.256265,3.073805,96846959.6
US,PLTR,2024-11-22,4.872881,62.414,61.781,54.861,43.739333,59.764853,54.206942,5.557912,5.223767,0.668289,71.044105,71.545351,38.176649,3.074248,78067222.2
US,PLTR,2024-11-25,0.4662,63.092,62.222,55.845,44.292167,60.516414,54.980502,5.535913,5.286196,0.499433,71.389112,72.400756,39.289244,3.126087,66470347.4
US,PLTR,2024-11-26,1.686002,63.644,62.811,56.8855,44.879333,61.320043,55.777501,5.542541,5.337465,0.410153,72.663561,73.1802,40.5908,3.042795,60729315.4
US,PLTR,2024-11-27,0.471555,64.43,63.346,58.0035,45.470333,62.047729,56.538427,5.509301,5.371832,0.274938,73.031494,73.57562,42.43138,3.062596,59591598.4
US,PLTR,2024-11-29,1.559425,65.574,64.136,59.2795,46.085667,62.821924,57.319285,5.50264,5.397994,0.209292,74.27062,73.364139,45.194861,2.964553,54276059.2
US,PLTR,2024-12-02,-1.028623,65.982,64.198,60.503,46.686667,63.370859,57.991189,5.37967,5.394329,-0.029319,71.887698,72.429049,48.576951,2.889942,51235072.8
US,PLTR,2024-12-03,6.883567,67.244,65.168,61.9805,47.292667,64.538419,58.951842,5.586577,5.432779,0.307597,77.123019,71.061241,52.899759,3.056375,55275147.0
US,PLTR,2024-12-04,-1.564262,68.066,65.855,62.9165,47.8775,65.355585,59.759113,5.596472,5.465517,0.26191,73.540685,71.150248,54.682752,3.116634,63087081.8
US,PLTR,2024-12-05,2.891911,69.23,66.83,63.7335,48.4945,66.357803,60.656216,5.701587,5.512731,0.377712,75.748365,72.114765,55.352235,3.117588,65650334.6
US,PLTR,2024-12-06,6.219563,71.082,68.328,64.7565,49.185,67.893526,61.817978,6.075548,5.625295,0.900507,79.770708,74.003595,55.509405,3.248475,78327937.0
US,PLTR,2024-12-09,-5.082526,72.296,69.139,65.46,49.7995,68.59606,62.606275,5.989785,5.698193,0.583184,69.063089,74.802989,56.117011,3.720727,102610246.0
US,PLTR,2024-12-10,-2.166713,72.282,69.763,65.9925,50.375833,68.948974,63.219885,5.729089,5.704372,0.049435,65.246634,75.298655,56.686345,3.799961,100488675.0
US,PLTR,2024-12-11,2.285231,72.814,70.44,66.6255,50.976833,69.496824,63.908041,5.588783,5.681254,-0.184943,67.257251,75.89649,57.35451,3.880678,101072783.8
US,PLTR,2024-12-12,0.951593,73.08,71.155,67.2505,51.5905,70.066543,64.596335,5.470209,5.639045,-0.337672,68.103682,76.524726,57.976274,3.852058,102555213.8
US,PLTR,2024-12-13,3.920765,73.026,72.054,68.095,52.2445,70.990152,65.446236,5.543916,5.620019,-0.152206,71.413849,77.351817,58.838183,3.837625,99133168.8
US,PLTR,2024-12-16,-0.420665,73.684,72.99,68.594,52.887,71.722436,66.209478,5.512959,5.598607,-0.171297,70.534895,78.357777,58.830223,4.039223,90566045.6
US,PLTR,2024-12-17,-1.79538,74.384,73.333,69.2505,53.494333,72.132831,66.815442,5.317389,5.542364,-0.44995,66.773398,78.714568,59.786432,4.039993,87605310.4
US,PLTR,2024-12-18,-3.871488,74.184,73.499,69.677,54.071167,72.037011,67.163187,4.873824,5.408656,-1.069664,59.533144,78.732286,60.621714,4.274994,91408216.0
US,PLTR,2024-12-19,3.775696,74.386,73.733,70.2815,54.689333,72.371317,67.685173,4.686143,5.264153,-1.156019,63.52605,78.838631,61.724369,4.332494,96459746.8
US,PLTR,2024-12-20,8.543323,75.282,74.154,71.241,55.4135,73.629576,68.638123,4.991452,5.209613,-0.436321,70.809556,79.884594,62.597406,4.677316,124792312.6
US,PLTR,2024-12-23,0.173805,76.27,74.977,72.058,56.144333,74.715795,69.530855,5.18494,5.204678,-0.039477,70.947519,81.024677,63.091323,4.672508,118250029.4
US,PLTR,2024-12-24,2.094435,77.868,76.126,72.9445,56.897333,75.894903,70.482644,5.41226,5.246195,0.33213,72.62924,82.303497,63.585503,4.632329,116304715.6
US,PLTR,2024-12-26,-0.291333,79.994,77.089,73.7645,57.658667,76.855687,71.346151,5.509536,5.298863,0.421346,71.991911,83.326492,64.202508,4.457876,106799654.4
US,PLTR,2024-12-27,-3.725347,80.968,77.677,74.416,58.351833,77.197889,71.919029,5.27886,5.294862,-0.032004,64.250447,83.552854,65.279146,4.440171,100274787.8
US,PLTR,2024-12-30,-2.40263,80.294,77.788,74.921,58.984167,77.195137,72.308731,4.886406,5.213171,-0.653529,59.940457,83.478252,66.363748,4.346587,68827228.2
US,PLTR,2024-12-31,-2.008292,79.282,77.776,75.383,59.577833,76.954347,72.554751,4.399596,5.050456,-1.30172,56.604548,82.99337,67.77263,4.345403,61575691.6
US,PLTR,2025-01-02,-0.58178,77.844,77.856,75.5945,60.182833,76.682909,72.749954,3.932955,4.826956,-1.788003,55.657603,82.931642,68.257358,4.328588,63004366.0
US,PLTR,2025-01-03,6.250831,77.394,78.694,76.0965,60.8235,77.176307,73.278847,3.897461,4.641057,-1.487192,62.813834,83.161629,69.031371,4.361546,63335042.0
US,PLTR,2025-01-06,-4.969333,76.762,78.865,76.299,61.37,76.983029,73.474488,3.508542,4.414554,-1.812024,54.772872,83.094999,69.503001,4.439293,71111633.0
US,PLTR,2025-01-07,-7.810854,75.324,77.809,75.9815,61.811167,75.907179,73.216377,2.690801,4.069803,-2.758004,45.419934,83.312443,68.650557,4.562915,77288417.8
US,PLTR,2025-01-08,-2.514645,73.844,76.563,75.77,62.223167,74.726074,72.847016,1.879058,3.631654,-3.505192,43.069259,83.713599,67.826401,4.485564,84076010.4
US,PLTR,2025-01-10,-1.421662,72.258,75.051,75.5885,62.620833,73.577447,72.433163,1.144284,3.13418,-3.979792,41.785695,84.114351,67.062649,4.393023,85130712.6
US,PLTR,2025-01-13,-3.389831,69.276,73.335,75.212,62.996667,72.254763,71.881077,0.373686,2.582082,-4.41679,38.854535,84.84194,65.58206,4.35495,86442483.8
US,PLTR,2025-01-14,1.43121,67.274,72.018,74.8475,63.396333,71.278646,71.438775,-0.160129,2.033639,-4.387537,40.682335,85.273435,64.421565,4.276025,76713454.8
US,PLTR,2025-01-15,3.383402,66.904,71.114,74.451,63.832,70.795777,71.194421,-0.398644,1.547183,-3.891653,44.933052,85.257039,63.644961,4.180595,69486271.0
US,PLTR,2025-01-16,1.614323,67.106,70.475,74.1255,64.269833,70.556427,71.049649,-0.493222,1.139102,-3.264648,46.952423,85.145486,63.105514,4.116981,63872247.0
US,PLTR,2025-01-17,3.653957,68.008,70.133,73.9945,64.754333,70.74313,71.103009,-0.359878,0.839306,-2.398368,51.369606,85.060987,62.928013,4.044339,59280271.0
US,PLTR,2025-01-21,1.811342,69.626,69.451,74.0725,65.2565,71.10111,71.248712,-0.147601,0.641924,-1.579051,53.511665,85.089723,63.055277,3.972601,56479919.8
US,PLTR,2025-01-22,5.200493,71.818,69.546,74.2055,65.827833,71.988632,71.665103,0.323528,0.578245,-0.509433,59.172739,85.290168,63.120832,3.980987,58317267.0
US,PLTR,2025-01-23,2.744894,73.986,70.445,74.127,66.418167,73.064227,72.206948,0.857279,0.634052,0.446455,61.943905,85.051918,63.202082,3.922345,58382844.2
US,PLTR,2025-01-24,0.0,75.934,71.52,74.0415,66.986833,73.974346,72.708655,1.265691,0.76038,1.010622,61.943905,84.784885,63.298115,3.913606,61558629.4
US,PLTR,2025-01-27,-4.482147,76.668,72.338,73.6945,67.494667,74.199831,72.910977,1.288854,0.866075,0.845559,54.717405,83.765435,63.623565,4.084777,65813431.0
US,PLTR,2025-01-28,6.349417,78.1,73.863,73.599,68.083,75.127549,73.453127,1.674423,1.027744,1.293357,61.296894,83.379824,63.818176,4.271578,68035905.0
US,PLTR,2025-01-29,-0.585816,78.678,75.248,73.633,68.684167,75.840234,73.920303,1.919931,1.206182,1.4275,60.370002,83.494197,63.771803,4.181466,64671989.4
US,PLTR,2025-01-30,1.830491,79.126,76.556,73.835,69.345167,76.66789,74.461021,2.206869,1.406319,1.6011,62.278197,84.134333,63.535667,4.05779,62703771.8
US,PLTR,2025-01-31,1.563654,79.828,77.881,74.178,70.021333,77.5636,75.05576,2.507839,1.626623,1.762432,63.906242,85.129852,63.226148,4.078662,62856972.4
US,PLTR,2025-02-03,1.515335,81.488,79.078,74.6055,70.726833,78.513815,75.699037,2.814778,1.864254,1.901047,65.485199,86.322734,62.888266,4.200186,72939246.0
US,PLTR,2025-02-04,23.990924,86.208,82.154,75.8025,71.605167,82.408613,77.782812,4.625801,2.416563,4.418474,80.357721,93.030136,58.574864,5.555173,105687137.6
US,PLTR,2025-02-05,-2.378889,90.528,84.603,77.0745,72.369,85.324211,79.529271,5.79494,3.092239,5.405403,76.020499,97.591661,56.557339,5.480517,113956603.6
US,PLTR,2025-02-06,9.786898,96.54,87.833,79.139,73.292333,89.317409,81.881176,7.436233,3.961038,6.95039,80.558912,104.196344,54.081656,5.89548,130358458.8
US,PLTR,2025-02-07,-0.386413,102.212,91.02,81.27,74.166667,92.630115,84.027015,8.6031,4.88945,7.4273,79.853409,109.323914,53.216086,5.892232,143408455.0
US,PLTR,2025-02-10,5.232296,108.794,95.141,83.7395,75.106833,96.325482,86.443533,9.88195,5.88795,7.987999,82.127068,114.944006,52.534994,6.045644,138057811.6
US,PLTR,2025-02-11,-3.454779,110.552,98.38,86.1215,75.986333,98.832331,88.38253,10.449801,6.80032,7.298961,75.731732,118.485962,53.757038,6.082384,111043270.6
US,PLTR,2025-02-12,4.235482,113.758,102.143,88.6955,76.931167,101.687357,90.531232,11.156125,7.671481,6.969288,77.92309,122.382283,55.008717,6.190071,108045121.0
US,PLTR,2025-02-13,0.442968,115.084,105.812,91.184,77.91,104.183148,92.559289,11.62386,8.461957,6.323806,78.154671,125.770421,56.597579,5.979351,94509332.8
US,PLTR,2025-02-14,1.060131,116.746,109.479,93.68,78.799833,106.487279,94.529712,11.957568,9.161079,5.592977,78.732206,128.773076,58.586924,5.828683,78905840.0
US,PLTR,2025-02-18,4.582075,118.34,113.567,96.3225,79.855833,109.276929,96.758622,12.518307,9.832525,5.371564,81.084564,132.364695,60.280305,5.881634,75882340.0
US,PLTR,2025-02-19,-10.078639,118.228,114.39,98.272,80.673833,109.705094,97.892057,11.813036,10.228627,3.168818,63.645275,133.275366,63.268634,6.665089,86517460.0
US,PLTR,2025-02-20,-5.166875,116.004,114.881,99.742,81.409667,109.176618,98.512646,10.663972,10.315696,0.696552,57.505231,133.472943,66.011057,7.35044,120072860.0
US,PLTR,2025-02-21,-4.629717,112.692,113.888,100.8605,82.076167,107.972523,98.72282,9.249703,10.102497,-1.705589,52.840333,133.219075,68.501925,7.473266,133880100.0
US,PLTR,2025-02-24,-10.527874,106.996,111.871,101.4455,82.515,105.312134,98.127056,7.185079,9.519014,-4.667869,44.423779,132.60133,70.28967,7.800175,157671320.0
US,PLTR,2025-02-25,-3.131892,99.64,108.99,102.0655,82.9015,102.624114,97.365051,5.259062,8.667023,-6.815922,42.484084,131.576733,72.554267,7.703734,167351140.0
US,PLTR,2025-02-26,1.673497,95.09,106.659,102.5195,83.294333,100.575789,96.768381,3.807408,7.6951,-7.775385,43.850699,130.932017,74.106983,7.446325,156822920.0
US,PLTR,2025-02-27,-5.083417,90.79,103.397,102.77,83.606333,98.144129,95.879612,2.264517,6.608983,-8.688933,40.639072,130.454474,75.085526,7.589444,128140240.0
US,PLTR,2025-02-28,0.176949,87.504,100.098,102.955,83.903667,96.109647,95.067789,1.041859,5.495559,-8.9074,40.793362,130.105271,75.804729,7.51877,127523080.0
US,PLTR,2025-03-03,-1.766368,86.052,96.524,103.0015,84.1875,94.157394,94.20499,-0.047596,4.386928,-8.869047,39.682595,130.014248,75.988752,7.549572,113540860.0
US,PLTR,2025-03-04,1.174778,85.364,92.502,103.0345,84.4115,92.656256,93.478694,-0.822438,3.345055,-8.334985,40.816441,129.954498,76.114502,7.66746,110375660.0
US,PLTR,2025-03-05,6.7891,85.528,90.309,102.3495,84.7495,92.267602,93.230643,-0.963041,2.483435,-6.892953,47.080302,129.844737,74.854263,7.676927,114617020.0
US,PLTR,2025-03-06,-10.728947,84.666,87.728,101.3045,84.892667,90.451048,92.284669,-1.833622,1.620024,-6.907291,39.485225,130.412131,72.196869,7.851432,118149040.0
US,PLTR,2025-03-07,5.530698,84.664,86.084,99.986,85.0355,89.598579,91.738397,-2.139819,0.868055,-6.015748,43.965137,129.552099,70.419901,7.719901,114028980.0
US,PLTR,2025-03-10,-10.045931,83.256,84.654,98.2625,85.100833,87.564951,90.600738,-3.035787,0.087287,-6.246148,38.137017,129.086448,67.438552,7.907051,118482960.0
US,PLTR,2025-03-11,2.186436,81.986,83.675,96.3325,85.220167,86.101113,89.671054,-3.569942,-0.644159,-5.851565,39.819038,127.143296,65.521704,7.715119,116993200.0
US,PLTR,2025-03-12,7.174888,80.69,83.109,94.884,85.405833,85.724018,89.22505,-3.501032,-1.215533,-4.570997,45.199744,125.215917,64.552083,7.628325,117087620.0
US,PLTR,2025-03-13,-4.817693,80.522,82.594,92.9955,85.512833,84.784939,88.513565,-3.728626,-1.718152,-4.020949,42.270729,122.168319,63.822681,7.470587,113804940.0
US,PLTR,2025-03-14,8.314494,80.788,82.726,91.412,85.682333,85.008794,88.345153,-3.336358,-2.041793,-2.58913,48.207988,118.356469,64.467531,7.483402,115526520.0
US,PLTR,2025-03-17,1.287106,82.982,83.119,89.8215,85.875667,85.36898,88.271438,-2.902458,-2.213926,-1.377064,49.15229,113.595336,66.047664,7.257445,108027540.0
US,PLTR,2025-03-18,-3.961076,84.15,83.068,87.785,86.034,85.141444,87.946887,-2.805442,-2.332229,-0.946426,46.317437,105.489671,70.080329,7.135485,104804540.0
US,PLTR,2025-03-19,2.634402,84.64,82.665,86.487,86.277167,85.288914,87.81008,-2.521166,-2.370017,-0.302298,48.365883,100.250317,72.723683,6.992236,99459000.0
US,PLTR,2025-03-20,1.498258,86.194,83.358,85.543,86.496833,85.612158,87.778963,-2.166805,-2.329374,0.325139,49.57541,95.923463,75.162537,6.827076,100383040.0
US,PLTR,2025-03-21,4.085136,87.138,83.963,85.0235,86.670333,86.434903,88.014596,-1.579692,-2.179438,1.199491,52.866019,92.933684,77.113316,6.811571,100935780.0
US,PLTR,2025-03-24,6.365435,89.018,86.0,85.327,86.938,88.021841,88.661663,-0.639821,-1.871515,2.463387,57.688667,94.454186,76.199814,6.784316,103498940.0
US,PLTR,2025-03-25,-0.258398,91.54,87.845,85.76,87.173333,89.326173,89.24228,0.083893,-1.480433,3.128652,57.415501,96.068236,75.451764,6.520436,100454700.0
US,PLTR,2025-03-26,-4.373057,92.776,88.708,85.9085,87.342333,89.780608,89.467296,0.313312,-1.121684,2.869992,52.864977,96.498736,75.318264,6.517548,98922880.0
US,PLTR,2025-03-27,-2.373212,93.316,89.755,86.1745,87.525833,89.828207,89.513423,0.314784,-0.83439,2.298349,50.622677,96.903331,75.445669,6.336294,94378000.0
US,PLTR,2025-03-28,-4.706405,92.294,89.716,86.221,87.670333,89.216175,89.242058,-0.025883,-0.672689,1.293612,46.509531,96.935732,75.506268,6.311559,89246600.0
US,PLTR,2025-03-31,-1.688992,89.824,89.421,86.27,87.8165,88.475225,88.883387,-0.408162,-0.619784,0.423243,45.158229,96.941924,75.598076,6.367876,88432240.0
US,PLTR,2025-04-01,0.331754,87.46,89.5,86.284,87.974667,87.891344,88.572025,-0.680681,-0.631963,-0.097436,45.487596,96.946805,75.621195,6.160171,88625320.0
US,PLTR,2025-04-02,3.271138,86.494,89.635,86.15,88.100667,87.823445,88.488912,-0.665467,-0.638664,-0.053606,48.765798,96.682671,75.617329,6.155873,91510280.0
US,PLTR,2025-04-03,-4.402516,85.196,89.256,86.307,88.228667,87.173684,88.12677,-0.953086,-0.701548,-0.503076,44.738724,96.586292,76.027708,6.176168,93721320.0
US,PLTR,2025-04-04,-11.471292,82.828,87.561,85.762,88.295667,85.148502,87.081084,-1.932582,-0.947755,-1.969653,36.625394,97.352024,74.171976,6.568584,104967620.0
US,PLTR,2025-04-07,5.174976,81.516,85.67,85.835,88.455833,84.024117,86.396559,-2.372442,-1.232692,-2.279499,41.210802,97.204018,74.465982,7.2194,117165780.0
US,PLTR,2025-04-08,-0.668037,80.044,83.752,85.7985,88.6235,82.992715,85.724221,-2.731507,-1.532455,-2.398103,40.779389,97.27147,74.32553,7.481585,128438760.0
US,PLTR,2025-04-09,18.998965,80.956,83.725,86.2165,89.074,84.379989,86.189835,-1.809845,-1.587933,-0.443824,55.084243,97.952065,74.480935,8.094329,146575000.0
US,PLTR,2025-04-10,-3.716987,81.954,83.575,86.665,89.452,85.027683,86.367625,-1.339941,-1.538335,0.396787,51.938734,98.037898,75.292102,8.078306,152689000.0
US,PLTR,2025-04-11,-0.045152,84.862,83.845,86.7805,89.792167,85.569578,86.529282,-0.959704,-1.422609,0.925809,51.901404,98.180675,75.380325,7.792712,142250500.0
US,PLTR,2025-04-14,4.596273,87.818,84.667,87.044,90.181833,86.654258,86.980446,-0.326188,-1.203324,1.754273,55.412945,98.724811,75.363189,7.863233,133001140.0
US,PLTR,2025-04-15,6.240553,92.034,86.039,87.7695,90.625667,88.461296,87.826339,0.634956,-0.835668,2.941249,59.891332,100.344799,75.194201,7.756574,129623560.0
US,PLTR,2025-04-16,-5.78252,92.174,86.565,88.1,90.953,89.114942,88.188092,0.926851,-0.483165,2.82003,54.127636,100.828923,75.371077,7.829675,116574220.0
US,PLTR,2025-04-17,1.154137,93.212,87.583,88.4195,91.234833,89.832644,88.602307,1.230336,-0.140464,2.741601,55.00456,101.379779,75.459221,7.47327,108482940.0
US,PLTR,2025-04-21,-3.17765,93.662,89.262,88.4115,91.431833,89.981468,88.765099,1.216368,0.130902,2.170932,52.021833,101.365692,75.457308,7.450894,106223020.0
US,PLTR,2025-04-22,3.513216,93.936,90.877,88.2735,91.682,90.598165,89.152129,1.446036,0.393929,2.104214,54.844652,100.924695,75.622305,7.314401,99892720.0
US,PLTR,2025-04-23,7.266731,94.42,93.227,88.4895,92.105,92.170755,90.016416,2.154339,0.746011,2.816656,60.238699,101.824191,75.154809,7.489801,98783080.0
US,PLTR,2025-04-24,6.903392,97.434,94.804,89.2645,92.564167,94.572177,91.332237,3.23994,1.244797,3.990287,64.847003,104.979543,73.549457,7.467672,95021700.0
US,PLTR,2025-04-25,4.63908,101.234,97.223,90.399,93.1145,97.373381,92.92096,4.452421,1.886322,5.132198,67.739648,109.167955,71.630045,7.38641,99010100.0
US,PLTR,2025-04-28,1.658095,106.004,99.833,91.839,93.671667,100.031322,94.530519,5.500804,2.609218,5.783171,68.774546,113.22738,70.45062,7.286667,104460460.0
US,PLTR,2025-04-29,1.247274,110.422,102.179,93.423,94.2315,102.50035,96.126776,6.373573,3.362089,6.022968,69.578243,116.957741,69.888259,7.05119,102165180.0
US,PLTR,2025-04-30,2.033081,113.946,104.183,95.111,94.809833,104.952603,97.779608,7.172996,4.12427,6.097451,70.909011,120.65251,69.56949,7.136105,101475620.0
US,PLTR,2025-05-01,-1.891253,115.63,106.532,96.5485,95.016,106.682972,99.144081,7.538891,4.807194,5.463393,67.87412,123.405791,69.691209,6.925669,98973000.0
US,PLTR,2025-05-02,6.953528,117.93,109.582,98.5825,95.398,109.390207,101.006001,8.384206,5.522597,5.723218,72.453947,127.306009,69.858991,7.018121,98805100.0
US,PLTR,2025-05-05,-0.410364,119.754,112.879,101.0705,95.606167,111.602483,102.692223,8.91026,6.200129,5.420261,71.758584,129.46768,72.67332,6.795398,103780780.0
US,PLTR,2025-05-06,-12.046538,118.31,114.366,102.6215,95.573,111.180563,103.149096,8.031467,6.566397,2.93014,55.107215,129.097555,76.145445,7.62787,128077660.0
US,PLTR,2025-05-07,1.48815,116.718,115.332,104.2795,95.470167,111.072784,103.692126,7.380658,6.729249,1.302818,56.293913,128.244134,80.314866,7.429451,125328060.0
US,PLTR,2025-05-08,7.847574,117.308,116.469,105.6365,95.579,112.315432,104.837153,7.478279,6.879055,1.198448,62.072325,129.741605,81.531395,7.605919,132585781.4
US,PLTR,2025-05-09,-1.552665,115.912,116.921,107.072,95.5775,113.082289,105.760327,7.321962,6.967636,0.708651,60.242102,130.350837,83.793163,7.366924,128167981.4
US,PLTR,2025-05-12,0.988917,114.85,117.302,108.5675,95.586667,113.909629,106.701044,7.208585,7.015826,0.385518,61.018239,130.709826,86.425174,7.264287,119827189.6
US,PLTR,2025-05-13,8.137768,118.698,118.504,110.3415,95.735667,116.092763,108.286152,7.806612,7.173983,1.265256,66.815854,132.772136,87.910864,7.612552,109019589.6
US,PLTR,2025-05-14,1.623731,122.638,119.678,111.9305,95.828333,118.26003,109.907918,8.352112,7.409609,1.885006,67.92435,135.237733,88.623267,7.49237,109199149.6
US,PLTR,2025-05-15,-1.582424,124.432,120.87,113.701,96.096,119.776949,111.256961,8.519988,7.631685,1.776605,65.587591,136.266967,91.135033,7.275772,97706508.2
US,PLTR,2025-05-16,1.092726,126.876,121.394,115.488,96.4835,121.27588,112.609779,8.666101,7.838568,1.655066,66.432772,137.101151,93.874849,7.011074,92906193.0
US,PLTR,2025-05-19,-2.46294,128.45,121.65,117.2645,96.899833,122.053437,113.626092,8.427345,7.956323,0.942043,62.656626,136.135505,98.393495,6.881712,88555509.2
US,PLTR,2025-05-20,-0.585767,127.948,123.323,118.8445,97.481667,122.597523,114.512307,8.085216,7.982102,0.206229,61.779352,134.708029,102.980971,6.643732,71377491.2
US,PLTR,2025-05-21,-3.989171,126.028,124.333,119.8325,98.027333,122.287135,114.961766,7.325369,7.850755,-1.050772,56.056828,133.374023,106.290977,6.71918,68186731.2
US,PLTR,2025-05-22,1.418146,124.862,124.647,120.558,98.577,122.287576,115.504598,6.782978,7.6372,-1.708444,57.503727,132.944394,108.171606,6.649953,69385791.2
US,PLTR,2025-05-23,0.834083,123.62,125.248,121.0845,99.219333,122.444872,116.082776,6.362096,7.382179,-2.040166,58.383957,132.989506,109.179494,6.522099,71166213.6
US,PLTR,2025-05-27,0.064877,123.032,125.741,121.5215,99.8605,122.590276,116.624052,5.966225,7.098988,-2.265527,58.456638,133.086439,109.956561,6.556235,73956469.2
US,PLTR,2025-05-28,0.299862,122.666,125.307,121.9055,100.532833,122.770234,117.15264,5.617593,6.802709,-2.370232,58.814898,133.22973,110.58127,6.283647,74676608.0
US,PLTR,2025-05-29,-1.163542,123.014,124.521,122.0995,101.164833,122.700967,117.535408,5.165559,6.475279,-2.61944,56.763224,133.311996,110.887004,6.187672,71172648.8
US,PLTR,2025-05-30,7.733813,124.912,124.887,122.8785,101.859,124.097741,118.590563,5.507178,6.281659,-1.548961,65.32163,134.500647,111.256353,6.432838,93252508.8
US,PLTR,2025-06-02,0.197299,126.658,125.139,123.2665,102.718667,125.319627,119.586817,5.73281,6.171889,-0.878159,65.52362,135.549248,110.983752,6.374778,98715090.4
US,PLTR,2025-06-03,0.855801,128.614,125.823,123.7365,103.523,126.527377,120.592979,5.934398,6.124391,-0.379986,66.438574,136.757539,110.715461,6.289437,99683590.4
US,PLTR,2025-06-04,-2.372907,129.864,126.265,124.794,104.416833,127.063165,121.290536,5.772629,6.054039,-0.562819,61.52159,136.137877,113.450123,6.382334,106171652.4
US,PLTR,2025-06-05,-7.768633,129.382,126.198,125.2655,105.1145,125.962678,121.188274,4.774404,5.798112,-2.047415,49.031336,134.835602,115.695398,6.920739,119991811.6
US,PLTR,2025-06-06,6.513218,128.57,126.741,125.694,105.849,126.233035,121.672106,4.56093,5.550675,-1.979491,56.402261,134.8906,116.4974,7.013543,100247320.4
US,PLTR,2025-06-09,3.398058,128.574,127.616,126.432,106.723,127.129491,122.441579,4.687912,5.378123,-1.380421,59.87489,135.173409,117.690591,7.04329,96560691.6
US,PLTR,2025-06-10,0.567924,128.502,128.558,127.1495,107.499167,128.003416,123.209611,4.793805,5.261259,-0.934908,60.460997,135.502836,118.796164,6.873055,92162937.4
US,PLTR,2025-06-11,2.69558,129.778,129.821,127.564,108.3165,129.29366,124.185936,5.107724,5.230552,-0.245656,63.222519,136.836953,118.291047,6.895694,92174877.6
US,PLTR,2025-06-12,-0.87983,132.834,131.108,127.8145,109.1715,130.200789,125.001052,5.199737,5.224389,-0.049304,61.667757,137.612415,118.016585,6.579573,76976777.6
US,PLTR,2025-06-13,1.634736,134.77,131.67,128.2785,110.0265,131.30836,125.919492,5.388868,5.257285,0.263166,63.450424,138.931934,117.625066,6.583889,78245557.4
US,PLTR,2025-06-16,2.918486,136.64,132.607,128.873,110.926833,132.862458,127.066937,5.795521,5.364932,0.861178,66.495164,140.966838,116.779162,6.646469,79444397.4
US,PLTR,2025-06-17,-2.269995,137.718,133.11,129.4665,111.714167,133.683619,127.891609,5.79201,5.450348,0.683325,62.039796,142.15339,116.77961,6.572435,79678431.6
US,PLTR,2025-06-18,1.273517,138.432,134.105,130.185,112.434333,134.649216,128.785563,5.863652,5.533009,0.661287,63.484449,143.523271,116.846729,6.307976,71857273.6
US,PLTR,2025-06-20,-1.900543,138.854,135.844,131.021,113.114333,135.057029,129.416262,5.640766,5.55456,0.172412,59.781437,143.935616,118.106384,6.250263,78021041.4
US,PLTR,2025-06-23,1.90823,139.358,137.064,131.9025,113.908333,135.805178,130.194317,5.610861,5.56582,0.090081,62.124838,144.719345,119.085655,6.245959,73417452.8
US,PLTR,2025-06-24,2.365638,139.722,138.181,132.8985,114.794,136.947458,131.159923,5.787535,5.610163,0.354744,64.906819,145.98283,119.81417,6.21839,68976332.8
US,PLTR,2025-06-25,-0.230399,140.662,139.19,133.874,115.744833,137.863234,132.029559,5.833675,5.654866,0.35762,64.398953,146.886186,120.861814,6.212791,67167572.8
US,PLTR,2025-06-26,0.944717,141.52,139.976,134.8985,116.742333,138.845813,132.934776,5.911037,5.7061,0.409874,65.585289,147.790057,122.006943,6.14902,69403636.6
US,PLTR,2025-06-27,-9.365685,140.208,139.531,135.3195,117.51,137.598765,132.7722,4.826565,5.530193,-1.407256,48.255368,147.036931,123.602069,6.740519,92509958.2
US,PLTR,2025-06-30,4.268013,139.488,139.423,135.5465,118.3245,137.402032,133.035,4.367032,5.297561,-1.861058,53.697377,147.156265,123.936735,6.840482,97870858.2
US,PLTR,2025-07-01,-4.137324,136.978,138.35,135.4785,119.109167,136.367873,132.860556,3.507317,4.939512,-2.864389,48.181622,147.185148,123.771852,6.909733,104451958.2
US,PLTR,2025-07-02,1.101928,134.822,137.742,135.426,120.077667,135.714354,132.8057,2.908654,4.53334,-3.249372,49.604959,147.182898,123.669102,6.659752,104111298.2
US,PLTR,2025-07-03,1.695428,132.844,137.182,135.6435,121.019667,135.505992,132.920833,2.585159,4.143704,-3.117091,51.82185,147.14985,124.13715,6.434055,98585689.4
US,PLTR,2025-07-07,3.542721,134.52,137.364,136.604,122.049667,136.061993,133.380031,2.681963,3.851356,-2.338787,56.228343,145.638072,127.569928,6.472337,72457901.8
US,PLTR,2025-07-08,0.424094,135.198,137.343,137.2035,122.844667,136.623225,133.848917,2.774308,3.635946,-1.723277,56.756296,145.347284,129.059716,6.300027,64963746.4
US,PLTR,2025-07-09,2.447928,137.688,137.333,137.757,123.753667,137.624267,134.536405,3.087862,3.526329,-0.876934,59.784304,145.93192,129.58208,6.262883,60366766.4
US,PLTR,2025-07-10,-0.440159,139.764,137.293,138.2415,124.652833,138.37438,135.126301,3.248079,3.470679,-0.4452,58.965219,146.334399,130.148601,6.217677,61297146.4
US,PLTR,2025-07-11,-0.280702,141.312,137.078,138.527,125.4775,138.947552,135.642871,3.304681,3.43748,-0.265597,58.41796,146.740462,130.313538,5.9957,63361608.8
US,PLTR,2025-07-14,4.961295,143.318,138.919,139.225,126.323333,140.51716,136.643399,3.87376,3.524736,0.698049,64.64597,148.490779,129.959221,6.101007,65324555.6
US,PLTR,2025-07-15,-0.382166,145.092,140.145,139.784,127.2545,141.757597,137.527592,4.230005,3.66579,1.12843,63.813769,149.855833,129.712167,5.898078,65182831.0
US,PLTR,2025-07-16,1.568179,146.648,142.168,140.259,128.206667,143.165659,138.518881,4.646777,3.861987,1.56958,65.754461,151.428965,129.089035,5.751072,63011271.0
US,PLTR,2025-07-17,2.040952,148.946,144.355,141.0485,129.259833,144.830942,139.66489,5.166052,4.1228,2.086503,68.183555,153.663374,128.433626,5.687424,62167594.2
US,PLTR,2025-07-18,-0.305215,151.23,146.271,141.7265,130.252,146.16772,140.691195,5.476526,4.393545,2.165961,67.397924,155.443898,128.009102,5.496894,60894958.6
US,PLTR,2025-07-21,-1.126889,151.758,147.538,142.451,131.1015,147.032686,141.513328,5.519358,4.618708,1.8013,64.454031,156.677856,128.224144,5.395687,53554632.8
US,PLTR,2025-07-22,-1.791949,151.856,148.474,142.9085,131.789667,147.346119,142.073082,5.273037,4.749574,1.046927,60.015431,157.366966,128.450034,5.490995,51705552.8
US,PLTR,2025-07-23,3.729791,152.6,149.624,143.4785,132.487167,148.466716,143.003224,5.463492,4.892357,1.14227,65.278983,158.814917,128.142083,5.578067,49790552.8
US,PLTR,2025-07-24,0.148742,152.774,150.86,144.0765,133.157333,149.450298,143.881504,5.568795,5.027645,1.0823,65.481414,160.189105,127.963895,5.398205,45542599.2
US,PLTR,2025-07-25,2.544234,153.83,152.53,144.804,133.869333,150.888714,144.986577,5.902137,5.202543,1.399187,68.833575,162.149008,127.458992,5.407619,47982740.6
US,PLTR,2025-07-28,-0.579345,155.048,153.403,146.161,134.526667,151.964296,145.941646,6.022651,5.366565,1.312172,67.192719,163.135117,129.186883,5.538503,51745564.8
US,PLTR,2025-07-29,-1.038764,156.482,154.169,147.157,135.194,152.622097,146.704487,5.91761,5.476774,0.881673,64.252364,164.041927,130.272073,5.516467,50254847.6
US,PLTR,2025-07-30,1.516897,157.278,154.939,148.5535,135.766167,153.543313,147.586377,5.956936,5.572806,0.76826,66.531661,164.340705,132.766295,5.34672,48694787.6
US,PLTR,2025-07-31,-0.163924,157.976,155.375,149.865,136.3425,154.282803,148.383682,5.899121,5.638069,0.522104,66.03423,164.27118,135.45882,5.261954,49978160.0
US,PLTR,2025-08-01,-2.576571,157.07,155.45,150.8605,137.099333,154.280833,148.819706,5.461128,5.602681,-0.283106,58.626737,163.484831,138.236169,5.406814,50641091.8
US,PLTR,2025-08-04,4.142089,157.626,156.337,151.9375,137.935667,155.262244,149.696765,5.565479,5.595241,-0.059523,65.209245,164.035938,139.839062,5.529899,54462424.8
US,PLTR,2025-08-05,7.848873,161.032,158.757,153.6155,138.837667,158.032668,151.44293,6.589738,5.79414,1.591195,74.000268,167.623434,139.607566,6.254192,72160490.6
US,PLTR,2025-08-06,3.61863,165.218,161.248,155.436,139.875,161.341488,153.524195,7.817294,6.198771,3.237046,77.098894,172.622976,138.249024,6.491036,80693120.4
US,PLTR,2025-08-07,1.481564,169.988,163.982,157.421,140.937333,164.55049,155.648328,8.902162,6.739449,4.325426,78.281471,177.154868,137.687132,6.478104,87190438.4
US,PLTR,2025-08-08,2.612514,176.526,166.798,159.664,141.918333,167.998107,157.967711,10.030395,7.397638,5.265515,80.247151,181.954475,137.373525,6.428954,87464625.4
US,PLTR,2025-08-11,-2.28926,180.93,169.278,161.3405,142.793333,170.25686,159.798251,10.458608,8.009832,4.897552,73.780965,185.203883,137.477117,6.345457,82091031.4
US,PLTR,2025-08-12,2.348369,183.67,172.351,163.26,143.774167,172.828112,161.810973,11.017139,8.611294,4.81169,75.878997,188.824259,137.695741,6.456496,66904275.8
US,PLTR,2025-08-13,-1.390597,184.636,174.927,164.933,144.688333,174.603787,163.482012,11.121775,9.11339,4.01677,72.112755,191.408602,138.457398,6.414604,61041312.2
US,PLTR,2025-08-14,-1.816998,184.4,177.194,166.2845,145.599833,175.590897,164.781123,10.809774,9.452667,2.714215,67.46622,193.144503,139.424497,6.394275,56170058.8
US,PLTR,2025-08-15,-2.126837,182.442,179.484,167.467,146.4595,175.833836,165.698817,10.135019,9.589137,1.091763,62.483324,194.056075,140.877925,6.483255,55696219.0
US,PLTR,2025-08-18,-1.772309,180.712,180.821,168.579,147.350333,175.556323,166.315942,9.240381,9.519386,-0.55801,58.676908,194.298519,142.859481,6.485165,57002413.0
US,PLTR,2025-08-19,-9.354709,174.868,179.269,169.013,147.941333,172.816888,165.681428,7.135461,9.042601,-3.81428,43.784063,193.672145,144.353855,7.245511,73590204.4
US,PLTR,2025-08-20,-1.103011,169.196,176.916,169.082,148.486333,170.231213,164.965026,5.266188,8.287318,-6.042261,42.541266,193.587017,144.576983,7.828689,106935478.2
US,PLTR,2025-08-21,0.108967,164.228,174.314,169.148,149.032833,168.069488,164.314283,3.755205,7.380895,-7.251381,42.712358,193.506114,144.789886,7.566639,115176619.4
US,PLTR,2025-08-22,1.639134,160.542,171.492,169.145,149.615833,166.634182,163.901373,2.732809,6.451278,-7.436938,45.351296,193.508225,144.781775,7.842594,123538712.2
US,PLTR,2025-08-25,-0.989039,157.17,168.941,169.1095,150.196667,165.178154,163.402753,1.775401,5.516103,-7.481403,44.012278,193.540255,144.678745,7.951694,128383356.4
US,PLTR,2025-08-26,2.354139,157.794,166.331,169.341,150.6815,164.515361,163.215142,1.30022,4.672926,-6.745413,47.915238,193.363916,145.318084,7.923716,118113555.0
US,PLTR,2025-08-27,-2.579723,157.936,163.566,169.2465,151.092833,163.316075,162.73402,0.582055,3.854752,-6.545394,44.193935,193.451702,145.041298,7.816308,89322395.0
US,PLTR,2025-08-28,0.893313,158.324,161.276,169.235,151.508667,162.516679,162.392241,0.124438,3.108689,-5.968502,45.725316,193.461109,145.008891,7.663714,81963716.0
US,PLTR,2025-08-29,-0.891728,157.918,159.23,169.357,151.953667,161.623344,161.971334,-0.34799,2.417353,-5.530687,44.403725,193.303392,145.410608,7.503449,70597976.4
US,PLTR,2025-09-02,0.242486,157.902,157.536,169.1785,152.573333,160.925906,161.609754,-0.683848,1.797113,-4.961921,44.86622,193.432789,144.924211,7.546774,66309012.2
US,PLTR,2025-09-03,-1.394105,156.708,157.251,168.26,153.026333,159.998844,161.112735,-1.113891,1.214912,-4.657607,42.663481,193.206403,143.313597,7.610576,62204729.2
US,PLTR,2025-09-04,0.800516,156.592,157.264,167.09,153.427667,159.405175,160.744384,-1.339209,0.704088,-4.086594,44.330063,192.005429,142.174571,7.344106,57587077.4
US,PLTR,2025-09-05,-1.940566,155.59,156.957,165.6355,153.766,158.436687,160.178874,-1.742187,0.214833,-3.914041,41.180215,190.247326,141.023674,7.600241,62381208.6
US,PLTR,2025-09-08,1.952844,155.468,156.693,164.0925,154.0945,158.077197,159.876735,-1.799539,-0.188041,-3.222995,45.309867,186.97168,141.21332,7.428081,62855708.2
US,PLTR,2025-09-09,4.01025,156.522,157.212,163.0765,154.547333,158.736089,160.060681,-1.324592,-0.415351,-1.81848,52.784092,184.309237,141.843763,7.372504,62040614.4
US,PLTR,2025-09-10,2.697709,158.89,157.799,162.065,155.036333,159.96746,160.555445,-0.587985,-0.449878,-0.276214,57.192313,180.374587,143.755413,7.320182,61272438.0
US,PLTR,2025-09-11,-1.427372,160.534,158.563,161.0645,155.418833,160.643236,160.837264,-0.194029,-0.398708,0.409359,54.229539,176.321884,145.807116,7.100169,59019070.0
US,PLTR,2025-09-12,4.301533,164.198,159.894,160.585,155.972667,162.302738,161.621911,0.680827,-0.182801,1.727256,60.736485,173.765001,147.404999,7.130157,53547597.0
US,PLTR,2025-09-15,-0.128332,167.22,161.344,160.287,156.4935,163.673086,162.33214,1.340946,0.121948,2.437995,60.448503,172.158094,148.415906,6.934432,53098220.2
US,PLTR,2025-09-16,-0.554874,168.8,162.661,160.0985,157.042833,164.686457,162.919389,1.767068,0.450972,2.632192,59.144391,171.184477,149.012523,6.606972,47746054.0
US,PLTR,2025-09-17,-1.13356,169.118,164.004,160.6275,157.516333,165.247002,163.320175,1.926827,0.746143,2.361368,56.478567,172.213179,149.041821,6.777189,49154870.4
US,PLTR,2025-09-18,5.132775,171.64,166.087,161.6755,158.078667,167.05054,164.331273,2.719267,1.140768,3.156999,64.247559,175.054063,148.296937,7.040961,54903496.4
US,PLTR,2025-09-19,3.062666,173.832,169.015,162.986,158.736833,169.410457,165.668957,3.741501,1.660915,4.161172,68.095146,178.857178,147.114822,7.088749,65829775.2
US,PLTR,2025-09-22,-1.677724,175.456,171.338,164.0155,159.3215,170.936541,166.680886,4.255655,2.179863,4.151585,63.913184,181.262946,146.768054,6.875267,65933892.0
US,PLTR,2025-09-23,1.795572,177.914,173.357,165.2845,160.185,172.723227,167.856376,4.866851,2.71726,4.299182,66.261259,184.002574,146.566426,7.008462,71485118.8
US,PLTR,2025-09-24,-1.637907,180.16,174.639,166.219,160.905667,173.775038,168.723311,5.051727,3.184154,3.735147,62.213208,185.808118,146.629882,7.060001,66709958.8
US,PLTR,2025-09-25,-0.245043,180.59,176.115,167.339,161.713,174.59734,169.493436,5.103904,3.568104,3.0716,61.616653,187.187348,147.490652,7.272144,67020472.6
US,PLTR,2025-09-26,-0.865342,179.626,176.729,168.3115,162.4705,175.054672,170.0917,4.962972,3.847077,2.23179,59.453876,188.163718,148.459282,7.124848,54049646.8
US,PLTR,2025-09-29,0.726474,179.532,177.494,169.419,163.212167,175.640107,170.741204,4.898904,4.057443,1.682922,60.690545,189.02868,149.80932,6.924501,52549066.8
US,PLTR,2025-09-30,1.990384,179.506,178.71,170.6855,163.933833,176.683168,171.6063,5.076868,4.261328,1.63108,63.957643,190.218237,151.152763,6.754894,48790445.8
US,PLTR,2025-10-01,1.386909,180.584,180.372,172.188,164.687833,177.954988,172.594722,5.360266,4.481115,1.758301,66.11316,191.249914,153.126086,6.756687,48857965.8
US,PLTR,2025-10-02,1.135442,182.17,181.38,173.7335,165.419833,179.354221,173.665483,5.688737,4.72264,1.932195,67.832791,192.347217,155.119783,6.649067,42363567.8
US,PLTR,2025-10-03,-7.473937,181.27,180.448,174.7315,165.929333,178.387417,173.621373,4.766044,4.731321,0.069447,49.737653,190.778579,158.684421,7.336991,54615097.2
US,PLTR,2025-10-06,3.732594,181.404,180.468,175.903,166.553167,178.563199,174.059049,4.50415,4.685887,-0.363473,55.628004,189.585019,162.220981,7.518634,57433185.2
US,PLTR,2025-10-07,1.470506,181.354,180.43,176.8935,167.1035,179.118092,174.659861,4.458231,4.640355,-0.364249,57.804323,189.321121,164.465879,7.464446,60356699.4
US,PLTR,2025-10-08,0.763024,181.076,180.83,177.7345,167.6865,179.801462,175.31913,4.482332,4.608751,-0.252837,58.946054,189.561857,165.907143,7.149843,58473179.4
US,PLTR,2025-10-09,1.040532,180.76,181.465,178.79,168.2625,180.673545,176.071046,4.602499,4.6075,-0.010004,60.526589,189.355141,168.224859,7.186997,59513397.4
US,PLTR,2025-10-10,-5.407883,181.234,181.252,178.9905,168.62,179.868384,176.024302,3.844082,4.454817,-1.221469,49.704788,189.133082,168.847918,7.642926,49445514.8
US,PLTR,2025-10-13,1.008892,180.77,181.087,179.2905,169.014833,179.459402,176.112132,3.34727,4.233307,-1.772074,51.357607,188.831924,169.749076,7.509145,47211155.2
US,PLTR,2025-10-14,1.427685,180.284,180.819,179.7645,169.480667,179.502571,176.380863,3.121708,4.010988,-1.778559,53.699753,188.359295,171.169705,7.795635,45427584.6
US,PLTR,2025-10-15,-0.066763,179.496,180.286,180.329,169.989833,179.520637,176.620799,2.899838,3.788758,-1.777839,53.568003,187.144459,173.513541,7.833804,45642070.4
US,PLTR,2025-10-16,-0.835096,178.026,179.393,180.3865,170.381333,179.305154,176.731851,2.573304,3.545667,-1.944727,51.855364,187.106367,173.666633,7.872104,45206190.4
US,PLTR,2025-10-17,0.016843,178.568,179.901,180.1745,170.7695,179.127438,176.836899,2.290539,3.294641,-2.008204,51.888494,186.895692,173.453308,7.855525,42851683.6
US,PLTR,2025-10-20,1.930957,179.444,180.107,180.2875,171.149333,179.506294,177.18898,2.317314,3.099176,-1.563725,55.656631,187.024074,173.550926,7.697987,40980364.6
US,PLTR,2025-10-21,-0.044055,179.798,180.041,180.2355,171.543167,179.814556,177.509056,2.3055,2.940441,-1.269881,55.547673,186.917247,173.553753,7.415274,36633704.2
US,PLTR,2025-10-22,-3.316622,178.972,179.234,180.032,171.864,179.14924,177.359496,1.789744,2.710301,-1.841115,47.941809,187.024338,173.039662,7.799183,40811898.8
US,PLTR,2025-10-23,2.843467,179.444,178.735,180.1,172.2285,179.353972,177.590645,1.763328,2.520907,-1.515158,53.61176,187.081983,173.118017,7.709956,39400179.6
US,PLTR,2025-10-24,2.299424,180.74,179.654,180.453,172.6665,180.165669,178.112078,2.053591,2.427443,-0.747706,57.734695,187.599583,173.306417,7.565673,37678579.6
US,PLTR,2025-10-27,2.464388,182.258,180.851,180.969,173.248333,181.552489,178.931924,2.620565,2.466068,0.308994,61.748825,189.014694,172.923306,7.610982,40714030.2
US,PLTR,2025-10-28,0.222011,183.876,181.837,181.328,173.730667,182.790568,179.722152,3.068415,2.586537,0.963756,62.106586,190.199044,172.456956,7.424483,42848604.0
US,PLTR,2025-10-29,4.857595,188.54,183.756,182.021,174.156333,185.255096,181.136067,4.119029,2.893036,2.451987,68.962051,193.651766,170.390234,7.626306,44303443.6
US,PLTR,2025-10-30,-2.142749,191.354,185.399,182.396,174.4065,186.685081,182.129692,4.555389,3.225506,2.659766,63.261133,195.086517,169.705483,7.477998,45849326.6
US,PLTR,2025-10-31,3.04292,194.522,187.631,183.766,174.711,188.805838,183.488233,5.317605,3.643926,3.347358,67.305961,197.960388,169.571612,7.631713,49426155.4
US,PLTR,2025-11-03,3.347134,198.122,190.19,185.1485,175.048,191.632632,185.243179,6.389453,4.193031,4.392844,71.179133,202.465826,167.831174,7.590162,56198902.4
US,PLTR,2025-11-04,-7.935129,198.35,191.113,185.577,175.182333,191.495304,185.650351,5.844953,4.523416,2.643075,54.228385,203.002097,168.151903,8.592293,72834879.6
US,PLTR,2025-11-05,-1.488938,196.168,192.354,185.794,175.197833,190.94218,185.816991,5.125189,4.64377,0.962837,51.927805,203.221314,168.366686,8.659272,74951626.8
US,PLTR,2025-11-06,-6.838744,192.268,191.811,185.273,175.0425,188.497229,185.019436,3.477793,4.410575,-1.865564,43.032231,203.319917,167.226083,9.22361,81937003.0
US,PLTR,2025-11-07,1.645244,187.76,191.141,185.3975,174.991,186.871502,184.494293,2.377209,4.003902,-3.253386,45.294174,203.204115,167.590885,9.264066,86195414.2
US,PLTR,2025-11-10,8.812454,185.046,191.584,186.2175,175.265,187.908194,185.169531,2.738663,3.750854,-2.024381,55.624884,203.950744,168.484256,9.816633,87544896.2
US,PLTR,2025-11-11,-1.368731,185.09,191.72,186.7785,175.547167,188.377703,185.598454,2.779248,3.556533,-1.554569,53.776577,204.365874,169.191126,9.578302,73232660.8
US,PLTR,2025-11-12,-3.555718,184.344,190.256,187.006,175.9875,187.730364,185.492643,2.237721,3.292771,-2.110099,49.260012,204.332879,169.679121,9.648423,69077880.4
US,PLTR,2025-11-13,-6.532008,183.762,188.015,186.707,176.256333,185.331846,184.503558,0.828288,2.799874,-3.943172,42.45641,204.825237,168.588763,9.91925,66021920.4
US,PLTR,2025-11-14,1.086325,182.978,185.369,186.5,176.5535,183.590024,183.726258,-0.136234,2.212652,-4.697773,43.756804,205.092941,167.907059,10.124304,63743340.4
US,PLTR,2025-11-17,-1.586116,178.506,181.776,185.983,176.762,181.691559,182.80209,-1.110532,1.548016,-5.317095,42.23958,205.638004,166.327996,9.869711,56258297.2
US,PLTR,2025-11-18,-2.289051,173.78,179.435,185.274,176.931333,179.482088,181.65601,-2.173922,0.803628,-5.955099,40.112212,206.4847,164.0633,9.688303,57036372.6
US,PLTR,2025-11-19,-1.141457,170.03,177.187,184.7705,177.007167,177.31869,180.453342,-3.134652,0.015972,-6.301249,39.079443,207.322011,162.218989,9.509138,55188588.0
US,PLTR,2025-11-20,-5.845726,166.752,175.257,183.534,176.991,174.00043,178.623465,-4.623035,-0.911829,-7.422412,34.268798,209.36443,157.70357,10.270628,58239615.2
US,PLTR,2025-11-21,-0.577849,162.92,172.949,182.045,176.9365,171.05421,176.862468,-5.808258,-1.891115,-7.834285,33.851132,210.726994,153.363006,10.290584,59989535.2
US,PLTR,2025-11-24,4.778818,161.12,169.813,180.6985,177.028833,169.699716,175.780063,-6.080347,-2.728961,-6.70277,40.294571,210.423764,150.973236,10.292685,61497289.4
US,PLTR,2025-11-25,0.801233,160.364,167.072,179.396,177.1365,168.753606,174.874132,-6.120526,-3.407274,-5.426504,41.374947,209.723745,149.068255,10.13535,58059975.0
US,PLTR,2025-11-26,1.357383,160.434,165.232,177.744,177.317667,168.29459,174.199752,-5.905162,-3.906852,-3.996621,43.263032,207.250078,148.237922,9.753539,55760441.0
US,PLTR,2025-11-28,1.616698,162.974,164.863,176.439,177.522833,168.318499,173.773844,-5.455345,-4.216551,-2.47759,45.543149,205.154569,147.723431,9.273287,43511553.8
US,PLTR,2025-12-01,-0.569902,165.502,164.211,174.79,177.7625,168.191038,173.308374,-5.117337,-4.396708,-1.441258,44.847878,201.515011,148.064989,9.038052,34798197.2
US,PLTR,2025-12-02,1.910562,167.19,164.155,172.9655,178.005667,168.575493,173.114421,-4.538927,-4.425152,-0.227551,47.713282,195.201745,150.729255,8.982477,30296237.2
US,PLTR,2025-12-03,3.157771,169.696,165.03,172.2325,178.234333,169.730033,173.334093,-3.60406,-4.260933,1.313746,52.216521,192.994361,151.470639,8.989443,29099852.6
US,PLTR,2025-12-04,1.04498,172.126,166.28,171.7335,178.420667,170.990028,173.67379,-2.683762,-3.945499,2.523474,53.683038,191.416851,152.050149,8.633768,28021304.4
US,PLTR,2025-12-05,2.158273,174.788,168.881,172.069,178.710667,172.646947,174.272769,-1.625822,-3.481564,3.711484,56.671717,192.190887,151.947113,8.373499,30997264.4
US,PLTR,2025-12-08,-0.148548,177.588,171.545,172.247,178.878333,174.007416,174.807378,-0.799962,-2.945243,4.290563,56.396163,192.634359,151.859641,8.085392,31532681.0
US,PLTR,2025-12-09,0.192848,179.818,173.504,171.6585,179.0555,175.212429,175.328313,-0.115884,-2.379372,4.526975,56.690141,190.135206,153.181794,7.684293,28246601.0
US,PLTR,2025-12-10,3.338099,182.184,175.94,171.506,179.349667,177.165902,176.26029,0.905612,-1.722375,5.255973,61.533816,189.383592,153.628408,7.746129,34017880.0
US,PLTR,2025-12-11,-0.196903,184.108,178.117,171.6745,179.669833,178.761917,177.095824,1.666093,-1.044681,5.421548,61.085357,190.08203,153.26697,7.752834,35542960.0
US,PLTR,2025-12-12,-2.116882,184.47,179.629,172.246,179.779833,179.501622,177.575393,1.926229,-0.450499,4.753457,56.340699,191.371584,153.120416,7.90406,37612580.0
US,PLTR,2025-12-15,-0.17432,184.822,181.205,172.708,179.794167,180.078295,177.995734,2.082561,0.056113,4.052897,55.963374,192.419151,152.996849,7.893056,38080460.0
US,PLTR,2025-12-16,2.455662,186.004,182.911,173.533,179.9345,181.258558,178.718272,2.540285,0.552947,3.974676,60.018462,194.284727,152.781273,7.85498,42707000.0
US,PLTR,2025-12-17,-5.571238,183.88,183.032,174.031,179.846833,180.64801,178.612474,2.035536,0.849465,2.372142,48.775267,194.640942,153.421058,8.097482,40912340.0
US,PLTR,2025-12-18,4.738,183.51,183.809,175.0445,179.949,181.423701,179.136735,2.286966,1.136965,2.300001,55.917066,195.853574,154.235426,8.236233,41588000.0
US,PLTR,2025-12-19,4.141311,185.472,184.971,176.926,180.186667,183.263132,180.191792,3.07134,1.52384,3.094999,61.24423,197.214913,156.637087,8.312931,48488400.0
US,PLTR,2025-12-22,0.31027,187.618,186.22,178.8825,180.460167,184.911881,181.213141,3.69874,1.95882,3.47984,61.633799,197.777638,159.987362,8.179864,49266387.2
US,PLTR,2025-12-23,0.077328,188.894,187.449,180.4765,180.714667,186.330053,182.169945,4.160108,2.399078,3.52206,61.737348,198.86215,162.09085,7.854874,45660527.2
US,PLTR,2025-12-24,0.020605,192.27,188.075,182.0075,180.9105,187.536199,183.058838,4.47736,2.814734,3.325253,61.766982,199.581839,164.433161,7.460954,37917612.2
US,PLTR,2025-12-26,-2.811969,192.874,188.192,183.1545,180.973167,187.716783,183.477443,4.239341,3.099655,2.27937,55.453594,199.274313,167.034687,7.480172,35125712.2
US,PLTR,2025-12-29,-2.400509,191.034,188.253,183.941,180.925333,187.172663,183.529484,3.643179,3.20836,0.869637,50.813023,198.581352,169.300648,7.308017,25388232.8
US,PLTR,2025-12-30,-1.813443,188.406,188.012,184.6085,181.054833,186.198407,183.330263,2.868144,3.140317,-0.544346,47.647026,197.27159,171.94541,7.073873,22718287.0
US,PLTR,2025-12-31,-1.708693,185.13,187.012,184.9615,181.025167,184.898652,182.91691,1.981742,2.908602,-1.85372,44.862112,196.38596,173.53704,6.87431,22509574.6
US,PLTR,2026-01-02,-5.563994,179.868,186.069,184.5505,180.786667,182.277321,181.801583,0.475738,2.422029,-3.892583,37.339523,197.686658,171.414342,7.454717,32294369.6
US,PLTR,2026-01-05,3.681639,176.934,184.904,184.3565,180.628,181.010041,181.226651,-0.21661,1.894301,-4.221823,43.693203,197.984028,170.728972,7.490808,34944309.6
US,PLTR,2026-01-06,3.257872,176.04,183.537,184.254,180.532,180.810035,181.114307,-0.304272,1.454586,-3.517717,48.820697,197.988524,170.519476,7.395036,36263631.2
US,PLTR,2026-01-07,1.096211,176.208,182.307,184.2635,180.636,180.943875,181.15621,-0.212335,1.121202,-2.667074,50.507077,197.990624,170.536376,7.553962,40666172.2
US,PLTR,2026-01-08,-2.653016,176.03,180.58,184.0145,180.630167,180.315587,180.837972,-0.522385,0.792485,-2.62974,46.47229,198.08481,169.94419,7.820822,45527544.6
US,PLTR,2026-01-09,0.356214,177.956,178.912,183.4935,180.592667,179.880881,180.589974,-0.709093,0.492169,-2.402525,47.067499,197.719065,169.267935,7.545763,39673304.6
US,PLTR,2026-01-12,1.081751,179.03,177.982,183.087,180.589167,179.808438,180.502569,-0.694131,0.254909,-1.89808,48.931262,197.291432,168.882568,7.44678,38761873.2
US,PLTR,2026-01-13,-0.250822,178.88,177.46,182.8565,180.603167,179.677909,180.388304,-0.710395,0.061848,-1.544487,48.500231,197.171287,168.541713,7.269153,37348031.0
US,PLTR,2026-01-14,-0.312919,178.224,177.216,182.614,180.607333,179.481308,180.241023,-0.759715,-0.102464,-1.314501,47.934346,197.05765,168.17035,7.296357,35008508.8
US,PLTR,2026-01-15,-0.745516,178.266,177.148,182.08,180.532,179.110337,180.006132,-0.895795,-0.26113,-1.269329,46.545323,196.51433,167.64567,7.065902,31769488.8
US,PLTR,2026-01-16,-3.450613,176.96,177.458,181.7635,180.356167,177.856439,179.336048,-1.479609,-0.504826,-1.949566,40.709144,196.86619,166.66081,7.448338,37393629.0
US,PLTR,2026-01-20,-1.421385,174.784,176.907,180.9055,180.240167,176.421602,178.5356,-2.113998,-0.826661,-2.574675,38.634345,196.939471,164.871529,7.3256,37744420.4
US,PLTR,2026-01-21,-1.898772,172.058,175.469,179.503,179.987667,174.715202,177.557408,-2.842206,-1.22977,-3.224872,36.030123,195.831405,163.174595,7.400914,41760785.2
US,PLTR,2026-01-22,0.344765,169.558,173.891,178.099,179.6755,173.359017,176.693896,-3.334879,-1.650791,-3.368175,36.846724,194.030841,162.167159,7.161563,40730405.0
US,PLTR,2026-01-23,2.230259,168.064,173.165,176.8725,179.349167,172.780707,176.168422,-3.387715,-1.998176,-2.779078,42.02064,191.393325,162.351675,7.085737,40565705.0
US,PLTR,2026-01-26,-1.255896,167.366,172.163,175.5375,178.980333,171.963675,175.524095,-3.56042,-2.310625,-2.499589,39.989535,188.248368,162.826632,6.81247,33224424.8
US,PLTR,2026-01-27,-1.056906,166.8,170.792,174.387,178.4285,171.000033,174.796384,-3.796351,-2.60777,-2.377162,38.331462,186.258137,162.515863,6.665151,31191186.8
US,PLTR,2026-01-28,-5.039228,165.204,168.631,173.0455,177.8085,168.900028,173.504059,-4.604031,-3.007022,-3.194018,31.661967,186.183106,159.907894,6.793354,30585511.6
US,PLTR,2026-01-29,-3.489037,162.396,165.977,171.5965,176.998333,166.278485,171.900795,-5.622311,-3.53008,-4.184461,28.189092,187.146823,156.046177,7.058829,36854973.6
US,PLTR,2026-01-30,-3.470302,157.794,162.929,170.0385,175.9885,163.249487,170.025922,-6.776435,-4.179351,-5.194167,25.318258,188.735959,151.341041,7.034627,40252042.0
US,PLTR,2026-02-02,0.798144,153.852,160.609,169.0335,175.272167,160.866489,168.376594,-7.510105,-4.845502,-5.329207,27.093483,190.10177,147.96523,6.875725,50258831.0
US,PLTR,2026-02-03,6.848944,152.288,159.544,168.2255,174.771833,160.407029,167.599069,-7.192039,-5.314809,-3.75446,40.310068,189.699383,146.751617,7.621745,67584209.0
US,PLTR,2026-02-04,-11.616418,148.726,156.965,166.217,174.18,157.196717,165.520619,-8.323902,-5.916628,-4.814548,29.775522,190.366207,142.067793,8.663049,81259544.4
US,PLTR,2026-02-05,-6.829583,144.356,153.376,163.6335,173.381333,153.014145,162.890203,-9.876058,-6.708514,-6.335088,25.976582,191.397772,135.869228,8.845688,88028342.4
US,PLTR,2026-02-06,4.530421,142.218,150.006,161.5855,172.4195,150.3812,160.890929,-10.509729,-7.468757,-6.081944,31.770623,191.130702,132.040298,8.762425,91106419.0
US,PLTR,2026-02-09,5.158205,141.248,147.55,159.8565,171.618667,149.231784,159.559008,-10.327224,-8.04045,-4.573547,37.991494,189.523408,130.189592,8.92868,88152690.0
US,PLTR,2026-02-10,-2.37912,137.574,144.931,157.8615,170.874333,147.736125,158.073896,-10.337771,-8.499914,-3.675713,36.264438,187.366304,128.356696,8.847346,76731111.6
US,PLTR,2026-02-11,-2.745323,136.802,142.764,155.6975,170.266667,145.881337,156.415089,-10.533752,-8.906682,-3.254141,34.369076,185.043306,126.351694,8.683964,64650426.6
US,PLTR,2026-02-12,-4.827535,136.626,140.491,153.234,169.518667,143.304208,154.393971,-11.089763,-9.343298,-3.49293,31.351255,182.814174,123.653826,8.730109,60730394.4
US,PLTR,2026-02-13,1.765663,135.728,138.973,150.951,168.854667,141.47433,152.691455,-11.217125,-9.718064,-2.998123,33.538873,179.860596,122.041404,8.630101,58085729.4
US,PLTR,2026-02-17,1.225173,133.75,137.499,149.054,168.282833,140.173664,151.23431,-11.060646,-9.98658,-2.148133,35.111347,177.437137,120.670863,8.515809,56158657.4
US,PLTR,2026-02-18,1.774169,132.924,135.249,147.3965,167.782167,139.436177,150.059917,-10.62374,-10.114012,-1.019455,37.447655,174.894608,119.898392,8.474679,56881815.8
US,PLTR,2026-02-19,-0.361944,132.766,134.784,145.8745,167.4345,138.736765,148.936219,-10.199454,-10.131101,-0.136707,37.148585,172.592293,119.156707,8.237202,54762043.2
US,PLTR,2026-02-20,0.259471,133.988,135.307,144.3415,167.107667,138.198801,147.921685,-9.722883,-10.049457,0.653148,37.532345,169.774834,118.908166,8.008831,50689277.6
US,PLTR,2026-02-23,-3.430938,133.826,134.777,142.3915,166.580167,137.029755,146.638597,-9.608842,-9.961334,0.704984,34.5229,165.668353,119.114647,7.997486,51304097.6
US,PLTR,2026-02-24,-1.347626,132.99,133.37,140.46,166.001667,135.769793,145.320182,-9.55039,-9.879145,0.657511,33.428009,161.384424,119.535576,7.728379,51046957.2
US,PLTR,2026-02-25,4.152437,132.752,132.838,138.8845,165.475333,135.526748,144.495724,-8.968977,-9.697111,1.45627,39.689557,156.444505,121.324495,7.69421,49727197.2
US,PLTR,2026-02-26,1.304121,132.962,132.864,137.814,164.9335,135.590325,143.861967,-8.271642,-9.412018,2.280751,41.623731,153.218836,122.409164,7.493195,50307751.8
US,PLTR,2026-02-27,0.919523,133.352,133.67,137.0805,164.4285,135.836429,143.367747,-7.531318,-9.035878,3.009119,43.02917,151.072524,123.088476,7.252252,51444869.6
US,PLTR,2026-03-02,5.81675,136.266,135.046,137.0095,164.003167,137.272363,143.501247,-6.228885,-8.474479,4.491189,51.119864,150.821034,123.197966,7.444948,55479209.6
US,PLTR,2026-03-03,1.412137,139.942,136.466,136.9825,163.522167,138.802769,143.776711,-4.973942,-7.774372,5.600859,52.967707,150.71173,123.25327,7.577452,59546962.0
US,PLTR,2026-03-04,4.055156,143.742,138.247,136.748,163.11,141.016189,144.473991,-3.457802,-6.911058,6.906511,57.952816,149.136192,124.359808,7.557634,60943742.0
US,PLTR,2026-03-05,-0.339448,147.088,140.025,137.4045,162.625167,142.809083,145.081103,-2.27202,-5.98325,7.42246,57.382297,151.577936,123.231064,7.501374,62066642.8
US,PLTR,2026-03-06,2.940984,151.082,142.217,138.762,162.219667,145.016916,145.975836,-0.95892,-4.978384,8.038929,60.956446,154.906203,122.617797,7.762705,65180342.8
US,PLTR,2026-03-09,-0.464495,153.334,144.8,139.7885,161.796167,146.772775,146.750219,0.022557,-3.978196,8.001505,60.074316,157.599001,121.977999,7.59894,60158402.8
US,PLTR,2026-03-10,-3.381704,154.118,147.03,140.2,161.183333,147.444656,147.075388,0.369268,-3.108703,6.955943,53.978254,158.648825,121.751175,7.521873,56166642.8
US,PLTR,2026-03-11,0.304354,153.8,148.771,140.8045,160.584333,148.08394,147.410544,0.673396,-2.352283,6.051358,54.411469,159.904088,121.704912,7.258882,50945383.4
US,PLTR,2026-03-12,1.253298,153.966,150.527,141.6955,160.083167,148.91718,147.861615,1.055565,-1.670714,5.452557,56.243621,161.408485,121.982515,7.090391,51684440.6
US,PLTR,2026-03-13,-1.661238,152.724,151.903,142.7865,159.544833,149.229921,148.090384,1.139537,-1.108664,4.496401,53.155963,162.006059,123.566941,7.011077,45180380.6
US,PLTR,2026-03-16,1.172574,151.982,152.658,143.852,158.961,149.766856,148.433319,1.333538,-0.620223,3.907522,55.002517,162.791383,124.912617,6.718143,42245329.8
US,PLTR,2026-03-17,1.545312,152.77,153.444,144.955,158.590833,150.584263,148.925665,1.658598,-0.164459,3.646114,57.413021,163.811854,126.098146,6.56899,40168749.8
US,PLTR,2026-03-18,-1.489554,153.004,153.402,145.8245,158.042167,150.92053,149.210431,1.710099,0.210453,2.999294,54.344294,164.437279,127.211721,6.391205,39872909.2
US,PLTR,2026-03-19,1.904824,153.44,153.703,146.864,157.413833,151.652756,149.689658,1.963098,0.560982,2.804233,57.431078,165.238624,128.489376,6.338262,35774129.2
US,PLTR,2026-03-20,-3.211716,153.386,153.055,147.636,156.692167,151.503102,149.763017,1.740085,0.796802,1.886565,51.045106,165.274928,129.997072,6.425529,37022049.2
US,PLTR,2026-03-23,6.742766,155.01,153.496,149.148,156.137333,152.939548,150.583534,2.356013,1.108645,2.494738,60.625857,165.845642,132.450358,6.709419,41943680.0
US,PLTR,2026-03-24,-3.767719,154.95,153.86,150.445,155.480833,153.222694,150.894384,2.328311,1.352578,1.951466,53.8557,164.442976,136.447024,6.998747,45751120.0
US,PLTR,2026-03-25,0.116294,155.388,154.196,151.4835,154.918333,153.489972,151.19554,2.294432,1.540949,1.506966,54.019946,163.435966,139.531034,6.890979,46964440.0
US,PLTR,2026-03-26,-4.775426,153.764,153.602,152.0645,154.308,152.577669,150.926241,1.651428,1.563044,0.176766,46.665988,161.876223,142.252777,6.949481,48788945.0
US,PLTR,2026-03-27,-3.049607,152.24,152.813,152.358,153.678333,151.113412,150.343556,0.769855,1.404407,-1.269102,42.846155,160.597623,144.118377,6.88166,46207069.0
US,PLTR,2026-03-30,-3.851531,147.582,151.296,151.977,153.008333,149.026733,149.395886,-0.369153,1.049695,-2.837695,38.672037,162.018546,141.935454,6.948685,42963613.8
US,PLTR,2026-03-31,6.346783,145.882,150.416,151.93,152.648667,148.604159,149.165079,-0.560921,0.727572,-2.576984,47.413333,162.068499,141.791501,7.188779,40844193.8
US,PLTR,2026-04-01,0.14356,144.188,149.788,151.595,152.1895,148.278904,148.966925,-0.688022,0.444453,-2.264949,47.606789,161.984488,141.205512,6.948866,39969733.8
US,PLTR,2026-04-02,1.344802,144.368,149.066,151.3845,151.668667,148.306765,148.929375,-0.622611,0.23104,-1.707302,49.484225,161.848665,140.920335,7.203947,37449448.8
US,PLTR,2026-04-06,-0.356999,145.342,148.791,150.923,151.106167,148.248801,148.855347,-0.606547,0.063523,-1.340139,48.975754,161.138784,140.707216,6.973665,35319733.8
US,PLTR,2026-04-07,1.44663,147.846,147.714,150.605,150.659667,148.528985,148.945322,-0.416336,-0.032449,-0.767775,51.158053,160.506407,140.703593,6.89126,32795989.0
US,PLTR,2026-04-08,-6.203772,146.742,146.312,150.086,150.0475,147.333757,148.339002,-1.005245,-0.227008,-1.556473,42.618152,160.86969,139.30231,7.62117,36649809.0
US,PLTR,2026-04-09,-7.296107,143.542,143.865,149.0305,149.232167,144.74241,147.016853,-2.274444,-0.636495,-3.275897,35.565218,162.748148,135.312852,7.954658,48287897.6
US,PLTR,2026-04-10,-1.862212,139.462,141.915,147.7585,148.383833,142.175885,145.612642,-3.436757,-1.196548,-4.480419,34.126145,164.057549,131.459451,7.944325,65531865.0
US,PLTR,2026-04-13,3.36561,136.35,140.846,146.8295,147.616667,140.667287,144.631706,-3.964418,-1.750122,-4.428593,38.852151,164.366059,129.292941,7.831159,73657980.4
US,PLTR,2026-04-14,2.515676,133.476,140.661,145.9785,146.927167,139.903089,143.970098,-4.067008,-2.213499,-3.707019,42.296709,163.935884,128.021116,7.678934,78481127.2
US,PLTR,2026-04-15,4.753132,133.754,140.248,145.332,146.447,140.248768,143.835276,-3.586508,-2.488101,-2.196814,48.364127,162.857976,127.806024,7.676867,75193476.4
US,PLTR,2026-04-16,0.429124,136.208,139.875,144.8315,146.0175,140.635111,143.755626,-3.120514,-2.614584,-1.011862,48.911249,162.048239,127.614761,7.558519,65470388.2
US,PLTR,2026-04-17,2.542729,139.874,139.668,144.367,145.701833,141.520479,143.950764,-2.430286,-2.577724,0.294877,52.159777,160.8746,127.8594,7.412911,52270540.8
US,PLTR,2026-04-20,-0.341553,142.578,139.464,144.1275,145.368333,142.192713,144.094412,-1.901699,-2.442519,1.08164,51.672396,160.399086,127.855914,7.124131,45812516.4
US,PLTR,2026-04-21,0.054836,144.632,139.054,143.384,144.9745,142.773834,144.233344,-1.45951,-2.245917,1.572814,51.750081,157.784374,128.983626,7.034551,44221149.6
US,PLTR,2026-04-22,4.555731,146.726,140.24,143.276,144.727,144.288629,144.854578,-0.565949,-1.909924,2.687949,57.819734,157.361847,129.190153,7.011368,43283560.4
US,PLTR,2026-04-23,-7.240204,146.488,141.348,142.6065,144.324833,143.870378,144.611276,-0.740898,-1.676118,1.870441,47.195588,155.640958,129.572042,7.417699,46265244.2
US,PLTR,2026-04-24,1.073674,145.828,142.851,142.383,144.087167,143.75032,144.498589,-0.748269,-1.490548,1.484559,48.594824,155.221871,129.544129,7.202149,43869164.2
US,PLTR,2026-04-27,0.006989,145.27,143.924,142.385,143.941167,143.650271,144.394989,-0.744719,-1.341382,1.193327,48.604473,155.224304,129.545696,6.97771,43427710.8
US,PLTR,2026-04-28,-1.341719,144.312,144.472,142.5665,143.851,143.270229,144.156842,-0.886613,-1.250429,0.727631,46.788517,155.228685,129.904315,6.724302,39413153.6
US,PLTR,2026-04-29,-2.273693,141.382,144.054,142.151,143.687833,142.454809,143.698558,-1.243748,-1.249093,0.010688,43.839462,154.843829,129.458171,6.708281,37342473.6
US,PLTR,2026-04-30,0.826267,140.89,143.689,141.782,143.375,141.940223,143.358664,-1.418441,-1.282962,-0.270958,45.16141,154.377532,129.186468,6.482689,32116309.4
US,PLTR,2026-05-01,3.565524,141.086,143.457,141.5625,143.4505,142.267881,143.411356,-1.143475,-1.255065,0.22318,50.608864,153.833708,129.291292,6.543211,31024849.8
US,PLTR,2026-05-04,1.36045,141.672,143.471,141.4675,143.7175,142.846669,143.60533,-0.758661,-1.155784,0.794246,52.612108,153.568292,129.366708,6.473696,38874943.2
US,PLTR,2026-05-05,-6.930083,140.618,142.465,140.7595,143.717667,141.779489,143.035305,-1.255816,-1.17579,-0.160052,42.930275,152.412854,129.106146,6.819147,51872920.4
US,PLTR,2026-05-06,-1.559856,139.782,140.582,140.411,143.565667,140.550337,142.350468,-1.800131,-1.300659,-0.998945,41.21904,152.453825,128.368175,6.672065,56308266.0
US,PLTR,2026-05-07,2.436654,139.37,140.13,140.739,143.524667,140.011823,141.95784,-1.946017,-1.42973,-1.032574,44.858925,152.016115,129.461885,6.706917,59840526.0
US,PLTR,2026-05-08,0.547246,138.116,139.601,141.226,143.56,139.671543,141.649852,-1.978309,-1.539446,-0.877727,45.692112,151.013787,131.438213,6.574995,61545625.6
US,PLTR,2026-05-11,-0.660377,136.288,138.98,141.452,143.689333,139.243613,141.297271,-2.053657,-1.642288,-0.822738,44.807441,150.59918,132.30482,6.464638,55723345.6
US,PLTR,2026-05-12,-0.650157,136.306,138.462,141.467,143.765833,138.744596,140.90488,-2.160284,-1.745888,-0.828794,43.911959,150.577311,132.356689,6.286449,45530150.0
US,PLTR,2026-05-13,-4.375,135.558,137.67,140.862,143.716333,137.406966,140.100815,-2.693849,-1.93548,-1.516739,38.388406,151.2307,130.4933,6.425989,45463064.4
US,PLTR,2026-05-14,2.829681,134.894,137.132,140.4105,143.688833,136.841279,139.628903,-2.787624,-2.105909,-1.363431,43.151308,151.187658,129.633342,6.326275,42836604.4
US,PLTR,2026-05-15,0.194422,134.132,136.124,139.7905,143.673833,136.40262,139.211206,-2.808586,-2.246444,-1.124283,43.483733,150.547043,129.033957,6.113684,41013473.4
US,PLTR,2026-05-18,0.858273,133.782,135.035,139.253,143.672167,136.208371,138.909635,-2.701264,-2.337408,-0.727712,45.015257,149.809147,128.696853,6.006278,39137493.8
US,PLTR,2026-05-19,0.088797,133.634,134.97,138.7175,143.749833,136.062468,138.639292,-2.576824,-2.385291,-0.383066,45.182189,148.937598,128.497402,5.853687,37336729.4
US,PLTR,2026-05-20,1.397309,135.054,135.306,137.944,143.888333,136.22978,138.528974,-2.299194,-2.368072,0.137756,47.866778,145.937291,129.950709,5.779852,32560389.4
US,PLTR,2026-05-21,0.196865,135.792,135.343,137.7365,143.942167,136.412891,138.446828,-2.033937,-2.301245,0.534616,48.256628,145.556079,129.916921,5.590577,30012249.4
US,PLTR,2026-05-22,-0.392956,136.37,135.251,137.426,143.957833,136.484754,138.330767,-1.846013,-2.210198,0.728372,47.491709,144.853981,129.998019,5.528393,29001903.4
US,PLTR,2026-05-26,-0.204559,136.662,135.222,137.101,143.948,136.502484,138.202562,-1.700077,-2.108174,0.816194,47.075033,144.061603,130.140397,5.517793,28939771.2
US,PLTR,2026-05-27,-2.994143,136.112,134.873,136.6675,143.737,135.888256,137.78089,-1.892635,-2.065066,0.344863,41.365872,143.637874,129.697126,5.478665,29816271.2
US,PLTR,2026-05-28,8.172968,137.35,136.202,136.936,143.672333,137.034678,138.192676,-1.157998,-1.883653,1.451309,56.432966,144.476749,129.395251,5.979475,33971771.2
US,PLTR,2026-05-29,9.208874,141.174,138.483,137.8075,143.728167,140.035497,139.551737,0.483759,-1.41017,3.787859,67.42151,149.197977,126.417023,6.583798,47548713.0
US,PLTR,2026-06-01,2.625527,145.928,141.149,138.6365,143.861167,143.206959,141.114572,2.092387,-0.709659,5.604092,69.961937,153.586623,123.686377,6.672098,53563910.0
US,PLTR,2026-06-02,-5.278556,149.042,142.852,138.9435,143.778,144.585888,141.933492,2.652396,-0.037248,5.379288,59.630051,154.717768,123.169232,6.97052,55851741.8
US,PLTR,2026-06-03,-6.551883,150.98,143.546,139.258,143.540833,144.218829,141.953234,2.265595,0.423321,3.684548,50.236658,155.028619,123.487381,7.252626,57234283.8
US,PLTR,2026-06-04,-0.351617,150.652,144.001,139.6535,143.3835,143.831316,141.934476,1.896841,0.718025,2.357632,49.81286,155.251564,124.055436,7.170295,54984046.4
US,PLTR,2026-06-05,-4.35427,146.45,143.812,139.5775,143.115667,142.554191,141.46007,1.094121,0.793244,0.601754,44.791379,155.240243,123.914757,7.225274,44201428.8
US,PLTR,2026-06-08,0.693573,141.614,143.771,139.511,142.831833,141.618161,141.090435,0.527726,0.74014,-0.424828,45.689636,155.214606,123.807394,6.886326,38066408.8
US,PLTR,2026-06-09,-3.224152,137.594,143.318,139.27,142.517167,140.149214,140.422255,-0.273041,0.537504,-1.621091,42.226362,155.272209,123.267791,7.083017,37169788.8
US,PLTR,2026-06-10,-1.408344,135.196,143.088,138.9805,142.142,138.620104,139.665791,-1.045688,0.220866,-2.533107,40.817839,155.41259,122.54841,6.890659,35077814.8
US,PLTR,2026-06-11,0.668151,133.072,141.862,139.032,141.742,137.460088,139.029807,-1.569719,-0.137251,-2.864936,41.795809,155.357924,122.706076,6.709183,32421912.2
US,PLTR,2026-06-12,-2.357339,131.564,139.007,138.745,141.329,136.003151,138.212043,-2.208892,-0.551579,-3.314626,39.311109,155.626031,121.863969,6.547098,31859925.6
US,PLTR,2026-06-15,5.25041,131.212,136.413,138.781,140.9795,135.804205,137.952633,-2.148428,-0.870949,-2.554958,46.728207,155.624345,121.937655,6.578734,34813786.6
US,PLTR,2026-06-16,-1.08381,131.448,134.521,138.6865,140.689,135.41125,137.60429,-2.193039,-1.135367,-2.115344,45.429152,155.631398,121.741602,6.472396,33159773.0
US,PLTR,2026-06-17,-1.966229,131.532,133.364,138.455,140.1855,134.675673,137.087676,-2.412002,-1.390694,-2.042616,43.112884,155.704593,121.205407,6.451511,33495405.0
US,PLTR,2026-06-18,-1.653525,131.01,132.041,138.021,139.747,133.720954,136.449329,-2.728375,-1.65823,-2.140289,41.24577,155.808481,120.233519,6.44926,39052105.0
US,PLTR,2026-06-22,-6.982175,129.312,130.438,137.125,139.156,131.533115,135.193823,-3.660708,-2.058726,-3.203965,34.553428,156.662565,117.587435,6.679313,43342287.4
US,PLTR,2026-06-23,-2.343096,125.71,128.461,136.116,138.641667,129.251097,133.823911,-4.572813,-2.561543,-4.022539,32.766219,157.5885,114.6435,6.542219,43593512.8
