country,code,time,pct_chg,ma5,ma10,ma20,ma60,ema12,ema26,macd,macd_signal,macd_hist,rsi14,boll_upper,boll_lower,atr14,vol_ma5
CN,2585,2016-06-20,,,,,,7.2656,7.2656,0.0,0.0,0.0,,,,0.4025,
CN,2585,2016-06-21,-1.910372,,,,,7.244246,7.255319,-0.011072,-0.002214,-0.017716,0.0,,,0.412907,
CN,2585,2016-06-22,3.505079,,,,,7.264608,7.264302,0.000306,-0.00171,0.004033,12.160452,,,0.415142,
CN,2585,2016-06-23,-1.222786,,,,,7.267961,7.265939,0.002022,-0.000964,0.005971,11.611376,,,0.397882,
CN,2585,2016-06-24,-1.619455,7.24476,,,,7.252644,7.258714,-0.00607,-0.001985,-0.00817,10.916923,,,0.403662,13736909.6
CN,2585,2016-06-27,3.00067,7.26834,,,,7.272776,7.267957,0.004818,-0.000625,0.010885,20.277125,,,0.398129,12263809.6
CN,2585,2016-06-28,0.376515,7.32524,,,,7.294087,7.278575,0.015512,0.002603,0.025818,21.426222,,,0.386048,10176196.8
CN,2585,2016-06-29,-1.497713,7.30998,,,,7.295043,7.280185,0.014858,0.005054,0.019609,20.175771,,,0.372352,9279181.8
CN,2585,2016-06-30,0.950646,7.32664,,,,7.306529,7.286815,0.019713,0.007986,0.023455,23.193902,,,0.357655,9159837.0
CN,2585,2016-07-01,0.187253,7.36966,7.30721,,,7.31837,7.293977,0.024393,0.011267,0.026252,23.810782,,,0.343509,8258810.2
CN,2585,2016-07-04,5.733053,7.45432,7.36133,,,7.393513,7.331964,0.061549,0.021324,0.080451,39.78629,,,0.358129,9765243.2
CN,2585,2016-07-05,1.423118,7.55564,7.44044,,,7.474188,7.375367,0.098821,0.036823,0.123997,43.155295,,,0.356835,11073294.8
CN,2585,2016-07-06,-5.346115,7.5945,7.45224,,,7.477328,7.384199,0.09313,0.048084,0.09009,35.097725,,,0.370503,19640358.0
CN,2585,2016-07-07,-0.740533,7.60838,7.46751,,,7.471447,7.388266,0.083182,0.055104,0.056155,34.196201,,,0.355939,21511524.4
CN,2585,2016-07-08,0.559207,7.62782,7.49874,,,7.472871,7.395113,0.077758,0.059635,0.036247,35.532863,,,0.339929,22522307.4
CN,2585,2016-07-11,-1.113532,7.54594,7.50013,,,7.46126,7.395282,0.065978,0.060903,0.010149,34.041722,,,0.324077,21322652.0
CN,2585,2016-07-12,0.094628,7.44324,7.49944,,,7.452512,7.395957,0.056555,0.060034,-0.006958,34.291268,,,0.317779,20384892.8
CN,2585,2016-07-13,1.218195,7.44324,7.51887,,,7.458987,7.403264,0.055723,0.059171,-0.006897,37.568999,,,0.307473,12482691.6
CN,2585,2016-07-14,1.018066,7.4696,7.53899,,,7.476205,7.415682,0.060523,0.059442,0.002162,40.282648,,,0.295425,10936195.6
CN,2585,2016-07-15,-1.924474,7.4585,7.54316,7.425185,,7.468358,7.416387,0.051971,0.057948,-0.011953,36.977363,7.785227,7.065143,0.29068,13574052.8
CN,2585,2016-07-18,-0.467327,7.45712,7.50153,7.43143,,7.45638,7.414469,0.04191,0.05474,-0.02566,36.21522,7.784448,7.078412,0.28231,13306750.8
CN,2585,2016-07-19,0.281442,7.4585,7.45087,7.445655,,7.449444,7.414235,0.03521,0.050834,-0.031249,37.052741,7.770206,7.121104,0.27156,13260653.0
CN,2585,2016-07-20,-1.21706,7.4238,7.43352,7.44288,,7.429699,7.407336,0.022363,0.04514,-0.045553,34.911919,7.770678,7.115082,0.261091,13104942.6
CN,2585,2016-07-21,-0.758083,7.36274,7.41617,7.44184,,7.404453,7.396837,0.007616,0.037635,-0.060038,33.624593,7.771742,7.111938,0.25037,14094512.2
CN,2585,2016-07-22,-2.196653,7.2989,7.3787,7.43872,,7.358537,7.375293,-0.016756,0.026757,-0.087026,30.17843,7.779895,7.097545,0.245872,11836702.4
CN,2585,2016-07-25,0.682522,7.2517,7.35441,7.42727,,7.327147,7.358938,-0.031791,0.015047,-0.093677,32.444297,7.789792,7.064748,0.233767,11682771.2
CN,2585,2016-07-26,1.455028,7.22116,7.33983,7.419635,,7.316601,7.351506,-0.034905,0.005057,-0.079923,37.158265,7.789538,7.049732,0.224998,10885870.0
CN,2585,2016-07-27,-3.632932,7.15592,7.28986,7.404365,,7.267109,7.325091,-0.057982,-0.007551,-0.100862,31.216069,7.815616,6.993114,0.23817,11607498.8
CN,2585,2016-07-28,0.298789,7.10596,7.23435,7.38667,,7.228446,7.30218,-0.073734,-0.020788,-0.105894,32.142284,7.831452,6.941888,0.232565,10384704.2
CN,2585,2016-07-29,-0.594373,7.07958,7.18924,7.3662,,7.189316,7.277878,-0.088562,-0.034342,-0.108439,31.23845,7.845987,6.886413,0.221403,8783407.8
CN,2585,2016-08-01,-2.288467,7.01158,7.13164,7.316585,,7.131652,7.243554,-0.111902,-0.049854,-0.124095,27.993885,7.808924,6.824246,0.22096,8423856.2
CN,2585,2016-08-02,0.610463,6.93108,7.07612,7.263495,,7.089259,7.214853,-0.125594,-0.065002,-0.121184,30.033747,7.712067,6.814923,0.212606,7774609.6
CN,2585,2016-08-03,-0.506119,6.89638,7.02615,7.229835,,7.04805,7.185709,-0.137659,-0.079534,-0.11625,29.288418,7.704275,6.755395,0.204362,5808697.2
CN,2585,2016-08-04,0.508693,6.86444,6.9852,7.200685,,7.018519,7.161293,-0.142774,-0.092182,-0.101185,31.129018,7.691471,6.709899,0.196208,5254503.4
CN,2585,2016-08-05,-1.213518,6.8242,6.95189,7.165295,,6.980732,7.132523,-0.151792,-0.104104,-0.095376,29.168539,7.672029,6.658561,0.189136,5321583.4
CN,2585,2016-08-08,1.537008,6.8367,6.92414,7.139275,,6.964773,7.113596,-0.148823,-0.113047,-0.07155,34.709192,7.649098,6.629452,0.188512,5174311.8
CN,2585,2016-08-09,1.009161,6.85476,6.89292,7.116375,,6.961946,7.101211,-0.139264,-0.118291,-0.041947,38.180958,7.617578,6.615172,0.182975,5589381.6
CN,2585,2016-08-10,-0.300875,6.87558,6.88598,7.08792,,6.956339,7.088195,-0.131856,-0.121004,-0.021704,37.533679,7.563988,6.611852,0.177341,5888386.6
CN,2585,2016-08-11,-1.503141,6.86864,6.86654,7.050445,,6.935579,7.068433,-0.132853,-0.123374,-0.018959,34.405041,7.484699,6.616191,0.175081,5797422.4
CN,2585,2016-08-12,1.221157,6.895,6.8596,7.02442,,6.930829,7.056304,-0.125476,-0.123794,-0.003363,38.801037,7.426946,6.621894,0.170011,5697724.4
CN,2585,2016-08-15,2.211537,6.93108,6.88389,7.007765,,6.950301,7.056385,-0.106084,-0.120252,0.028336,45.951718,7.374279,6.641251,0.17026,6254003.8
CN,2585,2016-08-16,1.672004,6.97688,6.91582,6.99597,,6.984932,7.065201,-0.08027,-0.112256,0.063972,50.741464,7.322815,6.669125,0.170985,8302574.6
CN,2585,2016-08-17,-0.291273,7.02268,6.94913,6.98764,,7.011019,7.071816,-0.060797,-0.101964,0.082334,49.898008,7.288364,6.686916,0.1672,8448473.6
CN,2585,2016-08-18,-0.485009,7.08236,6.9755,6.98035,,7.027755,7.07537,-0.047616,-0.091094,0.086957,48.45778,7.260106,6.700594,0.163186,9147051.4
CN,2585,2016-08-19,-0.389056,7.11984,7.00742,6.979655,,7.037654,7.07661,-0.038956,-0.080666,0.083422,47.2845,7.258225,6.701085,0.15698,9286903.6
CN,2585,2016-08-22,-0.489277,7.11984,7.02546,6.9748,,7.040692,7.075187,-0.034495,-0.071432,0.073875,45.788842,7.244247,6.705353,0.153695,8532881.0
CN,2585,2016-08-23,0.688639,7.10596,7.04142,6.96717,,7.050739,7.077469,-0.02673,-0.062492,0.071524,48.257453,7.211512,6.722828,0.151146,6810022.2
CN,2585,2016-08-24,-0.294118,7.09208,7.05738,6.97168,,7.056026,7.078034,-0.022009,-0.054395,0.064773,47.260765,7.221178,6.722182,0.144807,6543367.4
CN,2585,2016-08-25,1.175707,7.1018,7.09208,6.97931,,7.073314,7.084728,-0.011414,-0.045799,0.068769,51.555378,7.242686,6.715934,0.147849,6622610.2
CN,2585,2016-08-26,-0.386418,7.11152,7.11568,6.98764,,7.083681,7.088874,-0.005193,-0.037678,0.064969,50.094547,7.260208,6.715072,0.144724,7090548.6
CN,2585,2016-08-29,-0.389318,7.12262,7.12123,7.00256,,7.088176,7.090654,-0.002478,-0.030638,0.05632,48.605989,7.268164,6.736956,0.139844,7058530.0
CN,2585,2016-08-30,-0.097007,7.12262,7.11429,7.015055,,7.090918,7.091791,-0.000872,-0.024685,0.047625,48.222972,7.275383,6.754727,0.136298,6531449.2
CN,2585,2016-08-31,0.194202,7.12956,7.11082,7.029975,,7.095362,7.093865,0.001496,-0.019449,0.04189,49.087086,7.278116,6.781834,0.132512,6097323.0
CN,2585,2016-09-01,0.682603,7.12956,7.11568,7.04559,,7.106598,7.099386,0.007212,-0.014116,0.042657,52.117832,7.287219,6.803961,0.133954,6064986.8
CN,2585,2016-09-02,-1.064394,7.11984,7.11568,7.06155,,7.104368,7.098847,0.005521,-0.010189,0.03142,47.352058,7.268737,6.854363,0.132315,5689092.6
CN,2585,2016-09-05,2.054399,7.14482,7.13372,7.07959,,7.124896,7.10914,0.015756,-0.005,0.041512,55.68531,7.282138,6.877042,0.137735,7045859.6
CN,2585,2016-09-06,0.576142,7.17952,7.15107,7.096245,,7.148681,7.121759,0.026922,0.001385,0.051075,57.746676,7.306866,6.885624,0.13979,7939362.2
CN,2585,2016-09-07,0.571468,7.21978,7.17467,7.116025,,7.175207,7.136525,0.038682,0.008844,0.059676,59.757766,7.332998,6.899052,0.144183,10141367.2
CN,2585,2016-09-08,1.042193,7.26558,7.19757,7.144825,,7.209391,7.155849,0.053542,0.017784,0.071516,63.215935,7.350332,6.939318,0.142806,10065365.4
CN,2585,2016-09-09,-1.969611,7.2975,7.20867,7.162175,7.203927,7.2159,7.162949,0.052951,0.024817,0.056267,53.72219,7.340448,6.983902,0.149463,10771831.6
CN,2585,2016-09-12,-3.44471,7.25032,7.19757,7.1594,7.199532,7.182977,7.151019,0.031957,0.026245,0.011424,42.059628,7.34566,6.97314,0.158615,10262370.6
CN,2585,2016-09-13,0.594124,7.20312,7.19132,7.152805,7.198143,7.161519,7.143055,0.018464,0.024689,-0.01245,44.230925,7.345559,6.960051,0.154721,9640510.2
CN,2585,2016-09-14,0.39469,7.15316,7.18647,7.148645,7.193055,7.147639,7.13774,0.009899,0.021731,-0.023664,45.695495,7.344637,6.952653,0.157548,7854174.2
CN,2585,2016-09-19,0.784863,7.09904,7.18231,7.148995,7.190395,7.144433,7.13693,0.007503,0.018885,-0.022764,48.597725,7.344805,6.953185,0.153731,7155625.0
CN,2585,2016-09-20,-0.195038,7.07128,7.18439,7.150035,7.18947,7.139582,7.13515,0.004432,0.015995,-0.023125,47.907162,7.344843,6.955227,0.149686,6054394.4
CN,2585,2016-09-21,0.390839,7.09904,7.17468,7.1542,7.185423,7.139754,7.135561,0.004193,0.013634,-0.018883,49.454151,7.344416,6.963984,0.144944,5265114.0
CN,2585,2016-09-22,0.582576,7.1268,7.16496,7.158015,7.181607,7.146299,7.139023,0.007276,0.012363,-0.010173,51.76263,7.347269,6.968761,0.143512,5334798.4
CN,2585,2016-09-23,1.932529,7.17676,7.16496,7.169815,7.181953,7.173192,7.15251,0.020682,0.014027,0.01331,58.562691,7.368602,6.971028,0.146147,6394261.8
CN,2585,2016-09-26,-2.559725,7.17814,7.13859,7.16808,7.17802,7.167116,7.151117,0.015999,0.014421,0.003156,48.600883,7.367491,6.968669,0.151572,6886350.8
CN,2585,2016-09-27,3.794665,7.23644,7.15386,7.181265,7.178368,7.203621,7.169878,0.033743,0.018285,0.030915,59.356035,7.40507,6.95746,0.169003,8334916.4
CN,2585,2016-09-28,-0.937281,7.2753,7.18717,7.19237,7.170505,7.223833,7.18211,0.041724,0.022973,0.037501,56.11421,7.423428,6.961312,0.163874,8783463.6
CN,2585,2016-09-29,1.134288,7.32248,7.22464,7.20798,7.162177,7.253736,7.199598,0.054138,0.029206,0.049864,59.004923,7.455206,6.960754,0.162083,9494291.6
CN,2585,2016-09-30,0.562131,7.35024,7.2635,7.224985,7.161598,7.285454,7.218879,0.066574,0.03668,0.059789,60.412388,7.491634,6.958336,0.164384,9393822.8
CN,2585,2016-10-10,0.743978,7.42658,7.30236,7.242335,7.16287,7.32083,7.240844,0.079986,0.045341,0.06929,62.269102,7.535806,6.948864,0.161564,9798513.8
CN,2585,2016-10-11,-1.108391,7.43212,7.33428,7.259335,7.16206,7.337948,7.255011,0.082937,0.05286,0.060154,57.881173,7.555405,6.963265,0.160431,9255914.4
CN,2585,2016-10-12,1.587707,7.47514,7.37522,7.27495,7.164605,7.370587,7.27687,0.093718,0.061032,0.065372,61.969458,7.596661,6.953239,0.165329,10276413.4
CN,2585,2016-10-13,-0.6437,7.4918,7.40714,7.28605,7.166223,7.390728,7.293509,0.097219,0.068269,0.057899,59.411608,7.6226,6.9495,0.158477,9392974.8
CN,2585,2016-10-14,-1.01713,7.48486,7.41755,7.291255,7.165067,7.396031,7.303264,0.092767,0.073169,0.039197,55.535957,7.632993,6.949517,0.15905,8788640.0
CN,2585,2016-10-17,-0.747455,7.45572,7.44115,7.28987,7.161713,7.39198,7.308185,0.083795,0.075294,0.017002,52.836002,7.630097,6.949643,0.159589,8348643.8
CN,2585,2016-10-18,1.694777,7.46822,7.45017,7.302015,7.16287,7.407768,7.321993,0.085774,0.07739,0.016768,57.807339,7.653093,6.950937,0.160083,8275411.2
CN,2585,2016-10-19,0.0,7.45712,7.46613,7.32665,7.164605,7.421127,7.334779,0.086347,0.079182,0.014332,57.807339,7.658663,6.994637,0.154598,7113671.0
CN,2585,2016-10-20,-0.833934,7.44324,7.46752,7.34608,7.164952,7.422815,7.341988,0.080827,0.079511,0.002632,54.475018,7.654157,7.038003,0.155948,7600121.8
CN,2585,2016-10-21,-0.092841,7.44324,7.46405,7.363775,7.166687,7.423182,7.348152,0.07503,0.078614,-0.007169,54.10421,7.646282,7.081268,0.155716,7414999.0
CN,2585,2016-10-24,0.934655,7.46822,7.46197,7.382165,7.170503,7.434169,7.359,0.075169,0.077925,-0.005512,57.255759,7.647964,7.116366,0.154508,7318117.6
CN,2585,2016-10-25,0.740533,7.47932,7.47377,7.404025,7.177905,7.452005,7.373155,0.078849,0.07811,0.001478,59.64244,7.648723,7.159327,0.152886,7104882.6
CN,2585,2016-10-26,0.184104,7.4932,7.47516,7.42519,7.18473,7.469235,7.387292,0.081943,0.078877,0.006132,60.241205,7.647307,7.203073,0.150394,7144319.6
CN,2585,2016-10-27,-0.276309,7.5154,7.47932,7.44323,7.189472,7.480599,7.398833,0.081765,0.079454,0.004622,58.827915,7.640753,7.245707,0.145109,6321163.6
CN,2585,2016-10-28,-1.747292,7.51262,7.47793,7.44774,7.196412,7.469937,7.399757,0.07018,0.0776,-0.014838,50.743129,7.637884,7.257596,0.147637,6303185.6
CN,2585,2016-10-31,-0.936408,7.48208,7.47515,7.45815,7.201847,7.450239,7.395471,0.054768,0.073033,-0.03653,47.074533,7.593197,7.323103,0.146506,6285824.4
CN,2585,2016-11-01,0.945259,7.45432,7.46682,7.458495,7.209133,7.444249,7.396644,0.047605,0.067948,-0.040685,50.897585,7.593025,7.323965,0.145955,6491296.2
CN,2585,2016-11-02,-1.592163,7.40018,7.44669,7.45641,7.217113,7.421026,7.388989,0.032037,0.060765,-0.057457,44.951914,7.599548,7.313272,0.145937,6474239.0
CN,2585,2016-11-03,1.33273,7.36966,7.44253,7.455025,7.22602,7.416329,7.389101,0.027229,0.054058,-0.053659,50.120747,7.600138,7.309912,0.148399,7438370.4
CN,2585,2016-11-04,0.093363,7.36688,7.43975,7.4519,7.23562,7.413417,7.389715,0.023702,0.047987,-0.04857,50.476241,7.599135,7.304665,0.144242,7303463.0
CN,2585,2016-11-14,3.659394,7.43212,7.4571,7.459535,7.249153,7.452599,7.410336,0.042263,0.046842,-0.009159,61.937507,7.632702,7.286368,0.169631,11269651.6
CN,2585,2016-11-15,-0.815065,7.47098,7.46265,7.46821,7.263032,7.476138,7.4248,0.051337,0.047741,0.007192,58.567343,7.652064,7.284356,0.169415,12255243.0
CN,2585,2016-11-16,1.824971,7.5612,7.48069,7.477925,7.277488,7.517409,7.448474,0.068934,0.05198,0.033909,63.338286,7.695502,7.260348,0.173671,14546271.4
CN,2585,2016-11-17,-0.896131,7.6181,7.49388,7.4866,7.289632,7.541654,7.465254,0.0764,0.056864,0.039072,59.640375,7.72047,7.25273,0.173166,14899899.0
CN,2585,2016-11-18,-1.356352,7.6528,7.50984,7.493885,7.300388,7.546153,7.47308,0.073073,0.060106,0.025935,54.500349,7.728726,7.259044,0.171704,15563070.0
CN,2585,2016-11-21,0.549472,7.64168,7.5369,7.506025,7.313573,7.55636,7.483407,0.072953,0.062675,0.020556,56.12756,7.739028,7.273022,0.169354,11979506.6
CN,2585,2016-11-22,1.915271,7.67222,7.5716,7.51921,7.3278,7.587428,7.50377,0.083658,0.066872,0.033573,61.34535,7.776693,7.261727,0.168164,11948303.4
CN,2585,2016-11-23,-1.700115,7.64862,7.60491,7.5258,7.337283,7.593424,7.512853,0.08057,0.069612,0.021918,54.975412,7.787144,7.264456,0.169038,10424082.8
CN,2585,2016-11-24,-0.182262,7.63612,7.62711,7.53482,7.344568,7.596358,7.520235,0.076124,0.070914,0.01042,54.335104,7.795055,7.274585,0.166878,9713671.0
CN,2585,2016-11-25,-0.273235,7.64028,7.64654,7.543145,7.351855,7.595642,7.525528,0.070114,0.070754,-0.001281,53.334048,7.799444,7.286846,0.168344,9648866.8
CN,2585,2016-11-28,0.273983,7.64028,7.64098,7.54904,7.360067,7.598235,7.531971,0.066265,0.069856,-0.007183,54.241932,7.806024,7.292056,0.163755,9248721.8
CN,2585,2016-11-29,-2.552381,7.57226,7.62224,7.542445,7.365502,7.570538,7.523543,0.046994,0.065284,-0.036579,45.363598,7.805676,7.279214,0.169901,8977828.6
CN,2585,2016-11-30,-0.560783,7.5223,7.58546,7.533075,7.370822,7.540701,7.512659,0.028043,0.057836,-0.059586,43.713839,7.805742,7.260408,0.166194,8151971.6
CN,2585,2016-12-01,0.940813,7.489,7.56256,7.52822,7.376488,7.526132,7.507721,0.018411,0.049951,-0.063079,47.165898,7.803446,7.252994,0.160766,7692241.6
CN,2585,2016-12-02,-1.956755,7.43072,7.5355,7.52267,7.380075,7.491388,7.492356,-0.000968,0.039767,-0.08147,41.422167,7.811255,7.234085,0.16514,7793547.8
CN,2585,2016-12-05,0.189033,7.37104,7.50566,7.52128,7.382503,7.464113,7.479152,-0.015039,0.028806,-0.087689,42.140858,7.813579,7.228981,0.168708,7759718.0
CN,2585,2016-12-06,0.095706,7.35162,7.46194,7.51677,7.38551,7.442111,7.467445,-0.025333,0.017978,-0.086623,42.526055,7.818353,7.215187,0.160622,5992673.8
CN,2585,2016-12-07,0.568221,7.34884,7.43557,7.52024,7.389673,7.429894,7.459686,-0.029792,0.008424,-0.076431,44.87483,7.812924,7.227556,0.156085,6025943.6
CN,2585,2016-12-08,-0.7538,7.32108,7.40504,7.516075,7.393027,7.411018,7.44839,-0.037372,-0.000735,-0.073274,42.386098,7.818243,7.213907,0.151379,6011296.4
CN,2585,2016-12-09,0.284651,7.32662,7.37867,7.512605,7.396497,7.398246,7.439473,-0.041227,-0.008834,-0.064786,43.647472,7.82166,7.20355,0.147009,4929357.8
CN,2585,2016-12-12,-4.545579,7.26278,7.31691,7.478945,7.393605,7.336193,7.406541,-0.070349,-0.021137,-0.098424,31.684094,7.852778,7.105112,0.164265,5293054.8
CN,2585,2016-12-13,0.0,7.19754,7.27458,7.44841,7.391985,7.283686,7.376049,-0.092363,-0.035382,-0.113963,31.684094,7.872288,7.024532,0.158975,5456424.2
CN,2585,2016-12-14,-0.496076,7.11704,7.23294,7.4092,7.387358,7.233919,7.345246,-0.111327,-0.050571,-0.121512,30.66852,7.860499,6.957901,0.155055,5092214.0
CN,2585,2016-12-15,0.798828,7.05876,7.18992,7.37624,7.382963,7.200362,7.320842,-0.12048,-0.064553,-0.111855,34.302236,7.841157,6.911323,0.156866,4951340.8
CN,2585,2016-12-16,0.691297,7.00602,7.16632,7.35091,7.378683,7.17943,7.301839,-0.12241,-0.076124,-0.092571,37.38507,7.825741,6.876079,0.152104,4612184.4
CN,2585,2016-12-19,0.294438,7.02406,7.14342,7.32454,7.373478,7.164917,7.285784,-0.120867,-0.085073,-0.071589,38.713296,7.796905,6.852175,0.148675,3656156.6
CN,2585,2016-12-20,0.48976,7.04904,7.12329,7.292615,7.37128,7.157976,7.273489,-0.115513,-0.091161,-0.048705,40.963219,7.728282,6.856948,0.145491,3540441.6
CN,2585,2016-12-21,0.780921,7.09208,7.10456,7.270065,7.374172,7.160657,7.266223,-0.105567,-0.094042,-0.023049,44.480271,7.680232,6.859898,0.141049,3330591.2
CN,2585,2016-12-22,2.320428,7.1573,7.10803,7.256535,7.379145,7.18854,7.271829,-0.083289,-0.091891,0.017205,53.427866,7.637434,6.875636,0.147331,4759226.4
CN,2585,2016-12-23,-2.079843,7.18228,7.09415,7.23641,7.38111,7.188642,7.265708,-0.077067,-0.088926,0.02372,46.091378,7.585558,6.887262,0.147715,5212607.4
CN,2585,2016-12-26,2.317365,7.23642,7.13024,7.223575,7.384927,7.214359,7.272382,-0.058023,-0.082746,0.049445,53.580657,7.533102,6.914048,0.153028,5791124.2
CN,2585,2016-12-27,0.471737,7.29056,7.1698,7.22219,7.389553,7.241457,7.281131,-0.039674,-0.074131,0.068915,54.983448,7.528452,6.915928,0.150526,6309824.8
CN,2585,2016-12-28,0.844327,7.34606,7.21907,7.226005,7.394757,7.273987,7.293855,-0.019868,-0.063279,0.086821,57.472337,7.541624,6.910386,0.154638,8002788.8
CN,2585,2016-12-29,1.025104,7.38354,7.27042,7.23017,7.40054,7.313266,7.311295,0.00197,-0.050229,0.104399,60.361946,7.559205,6.901135,0.158957,7820718.0
CN,2585,2016-12-30,1.474241,7.47376,7.32802,7.24717,7.40586,7.363579,7.335666,0.027913,-0.034601,0.125027,64.170995,7.621022,6.873318,0.16346,9140776.4
CN,2585,2017-01-03,-0.454171,7.52372,7.38007,7.261745,7.413725,7.400813,7.355661,0.045152,-0.01865,0.127604,62.16002,7.666361,6.857129,0.164677,9435787.6
CN,2585,2017-01-04,0.0,7.56674,7.42865,7.27597,7.417078,7.432319,7.374175,0.058143,-0.003291,0.12287,62.16002,7.70707,6.84487,0.159857,10088248.8
CN,2585,2017-01-05,1.551488,7.62088,7.48347,7.294015,7.423555,7.477131,7.400058,0.077073,0.012781,0.128582,66.322307,7.766366,6.821664,0.159839,9958568.2
CN,2585,2017-01-06,-1.977057,7.6292,7.50637,7.3072,7.4261,7.491557,7.412713,0.078844,0.025994,0.1057,57.506893,7.794763,6.819637,0.1623,9422776.4
CN,2585,2017-01-09,3.024739,7.66112,7.56744,7.330795,7.431767,7.538994,7.441394,0.097601,0.040315,0.114571,65.016646,7.86367,6.79792,0.170536,9235863.0
CN,2585,2017-01-10,-0.978218,7.68472,7.60422,7.36723,7.435237,7.567395,7.462298,0.105097,0.053272,0.103651,61.139579,7.902897,6.831563,0.168762,9052134.2
CN,2585,2017-01-11,-0.090631,7.70692,7.63683,7.403315,7.439978,7.59035,7.481135,0.109215,0.06446,0.089509,60.781475,7.930967,6.875663,0.173065,8998205.4
CN,2585,2017-01-12,-1.438457,7.68332,7.6521,7.435585,7.440903,7.592696,7.490355,0.102341,0.072036,0.06061,55.254783,7.928703,6.942467,0.172103,8008091.6
CN,2585,2017-01-13,-0.18276,7.68748,7.65834,7.46438,7.442407,7.592543,7.497862,0.094681,0.076565,0.036231,54.585442,7.922069,7.006691,0.172696,7977297.2
CN,2585,2017-01-16,-3.747514,7.58894,7.62503,7.476525,7.44044,7.548644,7.483739,0.064905,0.074233,-0.018656,43.082048,7.902925,7.050125,0.201996,8524606.0
CN,2585,2017-01-17,1.51905,7.52786,7.60629,7.49318,7.441248,7.528576,7.478884,0.049692,0.069325,-0.039267,47.712001,7.881439,7.104921,0.208882,8504827.0
CN,2585,2017-01-18,-0.841174,7.4557,7.58131,7.50498,7.438935,7.501995,7.469767,0.032228,0.061906,-0.059355,45.472642,7.860058,7.149902,0.20289,7569522.4
CN,2585,2017-01-19,-0.095163,7.40434,7.54383,7.51365,7.436505,7.478426,7.460806,0.01762,0.053048,-0.070857,45.216259,7.843701,7.183599,0.19732,6851763.8
CN,2585,2017-01-20,2.833116,7.3974,7.54244,7.524405,7.438587,7.490515,7.467932,0.022583,0.046955,-0.048745,53.596505,7.845259,7.203551,0.19909,6340302.2
CN,2585,2017-01-23,0.0,7.44736,7.51815,7.542795,7.440783,7.500743,7.474529,0.026214,0.042807,-0.033187,53.596505,7.824459,7.261131,0.192805,4772821.2
CN,2585,2017-01-24,0.459177,7.48206,7.50496,7.55459,7.442402,7.514736,7.483209,0.031528,0.040551,-0.018047,54.929164,7.823407,7.285773,0.187954,4120837.0
CN,2585,2017-01-25,-0.273983,7.52508,7.49039,7.56361,7.442748,7.523377,7.489704,0.033673,0.039175,-0.011006,53.929366,7.82169,7.30553,0.182951,4356804.8
CN,2585,2017-01-26,-0.458334,7.56256,7.48345,7.567775,7.442285,7.52535,7.493148,0.032201,0.037781,-0.011159,52.22167,7.821221,7.314329,0.17484,4476658.4
CN,2585,2017-02-03,0.460444,7.56534,7.48137,7.569855,7.442748,7.532358,7.498908,0.03345,0.036914,-0.00693,53.797241,7.822686,7.317024,0.171273,4174065.2
CN,2585,2017-02-06,2.475267,7.6056,7.52648,7.575755,7.448532,7.567118,7.518122,0.048996,0.039331,0.01933,61.232549,7.84013,7.31138,0.176889,5330405.4
CN,2585,2017-02-07,0.357037,7.64446,7.56326,7.584775,7.455933,7.600792,7.537965,0.062827,0.04403,0.037594,62.200845,7.864473,7.305077,0.174168,6861094.8
CN,2585,2017-02-08,0.267146,7.69164,7.60836,7.594835,7.462525,7.632486,7.557879,0.074607,0.050145,0.048923,62.949198,7.890806,7.298864,0.171642,7305207.6
CN,2585,2017-02-09,10.045089,7.9026,7.73258,7.638205,7.484153,7.779949,7.634406,0.145543,0.069225,0.152637,79.460105,8.162826,7.113584,0.220846,12827952.0
CN,2585,2017-02-10,-0.323594,8.10106,7.8332,7.68782,7.503698,7.900449,7.703206,0.197244,0.094829,0.20483,78.13088,8.347819,7.027821,0.254143,25736009.4
CN,2585,2017-02-13,-0.648122,8.25094,7.92827,7.72321,7.522203,7.993873,7.762798,0.231075,0.122078,0.217994,75.418441,8.473221,6.973199,0.267711,30463635.0
CN,2585,2017-02-14,0.082278,8.39668,8.02057,7.762765,7.536313,8.074,7.818494,0.255506,0.148764,0.213484,75.533811,8.588325,6.937205,0.265939,32468141.0
CN,2585,2017-02-15,-3.179208,8.48412,8.08788,7.789135,7.546953,8.100154,7.850013,0.250141,0.169039,0.162203,63.183867,8.640404,6.937866,0.270236,35443429.6
CN,2585,2017-02-16,1.599951,8.4411,8.17185,7.82765,7.557478,8.142576,7.888968,0.253608,0.185953,0.135311,66.092942,8.711306,6.943994,0.266305,31705686.0
CN,2585,2017-02-17,-0.912141,8.38836,8.24471,7.86304,7.567887,8.166718,7.919378,0.247341,0.19823,0.098221,62.988311,8.762613,6.963467,0.260169,20286101.4
CN,2585,2017-02-20,1.589252,8.3731,8.31202,7.91925,7.582228,8.207439,7.957305,0.250133,0.208611,0.083045,65.961115,8.813346,7.025154,0.261414,15894076.8
CN,2585,2017-02-21,0.658254,8.36754,8.38211,7.972685,7.596802,8.250433,7.996534,0.253898,0.217668,0.07246,67.156505,8.868353,7.077017,0.257613,14513892.6
CN,2585,2017-02-22,0.327564,8.42168,8.4529,8.03063,7.609408,8.291089,8.034917,0.256172,0.225369,0.061606,67.767124,8.908946,7.152314,0.252098,12866808.6
CN,2585,2017-02-23,-2.527394,8.4064,8.42375,8.078165,7.620627,8.292383,8.054516,0.237867,0.227869,0.019997,58.673361,8.905135,7.251195,0.255405,12791786.0
CN,2585,2017-02-24,0.585577,8.41612,8.40224,8.11772,7.632887,8.300955,8.076263,0.224692,0.227234,-0.005083,59.979489,8.916389,7.319051,0.249055,12476470.4
CN,2585,2017-02-27,0.915178,8.41474,8.39392,8.161095,7.646767,8.319962,8.102058,0.217904,0.225368,-0.014928,62.012049,8.926789,7.395401,0.250594,12527161.0
CN,2585,2017-02-28,2.553267,8.44528,8.40641,8.21349,7.663885,8.369137,8.141876,0.227261,0.225746,0.003029,67.081214,8.959317,7.467663,0.254508,12974644.2
CN,2585,2017-03-01,-0.642391,8.45916,8.44042,8.26415,7.683317,8.402208,8.174633,0.227575,0.226112,0.002926,64.68284,8.964777,7.563523,0.252194,11996862.2
CN,2585,2017-03-02,-1.05078,8.49804,8.45222,8.312035,7.701938,8.416315,8.198283,0.218032,0.224496,-0.012928,60.87356,8.93355,7.69052,0.25153,11355063.8
CN,2585,2017-03-03,1.143173,8.54662,8.48137,8.36304,7.721022,8.443189,8.227373,0.215816,0.22276,-0.013887,63.374131,8.893684,7.832396,0.254385,11250928.8
CN,2585,2017-03-06,-0.727506,8.56742,8.49108,8.40155,7.741492,8.456314,8.249679,0.206635,0.219535,-0.025799,60.68569,8.857603,7.945497,0.247614,10166984.6
CN,2585,2017-03-07,-1.871372,8.51328,8.47928,8.430695,7.759072,8.442866,8.25851,0.184356,0.212499,-0.056287,54.345665,8.789888,8.071502,0.244306,8668833.4
CN,2585,2017-03-08,-0.994157,8.4536,8.45638,8.45464,7.775148,8.418686,8.260524,0.158162,0.201632,-0.086939,51.334797,8.685034,8.224246,0.238756,8154770.2
CN,2585,2017-03-09,0.251035,8.41612,8.45708,8.440415,7.790878,8.401427,8.26393,0.137497,0.188805,-0.102615,52.050017,8.670507,8.210323,0.22963,7278326.8
CN,2585,2017-03-10,0.417745,8.36616,8.45639,8.429315,7.808112,8.392161,8.269653,0.122508,0.175546,-0.106075,53.283526,8.656038,8.202592,0.221157,6536391.8
CN,2585,2017-03-13,0.0,8.3287,8.44806,8.42099,7.824998,8.384321,8.274953,0.109368,0.16231,-0.105884,53.283526,8.647816,8.194164,0.226674,6549909.0
CN,2585,2017-03-14,-0.499928,8.31482,8.41405,8.41023,7.846742,8.371272,8.276771,0.0945,0.148748,-0.108496,51.439256,8.638665,8.181795,0.220897,5544151.4
CN,2585,2017-03-15,-0.919332,8.30232,8.37796,8.40919,7.867213,8.348491,8.272803,0.075688,0.134136,-0.116896,48.154937,8.64081,8.17757,0.24279,5600581.6
CN,2585,2017-03-16,0.169034,8.28844,8.35228,8.40225,7.888495,8.331354,8.270158,0.061196,0.119548,-0.116705,48.796333,8.645471,8.159029,0.233877,5774556.2
CN,2585,2017-03-17,-1.685059,8.23986,8.30301,8.39219,7.906537,8.2955,8.257428,0.038072,0.103253,-0.130362,43.066776,8.666265,8.118115,0.228571,6157807.2
CN,2585,2017-03-20,0.428485,8.19822,8.26346,8.37727,7.924348,8.2705,8.248211,0.022289,0.08706,-0.129543,44.811424,8.672829,8.081711,0.222159,5420057.2
CN,2585,2017-03-21,1.450879,8.18852,8.25167,8.365475,7.94378,8.2675,8.248418,0.019082,0.073464,-0.108765,50.379905,8.661421,8.069529,0.220169,5538191.4
CN,2585,2017-03-22,-1.43013,8.17048,8.2364,8.34639,7.960667,8.246808,8.239868,0.006939,0.060159,-0.10644,45.442134,8.650499,8.042281,0.214357,4764429.6
CN,2585,2017-03-23,0.170909,8.15244,8.22044,8.33876,7.976858,8.231437,8.232982,-0.001545,0.047819,-0.098726,46.112145,8.654622,8.022898,0.211439,4387118.2
CN,2585,2017-03-24,0.084695,8.16354,8.2017,8.329045,7.99039,8.219493,8.227117,-0.007624,0.03673,-0.088707,46.463619,8.654953,8.003137,0.205257,4027512.2
CN,2585,2017-03-27,2.468788,8.20796,8.20309,8.325575,8.009822,8.240356,8.236597,0.003759,0.030136,-0.052754,55.568461,8.64881,8.00234,0.212403,4947395.2
CN,2585,2017-03-28,-0.748046,8.21628,8.2024,8.308225,8.025435,8.248393,8.240745,0.007648,0.025638,-0.03598,52.578585,8.597659,8.018791,0.207146,4906141.8
CN,2585,2017-03-29,1.673781,8.27596,8.22322,8.30059,8.042783,8.276548,8.254868,0.02168,0.024847,-0.006333,57.985154,8.567708,8.033472,0.205735,6327474.0
CN,2585,2017-03-30,-2.962735,8.2829,8.21767,8.284975,8.054928,8.261941,8.24944,0.0125,0.022377,-0.019754,47.491024,8.541363,8.028587,0.218304,7240125.0
CN,2585,2017-03-31,-2.036277,8.25514,8.20934,8.256175,8.063023,8.22395,8.232075,-0.008125,0.016277,-0.048803,42.027972,8.497554,8.014796,0.219568,7363998.4
CN,2585,2017-04-05,2.944479,8.23432,8.22114,8.2423,8.073202,8.228111,8.233476,-0.005365,0.011949,-0.034627,50.682553,8.44886,8.03574,0.227185,6632684.8
CN,2585,2017-04-06,0.167252,8.22876,8.22252,8.237095,8.084188,8.233756,8.235797,-0.002041,0.009151,-0.022383,51.141874,8.435726,8.038464,0.220872,6576662.0
CN,2585,2017-04-07,1.427742,8.21904,8.2475,8.24195,8.097142,8.256686,8.246686,0.01,0.009321,0.001359,55.00114,8.449636,8.034264,0.217988,5908034.4
CN,2585,2017-04-10,-2.8976,8.2107,8.2468,8.23362,8.10408,8.238719,8.238776,-5.7e-05,0.007445,-0.015004,46.805306,8.443633,8.023607,0.229675,6192504.4
CN,2585,2017-04-11,0.767823,8.24818,8.25166,8.22668,8.114605,8.233131,8.236081,-0.00295,0.005366,-0.016632,48.914685,8.431114,8.022246,0.237062,6313868.2
CN,2585,2017-04-12,-1.185019,8.21902,8.22667,8.21488,8.119693,8.213449,8.226386,-0.012937,0.001705,-0.029285,45.868398,8.418754,8.011006,0.243429,6727678.6
CN,2585,2017-04-13,0.34299,8.19266,8.21071,8.206555,8.126517,8.201073,8.219469,-0.018396,-0.002315,-0.032163,46.88721,8.409524,8.003586,0.242898,6921852.4
CN,2585,2017-04-14,-1.024222,8.12604,8.17254,8.19788,8.132068,8.177785,8.206893,-0.029109,-0.007674,-0.04287,44.202631,8.411797,7.983963,0.239427,6555920.6
CN,2585,2017-04-17,-2.930544,8.06082,8.13576,8.176715,8.135538,8.121787,8.177775,-0.055988,-0.017337,-0.077304,37.63149,8.447204,7.906226,0.249582,5990751.4
CN,2585,2017-04-18,-3.552689,7.92758,8.08788,8.14861,8.134613,8.031697,8.130251,-0.098555,-0.03358,-0.129949,31.665816,8.536975,7.760245,0.274384,6492006.8
CN,2585,2017-04-19,-0.091558,7.8124,8.01571,8.118425,8.138315,7.954405,8.085736,-0.131332,-0.053131,-0.156402,31.532011,8.591545,7.645305,0.26817,6061059.0
CN,2585,2017-04-20,-1.843465,7.6639,7.92828,8.0754,8.137853,7.86765,8.034237,-0.166587,-0.075822,-0.181531,28.88765,8.64011,7.51069,0.269337,6223833.8
CN,2585,2017-04-21,-1.97145,7.50292,7.81448,8.03099,8.136003,7.771827,7.975761,-0.203933,-0.101444,-0.204978,26.386154,8.70056,7.36142,0.272899,6412496.4
CN,2585,2017-04-24,-2.586683,7.35164,7.70623,7.976515,8.131147,7.661915,7.907734,-0.245819,-0.130319,-0.230999,23.560222,8.766036,7.186994,0.26927,5921639.0
CN,2585,2017-04-25,0.786409,7.26698,7.59728,7.92447,8.123745,7.577451,7.848857,-0.271406,-0.158536,-0.225739,26.085017,8.793601,7.055339,0.257472,4839725.0
CN,2585,2017-04-26,0.878685,7.1962,7.5043,7.865485,8.117385,7.515597,7.798972,-0.283374,-0.183504,-0.19974,28.931797,8.769147,6.961823,0.245524,4618359.2
CN,2585,2017-04-27,1.257073,7.17122,7.41756,7.814135,8.11195,7.477136,7.759463,-0.282326,-0.203268,-0.158116,32.945633,8.731492,6.896778,0.249794,4636166.8
CN,2585,2017-04-28,1.241467,7.19342,7.34817,7.760355,8.108365,7.458469,7.729562,-0.271092,-0.216833,-0.108519,36.79025,8.652423,6.868287,0.241866,4118395.2
CN,2585,2017-05-02,-0.5669,7.24476,7.2982,7.71698,8.104663,7.436258,7.698787,-0.262528,-0.225972,-0.073112,35.769194,8.607261,6.826699,0.234997,3997333.2
CN,2585,2017-05-03,-0.284382,7.28084,7.27391,7.680895,8.100037,7.414265,7.668751,-0.254486,-0.231675,-0.045622,35.243769,8.578408,6.783382,0.225647,3807424.6
CN,2585,2017-05-04,0.0,7.30442,7.25031,7.63301,8.092287,7.395655,7.640939,-0.245285,-0.234397,-0.021775,35.243769,8.505592,6.760428,0.221429,3781541.0
CN,2585,2017-05-05,-0.379801,7.30442,7.23782,7.58305,8.083613,7.375646,7.613137,-0.23749,-0.235016,-0.004949,34.461913,8.418862,6.747238,0.215034,3230459.6
CN,2585,2017-05-08,-2.101685,7.25584,7.22463,7.519555,8.072048,7.335224,7.576082,-0.240858,-0.236184,-0.009348,30.451433,8.29334,6.74577,0.216032,3406071.4
CN,2585,2017-05-09,0.975692,7.22948,7.23712,7.471675,8.04857,7.311697,7.546913,-0.235216,-0.23599,0.001549,34.199369,8.203355,6.739995,0.213987,3548160.4
CN,2585,2017-05-10,-1.932529,7.17952,7.23018,7.41373,8.023242,7.270436,7.509623,-0.239187,-0.23663,-0.005115,30.642684,8.085891,6.741569,0.213573,3775110.0
CN,2585,2017-05-11,-1.477958,7.10874,7.20658,7.35544,7.997103,7.219507,7.467384,-0.247877,-0.238879,-0.017996,28.268189,7.978,6.73288,0.220133,4349938.6
CN,2585,2017-05-12,-0.39917,7.03796,7.17119,7.294375,7.970387,7.172152,7.426223,-0.25407,-0.241917,-0.024306,27.654119,7.833936,6.754814,0.214823,4297842.0
CN,2585,2017-05-15,0.802986,7.00882,7.13233,7.24025,7.949107,7.140621,7.392221,-0.2516,-0.243854,-0.015492,30.89332,7.672354,6.808146,0.205421,3989748.2
CN,2585,2017-05-16,2.290734,6.99772,7.1136,7.2059,7.928288,7.138495,7.37256,-0.234065,-0.241896,0.015662,39.308724,7.550539,6.861261,0.208591,3875772.4
CN,2585,2017-05-17,0.096818,7.01576,7.09764,7.185775,7.908858,7.137757,7.354867,-0.217109,-0.236939,0.039659,39.650882,7.496225,6.875325,0.200635,3964766.4
CN,2585,2017-05-18,-0.874721,7.04214,7.07544,7.162875,7.88619,7.127533,7.333862,-0.206329,-0.230817,0.048976,37.587119,7.433615,6.892135,0.192254,3129631.2
CN,2585,2017-05-19,0.195155,7.07682,7.05739,7.147605,7.862827,7.121005,7.315435,-0.19443,-0.223539,0.058219,38.351324,7.399031,6.896179,0.183978,2923680.2
CN,2585,2017-05-22,-2.350002,7.0671,7.03796,7.131295,7.836225,7.089866,7.28604,-0.196174,-0.218066,0.043784,33.087312,7.397284,6.865306,0.187687,3363547.6
CN,2585,2017-05-23,-1.90501,6.9991,6.99841,7.117765,7.811013,7.04324,7.249059,-0.205819,-0.215617,0.019596,29.621326,7.422168,6.813362,0.188652,3529838.4
CN,2585,2017-05-24,0.408145,6.93526,6.97551,7.102845,7.785453,7.008049,7.21687,-0.20882,-0.214258,0.010875,31.251293,7.434748,6.770942,0.191534,3498404.8
CN,2585,2017-05-25,1.119671,6.89916,6.97065,7.088615,7.759892,6.990011,7.192716,-0.202705,-0.211947,0.018484,35.670816,7.431091,6.746139,0.191232,3639194.8
CN,2585,2017-05-26,-0.703837,6.8506,6.96371,7.06745,7.729937,6.967286,7.166759,-0.199473,-0.209452,0.019958,34.167249,7.415828,6.719072,0.184515,3876192.4
CN,2585,2017-05-31,0.100843,6.83672,6.95191,7.04212,7.701022,6.949119,7.143237,-0.194117,-0.206385,0.024536,34.589672,7.376333,6.707907,0.180257,3433924.8
CN,2585,2017-06-01,-2.026514,6.82144,6.91027,7.011935,7.671297,6.912393,7.111175,-0.198781,-0.204865,0.012166,30.368318,7.351445,6.672425,0.179767,3126291.8
CN,2585,2017-06-02,-0.309967,6.79646,6.86586,6.98175,7.639607,6.878117,7.079947,-0.20183,-0.204258,0.004856,29.781755,7.323172,6.640328,0.183284,3426354.2
CN,2585,2017-06-05,1.140576,6.77148,6.83532,6.95538,7.61023,6.860853,7.056684,-0.195831,-0.202572,0.013482,34.759756,7.277394,6.633366,0.182085,3460937.2
CN,2585,2017-06-06,0.10346,6.7576,6.8041,6.930745,7.58363,6.847322,7.035663,-0.188341,-0.199726,0.02277,35.213538,7.228534,6.632956,0.17255,3274750.2
CN,2585,2017-06-07,2.35645,6.77426,6.80549,6.921725,7.561077,6.860426,7.028021,-0.167595,-0.1933,0.051409,44.664114,7.207587,6.635863,0.17559,4134046.2
CN,2585,2017-06-08,0.099531,6.82006,6.82075,6.90958,7.538292,6.872576,7.021457,-0.148881,-0.184416,0.07107,45.0374,7.169599,6.649561,0.178412,4354750.0
CN,2585,2017-06-09,0.0,6.87002,6.83324,6.904375,7.514928,6.882857,7.015379,-0.132522,-0.174037,0.083031,45.0374,7.15754,6.65121,0.170132,3817360.6
CN,2585,2017-06-12,-1.099519,6.88946,6.83047,6.90056,7.490293,6.879817,7.004099,-0.124282,-0.164086,0.079609,41.451332,7.153798,6.647322,0.16393,3631382.0
CN,2585,2017-06-13,1.011205,6.92138,6.83949,6.9016,7.46751,6.887922,6.998795,-0.110873,-0.153443,0.085141,45.687423,7.155183,6.648017,0.159157,3882329.0
CN,2585,2017-06-14,0.200505,6.92416,6.84921,6.90056,7.44623,6.896919,6.994914,-0.097995,-0.142354,0.088717,46.521994,7.153227,6.647893,0.160181,3216313.0
CN,2585,2017-06-15,0.999079,6.93944,6.87975,6.89501,7.425875,6.915208,6.996461,-0.081253,-0.130134,0.097761,50.603224,7.131942,6.658078,0.159147,3434939.6
CN,2585,2017-06-16,0.592947,6.96304,6.91653,6.891195,7.408527,6.937084,7.000975,-0.063891,-0.116885,0.105988,52.922476,7.114708,6.667682,0.155215,3762308.8
CN,2585,2017-06-19,-0.294726,6.99774,6.9436,6.88946,7.390253,6.952394,7.003614,-0.05122,-0.103752,0.105064,51.617505,7.107833,6.671087,0.149085,3819538.0
CN,2585,2017-06-20,0.393656,7.0241,6.97274,6.88842,7.370475,6.96961,7.008109,-0.038499,-0.090701,0.104405,53.270065,7.103225,6.673615,0.143886,3804355.6
CN,2585,2017-06-21,-0.392112,7.04214,6.98315,6.89432,7.352202,6.979916,7.01022,-0.030303,-0.078622,0.096637,51.380121,7.118399,6.670241,0.141044,3752286.2
CN,2585,2017-06-22,-1.775005,7.02132,6.98038,6.900565,7.331615,6.969422,7.002922,-0.0335,-0.069597,0.072194,43.829252,7.119206,6.681924,0.14237,3524581.4
CN,2585,2017-06-23,-0.101278,6.99078,6.97691,6.905075,7.310797,6.959464,6.995646,-0.036182,-0.062914,0.053465,43.443906,7.12012,6.69003,0.147565,3296530.4
CN,2585,2017-06-26,1.708981,6.988,6.99287,6.91167,7.28859,6.969193,6.99765,-0.028457,-0.056023,0.055131,51.228279,7.13257,6.69077,0.147432,3658511.2
CN,2585,2017-06-27,0.494112,6.98662,7.00536,6.922425,7.268003,6.982763,7.002076,-0.019313,-0.048681,0.058736,53.265392,7.149623,6.695227,0.143344,3980186.8
CN,2585,2017-06-28,-1.412702,6.97084,7.00649,6.92785,7.243442,6.978907,6.998789,-0.019882,-0.042921,0.046079,47.169235,7.152967,6.702733,0.141512,3852916.2
CN,2585,2017-06-29,0.260143,6.98366,7.00249,6.94112,7.223345,6.978429,6.997086,-0.018657,-0.038068,0.038823,48.325495,7.143546,6.738694,0.141082,3834019.4
CN,2585,2017-06-30,0.129017,6.99968,6.99523,6.95588,7.206175,6.979409,6.996176,-0.016767,-0.033808,0.034083,48.92409,7.122716,6.789044,0.139398,3773128.8
CN,2585,2017-07-03,0.259134,6.99572,6.99186,6.96773,7.185373,6.983023,6.996674,-0.013651,-0.029776,0.032251,50.174154,7.110895,6.824565,0.133955,3459060.6
CN,2585,2017-07-04,-1.54793,6.96314,6.97488,6.97381,7.162535,6.969404,6.989106,-0.019701,-0.027761,0.01612,43.333803,7.091407,6.856213,0.133423,3474479.8
CN,2585,2017-07-05,-0.131989,6.94868,6.95976,6.971455,7.137578,6.956481,6.981424,-0.024943,-0.027198,0.004509,42.806206,7.094047,6.848863,0.13035,4418265.4
CN,2585,2017-07-06,-1.311471,6.91254,6.9481,6.96424,7.115165,6.931653,6.967622,-0.035969,-0.028952,-0.014034,37.877957,7.108584,6.819896,0.129425,5451033.2
CN,2585,2017-07-07,-0.398817,6.86918,6.93443,6.95567,7.091258,6.906475,6.952835,-0.04636,-0.032434,-0.027852,36.519104,7.123361,6.787979,0.12728,6519909.6
CN,2585,2017-07-10,0.800827,6.83304,6.91438,6.953625,7.069875,6.89351,6.943158,-0.049648,-0.035877,-0.027544,41.072335,7.126693,6.780557,0.125932,7395376.2
CN,2585,2017-07-11,-1.059775,6.80412,6.88363,6.944495,7.046823,6.871416,6.928843,-0.057427,-0.040187,-0.034481,37.235625,7.138996,6.749994,0.124036,7557382.0
CN,2585,2017-07-12,-1.339279,6.75894,6.85381,6.93015,7.023653,6.838814,6.908892,-0.070078,-0.046165,-0.047826,33.075292,7.160912,6.699388,0.13002,7601565.8
CN,2585,2017-07-13,0.408439,6.73726,6.8249,6.913695,7.004868,6.815412,6.892433,-0.077021,-0.052336,-0.049371,35.413569,7.163804,6.663586,0.125897,6740569.4
CN,2585,2017-07-14,0.134596,6.7228,6.79599,6.89561,6.99086,6.796994,6.87786,-0.080866,-0.058042,-0.045647,36.207779,7.153719,6.637501,0.124004,6141667.8
CN,2585,2017-07-17,-4.453605,6.63786,6.73545,6.863655,6.971997,6.735534,6.842278,-0.106744,-0.067783,-0.077923,25.165663,7.192567,6.534743,0.13709,6398351.6
CN,2585,2017-07-18,1.553732,6.58726,6.69569,6.835285,6.957103,6.698821,6.816694,-0.117874,-0.077801,-0.080146,32.549759,7.187157,6.483413,0.137626,6027255.2
CN,2585,2017-07-19,2.08561,6.58184,6.67039,6.815075,6.946897,6.688602,6.803043,-0.114441,-0.085129,-0.058624,41.084041,7.164799,6.465351,0.140703,5427769.2
CN,2585,2017-07-20,0.681503,6.58002,6.65864,6.80337,6.940567,6.68691,6.793751,-0.106841,-0.089471,-0.03474,43.645548,7.155039,6.451701,0.145495,6130538.6
CN,2585,2017-07-21,-0.540613,6.56918,6.64599,6.79021,6.93271,6.679924,6.782473,-0.10255,-0.092087,-0.020925,42.072247,7.145408,6.435012,0.141553,6210346.4
CN,2585,2017-07-24,1.08861,6.63244,6.63515,6.774765,6.925017,6.685135,6.777386,-0.092251,-0.09212,-0.000262,46.251101,7.114719,6.434811,0.139835,5623124.0
CN,2585,2017-07-25,-0.269594,6.6722,6.62973,6.75668,6.915518,6.686761,6.771335,-0.084575,-0.090611,0.012072,45.368728,7.07217,6.44119,0.136304,5308345.0
CN,2585,2017-07-26,-0.67506,6.67582,6.62883,6.74132,6.903763,6.681182,6.762385,-0.081203,-0.088729,0.015053,43.154606,7.045891,6.436749,0.134318,5210926.8
CN,2585,2017-07-27,1.902113,6.6957,6.63786,6.73138,6.894812,6.695923,6.763467,-0.067544,-0.084492,0.033896,50.443804,7.017084,6.445676,0.138274,4944118.4
CN,2585,2017-07-28,1.733806,6.7463,6.65774,6.726865,6.888165,6.726474,6.773173,-0.0467,-0.076934,0.060468,56.077617,6.998936,6.454794,0.14389,5466900.2
CN,2585,2017-07-31,0.0,6.78244,6.70744,6.721445,6.881518,6.752324,6.782161,-0.029837,-0.067514,0.075355,56.077617,6.974992,6.467898,0.138133,5443597.6
CN,2585,2017-08-01,1.179201,6.83846,6.75533,6.72551,6.876688,6.786705,6.796504,-0.009799,-0.055971,0.092344,59.749569,6.992286,6.458734,0.142467,7574115.6
CN,2585,2017-08-02,-1.553944,6.88184,6.77883,6.72461,6.872597,6.799119,6.801756,-0.002636,-0.045304,0.085336,53.345812,6.989336,6.459884,0.141976,8205798.0
CN,2585,2017-08-03,-0.789236,6.88908,6.79239,6.725515,6.866445,6.801286,6.802603,-0.001318,-0.036507,0.070378,50.435173,6.991321,6.459709,0.138935,7795306.0
CN,2585,2017-08-04,1.458933,6.8927,6.8195,6.732745,6.864263,6.818411,6.810751,0.00766,-0.027674,0.070667,55.256732,7.010383,6.455107,0.141918,7637776.2
CN,2585,2017-08-07,0.0,6.89632,6.83938,6.737265,6.863817,6.832902,6.818296,0.014606,-0.019218,0.067647,55.256732,7.023395,6.451135,0.136946,7369864.0
CN,2585,2017-08-08,0.652432,6.8927,6.86558,6.747655,6.864583,6.852101,6.828622,0.023479,-0.010678,0.068315,57.435547,7.049524,6.445786,0.135557,5913321.4
CN,2585,2017-08-09,-0.258706,6.90716,6.8945,6.761665,6.864125,6.865578,6.83685,0.028728,-0.002797,0.06305,56.258055,7.071764,6.451566,0.131031,5177335.2
CN,2585,2017-08-10,-2.083664,6.90354,6.89631,6.767085,6.858597,6.854735,6.833757,0.020978,0.001958,0.03804,47.783187,7.075539,6.458631,0.134579,5353531.0
CN,2585,2017-08-11,-2.526821,6.8457,6.8692,6.76347,6.850092,6.819145,6.818175,0.00097,0.00176,-0.001581,40.065227,7.076841,6.450099,0.141102,5976028.4
CN,2585,2017-08-14,1.227466,6.80412,6.85022,6.77883,6.843982,6.801538,6.80977,-0.008231,-0.000238,-0.015987,44.625998,7.045591,6.512069,0.138773,5877844.0
CN,2585,2017-08-15,0.26996,6.75714,6.82492,6.790125,6.837943,6.789425,6.803328,-0.013903,-0.002971,-0.021864,45.618168,7.025459,6.554791,0.134668,5322967.4
CN,2585,2017-08-16,0.403106,6.71918,6.81317,6.796,6.835132,6.783344,6.79937,-0.016026,-0.005582,-0.020888,47.145171,7.020927,6.571073,0.129563,5291160.0
CN,2585,2017-08-17,0.536304,6.71738,6.81046,6.801425,6.83512,6.783768,6.798387,-0.014619,-0.007389,-0.014459,49.197266,7.019807,6.583043,0.126116,4847025.8
CN,2585,2017-08-18,-0.266722,6.7463,6.796,6.80775,6.834345,6.781342,6.796136,-0.014794,-0.00887,-0.011847,48.189818,7.014241,6.601259,0.122915,3484079.6
CN,2585,2017-08-21,1.86909,6.78426,6.79419,6.816785,6.834407,6.798751,6.803422,-0.004671,-0.008031,0.006718,55.108762,7.021851,6.611719,0.124464,4171592.2
CN,2585,2017-08-22,-0.786134,6.80776,6.78245,6.824015,6.834373,6.805143,6.806154,-0.001011,-0.006627,0.011232,51.910089,7.021553,6.626477,0.12138,4354160.0
CN,2585,2017-08-23,-0.133035,6.82402,6.7716,6.83305,6.834073,6.809152,6.808009,0.001143,-0.005073,0.012431,51.370958,7.013836,6.652264,0.119168,4256861.6
CN,2585,2017-08-24,-1.190128,6.81678,6.76708,6.831695,6.834732,6.800036,6.803705,-0.003669,-0.004792,0.002247,46.704039,7.014535,6.648855,0.117756,4151068.4
CN,2585,2017-08-25,0.937792,6.82582,6.78606,6.82763,6.836792,6.802061,6.804408,-0.002347,-0.004303,0.003912,50.476476,7.008307,6.646953,0.115159,4344375.4
CN,2585,2017-08-28,1.193272,6.82582,6.80504,6.82763,6.838935,6.816283,6.811082,0.005201,-0.002402,0.015206,54.892653,7.008307,6.646953,0.11274,3970634.8
CN,2585,2017-08-29,-0.262528,6.83304,6.8204,6.82266,6.84066,6.825532,6.81592,0.009611,1e-06,0.019222,53.743615,6.991864,6.653456,0.109209,4102152.6
CN,2585,2017-08-30,0.130882,6.84388,6.83395,6.82356,6.839875,6.834742,6.821067,0.013675,0.002736,0.02188,54.256358,6.993894,6.653226,0.105287,4204558.4
CN,2585,2017-08-31,0.52575,6.87822,6.8475,6.82898,6.839578,6.848105,6.828514,0.019591,0.006107,0.026969,56.352119,7.004471,6.653489,0.102931,4590504.4
CN,2585,2017-09-01,1.827612,6.9252,6.87551,6.835755,6.84139,6.878873,6.844779,0.034094,0.011704,0.04478,62.770998,7.032777,6.638733,0.107843,5618394.6
CN,2585,2017-09-04,0.896696,6.96856,6.89719,6.84569,6.845527,6.914631,6.864522,0.05011,0.019385,0.061449,65.500713,7.074659,6.616721,0.110461,6293153.8
CN,2585,2017-09-05,2.161349,7.04628,6.93966,6.861055,6.851068,6.968534,6.894187,0.074348,0.030378,0.08794,71.058464,7.15112,6.57099,0.118707,7551763.4
CN,2585,2017-09-06,-0.747419,7.11134,6.97761,6.874605,6.855473,7.00579,6.917632,0.088158,0.041934,0.092449,66.954715,7.201127,6.548083,0.122492,8736179.6
CN,2585,2017-09-07,-1.754337,7.14386,7.01104,6.88906,6.856613,7.017853,6.92997,0.087883,0.051124,0.073519,58.48132,7.225664,6.552456,0.12665,9153072.6
CN,2585,2017-09-08,1.914119,7.1782,7.0517,6.91888,6.85932,7.048922,6.951439,0.097483,0.060396,0.074175,63.773733,7.261675,6.576085,0.131803,8673486.8
CN,2585,2017-09-11,0.124657,7.2017,7.08513,6.945085,6.862523,7.076596,6.971985,0.104611,0.069239,0.070745,64.100819,7.298351,6.591819,0.131424,8057830.2
CN,2585,2017-09-12,-0.625277,7.18542,7.11585,6.968125,6.864512,7.093058,6.98766,0.105398,0.076471,0.057855,61.116287,7.320502,6.615748,0.12978,7085886.4
CN,2585,2017-09-13,0.881174,7.19266,7.152,6.992975,6.868017,7.116726,7.006863,0.109863,0.083149,0.053428,63.667562,7.350351,6.635599,0.132774,6359924.4
CN,2585,2017-09-14,0.124191,7.227,7.18543,7.016465,6.873753,7.138137,7.02531,0.112827,0.089085,0.047485,64.028943,7.378096,6.654834,0.135555,6130912.4
CN,2585,2017-09-15,1.121846,7.2505,7.21435,7.04493,6.880963,7.168778,7.04842,0.120357,0.095339,0.050036,67.20605,7.413408,6.676452,0.136851,6034997.0
CN,2585,2017-09-18,0.861352,7.28484,7.24327,7.07023,6.88726,7.204427,7.0745,0.129927,0.102257,0.05534,69.461358,7.462628,6.677832,0.137404,6076504.4
CN,2585,2017-09-19,-1.587731,7.30472,7.24507,7.092365,6.89102,7.216515,7.089945,0.126571,0.10712,0.038902,61.054475,7.480304,6.704426,0.144375,6130910.8
CN,2585,2017-09-20,0.372099,7.31736,7.25501,7.11631,6.896893,7.230913,7.106253,0.124661,0.110628,0.028066,62.191061,7.495841,6.736779,0.13987,5654754.4
CN,2585,2017-09-21,-0.864557,7.31556,7.27128,7.14116,6.901412,7.233373,7.116671,0.116702,0.111843,0.009718,57.944026,7.484865,6.797455,0.138265,5506968.0
CN,2585,2017-09-22,0.0,7.29748,7.27399,7.162845,6.90578,7.235454,7.126317,0.109136,0.111301,-0.00433,57.944026,7.474256,6.851434,0.137425,5142366.4
CN,2585,2017-09-25,-0.623715,7.25772,7.27128,7.178205,6.909093,7.230261,7.131901,0.098359,0.108713,-0.020707,54.837829,7.464445,6.891965,0.141159,5185521.8
CN,2585,2017-09-26,-1.1289,7.2252,7.26496,7.190405,6.912858,7.213359,7.131049,0.08231,0.103432,-0.042245,49.679229,7.44297,6.93784,0.138819,4478313.8
CN,2585,2017-09-27,-0.127802,7.18544,7.2514,7.2017,6.916623,7.197658,7.129586,0.068071,0.09636,-0.056578,49.122216,7.416,6.9874,0.13536,4370629.4
CN,2585,2017-09-28,0.509049,7.16556,7.24056,7.212995,6.922497,7.189941,7.130913,0.059028,0.088894,-0.059732,51.454038,7.387094,7.038896,0.133434,3953960.0
CN,2585,2017-09-29,0.505072,7.1529,7.22519,7.21977,6.929423,7.188966,7.134816,0.05415,0.081945,-0.055591,53.731423,7.377446,7.062094,0.133582,3790866.0
CN,2585,2017-10-09,1.258422,7.16736,7.21254,7.227905,6.936953,7.202048,7.145126,0.056922,0.07694,-0.040037,58.927552,7.379008,7.076802,0.132433,3561040.2
CN,2585,2017-10-10,0.123728,7.19988,7.21254,7.228805,6.945838,7.214502,7.155339,0.059163,0.073385,-0.028443,59.41621,7.380991,7.076619,0.127495,3754317.6
CN,2585,2017-10-11,-0.61925,7.2252,7.20532,7.230165,6.955478,7.218102,7.161455,0.056647,0.070037,-0.02678,55.831511,7.382166,7.078164,0.124196,3729770.6
CN,2585,2017-10-12,-0.874563,7.23062,7.19809,7.234685,6.96361,7.211409,7.162428,0.048981,0.065826,-0.03369,51.165589,7.373893,7.095477,0.125003,3843674.6
CN,2585,2017-10-13,0.252279,7.23244,7.19267,7.23333,6.971893,7.208531,7.164671,0.04386,0.061433,-0.035145,52.390793,7.373614,7.093046,0.120588,3650473.4
CN,2585,2017-10-16,-3.015557,7.1728,7.17008,7.22068,6.981532,7.172726,7.15068,0.022046,0.053555,-0.063019,39.5767,7.400402,7.040958,0.128111,3820273.2
CN,2585,2017-10-17,0.518937,7.1186,7.15924,7.2121,6.990117,7.147999,7.140408,0.007591,0.044363,-0.073542,42.121108,7.413197,7.011003,0.124774,3509209.8
CN,2585,2017-10-18,-0.516258,7.06618,7.14569,7.198545,6.99584,7.121507,7.128214,-0.006708,0.034149,-0.081712,40.293826,7.423557,6.973533,0.121026,3394022.6
CN,2585,2017-10-19,-1.684395,7.00292,7.11677,7.178665,6.998852,7.081013,7.108221,-0.027207,0.021877,-0.098169,34.98815,7.446144,6.911186,0.125931,3459511.2
CN,2585,2017-10-20,0.527828,6.94328,7.08786,7.156525,7.003068,7.052319,7.09239,-0.040071,0.009488,-0.099117,37.70947,7.440604,6.872446,0.122743,3254969.4
CN,2585,2017-10-23,0.393067,6.93244,7.05262,7.13258,7.006532,7.032208,7.079739,-0.04753,-0.001916,-0.091229,39.742952,7.411041,6.854119,0.117205,2451481.6
CN,2585,2017-10-24,-0.523,6.90712,7.01286,7.1127,7.009693,7.009623,7.065343,-0.055721,-0.012677,-0.086088,37.960279,7.40193,6.82347,0.115933,2311849.4
CN,2585,2017-10-25,0.788625,6.8999,6.98304,7.09418,7.014513,6.998865,7.056036,-0.057171,-0.021576,-0.071191,42.151852,7.377861,6.810499,0.114752,2343231.6
CN,2585,2017-10-26,0.259377,6.91978,6.96135,7.07972,7.017525,6.992532,7.048752,-0.05622,-0.028504,-0.055431,43.514248,7.360254,6.799186,0.114305,1996082.8
CN,2585,2017-10-27,-1.16849,6.91616,6.92972,7.061195,7.017223,6.974666,7.035985,-0.06132,-0.035067,-0.052504,39.041789,7.344045,6.778345,0.114534,2033994.6
CN,2585,2017-10-30,-0.130882,6.90532,6.91888,7.04448,7.016772,6.958163,7.023497,-0.065334,-0.041121,-0.048427,38.56919,7.331621,6.757339,0.121845,2752329.0
CN,2585,2017-10-31,-0.394618,6.8963,6.90171,7.030475,7.014513,6.94003,7.009927,-0.069897,-0.046876,-0.046042,37.112413,7.328553,6.732397,0.118306,2928265.4
CN,2585,2017-11-01,-0.792363,6.86558,6.88274,7.014215,7.013158,6.916349,6.993347,-0.076999,-0.052901,-0.048196,34.320388,7.327951,6.700479,0.116956,2888840.4
CN,2585,2017-11-02,-0.932789,6.8186,6.86919,6.99298,7.011652,6.886572,6.973307,-0.086735,-0.059667,-0.054135,31.353661,7.32473,6.66123,0.121509,3258440.6
CN,2585,2017-11-03,-1.075445,6.77342,6.84479,6.966325,7.007283,6.850253,6.949395,-0.099142,-0.067562,-0.063159,28.340313,7.317619,6.615031,0.123159,3723067.6
CN,2585,2017-11-06,0.679648,6.73908,6.8222,6.93741,7.003668,6.826476,6.930603,-0.104127,-0.074875,-0.058504,32.695341,7.277671,6.597149,0.121461,3006303.6
CN,2585,2017-11-07,0.134415,6.71196,6.80413,6.908495,6.999452,6.807741,6.913869,-0.106128,-0.081126,-0.050005,33.56116,7.223737,6.593253,0.116014,2990642.8
CN,2585,2017-11-08,0.26996,6.6993,6.78244,6.88274,6.995837,6.794673,6.899716,-0.105043,-0.085909,-0.038267,35.362061,7.168956,6.596524,0.114177,2992594.6
CN,2585,2017-11-09,0.941572,6.71196,6.76528,6.863315,6.995687,6.793354,6.8913,-0.097946,-0.088317,-0.019259,41.349605,7.118739,6.607891,0.113772,2795229.4
CN,2585,2017-11-10,1.06394,6.75352,6.76347,6.846595,6.999602,6.803346,6.888856,-0.08551,-0.087755,0.004491,47.341298,7.052579,6.640611,0.115331,2671392.4
CN,2585,2017-11-13,-0.395142,6.78062,6.75985,6.839365,7.00171,6.807631,6.884585,-0.076954,-0.085595,0.017282,45.463876,7.036669,6.642061,0.114843,2743860.4
CN,2585,2017-11-14,-1.983546,6.77882,6.74539,6.82355,7.001258,6.790411,6.870593,-0.080182,-0.084512,0.00866,37.46389,7.013539,6.633561,0.118254,2848931.6
CN,2585,2017-11-15,0.404737,6.77882,6.73906,6.8109,7.000807,6.780009,6.859646,-0.079636,-0.083537,0.007802,39.747453,6.992145,6.629655,0.119493,2916589.0
CN,2585,2017-11-16,-1.881656,6.74086,6.72641,6.7978,6.997643,6.751746,6.840139,-0.088392,-0.084508,-0.007768,33.582845,7.000099,6.595501,0.119994,2993627.6
CN,2585,2017-11-17,-2.739415,6.65232,6.70292,6.773855,6.99177,6.700032,6.808691,-0.10866,-0.089339,-0.038643,27.113817,7.030714,6.516996,0.129494,3277895.6
CN,2585,2017-11-20,0.0,6.5692,6.67491,6.748555,6.983788,6.656273,6.779573,-0.123301,-0.096131,-0.054339,27.113817,7.039622,6.457488,0.139602,3866520.8
CN,2585,2017-11-21,0.704533,6.52222,6.65052,6.727325,6.977463,6.6262,6.755961,-0.129761,-0.102857,-0.053807,30.971274,7.036731,6.417919,0.142545,4104375.2
CN,2585,2017-11-22,-1.399208,6.45174,6.61528,6.69886,6.969783,6.586846,6.727401,-0.140554,-0.110396,-0.060316,27.802086,7.028935,6.368785,0.149149,4978101.2
CN,2585,2017-11-23,-3.261962,6.365,6.55293,6.659105,6.959995,6.521578,6.685564,-0.163986,-0.121114,-0.085743,22.182946,7.042176,6.276034,0.153338,5087571.8
CN,2585,2017-11-24,0.439749,6.31982,6.48607,6.62477,6.949603,6.470519,6.648833,-0.178313,-0.132554,-0.091519,24.330873,7.04507,6.20447,0.158521,4800588.6
CN,2585,2017-11-27,-0.437824,6.26922,6.41921,6.58953,6.937405,6.423147,6.612816,-0.189668,-0.143977,-0.091383,23.628504,7.039676,6.139384,0.152355,4173687.0
CN,2585,2017-11-28,1.025541,6.22222,6.37222,6.558805,6.926562,6.392786,6.584148,-0.191362,-0.153454,-0.075816,28.791174,7.02004,6.09757,0.148573,3627055.8
CN,2585,2017-11-29,0.0,6.1933,6.32252,6.53079,6.915568,6.367096,6.557604,-0.190508,-0.160865,-0.059286,28.791174,7.001369,6.060211,0.143125,2647778.6
CN,2585,2017-11-30,-1.015131,6.1933,6.27915,6.50278,6.902918,6.335635,6.528344,-0.192709,-0.167234,-0.050951,26.698063,6.990679,6.014881,0.142587,2271924.4
CN,2585,2017-12-01,1.173206,6.20234,6.26108,6.482,6.889365,6.320137,6.506607,-0.18647,-0.171081,-0.030778,32.723673,6.978292,5.985708,0.140795,1900687.0
CN,2585,2017-12-04,-0.436254,6.21136,6.24029,6.4576,6.874305,6.302839,6.484466,-0.181627,-0.17319,-0.016874,31.668959,6.957439,5.957761,0.137838,1925166.2
CN,2585,2017-12-05,-0.873109,6.1969,6.20956,6.43004,6.85578,6.279864,6.45995,-0.180086,-0.174569,-0.011034,29.620267,6.933115,5.926965,0.135093,2395923.4
CN,2585,2017-12-06,0.294142,6.18606,6.18968,6.40248,6.838462,6.263208,6.438591,-0.175383,-0.174732,-0.001302,31.220438,6.898729,5.906231,0.133829,2507311.6
CN,2585,2017-12-07,0.878216,6.1987,6.196,6.374465,6.824155,6.257453,6.422829,-0.165376,-0.172861,0.01497,35.918882,6.843436,5.905494,0.129434,2673036.4
CN,2585,2017-12-08,1.305856,6.21314,6.20774,6.346905,6.808943,6.265091,6.414256,-0.149165,-0.168122,0.037913,42.287438,6.760407,5.933403,0.128582,2966727.0
CN,2585,2017-12-11,1.003631,6.24568,6.22852,6.323865,6.794637,6.281292,6.411007,-0.129715,-0.16044,0.06145,46.726771,6.67324,5.97449,0.12779,3149346.6
CN,2585,2017-12-12,-1.419063,6.27098,6.23394,6.30308,6.779577,6.281094,6.401303,-0.12021,-0.152394,0.064369,41.78363,6.608149,5.998011,0.126405,2737689.6
CN,2585,2017-12-13,0.576433,6.2999,6.24298,6.28275,6.764065,6.286495,6.394999,-0.108505,-0.143616,0.070223,44.323626,6.519848,6.045652,0.12189,2394895.4
CN,2585,2017-12-14,-0.144074,6.31616,6.25743,6.26829,6.748252,6.289665,6.388488,-0.098824,-0.134658,0.071668,43.806209,6.457591,6.078989,0.117698,2039020.8
CN,2585,2017-12-15,-0.572371,6.30894,6.26104,6.26106,6.73048,6.286793,6.379785,-0.092992,-0.126325,0.066665,41.725288,6.437942,6.084178,0.114448,1504058.8
CN,2585,2017-12-18,-0.720778,6.28002,6.26285,6.25157,6.710902,6.27741,6.368379,-0.09097,-0.119254,0.056568,39.213563,6.414048,6.089092,0.112731,1244958.0
CN,2585,2017-12-19,-0.290726,6.26556,6.26827,6.238915,6.69298,6.266685,6.356477,-0.089792,-0.113361,0.047139,38.221352,6.370778,6.107052,0.109843,1176727.8
CN,2585,2017-12-20,-2.037792,6.21856,6.25923,6.224455,6.672498,6.238149,6.336086,-0.097937,-0.110276,0.024679,32.106843,6.358875,6.090035,0.114261,1520850.4
CN,2585,2017-12-21,-0.445636,6.16796,6.24206,6.21903,6.652618,6.209834,6.315198,-0.105365,-0.109294,0.007859,30.964027,6.370654,6.067406,0.11255,1658439.0
CN,2585,2017-12-22,-0.447631,6.11916,6.21405,6.210895,6.632287,6.181705,6.29385,-0.112145,-0.109864,-0.004561,29.820926,6.383893,6.037897,0.109675,1717364.2
CN,2585,2017-12-25,-0.899287,6.06856,6.17429,6.201405,6.611805,6.149566,6.270069,-0.120503,-0.111992,-0.017021,27.624407,6.4025,6.00031,0.117334,1694795.4
CN,2585,2017-12-26,0.0,6.02158,6.14357,6.188755,6.592678,6.122371,6.248049,-0.125677,-0.114729,-0.021897,27.624407,6.412657,5.964853,0.116703,1802233.8
CN,2585,2017-12-27,-0.756764,5.99086,6.10471,6.173845,6.57295,6.092406,6.224312,-0.131905,-0.118164,-0.027482,25.787325,6.424063,5.923627,0.11676,1540315.2
CN,2585,2017-12-28,-0.609015,5.95834,6.06315,6.16029,6.552017,6.061498,6.199659,-0.138161,-0.122164,-0.031995,24.392119,6.439203,5.881377,0.114877,1611226.4
CN,2585,2017-12-29,1.379954,5.9475,6.03333,6.147185,6.531837,6.047852,6.182855,-0.135003,-0.124731,-0.020542,33.162536,6.435322,5.859048,0.113771,1691214.8
CN,2585,2018-01-02,1.361171,5.96376,6.01616,6.139505,6.511505,6.048813,6.173317,-0.124504,-0.124686,0.000364,40.584785,6.428965,5.850045,0.115973,2328853.8
CN,2585,2018-01-03,0.298971,5.98364,6.00261,6.13544,6.491325,6.052411,6.165827,-0.113416,-0.122432,0.018032,42.125684,6.42628,5.8446,0.113497,2538285.2
CN,2585,2018-01-04,-0.148216,6.01076,6.00081,6.13002,6.471747,6.054071,6.158225,-0.104154,-0.118776,0.029245,41.548675,6.422001,5.838039,0.110554,2684214.8
CN,2585,2018-01-05,-0.446959,6.03968,5.99901,6.120535,6.452772,6.051306,6.149179,-0.097873,-0.114596,0.033446,39.781701,6.411778,5.829292,0.107822,3120118.0
CN,2585,2018-01-08,0.897931,6.06318,6.00534,6.109695,6.434398,6.057305,6.144817,-0.087512,-0.109179,0.043334,44.834747,6.388216,5.831174,0.108513,3835789.2
CN,2585,2018-01-09,-0.44497,6.065,6.01438,6.094335,6.419188,6.058212,6.138772,-0.08056,-0.103455,0.045791,42.896533,6.346266,5.842404,0.105283,3502237.8
CN,2585,2018-01-10,-0.745481,6.05416,6.0189,6.081235,6.402622,6.052026,6.129826,-0.0778,-0.098324,0.041048,39.805631,6.320094,5.842376,0.104863,3524230.2
CN,2585,2018-01-11,0.450316,6.05054,6.03065,6.06768,6.38711,6.05096,6.12355,-0.072589,-0.093177,0.041175,42.481626,6.281077,5.854283,0.104473,3528109.6
CN,2585,2018-01-12,0.0,6.05234,6.04601,6.05458,6.373557,6.050059,6.117739,-0.06768,-0.088078,0.040795,42.481626,6.237581,5.871579,0.101525,2934435.4
CN,2585,2018-01-15,-1.793188,6.02162,6.0424,6.037865,6.357593,6.032619,6.104328,-0.071709,-0.084804,0.026189,35.218417,6.198437,5.877293,0.106537,2944668.6
CN,2585,2018-01-16,-0.304883,5.9927,6.02885,6.022505,6.340877,6.015077,6.090571,-0.075493,-0.082942,0.014897,34.167955,6.166104,5.878906,0.102156,2797269.2
CN,2585,2018-01-17,0.152063,5.97462,6.01439,6.0085,6.324913,6.001619,6.078499,-0.076879,-0.081729,0.0097,35.202894,6.130065,5.886935,0.099381,2657435.0
CN,2585,2018-01-18,-0.303664,5.94752,5.99903,5.99992,6.307745,5.987463,6.065988,-0.078525,-0.081089,0.005127,34.049949,6.123947,5.875893,0.096154,2623895.6
CN,2585,2018-01-19,0.0,5.92042,5.98638,5.992695,6.290277,5.975484,6.054403,-0.07892,-0.080655,0.00347,34.049949,6.120046,5.865344,0.092514,2713520.2
CN,2585,2018-01-22,1.375728,5.93126,5.97644,5.99089,6.275518,5.977855,6.0497,-0.071844,-0.078893,0.014097,43.707521,6.117265,5.864515,0.094292,2242364.2
CN,2585,2018-01-23,0.0,5.94572,5.96921,5.991795,6.26091,5.979862,6.045344,-0.065482,-0.07621,0.021458,43.707521,6.117898,5.865692,0.094006,2244502.2
CN,2585,2018-01-24,0.602581,5.9656,5.97011,5.994505,6.247355,5.987114,6.043985,-0.056871,-0.072343,0.030943,47.654952,6.121186,5.867824,0.093749,2329798.4
CN,2585,2018-01-25,0.60063,5.99632,5.97192,6.001285,6.235307,5.99882,6.045408,-0.046589,-0.067192,0.041206,51.339835,6.127431,5.875139,0.094152,2743538.4
CN,2585,2018-01-26,-0.446959,6.02162,5.97102,6.008515,6.223862,6.004555,6.044719,-0.040164,-0.061786,0.043245,48.582597,6.124858,5.892172,0.093877,2881930.8
CN,2585,2018-01-29,-1.348553,6.01438,5.97282,6.00761,6.212265,5.996885,6.038051,-0.041166,-0.057662,0.032993,41.391844,6.125323,5.889897,0.095565,2895515.4
CN,2585,2018-01-30,-0.910205,5.9963,5.97101,5.99993,6.199012,5.982057,6.027862,-0.045805,-0.055291,0.018971,37.420291,6.12436,5.8755,0.096481,3161560.4
CN,2585,2018-01-31,-7.809508,5.87884,5.92222,5.968305,6.177928,5.898617,5.984294,-0.085677,-0.061368,-0.048618,19.920268,6.238877,5.697733,0.123797,4798714.6
CN,2585,2018-02-01,-2.492785,5.72702,5.86167,5.93035,6.154283,5.807153,5.93391,-0.126757,-0.074446,-0.104622,17.349049,6.322625,5.538075,0.13109,5390790.2
CN,2585,2018-02-02,-0.16968,5.57882,5.80022,5.8933,6.129433,5.728376,5.88659,-0.158215,-0.0912,-0.13403,17.190451,6.369599,5.417001,0.132698,5363370.4
CN,2585,2018-02-05,0.341825,5.45052,5.73245,5.854445,6.103682,5.664502,5.844117,-0.179615,-0.108883,-0.141464,18.798168,6.383938,5.324952,0.134191,5281539.4
CN,2585,2018-02-06,-0.850711,5.32402,5.66016,5.814685,6.077628,5.603502,5.801442,-0.19794,-0.126694,-0.142491,17.865374,6.392705,5.236665,0.140742,5834065.2
CN,2585,2018-02-07,-0.170843,5.28788,5.58336,5.776735,6.053683,5.550502,5.761261,-0.210759,-0.143507,-0.134504,17.67728,6.394664,5.158806,0.144889,4161763.0
CN,2585,2018-02-08,0.686442,5.28608,5.50655,5.739235,6.029888,5.511209,5.72673,-0.215521,-0.15791,-0.115223,21.258377,6.378142,5.100328,0.141639,3087672.2
CN,2585,2018-02-09,-2.219033,5.26258,5.4207,5.69586,6.006243,5.459885,5.686054,-0.226169,-0.171562,-0.109215,18.445773,6.362983,5.028737,0.148301,3325827.6
CN,2585,2018-02-12,1.919808,5.25534,5.35293,5.662875,5.987267,5.431749,5.655754,-0.224005,-0.18205,-0.08391,27.218465,6.344189,4.981561,0.148029,3244939.0
CN,2585,2018-02-13,0.513549,5.26256,5.29329,5.63215,5.968742,5.41211,5.629705,-0.217595,-0.189159,-0.056871,29.446751,6.319956,4.944344,0.145849,2427523.6
CN,2585,2018-02-14,-0.680606,5.26436,5.27612,5.59917,5.948862,5.38994,5.602912,-0.212973,-0.193922,-0.038102,28.207834,6.290393,4.907947,0.140588,2191771.0
CN,2585,2018-02-22,0.514427,5.26436,5.27522,5.568445,5.93094,5.375349,5.580111,-0.204763,-0.19609,-0.017345,30.569413,6.256363,4.880527,0.134418,2217240.8
CN,2585,2018-02-23,-0.169968,5.28606,5.27432,5.53727,5.916332,5.361618,5.558333,-0.196715,-0.196215,-0.000999,30.213953,6.216984,4.857556,0.129331,1849821.4
CN,2585,2018-02-26,2.563326,5.31498,5.28516,5.508805,5.90353,5.370846,5.548204,-0.177358,-0.192444,0.030171,41.283831,6.157102,4.860508,0.129771,2194847.4
CN,2585,2018-02-27,-0.499852,5.33306,5.29781,5.478985,5.890728,5.374485,5.536819,-0.162334,-0.186422,0.048176,39.919943,6.08961,4.86836,0.125016,2208322.4
CN,2585,2018-02-28,-0.335527,5.35474,5.30955,5.446455,5.876572,5.37478,5.524936,-0.150156,-0.179169,0.058025,38.993361,6.003833,4.889077,0.121251,2413387.0
CN,2585,2018-03-01,1.514024,5.38728,5.32582,5.416185,5.863772,5.387552,5.519963,-0.132411,-0.169817,0.074812,45.15838,5.896764,4.935606,0.122269,3022435.4
CN,2585,2018-03-02,-1.159808,5.40896,5.34751,5.384105,5.85097,5.388621,5.510669,-0.122048,-0.160263,0.07643,41.634847,5.7715,4.99671,0.118699,3185095.2
CN,2585,2018-03-05,0.0,5.40354,5.35926,5.356095,5.836963,5.389526,5.502064,-0.112539,-0.150718,0.076359,41.634847,5.642176,5.070014,0.114092,2841108.0
CN,2585,2018-03-06,0.83789,5.41258,5.37282,5.333055,5.824163,5.397245,5.497445,-0.1002,-0.140615,0.080829,45.177303,5.480844,5.185266,0.110464,3055087.8
CN,2585,2018-03-07,3.156424,5.45958,5.40716,5.34164,5.815128,5.430192,5.505886,-0.075694,-0.127631,0.103873,56.081924,5.5281,5.15518,0.119353,4928865.2
CN,2585,2018-03-08,6.117903,5.55896,5.47312,5.37417,5.811513,5.510885,5.539131,-0.028246,-0.107754,0.159015,69.251299,5.698856,5.049484,0.143099,7592377.4
CN,2585,2018-03-09,2.732295,5.70354,5.55625,5.415285,5.809707,5.604195,5.581966,0.022229,-0.081757,0.207973,73.332619,5.871231,4.959339,0.158692,9174916.2
CN,2585,2018-03-12,7.385491,5.93848,5.67101,5.478085,5.814075,5.752657,5.655095,0.097563,-0.045893,0.286912,80.910051,6.153608,4.802562,0.184142,13170723.4
CN,2585,2018-03-13,-0.137003,6.16258,5.78758,5.542695,5.817238,5.876895,5.722139,0.154755,-0.005763,0.321038,80.419837,6.358171,4.727219,0.187775,14874369.6
CN,2585,2018-03-14,-0.827719,6.34148,5.90053,5.60504,5.821003,5.973665,5.780196,0.193469,0.034083,0.318772,77.373907,6.509976,4.700104,0.185984,13849449.8
CN,2585,2018-03-15,-0.971426,6.43908,5.99902,5.66242,5.823112,6.045824,5.82927,0.216554,0.070577,0.291953,73.867117,6.625157,4.699683,0.192706,11557008.8
CN,2585,2018-03-16,3.787232,6.55294,6.12824,5.737875,5.829438,6.14442,5.892783,0.251637,0.106789,0.289696,78.010764,6.770787,4.704963,0.204763,12921321.4
CN,2585,2018-03-19,-3.243753,6.53306,6.23577,5.797515,5.832752,6.194479,5.935525,0.258953,0.137222,0.243463,67.729886,6.854559,4.740471,0.216602,10952005.8
CN,2585,2018-03-20,-1.536369,6.4951,6.32884,5.85083,5.835162,6.221544,5.967738,0.253805,0.160539,0.186533,63.593689,6.910509,4.791151,0.227587,10611408.6
CN,2585,2018-03-21,-1.560342,6.44812,6.3948,5.90098,5.836217,6.229152,5.990202,0.23895,0.176221,0.125458,59.669432,6.940321,4.861639,0.229402,10997559.0
CN,2585,2018-03-22,-1.009408,6.40112,6.4201,5.94661,5.838325,6.225852,6.006313,0.219539,0.184885,0.069309,57.24675,6.955222,4.937998,0.222695,10835992.4
CN,2585,2018-03-23,-7.859594,6.20774,6.38034,5.968295,5.832753,6.147998,5.98509,0.162908,0.180489,-0.035163,42.816662,6.937032,4.999558,0.248738,9263990.0
CN,2585,2018-03-26,1.421378,6.074,6.30353,5.98727,5.828988,6.094629,5.971461,0.123168,0.169025,-0.091714,45.29134,6.926859,5.047681,0.247107,8988988.6
CN,2585,2018-03-27,1.713468,5.98002,6.23756,6.01257,5.827783,6.064763,5.966205,0.098558,0.154932,-0.112747,48.240637,6.913402,5.111738,0.242364,8936231.8
CN,2585,2018-03-28,4.594526,5.96014,6.20413,6.05233,5.831097,6.081199,5.981419,0.09978,0.143901,-0.088242,55.315911,6.906315,5.198345,0.272816,10211051.0
CN,2585,2018-03-29,-2.195541,5.92582,6.16347,6.081245,5.832905,6.074261,5.98547,0.088791,0.132879,-0.088176,51.524811,6.890754,5.271736,0.268822,10502144.8
CN,2585,2018-03-30,1.047034,6.00172,6.10473,6.116485,5.836368,6.078113,5.993901,0.084212,0.123146,-0.077868,53.138047,6.862192,5.370778,0.258006,9895719.4
CN,2585,2018-04-02,-0.888627,6.05052,6.06226,6.149015,5.837573,6.073034,5.997694,0.07534,0.113585,-0.076489,51.553506,6.818801,5.479229,0.266042,9737497.4
CN,2585,2018-04-03,-2.241485,6.05234,6.01618,6.17251,5.835165,6.04789,5.991168,0.056722,0.102212,-0.09098,47.722231,6.770208,5.574812,0.259946,8789804.2
CN,2585,2018-04-04,-1.529714,5.98186,5.971,6.1829,5.830948,6.012707,5.97843,0.034277,0.088625,-0.108696,45.303271,6.747531,5.618269,0.252992,6837162.4
CN,2585,2018-04-09,-1.397099,5.92222,5.92402,6.17206,5.825527,5.970429,5.960613,0.009816,0.072863,-0.126094,43.183298,6.761575,5.582545,0.245893,6441694.0
CN,2585,2018-04-10,-0.315446,5.84632,5.92402,6.15218,5.820255,5.931871,5.942775,-0.010904,0.05611,-0.134028,42.704178,6.773676,5.530684,0.238008,6935033.2
CN,2585,2018-04-11,1.421378,5.79752,5.92402,6.113775,5.815435,5.911752,5.932281,-0.020528,0.040782,-0.122621,45.622569,6.722239,5.505311,0.231336,6305925.6
CN,2585,2018-04-12,-3.426936,5.73606,5.8942,6.06588,5.807753,5.864144,5.907838,-0.043693,0.023887,-0.135161,40.226875,6.677038,5.454722,0.232233,7756097.8
CN,2585,2018-04-13,0.323082,5.6963,5.83908,6.021605,5.801127,5.826645,5.886546,-0.059901,0.00713,-0.134061,40.912068,6.627114,5.416096,0.221452,7494535.4
CN,2585,2018-04-16,1.446516,5.68906,5.80564,5.984555,5.795403,5.807423,5.872854,-0.065431,-0.007382,-0.116097,44.016378,6.572903,5.396207,0.220477,7521253.4
CN,2585,2018-04-17,-1.425891,5.66918,5.75775,5.93124,5.788325,5.77865,5.854153,-0.075503,-0.021007,-0.108993,41.659357,6.443786,5.418694,0.211186,6314021.2
CN,2585,2018-04-18,0.160131,5.63484,5.71618,5.88922,5.783203,5.755689,5.837505,-0.081816,-0.033169,-0.097296,42.029435,6.35382,5.42462,0.214823,6306427.6
CN,2585,2018-04-19,-0.159875,5.63846,5.68726,5.85172,5.778233,5.734875,5.821423,-0.086548,-0.043845,-0.085407,41.744265,6.274064,5.429376,0.205928,4766218.6
CN,2585,2018-04-20,2.090599,5.66196,5.67913,5.825065,5.775072,5.73534,5.815236,-0.079896,-0.051055,-0.057682,46.817648,6.203171,5.446959,0.20284,5854631.8
CN,2585,2018-04-23,-0.630893,5.66196,5.67551,5.799765,5.771607,5.730165,5.806826,-0.076661,-0.056176,-0.04097,45.502868,6.137649,5.461881,0.210295,6470142.4
CN,2585,2018-04-24,-0.633145,5.671,5.67009,5.797055,5.76754,5.720232,5.796365,-0.076133,-0.060167,-0.031931,44.170693,6.138313,5.455797,0.208181,7270655.2
CN,2585,2018-04-25,-1.434976,5.66198,5.64841,5.786215,5.760763,5.699319,5.780656,-0.081337,-0.064401,-0.033872,41.242276,6.139821,5.432609,0.201704,7252650.2
CN,2585,2018-04-26,-2.589402,5.62584,5.63215,5.763175,5.751577,5.659378,5.7554,-0.096023,-0.070726,-0.050594,36.595148,6.143064,5.383286,0.197625,7320564.0
CN,2585,2018-04-27,-0.665478,5.55896,5.61046,5.72477,5.741185,5.620012,5.729334,-0.109322,-0.078445,-0.061754,35.516217,6.086609,5.362931,0.195766,6494101.8
CN,2585,2018-05-02,-1.003054,5.48848,5.57522,5.69043,5.729287,5.578364,5.701183,-0.122819,-0.08732,-0.070999,33.90445,6.057881,5.322979,0.191461,5961215.6
CN,2585,2018-05-03,2.196549,5.44872,5.55986,5.658805,5.719798,5.5612,5.683821,-0.122621,-0.09438,-0.056482,40.236375,5.98681,5.3308,0.187464,5713461.6
CN,2585,2018-05-04,0.826809,5.43426,5.54812,5.63215,5.71242,5.553631,5.671094,-0.117463,-0.098997,-0.036933,42.517679,5.913594,5.350706,0.188274,6076296.6
CN,2585,2018-05-07,1.146589,5.46136,5.5436,5.61543,5.706998,5.556949,5.663991,-0.107041,-0.100605,-0.012872,45.642118,5.867115,5.363745,0.184504,6580055.6
CN,2585,2018-05-08,0.324652,5.49932,5.52914,5.604135,5.709558,5.562542,5.658754,-0.096212,-0.099727,0.007029,46.538361,5.837863,5.370407,0.178425,6722370.2
CN,2585,2018-05-09,0.969017,5.55896,5.52372,5.599615,5.715282,5.575612,5.657921,-0.082308,-0.096243,0.02787,49.237422,5.826208,5.373022,0.172781,6638557.6
CN,2585,2018-05-10,-0.479858,5.58968,5.5192,5.594645,5.720703,5.582503,5.655141,-0.072639,-0.091522,0.037767,47.93434,5.814743,5.374547,0.166246,6376402.2
CN,2585,2018-05-11,-1.608426,5.59328,5.51377,5.58109,5.724317,5.574425,5.645872,-0.071446,-0.087507,0.032122,43.772707,5.781138,5.381042,0.162764,5467445.4
CN,2585,2018-05-14,1.797468,5.60412,5.53274,5.582445,5.73034,5.582883,5.644651,-0.061768,-0.082359,0.041182,49.014352,5.783414,5.381476,0.161467,5381170.6
CN,2585,2018-05-15,0.321526,5.61496,5.55714,5.5838,5.736815,5.592824,5.644862,-0.052038,-0.076295,0.048514,49.929682,5.786135,5.381465,0.157676,5240837.8
CN,2585,2018-05-16,0.959717,5.6258,5.59238,5.5838,5.743592,5.609574,5.649073,-0.039498,-0.068936,0.058875,52.669825,5.786135,5.381465,0.158678,5706951.4
CN,2585,2018-05-17,0.634898,5.6493,5.61949,5.589675,5.75293,5.629317,5.655652,-0.026336,-0.060416,0.06816,54.462319,5.802473,5.376877,0.15638,6017774.4
CN,2585,2018-05-18,3.621534,5.73244,5.66286,5.60549,5.764075,5.677991,5.677137,0.000854,-0.048162,0.098031,63.101137,5.868772,5.342208,0.180703,9953556.8
CN,2585,2018-05-21,0.304422,5.79932,5.70172,5.62266,5.77507,5.721962,5.698372,0.02359,-0.033812,0.114803,63.746276,5.928881,5.316439,0.177474,10858653.6
CN,2585,2018-05-22,-1.212314,5.84812,5.73154,5.63034,5.785462,5.748044,5.712678,0.035367,-0.019976,0.110686,59.287189,5.954892,5.305788,0.186097,12173565.2
CN,2585,2018-05-23,-2.147161,5.86078,5.74329,5.633505,5.793293,5.750653,5.716553,0.0341,-0.009161,0.086521,52.382919,5.96199,5.30502,0.183783,12490828.4
CN,2585,2018-05-24,0.0,5.8662,5.75775,5.638475,5.801275,5.75286,5.720142,0.032718,-0.000785,0.067007,52.382919,5.971725,5.305225,0.175177,11959859.4
CN,2585,2018-05-25,-0.157849,5.82824,5.78034,5.647055,5.806847,5.753328,5.722791,0.030537,0.005479,0.050115,51.878875,5.983109,5.311001,0.176214,8366659.8
CN,2585,2018-05-28,-1.254365,5.77222,5.78577,5.659255,5.811667,5.742616,5.719895,0.022721,0.008928,0.027586,47.937617,5.981755,5.336755,0.171371,6983248.2
CN,2585,2018-05-29,-0.160107,5.72884,5.78848,5.67281,5.816637,5.732152,5.71654,0.015612,0.010265,0.010695,47.44834,5.973203,5.372417,0.168166,5402921.4
CN,2585,2018-05-30,-3.820534,5.6674,5.76409,5.678235,5.816637,5.689944,5.697374,-0.00743,0.006726,-0.028311,37.601703,5.958293,5.398177,0.176161,5058818.0
CN,2585,2018-05-31,0.993074,5.6168,5.7415,5.680495,5.818595,5.662568,5.683643,-0.021075,0.001166,-0.04448,40.903522,5.954352,5.406638,0.173256,5578649.6
CN,2585,2018-06-01,-0.983309,5.55718,5.69271,5.677785,5.81965,5.631065,5.666913,-0.035848,-0.006237,-0.059222,38.698277,5.959226,5.396344,0.167981,5001228.0
CN,2585,2018-06-04,1.821247,5.53188,5.65205,5.676885,5.821608,5.619701,5.658787,-0.039085,-0.012807,-0.052557,44.59753,5.959744,5.394026,0.165661,5174649.8
CN,2585,2018-06-05,1.137263,5.52104,5.62494,5.67824,5.821758,5.619809,5.655943,-0.036134,-0.017472,-0.037324,48.022487,5.959741,5.396739,0.160928,5210123.2
CN,2585,2018-06-06,-0.642303,5.54634,5.60687,5.67508,5.815585,5.614346,5.650636,-0.03629,-0.021236,-0.030109,46.263201,5.959296,5.390864,0.15589,4243913.4
CN,2585,2018-06-07,-1.133535,5.54814,5.58247,5.67011,5.805645,5.599985,5.641034,-0.041049,-0.025198,-0.0317,43.269844,5.961366,5.378854,0.152498,3626400.0
CN,2585,2018-06-08,-1.800398,5.5409,5.54904,5.66469,5.786518,5.572541,5.624779,-0.052238,-0.030606,-0.043263,39.00228,5.969875,5.359505,0.155155,3915253.2
CN,2585,2018-06-11,1.833407,5.53366,5.53277,5.65927,5.769198,5.564612,5.617092,-0.05248,-0.034981,-0.034998,44.858995,5.970558,5.347982,0.160209,4412824.8
CN,2585,2018-06-12,0.163014,5.51558,5.51831,5.653395,5.752933,5.559287,5.610641,-0.051354,-0.038256,-0.026196,45.370452,5.969744,5.337046,0.156508,4403246.6
CN,2585,2018-06-13,-1.960217,5.48304,5.51469,5.63939,5.735915,5.538104,5.596638,-0.058533,-0.042311,-0.032444,40.498083,5.970406,5.308374,0.154365,4918772.8
CN,2585,2018-06-14,-0.833702,5.45412,5.50113,5.621315,5.714077,5.513227,5.580324,-0.067097,-0.047268,-0.039657,38.634961,5.967951,5.274679,0.149146,4830174.6
CN,2585,2018-06-15,-2.85693,5.41436,5.47763,5.58517,5.693293,5.468546,5.55384,-0.085295,-0.054874,-0.060842,33.067625,5.939639,5.230701,0.155921,5065144.2
CN,2585,2018-06-19,-8.303975,5.26798,5.40082,5.526435,5.666938,5.364016,5.497193,-0.133177,-0.070534,-0.125286,22.992733,5.984608,5.068262,0.182219,5636186.6
CN,2585,2018-06-20,0.565868,5.12522,5.3204,5.47267,5.642692,5.279736,5.446749,-0.167013,-0.08983,-0.154366,24.539838,5.994774,4.950566,0.181468,6295250.4
CN,2585,2018-06-21,-4.69042,4.95896,5.221,5.413935,5.615735,5.173669,5.383308,-0.209639,-0.113792,-0.191695,20.790281,6.044345,4.783525,0.186578,6763883.2
CN,2585,2018-06-22,2.361501,4.82342,5.13877,5.36062,5.598717,5.100597,5.332597,-0.232,-0.137433,-0.189132,26.586959,6.041582,4.679658,0.190029,7451468.4
CN,2585,2018-06-25,-0.95984,4.70958,5.06197,5.305505,5.579592,5.031828,5.282301,-0.250472,-0.160041,-0.180862,25.742868,6.026813,4.584197,0.184848,6908957.4
CN,2585,2018-06-26,0.386797,4.68608,4.97703,5.2549,5.55911,4.976408,5.237064,-0.260655,-0.180164,-0.160982,26.74253,6.004435,4.505365,0.187131,5626059.6
CN,2585,2018-06-27,0.387448,4.66078,4.893,5.205655,5.534412,4.932299,5.196518,-0.264219,-0.196975,-0.134487,27.795152,5.967733,4.443577,0.178921,4780145.0
CN,2585,2018-06-28,-0.385952,4.67704,4.818,5.166345,5.51167,4.892192,5.157635,-0.265443,-0.210669,-0.10955,27.371602,5.953053,4.379637,0.17582,3938210.2
CN,2585,2018-06-29,3.287953,4.70234,4.76288,5.132005,5.490435,4.881885,5.13301,-0.251125,-0.21876,-0.06473,36.249627,5.915314,4.348696,0.176818,3616475.0
CN,2585,2018-07-02,-2.060018,4.71678,4.71318,5.095405,5.468447,4.857872,5.102847,-0.244974,-0.224003,-0.041943,33.403938,5.882797,4.308013,0.176446,3787304.8
CN,2585,2018-07-03,0.956452,4.73666,4.71137,5.056095,5.44947,4.844507,5.078265,-0.233758,-0.225954,-0.015609,35.869333,5.825642,4.286548,0.175464,4131864.2
CN,2585,2018-07-04,-2.4607,4.72944,4.69511,5.007755,5.430043,4.815137,5.046809,-0.231672,-0.227097,-0.009149,32.503572,5.750431,4.265079,0.173902,4335311.2
CN,2585,2018-07-05,-1.749183,4.70956,4.6933,4.95715,5.410615,4.777762,5.011653,-0.233891,-0.228456,-0.010869,30.375325,5.67324,4.24106,0.170516,4340245.2
CN,2585,2018-07-06,0.0,4.65896,4.68065,4.90971,5.391488,4.746137,4.979101,-0.232963,-0.229358,-0.007212,30.375325,5.595155,4.224265,0.168022,4930280.0
CN,2585,2018-07-09,1.977166,4.64632,4.68155,4.87176,5.372513,4.733285,4.955656,-0.222371,-0.22796,0.011179,35.790397,5.522821,4.220699,0.164414,5747352.8
CN,2585,2018-07-10,-0.969416,4.6156,4.67613,4.82658,5.356098,4.715457,4.9306,-0.215143,-0.225397,0.020507,34.351781,5.413396,4.239764,0.15912,6042280.4
CN,2585,2018-07-11,0.786157,4.61562,4.67253,4.782765,5.339987,4.705956,4.910089,-0.204133,-0.221144,0.034022,36.55731,5.276416,4.289114,0.160047,8338319.6
CN,2585,2018-07-12,3.502589,4.66452,4.68704,4.75252,5.325237,4.722993,4.903171,-0.180178,-0.212951,0.065546,45.423927,5.150817,4.354223,0.163486,10315434.6
CN,2585,2018-07-13,-0.753628,4.70616,4.68256,4.72272,5.311237,4.731825,4.894077,-0.162252,-0.202811,0.081118,43.950778,5.000926,4.444514,0.15698,10360271.6
CN,2585,2018-07-16,0.378629,4.73334,4.68983,4.701505,5.297388,4.742083,4.886997,-0.144915,-0.191232,0.092635,44.910157,4.865001,4.538009,0.150939,10438858.2
CN,2585,2018-07-17,-0.754402,4.76232,4.68896,4.700165,5.283087,4.745193,4.87776,-0.132567,-0.179499,0.093863,43.313334,4.861188,4.539142,0.145329,10203442.2
CN,2585,2018-07-18,0.760137,4.79128,4.70345,4.69928,5.26743,4.753394,4.871889,-0.118495,-0.167298,0.097606,45.403875,4.857919,4.540641,0.144005,9086093.0
CN,2585,2018-07-19,-0.187559,4.78584,4.72518,4.70924,5.252227,4.758949,4.865786,-0.106837,-0.155206,0.096737,44.959937,4.864231,4.554249,0.139541,7400046.2
CN,2585,2018-07-20,1.323729,4.80034,4.75325,4.71695,5.238682,4.773403,4.864832,-0.091429,-0.142451,0.102043,48.760643,4.883952,4.549948,0.137981,7463503.8
CN,2585,2018-07-23,4.104762,4.85106,4.7922,4.736875,5.229812,4.816279,4.878704,-0.062424,-0.126445,0.128042,58.465319,4.955882,4.517868,0.148175,9427621.8
CN,2585,2018-07-24,0.0,4.90902,4.83567,4.7559,5.223352,4.852559,4.891548,-0.038988,-0.108954,0.139931,58.465319,5.011903,4.499897,0.149234,10387719.0
CN,2585,2018-07-25,-1.254924,4.94706,4.86917,4.77085,5.216438,4.873504,4.898744,-0.02524,-0.092211,0.133942,54.645021,5.043992,4.497708,0.147631,9901234.0
CN,2585,2018-07-26,0.906048,4.99594,4.89089,4.788965,5.211182,4.89818,4.908756,-0.010575,-0.075884,0.130617,56.81172,5.080791,4.497139,0.149372,10830613.0
CN,2585,2018-07-27,-0.53835,5.02672,4.91353,4.798045,5.203515,4.914891,4.916018,-0.001127,-0.060933,0.119611,55.11178,5.104738,4.491352,0.144524,10336954.8
CN,2585,2018-07-30,0.179756,5.01946,4.93526,4.812545,5.195245,4.930416,4.92341,0.007006,-0.047345,0.108702,55.587075,5.131386,4.493704,0.141965,7821615.2
CN,2585,2018-07-31,0.542286,5.01764,4.96333,4.826145,5.186375,4.947736,4.932268,0.015468,-0.034782,0.100501,57.066648,5.159606,4.492684,0.137646,6251064.4
CN,2585,2018-08-01,-2.692842,5.00134,4.9742,4.838825,5.17494,4.9415,4.930411,0.011089,-0.025608,0.073394,48.397683,5.164267,4.513383,0.140107,6177793.4
CN,2585,2018-08-02,-3.690496,4.93978,4.96786,4.84652,5.159583,4.908361,4.915277,-0.006916,-0.02187,0.029908,39.729938,5.153113,4.539927,0.1495,5889013.6
CN,2585,2018-08-03,0.0,4.88364,4.95518,4.854215,5.144678,4.880321,4.901264,-0.020943,-0.021684,0.001483,39.729938,5.139894,4.568536,0.143992,5695227.8
CN,2585,2018-08-06,-2.680857,4.80036,4.90991,4.851055,5.129168,4.837103,4.878904,-0.041801,-0.025708,-0.032187,34.689106,5.146378,4.555732,0.148586,5934119.4
CN,2585,2018-08-07,3.935296,4.74784,4.88274,4.859205,5.115018,4.828379,4.871607,-0.043228,-0.029212,-0.028033,45.355496,5.136746,4.581664,0.150901,6836476.0
CN,2585,2018-08-08,1.516609,4.73698,4.86916,4.869165,5.101775,4.832152,4.870221,-0.03807,-0.030983,-0.014173,48.9518,5.130305,4.608025,0.151765,7573505.8
CN,2585,2018-08-09,2.052381,4.78226,4.86102,4.875955,5.089288,4.850667,4.876316,-0.025649,-0.029916,0.008534,53.481235,5.138344,4.613566,0.154504,8265280.0
CN,2585,2018-08-10,-0.365472,4.82392,4.85378,4.883655,5.075897,4.863549,4.880619,-0.01707,-0.027347,0.020555,52.5684,5.143401,4.623909,0.153168,9337312.8
CN,2585,2018-08-13,1.46725,4.9054,4.85288,4.89407,5.060248,4.885587,4.889965,-0.004378,-0.022753,0.036751,55.816962,5.156018,4.632122,0.155163,9704230.8
CN,2585,2018-08-14,3.978589,4.99052,4.86918,4.916255,5.047618,4.934882,4.913375,0.021506,-0.013901,0.070815,63.270662,5.203718,4.628792,0.160244,10820690.8
CN,2585,2018-08-15,-2.608529,5.03398,4.88548,4.92984,5.03393,4.9557,4.924992,0.030708,-0.00498,0.071375,56.297917,5.219432,4.640248,0.161734,10601884.4
CN,2585,2018-08-16,-1.068991,5.04668,4.91447,4.941165,5.021447,4.964977,4.931733,0.033244,0.002665,0.061157,53.751799,5.225588,4.656742,0.162467,9924861.0
CN,2585,2018-08-17,-0.360845,5.05938,4.94165,4.948415,5.008662,4.970042,4.936635,0.033407,0.008814,0.049188,52.891525,5.230854,4.665976,0.161855,9219618.0
CN,2585,2018-08-20,5.434282,5.11192,5.00866,4.959285,5.000555,5.016112,4.961291,0.054821,0.018015,0.073612,62.571632,5.271964,4.646606,0.170987,10559553.6
CN,2585,2018-08-21,-0.343486,5.121,5.05576,4.96925,4.99335,5.05231,4.982781,0.06953,0.028318,0.082423,61.662275,5.304979,4.633521,0.167831,10513478.4
CN,2585,2018-08-22,2.06802,5.17896,5.10647,4.987815,4.988107,5.099647,5.010723,0.088924,0.040439,0.09697,64.953359,5.364374,4.611256,0.173307,12503453.2
CN,2585,2018-08-23,1.858209,5.26768,5.15718,5.0091,4.988137,5.155025,5.043973,0.111052,0.054562,0.11298,67.692592,5.438141,4.580059,0.170628,13688722.8
CN,2585,2018-08-24,-1.492783,5.34372,5.20155,5.027665,4.985905,5.189344,5.068723,0.120621,0.067774,0.105694,63.330654,5.485845,4.569485,0.169433,14382855.0
CN,2585,2018-08-27,1.01151,5.37632,5.24412,5.0485,4.985483,5.226753,5.09567,0.131083,0.080435,0.101295,64.95397,5.539359,4.557641,0.176738,14709945.6
CN,2585,2018-08-28,4.329498,5.45958,5.29029,5.079735,4.987325,5.294591,5.138042,0.156548,0.095658,0.121781,70.943199,5.639838,4.519632,0.182207,15807689.6
CN,2585,2018-08-29,0.319354,5.52474,5.35185,5.118665,4.988415,5.354777,5.178617,0.17616,0.111758,0.128803,71.348986,5.73117,4.50616,0.184713,14969775.4
CN,2585,2018-08-30,1.751732,5.5899,5.42879,5.17163,4.991767,5.421026,5.223564,0.197463,0.128899,0.137127,73.538883,5.821266,4.521994,0.187684,15587186.4
CN,2585,2018-08-31,-2.973001,5.63696,5.49034,5.215995,4.993307,5.450622,5.252441,0.198182,0.142756,0.110852,64.386533,5.859024,4.572966,0.187856,16138957.0
CN,2585,2018-09-03,1.12944,5.68582,5.53107,5.269865,4.99756,5.485419,5.283875,0.201544,0.154513,0.094062,66.063145,5.87675,4.66298,0.184138,14500504.4
CN,2585,2018-09-04,5.58237,5.75102,5.6053,5.33053,5.005438,5.563616,5.336454,0.227162,0.169043,0.116237,72.924534,5.971202,4.689858,0.198142,15869109.2
CN,2585,2018-09-05,-0.605636,5.80534,5.66504,5.385755,5.012562,5.624198,5.38245,0.241748,0.183584,0.116328,71.15,6.042435,4.729075,0.198868,16352508.2
CN,2585,2018-09-06,-1.67187,5.81982,5.70486,5.43102,5.019832,5.660137,5.417661,0.242476,0.195362,0.094226,66.377263,6.086807,4.775233,0.201477,15710982.4
CN,2585,2018-09-07,4.94725,5.92666,5.78181,5.49168,5.032685,5.735131,5.471731,0.2634,0.20897,0.108861,72.217024,6.176303,4.807057,0.211665,17587213.0
CN,2585,2018-09-10,1.325721,6.03712,5.86147,5.552795,5.049457,5.811126,5.527832,0.283294,0.223835,0.118919,73.605442,6.270781,4.834809,0.225003,21373039.0
CN,2585,2018-09-11,-1.163892,6.0697,5.91036,5.600325,5.072248,5.864276,5.574408,0.289869,0.237042,0.105654,70.242595,6.34553,4.85512,0.225746,19635305.0
CN,2585,2018-09-12,2.059578,6.1349,5.97012,5.660985,5.096702,5.928757,5.626926,0.301831,0.249999,0.103663,72.600397,6.421067,4.900903,0.236135,20511590.2
CN,2585,2018-09-13,2.882198,6.25624,6.03803,5.73341,5.127938,6.011179,5.688968,0.322211,0.264442,0.115538,75.576844,6.509727,4.957093,0.239961,22125932.2
CN,2585,2018-09-14,-1.260732,6.30332,6.11499,5.802665,5.15601,6.068382,5.740378,0.328004,0.277154,0.1017,71.796917,6.550784,5.054546,0.237043,20910750.8
CN,2585,2018-09-17,-0.426132,6.32866,6.18289,5.85698,5.18438,6.1126,5.785965,0.326635,0.28705,0.07917,70.529093,6.600095,5.113865,0.23499,18812068.6
CN,2585,2018-09-18,-9.971994,6.24174,6.15572,5.88051,5.201887,6.052508,5.781227,0.271281,0.283897,-0.025231,48.872652,6.57355,5.18747,0.264126,24404485.6
CN,2585,2018-09-19,1.899685,6.1512,6.14305,5.904045,5.220903,6.018384,5.784891,0.233492,0.273816,-0.080647,51.616608,6.555504,5.252586,0.26466,25919498.2
CN,2585,2018-09-20,0.776922,6.0335,6.14487,5.924865,5.240977,5.996478,5.79164,0.204838,0.26002,-0.110364,52.754593,6.54399,5.30574,0.266456,25418397.8
CN,2585,2018-09-21,-0.4629,5.92666,6.11499,5.9484,5.258037,5.973759,5.795874,0.177884,0.243593,-0.131417,51.964277,6.516262,5.380538,0.258416,25546205.2
CN,2585,2018-09-25,4.024757,5.87234,6.1005,5.980985,5.280677,5.99075,5.817232,0.173518,0.229578,-0.11212,57.84953,6.499326,5.462644,0.276172,26930910.6
CN,2585,2018-09-26,1.042043,5.95746,6.0996,6.00498,5.30362,6.01488,5.841703,0.173177,0.218298,-0.090242,59.295987,6.507272,5.502688,0.277788,21938372.0
CN,2585,2018-09-27,-0.736873,6.01178,6.08149,6.025805,5.327765,6.02833,5.861007,0.167323,0.208103,-0.08156,57.770519,6.507553,5.544057,0.268939,18380520.0
CN,2585,2018-09-28,-3.560952,6.01358,6.02354,6.030785,5.349645,6.006279,5.862784,0.143495,0.195181,-0.103373,50.9935,6.504482,5.557088,0.271722,18963417.4
CN,2585,2018-10-08,-5.692438,5.95382,5.94024,6.027615,5.365942,5.936082,5.839615,0.096467,0.175438,-0.157942,42.680918,6.513143,5.542087,0.295642,22248815.4
CN,2585,2018-10-09,0.326126,5.8506,5.86147,6.02218,5.381033,5.87947,5.819503,0.059967,0.152344,-0.184755,43.219484,6.525405,5.518955,0.288753,20393063.6
CN,2585,2018-10-10,1.627126,5.75282,5.85514,6.00543,5.398388,5.845505,5.807591,0.037914,0.129458,-0.183089,45.956741,6.533042,5.477818,0.279771,19156029.2
CN,2585,2018-10-11,-7.040486,5.58442,5.7981,5.970575,5.408498,5.755473,5.767051,-0.011578,0.101251,-0.225657,37.415139,6.590331,5.350819,0.296009,20734020.0
CN,2585,2018-10-12,-1.032261,5.44862,5.7311,5.937985,5.414987,5.670939,5.725492,-0.054553,0.07009,-0.249286,36.421534,6.640993,5.234977,0.299437,19776744.6
CN,2585,2018-10-15,-4.17403,5.33636,5.64509,5.88004,5.418458,5.565979,5.670915,-0.104936,0.035085,-0.280041,32.681213,6.687648,5.072432,0.30392,16540392.6
CN,2585,2018-10-16,0.72564,5.22772,5.53916,5.81983,5.422232,5.482736,5.623062,-0.140326,3e-06,-0.280657,33.899057,6.691388,4.948272,0.29644,15905930.4
CN,2585,2018-10-17,0.541304,5.1064,5.42961,5.764605,5.427062,5.416485,5.580768,-0.164284,-0.032854,-0.262859,34.852724,6.682545,4.846665,0.29208,15964847.6
CN,2585,2018-10-18,2.329724,5.0883,5.33636,5.708925,5.43325,5.378533,5.550326,-0.171793,-0.060642,-0.222302,38.95683,6.629328,4.788522,0.290617,17100656.4
CN,2585,2018-10-19,1.924639,5.10096,5.27479,5.649165,5.441247,5.361728,5.529509,-0.167782,-0.08207,-0.171423,42.267919,6.519413,4.778917,0.286023,17712557.0
CN,2585,2018-10-22,3.09339,5.18968,5.26302,5.60163,5.450903,5.372585,5.522309,-0.149724,-0.095601,-0.108246,47.310013,6.407854,4.795406,0.284993,19450456.2
CN,2585,2018-10-23,-4.999724,5.21684,5.22228,5.541875,5.452713,5.339987,5.495523,-0.155535,-0.107588,-0.095896,40.900191,6.29077,4.79298,0.284036,21268469.0
CN,2585,2018-10-24,1.052183,5.24942,5.17791,5.516525,5.455428,5.320759,5.474743,-0.153985,-0.116867,-0.074235,42.575313,6.273594,4.759456,0.277976,21229134.4
CN,2585,2018-10-25,-0.694151,5.25122,5.16976,5.48393,5.458597,5.298919,5.452822,-0.153903,-0.124274,-0.059257,41.726206,6.24022,4.72764,0.273642,18294672.0
CN,2585,2018-10-26,1.923225,5.25304,5.177,5.45405,5.462672,5.295762,5.439902,-0.144139,-0.128247,-0.031784,44.977671,6.193041,4.715059,0.265089,16165062.6
CN,2585,2018-10-29,-0.172401,5.22044,5.20506,5.425075,5.467047,5.291691,5.427264,-0.135573,-0.129713,-0.011722,44.732091,6.145082,4.705068,0.254561,12774320.6
CN,2585,2018-10-30,-1.888296,5.22226,5.21955,5.379355,5.469613,5.272939,5.408193,-0.135254,-0.130821,-0.008867,42.02988,6.039804,4.718906,0.250607,11287972.6
CN,2585,2018-10-31,0.174088,5.21502,5.23222,5.330915,5.471877,5.258456,5.391201,-0.132745,-0.131206,-0.003079,42.369005,5.893776,4.768054,0.239821,10794124.4
CN,2585,2018-11-01,0.0,5.21502,5.23312,5.28474,5.476403,5.246201,5.375468,-0.129267,-0.130818,0.003103,42.369005,5.725086,4.844394,0.232398,11481871.0
CN,2585,2018-11-02,3.147447,5.2277,5.24037,5.25758,5.486665,5.260909,5.372974,-0.112065,-0.127067,0.030005,48.675595,5.603329,4.911831,0.228734,12823372.2
CN,2585,2018-11-05,-1.016511,5.23134,5.22589,5.244455,5.496022,5.265,5.366642,-0.101643,-0.121982,0.040679,46.836843,5.563721,4.925189,0.222096,14294184.8
CN,2585,2018-11-06,-3.93948,5.21322,5.21774,5.22001,5.504018,5.236415,5.34535,-0.108935,-0.119373,0.020875,40.514271,5.509929,4.930091,0.224989,15408943.4
CN,2585,2018-11-07,-0.891873,5.18424,5.19963,5.18877,5.508243,5.205259,5.32228,-0.117021,-0.118903,0.003763,39.272647,5.409194,4.968346,0.214097,16326640.0
CN,2585,2018-11-08,-0.897912,5.14622,5.18062,5.17519,5.510507,5.171942,5.29757,-0.125628,-0.120248,-0.010761,38.020585,5.409351,4.941029,0.208504,15886529.0
CN,2585,2018-11-09,0.36282,5.07922,5.15346,5.16523,5.511412,5.146536,5.276032,-0.129496,-0.122097,-0.014797,38.861162,5.410007,4.920453,0.198782,13781011.2
CN,2585,2018-11-12,2.530558,5.04842,5.13988,5.17247,5.51473,5.14453,5.265474,-0.120944,-0.121867,0.001846,44.532096,5.404149,4.940791,0.195577,13103279.2
CN,2585,2018-11-13,1.412292,5.07378,5.1435,5.181525,5.51805,5.153987,5.261068,-0.107081,-0.11891,0.023657,47.531154,5.403373,4.959677,0.195828,12639403.8
CN,2585,2018-11-14,0.0,5.1082,5.14622,5.18922,5.51805,5.161989,5.256989,-0.095,-0.114128,0.038255,47.531154,5.403111,4.975329,0.193483,12930015.2
CN,2585,2018-11-15,0.868229,5.1607,5.15346,5.19329,5.521067,5.175714,5.25656,-0.080847,-0.107471,0.05325,49.50521,5.40864,4.97794,0.186127,14148730.8
CN,2585,2018-11-16,1.380637,5.22408,5.15165,5.19601,5.526195,5.198481,5.261534,-0.063053,-0.098588,0.07107,52.586579,5.416446,4.975574,0.18189,16743984.4
CN,2585,2018-11-19,0.679978,5.26936,5.15889,5.19239,5.532228,5.223315,5.26882,-0.045505,-0.087971,0.084932,54.092949,5.399139,4.985641,0.180533,17260150.4
CN,2585,2018-11-20,-4.05418,5.25668,5.16523,5.191485,5.530113,5.210897,5.25947,-0.048573,-0.080092,0.063037,44.87612,5.398938,4.984032,0.184452,17737132.8
CN,2585,2018-11-21,0.0,5.244,5.1761,5.187865,5.5283,5.20039,5.250813,-0.050424,-0.074158,0.047469,44.87612,5.396076,4.979654,0.179684,16458186.8
CN,2585,2018-11-22,0.175009,5.22408,5.19239,5.186505,5.524827,5.192884,5.243464,-0.050581,-0.069443,0.037724,45.32362,5.395289,4.977721,0.172021,14162532.6
CN,2585,2018-11-23,-3.513472,5.15346,5.18877,5.171115,5.516677,5.158686,5.223252,-0.064566,-0.068467,0.007803,38.546321,5.395342,4.946888,0.172663,12657787.4
CN,2585,2018-11-26,-0.183076,5.07378,5.17157,5.155725,5.509733,5.12835,5.203863,-0.075513,-0.069876,-0.011274,38.236749,5.392769,4.918681,0.166794,11025202.6
CN,2585,2018-11-27,-1.277839,5.02488,5.14078,5.14214,5.500827,5.092927,5.181214,-0.088287,-0.073559,-0.029457,36.063649,5.40422,4.88006,0.163937,8967061.4
CN,2585,2018-11-28,1.294379,4.98866,5.11633,5.131275,5.489057,5.072707,5.164939,-0.092232,-0.077293,-0.029877,39.751151,5.404169,4.858381,0.16452,8570251.4
CN,2585,2018-11-29,-2.737075,4.92348,5.07378,5.11362,5.474722,5.034706,5.13981,-0.105104,-0.082855,-0.044497,35.08365,5.416024,4.811216,0.166347,8799947.2
CN,2585,2018-11-30,1.313799,4.90718,5.03032,5.090985,5.459783,5.012305,5.121239,-0.108934,-0.088071,-0.041725,38.702351,5.389426,4.792544,0.160937,7583423.4
CN,2585,2018-12-03,1.851056,4.9108,4.99229,5.07559,5.44922,5.007274,5.110747,-0.103473,-0.091151,-0.024644,43.540504,5.363473,4.787707,0.161727,10129023.6
CN,2585,2018-12-04,-2.363644,4.90356,4.96422,5.064725,5.435638,4.984908,5.092314,-0.107406,-0.094402,-0.026006,39.206346,5.367272,4.762178,0.165696,15610388.2
CN,2585,2018-12-05,-2.97826,4.85468,4.92167,5.048885,5.414362,4.943707,5.06452,-0.120813,-0.099684,-0.042257,34.638169,5.387278,4.710492,0.16809,21666521.2
CN,2585,2018-12-06,0.574506,4.83838,4.88093,5.03666,5.394142,4.913014,5.040793,-0.127779,-0.105303,-0.044952,36.137906,5.399639,4.673681,0.161905,24123914.8
CN,2585,2018-12-07,-0.381518,4.80578,4.85648,5.022625,5.37528,4.884258,5.017482,-0.133225,-0.110888,-0.044674,35.551175,5.410023,4.635227,0.154861,25193943.0
CN,2585,2018-12-10,-2.107446,4.73516,4.82298,4.997275,5.349928,4.844603,4.988521,-0.143918,-0.117494,-0.052848,32.430851,5.417312,4.577238,0.1535,24048428.6
CN,2585,2018-12-11,0.196693,4.6899,4.79673,4.968755,5.32337,4.812448,4.962378,-0.14993,-0.123981,-0.051898,33.009382,5.405363,4.532147,0.146414,18832389.4
CN,2585,2018-12-12,-0.196307,4.67178,4.76323,4.93978,5.297868,4.783841,4.937499,-0.153658,-0.129916,-0.047483,32.707794,5.386365,4.493195,0.139185,12719689.2
CN,2585,2018-12-13,1.761591,4.66454,4.75146,4.91262,5.271612,4.772173,4.920499,-0.148325,-0.133598,-0.029455,38.157401,5.34602,4.47922,0.138293,11627041.0
CN,2585,2018-12-14,-1.731096,4.64462,4.7252,4.87776,5.240978,4.749762,4.898721,-0.148959,-0.13667,-0.024578,35.096502,5.284639,4.470881,0.135529,12038029.0
CN,2585,2018-12-17,0.979142,4.65368,4.69442,4.843355,5.212458,4.737768,4.881912,-0.144144,-0.138165,-0.011958,38.070189,5.193794,4.492916,0.132963,11255073.8
CN,2585,2018-12-18,1.357079,4.6736,4.68175,4.822985,5.185448,4.737373,4.871044,-0.133672,-0.137266,0.007189,42.070576,5.147913,4.498057,0.132523,12219913.2
CN,2585,2018-12-19,-1.721152,4.67904,4.67541,4.79854,5.167643,4.7245,4.854945,-0.130445,-0.135902,0.010914,38.617257,5.09601,4.50107,0.132107,12493218.4
CN,2585,2018-12-20,0.973419,4.67724,4.67089,4.77591,5.148782,4.720577,4.843393,-0.122816,-0.133285,0.020937,41.491999,5.027885,4.523935,0.127199,11159514.2
CN,2585,2018-12-21,-0.578847,4.6863,4.66546,4.76097,5.128712,4.713073,4.830683,-0.11761,-0.13015,0.02508,40.272404,5.000105,4.521835,0.121999,9939131.2
CN,2585,2018-12-24,-0.582217,4.68086,4.66727,4.745125,5.108642,4.702539,4.816899,-0.11436,-0.126992,0.025263,39.036715,4.970618,4.519632,0.119099,9577583.2
CN,2585,2018-12-25,-1.558799,4.64826,4.66093,4.72883,5.083442,4.682486,4.798773,-0.116287,-0.124851,0.017129,35.880849,4.954851,4.502809,0.122228,9387598.2
CN,2585,2018-12-26,-0.395871,4.62834,4.65369,4.70846,5.056883,4.662735,4.780649,-0.117914,-0.123464,0.011098,35.116518,4.919895,4.497025,0.118026,8525659.0
CN,2585,2018-12-27,-0.19982,4.59754,4.63739,4.694425,5.030928,4.644622,4.763194,-0.118572,-0.122485,0.007827,34.716115,4.910091,4.478759,0.118003,8678658.8
CN,2585,2018-12-28,1.59516,4.58668,4.63649,4.680845,5.009803,4.640449,4.752401,-0.111952,-0.120379,0.016853,40.533644,4.879283,4.482407,0.116045,8981950.0
CN,2585,2019-01-02,2.157011,4.60118,4.64102,4.66772,4.995922,4.652242,4.749787,-0.097545,-0.115812,0.036534,47.460335,4.812981,4.522459,0.116806,9974930.2
CN,2585,2019-01-03,-0.769541,4.6229,4.63558,4.658665,4.981133,4.656635,4.744676,-0.088041,-0.110258,0.044433,45.385409,4.773842,4.543488,0.113634,9322769.8
CN,2585,2019-01-04,1.935567,4.66636,4.64735,4.66138,4.966345,4.674291,4.746656,-0.072365,-0.102679,0.060629,51.12836,4.784243,4.538517,0.11651,11328519.0
CN,2585,2019-01-07,0.379344,4.71526,4.6564,4.663645,4.958498,4.692016,4.74983,-0.057814,-0.093706,0.071785,52.209551,4.793975,4.533315,0.11401,12611423.2
CN,2585,2019-01-08,-0.37791,4.74604,4.66636,4.66591,4.951255,4.704229,4.751427,-0.047199,-0.084405,0.074412,50.994612,4.801952,4.529868,0.109745,12292658.0
CN,2585,2019-01-09,-0.949407,4.74784,4.67451,4.67089,4.946878,4.707593,4.749551,-0.041958,-0.075915,0.067915,47.984974,4.808084,4.533696,0.110313,13002711.4
CN,2585,2019-01-10,0.38298,4.76052,4.69171,4.67632,4.9422,4.713225,4.749155,-0.03593,-0.067918,0.063977,49.273201,4.81607,4.53657,0.106962,12518599.8
CN,2585,2019-01-11,0.191813,4.7569,4.71163,4.68266,4.93722,4.719391,4.749462,-0.030071,-0.060349,0.060555,49.944419,4.824286,4.541034,0.10255,10663570.2
CN,2585,2019-01-14,0.189342,4.75146,4.73336,4.685375,4.930428,4.725992,4.750413,-0.024421,-0.053163,0.057485,50.640062,4.830869,4.539881,0.101047,9503099.6
CN,2585,2019-01-15,0.380068,4.75326,4.74965,4.69307,4.92228,4.734363,4.752634,-0.018272,-0.046185,0.055826,52.082345,4.841544,4.544596,0.098358,10270927.4
CN,2585,2019-01-16,0.0,4.76412,4.75598,4.6985,4.911415,4.741445,4.754691,-0.013246,-0.039597,0.052703,52.082345,4.851344,4.545656,0.096504,9383076.4
CN,2585,2019-01-17,-2.462137,4.74782,4.75417,4.694875,4.903115,4.729331,4.747877,-0.018546,-0.035387,0.033681,42.677671,4.847504,4.542246,0.100603,9870898.0
CN,2585,2019-01-18,0.97154,4.73876,4.74783,4.69759,4.894665,4.726049,4.744923,-0.018874,-0.032084,0.026421,46.669187,4.849121,4.546059,0.098596,10782351.4
CN,2585,2019-01-21,1.153356,4.73876,4.74511,4.700755,4.887723,4.731626,4.74621,-0.014584,-0.028584,0.028,51.067608,4.854893,4.546617,0.098018,11646831.2
CN,2585,2019-01-22,-0.949121,4.7261,4.73968,4.70302,4.878368,4.729391,4.744054,-0.014663,-0.0258,0.022275,47.551923,4.85672,4.54932,0.098774,11730820.8
CN,2585,2019-01-23,-0.576625,4.708,4.73606,4.705285,4.868712,4.723316,4.740042,-0.016727,-0.023985,0.014517,45.521009,4.856795,4.553775,0.096247,10865364.2
CN,2585,2019-01-24,1.543743,4.72792,4.73787,4.71479,4.86192,4.729313,4.741691,-0.012378,-0.021664,0.018572,51.463228,4.855152,4.574428,0.097779,11443899.6
CN,2585,2019-01-25,-0.188984,4.73698,4.73787,4.72475,4.854828,4.733004,4.742551,-0.009548,-0.019241,0.019386,50.722583,4.844905,4.604595,0.093381,10878858.2
CN,2585,2019-01-28,0.950918,4.74422,4.74149,4.737425,4.84849,4.74308,4.746695,-0.003616,-0.016116,0.025,54.281252,4.829187,4.645663,0.095118,11457006.6
CN,2585,2019-01-29,-2.830051,4.73334,4.72972,4.739685,4.837172,4.730714,4.740474,-0.00976,-0.014844,0.010169,44.000148,4.821173,4.658197,0.105781,12225950.8
CN,2585,2019-01-30,-0.581208,4.72248,4.71524,4.73561,4.826307,4.716081,4.732705,-0.016624,-0.0152,-0.002848,42.279189,4.828554,4.642666,0.104697,12112697.6
CN,2585,2019-01-31,-0.586763,4.6917,4.70981,4.73199,4.81846,4.699515,4.723497,-0.023983,-0.016957,-0.014052,40.564266,4.837923,4.626057,0.106925,11742960.6
CN,2585,2019-02-01,2.161271,4.68264,4.70981,4.72882,4.813028,4.70082,4.722349,-0.021529,-0.017871,-0.007316,48.760232,4.833634,4.624006,0.107052,12109750.0
CN,2585,2019-02-11,2.308836,4.68628,4.71525,4.73018,4.810162,4.718648,4.729338,-0.010691,-0.016435,0.011489,55.906537,4.838747,4.621613,0.10717,12184488.8
CN,2585,2019-02-12,5.449789,4.76958,4.75146,4.74557,4.811368,4.774117,4.755254,0.018863,-0.009375,0.056478,67.6428,4.932285,4.558855,0.121508,17867272.4
CN,2585,2019-02-13,5.170106,4.91082,4.81665,4.776355,4.81484,4.861453,4.798702,0.062751,0.00505,0.115403,74.853575,5.095876,4.456834,0.146457,32955405.4
CN,2585,2019-02-14,4.067917,5.10096,4.89633,4.8171,4.820725,4.968783,4.855028,0.113756,0.026791,0.173929,79.020021,5.283774,4.350426,0.174153,48231064.4
CN,2585,2019-02-15,-3.095825,5.23676,4.9597,4.848785,4.823742,5.033124,4.894433,0.138691,0.049171,0.179041,69.235804,5.375958,4.321612,0.175299,58401745.6
CN,2585,2019-02-18,3.025803,5.38342,5.03485,4.88817,4.828722,5.112644,4.942994,0.16965,0.073267,0.192767,72.685449,5.495255,4.281085,0.179592,67511245.4
CN,2585,2019-02-19,-1.794595,5.45766,5.11362,4.92167,4.830833,5.164606,4.980579,0.184027,0.095419,0.177216,67.690694,5.57356,4.26978,0.180993,70768663.4
CN,2585,2019-02-20,-1.163217,5.4667,5.18876,4.952,4.831285,5.198821,5.010684,0.188136,0.113962,0.148348,64.645468,5.630672,4.273328,0.178408,60798574.6
CN,2585,2019-02-21,-0.167069,5.43048,5.26572,4.987765,4.835208,5.226387,5.037893,0.188494,0.128869,0.11925,64.203908,5.676993,4.298537,0.17795,52428513.4
CN,2585,2019-02-22,1.346225,5.44316,5.33996,5.024885,4.840338,5.26085,5.068449,0.192401,0.141575,0.101652,66.203774,5.729638,4.320132,0.178818,49026267.2
CN,2585,2019-02-25,3.654778,5.46308,5.42325,5.06925,4.848638,5.320658,5.111497,0.209161,0.155092,0.108137,71.003781,5.812935,4.325565,0.182859,49310457.0
CN,2585,2019-02-26,-1.92226,5.4812,5.46943,5.110445,4.858145,5.354557,5.143312,0.211244,0.166323,0.089843,65.538699,5.862766,4.358124,0.182734,48939677.8
CN,2585,2019-02-27,-1.308428,5.4975,5.4821,5.149375,4.866595,5.372086,5.1674,0.204686,0.173995,0.061382,62.102208,5.891125,4.407625,0.180031,49027604.8
CN,2585,2019-02-28,0.497394,5.52104,5.47576,5.186045,4.876555,5.391104,5.191719,0.199385,0.179073,0.040624,62.888425,5.9201,4.45199,0.174286,44403615.8
CN,2585,2019-03-01,0.494932,5.53554,5.48935,5.224525,4.885912,5.41138,5.216251,0.19513,0.182285,0.02569,63.699436,5.944355,4.504695,0.167659,40343014.4
CN,2585,2019-03-04,2.294085,5.53554,5.49931,5.26708,4.899643,5.448029,5.248351,0.199679,0.185763,0.027831,67.285736,5.981748,4.552412,0.181547,39938406.8
CN,2585,2019-03-05,5.448173,5.61882,5.55001,5.331815,4.917448,5.526394,5.300873,0.225521,0.193715,0.063613,74.00473,6.050314,4.613316,0.207387,40512298.8
CN,2585,2019-03-06,0.0,5.7166,5.60705,5.397905,4.933745,5.592703,5.349504,0.243198,0.203612,0.079173,74.00473,6.090796,4.705014,0.209388,42996788.2
CN,2585,2019-03-07,0.152751,5.81076,5.6659,5.46581,4.952155,5.65021,5.395208,0.255002,0.21389,0.082225,74.186514,6.099568,4.832052,0.20801,48132936.0
CN,2585,2019-03-08,-6.070561,5.82704,5.68129,5.510625,4.966942,5.643147,5.410696,0.232451,0.217602,0.029698,57.077704,6.042223,4.979027,0.220959,51810677.8
CN,2585,2019-03-11,3.393823,5.85602,5.69578,5.559515,4.984447,5.666432,5.439126,0.227306,0.219543,0.015526,62.029754,5.998658,5.120372,0.220048,45632274.6
CN,2585,2019-03-12,1.874191,5.84516,5.73199,5.60071,5.004063,5.702842,5.473495,0.229348,0.221504,0.015688,64.545016,6.005096,5.196324,0.217909,43053702.8
CN,2585,2019-03-13,-3.06788,5.79808,5.75734,5.61972,5.022322,5.70579,5.491902,0.213887,0.219981,-0.012186,57.682868,6.009101,5.230339,0.219158,40892858.4
CN,2585,2019-03-14,-2.689619,5.7184,5.76458,5.62017,5.037863,5.684607,5.497547,0.18706,0.213396,-0.052673,52.568116,6.009291,5.231049,0.219025,36467176.8
CN,2585,2019-03-15,3.089025,5.74556,5.7863,5.637825,5.056423,5.693144,5.515514,0.177631,0.206243,-0.057225,57.141991,6.014881,5.260769,0.215666,33298876.2
CN,2585,2019-03-18,1.57837,5.7528,5.80441,5.65186,5.075135,5.714307,5.538861,0.175446,0.200084,-0.049276,59.364793,6.035632,5.268088,0.211262,35624558.4
CN,2585,2019-03-19,-0.310426,5.7347,5.78993,5.66997,5.094903,5.729429,5.559138,0.170291,0.194125,-0.047668,58.709684,6.048148,5.291792,0.203286,31988352.6
CN,2585,2019-03-20,-0.934177,5.74196,5.77002,5.688535,5.113012,5.73387,5.57389,0.15998,0.187296,-0.054632,56.688591,6.045167,5.331903,0.199758,30115735.8
CN,2585,2019-03-21,0.628658,5.78724,5.75282,5.70936,5.130667,5.743198,5.590232,0.152966,0.18043,-0.054928,57.733236,6.038618,5.380102,0.191304,30285098.8
CN,2585,2019-03-22,4.687203,5.85244,5.799,5.740145,5.154207,5.792875,5.625481,0.167394,0.177823,-0.020858,64.626841,6.081701,5.398589,0.205454,37172611.4
CN,2585,2019-03-25,-3.433837,5.85786,5.80533,5.750555,5.17352,5.802864,5.64269,0.160174,0.174293,-0.028239,56.954629,6.093128,5.407982,0.2063,36170291.2
CN,2585,2019-03-26,-3.245246,5.82888,5.78179,5.75689,5.190118,5.782069,5.644543,0.137527,0.16694,-0.058826,51.003674,6.08823,5.42555,0.209671,35364387.8
CN,2585,2019-03-27,0.319354,5.81438,5.77817,5.767755,5.207472,5.767259,5.647599,0.11966,0.157484,-0.075648,51.523041,6.073844,5.461666,0.205688,33781134.8
CN,2585,2019-03-28,2.230117,5.818,5.80262,5.7836,5.228145,5.774234,5.659821,0.114413,0.14887,-0.068913,55.112748,6.063396,5.503804,0.215574,36062120.4
CN,2585,2019-03-29,3.270481,5.80532,5.82888,5.80759,5.252288,5.809383,5.68522,0.124163,0.143928,-0.03953,59.9062,6.075903,5.539277,0.224105,32486107.4
CN,2585,2019-04-01,1.659253,5.85422,5.85604,5.830225,5.278243,5.854447,5.716114,0.138333,0.142809,-0.008953,62.184729,6.117142,5.543308,0.226212,33789459.6
CN,2585,2019-04-02,2.374515,5.97012,5.8995,5.844715,5.305405,5.914871,5.755454,0.159416,0.146131,0.026572,65.276416,6.1809,5.50853,0.235918,38599551.6
CN,2585,2019-04-03,0.869189,6.09326,5.95382,5.86192,5.331812,5.974352,5.795902,0.17845,0.152595,0.051711,66.385517,6.250542,5.473298,0.237824,41964707.2
CN,2585,2019-04-04,-1.293343,6.17474,5.99637,5.874595,5.357465,6.012144,5.827317,0.184827,0.159041,0.051573,63.1264,6.291538,5.457652,0.236358,40889369.6
CN,2585,2019-04-08,-0.87299,6.20734,6.00633,5.902665,5.380703,6.035768,5.852382,0.183386,0.16391,0.038952,60.978423,6.318629,5.486701,0.240818,38433942.6
CN,2585,2019-04-09,3.817896,6.2671,6.06066,5.932995,5.407563,6.091973,5.893028,0.198945,0.170917,0.056056,66.327569,6.398499,5.467491,0.258538,38965838.6
CN,2585,2019-04-10,-1.698146,6.27614,6.12313,5.95246,5.432913,6.122808,5.922611,0.200197,0.176773,0.046848,62.094635,6.443209,5.461711,0.252357,33512742.6
CN,2585,2019-04-11,-2.733456,6.23992,6.16659,5.97238,5.456152,6.122437,5.937262,0.185175,0.178454,0.013444,56.00416,6.45639,5.48837,0.24856,31154053.2
CN,2585,2019-04-12,0.295732,6.22362,6.19918,6.0009,5.47939,6.124909,5.952169,0.17274,0.177311,-0.009142,56.487823,6.452389,5.549411,0.241156,27401736.8
CN,2585,2019-04-15,-0.884581,6.20732,6.20733,6.018105,5.501572,6.118646,5.961949,0.156697,0.173188,-0.032982,54.550354,6.454503,5.581707,0.237516,25002455.2
CN,2585,2019-04-16,1.934519,6.16748,6.21729,6.036665,5.525565,6.131454,5.979723,0.151731,0.168897,-0.034331,57.919516,6.471173,5.602157,0.233479,18932014.0
CN,2585,2019-04-17,-0.583692,6.14214,6.20914,6.05432,5.548653,6.136723,5.993499,0.143224,0.163762,-0.041077,56.531487,6.479572,5.629068,0.224559,19445761.2
CN,2585,2019-04-18,-1.028269,6.13852,6.18922,6.07152,5.570685,6.131427,6.001558,0.129869,0.156983,-0.05423,54.086762,6.474745,5.668295,0.216283,18882670.0
CN,2585,2019-04-19,-0.909493,6.12018,6.1719,6.084135,5.593753,6.118407,6.004909,0.113498,0.148286,-0.069577,51.968085,6.467186,5.701084,0.212163,20057466.6
CN,2585,2019-04-22,0.0,6.1127,6.16001,6.08317,5.616067,6.107391,6.008012,0.099378,0.138505,-0.078253,51.968085,6.466495,5.699845,0.205673,19203553.8
CN,2585,2019-04-23,-8.333333,5.9809,6.07419,6.067425,5.629077,6.020546,5.97356,0.046986,0.120201,-0.146429,36.792294,6.508069,5.626781,0.230303,27275985.6
CN,2585,2019-04-24,0.505151,5.86194,6.00204,6.062585,5.643307,5.95137,5.943733,0.007637,0.097688,-0.180103,37.877868,6.522394,5.602776,0.223189,26874262.4
CN,2585,2019-04-25,-3.85216,5.71274,5.92563,6.04611,5.654413,5.859821,5.900219,-0.040399,0.070071,-0.220939,33.175059,6.576876,5.515344,0.225911,27627972.0
CN,2585,2019-04-26,-0.173627,5.57278,5.84648,6.02283,5.664158,5.780925,5.85924,-0.078315,0.040394,-0.237418,32.983936,6.628132,5.417528,0.217775,26286724.4
CN,2585,2019-04-29,-1.570974,5.41602,5.76436,5.985845,5.672653,5.701244,5.815074,-0.11383,0.009549,-0.246758,31.233668,6.675995,5.295695,0.214884,26742630.6
CN,2585,2019-04-30,1.064032,5.37124,5.67607,5.94668,5.681328,5.642438,5.778328,-0.135891,-0.019539,-0.232703,33.757342,6.692599,5.200761,0.206199,17481838.6
CN,2585,2019-05-06,-9.65031,5.2182,5.54007,5.874605,5.683712,5.513709,5.706282,-0.192573,-0.054146,-0.276854,24.780321,6.756603,4.992607,0.229463,18522086.0
CN,2585,2019-05-07,0.195601,5.10996,5.41135,5.800285,5.686703,5.40623,5.640268,-0.234038,-0.090124,-0.287827,25.172754,6.771824,4.828746,0.220409,16828618.2
CN,2585,2019-05-08,0.581504,5.00918,5.29098,5.73144,5.690615,5.319595,5.581219,-0.261624,-0.124424,-0.274399,26.40444,6.767268,4.695612,0.217994,17029934.6
CN,2585,2019-05-09,-0.578142,4.9196,5.16781,5.66391,5.6924,5.24198,5.524469,-0.282489,-0.156037,-0.252903,25.944532,6.752449,4.575371,0.208423,15662276.2
CN,2585,2019-05-10,2.323939,4.8412,5.10622,5.590205,5.694238,5.193522,5.480212,-0.28669,-0.182168,-0.209045,31.108861,6.668678,4.511732,0.208864,17035272.8
CN,2585,2019-05-13,-1.893647,4.8468,5.0325,5.51727,5.690147,5.138165,5.432322,-0.294158,-0.204566,-0.179184,29.275701,6.593221,4.441319,0.203274,13587392.8
CN,2585,2019-05-14,0.194468,4.8524,4.98118,5.453405,5.681835,5.09277,5.388676,-0.295906,-0.222834,-0.146145,29.725013,6.530208,4.376602,0.198083,12670347.0
CN,2585,2019-05-15,1.156284,4.8636,4.93639,5.391435,5.670835,5.062975,5.352411,-0.289437,-0.236154,-0.106565,32.47718,6.445818,4.337052,0.189263,11968126.4
CN,2585,2019-05-16,0.379662,4.88412,4.90186,5.33311,5.663013,5.040625,5.32021,-0.279586,-0.244841,-0.06949,33.409988,6.356348,4.309872,0.180408,12327312.0
CN,2585,2019-05-17,-3.605344,4.8468,4.844,5.260035,5.64952,4.994436,5.277262,-0.282825,-0.252438,-0.060775,29.260419,6.232124,4.287946,0.183522,11456436.4
CN,2585,2019-05-20,0.590667,4.83374,4.84027,5.19017,5.638153,4.959661,5.239568,-0.279907,-0.257931,-0.043951,30.723758,6.090019,4.290321,0.177742,10882409.0
CN,2585,2019-05-21,1.566563,4.83374,4.84307,5.12721,5.629088,4.941729,5.2102,-0.268471,-0.260039,-0.016864,34.610095,5.934408,4.320012,0.175046,10658960.0
CN,2585,2019-05-22,-0.578142,4.81694,4.84027,5.065625,5.619707,4.922248,5.180933,-0.258686,-0.259769,0.002166,33.843694,5.7633,4.36795,0.168543,9852176.2
CN,2585,2019-05-23,-1.358227,4.78334,4.83373,5.00077,5.608028,4.895702,5.14899,-0.253288,-0.258473,0.010368,32.058051,5.546065,4.455475,0.16184,8790445.2
CN,2585,2019-05-24,1.179022,4.7964,4.8216,4.96391,5.593963,4.881855,5.123561,-0.241706,-0.255119,0.026827,35.210282,5.454564,4.473256,0.158944,7719774.6
CN,2585,2019-05-27,1.554404,4.8188,4.82627,4.929385,5.582953,4.881631,5.105549,-0.223918,-0.248879,0.049922,39.258665,5.33396,4.52481,0.156262,8019227.4
CN,2585,2019-05-28,0.383165,4.83,4.83187,4.906525,5.573463,4.884319,5.090257,-0.205938,-0.240291,0.068706,40.264926,5.260535,4.552515,0.149101,8440161.6
CN,2585,2019-05-29,-0.571534,4.8412,4.82907,4.88273,5.563053,4.882285,5.074023,-0.191738,-0.23058,0.077685,39.217303,5.173428,4.592032,0.142451,8954333.0
CN,2585,2019-05-30,-0.383897,4.86174,4.82254,4.8622,5.551878,4.877688,5.057606,-0.179919,-0.220448,0.081058,38.496906,5.094756,4.629644,0.140947,9543835.8
CN,2585,2019-05-31,-0.577034,4.86548,4.83094,4.83747,5.538125,4.869489,5.040332,-0.170842,-0.210527,0.079369,37.389404,4.938408,4.736532,0.136208,9353419.4
CN,2585,2019-06-03,-1.741149,4.83748,4.82814,4.834205,5.517842,4.84963,5.018115,-0.168485,-0.202119,0.067267,34.209788,4.942964,4.725446,0.134479,8896492.6
CN,2585,2019-06-04,-0.983039,4.79642,4.81321,4.82814,5.496782,4.825656,4.994091,-0.168436,-0.195382,0.053893,32.555751,4.952844,4.703436,0.130209,7848571.2
CN,2585,2019-06-05,0.596532,4.76656,4.80388,4.822075,5.476037,4.809678,4.973922,-0.164244,-0.189154,0.049821,34.601806,4.954819,4.689331,0.124901,6886161.8
CN,2585,2019-06-06,-1.582024,4.7255,4.79362,4.813675,5.460083,4.784666,4.949713,-0.165047,-0.184333,0.038572,31.827689,4.966816,4.660534,0.122651,6532238.0
CN,2585,2019-06-10,1.004928,4.69938,4.78243,4.802015,5.441738,4.770687,4.930756,-0.16007,-0.17948,0.038821,35.318963,4.954376,4.649654,0.119226,6079252.0
CN,2585,2019-06-11,3.378925,4.72178,4.77963,4.80295,5.424227,4.783258,4.924952,-0.141694,-0.171923,0.060458,45.522765,4.956303,4.649597,0.12471,7170291.0
CN,2585,2019-06-12,-2.116478,4.73296,4.76469,4.79828,5.408022,4.778095,4.91197,-0.133875,-0.164313,0.060876,41.011086,4.952146,4.644414,0.123138,8600025.0
CN,2585,2019-06-13,0.98322,4.74788,4.75722,4.793145,5.39516,4.780911,4.90341,-0.122498,-0.15595,0.066904,43.741502,4.9399,4.64639,0.120342,9240536.2
CN,2585,2019-06-14,-1.945209,4.75908,4.74229,4.782415,5.377877,4.76894,4.888572,-0.119632,-0.148687,0.05811,39.779894,4.922398,4.642432,0.120411,9257595.8
CN,2585,2019-06-17,-0.39761,4.7572,4.72829,4.779615,5.358772,4.755934,4.873448,-0.117514,-0.142452,0.049876,39.017151,4.924985,4.634245,0.116474,9446080.8
CN,2585,2019-06-18,0.798395,4.73108,4.72643,4.777285,5.340592,4.750683,4.862215,-0.111532,-0.136268,0.049472,41.435738,4.924777,4.629793,0.112154,7732306.6
CN,2585,2019-06-19,0.789953,4.73296,4.73296,4.773085,5.323938,4.751978,4.854577,-0.102599,-0.129534,0.053871,43.828461,4.917595,4.628575,0.111472,6569032.6
CN,2585,2019-06-20,1.567523,4.74042,4.74415,4.774015,5.307925,4.76455,4.85303,-0.08848,-0.121323,0.065687,48.371666,4.919828,4.628202,0.112174,7298108.0
CN,2585,2019-06-21,0.773734,4.77402,4.76655,4.780085,5.288008,4.780943,4.854369,-0.073426,-0.111744,0.076636,50.531843,4.93135,4.62882,0.109497,8451174.6
CN,2585,2019-06-24,-0.574819,4.80576,4.78148,4.781955,5.271097,4.790505,4.853534,-0.063029,-0.102001,0.077944,48.882813,4.93535,4.62856,0.107676,9163849.0
CN,2585,2019-06-25,-0.964258,4.82068,4.77588,4.777755,5.256575,4.791412,4.849302,-0.05789,-0.093179,0.070578,46.176207,4.924598,4.630912,0.106649,9987568.8
CN,2585,2019-06-26,0.0,4.82814,4.78055,4.77262,5.241752,4.79218,4.845383,-0.053204,-0.085184,0.06396,46.176207,4.908936,4.636304,0.102367,9534952.6
CN,2585,2019-06-27,0.193895,4.82254,4.78148,4.76935,5.22497,4.79426,4.842444,-0.048184,-0.077784,0.059199,46.855817,4.899036,4.639664,0.098391,8451102.4
CN,2585,2019-06-28,-1.745843,4.79268,4.78335,4.76282,5.203622,4.783112,4.833507,-0.050395,-0.072306,0.043822,41.735939,4.888202,4.637438,0.099356,7489550.8
CN,2585,2019-07-01,3.951883,4.80574,4.80575,4.76702,5.183723,4.802387,4.839055,-0.036668,-0.065178,0.057021,53.821578,4.905332,4.628708,0.105588,9993705.6
CN,2585,2019-07-02,-1.330372,4.81508,4.81788,4.772155,5.160322,4.808651,4.839354,-0.030704,-0.058283,0.055159,49.919255,4.91372,4.63059,0.10871,12255527.6
CN,2585,2019-07-03,-1.156284,4.81322,4.82068,4.77682,5.135082,4.805335,4.835484,-0.030149,-0.052657,0.045016,46.786362,4.913825,4.639815,0.105616,13295536.8
CN,2585,2019-07-04,0.779177,4.81696,4.81975,4.78195,5.111822,4.808268,4.834663,-0.026395,-0.047404,0.042019,49.078719,4.918011,4.645889,0.104744,13737318.8
CN,2585,2019-07-05,-0.19277,4.83562,4.81415,4.79035,5.089312,4.809319,4.833214,-0.023894,-0.042702,0.037616,48.51752,4.912059,4.668641,0.100598,13253294.0
CN,2585,2019-07-08,-2.714378,4.79082,4.79828,4.78988,5.0607,4.790101,4.82219,-0.03209,-0.04058,0.01698,41.359736,4.91314,4.66662,0.106076,11812273.8
CN,2585,2019-07-09,0.200666,4.76096,4.78802,4.78195,5.034057,4.775285,4.81268,-0.037395,-0.039943,0.005096,42.022225,4.908465,4.655435,0.103164,9049481.6
CN,2585,2019-07-10,0.0,4.7423,4.77776,4.779155,5.01028,4.762749,4.803874,-0.041125,-0.040179,-0.001892,42.022225,4.910764,4.647546,0.098459,8045354.8
CN,2585,2019-07-11,0.396267,4.7199,4.76843,4.774955,4.986512,4.755003,4.797098,-0.042095,-0.040562,-0.003066,43.487376,4.909424,4.640486,0.098091,8062014.8
CN,2585,2019-07-12,1.979883,4.71802,4.77682,4.780085,4.965203,4.762803,4.797735,-0.034933,-0.039436,0.009007,50.275431,4.910979,4.649191,0.10242,9672082.0
CN,2585,2019-07-15,0.195601,4.74416,4.76749,4.78662,4.94209,4.770848,4.799022,-0.028173,-0.037184,0.018021,50.915134,4.910622,4.662618,0.103769,10631166.0
CN,2585,2019-07-16,4.068451,4.8076,4.78428,4.80108,4.922845,4.807795,4.814724,-0.006929,-0.031133,0.048408,61.912351,4.955252,4.646908,0.129685,18765380.6
CN,2585,2019-07-17,-1.676312,4.85424,4.79827,4.809475,4.903257,4.826134,4.823041,0.003094,-0.024288,0.054762,56.107566,4.971666,4.647284,0.133086,24266259.4
CN,2585,2019-07-18,-3.218997,4.86544,4.79267,4.80621,4.88195,4.817252,4.818993,-0.001741,-0.019778,0.036074,47.123812,4.968947,4.643473,0.135573,26335025.4
CN,2585,2019-07-19,-0.392165,4.85424,4.78613,4.80014,4.860332,4.806859,4.81386,-0.007001,-0.017223,0.020444,46.184827,4.961795,4.638485,0.132553,25818838.0
CN,2585,2019-07-22,-1.374824,4.8281,4.78613,4.792205,4.846023,4.788019,4.804271,-0.016251,-0.017028,0.001555,42.965297,4.960105,4.624305,0.132414,24369418.0
CN,2585,2019-07-23,0.798395,4.77026,4.78893,4.788475,4.831872,4.777832,4.798162,-0.02033,-0.017689,-0.005282,45.316512,4.959129,4.617821,0.126956,16251495.4
CN,2585,2019-07-24,0.590876,4.7348,4.79452,4.78614,4.821762,4.773504,4.794572,-0.021068,-0.018365,-0.005407,47.069491,4.957573,4.614707,0.123216,11370149.8
CN,2585,2019-07-25,0.0,4.73106,4.79825,4.78334,4.811807,4.769842,4.791248,-0.021406,-0.018973,-0.004867,47.069491,4.955232,4.611448,0.119743,9214565.8
CN,2585,2019-07-26,-0.391604,4.72734,4.79079,4.783805,4.802942,4.763881,4.786793,-0.022911,-0.019761,-0.006301,45.931065,4.955078,4.612532,0.113855,8012453.0
CN,2585,2019-07-29,0.196572,4.73854,4.78332,4.775405,4.793298,4.760269,4.783356,-0.023087,-0.020426,-0.005323,46.626167,4.937652,4.613158,0.107715,6508158.4
CN,2585,2019-07-30,0.786853,4.74972,4.75999,4.772135,4.792832,4.762951,4.782937,-0.019987,-0.020338,0.000703,49.433992,4.931402,4.612868,0.104685,7235576.0
CN,2585,2019-07-31,-0.78071,4.74786,4.74133,4.7698,4.791587,4.759481,4.779786,-0.020305,-0.020331,5.3e-05,46.783543,4.929489,4.610111,0.100536,6756126.6
CN,2585,2019-08-01,-0.590667,4.7404,4.73573,4.7642,4.789408,4.752238,4.774795,-0.022557,-0.020776,-0.00356,44.840004,4.923693,4.604707,0.096684,6298202.4
CN,2585,2019-08-02,-1.188354,4.72546,4.7264,4.756265,4.786763,4.737494,4.766025,-0.028531,-0.022327,-0.012407,41.157339,4.920558,4.591972,0.095106,7166672.2
CN,2585,2019-08-05,-1.801821,4.69188,4.71521,4.75067,4.780855,4.71211,4.75169,-0.03958,-0.025778,-0.027603,36.341637,4.931191,4.570149,0.094977,7764823.0
CN,2585,2019-08-06,-4.695462,4.6079,4.67881,4.73387,4.772923,4.657601,4.722513,-0.064912,-0.033605,-0.062614,27.480465,4.982227,4.485513,0.108193,8411849.2
CN,2585,2019-08-07,0.0,4.53138,4.63962,4.71707,4.764835,4.611478,4.695497,-0.084019,-0.043688,-0.080663,27.480465,5.014588,4.419552,0.105129,8232807.2
CN,2585,2019-08-08,0.0,4.46046,4.60043,4.69934,4.755813,4.57245,4.670482,-0.098032,-0.054556,-0.086951,27.480465,5.035599,4.363081,0.100956,7981696.4
CN,2585,2019-08-09,-1.927578,4.38394,4.5547,4.672745,4.745082,4.526504,4.641098,-0.114594,-0.066564,-0.096061,24.554801,5.052476,4.293014,0.103081,7107178.6
CN,2585,2019-08-12,1.530254,4.33728,4.51458,4.64895,4.738395,4.497688,4.618736,-0.121047,-0.077461,-0.087174,30.737546,5.04911,4.24879,0.101053,6485853.2
CN,2585,2019-08-13,-0.86191,4.32608,4.46699,4.61349,4.730618,4.467551,4.595259,-0.127707,-0.08751,-0.080395,29.260772,5.004623,4.222357,0.099171,4928114.2
CN,2585,2019-08-14,0.65089,4.32048,4.42593,4.58363,4.722063,4.446359,4.575595,-0.129236,-0.095855,-0.066762,31.898749,4.965542,4.201718,0.098087,4947795.6
CN,2585,2019-08-15,-0.429581,4.31116,4.38581,4.56077,4.713665,4.425565,4.55601,-0.130445,-0.102773,-0.055344,31.069873,4.950362,4.171178,0.10041,5210755.0
CN,2585,2019-08-16,0.215717,4.3205,4.35222,4.53931,4.706512,4.409401,4.538565,-0.129164,-0.108051,-0.042225,32.021015,4.93218,4.14644,0.097902,5086268.6
CN,2585,2019-08-19,2.592293,4.33916,4.33822,4.526715,4.700292,4.412955,4.530708,-0.117753,-0.109992,-0.015523,42.339877,4.91631,4.13712,0.098909,5896723.6
CN,2585,2019-08-20,-0.631698,4.3597,4.34289,4.51085,4.69236,4.411654,4.52136,-0.109705,-0.109935,0.000458,40.677476,4.89315,4.12855,0.095844,6344872.2
CN,2585,2019-08-21,0.211148,4.3765,4.34849,4.494055,4.684272,4.411984,4.513392,-0.101408,-0.108229,0.013642,41.499072,4.862156,4.125954,0.092326,6151366.4
CN,2585,2019-08-22,0.634374,4.40262,4.35689,4.47866,4.677117,4.416571,4.508089,-0.091518,-0.104887,0.026738,44.013183,4.827982,4.129338,0.08906,5923258.4
CN,2585,2019-08-23,-0.630375,4.42128,4.37089,4.462795,4.669807,4.416145,4.501105,-0.08496,-0.100902,0.031883,42.066297,4.793121,4.132469,0.090027,6406730.6
CN,2585,2019-08-26,2.326793,4.43808,4.38862,4.4516,4.664675,4.431584,4.502245,-0.070661,-0.094853,0.048385,50.683177,4.757832,4.145368,0.106925,8915268.4
CN,2585,2019-08-27,0.825861,4.46794,4.41382,4.440405,4.661565,4.450387,4.506064,-0.055677,-0.087018,0.062682,53.394487,4.712613,4.168197,0.108617,10743966.2
CN,2585,2019-08-28,-2.663709,4.47168,4.42409,4.42501,4.65721,4.447635,4.500615,-0.05298,-0.080211,0.054461,44.773754,4.659876,4.190144,0.110194,13152262.8
CN,2585,2019-08-29,-0.421884,4.46608,4.43435,4.41008,4.652077,4.44243,4.494184,-0.051755,-0.074519,0.045529,43.60493,4.604443,4.215717,0.105659,13599191.2
CN,2585,2019-08-30,-1.903122,4.44928,4.43528,4.39375,4.646788,4.425102,4.482008,-0.056906,-0.070997,0.028182,38.715756,4.554575,4.232925,0.108104,14805252.4
CN,2585,2019-09-02,1.510462,4.42502,4.43155,4.384885,4.641812,4.420502,4.475577,-0.055076,-0.067812,0.025473,43.982107,4.523306,4.246464,0.107047,12284852.4
CN,2585,2019-09-03,-0.21387,4.39142,4.42968,4.386285,4.634035,4.415163,4.468927,-0.053764,-0.065003,0.022477,43.404765,4.524148,4.248422,0.102065,10665978.8
CN,2585,2019-09-04,1.915272,4.39888,4.43528,4.391885,4.62937,4.423569,4.468992,-0.045423,-0.061087,0.031327,49.752357,4.533706,4.250064,0.103439,10307483.8
CN,2585,2019-09-05,0.418363,4.41382,4.43995,4.39842,4.624238,4.433558,4.470437,-0.036879,-0.056245,0.038733,51.068091,4.545311,4.251529,0.10205,11627775.8
CN,2585,2019-09-06,0.414392,4.44928,4.44928,4.410085,4.620972,4.444872,4.473153,-0.02828,-0.050652,0.044744,52.403109,4.552524,4.267646,0.098761,10696491.6
CN,2585,2019-09-09,1.451044,4.48474,4.45488,4.42175,4.619107,4.464507,4.480512,-0.016004,-0.043723,0.055437,56.859932,4.576719,4.266781,0.097707,11296722.4
CN,2585,2019-09-10,0.40678,4.5258,4.45861,4.436215,4.616928,4.483983,4.488703,-0.00472,-0.035922,0.062404,58.06266,4.597574,4.274856,0.094056,11517901.6
CN,2585,2019-09-11,-1.015007,4.54074,4.46981,4.44695,4.613352,4.493293,4.492837,0.000457,-0.028646,0.058207,54.00063,4.607125,4.286775,0.095338,11183724.4
CN,2585,2019-09-12,0.616129,4.55754,4.48568,4.460015,4.608998,4.505479,4.498738,0.006741,-0.021569,0.056621,55.992801,4.616349,4.303681,0.091857,10145580.6
CN,2585,2019-09-16,0.20339,4.57248,4.51088,4.47308,4.604177,4.517221,4.50489,0.01233,-0.014789,0.054239,56.664125,4.624179,4.321981,0.088631,10094268.2
CN,2585,2019-09-17,-3.055568,4.54634,4.51554,4.473545,4.597488,4.505617,4.500217,0.005401,-0.010751,0.032303,45.429138,4.624198,4.322892,0.093636,10297369.8
CN,2585,2019-09-18,0.0,4.51648,4.52114,4.47541,4.591578,4.495799,4.49589,-9e-05,-0.008619,0.017057,45.429138,4.6235,4.32732,0.088948,9521482.4
CN,2585,2019-09-19,0.630375,4.50154,4.52114,4.47821,4.586135,4.4918,4.493957,-0.002158,-0.007327,0.010338,47.828507,4.623628,4.332792,0.087259,8137529.8
CN,2585,2019-09-20,2.921831,4.50712,4.53233,4.48614,4.582713,4.508507,4.501842,0.006665,-0.004528,0.022387,57.266408,4.639814,4.332466,0.092355,9916159.6
CN,2585,2019-09-23,-1.621598,4.49592,4.5342,4.49174,4.579447,4.511168,4.503617,0.007551,-0.002112,0.019327,51.531871,4.642599,4.340881,0.093751,10062735.0
CN,2585,2019-09-24,0.824164,4.52018,4.53326,4.49407,4.573692,4.519157,4.508023,0.011135,0.000537,0.021195,54.011585,4.647799,4.340341,0.093047,9513527.0
CN,2585,2019-09-25,-1.840854,4.52764,4.52206,4.490335,4.567625,4.512995,4.50588,0.007114,0.001852,0.010524,48.049607,4.641689,4.338981,0.093729,10030400.0
CN,2585,2019-09-26,-2.49827,4.50712,4.50433,4.48707,4.560627,4.490565,4.495608,-0.005043,0.000473,-0.011033,41.480807,4.645906,4.328234,0.09837,10722584.4
CN,2585,2019-09-27,1.495237,4.47354,4.49033,4.488005,4.554095,4.481632,4.490933,-0.009301,-0.001482,-0.01564,46.110657,4.645317,4.330693,0.098008,8314192.6
CN,2585,2019-09-30,-1.053582,4.44554,4.47073,4.490805,4.54694,4.466888,4.483145,-0.016257,-0.004437,-0.023641,43.462339,4.638451,4.343159,0.095007,7761040.6
CN,2585,2019-10-08,-1.06252,4.40076,4.46047,4.488005,4.541187,4.447244,4.472483,-0.025239,-0.008597,-0.033283,40.935801,4.644647,4.331363,0.092885,7064280.4
CN,2585,2019-10-09,0.859605,4.38024,4.45394,4.48754,4.535898,4.43636,4.465373,-0.029013,-0.01268,-0.032665,43.754249,4.645443,4.329637,0.092251,6245246.4
CN,2585,2019-10-10,3.838684,4.4157,4.46141,4.491275,4.53341,4.452997,4.471234,-0.018237,-0.013792,-0.008891,54.32586,4.650848,4.331702,0.10099,6551981.8
CN,2585,2019-10-11,-0.822973,4.43062,4.45208,4.492205,4.529988,4.461321,4.473891,-0.01257,-0.013547,0.001954,51.983447,4.651919,4.332491,0.101776,7760333.2
CN,2585,2019-10-14,0.414901,4.45862,4.45208,4.49314,4.525323,4.471241,4.477736,-0.006495,-0.012137,0.011283,53.072966,4.65341,4.33287,0.101171,8703280.2
CN,2585,2019-10-15,-1.442839,4.48288,4.44182,4.48754,4.519413,4.469588,4.476459,-0.006871,-0.011084,0.008425,48.900318,4.644111,4.330969,0.098609,8651400.2
CN,2585,2019-10-16,0.0,4.49968,4.43996,4.48101,4.510238,4.46819,4.475277,-0.007087,-0.010284,0.006395,48.900318,4.630493,4.331527,0.094894,8744317.4
CN,2585,2019-10-17,-1.255465,4.47168,4.44369,4.47401,4.50153,4.458392,4.470034,-0.011643,-0.010556,-0.002173,45.353845,4.624056,4.323964,0.093451,7746208.2
CN,2585,2019-10-18,-1.271427,4.43996,4.43529,4.46281,4.494532,4.441485,4.461032,-0.019547,-0.012354,-0.014385,42.06818,4.615199,4.310421,0.094776,6631190.8
CN,2585,2019-10-21,0.213867,4.40636,4.43249,4.45161,4.488,4.428611,4.453385,-0.024775,-0.014838,-0.019872,42.809175,4.600252,4.302968,0.092671,5463883.8
CN,2585,2019-10-22,0.0,4.38582,4.43435,4.44741,4.482557,4.417717,4.446305,-0.028588,-0.017588,-0.022,42.809175,4.601568,4.293252,0.090052,5200834.6
CN,2585,2019-10-23,0.215705,4.36716,4.43342,4.44368,4.476647,4.409945,4.440445,-0.0305,-0.020171,-0.020659,43.654016,4.60176,4.2856,0.087619,5320935.2
CN,2585,2019-10-24,-0.856384,4.35222,4.41195,4.43668,4.469648,4.397615,4.432249,-0.034634,-0.023063,-0.023142,41.055369,4.601758,4.271602,0.085361,5068682.6
CN,2585,2019-10-25,0.2171,4.35036,4.39516,4.42362,4.462807,4.388628,4.425357,-0.036729,-0.025796,-0.021864,41.990057,4.575633,4.271607,0.083264,5123032.8
CN,2585,2019-10-28,1.073931,4.35596,4.38116,4.41662,4.457052,4.388193,4.422426,-0.034234,-0.027484,-0.013499,46.517727,4.561913,4.271327,0.084652,5891205.4
CN,2585,2019-10-29,2.341648,4.3821,4.38396,4.41289,4.452853,4.403625,4.427321,-0.023696,-0.026726,0.00606,54.87653,4.546293,4.279487,0.092605,8789713.0
CN,2585,2019-10-30,-3.119082,4.37836,4.37276,4.40636,4.4457,4.395144,4.421482,-0.026338,-0.026649,0.000621,44.635246,4.538943,4.273777,0.096655,10423839.0
CN,2585,2019-10-31,-1.931701,4.3653,4.35876,4.401225,4.437768,4.375045,4.409854,-0.034809,-0.028281,-0.013056,39.83199,4.546796,4.255654,0.097087,11128280.2
CN,2585,2019-11-01,1.313167,4.36156,4.35596,4.395625,4.431237,4.366653,4.403235,-0.036582,-0.029941,-0.013282,44.147147,4.544532,4.246718,0.096816,10798146.2
CN,2585,2019-11-04,0.43282,4.35224,4.3541,4.393295,4.42595,4.36243,4.398492,-0.036062,-0.031165,-0.009794,45.551433,4.544189,4.242401,0.098565,10159055.4
CN,2585,2019-11-05,-0.86191,4.3149,4.3485,4.391425,4.421438,4.353102,4.391329,-0.038227,-0.032578,-0.011299,43.211393,4.54584,4.23701,0.096196,7382637.6
CN,2585,2019-11-06,-0.65089,4.29996,4.33916,4.38629,4.420038,4.340902,4.382624,-0.041722,-0.034406,-0.014631,41.49283,4.548958,4.223622,0.093989,5463669.4
CN,2585,2019-11-07,1.310309,4.31302,4.33916,4.375555,4.419572,4.339194,4.378711,-0.039517,-0.035428,-0.008177,46.109159,4.522634,4.228476,0.095947,4911624.8
CN,2585,2019-11-08,-0.861472,4.30742,4.33449,4.364825,4.418483,4.33201,4.372325,-0.040315,-0.036406,-0.007818,43.639307,4.502993,4.226657,0.095094,5180987.4
CN,2585,2019-11-11,-3.042516,4.27196,4.3121,4.34663,4.416618,4.305839,4.356738,-0.050898,-0.039304,-0.023188,36.306262,4.490919,4.202341,0.098301,5820955.4
CN,2585,2019-11-12,-0.898628,4.2365,4.2757,4.32983,4.41304,4.277941,4.339535,-0.061594,-0.043762,-0.035663,34.517475,4.494042,4.165618,0.099944,5840212.4
CN,2585,2019-11-13,-0.904352,4.19918,4.24957,4.311165,4.409463,4.248596,4.320843,-0.072247,-0.049459,-0.045576,32.782698,4.495368,4.126962,0.096134,5736076.0
CN,2585,2019-11-14,1.142592,4.16,4.23651,4.297635,4.406198,4.230951,4.306996,-0.076045,-0.054776,-0.042537,37.048526,4.491905,4.103365,0.095931,5448718.6
CN,2585,2019-11-15,-1.129684,4.11894,4.21318,4.28457,4.402465,4.208835,4.290715,-0.081879,-0.060197,-0.043365,34.678428,4.497636,4.071504,0.092415,4829253.8
CN,2585,2019-11-18,0.912605,4.11146,4.19171,4.272905,4.399198,4.195861,4.278402,-0.082542,-0.064666,-0.035752,38.085374,4.49405,4.05176,0.09115,4050465.4
CN,2585,2019-11-19,1.585647,4.12454,4.18052,4.26451,4.395155,4.194944,4.271847,-0.076903,-0.067113,-0.01958,43.636257,4.484872,4.044148,0.091303,4319480.4
CN,2585,2019-11-20,-0.892623,4.1376,4.16839,4.253775,4.390955,4.188414,4.263006,-0.074592,-0.068609,-0.011966,41.353002,4.474,4.03355,0.089453,4431922.4
CN,2585,2019-11-21,-0.447923,4.1376,4.1488,4.24398,4.38629,4.180027,4.253443,-0.073416,-0.06957,-0.00769,40.225709,4.467213,4.020747,0.086399,4203515.0
CN,2585,2019-11-22,0.0,4.14694,4.13294,4.233715,4.381158,4.172931,4.244588,-0.071657,-0.069988,-0.003339,40.225709,4.45737,4.01006,0.085564,4463892.6
CN,2585,2019-11-25,0.449938,4.15254,4.132,4.22205,4.376803,4.169787,4.237766,-0.067979,-0.069586,0.003214,42.057583,4.436924,4.007176,0.084116,4352750.6
CN,2585,2019-11-26,0.22637,4.14694,4.13574,4.20572,4.370893,4.168574,4.232147,-0.063573,-0.068383,0.009621,43.008173,4.383564,4.027876,0.081444,4048364.2
CN,2585,2019-11-27,-1.345539,4.13762,4.13761,4.19359,4.363428,4.158932,4.222795,-0.063863,-0.067479,0.007232,38.912454,4.363753,4.023427,0.080298,4447584.2
CN,2585,2019-11-28,-0.228939,4.13014,4.13387,4.18519,4.357828,4.149327,4.21344,-0.064113,-0.066806,0.005386,38.253918,4.3571,4.01328,0.077898,4502155.0
CN,2585,2019-11-29,0.68351,4.12826,4.1376,4.17539,4.353007,4.145507,4.206852,-0.061344,-0.065714,0.008739,41.433396,4.337389,4.013391,0.075669,4282248.4
CN,2585,2019-12-02,-0.225482,4.1208,4.13667,4.16419,4.34943,4.140845,4.200063,-0.059218,-0.064415,0.010393,40.684054,4.309448,4.018932,0.072929,3937209.6
CN,2585,2019-12-03,0.0,4.11146,4.1292,4.15486,4.344763,4.136899,4.193777,-0.056877,-0.062907,0.01206,40.684054,4.286937,4.022783,0.071719,4004301.8
CN,2585,2019-12-04,0.0,4.11332,4.12547,4.14693,4.340253,4.133561,4.187956,-0.054395,-0.061205,0.013619,40.684054,4.268083,4.025777,0.069261,3465281.8
CN,2585,2019-12-05,0.680404,4.12266,4.1264,4.1376,4.33481,4.135044,4.184641,-0.049597,-0.058883,0.018572,44.461132,4.225031,4.050169,0.066978,3938014.8
CN,2585,2019-12-06,0.675806,4.132,4.13013,4.131535,4.329522,4.140606,4.183645,-0.043039,-0.055714,0.025351,48.025323,4.18561,4.07746,0.065522,4455107.8
CN,2585,2019-12-09,-0.448312,4.13946,4.13013,4.131065,4.323612,4.142436,4.181338,-0.038902,-0.052352,0.0269,45.906445,4.184232,4.077898,0.064178,5085107.2
CN,2585,2019-12-10,1.798916,4.16186,4.13666,4.1362,4.317857,4.155477,4.184735,-0.029259,-0.047733,0.036949,54.535641,4.203735,4.068665,0.066258,5834241.8
CN,2585,2019-12-11,-1.324754,4.17306,4.14319,4.1404,4.310858,4.157896,4.183733,-0.025837,-0.043354,0.035034,48.313429,4.205632,4.075168,0.065525,6612760.8
CN,2585,2019-12-12,-0.448312,4.17492,4.14879,4.14133,4.304325,4.157066,4.181419,-0.024354,-0.039554,0.030401,46.409253,4.206695,4.075965,0.064181,6616774.4
CN,2585,2019-12-13,0.900662,4.17866,4.15533,4.146465,4.297948,4.162117,4.182047,-0.01993,-0.035629,0.031398,50.602576,4.210128,4.082802,0.063596,6743106.2
CN,2585,2019-12-16,2.448746,4.20666,4.17306,4.154865,4.293127,4.182176,4.190229,-0.008053,-0.030114,0.044122,59.877614,4.243969,4.065761,0.068382,8137182.8
CN,2585,2019-12-17,1.521258,4.23278,4.19732,4.16326,4.291727,4.209195,4.202642,0.006553,-0.02278,0.058668,64.452413,4.288354,4.038166,0.072826,8871686.0
CN,2585,2019-12-18,-0.21341,4.26824,4.22065,4.17306,4.290172,4.230627,4.213446,0.017181,-0.014788,0.063938,63.344643,4.321734,4.024386,0.075625,9678602.6
CN,2585,2019-12-19,2.359434,4.32796,4.25144,4.18892,4.28986,4.264546,4.23105,0.033496,-0.005132,0.077254,69.560453,4.379321,3.998519,0.082223,12428755.6
CN,2585,2019-12-20,-1.467053,4.36714,4.2729,4.201515,4.286283,4.2832,4.242513,0.040687,0.004032,0.07331,62.317423,4.408312,3.994718,0.089014,15036588.8
CN,2585,2019-12-23,-2.765744,4.36154,4.2841,4.207115,4.281928,4.280323,4.244142,0.036181,0.010462,0.051439,51.574444,4.414364,3.999866,0.092656,14361841.4
CN,2585,2019-12-24,1.095087,4.35222,4.2925,4.21458,4.27773,4.285073,4.249109,0.035964,0.015563,0.040804,54.804786,4.4255,4.00366,0.090709,13682145.8
CN,2585,2019-12-25,-0.649471,4.33916,4.3037,4.223445,4.274465,4.284785,4.251634,0.033151,0.01908,0.028142,52.541686,4.430211,4.016679,0.09023,13273147.8
CN,2585,2019-12-26,1.307434,4.31678,4.32237,4.23558,4.273998,4.293157,4.258121,0.035036,0.022271,0.025529,56.417903,4.43959,4.03157,0.090449,11558992.2
CN,2585,2019-12-27,-1.076235,4.29812,4.33263,4.24398,4.271665,4.293056,4.260667,0.032388,0.024295,0.016187,52.562372,4.442772,4.045188,0.089324,9949928.0
CN,2585,2019-12-30,0.0,4.30372,4.33263,4.252845,4.27011,4.29297,4.263025,0.029945,0.025425,0.00904,52.562372,4.443522,4.062168,0.088944,10407413.2
CN,2585,2019-12-31,-0.216657,4.29812,4.32517,4.261245,4.269177,4.291467,4.26452,0.026947,0.025729,0.002436,51.745646,4.441441,4.081049,0.086591,10687000.4
CN,2585,2020-01-02,1.954146,4.31486,4.32701,4.27383,4.269017,4.303072,4.272103,0.030969,0.026777,0.008383,58.06162,4.446468,4.101192,0.087049,12131813.4
CN,2585,2020-01-03,0.428221,4.32414,4.32046,4.28595,4.266368,4.315769,4.280511,0.035258,0.028473,0.01357,59.342034,4.454182,4.117718,0.086824,12403644.2
CN,2585,2020-01-06,2.553812,4.36516,4.33164,4.30227,4.26621,4.343743,4.296591,0.047152,0.032209,0.029885,66.031303,4.48547,4.11907,0.092622,14385211.6
CN,2585,2020-01-07,1.865439,4.42296,4.36334,4.32372,4.267138,4.380321,4.317696,0.062625,0.038292,0.048666,70.011596,4.530673,4.116767,0.09667,18233362.4
CN,2585,2020-01-08,-1.628288,4.4677,4.38291,4.337705,4.267912,4.399795,4.331711,0.068084,0.044251,0.047666,62.948676,4.554257,4.121153,0.101094,20605804.8
CN,2585,2020-01-09,0.20635,4.49756,4.40621,4.354955,4.26884,4.417703,4.345377,0.072326,0.049866,0.044921,63.443789,4.570668,4.139242,0.100537,21036062.0
CN,2585,2020-01-10,0.205925,4.52554,4.42484,4.373605,4.270857,4.434287,4.358719,0.075568,0.055006,0.041124,63.962399,4.58039,4.16682,0.097356,20755312.8
CN,2585,2020-01-13,-0.205502,4.52926,4.44721,4.38992,4.273652,4.446889,4.370384,0.076505,0.059306,0.034398,62.999891,4.587436,4.192404,0.097066,18460589.6
CN,2585,2020-01-14,0.0,4.5162,4.46958,4.401105,4.276292,4.457552,4.381185,0.076367,0.062718,0.027297,62.999891,4.600613,4.201597,0.094126,14142838.8
CN,2585,2020-01-15,0.825916,4.52552,4.49661,4.41089,4.279553,4.472314,4.39395,0.078364,0.065847,0.025033,65.420339,4.619912,4.201868,0.092067,11943637.6
CN,2585,2020-01-16,-1.6383,4.51806,4.50781,4.41741,4.281415,4.473327,4.400242,0.073085,0.067295,0.01158,57.341053,4.626376,4.208444,0.092819,10145226.2
CN,2585,2020-01-17,-0.832794,4.50128,4.51341,4.416935,4.283278,4.468446,4.403306,0.06514,0.066864,-0.003448,53.76569,4.625635,4.208235,0.092189,9369083.2
CN,2585,2020-01-20,0.209384,4.48822,4.50874,4.42019,4.28514,4.465746,4.406831,0.058915,0.065274,-0.012718,54.527009,4.628877,4.211503,0.088933,9038462.4
CN,2585,2020-01-21,-1.467119,4.4621,4.48915,4.426245,4.285137,4.453416,4.405259,0.048158,0.061851,-0.027386,48.489411,4.62321,4.22928,0.088581,9033228.8
CN,2585,2020-01-22,-0.426395,4.42478,4.47515,4.42903,4.28311,4.440106,4.402417,0.037689,0.057018,-0.038659,46.888269,4.620919,4.237141,0.088918,8594603.8
CN,2585,2020-01-23,-3.844833,4.3688,4.44343,4.42482,4.280618,4.403013,4.387349,0.015664,0.048747,-0.066168,35.540703,4.632377,4.217263,0.098559,9115622.6
CN,2585,2020-02-03,-10.0,4.2363,4.36879,4.396815,4.272528,4.307026,4.342294,-0.035267,0.031944,-0.134424,21.516269,4.74591,4.04772,0.121512,8333354.0
CN,2585,2020-02-04,-2.222751,4.08514,4.28668,4.366945,4.262105,4.212884,4.294353,-0.08147,0.009262,-0.181463,19.830453,4.830198,3.903692,0.130833,9711181.8
CN,2585,2020-02-05,1.26113,3.95636,4.20923,4.339405,4.252147,4.140394,4.253416,-0.113022,-0.015195,-0.195654,23.415346,4.876664,3.802146,0.130823,10011941.8
CN,2585,2020-02-06,2.244969,3.84812,4.13645,4.31653,4.244212,4.091979,4.221733,-0.129754,-0.038107,-0.183294,29.532296,4.89851,3.73455,0.130814,10956476.6
CN,2585,2020-02-07,-0.486186,3.76974,4.06927,4.28854,4.236433,4.048152,4.19102,-0.142868,-0.059059,-0.167618,28.980327,4.910604,3.666476,0.126135,10874192.2
CN,2585,2020-02-10,1.468309,3.78652,4.01141,4.26241,4.228653,4.019667,4.166722,-0.147055,-0.076658,-0.140794,33.03142,4.909376,3.615444,0.124461,12558403.2
CN,2585,2020-02-11,0.48408,3.82384,3.95449,4.231615,4.221807,3.998441,4.145609,-0.147168,-0.09076,-0.112816,34.379901,4.889412,3.573818,0.120899,11532050.0
CN,2585,2020-02-12,2.403586,3.8705,3.91343,4.20129,4.218692,3.994835,4.132972,-0.138137,-0.100236,-0.075802,40.78639,4.847591,3.554989,0.122928,11836693.2
CN,2585,2020-02-13,-1.642767,3.8873,3.86771,4.17143,4.215112,3.981737,4.116433,-0.134696,-0.107128,-0.055136,37.990774,4.813663,3.529197,0.120812,11331102.6
CN,2585,2020-02-14,0.954037,3.91528,3.84251,4.14297,4.212775,3.976393,4.103882,-0.127489,-0.1112,-0.032579,40.499555,4.771877,3.514063,0.118182,10653979.8
CN,2585,2020-02-17,2.601976,3.95262,3.86957,4.11918,4.211372,3.987671,4.099869,-0.112198,-0.1114,-0.001597,46.87292,4.72394,3.51442,0.119069,10646963.8
CN,2585,2020-02-18,4.145986,4.0198,3.92182,4.10425,4.213545,4.023045,4.10859,-0.085545,-0.106229,0.041367,55.302349,4.683262,3.525238,0.127222,12947768.0
CN,2585,2020-02-19,-0.663885,4.06272,3.96661,4.08792,4.21463,4.048669,4.11459,-0.065922,-0.098167,0.064491,53.770149,4.637197,3.538643,0.128799,13721379.8
CN,2585,2020-02-20,8.241837,4.18776,4.03753,4.08699,4.22038,4.123473,4.145725,-0.022251,-0.082984,0.121466,66.205147,4.633165,3.540815,0.152256,23340392.6
CN,2585,2020-02-21,4.732188,4.34826,4.13177,4.10052,4.23033,4.219785,4.190449,0.029337,-0.06052,0.179713,71.360983,4.696036,3.505004,0.170045,35822555.4
CN,2585,2020-02-24,-0.785346,4.48076,4.21669,4.11405,4.239968,4.295541,4.229097,0.066444,-0.035127,0.203143,69.379708,4.750816,3.477284,0.173891,41485210.8
CN,2585,2020-02-25,7.919868,4.65432,4.33706,4.145775,4.255827,4.417058,4.292527,0.124531,-0.003195,0.255453,76.430675,4.899071,3.392479,0.206128,50607299.6
CN,2585,2020-02-26,-4.219924,4.79056,4.42664,4.170035,4.267798,4.486865,4.335362,0.151503,0.027744,0.247517,66.892034,4.981657,3.358413,0.220069,57296332.4
CN,2585,2020-02-27,-1.915496,4.83908,4.51342,4.190565,4.278058,4.531578,4.368113,0.163465,0.054888,0.217153,63.199142,5.040916,3.340214,0.219678,50795839.8
CN,2585,2020-02-28,-8.789116,4.7607,4.55448,4.198495,4.282253,4.504812,4.367334,0.137478,0.071406,0.132143,49.858413,5.051965,3.345025,0.235315,43854940.4
CN,2585,2020-03-02,6.423261,4.74576,4.61326,4.241415,4.29127,4.525225,4.387346,0.137879,0.084701,0.106357,56.456703,5.092537,3.390293,0.2445,42705641.2
CN,2585,2020-03-03,1.811321,4.67298,4.66365,4.292735,4.30122,4.555422,4.412098,0.143323,0.096425,0.093796,58.233047,5.129561,3.455909,0.2357,35107240.2
CN,2585,2020-03-04,2.372128,4.66552,4.72804,4.347325,4.313192,4.598203,4.443313,0.154889,0.108118,0.093543,60.544258,5.175646,3.519004,0.238857,31132805.6
CN,2585,2020-03-05,1.930278,4.69538,4.76723,4.40238,4.326718,4.648756,4.479127,0.169629,0.12042,0.098417,62.41031,5.231072,3.573688,0.23246,31006546.4
CN,2585,2020-03-06,0.56832,4.81482,4.78776,4.459765,4.340712,4.69584,4.514362,0.181478,0.132632,0.097692,62.97623,5.274455,3.645075,0.239849,29168849.8
CN,2585,2020-03-09,-4.520869,4.83348,4.78962,4.503155,4.350505,4.701218,4.530395,0.170824,0.14027,0.061107,55.745665,5.27753,3.72878,0.242717,26849966.6
CN,2585,2020-03-10,3.747781,4.8708,4.77189,4.554475,4.362787,4.733046,4.558373,0.174673,0.147151,0.055045,59.690662,5.292497,3.816453,0.249373,25926089.0
CN,2585,2020-03-11,-1.900939,4.86706,4.76629,4.596465,4.373825,4.745624,4.577367,0.168256,0.151372,0.033769,56.820203,5.29218,3.90075,0.248225,23924939.0
CN,2585,2020-03-12,-2.13093,4.82414,4.75976,4.63659,4.381908,4.740482,4.587355,0.153127,0.151723,0.002808,53.758638,5.257821,4.015359,0.241823,21456266.6
CN,2585,2020-03-13,-1.188405,4.76442,4.78962,4.67205,4.389992,4.727515,4.592455,0.135061,0.14839,-0.02666,52.1083,5.206717,4.137383,0.245878,20174620.0
CN,2585,2020-03-16,3.807826,4.78496,4.80922,4.71124,4.401342,4.743821,4.61031,0.133511,0.145414,-0.023807,56.646222,5.166734,4.255746,0.257637,26543435.0
CN,2585,2020-03-17,10.038275,4.86708,4.86894,4.766295,4.420155,4.832264,4.662783,0.16948,0.150228,0.038505,66.11001,5.23578,4.29681,0.273892,24253006.2
CN,2585,2020-03-18,9.12253,5.0649,4.96598,4.84701,4.445345,4.981746,4.74731,0.234436,0.167069,0.134733,72.560575,5.432813,4.261207,0.292321,59598767.2
CN,2585,2020-03-19,-8.039422,5.18992,5.00703,4.88713,4.46167,5.036447,4.791013,0.245433,0.182742,0.125383,60.612519,5.491548,4.282712,0.312762,86093196.8
CN,2585,2020-03-20,4.022633,5.36908,5.06675,4.927255,4.481728,5.115763,4.847383,0.26838,0.19987,0.13702,63.583922,5.593216,4.261294,0.325751,102205760.0
CN,2585,2020-03-23,-7.732349,5.42692,5.10594,4.94778,4.492922,5.11683,4.867777,0.249053,0.209706,0.078694,54.698248,5.611262,4.284298,0.333811,103474951.2
CN,2585,2020-03-24,-2.367892,5.36346,5.11527,4.94358,4.503182,5.099071,4.877675,0.221397,0.212044,0.018705,52.467167,5.604583,4.282577,0.347953,113272870.6
CN,2585,2020-03-25,-0.745791,5.1955,5.1302,4.948245,4.514842,5.078307,4.884076,0.19423,0.208482,-0.028503,51.767912,5.608444,4.288046,0.334428,81628752.2
CN,2585,2020-03-26,-3.19494,5.08914,5.13953,4.949645,4.52308,5.036336,4.878256,0.15808,0.198401,-0.080642,48.790351,5.608507,4.290783,0.326533,59029389.8
CN,2585,2020-03-27,0.969722,4.94916,5.15912,4.97437,4.532562,5.007992,4.876319,0.131674,0.185056,-0.106764,49.705699,5.577241,4.371499,0.323874,46683922.8
CN,2585,2020-03-30,-1.729148,4.87826,5.15259,4.980905,4.539712,4.971101,4.86831,0.102791,0.168603,-0.131623,48.040736,5.571741,4.390069,0.314068,40302349.4
CN,2585,2020-03-31,-0.979405,4.82228,5.09287,4.980905,4.546862,4.932701,4.857435,0.075266,0.149936,-0.149339,47.095121,5.571741,4.390069,0.302299,31439303.0
CN,2585,2020-04-01,-3.162131,4.7439,4.9697,4.96784,4.551523,4.877239,4.836306,0.040933,0.128135,-0.174404,44.106089,5.582224,4.353456,0.297371,29248946.0
CN,2585,2020-04-02,3.67438,4.73084,4.90999,4.95851,4.55914,4.856156,4.829187,0.026969,0.107902,-0.161866,48.097932,5.580721,4.336299,0.29213,27202951.2
CN,2585,2020-04-03,-1.181385,4.69726,4.82321,4.94498,4.564428,4.829702,4.818448,0.011254,0.088572,-0.154637,46.895654,5.578589,4.311371,0.281256,23461467.6
CN,2585,2020-04-07,2.589556,4.70472,4.79149,4.948715,4.571427,4.825978,4.817489,0.00849,0.072556,-0.128132,49.821515,5.578096,4.319334,0.272495,22278829.6
CN,2585,2020-04-08,0.193528,4.72338,4.77283,4.94405,4.576713,4.824258,4.817289,0.006969,0.059438,-0.104939,50.04875,5.575944,4.312156,0.263031,22984152.2
CN,2585,2020-04-09,-0.193154,4.77004,4.75697,4.943585,4.580447,4.821373,4.816416,0.004956,0.048542,-0.087171,49.805852,5.575873,4.311297,0.250908,20464310.2
CN,2585,2020-04-10,-2.913328,4.7551,4.74297,4.94125,4.58309,4.797392,4.805237,-0.007845,0.037265,-0.090219,46.172991,5.577272,4.305228,0.244978,19358613.0
CN,2585,2020-04-13,1.000965,4.7607,4.72898,4.94405,4.586357,4.784286,4.798345,-0.01406,0.027,-0.082119,47.547378,5.575505,4.312595,0.236809,17561199.4
CN,2585,2020-04-14,0.988922,4.75136,4.72804,4.940315,4.590245,4.780365,4.795416,-0.015051,0.018589,-0.067282,48.948171,5.575215,4.305415,0.225894,16689121.4
CN,2585,2020-04-15,7.058502,4.80734,4.76536,4.929115,4.599887,4.828724,4.817585,0.011139,0.017099,-0.011921,57.71432,5.544524,4.313706,0.24308,24562381.8
CN,2585,2020-04-16,-1.281724,4.85212,4.81108,4.89039,4.60844,4.859597,4.833275,0.026322,0.018944,0.014756,55.711552,5.361232,4.419548,0.237053,26844913.0
CN,2585,2020-04-17,0.0,4.9249,4.84,4.874995,4.616372,4.885721,4.847803,0.037918,0.022739,0.030358,55.711552,5.304719,4.445271,0.230785,27706881.2
CN,2585,2020-04-20,5.010538,5.03874,4.89972,4.861465,4.629747,4.946595,4.879921,0.066673,0.031526,0.070295,61.665364,5.215437,4.507493,0.235629,33582506.2
CN,2585,2020-04-21,1.588594,5.16004,4.9557,4.873595,4.645142,5.011011,4.915875,0.095135,0.044247,0.101776,63.428142,5.275875,4.471315,0.239455,37115864.4
CN,2585,2020-04-22,3.304568,5.24962,5.02848,4.900655,4.663337,5.092794,4.962299,0.130494,0.061497,0.137995,66.8928,5.395778,4.405532,0.249008,32758705.0
CN,2585,2020-04-23,2.358099,5.3784,5.11526,4.936115,4.684798,5.182102,5.014966,0.167136,0.082625,0.169023,69.208567,5.535038,4.337192,0.248551,35176522.0
CN,2585,2020-04-24,-1.152768,5.4941,5.2095,4.976235,4.705482,5.24761,5.058887,0.188723,0.103844,0.169757,66.694654,5.638894,4.313576,0.24879,36990076.4
CN,2585,2020-04-27,0.167621,5.56128,5.30001,5.014495,4.72912,5.304485,5.100251,0.204234,0.123922,0.160624,66.880865,5.730297,4.298693,0.244348,34007073.0
CN,2585,2020-04-28,-9.967422,5.4997,5.32987,5.028955,4.750425,5.266472,5.097077,0.169395,0.133017,0.072757,49.226371,5.735901,4.322009,0.266887,36741645.8
CN,2585,2020-04-29,-6.641753,5.33548,5.29255,5.028955,4.767532,5.18263,5.069256,0.113374,0.129088,-0.031429,42.054251,5.735901,4.322009,0.272481,42697128.6
CN,2585,2020-04-30,3.162131,5.17498,5.27669,5.043885,4.78635,5.134656,5.054556,0.0801,0.119291,-0.078381,45.83195,5.723707,4.364063,0.265682,42864528.4
CN,2585,2020-05-06,1.724563,5.04436,5.26923,5.054615,4.805168,5.106986,5.047167,0.05982,0.107396,-0.095154,47.890343,5.721578,4.387652,0.261369,41574175.4
CN,2585,2020-05-07,-0.377412,4.90812,5.2347,5.06721,4.823985,5.080696,5.038939,0.041756,0.094268,-0.105024,47.457987,5.714954,4.419466,0.249364,40463227.6
CN,2585,2020-05-08,0.378842,4.8876,5.19365,5.074675,4.842182,5.061327,5.032707,0.02862,0.081139,-0.105037,47.963908,5.713564,4.435786,0.237553,35060993.4
CN,2585,2020-05-11,-0.94252,4.92492,5.1302,5.07934,4.859288,5.037754,5.023477,0.014277,0.067766,-0.106979,46.753179,5.711902,4.446778,0.233249,26375859.6
CN,2585,2020-05-12,-0.570486,4.92678,5.05088,5.08307,4.874373,5.013499,5.012856,0.000643,0.054342,-0.107397,46.003374,5.709983,4.456157,0.224588,22058217.4
CN,2585,2020-05-13,0.383189,4.91558,4.97997,5.094735,4.890858,4.995853,5.004408,-0.008554,0.041763,-0.100634,46.619105,5.698386,4.491084,0.21521,20570810.0
CN,2585,2020-05-14,-1.904548,4.88946,4.89879,5.0994,4.905167,4.966568,4.989674,-0.023105,0.028789,-0.103789,43.92765,5.692503,4.506297,0.207174,19915544.8
CN,2585,2020-05-15,-0.776194,4.85214,4.86987,5.09987,4.917142,4.93605,4.973268,-0.037218,0.015588,-0.105612,42.862257,5.691907,4.507833,0.198376,18616121.4
CN,2585,2020-05-18,-1.371587,4.81108,4.868,5.080275,4.925228,4.900165,4.953234,-0.053068,0.001856,-0.109849,40.985302,5.697121,4.463429,0.19087,18260237.0
CN,2585,2020-05-19,2.779195,4.80176,4.86427,5.07048,4.93596,4.889909,4.944364,-0.054455,-0.009406,-0.090099,46.068145,5.696402,4.444558,0.190573,20127423.6
CN,2585,2020-05-20,-2.317161,4.7663,4.84094,5.055085,4.93907,4.864,4.927856,-0.063856,-0.020296,-0.08712,42.676123,5.699173,4.410997,0.186296,21922164.4
CN,2585,2020-05-21,-1.186064,4.7383,4.81388,5.02429,4.93767,4.833462,4.908422,-0.074961,-0.031229,-0.087463,41.048659,5.680924,4.367656,0.179661,21891200.8
CN,2585,2020-05-22,-0.799486,4.7103,4.78122,4.987435,4.93627,4.801883,4.887665,-0.085782,-0.042139,-0.087285,39.955683,5.646111,4.328759,0.173492,21299826.8
CN,2585,2020-05-25,1.611858,4.7103,4.76069,4.945445,4.929893,4.786639,4.873971,-0.087332,-0.051178,-0.072308,43.212399,5.562992,4.327898,0.1691,19057972.0
CN,2585,2020-05-26,2.38156,4.70656,4.75416,4.90252,4.92896,4.790972,4.869588,-0.078616,-0.056666,-0.043902,47.790848,5.423531,4.381509,0.167685,17594639.2
CN,2585,2020-05-27,-0.58154,4.71962,4.74296,4.861465,4.929115,4.79033,4.863456,-0.073126,-0.059958,-0.026336,46.775516,5.271192,4.451738,0.162372,15835496.4
CN,2585,2020-05-28,-1.94911,4.72522,4.73176,4.815275,4.934713,4.775433,4.850866,-0.075433,-0.063053,-0.024761,43.462054,5.040503,4.590047,0.16211,16128516.8
CN,2585,2020-05-29,-0.398423,4.73454,4.72242,4.796145,4.935335,4.759951,4.837824,-0.077873,-0.066017,-0.023713,42.807526,4.999825,4.592465,0.154531,16430669.4
CN,2585,2020-06-01,3.19372,4.7588,4.73455,4.801275,4.937045,4.76982,4.836808,-0.066988,-0.066211,-0.001553,49.364132,5.002328,4.600222,0.154828,18860143.6
CN,2585,2020-06-02,1.548475,4.7756,4.74108,4.802675,4.938133,4.789663,4.8414,-0.051737,-0.063316,0.023159,52.309998,5.006022,4.599328,0.152433,19910766.0
CN,2585,2020-06-03,-1.143137,4.7868,4.75321,4.797075,4.936733,4.797838,4.841504,-0.043666,-0.059386,0.031441,49.963296,4.989216,4.604934,0.148881,20349993.2
CN,2585,2020-06-04,0.770216,4.82412,4.77467,4.794275,4.935488,4.810494,4.844363,-0.033869,-0.054283,0.040828,51.523252,4.979747,4.608803,0.142247,19815120.2
CN,2585,2020-06-05,-0.954898,4.85586,4.7952,4.78821,4.9372,4.814033,4.843558,-0.029525,-0.049331,0.039613,49.449085,4.959694,4.616726,0.138086,20061390.2
CN,2585,2020-06-08,0.964105,4.86706,4.81293,4.78681,4.936733,4.824197,4.846265,-0.022067,-0.043878,0.043622,51.549584,4.954777,4.618843,0.136887,19454301.4
CN,2585,2020-06-09,-0.573759,4.85772,4.81666,4.78541,4.937355,4.82849,4.846697,-0.018207,-0.038744,0.041074,50.199837,4.950688,4.620132,0.13311,17344113.6
CN,2585,2020-06-10,-0.57707,4.85398,4.82039,4.781675,4.93922,4.827815,4.845023,-0.017209,-0.034437,0.034457,48.823142,4.939754,4.623596,0.128937,15478766.4
CN,2585,2020-06-11,0.77942,4.8503,4.83721,4.784485,4.942645,4.833028,4.846258,-0.013231,-0.030196,0.03393,50.775378,4.946116,4.622854,0.127099,15611525.4
CN,2585,2020-06-12,-0.964683,4.84656,4.85121,4.786815,4.942333,4.830223,4.843928,-0.013705,-0.026898,0.026386,48.300357,4.948783,4.624847,0.126063,14649478.4
CN,2585,2020-06-15,-0.780925,4.82598,4.84652,4.790535,4.933308,4.822066,4.838985,-0.016919,-0.024902,0.015965,46.349738,4.947968,4.633102,0.123759,13206536.8
CN,2585,2020-06-16,5.697898,4.86544,4.86158,4.80133,4.920733,4.85704,4.854572,0.002469,-0.019428,0.043793,59.196746,4.994597,4.608063,0.139726,20444875.4
CN,2585,2020-06-17,2.229968,4.93302,4.8935,4.823355,4.917812,4.903957,4.877344,0.026613,-0.01022,0.073666,63.129887,5.068618,4.578092,0.144496,26545304.8
CN,2585,2020-06-18,1.454862,5.0081,4.9292,4.851935,4.912563,4.95521,4.903993,0.051217,0.002068,0.098299,65.517325,5.145431,4.558439,0.146917,31210611.6
CN,2585,2020-06-19,-0.357068,5.08882,4.96769,4.881445,4.914158,4.995701,4.927282,0.068419,0.015338,0.106161,64.399114,5.196888,4.566002,0.144466,34382736.4
CN,2585,2020-06-22,1.617354,5.19394,5.00996,4.911445,4.919182,5.042947,4.955098,0.087849,0.02984,0.116017,67.126224,5.26504,4.55785,0.143533,37467324.0
CN,2585,2020-06-23,-2.83058,5.2146,5.04002,4.92834,4.922325,5.059832,4.969735,0.090097,0.041891,0.09641,58.538012,5.293936,4.562744,0.150709,34071526.4
CN,2585,2020-06-24,-0.729715,5.20522,5.06912,4.944755,4.927485,5.068335,4.980503,0.087832,0.051079,0.073504,56.585005,5.312929,4.576581,0.151337,30206205.0
CN,2585,2020-06-29,4.95396,5.2315,5.1198,4.978505,4.936092,5.114514,5.009244,0.10527,0.061918,0.086705,65.048269,5.371292,4.585718,0.161313,30935682.8
CN,2585,2020-06-30,9.96554,5.36852,5.22867,5.03994,4.955013,5.235896,5.075485,0.160412,0.081616,0.15759,75.782301,5.580181,4.499699,0.188005,27120873.0
CN,2585,2020-07-01,6.199712,5.56186,5.3779,5.11221,4.980813,5.394912,5.16393,0.230982,0.11149,0.238985,80.25075,5.863219,4.361201,0.214797,53797900.2
CN,2585,2020-07-02,1.797592,5.80776,5.51118,5.18638,5.01098,5.546803,5.254173,0.29263,0.147718,0.289825,81.389454,6.1113,4.26146,0.230962,71046691.0
CN,2585,2020-07-03,5.881984,6.13626,5.67074,5.28212,5.044603,5.733079,5.365538,0.367542,0.191682,0.351718,84.578991,6.417439,4.146801,0.26005,96475292.2
CN,2585,2020-07-06,8.33284,6.5267,5.8791,5.40415,5.088545,5.977329,5.510364,0.466964,0.246739,0.440451,87.922616,6.828306,3.979994,0.296447,111640101.6
CN,2585,2020-07-07,-2.307156,6.77636,6.07244,5.520065,5.12765,6.158017,5.631952,0.526064,0.302604,0.446921,82.167754,7.10758,3.93255,0.304765,130007290.4
CN,2585,2020-07-08,1.442993,6.97346,6.26766,5.63881,5.16832,6.326783,5.752178,0.574605,0.357004,0.435202,82.904066,7.366204,3.911416,0.30646,112087049.0
CN,2585,2020-07-09,2.846313,7.18932,6.49854,5.76928,5.212587,6.501355,5.878794,0.622561,0.410115,0.42489,84.300932,7.628435,3.910125,0.327477,103709278.8
CN,2585,2020-07-10,3.3961,7.38078,6.75852,5.91382,5.26341,6.688054,6.014802,0.673252,0.462743,0.421018,85.830878,7.901609,3.926031,0.3423,87398549.2
CN,2585,2020-07-13,8.150462,7.58538,7.05604,6.08792,5.323935,6.942769,6.187313,0.755456,0.521285,0.468341,88.758511,8.276421,3.899419,0.366793,75728842.4
CN,2585,2020-07-14,-3.261143,7.76934,7.27285,6.25076,5.379148,7.116435,6.32689,0.789545,0.574937,0.429216,80.962731,8.519305,3.982215,0.378129,69758903.6
CN,2585,2020-07-15,-6.395262,7.82942,7.40144,6.38967,5.42016,7.183968,6.417891,0.766078,0.613165,0.305824,68.644955,8.620198,4.159142,0.400727,70178509.2
CN,2585,2020-07-16,-1.24282,7.82942,7.50937,6.510275,5.460695,7.226666,6.495195,0.73147,0.636826,0.189288,66.65825,8.698327,4.322223,0.419704,67357887.8
CN,2585,2020-07-17,1.13248,7.79564,7.58821,6.629475,5.502638,7.275794,6.573033,0.702761,0.650013,0.105496,67.567902,8.769969,4.488981,0.424582,63433865.4
CN,2585,2020-07-20,0.995229,7.65112,7.61825,6.748675,5.541633,7.328918,6.650667,0.678251,0.655661,0.04518,68.393246,8.830453,4.666897,0.416376,60270536.0
CN,2585,2020-07-21,-2.094186,7.5291,7.64922,6.86083,5.57657,7.349315,6.710729,0.638586,0.652246,-0.027319,64.629107,8.839911,4.881749,0.408757,54944999.4
CN,2585,2020-07-22,4.15064,7.57226,7.70084,6.98425,5.613713,7.414221,6.789282,0.624938,0.646784,-0.043692,68.277585,8.864701,5.103799,0.432524,53675243.8
CN,2585,2020-07-23,0.72447,7.64546,7.73744,7.11799,5.649617,7.477802,6.866187,0.611615,0.63975,-0.056272,68.9055,8.831422,5.404558,0.427772,50101623.8
CN,2585,2020-07-24,-7.552859,7.58352,7.68958,7.22405,5.676757,7.440648,6.893603,0.547045,0.621209,-0.148329,56.302515,8.670196,5.777904,0.440117,51871794.8
CN,2585,2020-07-27,-1.297624,7.48778,7.56945,7.312745,5.702175,7.394764,6.912032,0.482731,0.593514,-0.221565,54.594528,8.484322,6.141168,0.431473,48477298.6
CN,2585,2020-07-28,3.811044,7.4784,7.50375,7.3883,5.741462,7.397815,6.94926,0.448556,0.564522,-0.231933,58.522567,8.365356,6.411244,0.428139,47369647.0
CN,2585,2020-07-29,2.785046,7.44838,7.51032,7.45588,5.789788,7.432167,6.999026,0.433141,0.538246,-0.210209,61.260591,8.290666,6.621094,0.424379,40325987.0
CN,2585,2020-07-30,-2.217528,7.3733,7.50938,7.509375,5.83281,7.435233,7.032587,0.402647,0.511126,-0.216959,57.892389,8.183812,6.834938,0.410152,36630635.2
CN,2585,2020-07-31,3.149448,7.4634,7.52346,7.555835,5.878343,7.473936,7.081047,0.392889,0.487479,-0.189179,61.091794,8.138496,6.973174,0.407006,34363830.2
CN,2585,2020-08-03,2.80741,7.61544,7.55161,7.58493,5.927785,7.539884,7.141903,0.397982,0.469579,-0.143195,63.814299,8.175776,6.994084,0.397369,37708020.0
CN,2585,2020-08-04,-0.236631,7.7093,7.59385,7.621535,5.976603,7.59281,7.196865,0.395944,0.454852,-0.117816,63.400305,8.190829,7.052241,0.393122,38137398.2
CN,2585,2020-08-05,-1.310265,7.7412,7.59479,7.647815,6.024478,7.621701,7.240105,0.381596,0.440201,-0.117211,61.044363,8.195103,7.100527,0.384484,37590318.0
CN,2585,2020-08-06,-1.688816,7.78062,7.57696,7.6572,6.07063,7.625931,7.270408,0.355523,0.423265,-0.135485,58.087471,8.197783,7.116617,0.393221,42341885.8
CN,2585,2020-08-07,-2.453851,7.73556,7.59948,7.64453,6.113342,7.600634,7.284563,0.316071,0.401826,-0.171511,54.059248,8.190956,7.098104,0.395305,40460012.2
CN,2585,2020-08-10,1.25846,7.66612,7.64078,7.605115,6.159173,7.593675,7.304625,0.28905,0.379271,-0.180443,55.713819,8.048046,7.162184,0.383162,36190111.0
CN,2585,2020-08-11,7.079705,7.7074,7.70835,7.60605,6.214542,7.670079,7.362823,0.307255,0.364868,-0.115225,63.727867,8.052977,7.159123,0.410093,50077342.2
CN,2585,2020-08-12,-6.38048,7.6661,7.70365,7.606985,6.262397,7.655313,7.378474,0.276839,0.347262,-0.140846,53.639937,8.053563,7.160407,0.441808,62593290.8
CN,2585,2020-08-13,10.038156,7.80314,7.79188,7.65063,6.320745,7.759788,7.449283,0.310505,0.339911,-0.058812,62.944175,8.192299,7.108961,0.464558,70766598.4
CN,2585,2020-08-14,1.688184,8.00586,7.87071,7.697085,6.383305,7.869836,7.525269,0.344566,0.340842,0.007449,64.369307,8.344027,7.050143,0.463554,77783524.4
CN,2585,2020-08-17,9.966844,8.35874,8.01243,7.78202,6.460877,8.092907,7.658198,0.43471,0.359615,0.150188,71.464666,8.738662,6.825378,0.490778,91037566.0
CN,2585,2020-08-18,5.438958,8.70602,8.20671,7.90028,6.547518,8.359645,7.818827,0.540817,0.395856,0.289923,74.718249,9.194428,6.606132,0.523437,95926849.0
CN,2585,2020-08-19,-2.197075,9.11336,8.38973,7.99226,6.629318,8.55213,7.951566,0.600564,0.436797,0.327533,71.004766,9.483173,6.501347,0.54772,97565232.6
CN,2585,2020-08-20,1.659591,9.40054,8.60184,8.0894,6.71191,8.739541,8.086287,0.653254,0.480089,0.34633,72.107657,9.766282,6.412518,0.549497,97247462.4
CN,2585,2020-08-21,4.034677,9.73842,8.87214,8.23581,6.801538,8.958765,8.240229,0.718536,0.527778,0.381516,74.671845,10.09103,6.38059,0.563205,99627926.8
CN,2585,2020-08-24,-0.276452,9.90174,9.13024,8.38551,6.892253,9.13994,8.380686,0.759254,0.574073,0.370361,74.148556,10.343963,6.427057,0.560511,94170885.8
CN,2585,2020-08-25,-4.629849,9.86982,9.28792,8.498135,6.975458,9.221041,8.475976,0.745066,0.608272,0.273587,65.848857,10.479237,6.517033,0.569418,82620464.0
CN,2585,2020-08-26,-0.485151,9.8717,9.49253,8.59809,7.055393,9.28245,8.560733,0.721717,0.630961,0.181513,65.065041,10.593777,6.602403,0.551538,73461416.0
CN,2585,2020-08-27,-2.829463,9.78724,9.59389,8.692885,7.129547,9.292535,8.619049,0.673486,0.639466,0.06804,60.559487,10.641381,6.744389,0.536278,64879586.4
CN,2585,2020-08-28,1.606761,9.65398,9.6962,8.783455,7.207137,9.324176,8.684172,0.640004,0.639574,0.000861,62.118308,10.704676,6.862234,0.518751,56132596.2
CN,2585,2020-08-31,0.394812,9.53384,9.71779,8.86511,7.28473,9.356718,8.747248,0.60947,0.633553,-0.048165,62.516634,10.768374,6.961846,0.510519,51296429.0
CN,2585,2020-09-01,0.491836,9.51694,9.69338,8.950045,7.363882,9.391469,8.809126,0.582343,0.623311,-0.081935,63.040073,10.821932,7.078158,0.494832,41366944.0
CN,2585,2020-09-02,-1.860664,9.47376,9.67273,9.03123,7.439285,9.393443,8.853213,0.54023,0.606695,-0.132929,59.630801,10.832715,7.229745,0.483622,35780952.2
CN,2585,2020-09-03,-1.197325,9.4625,9.62487,9.113355,7.513278,9.37779,8.885693,0.492097,0.583775,-0.183356,57.515362,10.801531,7.425179,0.481921,33224783.2
CN,2585,2020-09-04,-0.101166,9.41932,9.53665,9.204395,7.587582,9.363099,8.915071,0.448028,0.556626,-0.217196,57.332508,10.713291,7.695499,0.468955,30842428.6
CN,2585,2020-09-07,-2.628659,9.31984,9.42684,9.27854,7.657192,9.31313,8.9242,0.388931,0.523087,-0.268312,52.653092,10.588677,7.968403,0.477022,30180237.0
CN,2585,2020-09-08,1.453813,9.23726,9.3771,9.33251,7.729773,9.291064,8.942385,0.348679,0.488205,-0.279052,54.79296,10.526157,8.138863,0.473121,31445158.6
CN,2585,2020-09-09,-5.936945,9.08146,9.27761,9.38507,7.793908,9.188639,8.918897,0.269742,0.444513,-0.349542,45.598022,10.33131,8.43883,0.480891,33494909.4
CN,2585,2020-09-10,-1.523425,8.9219,9.1922,9.393045,7.851317,9.081756,8.887416,0.19434,0.394478,-0.400276,43.692168,10.305827,8.480263,0.46867,31702913.0
CN,2585,2020-09-11,2.763159,8.81116,9.11524,9.40572,7.91076,9.027424,8.875652,0.151773,0.345937,-0.388329,47.882332,10.273073,8.538367,0.457994,30125348.8
CN,2585,2020-09-14,-1.183466,8.72856,9.0242,9.370995,7.96723,8.965559,8.857107,0.108452,0.29844,-0.379976,46.250953,10.30256,8.43943,0.45143,27707558.8
CN,2585,2020-09-15,0.435927,8.6272,8.93223,9.312805,8.024638,8.918996,8.842721,0.076275,0.254007,-0.355464,46.959324,10.268323,8.357287,0.433935,24566858.8
CN,2585,2020-09-16,-0.758407,8.62158,8.85152,9.262125,8.079545,8.869489,8.824535,0.044954,0.212196,-0.334484,45.822914,10.255805,8.268445,0.420368,19822407.4
CN,2585,2020-09-17,0.217513,8.64598,8.78394,9.204405,8.137265,8.830475,8.80908,0.021395,0.174036,-0.305282,46.221829,10.207374,8.201436,0.409785,18191407.6
CN,2585,2020-09-18,3.594517,8.68538,8.74827,9.14246,8.200773,8.84511,8.817711,0.027399,0.144709,-0.23462,52.464452,10.048985,8.235935,0.416043,20216987.2
CN,2585,2020-09-21,-9.989244,8.56712,8.64784,9.03734,8.245198,8.720324,8.759659,-0.039335,0.1079,-0.29447,38.579809,9.946042,8.128638,0.450683,31262707.4
CN,2585,2020-09-22,-2.336321,8.4038,8.5155,8.9463,8.277578,8.585859,8.692002,-0.106144,0.065091,-0.34247,36.39606,9.94479,7.94781,0.45067,38429439.2
CN,2585,2020-09-23,0.119802,8.2555,8.43854,8.858075,8.304015,8.473526,8.630054,-0.156528,0.020767,-0.35459,36.589636,9.913016,7.803134,0.435907,40685100.8
CN,2585,2020-09-24,-4.062019,8.03964,8.34281,8.767505,8.323255,8.329384,8.549057,-0.219674,-0.027321,-0.384706,32.92617,9.942811,7.592199,0.43025,43502233.4
CN,2585,2020-09-25,-0.124725,7.75996,8.22267,8.668955,8.336082,8.205971,8.473364,-0.267393,-0.075335,-0.384116,32.821918,9.911285,7.426625,0.417618,41796654.4
CN,2585,2020-09-28,1.122595,7.6755,8.12131,8.572755,8.340932,8.114545,8.409537,-0.294993,-0.119267,-0.351452,34.819809,9.829606,7.315904,0.407231,30425985.6
CN,2585,2020-09-29,1.479302,7.6511,8.02745,8.47984,8.350473,8.054507,8.358779,-0.304272,-0.156268,-0.296008,37.487746,9.698511,7.261169,0.393557,23508437.8
CN,2585,2020-09-30,-1.215644,7.60604,7.93077,8.391145,8.35673,7.98926,8.304825,-0.315565,-0.188127,-0.254876,36.158568,9.585748,7.196542,0.37751,21139361.2
CN,2585,2020-10-09,4.060075,7.68676,7.8632,8.32357,8.364708,7.981712,8.277816,-0.296104,-0.209723,-0.172762,43.301344,9.458154,7.188986,0.382059,19946237.4
CN,2585,2020-10-12,2.36392,7.8069,7.78343,8.26585,8.371592,8.004203,8.266711,-0.262508,-0.22028,-0.084457,47.15883,9.3136,7.2181,0.372869,19688009.2
CN,2585,2020-10-13,1.616654,7.93642,7.80596,8.2269,8.370185,8.043448,8.266162,-0.222714,-0.220766,-0.003894,49.736911,9.212995,7.240805,0.368357,19536040.6
CN,2585,2020-10-14,-1.590934,8.01714,7.83412,8.17481,8.371123,8.056441,8.25592,-0.199479,-0.216509,0.034059,47.254075,9.061216,7.288404,0.359482,19556930.2
CN,2585,2020-10-15,3.348959,8.17108,7.88856,8.16355,8.385202,8.109312,8.2666,-0.157289,-0.204665,0.094752,52.53949,9.032326,7.294774,0.367326,23308942.2
CN,2585,2020-10-16,-1.676171,8.2349,7.96083,8.15182,8.398498,8.132387,8.26606,-0.133673,-0.190467,0.113587,49.761789,9.008691,7.294949,0.36791,23149395.0
CN,2585,2020-10-19,-0.681656,8.24992,8.02841,8.12554,8.409448,8.14325,8.261388,-0.118138,-0.176001,0.115725,48.654121,8.941294,7.309786,0.367773,22900573.8
CN,2585,2020-10-20,-0.458369,8.23114,8.08378,8.102545,8.41852,8.146658,8.254278,-0.10762,-0.162325,0.109409,47.887467,8.885939,7.319151,0.358261,21556872.6
CN,2585,2020-10-21,-2.068484,8.20486,8.111,8.069225,8.427437,8.123557,8.235184,-0.111627,-0.152185,0.081117,44.495711,8.809978,7.328472,0.352778,20846329.2
CN,2585,2020-10-22,-0.470206,8.11662,8.14385,8.03731,8.430565,8.098225,8.214718,-0.116493,-0.145047,0.057107,43.752775,8.738254,7.336366,0.345008,16744814.0
CN,2585,2020-10-23,0.35432,8.06218,8.14854,8.00587,8.433225,8.081129,8.197857,-0.116729,-0.139383,0.045309,44.501225,8.654653,7.357087,0.339136,15040371.2
CN,2585,2020-10-26,7.167808,8.1335,8.19171,7.98757,8.45528,8.15474,8.224653,-0.069913,-0.125489,0.111151,57.008328,8.545892,7.429248,0.361841,18425676.0
CN,2585,2020-10-27,4.715174,8.29306,8.2621,8.03403,8.485627,8.279118,8.27936,-0.000242,-0.10044,0.200395,63.289294,8.73619,7.33187,0.370859,25339851.6
CN,2585,2020-10-28,-0.419493,8.47888,8.34187,8.087995,8.51081,8.378577,8.32723,0.051347,-0.070082,0.242859,62.375024,8.883803,7.292187,0.393305,32718779.0
CN,2585,2020-10-29,-1.68168,8.6422,8.37941,8.133985,8.53005,8.439642,8.360435,0.079207,-0.040225,0.238863,58.727778,8.975763,7.292207,0.388669,36795099.8
CN,2585,2020-10-30,-0.641559,8.78862,8.4254,8.193115,8.551168,8.482651,8.38701,0.095641,-0.013052,0.217384,57.372677,9.024816,7.361414,0.390407,40113956.0
CN,2585,2020-11-02,0.214469,8.82428,8.47889,8.25365,8.568687,8.52192,8.413002,0.108918,0.011342,0.195151,57.721628,9.058472,7.448828,0.383971,37330314.4
CN,2585,2020-11-03,2.255691,8.81864,8.55585,8.319815,8.585893,8.585471,8.451669,0.133802,0.035834,0.195936,61.316109,9.120224,7.519406,0.375316,33001231.8
CN,2585,2020-11-04,-2.415221,8.77736,8.62812,8.36956,8.599815,8.606045,8.471486,0.134559,0.055579,0.157959,55.72945,9.1388,7.60032,0.373315,27435536.6
CN,2585,2020-11-05,1.291403,8.78862,8.71541,8.42963,8.617335,8.640776,8.498176,0.1426,0.072983,0.139234,57.885604,9.144304,7.714956,0.357371,24370354.0
CN,2585,2020-11-06,0.95677,8.82804,8.80833,8.478435,8.638453,8.683164,8.529148,0.154017,0.08919,0.129653,59.480498,9.186031,7.770839,0.350616,22490272.8
CN,2585,2020-11-09,2.420286,8.90688,8.86558,8.528645,8.666297,8.752231,8.573811,0.17842,0.107036,0.142769,63.302711,9.271268,7.786022,0.353729,24855712.2
CN,2585,2020-11-10,-1.84952,8.91252,8.86558,8.56384,8.68976,8.784688,8.602655,0.182033,0.122036,0.119996,58.640307,9.318686,7.808994,0.357284,24998193.4
CN,2585,2020-11-11,0.209747,8.96508,8.87122,8.606545,8.704622,8.815044,8.630754,0.184289,0.134486,0.099606,59.002267,9.354516,7.858574,0.344499,23837772.8
CN,2585,2020-11-12,7.313516,9.1265,8.95756,8.668485,8.739035,8.941791,8.705432,0.236359,0.154861,0.162996,69.158709,9.533783,7.803187,0.379556,30480855.6
CN,2585,2020-11-13,-3.115501,9.21096,9.0195,8.72245,8.755772,9.002838,8.752333,0.250505,0.17399,0.153031,61.640897,9.613189,7.831711,0.384624,33113020.4
CN,2585,2020-11-16,0.301972,9.2579,9.08239,8.78064,8.770633,9.058833,8.797849,0.260983,0.191389,0.13919,62.058,9.680053,7.881227,0.387986,31700870.0
CN,2585,2020-11-17,-4.108127,9.26166,9.08709,8.82147,8.765003,9.047012,8.81149,0.235522,0.200215,0.070614,53.508033,9.678605,7.964335,0.413237,33793353.6
CN,2585,2020-11-18,2.716544,9.31046,9.13777,8.882945,8.754992,9.074549,8.842194,0.232354,0.206643,0.051423,57.505954,9.667915,8.097975,0.42327,37097419.4
CN,2585,2020-11-19,-0.407544,9.22036,9.17343,8.94442,8.747952,9.092064,8.867839,0.224225,0.210159,0.028131,56.696862,9.614457,8.274383,0.413151,30509461.2
CN,2585,2020-11-20,0.204606,9.19408,9.20252,9.005425,8.738567,9.109778,8.892977,0.2168,0.211488,0.010625,57.02246,9.5198,8.49105,0.397719,26527482.4
CN,2585,2020-11-23,3.874142,9.2335,9.2457,9.05564,8.728557,9.179643,8.942675,0.236967,0.216584,0.040768,62.746002,9.582064,8.529216,0.398803,27479364.6
CN,2585,2020-11-24,4.513849,9.43622,9.34894,9.10726,8.72621,9.305174,9.02067,0.284505,0.230168,0.108674,68.255969,9.771685,8.442835,0.403839,27270715.4
CN,2585,2020-11-25,-4.224859,9.50568,9.40807,9.139645,8.724647,9.346425,9.061605,0.284819,0.241098,0.087442,59.054579,9.828197,8.451093,0.411193,26892191.8
CN,2585,2020-11-26,-0.784473,9.56764,9.394,9.17578,8.722613,9.369775,9.093945,0.275829,0.248044,0.055569,57.568302,9.859938,8.491622,0.407965,27154947.2
CN,2585,2020-11-27,1.086522,9.64648,9.42028,9.21989,8.726837,9.405409,9.131535,0.273875,0.25321,0.041328,59.091932,9.894299,8.545481,0.396253,27221571.6
CN,2585,2020-11-30,-2.24863,9.6108,9.42215,9.25227,8.724958,9.402346,9.150347,0.251999,0.252968,-0.001938,54.669211,9.892314,8.612226,0.390742,24993291.0
CN,2585,2020-12-01,1.400032,9.51506,9.47564,9.281365,8.724645,9.41997,9.177499,0.242471,0.250869,-0.016796,56.788956,9.913934,8.648796,0.380268,21301693.4
CN,2585,2020-12-02,3.550526,9.57136,9.53852,9.338145,8.729182,9.486867,9.227669,0.259197,0.252534,0.013326,61.74319,9.96249,8.7138,0.388642,21157570.2
CN,2585,2020-12-03,-0.571295,9.63142,9.59953,9.38648,8.735752,9.53481,9.269953,0.264857,0.254999,0.019716,60.498584,9.996046,8.776914,0.380996,20492348.6
CN,2585,2020-12-04,0.382712,9.67834,9.66241,9.432465,8.744823,9.581147,9.311883,0.269265,0.257852,0.022825,61.06161,10.031891,8.833039,0.369867,19611450.4
CN,2585,2020-12-07,-0.858072,9.75156,9.68118,9.46344,8.752645,9.607371,9.344454,0.262917,0.258865,0.008103,59.022552,10.061603,8.865277,0.36222,18459816.8
CN,2585,2020-12-08,-1.636654,9.76658,9.64082,9.49488,8.761873,9.605006,9.362791,0.242215,0.255535,-0.02664,55.264339,10.049049,8.940711,0.357797,17732584.0
CN,2585,2020-12-09,-9.099249,9.53946,9.55541,9.48174,8.754365,9.468728,9.315118,0.153611,0.23515,-0.163079,40.192279,10.093409,8.870071,0.406647,21753970.8
CN,2585,2020-12-10,-3.983164,9.25414,9.44278,9.41839,8.750142,9.299985,9.24525,0.054736,0.199067,-0.288663,35.986539,10.192661,8.644119,0.404422,26970029.8
CN,2585,2020-12-11,-5.941304,8.86184,9.27009,9.345185,8.739818,9.08068,9.143713,-0.063033,0.146647,-0.41936,30.985661,10.371589,8.318781,0.434528,36544208.8
CN,2585,2020-12-14,3.455457,8.54084,9.1462,9.284175,8.730118,8.936975,9.069852,-0.132877,0.090742,-0.447239,36.208164,10.435628,8.132722,0.434326,41341775.4
CN,2585,2020-12-15,1.152628,8.27054,9.01856,9.2471,8.723705,8.829825,9.008419,-0.178594,0.036875,-0.430938,37.953107,10.479957,8.014243,0.422074,43041801.4
CN,2585,2020-12-16,4.555549,8.24988,8.89467,9.216595,8.722922,8.796914,8.979343,-0.18243,-0.006986,-0.350888,44.490394,10.479848,7.953342,0.423433,39667071.0
CN,2585,2020-12-17,1.198946,8.31934,8.78674,9.193135,8.724955,8.784958,8.960074,-0.175116,-0.040612,-0.269008,46.17107,10.474902,7.911368,0.430059,37284446.6
CN,2585,2020-12-18,4.627718,8.56898,8.71541,9.18891,8.733402,8.836918,8.97212,-0.135202,-0.05953,-0.151344,52.25236,10.471021,7.906799,0.431519,31378836.8
CN,2585,2020-12-21,0.720182,8.77734,8.65909,9.170135,8.737782,8.890992,8.988141,-0.097148,-0.067054,-0.06019,53.17987,10.440676,7.899594,0.417454,28015522.4
CN,2585,2020-12-22,-1.123155,8.94628,8.60841,9.124615,8.755302,8.92087,8.99533,-0.07446,-0.068535,-0.01185,51.487981,10.337525,7.911705,0.407078,27353376.8
CN,2585,2020-12-23,1.962532,9.0758,8.66284,9.109125,8.778922,8.973583,9.015195,-0.041612,-0.06315,0.043076,54.199138,10.306533,7.911717,0.402809,24783019.8
CN,2585,2020-12-24,-0.607762,9.1734,8.74637,9.094575,8.801447,9.009524,9.029417,-0.019894,-0.054499,0.069211,53.188342,10.279727,7.909423,0.398172,22243192.4
CN,2585,2020-12-25,-0.102094,9.18842,8.8787,9.074395,8.829133,9.038489,9.04189,-0.003401,-0.044279,0.081757,53.010581,10.237887,7.910903,0.393196,19641305.4
CN,2585,2020-12-28,2.653895,9.23912,9.00823,9.077215,8.861045,9.100553,9.07152,0.029032,-0.029617,0.117298,57.027022,10.243979,7.910451,0.399974,20554658.4
CN,2585,2020-12-29,-1.491225,9.2823,9.11429,9.066425,8.889202,9.131406,9.088526,0.04288,-0.015118,0.115995,54.151785,10.220648,7.912202,0.397548,20588252.6
CN,2585,2020-12-30,1.311673,9.31422,9.19501,9.04484,8.917515,9.176282,9.11331,0.062972,0.0005,0.124944,56.211898,10.154572,7.935108,0.387251,19673236.6
CN,2585,2020-12-31,0.19951,9.36116,9.26728,9.02701,8.947707,9.217146,9.13765,0.079497,0.0163,0.126394,56.535999,10.098534,7.955486,0.370319,19760585.4
CN,2585,2021-01-04,3.180504,9.47004,9.32923,9.02232,8.97774,9.297924,9.182431,0.115493,0.036138,0.158709,61.444946,10.080376,7.964264,0.374039,21606535.6
CN,2585,2021-01-05,0.0,9.5301,9.38461,9.02185,9.004645,9.366274,9.223895,0.142378,0.057386,0.169984,61.444946,10.078617,7.965083,0.363408,21403117.6
CN,2585,2021-01-06,-2.697543,9.56576,9.42403,9.01622,9.02498,9.383678,9.242822,0.140856,0.07408,0.133552,55.125871,10.061919,7.970521,0.369629,22776467.6
CN,2585,2021-01-07,-2.08452,9.5375,9.42586,9.04435,9.044212,9.368004,9.245709,0.122295,0.083723,0.077144,50.888169,10.086839,8.001861,0.368741,24963404.2
CN,2585,2021-01-08,10.009912,9.6913,9.52623,9.1363,9.074392,9.497681,9.317205,0.180476,0.103074,0.154804,64.648822,10.247468,8.025132,0.419495,31861256.2
CN,2585,2021-01-11,-1.746173,9.74938,9.60971,9.244205,9.103947,9.579976,9.370197,0.209779,0.124415,0.170728,61.110154,10.259273,8.229137,0.437124,36701189.2
CN,2585,2021-01-12,-10.009369,9.60662,9.56836,9.288295,9.117703,9.495118,9.344879,0.15024,0.12958,0.041319,45.878633,10.177651,8.398939,0.47763,44852387.2
CN,2585,2021-01-13,-4.366222,9.43758,9.50167,9.30798,9.125517,9.362669,9.292236,0.070433,0.117751,-0.094634,41.505282,10.117546,8.498414,0.493113,53444713.2
CN,2585,2021-01-14,-1.086377,9.2893,9.4134,9.304205,9.134582,9.236166,9.236544,-0.000378,0.094125,-0.189006,40.515597,10.127237,8.481173,0.483362,55070659.8
CN,2585,2021-01-15,6.263173,9.06218,9.37674,9.32201,9.153188,9.211418,9.2246,-0.013183,0.072663,-0.171692,48.113633,10.108233,8.535787,0.491736,52429081.2
CN,2585,2021-01-18,4.756868,8.95706,9.35322,9.341225,9.17852,9.256892,9.245519,0.011373,0.060405,-0.098064,53.298345,10.125807,8.556643,0.501527,50243769.4
CN,2585,2021-01-19,-0.493321,9.0434,9.32501,9.35481,9.193528,9.288155,9.261414,0.026741,0.053672,-0.053863,52.682442,10.137744,8.571876,0.489168,43580913.2
CN,2585,2021-01-20,-0.793861,9.19356,9.31557,9.3698,9.200558,9.303054,9.270568,0.032486,0.049435,-0.033899,51.653129,10.142931,8.596669,0.467634,33175534.2
CN,2585,2021-01-21,1.000533,9.38126,9.33528,9.38057,9.20978,9.330107,9.286,0.044107,0.048369,-0.008525,52.892446,10.153479,8.607661,0.46641,31460831.4
CN,2585,2021-01-22,0.792286,9.477,9.26959,9.39791,9.222755,9.364552,9.305852,0.0587,0.050436,0.016529,53.910051,10.170043,8.625777,0.467281,29447001.4
CN,2585,2021-01-25,-1.37534,9.46012,9.20859,9.40915,9.234478,9.373483,9.3145,0.058983,0.052145,0.013675,51.80156,10.175829,8.642471,0.460047,27514680.4
CN,2585,2021-01-26,-4.482839,9.36814,9.20577,9.387065,9.23885,9.316055,9.291219,0.024836,0.046683,-0.043694,45.624105,10.173881,8.600249,0.4721,28578313.6
CN,2585,2021-01-27,2.60772,9.33812,9.26584,9.383755,9.243848,9.303569,9.287047,0.016522,0.040651,-0.048257,49.245806,10.172545,8.594965,0.477258,31495132.4
CN,2585,2021-01-28,-2.541446,9.24238,9.31182,9.36261,9.248532,9.256897,9.265799,-0.008902,0.03074,-0.079285,45.949896,10.168534,8.556686,0.473332,30047740.2
CN,2585,2021-01-29,-1.458856,9.10536,9.29118,9.33396,9.24915,9.197205,9.236399,-0.039194,0.016754,-0.111895,44.168915,10.16686,8.50106,0.473708,28064757.2
CN,2585,2021-02-01,2.010396,9.03028,9.2452,9.29921,9.251332,9.174127,9.222384,-0.048257,0.003752,-0.104017,47.163783,10.11897,8.47945,0.470715,25775417.6
CN,2585,2021-02-02,0.206694,9.04342,9.20578,9.265395,9.250228,9.157477,9.210793,-0.053316,-0.007662,-0.091308,47.481972,10.064815,8.465975,0.45385,21536134.2
CN,2585,2021-02-03,-4.243374,8.93268,9.1354,9.225485,9.245528,9.084204,9.171564,-0.08736,-0.023602,-0.127517,41.892682,10.057229,8.393741,0.449582,19082040.8
CN,2585,2021-02-04,-2.162143,8.83134,9.03686,9.18607,9.237387,8.993326,9.121337,-0.128011,-0.044483,-0.167054,39.452463,10.076075,8.296065,0.443619,18681074.6
CN,2585,2021-02-05,-3.536822,8.69618,8.90077,9.08518,9.21329,8.870214,9.052578,-0.182364,-0.072059,-0.220609,35.85301,9.944562,8.225798,0.442767,18296054.2
CN,2585,2021-02-08,0.801894,8.5385,8.78439,8.99649,9.195293,8.776151,8.99378,-0.217629,-0.101173,-0.232912,37.202455,9.811434,8.181546,0.43527,17169138.0
CN,2585,2021-02-09,3.863757,8.4409,8.74216,8.973965,9.182145,8.745651,8.962974,-0.217324,-0.124403,-0.18584,43.427344,9.808797,8.139133,0.435686,17024896.2
CN,2585,2021-02-10,-1.312676,8.39772,8.6652,8.96552,9.173533,8.70252,8.926109,-0.22359,-0.144241,-0.158698,41.85086,9.817176,8.113864,0.424001,15919471.6
CN,2585,2021-02-18,0.554026,8.40146,8.6164,8.96411,9.161637,8.67324,8.895449,-0.22221,-0.159834,-0.12475,42.782555,9.818665,8.109555,0.418516,16150229.6
CN,2585,2021-02-19,3.527878,8.52534,8.61076,8.95097,9.155372,8.694664,8.889305,-0.194641,-0.166796,-0.05569,48.475201,9.806364,8.095576,0.416107,17136668.4
CN,2585,2021-02-22,0.852199,8.6511,8.5948,8.92,9.150045,8.724347,8.889179,-0.164832,-0.166403,0.003142,49.819783,9.736597,8.103403,0.411864,19506708.4
CN,2585,2021-02-23,-1.900401,8.67926,8.56008,8.88293,9.135958,8.723478,8.876551,-0.153073,-0.163737,0.021329,46.858154,9.664657,8.101203,0.402552,19917651.4
CN,2585,2021-02-24,-1.507105,8.70366,8.55069,8.843045,9.112487,8.702528,8.855125,-0.152597,-0.161509,0.017824,44.635071,9.599219,8.086871,0.391899,20448446.6
CN,2585,2021-02-25,-1.311239,8.69616,8.54881,8.792835,9.094177,8.667477,8.826945,-0.159468,-0.161101,0.003266,42.762819,9.505568,8.080102,0.382006,20100711.0
CN,2585,2021-02-26,5.093986,8.71494,8.62014,8.760455,9.084313,8.704235,8.832831,-0.128596,-0.1546,0.052007,51.212247,9.385354,8.135556,0.426448,23858863.8
CN,2585,2021-03-01,6.639046,8.83696,8.74403,8.76421,9.082585,8.826306,8.88208,-0.055774,-0.134835,0.158121,59.936175,9.405663,8.122757,0.444252,30163527.8
CN,2585,2021-03-02,-0.691746,8.97962,8.82944,8.7858,9.08336,8.91949,8.922815,-0.003325,-0.108533,0.210415,58.680613,9.484117,8.087483,0.43867,33507066.8
CN,2585,2021-03-03,2.487277,9.19548,8.94957,8.807385,9.085855,9.03443,8.97791,0.05652,-0.075522,0.264084,61.760984,9.582374,8.032396,0.428793,36808810.4
CN,2585,2021-03-04,-0.097242,9.43198,9.06407,8.840235,9.082562,9.130241,9.028228,0.102013,-0.040015,0.284056,61.562944,9.69656,7.98391,0.414922,38883854.4
CN,2585,2021-03-05,2.138301,9.62344,9.16919,8.889975,9.083648,9.243081,9.090115,0.152966,-0.001419,0.30877,64.273197,9.855753,7.924197,0.420142,36912626.8
CN,2585,2021-03-08,0.666079,9.70978,9.27337,8.934085,9.085205,9.348668,9.152284,0.196384,0.038142,0.316485,65.115981,9.999956,7.868214,0.421639,33051441.2
CN,2585,2021-03-09,-3.68703,9.73604,9.35783,8.958955,9.082067,9.381688,9.18273,0.198959,0.070305,0.257308,57.041215,10.058644,7.859266,0.438451,33934222.6
CN,2585,2021-03-10,-2.551421,9.66658,9.43103,8.99086,9.077522,9.37209,9.192846,0.179244,0.092093,0.174303,52.379177,10.093486,7.888234,0.450033,32724116.4
CN,2585,2021-03-11,4.431663,9.6816,9.55679,9.0528,9.094407,9.427507,9.232806,0.194702,0.112615,0.164174,58.553877,10.175703,7.929897,0.456766,32975843.6
CN,2585,2021-03-12,10.028462,9.85052,9.73698,9.17856,9.133347,9.624552,9.342101,0.282451,0.146582,0.271738,68.837314,10.442667,7.914453,0.493854,44363078.8
CN,2585,2021-03-15,1.227086,10.03258,9.87118,9.307605,9.182767,9.811498,9.453035,0.358463,0.188958,0.33901,69.919423,10.691094,7.924116,0.508186,58560484.2
CN,2585,2021-03-16,-1.038774,10.26534,10.00069,9.415065,9.225775,9.95236,9.54741,0.40495,0.232156,0.345587,67.748408,10.886238,7.943892,0.510094,62690610.8
CN,2585,2021-03-17,1.049678,10.56942,10.118,9.533785,9.269095,10.088874,9.643135,0.445739,0.274873,0.341731,68.791965,11.061358,8.006212,0.514552,67718460.6
CN,2585,2021-03-18,0.779542,10.8078,10.2447,9.654385,9.307567,10.217385,9.738029,0.479357,0.31577,0.327174,69.587251,11.220663,8.088107,0.529419,74197278.6
CN,2585,2021-03-19,0.257227,10.8566,10.35356,9.761375,9.344785,10.330449,9.827975,0.502474,0.353111,0.298728,69.862295,11.374633,8.148117,0.53384,65333543.2
CN,2585,2021-03-22,0.0,10.87912,10.45585,9.86461,9.375278,10.426119,9.911258,0.51486,0.385461,0.2588,69.862295,11.505017,8.224203,0.527887,54052795.2
CN,2585,2021-03-23,0.685701,10.93918,10.60226,9.980045,9.405928,10.518623,9.993935,0.524688,0.413306,0.222764,70.684069,11.606522,8.353568,0.537781,52991637.8
CN,2585,2021-03-24,-5.021129,10.86598,10.7177,10.074365,9.42907,10.511712,10.029473,0.482239,0.427093,0.110292,58.104365,11.581228,8.567502,0.544953,52617873.2
CN,2585,2021-03-25,-2.598891,10.72144,10.76462,10.160705,9.444703,10.463987,10.042216,0.421771,0.426028,-0.008515,53.10113,11.47686,8.84455,0.546921,48824938.4
CN,2585,2021-03-26,10.027937,10.77588,10.81624,10.27661,9.478325,10.580989,10.129793,0.451196,0.431062,0.040269,65.221693,11.537643,9.015577,0.580927,49389422.6
CN,2585,2021-03-29,0.251236,10.83596,10.85754,10.36436,9.512573,10.684329,10.212971,0.471358,0.439121,0.064474,65.486487,11.640531,9.088189,0.57831,50315105.4
CN,2585,2021-03-30,-2.835764,10.8172,10.87819,10.43944,9.537435,10.722679,10.266351,0.456328,0.442562,0.02753,59.92642,11.662965,9.215915,0.570524,47442162.2
CN,2585,2021-03-31,-1.716726,10.87164,10.86881,10.493405,9.561515,10.726251,10.301873,0.424378,0.438926,-0.029095,56.867858,11.670134,9.316676,0.558594,42481168.6
CN,2585,2021-04-01,0.261495,10.98614,10.85379,10.549245,9.58403,10.733597,10.336845,0.396752,0.430491,-0.067478,57.219878,11.666437,9.432053,0.548866,39125963.2
CN,2585,2021-04-02,0.522554,10.9073,10.84159,10.597575,9.60717,10.748474,10.373398,0.375077,0.419408,-0.088662,57.960189,11.674877,9.520273,0.537818,35339428.8
CN,2585,2021-04-06,4.072833,10.91104,10.8735,10.664675,9.632657,10.828925,10.439916,0.389008,0.413328,-0.04864,63.316398,11.734294,9.595056,0.561074,31651445.4
CN,2585,2021-04-07,0.998989,11.00112,10.90916,10.75571,9.66002,10.914321,10.509848,0.404472,0.411557,-0.014169,64.557775,11.741517,9.769903,0.54714,29825770.8
CN,2585,2021-04-08,-1.07168,11.10434,10.98799,10.852845,9.68973,10.96781,10.565563,0.402246,0.409695,-0.014897,62.105507,11.609606,10.096084,0.528166,29404514.2
CN,2585,2021-04-09,0.083467,11.20382,11.09498,10.9298,9.72289,11.014516,10.617848,0.396668,0.40709,-0.020842,62.224571,11.506785,10.352815,0.535354,30218882.2
CN,2585,2021-04-12,-7.409905,11.125,11.01615,10.916195,9.726645,10.925544,10.604392,0.321152,0.389902,-0.1375,47.841348,11.525364,10.307026,0.566157,32620577.2
CN,2585,2021-04-13,-0.450355,10.94856,10.9298,10.89367,9.732588,10.84303,10.588452,0.254578,0.362837,-0.216519,47.180429,11.544387,10.242953,0.557225,29783176.8
CN,2585,2021-04-14,1.083818,10.77212,10.88662,10.882405,9.757145,10.790533,10.582033,0.2085,0.33197,-0.24694,48.998267,11.551799,10.213011,0.541551,27815374.8
CN,2585,2021-04-15,-0.714163,10.60508,10.85471,10.86176,9.787022,10.734574,10.570535,0.164039,0.298384,-0.268688,47.81779,11.559996,10.163524,0.525655,26358901.2
CN,2585,2021-04-16,0.809453,10.45304,10.82843,10.84111,9.819868,10.700209,10.566139,0.134069,0.265521,-0.262903,49.298146,11.554991,10.127229,0.506879,23356759.4
CN,2585,2021-04-19,2.589619,10.52248,10.82374,10.832665,9.848337,10.713007,10.582233,0.130775,0.238572,-0.215594,53.84578,11.54508,10.12025,0.493467,20109112.8
CN,2585,2021-04-20,1.566296,10.6351,10.79183,10.832665,9.872425,10.749822,10.609645,0.140176,0.218893,-0.157432,56.455655,11.54508,10.12025,0.48839,19939597.8
CN,2585,2021-04-21,1.113921,10.7496,10.76086,10.83501,9.899328,10.799741,10.644064,0.155677,0.206249,-0.101144,58.290332,11.550276,10.119744,0.47697,20814884.8
CN,2585,2021-04-22,7.372927,11.0424,10.82374,10.905865,9.941092,10.967597,10.736415,0.231182,0.211236,0.039892,68.006085,11.735536,10.076194,0.522008,35860950.4
CN,2585,2021-04-23,3.867696,11.4103,10.93167,11.013325,9.988955,11.180382,10.855992,0.32439,0.233867,0.181047,71.967046,11.993349,10.033301,0.522264,46628554.0
CN,2585,2021-04-26,6.382634,11.88142,11.20195,11.10905,10.048705,11.481708,11.025103,0.456604,0.278414,0.35638,77.181736,12.457595,9.760505,0.563388,54577127.0
CN,2585,2021-04-27,0.714666,12.33754,11.48632,11.20806,10.11221,11.751122,11.188644,0.562478,0.335227,0.454502,77.713549,12.844331,9.571789,0.562696,58610177.2
CN,2585,2021-04-28,1.13505,12.7993,11.77445,11.330535,10.185258,12.002195,11.351196,0.650999,0.398381,0.505236,78.573773,13.214275,9.446795,0.560718,59979165.2
CN,2585,2021-04-29,-0.280951,13.09024,12.06632,11.460515,10.253768,12.208858,11.498922,0.709935,0.460692,0.498486,77.764575,13.515887,9.405143,0.554181,47111367.4
CN,2585,2021-04-30,3.305234,13.37742,12.39386,11.611145,10.333542,12.451587,11.66838,0.783207,0.525195,0.516024,80.324551,13.874256,9.348034,0.578954,41807452.2
CN,2585,2021-05-06,-1.974381,13.4525,12.66696,11.74535,10.410967,12.615097,11.805122,0.809975,0.582151,0.455647,74.615606,14.122777,9.367923,0.575136,35313784.8
CN,2585,2021-05-07,-5.763482,13.35302,12.84528,11.818555,10.472438,12.63362,11.874039,0.759581,0.617637,0.283888,61.20945,14.223108,9.414002,0.60779,35431624.2
CN,2585,2021-05-10,1.252405,13.2554,13.02735,11.894105,10.536257,12.673833,11.949666,0.724167,0.638943,0.170448,62.687838,14.333987,9.454223,0.608619,35319781.0
CN,2585,2021-05-11,0.291586,13.17282,13.13153,11.977635,10.607113,12.713643,12.022476,0.691167,0.649388,0.083559,63.045394,14.439524,9.515746,0.597997,34183181.4
CN,2585,2021-05-12,1.451371,13.03956,13.20849,12.07008,10.684227,12.776206,12.103796,0.67241,0.653992,0.036835,64.855925,14.557668,9.582492,0.591483,30292817.2
CN,2585,2021-05-13,-2.217937,12.90254,13.17752,12.189735,10.761497,12.784374,12.157537,0.626837,0.648561,-0.043449,59.951889,14.579755,9.799715,0.581412,27539650.8
CN,2585,2021-05-14,2.194976,12.97762,13.16532,12.32582,10.842365,12.834609,12.228157,0.606452,0.640139,-0.067374,62.877181,14.597261,10.054379,0.579433,23567035.0
CN,2585,2021-05-17,-0.50111,13.00766,13.13153,12.45299,10.91682,12.867007,12.288678,0.578329,0.627777,-0.098896,61.744,14.582039,10.323941,0.567538,21935755.0
CN,2585,2021-05-18,0.0,13.03018,13.1015,12.58391,10.993152,12.894422,12.344717,0.549705,0.612163,-0.124916,61.744,14.510913,10.656907,0.542421,20316826.2
CN,2585,2021-05-19,1.222672,13.04706,13.04331,12.718585,11.07136,12.942157,12.408419,0.533737,0.596478,-0.125481,63.591457,14.409337,11.027833,0.551941,21806311.4
CN,2585,2021-05-20,-3.482093,13.03018,12.96636,12.81666,11.1369,12.91181,12.433344,0.478466,0.572875,-0.188819,55.30063,14.255867,11.377453,0.605023,28295804.8
CN,2585,2021-05-21,1.693226,13.00014,12.98888,12.91708,11.204785,12.919331,12.472407,0.446924,0.547685,-0.201522,58.064085,14.074648,11.759512,0.595322,29178691.6
CN,2585,2021-05-24,-1.810087,12.93632,12.97199,12.99967,11.271575,12.889603,12.491199,0.398404,0.517829,-0.23885,54.145119,13.800173,12.199167,0.595706,29105252.8
CN,2585,2021-05-25,0.516262,12.88564,12.95791,13.04472,11.34165,12.874557,12.513466,0.361091,0.486481,-0.250781,55.059906,13.673537,12.415903,0.589356,30538118.4
CN,2585,2021-05-26,9.978267,13.05834,13.0527,13.130595,11.434875,13.058194,12.628632,0.429563,0.475097,-0.09107,68.293736,13.822753,12.438437,0.63843,36712937.2
CN,2585,2021-05-27,-6.471333,13.14092,13.08555,13.131535,11.505732,13.073518,12.667829,0.405689,0.461216,-0.111054,55.695687,13.823787,12.439283,0.672599,45623489.0
CN,2585,2021-05-28,0.998647,13.20662,13.10338,13.13435,11.568923,13.1067,12.713857,0.392843,0.447541,-0.109396,56.930608,13.828682,12.440018,0.691592,50050927.4
CN,2585,2021-05-31,10.028444,13.58578,13.26105,13.19629,11.655422,13.339808,12.855193,0.484614,0.454956,0.059317,66.982695,14.143358,12.249222,0.737386,59327543.4
CN,2585,2021-06-01,3.33746,14.0494,13.46752,13.28451,11.746143,13.61213,13.022209,0.589921,0.481949,0.215944,69.765381,14.546942,12.022078,0.730301,67553795.2
CN,2585,2021-06-02,1.11781,14.29152,13.67493,13.35912,11.839837,13.86854,13.189363,0.679177,0.521395,0.315565,70.686231,14.881121,11.837119,0.738472,68776967.4
CN,2585,2021-06-03,-1.72003,14.66316,13.90204,13.4342,11.925708,14.045073,13.32467,0.720403,0.561196,0.318413,67.253953,15.118886,11.749514,0.728632,57830301.8
CN,2585,2021-06-04,1.4378,15.0517,14.12916,13.55902,12.014083,14.227661,13.465946,0.761715,0.6013,0.320831,68.602764,15.382356,11.735684,0.706758,53254254.2
CN,2585,2021-06-07,2.218371,15.24128,14.41353,13.69276,12.114192,14.434144,13.621787,0.812357,0.643511,0.337691,70.640996,15.686117,11.699403,0.696497,46754206.8
CN,2585,2021-06-08,-2.378322,15.2592,14.6543,13.806105,12.212195,14.551891,13.738655,0.813237,0.677456,0.27156,65.613995,15.870219,11.741991,0.689497,40946085.8
CN,2585,2021-06-09,3.750123,15.35734,14.82443,13.938565,12.312815,14.739216,13.889088,0.850128,0.711991,0.276274,69.24236,16.144762,11.732368,0.708097,33926620.0
CN,2585,2021-06-10,5.180253,15.67142,15.16729,14.12642,12.410783,15.023398,14.088889,0.934509,0.756494,0.35603,73.549951,16.551757,11.701083,0.728762,33874761.6
CN,2585,2021-06-11,-0.973689,15.91002,15.48086,14.29212,12.50387,15.239014,14.261927,0.977087,0.800613,0.352948,71.420381,16.865596,11.718644,0.7181,35067206.0
CN,2585,2021-06-15,4.10657,16.21594,15.72861,14.49483,12.610075,15.525227,14.47211,1.053117,0.851114,0.404007,74.713399,17.273969,11.715691,0.718379,34920584.4
CN,2585,2021-06-16,0.111115,16.59972,15.92946,14.69849,12.71472,15.77033,14.668131,1.102199,0.901331,0.401737,74.801477,17.616374,11.780606,0.752566,38400532.8
CN,2585,2021-06-17,1.831363,16.9322,16.14477,14.90985,12.823182,16.025957,14.872855,1.153102,0.951685,0.402833,76.270205,17.97308,11.84662,0.758525,38326366.6
CN,2585,2021-06-18,6.212748,17.3179,16.49466,15.19835,12.949225,16.408871,15.142636,1.266235,1.014595,0.50328,80.498855,18.471318,11.925382,0.790524,37878638.4
CN,2585,2021-06-21,2.462341,17.82708,16.86855,15.498855,13.082867,16.803014,15.426204,1.37681,1.087038,0.579544,81.956509,18.991128,12.006582,0.782908,37897208.8
CN,2585,2021-06-22,-3.154321,18.08168,17.14881,15.78117,13.205283,17.044458,15.64444,1.400017,1.149634,0.500767,74.124673,19.24397,12.31837,0.826728,39169088.4
CN,2585,2021-06-23,-1.03416,18.29448,17.4471,16.0507,13.333762,17.219526,15.832437,1.387088,1.197125,0.379927,71.779226,19.377306,12.724094,0.817205,35074379.8
CN,2585,2021-06-24,-0.470235,18.42748,17.67984,16.252135,13.465352,17.354507,16.000175,1.354331,1.228566,0.25153,70.695174,19.562019,12.942251,0.796155,33329695.8
CN,2585,2021-06-25,0.997408,18.37998,17.84894,16.508115,13.5829,17.49649,16.168859,1.327631,1.248379,0.158505,71.667976,19.606274,13.409956,0.790858,31454640.6
CN,2585,2021-06-28,-1.351396,18.1919,18.00949,16.745175,13.695862,17.57863,16.306751,1.271879,1.253079,0.0376,68.325469,19.531747,13.958603,0.792039,28518219.8
CN,2585,2021-06-29,-0.210755,18.1159,18.09879,16.9137,13.813508,17.642287,16.431614,1.210673,1.244598,-0.067849,67.801558,19.570923,14.256477,0.792465,25577010.6
CN,2585,2021-06-30,6.282653,18.30398,18.29923,17.114345,13.953123,17.870058,16.630961,1.239098,1.243498,-0.008801,74.151199,19.802297,14.426393,0.819996,27063713.4
CN,2585,2021-07-01,-3.874433,18.36098,18.39423,17.2695,14.079922,17.948803,16.76066,1.188143,1.232427,-0.088568,65.090823,19.872631,14.666369,0.867275,28619442.2
CN,2585,2021-07-02,-2.170613,18.30208,18.34103,17.417845,14.199132,17.954049,16.851196,1.102853,1.206512,-0.207319,60.78346,19.820843,15.014847,0.859613,27646062.0
CN,2585,2021-07-05,-2.271602,18.21088,18.20139,17.53497,14.304182,17.895641,16.904767,0.990874,1.163385,-0.34502,56.650163,19.718719,15.351221,0.864712,29089336.4
CN,2585,2021-07-06,-1.081118,18.08928,18.10259,17.6257,14.404188,17.816989,16.940295,0.876694,1.106046,-0.458706,54.784159,19.61768,15.63372,0.876232,29611720.6
CN,2585,2021-07-07,9.83583,18.08358,18.19378,17.82044,14.534727,18.013498,17.099851,0.913647,1.067566,-0.307839,65.725762,19.572684,16.068196,0.950709,32113249.2
CN,2585,2021-07-08,0.248765,18.23556,18.29827,17.989055,14.6659,18.187083,17.251107,0.935976,1.041248,-0.210544,65.9721,19.558948,16.419162,0.941158,31332144.0
CN,2585,2021-07-09,4.069628,18.62314,18.46261,18.155775,14.823977,18.453809,17.448862,1.004947,1.033988,-0.058082,69.805011,19.800834,16.510716,0.975718,34719147.0
CN,2585,2021-07-12,1.716799,19.16082,18.68585,18.34767,14.988537,18.732115,17.657302,1.074814,1.042153,0.065321,71.33176,20.035168,16.660172,0.971167,35875760.6
CN,2585,2021-07-13,0.093768,19.7403,18.91479,18.50679,15.151537,18.970528,17.851709,1.118819,1.057486,0.122666,71.418224,20.290861,16.722719,0.976441,34645419.2
CN,2585,2021-07-14,-4.449802,19.7973,18.94044,18.619835,15.300745,19.033416,17.964864,1.068552,1.0597,0.017705,61.872492,20.32234,16.91733,0.992873,30015838.6
CN,2585,2021-07-15,1.274556,19.8942,19.06488,18.729555,15.452663,19.124629,18.087933,1.036696,1.055099,-0.036806,63.317575,20.394104,17.065006,0.992525,29112209.4
CN,2585,2021-07-16,-1.016493,19.7954,19.20927,18.77515,15.59672,19.171117,18.187108,0.984008,1.040881,-0.113745,61.296778,20.46347,17.08683,1.017309,26589528.6
CN,2585,2021-07-19,-3.374205,19.4971,19.32896,18.765175,15.727037,19.109607,18.230382,0.879225,1.00855,-0.25865,55.076896,20.451109,17.079241,1.013851,23718256.0
CN,2585,2021-07-20,2.732895,19.2976,19.51895,18.81077,15.86387,19.136483,18.30845,0.828033,0.972446,-0.288827,58.616098,20.501066,17.120474,1.004533,22080771.6
CN,2585,2021-07-21,-0.098526,19.2748,19.53605,18.864915,15.986778,19.156301,18.379328,0.776973,0.933352,-0.312757,58.432482,20.540542,17.189288,0.979603,19936134.8
CN,2585,2021-07-22,-0.443803,19.1855,19.53985,18.91906,16.100597,19.159916,18.438622,0.721294,0.89094,-0.339292,57.558702,20.561576,17.276544,0.956452,19117402.0
CN,2585,2021-07-23,4.755003,19.3185,19.55695,19.00978,16.216477,19.303283,18.56108,0.742203,0.861193,-0.237979,63.78035,20.70024,17.31932,0.964813,19941890.2
CN,2585,2021-07-26,-8.415871,19.24442,19.37076,19.028305,16.30261,19.164455,18.549214,0.61524,0.812002,-0.393524,49.338817,20.683175,17.373435,1.042462,25667454.0
CN,2585,2021-07-27,-7.692559,18.78464,19.04112,18.977955,16.362648,18.829215,18.433376,0.395839,0.72877,-0.665861,40.974721,20.807853,17.148057,1.138315,30980512.8
CN,2585,2021-07-28,1.677912,18.38566,18.83023,18.885335,16.428063,18.589398,18.34723,0.242168,0.631449,-0.778563,43.067439,20.858445,16.912225,1.156756,35088787.4
CN,2585,2021-07-29,6.105823,18.21468,18.70009,18.882485,16.503702,18.548706,18.345576,0.20313,0.545785,-0.685311,50.11486,20.858658,16.906312,1.161667,36624992.2
CN,2585,2021-07-30,-2.903154,17.7549,18.5367,18.872985,16.57501,18.432428,18.304637,0.127791,0.462186,-0.668791,46.956818,20.868101,16.877869,1.137726,35302747.0
CN,2585,2021-08-02,-0.053392,17.6314,18.43791,18.883435,16.659142,18.332577,18.266027,0.066551,0.383059,-0.633017,46.899982,20.853264,16.913606,1.096496,29419382.8
CN,2585,2021-08-03,0.320524,17.8024,18.29352,18.906235,16.741565,18.256858,18.234499,0.022359,0.310919,-0.57712,47.312051,20.815766,16.996704,1.074496,24616891.8
CN,2585,2021-08-04,2.396247,18.0019,18.19378,18.864915,16.830487,18.258557,18.236973,0.021584,0.253052,-0.462937,50.419685,20.792063,16.937767,1.056782,21373909.2
CN,2585,2021-08-05,6.447922,18.22608,18.22038,18.880115,16.935912,18.441209,18.326516,0.114694,0.22538,-0.221373,57.80453,20.820509,16.939721,1.090541,22537216.0
CN,2585,2021-08-06,-1.17249,18.51106,18.13298,18.844965,17.042387,18.560685,18.392537,0.168148,0.213934,-0.091572,56.063822,20.733453,16.956477,1.056752,21368719.8
CN,2585,2021-08-09,3.015434,18.91384,18.27262,18.82169,17.153827,18.750933,18.496593,0.25434,0.222015,0.06465,59.409554,20.65023,16.99315,1.065412,22550317.0
CN,2585,2021-08-10,3.071126,19.42682,18.61461,18.827865,17.276495,19.005451,18.637979,0.367472,0.251107,0.232731,62.625297,20.676807,16.978923,1.068704,25858778.0
CN,2585,2021-08-11,10.009164,20.26278,19.13234,18.981285,17.433203,19.535028,18.920181,0.614847,0.323855,0.581985,70.950848,21.407034,16.555536,1.138254,30330128.6
CN,2585,2021-08-12,4.316701,21.05696,19.64152,19.170805,17.603403,20.132208,19.253256,0.878952,0.434874,0.888156,73.919251,22.267894,16.073716,1.188593,34271530.4
CN,2585,2021-08-13,0.081139,21.90054,20.2058,19.37125,17.781583,20.640438,19.563067,1.077371,0.563374,1.027995,73.975406,22.98456,15.75794,1.160694,35701808.4
CN,2585,2021-08-16,1.864677,22.71562,20.81473,19.62632,17.96345,21.137709,19.882299,1.25541,0.701781,1.107258,75.293054,23.722219,15.530421,1.149716,37384676.8
CN,2585,2021-08-17,-6.884433,23.0804,21.25361,19.773565,18.121835,21.305631,20.056143,1.249487,0.811322,0.87633,62.480568,24.018711,15.528419,1.198557,37088050.8
CN,2585,2021-08-18,5.427546,23.278,21.77039,19.982085,18.299233,21.633334,20.306481,1.326853,0.914428,0.824849,66.929552,24.507339,15.456831,1.245267,34516366.2
CN,2585,2021-08-19,2.553796,23.4015,22.22923,20.224805,18.465333,22.002698,20.582608,1.420089,1.015561,0.809058,68.899665,25.061898,15.387712,1.279813,29563613.4
CN,2585,2021-08-20,-1.541553,23.4471,22.67382,20.4034,18.640432,22.258236,20.810837,1.447399,1.101928,0.690942,66.267807,25.46616,15.34064,1.247433,28403576.2
CN,2585,2021-08-23,9.995901,23.87838,23.297,20.78481,18.852763,22.838369,21.197375,1.640994,1.209741,0.862505,73.284209,26.314489,15.255131,1.327288,30599840.4
CN,2585,2021-08-24,0.839445,24.68206,23.88123,21.24792,19.046525,23.362866,21.571466,1.7914,1.326073,0.930654,73.825804,26.975116,15.520724,1.326125,32248796.2
CN,2585,2021-08-25,5.537268,25.53512,24.40656,21.76945,19.256377,24.030272,22.025506,2.004766,1.461812,1.085908,77.144823,27.842103,15.696797,1.38068,33168132.0
CN,2585,2021-08-26,-5.692574,25.9531,24.6773,22.15941,19.437132,24.352399,22.329105,2.023294,1.574108,0.898371,67.189778,28.298502,16.020318,1.421838,33868799.6
CN,2585,2021-08-27,2.727367,26.58768,25.01739,22.611595,19.634142,24.734584,22.662994,2.07159,1.673605,0.795971,69.128265,28.729806,16.493384,1.455993,34837189.6
CN,2585,2021-08-30,0.778787,26.79098,25.33468,23.074705,19.831037,25.090125,22.987631,2.102494,1.759382,0.686222,69.693892,29.061725,17.087685,1.486343,31443153.0
CN,2585,2021-08-31,0.035126,26.95248,25.81727,23.53544,20.022458,25.392429,23.288925,2.103503,1.828207,0.550594,69.721048,29.252469,17.818411,1.46024,26788207.8
CN,2585,2021-09-01,-4.073169,26.6029,26.06901,23.9197,20.201685,25.478686,23.486271,1.992414,1.861048,0.262732,62.702182,29.184053,18.655347,1.534402,25892886.2
CN,2585,2021-09-02,1.720411,26.658,26.30555,24.26739,20.378853,25.620365,23.702074,1.918291,1.872497,0.091589,64.271609,29.21276,19.32202,1.531337,23676829.2
CN,2585,2021-09-03,-2.231094,26.4528,26.52024,24.59703,20.53259,25.649632,23.858261,1.791371,1.856272,-0.129801,60.646336,29.001422,20.192638,1.526456,22504856.8
CN,2585,2021-09-06,2.245202,26.3217,26.55634,24.92667,20.698677,25.76355,24.045804,1.717746,1.828566,-0.221642,62.865657,28.799596,21.053744,1.537531,20796833.2
CN,2585,2021-09-07,1.043952,26.2438,26.59814,25.239685,20.858113,25.902327,24.239863,1.662464,1.795346,-0.265765,63.907739,28.57493,21.90444,1.509136,20033247.2
CN,2585,2021-09-08,1.104419,26.4452,26.52405,25.465305,21.022142,26.065061,24.441362,1.623699,1.761017,-0.274635,65.037224,28.62017,22.31044,1.510583,19118801.8
CN,2585,2021-09-09,-2.889455,26.4015,26.52975,25.603525,21.167962,26.082913,24.570232,1.512682,1.71135,-0.397336,59.713948,28.626746,22.580304,1.482756,17797941.8
CN,2585,2021-09-10,-0.762,26.4357,26.44425,25.73082,21.292407,26.067327,24.674778,1.392549,1.647589,-0.510081,58.395727,28.588047,22.873593,1.482023,17566634.8
CN,2585,2021-09-13,-1.206623,26.2913,26.3065,25.82059,21.404028,26.005907,24.748357,1.25755,1.569582,-0.624063,56.292705,28.548552,23.092628,1.480664,16711874.0
CN,2585,2021-09-14,9.992559,26.60478,26.42429,26.12078,21.568372,26.348537,25.006479,1.342058,1.524077,-0.364037,66.820735,28.501042,23.740518,1.55811,23002286.4
CN,2585,2021-09-15,-4.744094,26.59148,26.51834,26.293675,21.713558,26.432393,25.146265,1.286127,1.476487,-0.380719,58.848936,28.348814,24.238536,1.623238,27548245.8
CN,2585,2021-09-16,-5.828524,26.42048,26.41099,26.35827,21.834045,26.262194,25.159587,1.102607,1.401711,-0.598207,51.157055,28.194871,24.521669,1.652506,30708332.2
CN,2585,2021-09-17,1.237853,26.35208,26.39389,26.457065,21.956748,26.16641,25.195143,0.971267,1.315622,-0.68871,52.49443,27.866042,25.048088,1.672892,31669051.4
CN,2585,2021-09-22,0.333469,26.36348,26.32739,26.441865,22.084993,26.098516,25.234399,0.864117,1.225321,-0.722408,52.873422,27.875328,25.008402,1.646364,31701374.0
CN,2585,2021-09-23,-3.39746,25.6871,26.14594,26.37204,22.199305,25.906606,25.206007,0.700599,1.120377,-0.839555,48.604733,27.963854,24.780226,1.600695,25957768.4
CN,2585,2021-09-24,-4.242871,25.06772,25.8296,26.176825,22.277203,25.582005,25.101614,0.480392,0.99238,-1.023976,43.990547,28.008405,24.345245,1.603745,21044118.2
CN,2585,2021-09-27,1.59686,24.83784,25.62916,26.079455,22.373783,25.365804,25.033101,0.332703,0.860444,-1.055483,45.980886,28.108323,24.050587,1.591649,20384005.2
CN,2585,2021-09-28,-2.554112,24.42176,25.38692,25.915585,22.466722,25.087865,24.923924,0.163942,0.721144,-1.114404,43.288857,28.188155,23.643015,1.560738,19129618.4
CN,2585,2021-09-29,-3.790451,23.80998,25.08673,25.696615,22.551585,24.715301,24.756685,-0.041383,0.568638,-1.220044,39.671585,28.309869,23.083361,1.54765,20314200.0
CN,2585,2021-09-30,4.610389,23.582,24.63455,25.52942,22.657032,24.560824,24.679241,-0.118417,0.431227,-1.099289,45.419281,28.200854,22.857986,1.520568,19949061.0
CN,2585,2021-10-08,3.525338,23.73208,24.3999,25.45912,22.747912,24.558713,24.669453,-0.11074,0.322834,-0.867148,49.559065,28.156133,22.762107,1.517127,19257908.4
CN,2585,2021-10-11,1.780251,23.89356,24.3657,25.388345,22.845283,24.624157,24.69276,-0.068603,0.244546,-0.626299,51.624793,28.057066,22.719624,1.520718,17395983.8
CN,2585,2021-10-12,-6.501735,23.85366,24.13771,25.2658,22.902598,24.429625,24.594015,-0.16439,0.162759,-0.654298,44.353465,28.067482,22.464118,1.528124,18858818.6
CN,2585,2021-10-13,2.399431,24.10446,23.95722,25.142305,22.963555,24.351252,24.544103,-0.192851,0.091637,-0.568976,47.121078,27.952596,22.332014,1.500401,18087336.8
CN,2585,2021-10-14,-1.112031,24.09306,23.83753,24.991735,23.019762,24.244013,24.478184,-0.234171,0.026475,-0.521293,45.953,27.78205,22.20142,1.434622,17187627.0
CN,2585,2021-10-15,-1.485994,23.84418,23.78813,24.808865,23.085152,24.099196,24.391111,-0.291915,-0.037203,-0.509425,44.387178,27.537925,22.079805,1.429185,16726715.0
CN,2585,2021-10-18,2.079158,23.6048,23.74918,24.68917,23.1545,24.051196,24.346377,-0.295181,-0.088798,-0.412765,47.064665,27.376662,22.001678,1.394279,16160942.6
CN,2585,2021-10-19,-0.479249,23.6675,23.76058,24.57375,23.225273,23.993043,24.296512,-0.303469,-0.131732,-0.343473,46.497411,27.227368,21.920132,1.346259,13626278.2
CN,2585,2021-10-20,4.574371,23.83468,23.96957,24.52815,23.32502,24.110437,24.330556,-0.220119,-0.14941,-0.141419,52.370015,27.135927,21.920373,1.399376,15411975.0
CN,2585,2021-10-21,-2.954423,23.90878,24.00092,24.317735,23.404027,24.097246,24.3079,-0.210653,-0.161658,-0.09799,48.49805,26.299884,22.335586,1.378806,16436093.8
CN,2585,2021-10-22,-0.237256,24.04178,23.94298,24.17144,23.4824,24.077316,24.2827,-0.205384,-0.170404,-0.06996,48.198967,25.765427,22.577453,1.32442,15273524.8
CN,2585,2021-10-25,-0.753097,24.04178,23.82329,24.094495,23.55919,24.032683,24.245996,-0.213313,-0.178985,-0.068655,47.206188,25.60446,22.58453,1.311926,15650640.4
CN,2585,2021-10-26,-0.359437,24.04748,23.85749,23.9976,23.619355,23.981762,24.205678,-0.223915,-0.187971,-0.071888,46.715339,25.337684,22.657516,1.282003,16358434.4
CN,2585,2021-10-27,2.004076,23.9316,23.88314,23.92018,23.715618,24.011753,24.203531,-0.191779,-0.188733,-0.006091,49.836046,25.007109,22.833251,1.255574,14457200.8
CN,2585,2021-10-28,-1.375291,23.8955,23.90214,23.869835,23.829932,23.985975,24.176914,-0.190939,-0.189174,-0.003529,47.728805,24.869389,22.870281,1.231026,13962838.0
CN,2585,2021-10-29,-5.577876,23.6048,23.82329,23.80571,23.917328,23.759548,24.05375,-0.294202,-0.21018,-0.168044,40.374776,24.967235,22.644185,1.299167,19394425.6
CN,2585,2021-11-01,6.751295,23.6542,23.84799,23.798585,24.012483,23.801803,24.052302,-0.250499,-0.218244,-0.064512,49.879451,24.952644,22.644526,1.369219,22633238.8
CN,2585,2021-11-02,-1.97635,23.6257,23.83659,23.798585,24.108588,23.764479,24.015776,-0.251297,-0.224854,-0.052885,47.339831,24.952644,22.644526,1.356239,24296160.8
CN,2585,2021-11-03,-2.298465,23.3939,23.66275,23.81616,24.195827,23.64959,23.941844,-0.292254,-0.238334,-0.10784,44.554794,24.90983,22.72249,1.349615,24159619.8
CN,2585,2021-11-04,2.022357,23.3217,23.6086,23.80476,24.289873,23.623992,23.907871,-0.283879,-0.247443,-0.072872,47.418592,24.907286,22.702234,1.306821,24498416.4
CN,2585,2021-11-05,-4.975898,23.2818,23.4433,23.69314,24.35732,23.422562,23.789858,-0.367296,-0.271414,-0.191764,41.608839,24.917709,22.468571,1.30237,20240749.2
CN,2585,2021-11-08,-4.341981,22.74412,23.19916,23.511225,24.388987,23.10306,23.608817,-0.505757,-0.318282,-0.374948,37.505487,24.972691,22.049759,1.324015,21191706.4
CN,2585,2021-11-09,2.803362,22.42112,23.02341,23.44045,24.434427,22.924774,23.485512,-0.560738,-0.366773,-0.387929,41.352303,25.053635,21.827265,1.302721,20407327.2
CN,2585,2021-11-10,3.030414,22.33942,22.86666,23.3749,24.481292,22.876224,23.4206,-0.544376,-0.402294,-0.284164,45.376281,25.011159,21.738641,1.274134,21528451.6
CN,2585,2021-11-11,7.856979,22.5199,22.9208,23.41147,24.54763,23.108436,23.492081,-0.383645,-0.398564,0.029837,54.380723,25.102829,21.720111,1.326974,24836818.4
CN,2585,2021-11-12,7.479824,23.29888,23.29034,23.556815,24.610328,23.585538,23.693379,-0.107841,-0.34042,0.465157,61.414224,25.640018,21.473612,1.412683,29458561.2
CN,2585,2021-11-15,0.253724,24.28494,23.51453,23.68126,24.657985,23.999471,23.884692,0.114779,-0.24938,0.728318,61.646396,26.078357,21.284163,1.390491,27405761.4
CN,2585,2021-11-16,-3.109289,24.98792,23.70452,23.770555,24.691708,24.224029,24.001314,0.222714,-0.154961,0.755351,57.100606,26.289743,21.251367,1.372599,28052461.8
CN,2585,2021-11-17,-2.350829,25.4382,23.88881,23.77578,24.708173,24.321963,24.064965,0.256998,-0.072569,0.659134,53.961456,26.303542,21.248018,1.336985,28810858.4
CN,2585,2021-11-18,-0.343918,25.5161,24.018,23.8133,24.750605,24.391676,24.117568,0.274109,-0.003234,0.554684,53.508888,26.376752,21.249848,1.330372,27086735.2
CN,2585,2021-11-19,6.288572,25.5408,24.41984,23.93157,24.798895,24.690357,24.281681,0.408676,0.079148,0.659055,60.079194,26.720915,21.142225,1.401595,24784211.6
CN,2585,2021-11-22,0.468991,25.5769,24.93092,24.06504,24.839268,24.962087,24.442786,0.5193,0.167179,0.704243,60.555067,27.061734,21.068346,1.345588,22709423.0
CN,2585,2021-11-23,1.903117,25.8771,25.43251,24.22796,24.894208,25.269473,24.629254,0.640219,0.261787,0.756865,62.516825,27.472012,20.983908,1.325468,22845804.0
CN,2585,2021-11-24,-3.277065,26.1203,25.77925,24.322955,24.895,25.393647,24.736465,0.657182,0.340866,0.632632,57.146104,27.665222,20.980688,1.301363,21062175.6
CN,2585,2021-11-25,-0.218587,26.3692,25.94265,24.431725,24.8912,25.489947,24.831512,0.658435,0.40438,0.508111,56.807033,27.845418,21.018032,1.263373,18844015.6
CN,2585,2021-11-26,-1.423927,26.2324,25.8866,24.58847,24.857002,25.514432,24.892074,0.622358,0.447975,0.348766,54.541707,27.922544,21.254396,1.261346,15758843.4
CN,2585,2021-11-29,0.703728,26.107,25.84195,24.67824,24.852093,25.56292,24.96152,0.601399,0.47866,0.245478,55.473293,28.044313,21.312167,1.269643,15170796.0
CN,2585,2021-11-30,-1.360842,25.8106,25.84385,24.774185,24.829452,25.54987,24.999786,0.550085,0.492945,0.11428,53.187422,28.116509,21.431861,1.249525,13648273.6
CN,2585,2021-12-01,2.162642,25.8011,25.9607,24.924755,24.81251,25.623598,25.076031,0.547567,0.503869,0.087395,56.232054,28.207797,21.641713,1.235595,14289492.2
CN,2585,2021-12-02,-2.153359,25.6909,26.03005,25.024025,24.786068,25.599752,25.10511,0.494642,0.502024,-0.014764,52.492031,28.246211,21.801839,1.197553,14203137.8
CN,2585,2021-12-03,0.89522,25.7004,25.9664,25.19312,24.781793,25.614652,25.148924,0.465728,0.494765,-0.058074,53.837048,28.174813,22.211427,1.173085,14919173.0
CN,2585,2021-12-06,3.142439,25.8353,25.97115,25.451035,24.783535,25.75149,25.249308,0.502182,0.496248,0.011868,58.336031,27.90211,22.99996,1.269107,20092865.0
CN,2585,2021-12-07,-4.193691,25.8182,25.8144,25.623455,24.776568,25.696276,25.259922,0.436354,0.484269,-0.09583,50.972171,27.47547,23.77144,1.327064,23979936.6
CN,2585,2021-12-08,-1.421674,25.6187,25.7099,25.744575,24.753927,25.594018,25.243009,0.351009,0.457617,-0.213216,48.816807,27.019013,24.470137,1.329302,27264975.6
CN,2585,2021-12-09,1.290369,25.5959,25.6434,25.793025,24.732077,25.557185,25.251275,0.30591,0.427276,-0.242732,50.82059,26.922563,24.663487,1.32053,29254482.6
CN,2585,2021-12-10,8.617371,25.96448,25.83244,25.85952,24.741733,25.862156,25.420773,0.441383,0.430097,0.022572,61.733797,27.213587,24.505453,1.4257,32794257.8
CN,2585,2021-12-13,1.759291,26.26846,26.05188,25.946915,24.772448,26.194748,25.613605,0.581143,0.460306,0.241673,63.659574,27.591674,24.302156,1.452107,30479926.8
CN,2585,2021-12-14,1.220383,26.86314,26.34067,26.09226,24.812188,26.528786,25.817486,0.7113,0.510505,0.401591,64.998612,28.027082,24.157438,1.442706,27396775.0
CN,2585,2021-12-15,-1.004724,27.47302,26.54586,26.25328,24.852403,26.767589,25.985154,0.782435,0.564891,0.435087,62.918046,28.284891,24.221669,1.405477,23686258.0
CN,2585,2021-12-16,-0.169154,28.0088,26.80235,26.4162,24.849078,26.962344,26.136883,0.825461,0.617005,0.416912,62.558629,28.470003,24.362397,1.377693,21457758.2
CN,2585,2021-12-17,-4.574527,27.85112,26.9078,26.4371,24.846703,26.929845,26.182381,0.747464,0.643097,0.208735,53.648306,28.495597,24.378603,1.383779,17175282.8
CN,2585,2021-12-20,-4.971758,27.33054,26.7995,26.385325,24.848287,26.69773,26.125989,0.571741,0.628826,-0.11417,46.285197,28.490809,24.279841,1.402331,15281515.0
CN,2585,2021-12-21,0.597928,26.77196,26.81755,26.315975,24.847178,26.52471,26.085035,0.439676,0.590996,-0.30264,47.177477,28.432504,24.199446,1.341522,13441447.2
CN,2585,2021-12-22,2.006014,26.37298,26.923,26.31645,24.853195,26.457232,26.085114,0.372118,0.54722,-0.350204,50.185108,28.432768,24.200132,1.323056,13018281.6
CN,2585,2021-12-23,0.728357,26.0215,27.01515,26.329275,24.876945,26.429365,26.099261,0.330105,0.503797,-0.347385,51.291306,28.441346,24.217204,1.288266,12769062.0
CN,2585,2021-12-24,-1.554645,25.8448,26.84796,26.3402,24.91146,26.34294,26.082101,0.260839,0.455206,-0.388733,48.783084,28.440311,24.240089,1.243068,11987933.0
CN,2585,2021-12-27,-1.065039,25.879,26.60477,26.328325,24.93505,26.227426,26.045804,0.181622,0.400489,-0.437734,47.109881,28.44249,24.21416,1.201778,10332082.2
CN,2585,2021-12-28,0.111362,25.8885,26.33023,26.33545,24.969407,26.134068,26.014308,0.119761,0.344343,-0.449165,47.311209,28.439039,24.231861,1.143079,9997556.8
CN,2585,2021-12-29,-2.113534,25.6871,26.03004,26.28795,25.009622,25.971765,25.945033,0.026732,0.280821,-0.508177,43.892519,28.458889,24.117011,1.113681,10107390.8
CN,2585,2021-12-30,0.03788,25.4496,25.73555,26.26895,25.032578,25.835894,25.881594,-0.0457,0.215517,-0.522433,43.969015,28.474614,24.063286,1.093847,11282398.8
CN,2585,2021-12-31,2.537009,25.4211,25.63295,26.270375,25.052212,25.818849,25.870001,-0.051153,0.162183,-0.426671,48.987252,28.474594,24.066156,1.107322,12759418.2
CN,2585,2022-01-04,-1.957232,25.347,25.613,26.20625,25.05617,25.726964,25.821972,-0.095008,0.110745,-0.411505,45.514614,28.453736,23.958764,1.096763,12901440.2
CN,2585,2022-01-05,-4.067545,25.06202,25.47526,26.146405,25.070103,25.491385,25.701507,-0.210122,0.046571,-0.513387,39.387876,28.536578,23.756232,1.11613,14610036.8
CN,2585,2022-01-06,-0.078526,24.88154,25.28432,26.10366,25.074378,25.289126,25.588558,-0.299433,-0.022629,-0.553606,39.282411,28.600259,23.607061,1.085935,13591923.0
CN,2585,2022-01-07,-6.247751,24.39706,24.92333,25.96924,25.057912,24.885599,25.372087,-0.486489,-0.115401,-0.742175,31.956546,28.86954,23.06894,1.129154,15284738.0
CN,2585,2022-01-10,3.101534,23.92588,24.67349,25.760725,25.05902,24.652307,25.223725,-0.571419,-0.206605,-0.729628,37.773007,28.776803,22.744647,1.136714,14494744.0
CN,2585,2022-01-11,-0.731732,23.5212,24.4341,25.519435,25.049203,24.428598,25.073687,-0.645089,-0.294302,-0.701574,36.945709,28.544772,22.494098,1.09827,14128336.2
CN,2585,2022-01-12,9.991723,23.78528,24.42365,25.37694,25.079918,24.595906,25.106458,-0.510552,-0.337552,-0.346001,52.2213,28.106567,22.647313,1.185387,17017180.4
CN,2585,2022-01-13,-2.68066,23.91636,24.39895,25.214495,25.081185,24.632244,25.086135,-0.453892,-0.36082,-0.186144,48.488233,27.652176,22.776814,1.183502,19343388.2
CN,2585,2022-01-14,3.137069,24.50534,24.4512,25.093375,25.107625,24.782837,25.125021,-0.342185,-0.357093,0.029816,52.640553,27.173209,23.013541,1.183788,17275555.4
CN,2585,2022-01-17,1.261172,25.01832,24.4721,25.052525,25.140398,24.959954,25.184953,-0.224999,-0.330674,0.21135,54.285997,27.030097,23.074953,1.141981,17011554.8
CN,2585,2022-01-18,-1.098939,25.5085,24.51485,25.063925,25.17143,25.065977,25.219334,-0.153358,-0.295211,0.283706,52.551055,27.052462,23.075388,1.092983,16956729.8
CN,2585,2022-01-19,-2.074147,25.4287,24.60699,25.041125,25.19502,25.073842,25.211761,-0.13792,-0.263752,0.251666,49.378654,27.016198,23.066052,1.075984,12653555.4
CN,2585,2022-01-20,-4.273583,25.27102,24.59369,24.939005,25.192803,24.915358,25.125238,-0.20988,-0.252978,0.086196,43.652647,26.89854,22.97947,1.093442,10883293.4
CN,2585,2022-01-21,-3.595536,24.78464,24.64499,24.78416,25.18172,24.648257,24.981087,-0.33283,-0.268948,-0.127764,39.663403,26.785581,22.782739,1.097446,10862054.8
CN,2585,2022-01-24,3.483727,24.39516,24.70674,24.690115,25.206262,24.546479,24.907429,-0.36095,-0.287349,-0.147202,44.743003,26.655498,22.724732,1.107272,10674698.8
CN,2585,2022-01-25,-2.77237,23.92968,24.71909,24.576595,25.194387,24.358052,24.789968,-0.431916,-0.316262,-0.231308,41.634403,26.582332,22.570858,1.099431,10575443.8
CN,2585,2022-01-26,-1.344242,23.5079,24.4683,24.445975,25.185203,24.150382,24.657985,-0.507603,-0.35453,-0.306145,40.215875,26.502359,22.389591,1.097579,10471596.4
CN,2585,2022-01-27,-3.839935,23.1241,24.19756,24.298255,25.17032,23.838739,24.470334,-0.631595,-0.409943,-0.443304,36.447084,26.565175,22.031335,1.101287,9989946.0
CN,2585,2022-01-28,3.392136,23.0633,23.92397,24.187585,25.160187,23.690502,24.352176,-0.661674,-0.460289,-0.402769,41.465272,26.504916,21.870254,1.129838,9956830.2
CN,2585,2022-02-07,1.744247,22.9208,23.65798,24.06504,25.176178,23.626456,24.272326,-0.64587,-0.497406,-0.29693,43.99707,26.302006,21.828074,1.108171,10670935.2
CN,2585,2022-02-08,-4.000137,22.7251,23.32739,23.92112,25.192802,23.429032,24.129428,-0.700396,-0.538004,-0.324785,39.683948,26.211663,21.630577,1.144373,12695007.4
CN,2585,2022-02-09,1.573186,22.6624,23.08515,23.84607,25.20531,23.316057,24.023152,-0.707094,-0.571822,-0.270545,41.995942,26.193366,21.498774,1.126418,13201684.0
CN,2585,2022-02-10,-4.227859,22.5845,22.8543,23.723995,25.190743,23.072849,23.853674,-0.780825,-0.613622,-0.334405,37.742955,26.237853,21.210137,1.128745,15037477.2
CN,2585,2022-02-11,-3.627296,22.19882,22.63106,23.638025,25.13343,22.745764,23.63835,-0.892586,-0.669415,-0.446341,34.638849,26.396411,20.879639,1.113256,15822158.8
CN,2585,2022-02-14,0.680295,21.76184,22.34132,23.52403,25.048092,22.490924,23.449531,-0.958608,-0.727254,-0.462708,35.668704,26.497489,20.550571,1.123981,15407254.4
CN,2585,2022-02-15,3.783435,21.67064,22.19787,23.45848,24.974943,22.398043,23.333803,-0.93576,-0.768955,-0.33361,41.250554,26.514438,20.402522,1.106797,14783060.2
CN,2585,2022-02-16,4.340436,21.69914,22.18077,23.324535,24.931245,22.465606,23.297018,-0.831412,-0.781446,-0.099931,47.132299,26.239592,20.409478,1.12274,16084818.2
CN,2585,2022-02-17,0.166395,21.92714,22.25582,23.22669,24.898155,22.52862,23.265772,-0.737152,-0.772587,0.070871,47.359321,26.063077,20.390303,1.07783,14622179.6
CN,2585,2022-02-18,2.990138,22.44962,22.32422,23.124095,24.87789,22.687171,23.287507,-0.600336,-0.738137,0.275602,51.404445,25.748598,20.499592,1.08227,13923681.4
CN,2585,2022-02-21,0.685507,22.9759,22.36887,23.013425,24.83435,22.846175,23.319596,-0.47342,-0.685194,0.423547,52.335776,25.322318,20.704532,1.038215,13172981.6
CN,2585,2022-02-22,-1.802223,23.2571,22.46387,22.89563,24.781627,22.914948,23.31764,-0.402692,-0.628693,0.452003,49.62463,24.870923,20.920337,1.014271,11877773.6
CN,2585,2022-02-23,3.344324,23.5041,22.60162,22.843385,24.733495,23.092987,23.373534,-0.280547,-0.559064,0.557035,54.27312,24.626849,21.059921,1.010359,10186061.6
CN,2585,2022-02-24,-2.959846,23.601,22.76407,22.809185,24.688213,23.13402,23.372509,-0.238489,-0.494949,0.51292,49.751138,24.524186,21.094184,1.046762,10972261.0
CN,2585,2022-02-25,0.894703,23.6029,23.02626,22.82866,24.647365,23.200894,23.387042,-0.186148,-0.433189,0.494082,51.039784,24.56869,21.08863,1.037815,10358029.2
CN,2585,2022-02-28,-1.007692,23.525,23.25045,22.795885,24.608733,23.220941,23.382905,-0.161964,-0.378944,0.433959,49.48669,24.470909,21.120861,1.003721,10446575.2
CN,2585,2022-03-01,-0.692206,23.5003,23.3787,22.788285,24.564402,23.213058,23.367112,-0.154055,-0.333966,0.359823,48.407993,24.455056,21.121514,0.999205,10896601.0
CN,2585,2022-03-02,-6.314281,23.0272,23.26565,22.72321,24.501545,22.98131,23.244119,-0.262808,-0.319735,0.113852,39.919145,24.451064,20.995356,1.037083,14633315.4
CN,2585,2022-03-03,-3.281936,22.55412,23.07756,22.66669,24.417632,22.675616,23.077466,-0.401849,-0.336157,-0.131383,36.557354,24.53722,20.79616,1.036963,15429953.0
CN,2585,2022-03-04,-4.525038,21.84924,22.72607,22.525145,24.327227,22.270799,22.852787,-0.581988,-0.385324,-0.393329,32.613091,24.712708,20.337582,1.055859,18833231.6
CN,2585,2022-03-07,-5.213452,20.98286,22.25393,22.3114,24.215605,21.767491,22.567343,-0.799852,-0.468229,-0.663246,28.917158,24.952761,19.670039,1.062547,22106763.8
CN,2585,2022-03-08,-2.849579,20.0405,21.7704,22.117135,24.081502,21.258323,22.26294,-1.004617,-0.575507,-0.85822,27.197479,25.246915,18.987355,1.079608,25426824.6
CN,2585,2022-03-09,-1.389649,19.33944,21.18332,21.89247,23.961648,20.788027,21.962085,-1.174058,-0.695217,-0.957682,26.396552,25.441203,18.343737,1.110379,24648999.4
CN,2585,2022-03-10,4.12276,18.93094,20.74253,21.7533,23.860318,20.505531,21.739101,-1.23357,-0.802888,-0.861365,32.645684,25.526971,17.979629,1.124023,26342413.2
CN,2585,2022-03-11,-0.401017,18.69724,20.27324,21.64975,23.752338,20.254803,21.527005,-1.272202,-0.89675,-0.750902,32.346148,25.615051,17.684449,1.116336,24760515.6
CN,2585,2022-03-14,-2.817894,18.56616,19.77451,21.51248,23.599078,19.960818,21.291219,-1.330401,-0.983481,-0.693841,30.253931,25.728064,17.296896,1.091555,22752229.6
CN,2585,2022-03-15,-4.868103,18.36476,19.20263,21.290665,23.42286,19.574677,21.006751,-1.432074,-1.073199,-0.71775,27.086265,25.856357,16.724973,1.088908,21373530.2
CN,2585,2022-03-16,5.607161,18.41036,18.8749,21.070275,23.25725,19.39848,20.815836,-1.417356,-1.142031,-0.55065,35.104294,25.740422,16.400128,1.106807,21581909.2
CN,2585,2022-03-17,7.370831,18.57756,18.75425,20.915905,23.11903,19.458376,20.739685,-1.28131,-1.169886,-0.222846,44.266972,25.541091,16.290719,1.13835,23096383.0
CN,2585,2022-03-18,1.296253,18.81126,18.75425,20.74016,22.985877,19.548518,20.688175,-1.139657,-1.163841,0.048366,45.822472,25.214905,16.265415,1.117432,22961661.2
CN,2585,2022-03-21,-1.090085,19.10764,18.8369,20.545415,22.870455,19.591177,20.624296,-1.033119,-1.137696,0.209155,44.678527,24.818836,16.271994,1.090544,23029319.2
CN,2585,2022-03-22,1.102099,19.62632,18.99554,20.38297,22.780842,19.660888,20.581333,-0.920445,-1.094246,0.347602,46.126909,24.469133,16.296807,1.058791,21542363.8
CN,2585,2022-03-23,-0.66353,19.9227,19.16653,20.174925,22.686478,19.699413,20.531701,-0.832288,-1.041854,0.419133,45.348625,23.895948,16.453902,1.01302,18223907.6
CN,2585,2022-03-24,-2.38558,19.8524,19.21498,19.978755,22.575648,19.658934,20.45056,-0.791626,-0.991809,0.400365,42.58507,23.409882,16.547628,0.985447,14232234.0
CN,2585,2022-03-25,-3.421433,19.5978,19.20453,19.738885,22.450568,19.522375,20.32617,-0.803796,-0.954206,0.300821,39.001636,22.78134,16.69643,0.980201,13739249.6
CN,2585,2022-03-28,-9.969475,19.01262,19.06013,19.41732,22.301107,19.118917,20.072373,-0.953455,-0.954056,0.001201,31.076543,22.223374,16.611266,1.044537,20346029.8
CN,2585,2022-03-29,-2.923094,18.28494,18.95563,19.07913,22.148003,18.70153,19.800782,-1.099252,-0.983095,-0.232314,29.379433,21.611739,16.546521,1.075105,28750011.6
CN,2585,2022-03-30,4.458762,17.73016,18.82643,18.850665,22.006617,18.460895,19.603495,-1.1426,-1.014996,-0.255208,35.036829,21.212563,16.488767,1.058705,35549082.4
CN,2585,2022-03-31,-9.81129,16.9341,18.39325,18.57375,21.846232,17.998603,19.296273,-1.29767,-1.071531,-0.452277,29.238733,21.153973,15.993527,1.105219,50307591.6
CN,2585,2022-04-01,-0.12293,16.26724,17.93252,18.343385,21.685372,17.60451,19.010401,-1.40589,-1.138403,-0.534975,29.179969,21.168383,15.518387,1.07106,56527276.6
CN,2585,2022-04-06,1.969295,16.03546,17.52404,18.18047,21.51897,17.317816,18.768223,-1.450406,-1.200804,-0.499206,31.550413,21.20419,15.15675,1.063085,53470146.4
CN,2585,2022-04-07,-4.34534,15.76568,17.02531,18.010425,21.34956,16.969999,18.493317,-1.523319,-1.265307,-0.516025,29.183521,21.321474,14.699376,1.036686,47550184.2
CN,2585,2022-04-08,-1.577339,15.3021,16.51613,17.84133,21.19329,16.639153,18.221183,-1.58203,-1.328651,-0.506758,28.3872,21.429892,14.252768,1.002673,45102812.4
CN,2585,2022-04-11,-5.577111,15.0095,15.9718,17.59339,21.023562,16.232052,17.907984,-1.675932,-1.398107,-0.555649,25.753587,21.510938,13.675842,0.995517,34405381.6
CN,2585,2022-04-12,1.493604,14.7625,15.51487,17.3597,20.882492,15.919736,17.633467,-1.71373,-1.461232,-0.504997,27.58319,21.49493,13.22447,0.969873,30315814.0
CN,2585,2022-04-13,-3.010139,14.3692,15.20233,17.13123,20.72258,15.5897,17.347617,-1.757917,-1.520569,-0.474696,26.163009,21.520801,12.741659,0.931811,27417394.2
CN,2585,2022-04-14,-0.758648,14.0918,14.92874,16.942185,20.563777,15.294362,17.075201,-1.78084,-1.572623,-0.416433,25.813141,21.579098,12.305272,0.90461,26954676.2
CN,2585,2022-04-15,-0.764448,13.841,14.57155,16.69899,20.3646,15.028383,16.815223,-1.78684,-1.615467,-0.342748,25.446675,21.505489,11.892491,0.871888,25208109.0
CN,2585,2022-04-18,3.151377,13.841,14.42525,16.40925,20.183948,14.869093,16.60617,-1.737077,-1.639789,-0.194576,29.835175,21.133968,11.684532,0.863896,22433349.0
CN,2585,2022-04-19,1.90095,13.8524,14.30745,16.119985,19.994747,14.775233,16.432305,-1.657073,-1.643245,-0.027654,32.497724,20.622236,11.617734,0.842225,22726214.0
CN,2585,2022-04-20,-3.331229,13.8543,14.11175,15.817895,19.792245,14.622735,16.236135,-1.613399,-1.637276,0.047754,30.287491,20.089894,11.545896,0.821423,22962620.8
CN,2585,2022-04-21,-5.375798,13.7289,13.91035,15.46783,19.582143,14.379699,15.999606,-1.619907,-1.633802,0.027791,27.181707,19.433597,11.502063,0.823821,23221406.4
CN,2585,2022-04-22,1.966572,13.6757,13.75835,15.13724,19.385183,14.213515,15.799598,-1.586084,-1.624259,0.07635,29.86279,18.64175,11.63273,0.800941,23395327.0
CN,2585,2022-04-25,-9.999624,13.27102,13.55601,14.763905,19.183948,13.868297,15.515895,-1.647598,-1.628926,-0.037342,24.770425,17.93163,11.59618,0.838724,25934990.2
CN,2585,2022-04-26,-8.174876,12.61744,13.23492,14.374895,18.980813,13.425651,15.180725,-1.755073,-1.654156,-0.201835,21.82188,17.385565,11.364225,0.855494,28798164.8
CN,2585,2022-04-27,10.026294,12.27926,13.06678,14.134555,18.782587,13.220643,14.952012,-1.731368,-1.669598,-0.12354,31.684634,17.067006,11.202104,0.873101,31512090.4
CN,2585,2022-04-28,0.078557,12.09118,12.91004,13.91939,18.595602,13.048637,14.740944,-1.692307,-1.67414,-0.036335,31.764553,16.78436,11.05442,0.850773,34019901.2
CN,2585,2022-04-29,5.023714,11.9734,12.82455,13.69805,18.423975,12.996631,14.590548,-1.593917,-1.658096,0.128357,36.855857,16.194688,11.201412,0.861253,37113904.0
CN,2585,2022-05-05,0.747408,12.1406,12.70581,13.56553,18.268657,12.967242,14.45833,-1.491088,-1.624694,0.267212,37.638814,15.953871,11.177189,0.840442,34999193.8
CN,2585,2022-05-06,-4.154432,12.3971,12.50727,13.40736,18.091963,12.860528,14.296498,-1.435971,-1.586949,0.301958,35.020061,15.695905,11.118815,0.819768,31385961.6
CN,2585,2022-05-09,2.399459,12.4921,12.38568,13.248715,17.913528,12.815539,14.168469,-1.35293,-1.540145,0.374431,37.607953,15.295288,11.202142,0.793106,27161954.8
CN,2585,2022-05-10,2.795968,12.65548,12.37333,13.14184,17.756467,12.831533,14.075952,-1.24442,-1.481,0.473161,40.645492,15.015465,11.268215,0.790055,24715675.0
CN,2585,2022-05-11,3.676613,12.79226,12.38283,13.07059,17.601463,12.918143,14.025474,-1.107331,-1.406267,0.59787,44.57362,14.78524,11.35594,0.804873,24587218.8
CN,2585,2022-05-12,2.553287,12.97844,12.55952,13.057765,17.468152,13.044044,14.004069,-0.960025,-1.317018,0.713987,47.279027,14.748293,11.367237,0.803703,25663938.2
CN,2585,2022-05-13,-0.691588,13.25202,12.82456,13.02974,17.346397,13.13596,13.977212,-0.841252,-1.221865,0.761227,46.598616,14.661009,11.398471,0.771403,24607191.0
CN,2585,2022-05-16,1.114247,13.4971,12.9946,13.03069,17.2248,13.23712,13.963604,-0.726483,-1.122789,0.79261,47.890792,14.663714,11.397666,0.757696,27016279.0
CN,2585,2022-05-17,0.774278,13.69326,13.17437,13.042205,17.091685,13.339148,13.958915,-0.619767,-1.022184,0.804835,48.827742,14.696211,11.388199,0.730596,26068720.0
CN,2585,2022-05-18,1.186305,13.8274,13.30983,13.06719,16.945485,13.450848,13.966788,-0.515939,-0.920935,0.809992,50.313255,14.766536,11.367844,0.720675,23109892.4
CN,2585,2022-05-19,1.724113,13.94164,13.46004,13.082925,16.802693,13.582672,13.99204,-0.409369,-0.818622,0.818506,52.497176,14.821641,11.344209,0.713541,22582950.0
CN,2585,2022-05-20,1.152526,14.10786,13.67994,13.093605,16.65125,13.719584,14.027637,-0.308054,-0.716508,0.816909,53.978503,14.863432,11.323778,0.696524,23230876.0
CN,2585,2022-05-23,-0.335116,14.23398,13.86554,13.12561,16.496307,13.827971,14.057005,-0.229034,-0.619013,0.779959,53.450557,14.965964,11.285256,0.666865,21049912.6
CN,2585,2022-05-24,-2.82444,14.25726,13.97526,13.174295,16.341698,13.857006,14.054019,-0.197013,-0.534613,0.6752,49.105801,15.054419,11.294171,0.690596,24303563.8
CN,2585,2022-05-25,0.899641,14.27278,14.05009,13.21646,16.176208,13.900974,14.060596,-0.159621,-0.459615,0.599987,50.44841,15.143172,11.289748,0.674525,23955068.4
CN,2585,2022-05-26,0.342931,14.2495,14.09557,13.327545,16.023402,13.94564,14.070278,-0.124638,-0.392619,0.535964,50.983998,15.209563,11.445527,0.669995,22893510.2
CN,2585,2022-05-27,-1.708793,14.14474,14.1263,13.47543,15.86307,13.946126,14.061279,-0.115153,-0.337126,0.443946,48.179898,15.03745,11.91341,0.670638,21289460.4
CN,2585,2022-05-30,1.329147,14.08676,14.16037,13.577485,15.709787,13.97506,14.066681,-0.09162,-0.288025,0.39281,50.424846,15.027614,12.127356,0.655307,21904792.6
CN,2585,2022-05-31,3.637984,14.2131,14.23518,13.704775,15.567765,14.078651,14.109771,-0.03112,-0.236644,0.411048,56.104652,15.058429,12.351121,0.661856,20167390.4
CN,2585,2022-06-01,0.066219,14.31616,14.29447,13.80215,15.450288,14.167797,14.150388,0.017409,-0.185833,0.406485,56.206582,15.135769,12.468531,0.645759,20344104.4
CN,2585,2022-06-02,-0.198525,14.4037,14.3266,13.89332,15.3442,14.238751,14.185841,0.052911,-0.138085,0.38199,55.788047,15.190781,12.595859,0.628734,19815174.2
CN,2585,2022-06-06,5.238909,14.69302,14.41888,14.04941,15.266718,14.416697,14.275438,0.14126,-0.082216,0.446951,63.497357,15.279247,12.819573,0.652424,23323881.8
CN,2585,2022-06-07,-1.575795,14.89674,14.49175,14.178645,15.20261,14.529944,14.340428,0.189516,-0.027869,0.434771,59.934699,15.296827,13.060463,0.650172,25028801.2
CN,2585,2022-06-08,-1.664379,14.94718,14.58014,14.2777,15.143322,14.586968,14.381922,0.205046,0.018714,0.372665,56.392456,15.276819,13.278581,0.654317,24494118.6
CN,2585,2022-06-09,-4.296471,14.86764,14.5919,14.320995,15.077638,14.536727,14.37292,0.163807,0.047732,0.232148,48.548561,15.234664,13.407326,0.664402,24977315.6
CN,2585,2022-06-10,4.013211,14.90838,14.65604,14.375805,15.008987,14.582261,14.406978,0.175283,0.073243,0.204081,54.624642,15.274035,13.477575,0.676537,26094312.6
CN,2585,2022-06-13,-0.850149,14.77062,14.73182,14.42906,14.9395,14.60139,14.429172,0.172218,0.093038,0.158361,53.135664,15.271388,13.586732,0.662163,23807592.2
CN,2585,2022-06-14,2.836142,14.7648,14.83077,14.49557,14.88583,14.681746,14.480619,0.201127,0.114655,0.172943,57.283356,15.336724,13.654416,0.677916,24980431.2
CN,2585,2022-06-15,2.758584,14.89286,14.92002,14.5776,14.853997,14.813923,14.559158,0.254765,0.142677,0.224175,61.001301,15.487709,13.667491,0.685622,30174189.4
CN,2585,2022-06-16,-0.873823,15.1218,14.99472,14.644595,14.803592,14.904873,14.62182,0.283053,0.170753,0.224601,59.195239,15.590526,13.698664,0.686535,33619108.2
CN,2585,2022-06-17,0.314831,15.24598,15.07718,14.70189,14.731355,14.989293,14.683434,0.305859,0.197774,0.216171,59.654663,15.696803,13.706977,0.665911,34219027.2
CN,2585,2022-06-20,4.833178,15.54476,15.15769,14.788285,14.667292,15.175632,14.795809,0.379823,0.234184,0.291279,66.002862,15.970929,13.605641,0.693181,38043726.8
CN,2585,2022-06-21,1.43761,15.8067,15.28575,14.88875,14.610752,15.369135,14.917112,0.452023,0.277752,0.348543,67.709061,16.257337,13.520163,0.713654,41425407.0
CN,2585,2022-06-22,-2.892889,15.89012,15.39149,14.985815,14.542647,15.45973,14.994215,0.465515,0.315304,0.300421,60.981471,16.368532,13.603098,0.700793,36544348.8
CN,2585,2022-06-23,2.00589,16.06472,15.59326,15.09258,14.482093,15.585633,15.089317,0.496315,0.351507,0.289618,63.603759,16.527215,13.657945,0.706172,33793962.8
CN,2585,2022-06-24,0.834864,16.2568,15.75139,15.203715,14.431722,15.713074,15.187442,0.525632,0.386332,0.278601,64.688786,16.685451,13.721979,0.690381,34718943.2
CN,2585,2022-06-27,-0.236384,16.29174,15.91825,15.325035,14.391787,15.814939,15.275424,0.539515,0.416968,0.245094,64.101233,16.772855,13.877215,0.677104,32398007.2
CN,2585,2022-06-28,2.961796,16.3771,16.0919,15.461335,14.391125,15.975749,15.392815,0.582934,0.450161,0.265545,68.012307,16.947807,13.974863,0.678632,28017161.2
CN,2585,2022-06-29,0.632851,16.57888,16.2345,15.57726,14.400475,16.128234,15.509414,0.61882,0.483893,0.269853,68.817202,17.151114,14.003406,0.707073,31073357.6
CN,2585,2022-06-30,3.430798,16.83306,16.44889,15.721805,14.407335,16.346813,15.660494,0.686319,0.524378,0.323881,72.833352,17.45444,13.98917,0.725861,31958566.6
CN,2585,2022-07-01,1.105476,17.09886,16.67783,15.877505,14.445452,16.561611,15.814754,0.746857,0.568874,0.355966,74.033665,17.743853,14.011157,0.714899,30471445.0
CN,2585,2022-07-04,-0.820042,17.34332,16.81753,15.98761,14.48146,16.720979,15.946809,0.774169,0.609933,0.328473,71.482696,17.982593,13.992627,0.694328,28647585.2
CN,2585,2022-07-05,-1.709334,17.43062,16.90386,16.094805,14.507388,16.809551,16.046801,0.76275,0.640496,0.244507,66.389669,18.128854,14.060756,0.691161,28093652.2
CN,2585,2022-07-06,-2.411443,17.41316,16.99602,16.193755,14.537765,16.820328,16.10849,0.711838,0.654765,0.114146,60.005384,18.177727,14.209783,0.69445,24599353.0
CN,2585,2022-07-07,0.344795,17.29092,17.06199,16.327625,14.57307,16.8384,16.16992,0.66848,0.657508,0.021945,60.575089,18.12418,14.53107,0.687803,21379873.0
CN,2585,2022-07-08,0.0,17.12988,17.11437,16.43288,14.62215,16.853693,16.2268,0.626892,0.651385,-0.048985,60.575089,18.109423,14.756337,0.685796,20381321.8
CN,2585,2022-07-11,-1.947124,16.93198,17.13765,16.52795,14.66225,16.815894,16.255037,0.560857,0.633279,-0.144845,55.389774,18.006046,15.049854,0.695018,20401743.6
CN,2585,2022-07-12,-0.52565,16.77678,17.1037,16.5978,14.70802,16.770479,16.274716,0.495763,0.605776,-0.220025,54.070338,17.928544,15.267056,0.680017,18542850.6
CN,2585,2022-07-13,9.982023,17.03482,17.22399,16.729245,14.783017,16.985759,16.415093,0.570667,0.598754,-0.056175,69.062434,18.133737,15.324753,0.767951,27466307.4
CN,2585,2022-07-14,6.620326,17.5218,17.40636,16.927625,14.879803,17.352981,16.634175,0.718806,0.622765,0.192084,75.376234,18.619393,15.235857,0.81704,43379254.2
CN,2585,2022-07-15,3.205026,18.13296,17.63142,17.154625,14.979813,17.75923,16.883021,0.876209,0.673454,0.405511,77.885043,19.179829,15.129421,0.892416,52501328.8
CN,2585,2022-07-18,9.995198,19.20976,18.07087,17.4442,15.108697,18.410426,17.261464,1.148962,0.768555,0.760813,83.656678,20.318919,14.569481,0.971415,65856484.0
CN,2585,2022-07-19,1.676064,20.37774,18.57726,17.74056,15.25164,19.018145,17.639178,1.378967,0.890638,0.976659,84.46217,21.282105,14.199015,0.984485,79301214.6
CN,2585,2022-07-20,2.38634,21.32262,19.17872,18.08737,15.415827,19.614461,18.028439,1.586022,1.029714,1.112616,85.57085,22.178572,13.996168,1.002165,76211240.6
CN,2585,2022-07-21,-1.907033,21.9396,19.7307,18.396345,15.568462,20.051867,18.356525,1.695342,1.16284,1.065005,80.508959,22.814621,13.978069,1.024817,66774582.6
CN,2585,2022-07-22,4.017348,22.61284,20.3729,18.743635,15.758298,20.56078,18.727138,1.833642,1.297,1.073283,82.776301,23.558192,13.929078,1.031302,64153331.8
CN,2585,2022-07-25,-5.274018,22.64,20.92488,19.031265,15.94391,20.80186,18.979039,1.822821,1.402165,0.841313,70.684314,23.932046,14.130484,1.167595,62478101.2
CN,2585,2022-07-26,9.995571,23.0358,21.70677,19.405235,16.148018,21.346127,19.376117,1.97001,1.515734,0.908553,77.140525,24.711007,14.099463,1.264352,60580244.8
CN,2585,2022-07-27,6.138145,23.62368,22.47315,19.84857,16.376868,22.036508,19.854449,2.182059,1.648999,1.06612,80.296982,25.717191,13.979949,1.295305,64680542.4
CN,2585,2022-07-28,1.68966,24.38618,23.16289,20.284625,16.60286,22.68783,20.329683,2.358147,1.790828,1.134637,81.117361,26.67757,13.89168,1.330284,67478702.0
CN,2585,2022-07-29,2.252751,25.0866,23.84972,20.74057,16.837132,23.329994,20.813551,2.516444,1.935951,1.160985,82.199516,27.625215,13.855925,1.335735,66475266.2
CN,2585,2022-08-01,1.119429,26.09356,24.36678,21.218825,17.085282,23.919626,21.283851,2.635776,2.075916,1.119718,82.740757,28.482167,13.955483,1.403161,62684828.0
CN,2585,2022-08-02,-4.428516,26.41758,24.72669,21.651975,17.308475,24.233484,21.63021,2.603274,2.181388,0.843772,73.157774,28.961163,14.342787,1.417964,58531984.6
CN,2585,2022-08-03,-3.101731,26.28176,24.95272,22.06572,17.512392,24.375178,21.891268,2.48391,2.241892,0.484036,67.520419,29.181752,14.949688,1.512781,57583463.4
CN,2585,2022-08-04,-4.319307,25.84134,25.11376,22.42223,17.690283,24.32792,22.052508,2.275413,2.248596,0.053632,60.721105,29.180353,15.664107,1.532911,56479871.4
CN,2585,2022-08-05,0.443327,25.3039,25.19525,22.784075,17.864253,24.304348,22.209707,2.094641,2.217805,-0.246329,61.135017,29.088592,16.479558,1.493403,53640826.4
CN,2585,2022-08-08,5.73823,24.98376,25.53866,23.23177,18.062927,24.497817,22.458018,2.0398,2.182204,-0.284809,66.131896,28.964108,17.499432,1.565502,51901576.0
CN,2585,2022-08-09,-1.138413,24.846,25.63179,23.66928,18.254217,24.616753,22.666379,1.950374,2.135838,-0.370928,64.265278,28.559879,18.778681,1.524359,48081301.0
CN,2585,2022-08-10,-5.719622,24.5802,25.43098,23.952065,18.419637,24.495022,22.75224,1.742782,2.057227,-0.62889,55.83519,28.141828,19.762302,1.595634,53672156.6
CN,2585,2022-08-11,-3.705274,24.35514,25.09824,24.130565,18.567595,24.256203,22.766348,1.489855,1.943752,-0.907795,51.400324,27.796122,20.465008,1.632717,57560009.8
CN,2585,2022-08-12,2.325358,24.21544,24.75967,24.304695,18.720403,24.136203,22.81893,1.317273,1.818457,-1.002367,53.789091,27.463455,21.145935,1.640816,64691639.0
CN,2585,2022-08-15,3.223264,23.94964,24.4667,24.41674,18.883075,24.151079,22.923668,1.227411,1.700247,-0.945673,57.016239,27.393125,21.440355,1.660815,63853195.4
CN,2585,2022-08-16,5.764477,24.02142,24.43371,24.5802,19.069837,24.378575,23.124123,1.254452,1.611088,-0.713272,62.256392,27.443896,21.716504,1.727885,68311414.6
CN,2585,2022-08-17,-2.043715,24.27752,24.42886,24.69079,19.254658,24.490486,23.270928,1.219558,1.532782,-0.626449,59.335349,27.454593,21.926987,1.686922,55898989.8
CN,2585,2022-08-18,1.31363,24.77614,24.56564,24.8397,19.442875,24.635919,23.431289,1.20463,1.467152,-0.525044,60.589181,27.421074,22.258326,1.648192,46386487.2
CN,2585,2022-08-19,-6.102029,24.85764,24.53654,24.865895,19.604415,24.520193,23.464801,1.055392,1.3848,-0.658816,52.400541,27.396806,22.334984,1.657957,39810275.2
CN,2585,2022-08-22,-2.274773,24.67914,24.31439,24.926525,19.760942,24.338687,23.455586,0.8831,1.28446,-0.802719,49.860293,27.241002,22.612048,1.657331,37383904.8
CN,2585,2022-08-23,0.37403,24.23872,24.13007,24.88093,19.915833,24.198535,23.453521,0.745014,1.176571,-0.863113,50.277405,27.274439,22.487421,1.601315,31589614.8
CN,2585,2022-08-24,-9.606577,23.45294,23.86523,24.648105,20.024645,23.733699,23.284897,0.448802,1.031017,-1.16443,40.843997,27.489621,21.806589,1.653928,36087268.4
CN,2585,2022-08-25,-3.939633,22.43434,23.60524,24.35174,20.11939,23.212022,23.066964,0.145058,0.853825,-1.417534,37.997813,27.653836,21.049644,1.657747,40835142.8
CN,2585,2022-08-26,-3.719252,21.57484,23.21624,23.987955,20.20201,22.654203,22.809129,-0.154926,0.652075,-1.614002,35.576626,27.683408,20.292502,1.634272,41356298.0
CN,2585,2022-08-29,1.238117,20.8725,22.77582,23.62126,20.275898,22.21951,22.588357,-0.368846,0.447891,-1.633474,36.963047,27.437373,19.805147,1.594453,41859899.4
CN,2585,2022-08-30,0.293514,20.16434,22.20153,23.31762,20.3548,21.860647,22.388249,-0.527602,0.252792,-1.560788,37.311732,27.303766,19.331474,1.556785,43949236.4
CN,2585,2022-08-31,-6.097481,19.66378,21.55836,22.99361,20.417695,21.37044,22.113142,-0.742702,0.053693,-1.59279,33.19215,27.36473,18.62249,1.568922,42780634.8
CN,2585,2022-09-01,0.779146,19.35918,20.89676,22.7312,20.493685,20.978034,21.86919,-0.891157,-0.135277,-1.51176,34.131902,27.430618,18.031782,1.508827,37966114.0
CN,2585,2022-09-02,1.185454,19.25052,20.41268,22.47461,20.563855,20.680321,21.659836,-0.979515,-0.304124,-1.350781,35.627137,27.386346,17.562874,1.466883,36555632.8
CN,2585,2022-09-05,-1.324378,19.04292,19.95771,22.13605,20.631923,20.38961,21.447307,-1.057697,-0.454839,-1.205716,34.669046,27.083233,17.188867,1.427934,35041392.8
CN,2585,2022-09-06,4.852933,19.00606,19.5852,21.857635,20.708238,20.283916,21.318069,-1.034153,-0.570702,-0.926903,40.861758,26.693278,17.021992,1.439574,36301222.0
CN,2585,2022-09-07,-2.019023,19.13216,19.39797,21.6316,20.77097,20.133283,21.168938,-1.035655,-0.663692,-0.743926,39.119711,26.500683,16.762517,1.39634,33561298.8
CN,2585,2022-09-08,-3.014794,19.11276,19.23597,21.420605,20.826265,19.916286,20.987743,-1.071457,-0.745245,-0.652424,36.657377,26.408422,16.432788,1.370052,33806974.2
CN,2585,2022-09-09,0.880744,19.08172,19.16612,21.19118,20.8835,19.758042,20.832184,-1.074143,-0.811025,-0.526235,37.851002,26.201749,16.180611,1.340791,34720986.4
CN,2585,2022-09-13,-1.694754,19.0371,19.04001,20.907915,20.922952,19.574897,20.664437,-1.08954,-0.866728,-0.445625,36.416441,25.838541,15.977289,1.324013,33808377.0
CN,2585,2022-09-14,-2.455891,18.7189,18.86248,20.532005,20.950922,19.349774,20.475338,-1.125564,-0.918495,-0.414138,34.41539,25.098237,15.965773,1.282105,31375587.8
CN,2585,2022-09-15,-7.605623,18.20476,18.66846,20.11341,20.963857,18.947363,20.198209,-1.250847,-0.984965,-0.531762,29.196248,24.455082,15.771738,1.321483,34256725.8
CN,2585,2022-09-16,-1.101344,17.77016,18.44146,19.66911,20.968385,18.578507,19.927957,-1.34945,-1.057862,-0.583175,28.571932,23.533667,15.804553,1.266584,33598099.0
CN,2585,2022-09-19,-1.230831,17.26184,18.17178,19.29223,20.967253,18.23506,19.662634,-1.427574,-1.131805,-0.591539,27.862759,22.90091,15.68355,1.225314,30965631.2
CN,2585,2022-09-20,1.780241,16.87574,17.95642,18.957065,20.971618,17.98922,19.43852,-1.449301,-1.195304,-0.507994,30.516042,22.229012,15.685118,1.185599,30595721.2
CN,2585,2022-09-21,1.690799,16.6371,17.678,18.6316,20.972588,17.824478,19.251845,-1.427367,-1.241716,-0.3713,33.078468,21.299154,15.964046,1.169513,30225358.0
CN,2585,2022-09-22,-3.784637,16.5459,17.37533,18.38665,20.961108,17.586574,19.031567,-1.444994,-1.282372,-0.325243,30.336104,20.972713,15.800587,1.160119,32111770.2
CN,2585,2022-09-23,-4.290427,16.35188,17.06102,18.148495,20.928287,17.277824,18.775874,-1.49805,-1.325507,-0.345084,27.644034,20.845037,15.451953,1.156247,37129830.6
CN,2585,2022-09-26,0.311303,16.2083,16.73507,17.950595,20.89304,17.024036,18.542713,-1.518677,-1.364141,-0.309071,28.121069,20.774008,15.127182,1.13255,39445663.0
CN,2585,2022-09-27,1.179278,16.04338,16.45956,17.749785,20.86329,16.837646,18.340475,-1.502829,-1.391879,-0.2219,30.009425,20.581603,14.917967,1.088375,40632614.4
CN,2585,2022-09-28,-5.398893,15.65146,16.14428,17.50338,20.824325,16.548592,18.08998,-1.541388,-1.421781,-0.239214,26.532289,20.405241,14.601519,1.074384,39862086.4
CN,2585,2022-09-29,0.453913,15.40118,15.97354,17.321,20.793443,16.314455,17.863071,-1.548615,-1.447148,-0.202936,27.254262,20.360791,14.281209,1.022585,31526153.6
CN,2585,2022-09-30,-3.679451,15.18,15.76594,17.1037,20.752377,16.031277,17.612013,-1.580736,-1.473865,-0.213742,25.091942,20.301118,13.906282,0.991808,25137619.4
CN,2585,2022-10-10,-4.490873,14.81912,15.51371,16.842745,20.700477,15.691666,17.331405,-1.63974,-1.50704,-0.265399,22.80159,20.211801,13.473689,0.978479,23610363.0
CN,2585,2022-10-11,1.333208,14.45824,15.25081,16.603615,20.657145,15.432655,17.085234,-1.652579,-1.536148,-0.232862,24.894902,20.063376,13.143854,0.946702,21583302.4
CN,2585,2022-10-12,3.670733,14.37094,15.0112,16.3446,20.623838,15.292601,16.895387,-1.602787,-1.549476,-0.106622,30.553001,19.607608,13.081592,0.96223,23070104.8
CN,2585,2022-10-13,-1.068701,14.23902,14.8201,16.097715,20.56046,15.150216,16.708107,-1.557891,-1.551159,-0.013464,29.822715,19.169027,13.026403,0.930914,24636755.6
CN,2585,2022-10-14,4.456014,14.34572,14.76286,15.91194,20.487703,15.128229,16.582121,-1.453892,-1.531705,0.155626,36.558957,18.767548,13.056332,0.92747,28264865.0
CN,2585,2022-10-17,-1.421975,14.53974,14.67943,15.70725,20.401042,15.076794,16.44966,-1.372867,-1.499938,0.254142,35.341186,18.250059,13.164441,0.915958,29530754.8
CN,2585,2022-10-18,4.262568,14.82302,14.64063,15.550095,20.291583,15.130287,16.373722,-1.243435,-1.448637,0.410403,41.538275,17.7288,13.37139,0.910125,35449444.4
CN,2585,2022-10-19,-1.321275,14.9627,14.66682,15.40555,20.172585,15.144197,16.288313,-1.144117,-1.387733,0.487233,40.197386,17.242019,13.569081,0.894316,38812936.2
CN,2585,2022-10-20,-1.720683,15.08104,14.66003,15.316785,20.040328,15.115674,16.189831,-1.074157,-1.325018,0.501722,38.478382,17.056903,13.576667,0.880329,39139510.8
CN,2585,2022-10-21,-1.296895,15.03254,14.68913,15.227535,19.912115,15.061693,16.084273,-1.02258,-1.26453,0.483901,37.20904,16.886758,13.568312,0.845163,35308949.8
CN,2585,2022-10-24,-0.788362,15.00344,14.77159,15.14265,19.766925,14.99811,15.977912,-0.979802,-1.207585,0.455565,36.43246,16.736714,13.548586,0.849237,34774566.8
CN,2585,2022-10-25,1.787909,14.9006,14.86181,15.05631,19.646633,14.984601,15.89883,-0.914229,-1.148913,0.469369,39.492413,16.496915,13.615705,0.868956,32019420.4
CN,2585,2022-10-26,-0.390334,14.82688,14.89479,14.952995,19.488508,14.964216,15.821294,-0.857078,-1.090546,0.466936,39.042643,16.113819,13.792171,0.847773,29270790.6
CN,2585,2022-10-27,-5.421456,14.6445,14.86277,14.841435,19.292063,14.82309,15.689858,-0.866767,-1.045791,0.358047,33.378777,15.895357,13.787513,0.865518,33245414.8
CN,2585,2022-10-28,-10.013597,14.2196,14.62607,14.694465,19.0649,14.487277,15.463964,-0.976688,-1.03197,0.110564,26.222341,16.067178,13.321752,0.904167,30845182.2
CN,2585,2022-10-31,-9.97682,13.56576,14.2846,14.482015,18.806855,14.009111,15.161389,-1.152278,-1.056032,-0.192493,21.725052,16.412721,12.551309,0.929662,28763739.4
CN,2585,2022-11-01,-4.092555,12.7664,13.8335,14.237065,18.536037,13.532863,14.846731,-1.313868,-1.107599,-0.412538,20.337892,16.620434,11.853696,0.938093,46418476.8
CN,2585,2022-11-02,5.067119,12.08928,13.45808,14.06245,18.294483,13.214961,14.596343,-1.381382,-1.162356,-0.438053,26.351477,16.706218,11.418682,0.929294,56895690.6
CN,2585,2022-11-03,0.930537,11.59454,13.11952,13.889775,18.068128,12.962382,14.372407,-1.410024,-1.211889,-0.39627,27.488869,16.704657,11.074893,0.903101,57374463.8
CN,2585,2022-11-04,8.04704,11.56738,12.89349,13.79131,17.875403,12.891939,14.234043,-1.342104,-1.237932,-0.208344,36.680519,16.654937,10.927683,0.916201,69660101.6
CN,2585,2022-11-07,2.016874,11.84288,12.70432,13.737955,17.685103,12.871133,14.124611,-1.253478,-1.241041,-0.024872,38.937879,16.636721,10.839189,0.88748,75034021.6
CN,2585,2022-11-08,-1.672846,12.16884,12.46762,13.664715,17.468127,12.820697,14.007476,-1.186779,-1.230189,0.086819,37.712739,16.606183,10.723247,0.861503,56825735.2
CN,2585,2022-11-09,1.314646,12.41718,12.25323,13.57401,17.258748,12.80339,13.911234,-1.107844,-1.20572,0.195752,39.302012,16.515985,10.632035,0.832531,45511475.0
CN,2585,2022-11-10,-1.831888,12.59762,12.09608,13.479425,17.06958,12.75293,13.804876,-1.051946,-1.174965,0.246039,37.834329,16.434932,10.523918,0.801472,41781724.4
CN,2585,2022-11-11,-0.544271,12.57822,12.0728,13.349435,16.893993,12.699787,13.701366,-1.00158,-1.140288,0.277417,37.395687,16.252943,10.445927,0.788566,35868236.2
CN,2585,2022-11-14,-1.876285,12.46182,12.15235,13.218475,16.705635,12.619004,13.58828,-0.969276,-1.106086,0.27362,35.860576,16.085609,10.351341,0.769655,32444069.8
CN,2585,2022-11-15,5.178772,12.5142,12.34152,13.08751,16.515173,12.64765,13.530274,-0.882624,-1.061393,0.357538,42.718876,15.773158,10.401862,0.768036,34384335.6
CN,2585,2022-11-16,-1.59076,12.49286,12.45502,12.95655,16.298035,12.64055,13.461476,-0.820926,-1.0133,0.384747,41.186597,15.462791,10.450309,0.74782,34445261.2
CN,2585,2022-11-17,-0.76975,12.49868,12.54815,12.833835,16.08801,12.619619,13.390589,-0.77097,-0.964834,0.387728,40.442681,15.170515,10.497155,0.72489,33632130.4
CN,2585,2022-11-18,-2.094446,12.4657,12.52196,12.707725,15.868123,12.561616,13.305553,-0.743937,-0.920654,0.353436,38.424659,14.88043,10.53502,0.705676,31594983.6
CN,2585,2022-11-21,9.98399,12.72374,12.59278,12.64855,15.694477,12.700583,13.317356,-0.616773,-0.859878,0.48621,50.770905,14.665493,10.631607,0.745349,33985615.4
CN,2585,2022-11-22,8.573402,13.08656,12.80038,12.634,15.549125,12.99577,13.413796,-0.418026,-0.771508,0.706963,59.109832,14.588707,10.679293,0.788424,60361769.6
CN,2585,2022-11-23,0.464455,13.5037,12.99828,12.625755,15.40345,13.25599,13.508123,-0.252133,-0.667633,0.831,59.543912,14.54402,10.70749,0.816644,80692867.4
CN,2585,2022-11-24,7.001334,14.1459,13.32229,12.709185,15.312423,13.634376,13.671632,-0.037256,-0.541557,1.008603,65.514566,14.980148,10.438222,0.892734,105612771.4
CN,2585,2022-11-25,-2.4689,14.76288,13.61429,12.843545,15.228835,13.894857,13.794289,0.100568,-0.413132,1.0274,61.807939,15.384259,10.302831,0.898953,121989471.2
CN,2585,2022-11-28,-1.962486,15.07524,13.89949,13.02592,15.152843,14.068987,13.885579,0.183408,-0.293824,0.954464,59.020076,15.642513,10.409327,0.901263,129824609.0
CN,2585,2022-11-29,1.743563,15.20912,14.14784,13.24468,15.077177,14.256635,13.989514,0.267121,-0.181635,0.897513,60.683527,15.84981,10.63955,0.90618,111637220.0
CN,2585,2022-11-30,-2.792258,15.24404,14.37387,13.414445,14.993425,14.349737,14.054127,0.29561,-0.086186,0.763592,56.648584,15.976096,10.852794,0.884417,97253943.6
CN,2585,2022-12-01,1.566432,15.11986,14.63288,13.590515,14.933763,14.464331,14.131199,0.333132,-0.002323,0.670909,58.277787,16.105391,11.075639,0.864902,78538530.8
CN,2585,2022-12-02,-2.184887,15.00732,14.8851,13.70353,14.86618,14.510557,14.178133,0.332425,0.064627,0.535595,55.117587,16.216181,11.190879,0.852323,68970724.0
CN,2585,2022-12-05,-1.970904,14.89674,14.98599,13.789385,14.790028,14.504902,14.200034,0.304868,0.112675,0.384386,52.416688,16.284038,11.294732,0.830243,64406084.6
CN,2585,2022-12-06,1.1393,14.76674,14.98793,13.894155,14.720828,14.525487,14.232528,0.292959,0.148732,0.288454,53.798307,16.346319,11.441991,0.82499,60390131.6
CN,2585,2022-12-07,4.57281,14.856,15.05002,14.02415,14.647587,14.645889,14.3122,0.333689,0.185723,0.295931,59.002365,16.486682,11.561618,0.86584,67835766.6
CN,2585,2022-12-08,-2.852085,14.81138,14.96562,14.143955,14.573698,14.680598,14.353629,0.326969,0.213972,0.225993,54.676549,16.525242,11.762668,0.838645,66743592.0
CN,2585,2022-12-09,-1.761087,14.78034,14.89383,14.25406,14.505145,14.669675,14.37259,0.297085,0.230595,0.13298,52.204033,16.504025,12.004095,0.80992,62349463.2
CN,2585,2022-12-12,-1.062315,14.77646,14.8366,14.368045,14.431257,14.636556,14.37865,0.257906,0.236057,0.043697,50.739743,16.406096,12.329994,0.786019,57125620.0
CN,2585,2022-12-13,-4.899546,14.59796,14.68235,14.415095,14.3509,14.499578,14.331802,0.167776,0.222401,-0.10925,44.593078,16.347358,12.482832,0.781846,55455407.0
CN,2585,2022-12-14,-0.493955,14.272,14.564,14.468935,14.277012,14.373228,14.283395,0.089833,0.195887,-0.212108,44.042196,16.250169,12.687701,0.758564,42076238.6
CN,2585,2022-12-15,1.134644,14.0644,14.43789,14.535385,14.228668,14.290193,14.250069,0.040124,0.164735,-0.249222,45.693584,16.105126,12.965644,0.729324,36059407.8
CN,2585,2022-12-16,-5.820653,13.74814,14.26424,14.57467,14.169977,14.096055,14.159568,-0.063512,0.119085,-0.365195,39.225781,15.938782,13.210558,0.736129,37800790.2
CN,2585,2022-12-19,-1.712426,13.4183,14.09738,14.541685,14.110962,13.897462,14.059244,-0.161782,0.062912,-0.449387,37.636182,16.037123,13.046247,0.713349,36206294.0
CN,2585,2022-12-20,0.681754,13.24756,13.92276,14.455345,14.048552,13.742853,13.972819,-0.229966,0.004336,-0.468604,38.683297,16.113439,12.797251,0.683181,29654443.6
CN,2585,2022-12-21,-2.031414,13.03802,13.65501,14.352515,13.977088,13.571737,13.873395,-0.301658,-0.056863,-0.489591,36.692858,16.186136,12.518894,0.664868,27966919.4
CN,2585,2022-12-22,-2.303929,12.73924,13.40182,14.18372,13.911447,13.382177,13.759781,-0.377603,-0.121011,-0.513185,34.564716,16.103881,12.263559,0.648556,27669099.0
CN,2585,2022-12-23,-3.145159,12.52388,13.13601,14.01492,13.850977,13.162073,13.625834,-0.463761,-0.189561,-0.5484,31.90682,16.090482,11.939358,0.63688,22751485.2
CN,2585,2022-12-26,5.682132,12.48896,12.95363,13.895115,13.801017,13.080308,13.552113,-0.471805,-0.24601,-0.45159,40.524976,15.999652,11.790578,0.646132,24232382.4
CN,2585,2022-12-27,2.303929,12.49478,12.87117,13.77676,13.752835,13.055891,13.505408,-0.449517,-0.286711,-0.325612,43.806965,15.81984,11.73368,0.632544,26555087.6
CN,2585,2022-12-28,-2.252043,12.49478,12.7664,13.6652,13.714032,12.990462,13.440608,-0.450146,-0.319398,-0.261495,41.349659,15.702764,11.627636,0.619234,27381391.6
CN,2585,2022-12-29,-1.843143,12.50642,12.62283,13.53036,13.670217,12.899283,13.363363,-0.464079,-0.348334,-0.23149,39.443471,15.528249,11.532471,0.599253,26861977.6
CN,2585,2022-12-30,-0.234719,12.58986,12.55687,13.410555,13.635132,12.817655,13.289684,-0.472029,-0.373073,-0.197911,39.200208,15.385212,11.435898,0.575849,24896186.4
CN,2585,2023-01-03,2.744832,12.60538,12.54717,13.322275,13.616538,12.800816,13.246611,-0.445795,-0.387618,-0.116355,43.572639,15.256354,11.388196,0.58391,24266545.8
CN,2585,2023-01-04,-2.442517,12.50062,12.4977,13.21023,13.5897,12.738813,13.183736,-0.444923,-0.399079,-0.091688,40.691333,15.085005,11.335455,0.576152,23107501.6
CN,2585,2023-01-05,2.894868,12.52584,12.51031,13.08266,13.560273,12.741565,13.152104,-0.410539,-0.401371,-0.018336,45.203304,14.698398,11.466922,0.569641,24340520.6
CN,2585,2023-01-06,2.813424,12.6694,12.58791,12.994865,13.539415,12.799109,13.1494,-0.350291,-0.391155,0.081728,49.352738,14.387706,11.602024,0.586467,29236176.4
CN,2585,2023-01-09,0.444509,12.83044,12.71015,12.92308,13.508858,12.856769,13.151215,-0.294445,-0.371813,0.154735,50.014886,14.108124,11.738036,0.576455,31956807.8
CN,2585,2023-01-10,-0.147261,12.9197,12.76254,12.858085,13.481535,12.902574,13.151458,-0.248884,-0.347227,0.196686,49.781655,13.822012,11.894158,0.563001,31987452.6
CN,2585,2023-01-11,-2.876582,12.99536,12.74799,12.80958,13.437395,12.883116,13.123654,-0.240537,-0.325889,0.170704,45.340394,13.683273,11.935887,0.551894,31817984.8
CN,2585,2023-01-12,1.138845,13.02834,12.77709,12.771745,13.399077,12.889037,13.108687,-0.21965,-0.304641,0.169983,47.287749,13.55225,11.99124,0.543658,29044143.2
CN,2585,2023-01-13,-1.426294,12.95268,12.81104,12.716935,13.362052,12.865693,13.081177,-0.215484,-0.28681,0.142652,45.096131,13.326807,12.107063,0.540854,24528799.8
CN,2585,2023-01-16,1.903857,12.91386,12.87215,12.71451,13.332302,12.883248,13.073667,-0.19042,-0.267532,0.154224,48.479632,13.319779,12.109241,0.547957,24302592.8
CN,2585,2023-01-17,6.128754,13.03802,12.97886,12.763015,13.31775,13.020487,13.12564,-0.105153,-0.235056,0.259805,57.690739,13.524822,12.001208,0.569796,29894578.4
CN,2585,2023-01-18,-1.126654,13.20682,13.10109,12.799395,13.296247,13.112735,13.162267,-0.049532,-0.197951,0.296839,55.602115,13.64711,11.95168,0.551268,30954125.4
CN,2585,2023-01-19,-0.356091,13.33682,13.18258,12.846445,13.274905,13.183329,13.192588,-0.009258,-0.160213,0.301909,54.932815,13.753819,11.939071,0.529213,31271038.4
CN,2585,2023-01-20,0.929146,13.5289,13.24079,12.91435,13.269085,13.262463,13.230003,0.03246,-0.121678,0.308276,56.402254,13.862207,11.966493,0.505962,30773726.8
CN,2585,2023-01-30,-0.778963,13.65114,13.2825,12.996325,13.28493,13.313007,13.256744,0.056264,-0.08609,0.284707,54.77481,13.878202,12.114448,0.496843,31171223.4
CN,2585,2023-01-31,3.497167,13.70934,13.37368,13.06811,13.329715,13.428899,13.316711,0.112188,-0.046434,0.317244,60.273709,14.047556,12.088664,0.500847,27302188.4
CN,2585,2023-02-01,0.82751,13.82186,13.51434,13.131165,13.384202,13.544868,13.380858,0.16401,-0.004346,0.33671,61.508049,14.220926,12.041404,0.492101,26639585.2
CN,2585,2023-02-02,-1.094291,13.91304,13.62493,13.20101,13.426885,13.619119,13.428758,0.190361,0.034596,0.311531,58.881073,14.331778,12.070242,0.478437,27725734.2
CN,2585,2023-02-03,0.622349,13.99646,13.76268,13.28686,13.469245,13.695378,13.479576,0.215802,0.070837,0.28993,59.918076,14.421377,12.152343,0.48237,29646009.6
CN,2585,2023-02-06,-2.405277,14.03332,13.84223,13.35719,13.490425,13.707673,13.501481,0.206192,0.097908,0.216568,54.194068,14.427916,12.286464,0.474936,27514771.6
CN,2585,2023-02-07,0.422495,13.98676,13.84805,13.413455,13.508372,13.727031,13.526075,0.200956,0.118518,0.164877,54.98792,14.459843,12.367067,0.459719,23334814.8
CN,2585,2023-02-08,-0.140239,13.91304,13.86745,13.48427,13.529552,13.740427,13.54741,0.193016,0.133417,0.119198,54.647938,14.433302,12.535238,0.459454,22430758.4
CN,2585,2023-02-09,2.24698,13.93244,13.92274,13.55266,13.553157,13.799515,13.590158,0.209357,0.148605,0.121503,59.014344,14.478975,12.626345,0.461279,23249688.4
CN,2585,2023-02-10,-1.304825,13.89752,13.94699,13.59389,13.57757,13.821159,13.616087,0.205072,0.159899,0.090346,55.59197,14.512091,12.675689,0.454659,21540309.4
CN,2585,2023-02-13,-0.417498,13.91886,13.97609,13.629295,13.602145,13.830519,13.635784,0.194735,0.166866,0.055738,54.516787,14.534503,12.724087,0.439504,21001127.2
CN,2585,2023-02-14,-0.209624,13.92274,13.95475,13.664215,13.630115,13.833962,13.651867,0.182095,0.169912,0.024367,53.954891,14.547073,12.781357,0.430976,21773117.8
CN,2585,2023-02-15,6.792802,14.1187,14.01587,13.765105,13.66326,13.981645,13.736462,0.245183,0.184966,0.120434,66.116586,14.679551,12.850659,0.473642,31487300.6
CN,2585,2023-02-16,-5.049378,14.10318,14.01781,13.82137,13.68735,13.991684,13.759457,0.232227,0.194418,0.075617,53.937446,14.656313,12.986427,0.505639,37393075.0
CN,2585,2023-02-17,-2.347849,14.05856,13.97804,13.87036,13.70756,13.94944,13.75632,0.193121,0.194159,-0.002076,49.593856,14.544647,13.196073,0.499314,39058128.0
CN,2585,2023-02-20,-0.848576,14.0023,13.96058,13.901405,13.730195,13.895788,13.744792,0.150996,0.185526,-0.069061,48.120935,14.455238,13.347572,0.501063,41989954.0
CN,2585,2023-02-21,0.855838,13.97514,13.94894,13.898495,13.734398,13.868298,13.742741,0.125557,0.173532,-0.095951,49.728821,14.45555,13.34144,0.49368,42643270.4
CN,2585,2023-02-22,-1.202149,13.7268,13.92275,13.8951,13.716613,13.819667,13.728627,0.09104,0.157034,-0.131987,47.483599,14.459678,13.330522,0.474353,31400329.6
CN,2585,2023-02-23,-0.14315,13.62398,13.86358,13.89316,13.697373,13.775534,13.714121,0.061413,0.13791,-0.152994,47.213525,14.462418,13.323902,0.453635,22123848.0
CN,2585,2023-02-24,-1.075166,13.55802,13.80829,13.87764,13.65857,13.715805,13.689912,0.025893,0.115506,-0.179226,45.139827,14.483139,13.272141,0.435783,18596651.8
CN,2585,2023-02-27,-1.159308,13.4843,13.7433,13.859695,13.623647,13.641389,13.656,-0.014611,0.089483,-0.208188,42.971746,14.517154,13.202236,0.421977,14925260.6
CN,2585,2023-02-28,1.172905,13.41834,13.69674,13.825745,13.596323,13.602299,13.636096,-0.033798,0.064827,-0.197249,45.776458,14.506727,13.144763,0.407078,12394562.4
CN,2585,2023-03-01,0.507197,13.39894,13.56287,13.78937,13.565765,13.579668,13.622697,-0.043029,0.043256,-0.172569,47.004462,14.467914,13.110826,0.392551,11790394.8
CN,2585,2023-03-02,1.586004,13.4261,13.52504,13.771425,13.545878,13.59335,13.626097,-0.032747,0.028055,-0.121604,50.777452,14.442774,13.100076,0.392919,13799010.2
CN,2585,2023-03-03,-0.993518,13.4552,13.50661,13.742325,13.519848,13.584035,13.619186,-0.035152,0.015414,-0.101131,48.415242,14.401968,13.082682,0.381482,13943384.4
CN,2585,2023-03-06,-1.075166,13.48624,13.48527,13.722925,13.49689,13.553768,13.602009,-0.048242,0.002683,-0.101849,45.948807,14.400136,13.045714,0.375712,14095266.6
CN,2585,2023-03-07,-2.319362,13.42414,13.42124,13.68509,13.473607,13.480388,13.563105,-0.082717,-0.014397,-0.136639,41.133077,14.415801,12.954379,0.376597,14792199.8
CN,2585,2023-03-08,0.074177,13.3504,13.37467,13.64871,13.447737,13.41979,13.527801,-0.108011,-0.03312,-0.149782,41.339913,14.421354,12.876066,0.364947,14063594.6
CN,2585,2023-03-09,-0.889466,13.2107,13.3184,13.59099,13.40877,13.350607,13.48649,-0.135883,-0.053673,-0.164421,39.544335,14.385017,12.796963,0.352044,10968866.2
CN,2585,2023-03-10,-2.841921,13.02444,13.23982,13.524055,13.370937,13.23536,13.420935,-0.185575,-0.080053,-0.211044,34.442603,14.409485,12.638625,0.354612,11308274.8
CN,2585,2023-03-13,0.3079,12.87504,13.18064,13.46197,13.338115,13.143812,13.36311,-0.219298,-0.107902,-0.222792,35.387557,14.410204,12.513736,0.348682,10819895.2
CN,2585,2023-03-14,-2.532377,12.72372,13.07393,13.385335,13.302545,13.017102,13.285857,-0.268755,-0.140073,-0.257365,31.370163,14.436914,12.333756,0.359112,11326801.4
CN,2585,2023-03-15,0.94479,12.59374,12.97207,13.26747,13.280718,12.927794,13.22295,-0.295155,-0.171089,-0.248132,34.291408,14.18041,12.35453,0.358404,11776126.2
CN,2585,2023-03-16,-2.261872,12.43078,12.82074,13.17289,13.255335,12.808949,13.143864,-0.334915,-0.203854,-0.262122,30.871502,14.13391,12.21187,0.357747,12678960.8
CN,2585,2023-03-17,0.558604,12.35512,12.68978,13.098195,13.228497,12.718834,13.075667,-0.356833,-0.23445,-0.244766,32.61835,14.109329,12.087061,0.344665,12208624.6
CN,2585,2023-03-20,0.634858,12.28722,12.58113,13.0332,13.216372,12.654521,13.018269,-0.363749,-0.26031,-0.206877,34.650778,14.073469,11.992931,0.347075,12680877.0
CN,2585,2023-03-21,2.917696,12.35512,12.53942,12.98033,13.213947,12.655318,12.991709,-0.336391,-0.275526,-0.12173,43.186179,13.982994,11.977666,0.352076,11956548.6
CN,2585,2023-03-22,-0.68959,12.38228,12.48801,12.93134,13.208612,12.642561,12.960649,-0.318088,-0.284038,-0.068099,41.757472,13.912976,11.949704,0.347714,12177800.2
CN,2585,2023-03-23,-0.462919,12.45406,12.44242,12.88041,13.206672,12.622813,12.927579,-0.304765,-0.288184,-0.033163,40.788678,13.837324,11.923496,0.331884,11622063.2
CN,2585,2023-03-24,0.077512,12.5142,12.43466,12.83724,13.209743,12.607596,12.897676,-0.290081,-0.288563,-0.003035,41.034223,13.776528,11.897952,0.323421,11607615.2
CN,2585,2023-03-27,-0.154904,12.55494,12.42108,12.80086,13.21896,12.591735,12.868552,-0.276817,-0.286214,0.018793,40.670957,13.732487,11.869233,0.319027,11602896.6
CN,2585,2023-03-28,-1.939302,12.4754,12.41526,12.744595,13.212817,12.541006,12.823622,-0.282616,-0.285494,0.005757,36.340226,13.663593,11.825597,0.315639,11309442.8
CN,2585,2023-03-29,-1.265699,12.38228,12.38228,12.677175,13.199237,12.474205,12.770525,-0.296319,-0.287659,-0.017319,33.855542,13.575362,11.778988,0.318736,10955769.2
CN,2585,2023-03-30,0.560842,12.31438,12.38422,12.60248,13.191638,12.428128,12.726389,-0.298262,-0.28978,-0.016964,35.919829,13.401438,11.803522,0.311219,10934017.2
CN,2585,2023-03-31,1.115428,12.2717,12.39295,12.541365,13.190183,12.410031,12.695583,-0.285552,-0.288934,0.006765,39.955923,13.224991,11.857739,0.320868,11414561.0
CN,2585,2023-04-03,-0.393973,12.2232,12.38907,12.4851,13.188405,12.387257,12.663465,-0.276208,-0.286389,0.020361,39.010884,13.057088,11.913112,0.312499,12022796.2
CN,2585,2023-04-04,-3.6397,12.13394,12.30467,12.422045,13.17353,12.299325,12.600668,-0.301343,-0.28938,-0.023926,31.603374,12.997252,11.846838,0.326906,14667023.8
CN,2585,2023-04-06,-1.149318,12.04856,12.21542,12.351715,13.161565,12.204029,12.532463,-0.328434,-0.297191,-0.062487,29.752136,12.928719,11.774711,0.319491,15342229.2
CN,2585,2023-04-07,0.249146,11.95542,12.1349,12.28866,13.144103,12.127871,12.471466,-0.343595,-0.306471,-0.074247,30.689069,12.857138,11.720182,0.311913,15437661.0
CN,2585,2023-04-10,0.911265,11.85646,12.06408,12.24937,13.122438,12.079844,12.422891,-0.343046,-0.313786,-0.058519,34.156776,12.834311,11.664429,0.30557,14720779.8
CN,2585,2023-04-11,-2.134448,11.71676,11.96998,12.19553,13.095598,12.000407,12.359232,-0.358825,-0.322794,-0.072062,30.298233,12.823288,11.567772,0.308686,15007503.0
CN,2585,2023-04-12,0.922731,11.68766,11.9108,12.16303,13.07086,11.949606,12.308193,-0.358587,-0.329953,-0.057268,33.710143,12.827816,11.498244,0.307423,13349816.8
CN,2585,2023-04-13,-2.16106,11.63528,11.84192,12.1121,13.048225,11.86782,12.242252,-0.374432,-0.338849,-0.071167,29.975221,12.838468,11.385732,0.304171,13108678.6
CN,2585,2023-04-14,1.104397,11.6023,11.77886,12.08154,13.025267,11.818017,12.190537,-0.37252,-0.345583,-0.053875,33.917626,12.848369,11.314711,0.301152,13630173.2
CN,2585,2023-04-17,1.34441,11.57902,11.71774,12.055345,13.007967,11.799753,12.154149,-0.354396,-0.347346,-0.014102,38.50644,12.836684,11.274006,0.302505,13959700.6
CN,2585,2023-04-18,1.077842,11.6314,11.67408,12.031575,12.988727,11.803699,12.129798,-0.326099,-0.343096,0.033995,42.028811,12.81052,11.25263,0.295448,13248437.6
CN,2585,2023-04-19,-1.886617,11.61782,11.65274,11.978705,12.95251,11.772714,12.090724,-0.318009,-0.338079,0.040139,37.893233,12.722695,11.234715,0.294437,12402294.2
CN,2585,2023-04-20,-2.926144,11.58678,11.61103,11.913225,12.913222,11.694266,12.029396,-0.33513,-0.337489,0.004718,32.631267,12.667135,11.159315,0.298349,12767530.4
CN,2585,2023-04-21,-2.670739,11.47036,11.53633,11.835615,12.869728,11.58161,11.95033,-0.36872,-0.343735,-0.049969,28.813534,12.643711,11.027519,0.306145,12869018.6
CN,2585,2023-04-24,-1.327313,11.2938,11.43641,11.750245,12.821708,11.4639,11.866342,-0.402442,-0.355477,-0.09393,27.158355,12.608638,10.891852,0.304371,12733142.4
CN,2585,2023-04-25,-2.86969,11.02994,11.33067,11.650325,12.770293,11.316547,11.765584,-0.449037,-0.374189,-0.149697,23.992008,12.595154,10.705496,0.324894,13844358.4
CN,2585,2023-04-26,-9.972302,10.60116,11.10949,11.510145,12.693495,11.030678,11.594681,-0.564003,-0.412152,-0.303703,16.850757,12.814054,10.206236,0.376523,13708414.8
CN,2585,2023-04-27,2.563859,10.28878,10.93778,11.38985,12.618798,10.826097,11.454401,-0.628304,-0.455382,-0.345844,22.593811,12.881751,9.897949,0.400207,16981533.8
CN,2585,2023-04-28,-0.799926,10.02104,10.7457,11.26228,12.545395,10.641051,11.318764,-0.677713,-0.499848,-0.355729,22.068529,12.893725,9.630835,0.399335,17429594.2
CN,2585,2023-05-04,0.907173,9.79986,10.54683,11.132285,12.471992,10.497905,11.199641,-0.701736,-0.540226,-0.32302,24.203488,12.822199,9.442371,0.411004,18312612.2
CN,2585,2023-05-05,-0.699236,9.62718,10.32856,11.00132,12.403115,10.366335,11.084312,-0.717977,-0.575776,-0.284402,23.66056,12.726348,9.276292,0.40174,16412683.4
CN,2585,2023-05-08,-0.201188,9.66016,10.13066,10.8917,12.332945,10.252022,10.976089,-0.724067,-0.605434,-0.237265,23.498372,12.673497,9.109903,0.38413,16014521.6
CN,2585,2023-05-09,-1.00797,9.62524,9.95701,10.78402,12.261482,10.140372,10.868697,-0.728325,-0.630012,-0.196625,22.661913,12.62169,8.94635,0.376092,12343929.2
CN,2585,2023-05-10,4.990395,9.70092,9.86098,10.698655,12.192768,10.119038,10.804475,-0.685437,-0.641097,-0.088679,34.893987,12.515017,8.882293,0.405357,14627293.4
CN,2585,2023-05-11,0.581901,9.77078,9.78532,10.610865,12.128097,10.10994,10.749321,-0.639381,-0.640754,0.002745,36.223869,12.371656,8.850074,0.399967,14696475.6
CN,2585,2023-05-12,-2.990089,9.79406,9.71062,10.520645,12.059382,10.055965,10.675971,-0.620007,-0.636605,0.033195,32.525917,12.261744,8.779546,0.397041,15065260.2
CN,2585,2023-05-15,2.585279,9.87168,9.76592,10.437705,11.995357,10.049108,10.626744,-0.577636,-0.624811,0.094351,38.222578,12.108477,8.766933,0.390166,15602417.8
CN,2585,2023-05-16,-0.194778,9.9648,9.79502,10.3664,11.915323,10.040307,10.579718,-0.539411,-0.607731,0.136639,37.955852,11.984638,8.748162,0.376854,15039009.0
CN,2585,2023-05-17,0.098079,9.9648,9.83286,10.28928,11.847903,10.034368,10.536902,-0.502535,-0.586692,0.168314,38.189297,11.820329,8.758231,0.364493,11362167.0
CN,2585,2023-05-18,-1.067818,9.9318,9.85129,10.19906,11.7842,10.012911,10.489347,-0.476436,-0.56464,0.17641,36.574238,11.593703,8.804417,0.352322,9663465.4
CN,2585,2023-05-19,1.471465,9.98808,9.89107,10.109815,11.724863,10.017155,10.456099,-0.438943,-0.539501,0.201116,40.28212,11.288459,8.931171,0.347949,9485984.0
CN,2585,2023-05-22,0.869479,10.01136,9.94152,10.03609,11.665042,10.034178,10.43178,-0.397603,-0.511121,0.227038,42.454371,10.99631,9.07587,0.339732,9435966.4
CN,2585,2023-05-23,-0.670432,10.02496,9.99488,9.975945,11.606837,10.038135,10.404234,-0.366099,-0.482117,0.232036,41.199111,10.754856,9.197034,0.325858,8944672.8
CN,2585,2023-05-24,-0.482112,10.0269,9.99585,9.928415,11.548147,10.034022,10.375135,-0.341113,-0.453916,0.225606,40.282914,10.563598,9.293232,0.316447,8703695.8
CN,2585,2023-05-25,-0.291667,10.04436,9.98808,9.8867,11.491395,10.026049,10.346029,-0.319979,-0.427129,0.214299,39.710342,10.37592,9.39748,0.315329,9467493.0
CN,2585,2023-05-26,-0.874557,10.01524,10.00166,9.85614,11.435775,10.005872,10.312612,-0.306739,-0.403051,0.192623,37.972559,10.254741,9.457539,0.310827,8924532.6
CN,2585,2023-05-29,-2.058636,9.92792,9.96964,9.86778,11.374173,9.957461,10.266581,-0.30912,-0.384265,0.15029,34.2106,10.231294,9.504266,0.308025,8311307.6
CN,2585,2023-05-30,0.500454,9.86388,9.94442,9.86972,11.312248,9.92396,10.227553,-0.303593,-0.36813,0.129074,35.840425,10.230051,9.509389,0.306116,8878588.4
CN,2585,2023-05-31,-3.286549,9.74552,9.88621,9.859535,11.241432,9.846366,10.167705,-0.321339,-0.358772,0.074867,30.47444,10.256776,9.462294,0.309194,9812981.2
CN,2585,2023-06-01,3.295257,9.69508,9.86972,9.860505,11.178052,9.828463,10.135282,-0.306819,-0.348381,0.083125,39.87497,10.256379,9.464631,0.320365,10494308.6
CN,2585,2023-06-02,3.988695,9.73972,9.87748,9.884275,11.123565,9.873023,10.134009,-0.260986,-0.330902,0.139832,49.135381,10.282068,9.486482,0.333518,12796750.0
CN,2585,2023-06-05,-0.575207,9.81346,9.87069,9.906105,11.073283,9.901773,10.12852,-0.226746,-0.310071,0.166649,47.942868,10.291955,9.520255,0.324945,12920676.8
CN,2585,2023-06-06,-3.375779,9.80958,9.83673,9.915805,11.01718,9.873854,10.098281,-0.224427,-0.292942,0.137031,41.598661,10.271555,9.560055,0.326685,13153977.0
CN,2585,2023-06-07,-1.097703,9.84838,9.79695,9.8964,10.961238,9.833815,10.062379,-0.228564,-0.280067,0.103006,39.815907,10.273019,9.519781,0.315822,12817131.8
CN,2585,2023-06-08,-1.816177,9.79018,9.74263,9.865355,10.90853,9.773074,10.016203,-0.243128,-0.272679,0.059101,37.020058,10.283067,9.447643,0.323056,12470652.2
CN,2585,2023-06-09,-9.249921,9.47974,9.60973,9.805695,10.840623,9.587355,9.908773,-0.321418,-0.282427,-0.077982,26.862185,10.509758,9.101632,0.376202,19720509.0
CN,2585,2023-06-12,4.983714,9.26632,9.53989,9.754765,10.785167,9.495885,9.840923,-0.345038,-0.294949,-0.100178,36.095246,10.535166,8.974364,0.388137,25184904.8
CN,2585,2023-06-13,-2.913442,9.06842,9.439,9.69171,10.723403,9.37818,9.758692,-0.380512,-0.312061,-0.136901,33.315472,10.581416,8.802004,0.382592,26606857.2
CN,2585,2023-06-14,-2.110918,8.855,9.35169,9.61895,10.663257,9.250229,9.6689,-0.418671,-0.333383,-0.170575,31.47898,10.625669,8.612231,0.373278,27877859.6
CN,2585,2023-06-15,9.988884,8.84724,9.31871,9.594215,10.616207,9.273301,9.648996,-0.375694,-0.341846,-0.067698,46.257353,10.5969,8.59153,0.410365,32584416.6
CN,2585,2023-06-16,4.43714,9.09752,9.28863,9.583055,10.574815,9.356994,9.661463,-0.304469,-0.33437,0.059802,51.734555,10.570475,8.595635,0.431639,32970058.0
CN,2585,2023-06-19,0.494026,9.27212,9.26922,9.569955,10.52825,9.435271,9.676599,-0.241328,-0.315762,0.148868,52.342766,10.534813,8.605097,0.433379,32896903.0
CN,2585,2023-06-20,1.574125,9.53018,9.2993,9.568015,10.485728,9.525399,9.702118,-0.176719,-0.287953,0.222469,54.327436,10.529073,8.606957,0.430838,34983242.4
CN,2585,2023-06-21,9.969963,10.02492,9.43996,9.618455,10.460828,9.755368,9.799753,-0.044385,-0.23924,0.389709,64.554348,10.756834,8.480076,0.471428,33722403.0
CN,2585,2023-06-26,10.036115,10.57012,9.70868,9.725655,10.4542,10.120112,9.972083,0.148029,-0.161786,0.61963,72.022714,11.300848,8.150462,0.516755,52845347.0
CN,2585,2023-06-27,-2.400587,10.97368,10.0356,9.822665,10.443043,10.383956,10.110084,0.273872,-0.074654,0.697053,67.96378,11.646894,7.998436,0.531122,61580962.0
CN,2585,2023-06-28,-0.409798,11.35784,10.31498,9.927435,10.43512,10.599747,10.23427,0.365477,0.013372,0.70421,67.283427,11.940358,7.914512,0.540306,68495293.0
CN,2585,2023-06-29,-4.428758,11.60654,10.56836,10.00368,10.421083,10.702032,10.310591,0.391441,0.088986,0.604911,60.288183,12.096324,7.911036,0.549563,76266210.8
CN,2585,2023-06-30,9.9826,11.88032,10.95262,10.152155,10.424657,10.961581,10.464555,0.497027,0.170594,0.652865,68.005176,12.467494,7.836816,0.600494,93247697.0
CN,2585,2023-07-03,2.468299,11.99406,11.28209,10.3004,10.431063,11.228246,10.629765,0.59848,0.256171,0.684618,69.727967,12.855856,7.744944,0.629473,94670064.6
CN,2585,2023-07-04,0.233164,12.17194,11.57281,10.43072,10.438772,11.458439,10.784931,0.673508,0.339639,0.667738,69.896935,13.193151,7.668289,0.616918,89040946.6
CN,2585,2023-07-05,2.248418,12.41674,11.88729,10.578255,10.458687,11.697233,10.949795,0.747437,0.421198,0.652478,71.549871,13.552749,7.603761,0.655988,96899912.4
CN,2585,2023-07-06,0.227507,12.77186,12.1892,10.74425,10.481358,11.903843,11.10464,0.799203,0.496799,0.604807,71.722868,13.875131,7.613369,0.66761,97499142.0
CN,2585,2023-07-07,-3.706998,12.8054,12.34286,10.89141,10.495488,12.004298,11.212208,0.79209,0.555857,0.472466,64.793609,14.072162,7.710658,0.67206,91104408.4
CN,2585,2023-07-10,-3.456295,12.69098,12.34252,11.0256,10.500607,12.022529,11.279659,0.74287,0.59326,0.29922,59.258251,14.176238,7.874962,0.677605,75321954.8
CN,2585,2023-07-11,0.488336,12.58248,12.37721,11.206405,10.510915,12.047063,11.346499,0.700564,0.614721,0.171687,59.763207,14.181836,8.230974,0.650348,67205092.0
CN,2585,2023-07-12,-3.562633,12.32996,12.37335,11.344165,10.512212,12.001053,11.37624,0.624814,0.616739,0.016148,54.436523,14.147009,8.541321,0.637009,53987764.6
CN,2585,2023-07-13,-0.251958,12.0656,12.41873,11.493545,10.517218,11.957568,11.401585,0.555983,0.604588,-0.09721,54.082471,14.029043,8.958047,0.610537,46439383.6
CN,2585,2023-07-14,-2.609571,11.83676,12.32108,11.63685,10.515027,11.873727,11.402401,0.471326,0.577936,-0.213219,50.433069,13.784151,9.489549,0.619063,42865943.8
CN,2585,2023-07-17,-0.604595,11.68092,12.18595,11.73402,10.509098,11.792169,11.398045,0.394124,0.541173,-0.294099,49.619464,13.628699,9.839341,0.602322,35469481.0
CN,2585,2023-07-18,0.434606,11.5231,12.05279,11.8128,10.50189,11.730743,11.397664,0.333079,0.499554,-0.332951,50.237176,13.502029,10.123571,0.576914,33799991.4
CN,2585,2023-07-19,-1.385073,11.42052,11.87524,11.881265,10.49577,11.65449,11.385622,0.268868,0.453417,-0.369099,48.200062,13.345277,10.417253,0.557548,30228874.4
CN,2585,2023-07-20,-2.37114,11.27058,11.66809,11.928645,10.490868,11.548984,11.354739,0.194245,0.401583,-0.414676,44.8906,13.197055,10.660235,0.550838,28156790.2
CN,2585,2023-07-21,-1.528896,11.14826,11.49251,11.917685,10.488185,11.43391,11.313721,0.120188,0.345304,-0.450231,42.894005,13.220622,10.614748,0.537564,23257533.2
CN,2585,2023-07-24,-2.009073,10.99634,11.33863,11.840575,10.48431,11.303154,11.259668,0.043486,0.28494,-0.482908,40.390627,13.262162,10.418988,0.522423,22449712.0
CN,2585,2023-07-25,1.11867,10.85824,11.19067,11.78394,10.487582,11.210731,11.218389,-0.007658,0.226421,-0.468158,42.367039,13.289649,10.278231,0.506243,22292864.2
CN,2585,2023-07-26,-1.659441,10.71618,11.06835,11.72085,10.505355,11.105203,11.167012,-0.061809,0.168775,-0.461168,40.213227,13.323449,10.118251,0.488404,20083295.0
CN,2585,2023-07-27,-1.686493,10.5919,10.93124,11.674985,10.516128,10.988602,11.106293,-0.11769,0.111482,-0.458344,38.127042,13.376633,9.973337,0.478183,19377064.4
CN,2585,2023-07-28,0.0,10.50116,10.82471,11.572895,10.528195,10.88994,11.050071,-0.16013,0.057159,-0.434579,38.127042,13.334847,9.810943,0.45882,18854063.8
CN,2585,2023-07-31,0.190388,10.45776,10.72705,11.4565,10.539135,10.809488,10.999473,-0.189985,0.00773,-0.395431,38.537465,13.214152,9.698848,0.44014,18464902.0
CN,2585,2023-08-01,-1.236616,10.36504,10.61164,11.332215,10.54907,10.72169,10.943127,-0.221437,-0.038103,-0.366668,36.825534,13.065001,9.599429,0.422794,16507739.2
CN,2585,2023-08-02,6.069071,10.43212,10.57415,11.224695,10.569685,10.742999,10.936984,-0.193985,-0.06928,-0.249411,48.717201,12.785935,9.663455,0.450366,25763471.2
CN,2585,2023-08-03,-2.360914,10.48342,10.53766,11.102875,10.587643,10.721584,10.912304,-0.19072,-0.093568,-0.194305,44.956849,12.443024,9.762726,0.444268,28566144.2
CN,2585,2023-08-04,0.09242,10.53668,10.51892,11.005715,10.597842,10.704971,10.890178,-0.185207,-0.111895,-0.146623,45.131176,12.181868,9.829562,0.430149,29587014.0
CN,2585,2023-08-07,-1.672383,10.5505,10.50413,10.92138,10.604112,10.663606,10.856542,-0.192936,-0.128104,-0.129665,42.505374,12.00314,9.83962,0.41986,29868048.2
CN,2585,2023-08-08,-1.418154,10.56036,10.4627,10.826685,10.612928,10.605836,10.814435,-0.208599,-0.144203,-0.128793,40.394992,11.773634,9.879736,0.41312,30165340.8
CN,2585,2023-08-09,-0.191483,10.442,10.43706,10.752705,10.617212,10.553923,10.773988,-0.220066,-0.159375,-0.121381,40.109526,11.628714,9.876696,0.406861,20266071.8
CN,2585,2023-08-10,0.864789,10.39268,10.43805,10.684645,10.6233,10.523658,10.743115,-0.219457,-0.171392,-0.096131,42.095927,11.455122,9.914168,0.396121,16426874.0
CN,2585,2023-08-11,-2.572124,10.28812,10.4124,10.618555,10.624785,10.457064,10.694796,-0.237731,-0.18466,-0.106143,38.021688,11.353885,9.883225,0.387555,14502429.4
CN,2585,2023-08-14,-0.097118,10.2171,10.3838,10.555425,10.627887,10.399208,10.649329,-0.250121,-0.197752,-0.104738,37.87646,11.246383,9.864467,0.37608,13261694.2
CN,2585,2023-08-15,-1.957147,10.13622,10.34829,10.479965,10.625273,10.319899,10.592616,-0.272717,-0.212745,-0.119944,34.979637,11.116059,9.843871,0.373874,13264435.8
CN,2585,2023-08-16,-0.898449,10.04152,10.24176,10.407955,10.619725,10.23913,10.533526,-0.294396,-0.229075,-0.130641,33.729291,11.011023,9.804887,0.359848,12980318.6
CN,2585,2023-08-17,1.409917,9.95668,10.17468,10.35617,10.61761,10.192033,10.489042,-0.297009,-0.242662,-0.108695,37.47256,10.935129,9.777211,0.35528,12465138.8
CN,2585,2023-08-18,-2.680962,9.87186,10.07999,10.299455,10.611865,10.111213,10.428128,-0.316915,-0.257513,-0.118806,33.538547,10.914131,9.684779,0.353153,11562389.4
CN,2585,2023-08-21,-1.326202,9.76336,9.99023,10.24718,10.60447,10.023103,10.36223,-0.339127,-0.273835,-0.130583,31.807331,10.930198,9.564162,0.34272,10803989.6
CN,2585,2023-08-22,0.827174,9.7101,9.92316,10.19293,10.599845,9.960687,10.307057,-0.34637,-0.288342,-0.116055,34.063173,10.894799,9.491061,0.338676,9885140.0
CN,2585,2023-08-23,-0.820388,9.65882,9.85017,10.143615,10.5973,9.895735,10.250127,-0.354392,-0.301552,-0.105679,32.891414,10.882886,9.404344,0.341256,11015190.4
CN,2585,2023-08-24,-0.930964,9.56216,9.75942,10.098735,10.592467,9.827115,10.190836,-0.363722,-0.313986,-0.099471,31.574928,10.890234,9.307236,0.335902,11302591.4
CN,2585,2023-08-25,-1.879425,9.48324,9.67755,10.044975,10.590008,9.741728,10.122782,-0.381054,-0.3274,-0.107309,29.068948,10.904753,9.185197,0.330931,11833759.4
CN,2585,2023-08-28,-1.063405,9.41024,9.5868,9.9853,10.580733,9.654308,10.052464,-0.398156,-0.341551,-0.113211,27.752059,10.910571,9.060029,0.351679,14104033.4
CN,2585,2023-08-29,4.300431,9.40036,9.55523,9.95176,10.571565,9.64103,10.016578,-0.375548,-0.34835,-0.054396,39.55147,10.886427,9.017093,0.366016,16351449.8
CN,2585,2023-08-30,-0.205895,9.40232,9.53057,9.886165,10.563038,9.626764,9.981891,-0.355127,-0.349706,-0.010843,39.207117,10.736985,9.035345,0.362415,16100905.0
CN,2585,2023-08-31,-1.85897,9.38654,9.47435,9.824515,10.557213,9.587385,9.936625,-0.34924,-0.349613,0.000745,36.152893,10.636188,9.012842,0.350621,15807023.8
CN,2585,2023-09-01,0.630683,9.4181,9.45067,9.76533,10.554152,9.563156,9.89909,-0.335933,-0.346877,0.021887,37.887841,10.507903,9.022757,0.334734,14905585.8
CN,2585,2023-09-04,2.928981,9.52462,9.46743,9.72883,10.558603,9.585148,9.884794,-0.299647,-0.337431,0.075568,45.360464,10.4047,9.05296,0.33196,14118937.2
CN,2585,2023-09-05,1.016886,9.57198,9.48617,9.704665,10.579252,9.61894,9.878869,-0.259928,-0.32193,0.124004,47.778293,10.331612,9.077718,0.324455,13771500.8
CN,2585,2023-09-06,0.200922,9.62722,9.51477,9.68247,10.593113,9.650565,9.874841,-0.224277,-0.3024,0.156246,48.270324,10.257278,9.107662,0.321716,14137938.6
CN,2585,2023-09-07,-2.510051,9.66864,9.52759,9.643505,10.607232,9.639386,9.852846,-0.21346,-0.284612,0.142303,42.830267,10.128754,9.158256,0.319879,14443900.4
CN,2585,2023-09-08,-0.514727,9.68838,9.55324,9.615395,10.6236,9.622342,9.828828,-0.206486,-0.268987,0.125001,41.815654,10.056906,9.173884,0.305488,14516818.4
CN,2585,2023-09-11,1.242575,9.67656,9.60059,9.593695,10.627713,9.626135,9.815359,-0.189224,-0.253034,0.127621,45.174731,9.980852,9.206538,0.306917,13592753.8
CN,2585,2023-09-12,0.305795,9.6509,9.61144,9.583335,10.625367,9.633884,9.805073,-0.171189,-0.236665,0.130951,46.011054,9.949411,9.217259,0.297673,11457225.0
CN,2585,2023-09-13,-2.037927,9.58186,9.60454,9.567555,10.618925,9.610102,9.780942,-0.17084,-0.2235,0.10532,41.458301,9.922842,9.212268,0.296132,10338251.8
CN,2585,2023-09-14,-1.456859,9.53452,9.60158,9.537965,10.607593,9.568732,9.748368,-0.179636,-0.214727,0.070182,38.579325,9.863946,9.211984,0.288365,9458390.0
CN,2585,2023-09-15,0.316876,9.50296,9.59567,9.52317,10.580103,9.538281,9.7204,-0.182119,-0.208206,0.052173,39.548312,9.851289,9.195051,0.283975,9832692.0
CN,2585,2023-09-18,0.841977,9.4635,9.57003,9.51873,10.535495,9.524653,9.700348,-0.175695,-0.201704,0.052017,42.167375,9.848299,9.189161,0.284827,9659777.8
CN,2585,2023-09-19,-2.714372,9.36684,9.50887,9.49752,10.491463,9.47366,9.662782,-0.189121,-0.199187,0.020131,36.613747,9.852574,9.142466,0.291261,10179571.4
CN,2585,2023-09-20,-1.502197,9.282,9.43193,9.47335,10.445938,9.409266,9.617768,-0.208502,-0.20105,-0.014904,34.016125,9.87651,9.07019,0.286656,9654283.4
CN,2585,2023-09-21,-0.326888,9.21886,9.37669,9.45214,10.40862,9.350225,9.573897,-0.223671,-0.205574,-0.036194,33.468044,9.900181,9.004099,0.277459,9246481.4
CN,2585,2023-09-22,2.951637,9.20308,9.35302,9.45313,10.357,9.341252,9.553008,-0.211756,-0.206811,-0.00989,42.454681,9.89966,9.0066,0.278777,9715202.4
CN,2585,2023-09-25,-2.548456,9.12416,9.29383,9.44721,10.296337,9.297229,9.516126,-0.218897,-0.209228,-0.019338,37.593797,9.91121,8.98321,0.286343,11392015.4
CN,2585,2023-09-26,-1.742664,9.06498,9.21591,9.413675,10.23255,9.235701,9.470287,-0.234586,-0.214299,-0.040572,34.739354,9.931709,8.895641,0.278568,11240389.2
CN,2585,2023-09-27,1.440887,9.05906,9.17053,9.387535,10.166132,9.203363,9.43734,-0.233977,-0.218235,-0.031484,38.804625,9.928032,8.847038,0.28122,12213342.2
CN,2585,2023-09-28,0.219378,9.06302,9.14094,9.37126,10.09955,9.179045,9.4083,-0.229254,-0.220439,-0.017631,39.432166,9.932016,8.810504,0.270998,12609703.8
CN,2585,2023-10-09,-0.54614,9.00382,9.10345,9.34956,10.040202,9.150869,9.377752,-0.226882,-0.221728,-0.01031,38.374822,9.932702,8.766418,0.262912,11737268.4
CN,2585,2023-10-10,0.0,8.99198,9.05807,9.31405,9.988087,9.127028,9.349466,-0.222439,-0.22187,-0.001138,38.374822,9.892498,8.735602,0.268797,10034596.4
CN,2585,2023-10-11,0.877066,9.02748,9.04623,9.27755,9.9363,9.118993,9.329121,-0.210128,-0.219521,0.018787,41.290845,9.818432,8.736668,0.267211,10487809.8
CN,2585,2023-10-12,3.043593,9.09258,9.07582,9.253875,9.89635,9.154686,9.330741,-0.176055,-0.210828,0.069546,50.17839,9.735082,8.772668,0.271375,11597331.0
CN,2585,2023-10-13,-3.058496,9.09652,9.07977,9.22823,9.852127,9.140888,9.311057,-0.170169,-0.202696,0.065055,42.931108,9.691982,8.764478,0.275241,13501446.0
CN,2585,2023-10-16,-1.959184,9.07482,9.03932,9.19617,9.81004,9.10189,9.279675,-0.177785,-0.197714,0.039858,39.149741,9.661082,8.731258,0.272495,14653776.4
CN,2585,2023-10-17,0.333056,9.05904,9.02551,9.15967,9.769597,9.073445,9.25281,-0.179365,-0.194044,0.029359,40.096764,9.590659,8.728681,0.260788,14248656.6
CN,2585,2023-10-18,-2.65448,8.98014,9.00381,9.10986,9.724387,9.012962,9.210402,-0.19744,-0.194723,-0.005434,35.357885,9.520181,8.699539,0.259068,13334930.4
CN,2585,2023-10-19,-1.023006,8.82824,8.96041,9.06547,9.680327,8.948121,9.164557,-0.216436,-0.199066,-0.03474,33.746517,9.497817,8.633123,0.255356,11186904.6
CN,2585,2023-10-20,-0.344527,8.72762,8.91207,9.026505,9.640213,8.888703,9.119916,-0.231213,-0.205495,-0.051436,33.203325,9.491652,8.561358,0.248387,9383726.0
CN,2585,2023-10-23,-3.456009,8.60334,8.83908,8.971265,9.597963,8.792902,9.056663,-0.263761,-0.217148,-0.093225,28.299441,9.515436,8.427094,0.258831,9253196.2
CN,2585,2023-10-24,2.028793,8.50668,8.78286,8.920465,9.562125,8.73764,9.010518,-0.272877,-0.228294,-0.089166,34.228292,9.466189,8.374741,0.261479,9953517.8
CN,2585,2023-10-25,0.818146,8.47116,8.72565,8.88594,9.525463,8.701496,8.972901,-0.271406,-0.236917,-0.068979,36.552955,9.445471,8.326409,0.263231,10126432.0
CN,2585,2023-10-26,-0.231691,8.44946,8.63885,8.857335,9.491433,8.667881,8.936612,-0.268732,-0.24328,-0.050904,36.159993,9.437466,8.277204,0.262043,10688524.4
CN,2585,2023-10-27,2.093599,8.4692,8.59841,8.83909,9.463322,8.666761,8.916167,-0.249406,-0.244505,-0.009803,42.193461,9.41987,8.25831,0.272211,11381835.2
CN,2585,2023-10-30,1.138489,8.56784,8.58559,8.812455,9.436853,8.680982,8.90454,-0.223558,-0.240315,0.033516,45.285164,9.355351,8.269559,0.273903,11330556.0
CN,2585,2023-10-31,-0.900767,8.61716,8.56192,8.793715,9.408742,8.680877,8.88793,-0.207052,-0.233663,0.053221,43.289936,9.327615,8.259815,0.26491,10579297.2
CN,2585,2023-11-01,-0.226951,8.64874,8.55995,8.78188,9.382438,8.677758,8.87109,-0.193333,-0.225597,0.064528,42.783082,9.316564,8.247196,0.253738,9998417.6
CN,2585,2023-11-02,-1.367111,8.66058,8.55502,8.757715,9.343805,8.656903,8.846728,-0.189825,-0.218442,0.057234,39.769288,9.289853,8.225577,0.252521,9347485.4
CN,2585,2023-11-03,1.847299,8.66846,8.56883,8.74045,9.312075,8.663533,8.835859,-0.172326,-0.209219,0.073786,45.299859,9.256302,8.224598,0.251391,9038611.2
CN,2585,2023-11-06,3.514943,8.71778,8.64281,8.740945,9.285278,8.716189,8.848448,-0.132258,-0.193827,0.123138,54.096434,9.257795,8.224095,0.26232,9662849.0
CN,2585,2023-11-07,1.423527,8.80852,8.71284,8.74785,9.263577,8.780468,8.8696,-0.089132,-0.172888,0.167513,57.203621,9.281555,8.214145,0.268947,11283485.4
CN,2585,2023-11-08,-1.835997,8.86966,8.7592,8.742425,9.241547,8.809058,8.876763,-0.067705,-0.151851,0.168293,52.223743,9.264812,8.220038,0.270872,13064905.6
CN,2585,2023-11-09,0.440538,8.96238,8.81148,8.725165,9.220503,8.839326,8.886321,-0.046995,-0.13088,0.16777,53.255958,9.185053,8.265277,0.264203,13538974.4
CN,2585,2023-11-10,-0.766173,9.00974,8.8391,8.718755,9.19683,8.854322,8.89006,-0.035738,-0.111852,0.152227,51.17597,9.162819,8.274691,0.255903,12873553.4
CN,2585,2023-11-13,0.772088,9.00974,8.86376,8.724675,9.178747,8.877626,8.898633,-0.021007,-0.093683,0.145351,53.146658,9.180573,8.268777,0.249595,11155008.6
CN,2585,2023-11-14,0.328677,8.99002,8.89927,8.730595,9.16132,8.901899,8.908764,-0.006865,-0.076319,0.138908,54.004344,9.199226,8.261964,0.243046,9420461.6
CN,2585,2023-11-15,0.655201,9.01568,8.94267,8.75131,9.148168,8.931545,8.92253,0.009015,-0.059252,0.136536,55.749061,9.245165,8.257455,0.232728,8064121.0
CN,2585,2023-11-16,-1.735096,9.00188,8.98213,8.768575,9.133867,8.932354,8.923587,0.008767,-0.045649,0.108831,50.274766,9.263018,8.274132,0.228083,8133451.6
CN,2585,2023-11-17,4.856324,9.08868,9.04921,8.80902,9.124497,8.999807,8.956714,0.043093,-0.0279,0.141987,61.478468,9.358495,8.259545,0.252656,16454474.8
CN,2585,2023-11-20,0.526102,9.17154,9.09064,8.866725,9.120387,9.064467,8.991039,0.073429,-0.007634,0.162126,62.511757,9.418371,8.315079,0.257859,22618362.6
CN,2585,2023-11-21,-2.094458,9.20902,9.09952,8.90618,9.115125,9.088826,9.008206,0.08062,0.010016,0.141207,56.033867,9.440916,8.371444,0.264105,25791942.6
CN,2585,2023-11-22,-2.031921,9.19718,9.10643,8.932815,9.105425,9.080607,9.010221,0.070386,0.02209,0.096592,50.663609,9.436685,8.428945,0.262154,27356025.8
CN,2585,2023-11-23,0.982801,9.23466,9.11827,8.964875,9.09852,9.087313,9.018663,0.06865,0.031402,0.074495,52.964007,9.430313,8.499437,0.252586,27601289.2
CN,2585,2023-11-24,-3.24412,9.12614,9.10741,8.973255,9.088162,9.04745,9.004555,0.042895,0.033701,0.018388,45.370048,9.422221,8.524289,0.258502,21629709.0
CN,2585,2023-11-27,-0.781586,8.99396,9.08275,8.973255,9.079613,9.003104,8.986381,0.016723,0.030305,-0.027164,43.793738,9.422221,8.524289,0.252016,16184733.4
CN,2585,2023-11-28,0.787743,8.91504,9.06203,8.98065,9.073858,8.976195,8.974664,0.001532,0.024551,-0.046037,45.820901,9.414696,8.546604,0.245993,13294316.0
CN,2585,2023-11-29,-0.334156,8.8677,9.03244,8.987555,9.061037,8.948888,8.961629,-0.012741,0.017092,-0.059666,45.072434,9.405095,8.570015,0.238994,11676740.2
CN,2585,2023-11-30,-2.691307,8.75524,8.99495,8.98854,9.044597,8.889352,8.93202,-0.042668,0.00514,-0.095616,39.495438,9.401945,8.575135,0.240244,11736030.8
CN,2585,2023-12-01,0.0,8.70198,8.91406,8.981635,9.031115,8.838975,8.904603,-0.065629,-0.009014,-0.113231,39.495438,9.41806,8.54521,0.233648,9875128.6
CN,2585,2023-12-04,-0.575807,8.65266,8.82331,8.956975,9.015827,8.788763,8.875566,-0.086803,-0.024571,-0.124463,38.349699,9.438552,8.475398,0.224709,9433393.6
CN,2585,2023-12-05,-2.086319,8.55402,8.73453,8.917025,8.992975,8.718953,8.835524,-0.116571,-0.042971,-0.147199,34.470298,9.461667,8.372383,0.222051,9531831.0
CN,2585,2023-12-06,0.355129,8.4672,8.66745,8.88694,8.968972,8.664437,8.800641,-0.136203,-0.061618,-0.149171,35.638881,9.481552,8.292328,0.218162,9444870.6
CN,2585,2023-12-07,-1.414294,8.40408,8.57966,8.848965,8.942668,8.600109,8.759579,-0.15947,-0.081188,-0.156564,33.098453,9.502459,8.195471,0.215965,9020514.0
CN,2585,2023-12-08,-0.837952,8.32714,8.51456,8.810985,8.919323,8.535046,8.716439,-0.181394,-0.101229,-0.160329,31.678026,9.525124,8.096846,0.210403,8655081.6
CN,2585,2023-12-11,0.361982,8.26598,8.45932,8.771035,8.897293,8.484546,8.678688,-0.194142,-0.119812,-0.14866,33.00437,9.525374,8.016696,0.211581,9203572.8
CN,2585,2023-12-12,-0.840766,8.22654,8.39028,8.726155,8.87214,8.431201,8.638623,-0.207422,-0.137334,-0.140176,31.470658,9.518109,7.934201,0.205625,8884281.6
CN,2585,2023-12-13,-1.333284,8.15948,8.31334,8.67289,8.844687,8.36937,8.593488,-0.224118,-0.154691,-0.138854,29.174799,9.501028,7.844752,0.200102,8629734.6
CN,2585,2023-12-14,-1.105949,8.09832,8.2512,8.623075,8.81904,8.30339,8.545118,-0.241728,-0.172098,-0.13926,27.412208,9.500136,7.746014,0.199195,8383965.0
CN,2585,2023-12-15,-1.241735,8.03126,8.1792,8.54663,8.794052,8.232391,8.493028,-0.260636,-0.189806,-0.141661,25.565309,9.416164,7.677096,0.200467,8851698.2
CN,2585,2023-12-18,-2.391002,7.92078,8.09338,8.458345,8.765445,8.14347,8.430907,-0.287438,-0.209332,-0.156211,22.465566,9.313644,7.603046,0.20024,8720121.8
CN,2585,2023-12-19,0.386706,7.83002,8.02828,8.381405,8.736017,8.072782,8.375581,-0.302799,-0.228025,-0.149547,24.031535,9.224555,7.538255,0.194388,8360502.4
CN,2585,2023-12-20,-1.668402,7.73532,7.9474,8.307425,8.708727,7.993246,8.314856,-0.32161,-0.246742,-0.149735,21.962572,9.167537,7.447313,0.192481,8406148.6
CN,2585,2023-12-21,1.435983,7.68008,7.8892,8.23443,8.685547,7.942639,8.266667,-0.324028,-0.262199,-0.123657,27.640539,9.051606,7.417254,0.197754,8800307.2
CN,2585,2023-12-22,-0.772412,7.63272,7.83199,8.173275,8.661873,7.89071,8.217662,-0.326952,-0.27515,-0.103604,26.507274,8.986611,7.359939,0.197014,8814532.4
CN,2585,2023-12-25,-0.518073,7.61498,7.76788,8.1136,8.633103,7.840709,8.169369,-0.32866,-0.285852,-0.085616,25.750561,8.921337,7.305863,0.193506,7813060.4
CN,2585,2023-12-26,-1.825343,7.5637,7.69686,8.04357,8.605978,7.777153,8.114423,-0.337269,-0.296135,-0.082268,23.245663,8.83402,7.25312,0.190963,8094711.0
CN,2585,2023-12-27,0.795681,7.54988,7.6426,7.97797,8.582468,7.732468,8.067925,-0.335456,-0.304,-0.062914,26.539018,8.723339,7.232601,0.18578,8074364.8
CN,2585,2023-12-28,5.007547,7.58934,7.63471,7.942955,8.56307,7.752335,8.052641,-0.300307,-0.303261,0.005909,43.190985,8.639506,7.246404,0.204917,9831430.2
CN,2585,2023-12-29,1.75664,7.66826,7.65049,7.914845,8.545643,7.790391,8.04872,-0.258329,-0.294275,0.071891,47.877965,8.552064,7.277626,0.203666,10583686.0
CN,2585,2024-01-02,0.0,7.75506,7.68502,7.8892,8.52904,7.822592,8.045089,-0.222496,-0.279919,0.114845,47.877965,8.466604,7.311796,0.19969,11584406.0
CN,2585,2024-01-03,-0.616273,7.85962,7.71166,7.86997,8.511615,7.842255,8.038075,-0.19582,-0.263099,0.134559,46.296545,8.411189,7.328751,0.197405,11693619.6
CN,2585,2024-01-04,-1.241447,7.93262,7.74125,7.844325,8.49123,7.843708,8.024269,-0.180561,-0.246592,0.132061,43.218758,8.335672,7.352978,0.194576,11746025.6
CN,2585,2024-01-05,-1.758855,7.90302,7.74618,7.81769,8.46394,7.823691,8.001257,-0.177565,-0.232786,0.110442,39.283598,8.275604,7.359776,0.200406,9438453.8
CN,2585,2024-01-08,-2.941558,7.80042,7.73434,7.783165,8.437635,7.771847,7.963141,-0.191295,-0.224488,0.066386,33.83287,8.231472,7.334858,0.208641,8416199.6
CN,2585,2024-01-09,0.527602,7.70572,7.73039,7.749135,8.414948,7.734055,7.930775,-0.196721,-0.218934,0.044428,35.510438,8.16586,7.33241,0.216281,8193454.0
CN,2585,2024-01-10,-0.786586,7.60904,7.73433,7.715595,8.390782,7.692969,7.896422,-0.203452,-0.215838,0.024772,34.114438,8.109128,7.322062,0.218447,8074365.6
CN,2585,2024-01-11,2.378465,7.56762,7.75012,7.69636,8.37352,7.685528,7.877768,-0.19224,-0.211118,0.037757,41.539463,8.063394,7.329326,0.223272,8751959.6
CN,2585,2024-01-12,0.387201,7.55974,7.73138,7.683045,8.358232,7.683785,7.862689,-0.178904,-0.204676,0.051543,42.698525,8.032591,7.333499,0.222117,9068599.2
CN,2585,2024-01-15,-1.413828,7.57554,7.68798,7.669235,8.341628,7.665618,7.84069,-0.175072,-0.198755,0.047366,39.599293,8.014382,7.324088,0.21893,8838008.0
CN,2585,2024-01-16,-0.522093,7.57554,7.64063,7.662825,8.329298,7.644169,7.817394,-0.173225,-0.193649,0.040848,38.503585,8.013552,7.312098,0.222314,8605207.6
CN,2585,2024-01-17,-4.324892,7.52228,7.56566,7.63866,8.308748,7.575943,7.771713,-0.19577,-0.194073,-0.003394,30.912838,8.042759,7.234561,0.229684,9201047.6
CN,2585,2024-01-18,0.822142,7.44534,7.50648,7.623865,8.288035,7.527321,7.733801,-0.20648,-0.196554,-0.019851,33.481353,8.059456,7.188274,0.235828,9848367.8
CN,2585,2024-01-19,-1.90223,7.33486,7.4473,7.59674,8.265348,7.464933,7.688468,-0.223534,-0.20195,-0.043168,30.621354,8.083446,7.110034,0.238712,9792047.0
CN,2585,2024-01-22,-5.67834,7.1652,7.37037,7.552355,8.232962,7.349928,7.616537,-0.266609,-0.214882,-0.103453,24.123083,8.171739,6.932971,0.256182,10744298.2
CN,2585,2024-01-23,0.293268,7.00738,7.29146,7.510925,8.19926,7.255647,7.551393,-0.295746,-0.231055,-0.129383,24.958521,8.224832,6.797018,0.254791,11315189.8
CN,2585,2024-01-24,1.171127,6.93044,7.22636,7.480345,8.168188,7.188009,7.49692,-0.308911,-0.246626,-0.124569,28.36066,8.255663,6.705027,0.258434,11535906.6
CN,2585,2024-01-25,2.605634,6.87718,7.16126,7.45569,8.140405,7.1581,7.459637,-0.301537,-0.257608,-0.087857,35.454291,8.25947,6.65191,0.258289,10834985.6
CN,2585,2024-01-26,-1.41129,6.8318,7.08333,7.407355,8.11295,7.117608,7.417804,-0.300197,-0.266126,-0.068142,33.470749,8.223849,6.590861,0.251118,10912086.8
CN,2585,2024-01-29,-3.147254,6.8239,6.99455,7.341265,8.079248,7.04996,7.362997,-0.313036,-0.275508,-0.075057,29.55567,8.169176,6.513354,0.25291,10139382.0
CN,2585,2024-01-30,-4.579284,6.7509,6.87914,7.259885,8.035353,6.945674,7.289597,-0.343923,-0.289191,-0.109464,25.100014,8.131719,6.388051,0.260209,9814017.2
CN,2585,2024-01-31,-9.133567,6.54572,6.73808,7.15187,7.979622,6.767893,7.178523,-0.41063,-0.313479,-0.194302,19.175137,8.176623,6.127117,0.283194,12459845.4
CN,2585,2024-02-01,1.533652,6.32278,6.59998,7.05323,7.928165,6.631125,7.082255,-0.451129,-0.341009,-0.220241,22.192995,8.165586,5.940874,0.28833,14471586.2
CN,2585,2024-02-02,-6.040246,6.04856,6.44018,6.94374,7.870132,6.460768,6.966814,-0.506046,-0.374016,-0.26406,19.118766,8.196736,5.690744,0.314235,16561723.6
CN,2585,2024-02-05,-10.000362,5.70726,6.26558,6.817975,7.804042,6.231634,6.819005,-0.587371,-0.416687,-0.341368,15.517673,8.309885,5.326065,0.33759,19799166.0
CN,2585,2024-02-06,5.358651,5.4804,6.11565,6.703555,7.741242,6.078736,6.701879,-0.623142,-0.457978,-0.330328,23.045566,8.307457,5.099653,0.363505,23341261.0
CN,2585,2024-02-07,6.401543,5.437,5.99136,6.60886,7.683537,6.000946,6.618266,-0.617319,-0.489847,-0.254946,31.338443,8.244601,4.973119,0.369947,24178641.4
CN,2585,2024-02-08,6.371678,5.44686,5.88482,6.52304,7.630763,5.989755,6.56715,-0.577395,-0.507356,-0.140078,38.853696,8.111843,4.934237,0.373823,25321442.6
CN,2585,2024-02-19,0.166998,5.52972,5.78914,6.436235,7.580785,5.981808,6.520553,-0.538746,-0.513634,-0.050223,39.05398,7.952003,4.920467,0.364028,25021470.8
CN,2585,2024-02-20,0.0,5.72306,5.71516,6.354855,7.523573,5.975083,6.477409,-0.502325,-0.511372,0.018094,39.05398,7.792058,4.917652,0.350005,22200792.6
CN,2585,2024-02-21,1.660464,5.88284,5.68162,6.28038,7.467183,5.984563,6.444764,-0.460201,-0.501138,0.081875,41.275768,7.61799,4.94277,0.358119,20338078.0
CN,2585,2024-02-22,1.308662,5.99136,5.71418,6.22613,7.415398,6.004738,6.420389,-0.415651,-0.484041,0.13678,43.066618,7.496348,4.955912,0.343103,16732183.4
CN,2585,2024-02-23,3.064244,6.06634,5.7566,6.17829,7.36986,6.05064,6.4117,-0.361061,-0.459445,0.196768,47.18148,7.358014,4.998566,0.334803,14598782.2
CN,2585,2024-02-26,1.251765,6.15512,5.84242,6.1413,7.324157,6.101618,6.4095,-0.307882,-0.429132,0.2425,48.857438,7.244265,5.038335,0.327095,13798530.4
CN,2585,2024-02-27,2.936384,6.28138,6.00222,6.1339,7.28651,6.173585,6.421345,-0.24776,-0.392858,0.290195,52.69668,7.223207,5.044593,0.322753,14084771.4
CN,2585,2024-02-28,-6.306512,6.30506,6.09395,6.1048,7.243108,6.170741,6.401623,-0.230882,-0.360463,0.259161,44.706388,7.158613,5.050987,0.343385,15515522.8
CN,2585,2024-02-29,5.12908,6.37608,6.18372,6.08754,7.203818,6.216904,6.406747,-0.189843,-0.326339,0.272991,50.82519,7.10487,5.07021,0.342815,16464988.6
CN,2585,2024-03-01,1.066329,6.42342,6.24488,6.06485,7.16617,6.26658,6.416603,-0.150023,-0.291076,0.282105,52.073511,7.01859,5.11111,0.331014,15988672.6
CN,2585,2024-03-04,-2.111685,6.42736,6.29124,6.04019,7.130167,6.287368,6.415499,-0.128131,-0.258487,0.260711,49.372078,6.930181,5.150199,0.325691,16051058.2
CN,2585,2024-03-05,-1.849509,6.37014,6.32576,6.02046,7.09219,6.286742,6.405707,-0.118965,-0.230582,0.223235,47.115333,6.869585,5.171335,0.315106,16135087.8
CN,2585,2024-03-06,0.628651,6.40368,6.35437,6.017995,7.055693,6.292289,6.399565,-0.107276,-0.205921,0.19729,47.969783,6.8633,5.17269,0.31092,13436181.4
CN,2585,2024-03-07,-1.872588,6.3504,6.36324,6.03871,7.020183,6.278768,6.385109,-0.106341,-0.186005,0.159329,45.591935,6.88096,5.19646,0.303511,12302319.6
CN,2585,2024-03-08,1.113726,6.29714,6.36028,6.05844,6.985332,6.277957,6.376841,-0.098884,-0.168581,0.139394,47.235802,6.903275,5.213605,0.293103,11365295.6
CN,2585,2024-03-11,4.244839,6.32476,6.37606,6.10924,6.95689,6.318241,6.388912,-0.070671,-0.148999,0.156655,53.114967,6.941464,5.277016,0.29471,13164994.2
CN,2585,2024-03-12,3.770758,6.42538,6.39776,6.19999,6.93371,6.390265,6.418356,-0.02809,-0.124817,0.193453,57.803716,6.901722,5.498258,0.291981,15288112.0
CN,2585,2024-03-13,-1.162619,6.50232,6.453,6.273475,6.908722,6.439071,6.439774,-0.000703,-0.099994,0.198582,55.878257,6.854146,5.692804,0.283104,15932775.0
CN,2585,2024-03-14,-1.469996,6.58322,6.46681,6.325265,6.88324,6.465198,6.452302,0.012897,-0.077416,0.180625,53.480746,6.826111,5.824419,0.279082,16554050.4
CN,2585,2024-03-15,1.044047,6.6641,6.48062,6.36275,6.860717,6.497922,6.469013,0.028909,-0.056151,0.17012,54.937837,6.851181,5.874319,0.27324,17080524.0
CN,2585,2024-03-18,1.919765,6.71736,6.52106,6.40615,6.84181,6.545334,6.493982,0.051351,-0.034651,0.172004,57.59544,6.890172,5.922128,0.264288,15229675.2
CN,2585,2024-03-19,0.145458,6.72328,6.57433,6.450045,6.824712,6.586975,6.517835,0.069139,-0.013893,0.166064,57.802405,6.915181,5.984909,0.255274,13392326.2
CN,2585,2024-03-20,1.880869,6.77062,6.63647,6.49542,6.812875,6.641932,6.549418,0.092514,0.007389,0.170251,60.49154,6.967418,6.023422,0.254655,14047335.0
CN,2585,2024-03-21,-0.85251,6.82584,6.70453,6.533885,6.799558,6.679327,6.574276,0.105052,0.026921,0.15626,58.633359,7.001198,6.066572,0.249858,13942197.6
CN,2585,2024-03-22,-2.148148,6.83768,6.75089,6.555585,6.785913,6.688216,6.586337,0.101879,0.041913,0.119932,54.157435,7.0183,6.09287,0.246104,14045449.4
CN,2585,2024-03-25,-3.22097,6.78048,6.74892,6.56249,6.766843,6.662352,6.58143,0.080921,0.049714,0.062413,48.328162,7.018713,6.106267,0.245439,13424343.8
CN,2585,2024-03-26,1.361942,6.73906,6.73117,6.564465,6.75024,6.654128,6.583465,0.070663,0.053904,0.033518,50.668191,7.021132,6.107798,0.244822,12689713.0
CN,2585,2024-03-27,-5.074975,6.60492,6.68777,6.570385,6.728703,6.59557,6.560505,0.035065,0.050136,-0.030142,42.786661,7.008359,6.132411,0.253399,11357346.8
CN,2585,2024-03-28,2.357536,6.5122,6.66902,6.567915,6.711933,6.568775,6.550201,0.018574,0.043824,-0.0505,46.722259,7.008656,6.127174,0.251506,10957131.2
CN,2585,2024-03-29,-0.613573,6.44118,6.63943,6.560025,6.693522,6.54004,6.537741,0.002299,0.035519,-0.06644,45.818063,7.008086,6.111964,0.248334,10298285.8
CN,2585,2024-04-01,7.727985,6.5122,6.64634,6.5837,6.677082,6.591603,6.562738,0.028865,0.034188,-0.010646,57.028675,7.04562,6.12178,0.265825,12600974.8
CN,2585,2024-04-02,-0.143996,6.56348,6.65127,6.6128,6.658175,6.63371,6.58515,0.04856,0.037062,0.022995,56.774738,7.068645,6.156955,0.26093,13545004.0
CN,2585,2024-04-03,-0.431154,6.67592,6.64042,6.638445,6.638775,6.664786,6.60371,0.061076,0.041865,0.038422,55.972233,7.083732,6.193158,0.250042,13263092.2
CN,2585,2024-04-08,-4.761765,6.69368,6.60294,6.653735,6.614772,6.641003,6.596783,0.04422,0.042336,0.003768,47.946368,7.057413,6.250057,0.257546,14141333.8
CN,2585,2024-04-09,4.697244,6.78048,6.61083,6.68086,6.59751,6.667926,6.613021,0.054905,0.04485,0.020109,54.541262,7.050134,6.311586,0.27015,17657832.4
CN,2585,2024-04-10,-3.472711,6.7213,6.61675,6.682835,6.578605,6.654291,6.610523,0.043768,0.044633,-0.001731,49.331406,7.049483,6.316187,0.27129,16494619.0
CN,2585,2024-04-11,-0.150472,6.66212,6.6128,6.671985,6.563317,6.641231,6.607477,0.033754,0.042457,-0.017408,49.120066,7.038575,6.305395,0.270233,16376421.8
CN,2585,2024-04-12,-4.504217,6.54968,6.6128,6.650285,6.542438,6.584657,6.582738,0.001919,0.03435,-0.064862,43.167443,7.055267,6.245303,0.279109,17868941.8
CN,2585,2024-04-15,-4.560453,6.44512,6.5694,6.61921,6.517778,6.492771,6.538639,-0.045868,0.018306,-0.128348,38.330693,7.116893,6.121527,0.292287,18613052.8
CN,2585,2024-04-16,-6.919531,6.19654,6.48851,6.56397,6.483253,6.351283,6.467118,-0.115834,-0.008522,-0.214625,32.629234,7.237515,5.890425,0.303817,17022148.8
CN,2585,2024-04-17,7.965046,6.08408,6.40269,6.524515,6.455633,6.299855,6.433776,-0.13392,-0.033602,-0.200638,42.498278,7.228465,5.820565,0.313823,16629150.8
CN,2585,2024-04-18,-1.967758,5.94992,6.30602,6.478645,6.427848,6.238124,6.394133,-0.156009,-0.058083,-0.195852,40.782244,7.219247,5.738043,0.306907,16333604.0
CN,2585,2024-04-19,-0.835792,5.86508,6.20738,6.4239,6.3999,6.178305,6.353775,-0.17547,-0.081561,-0.18782,40.056952,7.180451,5.667349,0.300485,14955133.6
CN,2585,2024-04-22,-0.336792,5.83352,6.13932,6.37113,6.377048,6.124658,6.314947,-0.190289,-0.103306,-0.173966,39.752715,7.138819,5.603441,0.297343,13418858.6
CN,2585,2024-04-23,0.677577,5.89272,6.04463,6.32773,6.353868,6.085341,6.281921,-0.19658,-0.121961,-0.149238,40.724841,7.105826,5.549634,0.287376,11693964.0
CN,2585,2024-04-24,1.175649,5.87694,5.98051,6.29863,6.33414,6.062689,6.256453,-0.193765,-0.136322,-0.114885,42.471097,7.089204,5.508056,0.276006,10256448.8
CN,2585,2024-04-25,1.495428,5.9026,5.92626,6.26953,6.322632,6.057183,6.239449,-0.182267,-0.145511,-0.073512,44.727879,7.055108,5.483952,0.273906,9663516.2
CN,2585,2024-04-26,1.962866,5.96178,5.91343,6.263115,6.312767,6.070724,6.232468,-0.161744,-0.148757,-0.025973,47.672889,7.050552,5.475678,0.271255,10025519.6
CN,2585,2024-04-29,2.247282,6.05252,5.94302,6.25621,6.303888,6.103428,6.236233,-0.132805,-0.145567,0.025523,50.957947,7.040389,5.472031,0.283587,11368405.2
CN,2585,2024-04-30,1.099741,6.14918,6.02095,6.25473,6.293202,6.141731,6.244838,-0.103107,-0.137075,0.067936,52.562689,7.038065,5.471395,0.275309,12391385.2
CN,2585,2024-05-06,1.397897,6.2498,6.06337,6.23303,6.28564,6.187803,6.259383,-0.07158,-0.123976,0.104792,54.61783,6.969025,5.497035,0.274666,13415218.0
CN,2585,2024-05-07,1.530771,6.35238,6.12749,6.216755,6.283338,6.241957,6.280155,-0.038198,-0.10682,0.137244,56.85305,6.909212,5.524298,0.265618,13638542.8
CN,2585,2024-05-08,-1.507691,6.41158,6.18668,6.19703,6.28449,6.27261,6.292084,-0.019475,-0.089351,0.139753,53.989348,6.838433,5.555627,0.257217,13037669.8
CN,2585,2024-05-09,1.684469,6.46486,6.25869,6.199005,6.29715,6.315239,6.311167,0.004072,-0.070667,0.149477,56.581082,6.844483,5.553527,0.252937,11244784.2
CN,2585,2024-05-10,-1.355787,6.48656,6.31787,6.18125,6.30685,6.337648,6.322258,0.01539,-0.053455,0.137691,53.904827,6.775356,5.587144,0.249663,10413564.2
CN,2585,2024-05-13,-2.595614,6.45696,6.35338,6.166945,6.319673,6.33081,6.320106,0.010704,-0.040623,0.102655,49.174401,6.735242,5.598648,0.245216,9748772.8
CN,2585,2024-05-14,-0.470349,6.40172,6.37705,6.151655,6.34121,6.32047,6.31592,0.00455,-0.031589,0.072277,48.367592,6.691563,5.611747,0.239679,9152847.4
CN,2585,2024-05-15,-0.945143,6.35436,6.38297,6.1482,6.35732,6.302613,6.307659,-0.005046,-0.02628,0.042468,46.716702,6.685825,5.610575,0.231009,8623226.6
CN,2585,2024-05-16,0.954162,6.29714,6.381,6.16201,6.368828,6.296611,6.304396,-0.007785,-0.022581,0.029593,48.605834,6.696584,5.627436,0.223673,8563032.8
CN,2585,2024-05-17,2.99189,6.29516,6.39086,6.205905,6.377542,6.320363,6.315255,0.005108,-0.017043,0.044302,54.1478,6.680671,5.731139,0.224603,8423232.8
CN,2585,2024-05-20,-1.833824,6.30306,6.38001,6.22169,6.384118,6.322261,6.316548,0.005714,-0.012492,0.036411,50.449463,6.691247,5.752133,0.221946,8227664.0
CN,2585,2024-05-21,0.778499,6.32674,6.36423,6.24586,6.391517,6.331452,6.321396,0.010056,-0.007982,0.036077,51.923161,6.69576,5.79596,0.23075,11280883.6
CN,2585,2024-05-22,0.772485,6.37212,6.36324,6.27496,6.398093,6.346813,6.329537,0.017276,-0.002931,0.040414,53.415229,6.69263,5.85729,0.22766,13345014.2
CN,2585,2024-05-23,-3.220189,6.36424,6.33069,6.29469,6.399902,6.32795,6.321734,0.006215,-0.001101,0.014634,46.838983,6.660391,5.928989,0.227606,13938568.0
CN,2585,2024-05-24,-2.853379,6.28336,6.28926,6.303565,6.395627,6.284665,6.301354,-0.016689,-0.004219,-0.02494,42.057091,6.634483,5.972647,0.226148,14306408.0
CN,2585,2024-05-27,-1.141137,6.21234,6.2577,6.30554,6.388887,6.237424,6.277372,-0.039948,-0.011365,-0.057166,40.334205,6.628075,5.983005,0.230431,15149727.2
CN,2585,2024-05-28,-1.651164,6.11172,6.21923,6.29814,6.377378,6.182267,6.247856,-0.065589,-0.02221,-0.086759,37.939968,6.651249,5.945031,0.224536,12167927.6
CN,2585,2024-05-29,1.342088,6.01702,6.19457,6.28877,6.37409,6.147733,6.22637,-0.078637,-0.033495,-0.090283,40.957176,6.666689,5.910851,0.22329,10601108.6
CN,2585,2024-05-30,-0.496828,5.95782,6.16103,6.271015,6.365047,6.113959,6.204283,-0.090324,-0.044861,-0.090927,40.16818,6.680354,5.861676,0.217205,9649974.4
CN,2585,2024-05-31,-0.66462,5.92626,6.10481,6.247835,6.354197,6.079319,6.180914,-0.101595,-0.056208,-0.090775,39.088771,6.687496,5.808174,0.209441,8625655.4
CN,2585,2024-06-03,-2.177014,5.88286,6.0476,6.213805,6.343512,6.030285,6.14978,-0.119494,-0.068865,-0.101259,35.724815,6.692001,5.735609,0.207866,8347554.4
CN,2585,2024-06-04,-1.371385,5.8434,5.97756,6.170895,6.333483,5.976641,6.1151,-0.138458,-0.082784,-0.111349,33.794753,6.677551,5.664239,0.207112,8696074.4
CN,2585,2024-06-05,-2.08216,5.7645,5.89076,6.127,6.320825,5.91305,6.074226,-0.161175,-0.098462,-0.125426,31.086349,6.682171,5.571829,0.203589,8179797.2
CN,2585,2024-06-06,-4.964679,5.63628,5.79705,6.06387,6.305537,5.81675,6.01592,-0.19917,-0.118604,-0.161132,25.872823,6.694444,5.433296,0.217233,10043544.6
CN,2585,2024-06-07,2.42477,5.54158,5.73392,6.01159,6.291233,5.754989,5.97143,-0.216441,-0.138171,-0.15654,31.606408,6.674382,5.348798,0.214395,11090994.0
CN,2585,2024-06-11,2.367367,5.49816,5.69051,5.974105,6.274628,5.722452,5.939731,-0.217279,-0.153993,-0.126573,36.865383,6.653541,5.294669,0.216695,10672797.2
CN,2585,2024-06-12,0.533959,5.47646,5.65993,5.93958,6.254407,5.699475,5.912573,-0.213099,-0.165814,-0.094569,38.049832,6.626796,5.252364,0.211788,10404017.2
CN,2585,2024-06-13,-0.706967,5.47054,5.61752,5.906045,6.234843,5.673971,5.884509,-0.210538,-0.174759,-0.071558,37.053358,6.603676,5.208414,0.205825,10276623.6
CN,2585,2024-06-14,-0.713808,5.51196,5.57412,5.867575,6.216265,5.646314,5.855597,-0.209283,-0.181664,-0.055239,36.034493,6.566948,5.168202,0.199573,8389374.6
CN,2585,2024-06-17,-0.71712,5.51986,5.53072,5.817765,6.19588,5.61685,5.825908,-0.209058,-0.187142,-0.043831,35.000662,6.484997,5.150533,0.192368,7353256.8
CN,2585,2024-06-18,1.626091,5.51986,5.50901,5.778305,6.174837,5.605566,5.804989,-0.199424,-0.189599,-0.01965,39.227815,6.411537,5.145073,0.188492,7051537.4
CN,2585,2024-06-19,-1.600072,5.4962,5.48633,5.731945,6.15215,5.582371,5.779049,-0.196678,-0.191015,-0.011327,36.660263,6.315407,5.148483,0.186299,6450137.4
CN,2585,2024-06-20,-3.255848,5.4449,5.45772,5.67424,6.124367,5.535422,5.741875,-0.206454,-0.194102,-0.024703,32.126191,6.194478,5.154002,0.187085,6655044.6
CN,2585,2024-06-21,-3.177822,5.36796,5.43996,5.618505,6.094775,5.469895,5.695033,-0.225137,-0.200309,-0.049656,28.537151,6.129892,5.107118,0.187815,7238690.4
CN,2585,2024-06-24,-4.826304,5.24958,5.38472,5.55932,6.063538,5.376511,5.633393,-0.256882,-0.211624,-0.090516,24.247427,6.129443,4.989197,0.194128,8402486.4
CN,2585,2024-06-25,-0.012338,5.11334,5.3166,5.503555,6.035908,5.297402,5.576275,-0.278873,-0.225074,-0.107599,24.23788,6.115745,4.891365,0.189476,8398565.8
CN,2585,2024-06-26,4.279868,5.03646,5.26633,5.46313,6.010267,5.262478,5.538803,-0.276324,-0.235324,-0.082001,33.95107,6.077612,4.848648,0.195078,9308705.4
CN,2585,2024-06-27,-2.93468,4.96534,5.20512,5.41132,5.987735,5.210036,5.493084,-0.283049,-0.244869,-0.076359,30.900437,6.024967,4.797673,0.194608,9583568.2
CN,2585,2024-06-28,0.0,4.92776,5.14786,5.36099,5.962738,5.165661,5.450752,-0.285091,-0.252913,-0.064356,30.900437,5.961791,4.760189,0.19205,9313309.0
CN,2585,2024-07-01,1.410111,4.95338,5.10148,5.3161,5.939555,5.13879,5.416696,-0.277906,-0.257912,-0.039989,34.103214,5.885804,4.746396,0.190382,8309624.8
CN,2585,2024-07-02,-0.198357,4.97714,5.04524,5.277125,5.907987,5.11453,5.38443,-0.2699,-0.260309,-0.019181,33.862098,5.826139,4.728111,0.183876,7934514.8
CN,2585,2024-07-03,0.39951,4.96326,4.99986,5.243095,5.876915,5.097064,5.356028,-0.258964,-0.26004,0.002153,34.859079,5.771595,4.714595,0.178535,7369152.0
CN,2585,2024-07-04,-3.771246,4.94142,4.95338,5.20555,5.843193,5.053269,5.315759,-0.26249,-0.26053,-0.003919,30.210988,5.744315,4.666785,0.18279,7525619.8
CN,2585,2024-07-05,1.032749,4.92952,4.92864,5.1843,5.815725,5.023859,5.282155,-0.258296,-0.260083,0.003575,32.755559,5.741725,4.626875,0.178948,7186470.0
CN,2585,2024-07-08,-6.326484,4.84222,4.8978,5.14126,5.778033,4.95165,5.228254,-0.276605,-0.263388,-0.026434,26.351594,5.751154,4.531366,0.190973,9350209.4
CN,2585,2024-07-09,-0.871665,4.74896,4.86305,5.089825,5.743625,4.884442,5.175406,-0.290964,-0.268903,-0.044122,25.654461,5.728197,4.451453,0.192925,11223607.4
CN,2585,2024-07-10,-0.221494,4.64972,4.80649,5.03641,5.709215,4.826036,5.125731,-0.299696,-0.275061,-0.049269,25.471668,5.682821,4.389999,0.191902,11835250.6
CN,2585,2024-07-11,6.388741,4.64576,4.79359,4.999355,5.684533,4.820892,5.101055,-0.280163,-0.276082,-0.008163,38.953112,5.611551,4.387159,0.200166,12952162.8
CN,2585,2024-07-12,0.621792,4.63782,4.78367,4.965765,5.665117,4.821124,5.080414,-0.25929,-0.272723,0.026867,40.160136,5.538092,4.393438,0.193661,13449499.8
CN,2585,2024-07-15,-3.087674,4.66162,4.75192,4.9267,5.650123,4.798412,5.050272,-0.25186,-0.268551,0.033382,36.298237,5.465873,4.387527,0.196835,11613297.2
CN,2585,2024-07-16,-1.698941,4.67748,4.71322,4.87923,5.626408,4.76698,5.016482,-0.249502,-0.264741,0.030478,34.398656,5.35644,4.40202,0.190569,10089323.2
CN,2585,2024-07-17,0.0,4.69534,4.67253,4.836195,5.604667,4.740383,4.985194,-0.244811,-0.260755,0.031888,34.398656,5.2489,4.42349,0.182628,9458323.2
CN,2585,2024-07-18,-0.215494,4.65366,4.64971,4.801545,5.583582,4.716355,4.955491,-0.239136,-0.256431,0.03459,34.140297,5.174809,4.428281,0.180219,8111615.2
CN,2585,2024-07-19,0.0,4.60602,4.62192,4.77528,5.562825,4.696023,4.927988,-0.231965,-0.251538,0.039147,34.140297,5.131716,4.418844,0.177275,7715100.4
CN,2585,2024-07-22,-0.647877,4.58222,4.62192,4.75986,5.540915,4.67425,4.900322,-0.226072,-0.246445,0.040746,33.270863,5.126342,4.393378,0.171705,7595913.6
CN,2585,2024-07-23,-1.960698,4.55644,4.61696,4.740005,5.516367,4.642089,4.868091,-0.226002,-0.242356,0.032708,30.736313,5.124711,4.355299,0.170776,7835953.2
CN,2585,2024-07-24,-2.667294,4.50684,4.60109,4.70379,5.488353,4.596552,4.829425,-0.232873,-0.240459,0.015173,27.704942,5.093601,4.313979,0.168499,8210833.2
CN,2585,2024-07-25,2.054716,4.47708,4.56537,4.67948,5.459857,4.571759,4.800238,-0.228478,-0.238063,0.01917,33.037588,5.072554,4.286406,0.172056,8425171.2
CN,2585,2024-07-26,2.013347,4.46518,4.5356,4.659635,5.430547,4.56452,4.779828,-0.215308,-0.233512,0.036408,37.965386,5.041732,4.277538,0.168981,8535208.0
CN,2585,2024-07-29,-0.877406,4.45128,4.51675,4.634335,5.399423,4.552286,4.757988,-0.205703,-0.22795,0.044495,36.673289,4.991514,4.277156,0.167539,8231393.6
CN,2585,2024-07-30,0.664437,4.4612,4.50882,4.61102,5.367317,4.546519,4.739974,-0.193456,-0.221051,0.055191,38.368868,4.933838,4.288202,0.163365,7627240.0
CN,2585,2024-07-31,5.273766,4.54256,4.5247,4.598615,5.337535,4.57827,4.740932,-0.162662,-0.209374,0.093423,49.909172,4.876473,4.320757,0.170125,8113108.0
CN,2585,2024-08-01,-2.087147,4.58622,4.53165,4.59068,5.307743,4.589874,4.73447,-0.144596,-0.196418,0.103644,46.041057,4.85225,4.32911,0.172859,8741574.0
CN,2585,2024-08-02,-1.706169,4.59614,4.53066,4.57629,5.27482,4.587478,4.722606,-0.135128,-0.18416,0.098065,43.157872,4.806313,4.346267,0.171855,9071694.0
CN,2585,2024-08-05,-2.820104,4.5882,4.51974,4.57083,5.241227,4.565605,4.702065,-0.13646,-0.17462,0.07632,38.896127,4.807744,4.333916,0.173044,9907474.0
CN,2585,2024-08-06,2.679234,4.59812,4.52966,4.57331,5.212413,4.565419,4.691867,-0.126448,-0.164986,0.077075,44.359092,4.80886,4.33776,0.170605,10746334.0
CN,2585,2024-08-07,-0.435983,4.55644,4.5495,4.575295,5.183762,4.562201,4.680951,-0.11875,-0.155738,0.073977,43.656768,4.809165,4.341425,0.165504,9867626.0
CN,2585,2024-08-08,0.437892,4.53858,4.5624,4.563885,5.156428,4.562539,4.672318,-0.109778,-0.146546,0.073536,44.601348,4.775437,4.352333,0.161475,9008080.0
CN,2585,2024-08-09,-0.435983,4.53262,4.56438,4.54999,5.127777,4.559764,4.66285,-0.103086,-0.137854,0.069537,43.810381,4.725178,4.374802,0.16837,11374540.0
CN,2585,2024-08-12,-2.61855,4.52866,4.55843,4.53759,5.094018,4.539108,4.645268,-0.10616,-0.131516,0.05071,39.31982,4.711154,4.364026,0.166272,12297407.0
CN,2585,2024-08-13,1.791888,4.51674,4.55743,4.533125,5.063553,4.53383,4.634863,-0.101033,-0.125419,0.048771,43.477542,4.705233,4.361017,0.165738,12176327.0
CN,2585,2024-08-14,-1.760345,4.49294,4.52469,4.524695,5.030945,4.517164,4.619355,-0.102191,-0.120773,0.037165,40.489827,4.700507,4.348883,0.163821,12307558.2
CN,2585,2024-08-15,1.568184,4.47904,4.50881,4.52023,4.998672,4.513739,4.610136,-0.096397,-0.115898,0.039002,44.109608,4.694298,4.346162,0.164877,12853678.2
CN,2585,2024-08-16,-2.869919,4.44332,4.48797,4.509315,4.9677,4.490994,4.592044,-0.10105,-0.112929,0.023757,39.321774,4.693076,4.325554,0.166572,11188664.6
CN,2585,2024-08-19,-0.453515,4.42744,4.47805,4.498895,4.939358,4.468703,4.573826,-0.105124,-0.111368,0.012488,38.628705,4.69448,4.30331,0.161052,9586607.8
CN,2585,2024-08-20,-2.740388,4.37188,4.44431,4.486985,4.910182,4.431518,4.548135,-0.116618,-0.112418,-0.0084,34.670203,4.715555,4.258415,0.161591,9778915.2
CN,2585,2024-08-21,-0.468417,4.32822,4.41058,4.48004,4.88232,4.397007,4.522881,-0.125874,-0.115109,-0.02153,34.045578,4.732503,4.227577,0.159978,9567644.0
CN,2585,2024-08-22,-2.122552,4.25282,4.36593,4.464165,4.851655,4.354068,4.492882,-0.138815,-0.11985,-0.037929,31.306128,4.761755,4.166575,0.159179,8978824.0
CN,2585,2024-08-23,-0.483256,4.19924,4.32128,4.44283,4.821152,4.314673,4.463632,-0.148959,-0.125672,-0.046575,30.71305,4.778719,4.106941,0.153481,7903103.6
CN,2585,2024-08-26,4.599805,4.18732,4.30738,4.432905,4.794447,4.310338,4.450511,-0.140173,-0.128572,-0.023201,41.934386,4.774899,4.090911,0.160239,9139382.2
CN,2585,2024-08-27,-2.314242,4.17938,4.27563,4.41653,4.768225,4.291409,4.431014,-0.139604,-0.130779,-0.017652,38.408967,4.772353,4.060707,0.158715,8852332.8
CN,2585,2024-08-28,1.659781,4.1893,4.25876,4.391725,4.744478,4.286085,4.418109,-0.132024,-0.131028,-0.001993,42.082692,4.718257,4.065193,0.160135,9105098.8
CN,2585,2024-08-29,3.495584,4.24684,4.24983,4.37932,4.725183,4.304472,4.417183,-0.112711,-0.127364,0.029307,49.08495,4.683162,4.075478,0.162869,10047484.8
CN,2585,2024-08-30,2.026966,4.32622,4.26273,4.37535,4.71198,4.333768,4.422939,-0.089171,-0.119726,0.061109,52.775022,4.670858,4.079842,0.164699,11237878.8
CN,2585,2024-09-02,-0.660749,4.36196,4.27464,4.376345,4.696145,4.353989,4.42607,-0.072081,-0.110197,0.076231,51.439728,4.67292,4.07977,0.160728,10522970.0
CN,2585,2024-09-03,1.554242,4.43142,4.3054,4.374855,4.67933,4.381775,4.434109,-0.052334,-0.098624,0.09258,54.346495,4.667915,4.081795,0.159176,10595102.0
CN,2585,2024-09-04,-0.218321,4.485,4.33715,4.373865,4.661857,4.403764,4.44082,-0.037056,-0.086311,0.098509,53.851289,4.664752,4.082978,0.154892,10756036.0
CN,2585,2024-09-05,0.0,4.50882,4.37783,4.37188,4.64504,4.422369,4.447033,-0.024664,-0.073981,0.098635,53.851289,4.658042,4.085718,0.150914,9628330.0
CN,2585,2024-09-06,-2.632219,4.49096,4.40859,4.364935,4.626897,4.419789,4.443964,-0.024175,-0.06402,0.079691,47.777205,4.64055,4.08932,0.15147,8724877.4
CN,2585,2024-09-09,-0.676412,4.47308,4.41752,4.36245,4.608913,4.413022,4.438915,-0.025893,-0.056394,0.061003,46.367943,4.636729,4.088171,0.147737,8254883.4
CN,2585,2024-09-10,-0.452489,4.43736,4.43439,4.35501,4.589122,4.404249,4.432773,-0.028524,-0.05082,0.044593,45.409532,4.621399,4.088621,0.147105,7709973.4
CN,2585,2024-09-11,0.911387,4.41156,4.44828,4.35352,4.57147,4.402934,4.430027,-0.027093,-0.046075,0.037964,47.741902,4.618646,4.088394,0.147226,7426213.4
CN,2585,2024-09-12,0.0,4.38576,4.44729,4.34856,4.556778,4.401821,4.427484,-0.025663,-0.041992,0.032659,47.741902,4.606536,4.090584,0.145925,7662933.4
CN,2585,2024-09-13,-3.159906,4.356,4.42348,4.343105,4.542567,4.37951,4.414841,-0.035331,-0.04066,0.010659,40.688019,4.603981,4.082229,0.146837,7309106.0
CN,2585,2024-09-18,-2.330389,4.31236,4.39272,4.33368,4.530812,4.34537,4.395786,-0.050416,-0.042611,-0.015609,36.536134,4.606776,4.060584,0.150527,7279300.0
CN,2585,2024-09-19,3.817106,4.30442,4.37089,4.338145,4.521712,4.340898,4.389898,-0.049,-0.043889,-0.010222,46.02513,4.607006,4.069284,0.153954,8117363.6
CN,2585,2024-09-20,-1.607859,4.27466,4.34311,4.34013,4.507987,4.326437,4.379306,-0.052869,-0.045685,-0.014368,42.997491,4.60566,4.0746,0.149336,8231031.4
CN,2585,2024-09-23,0.233111,4.24688,4.31632,4.347075,4.496907,4.315723,4.370231,-0.054508,-0.04745,-0.014116,43.567782,4.595721,4.098429,0.150719,8380111.4
CN,2585,2024-09-24,6.060891,4.29848,4.32724,4.367915,4.490127,4.34635,4.38094,-0.034589,-0.044878,0.020576,55.939305,4.598796,4.137034,0.158382,10360668.4
CN,2585,2024-09-25,2.635776,4.39372,4.35304,4.38528,4.484173,4.390573,4.39967,-0.009097,-0.037721,0.057249,60.266125,4.640061,4.130499,0.162662,11935675.2
CN,2585,2024-09-26,3.854288,4.49294,4.39868,4.416535,4.481362,4.45547,4.430243,0.025227,-0.025132,0.100717,65.708876,4.715956,4.117114,0.166636,12818250.4
CN,2585,2024-09-27,6.599618,4.66956,4.47211,4.460195,4.483512,4.559244,4.482077,0.077167,-0.004672,0.163678,72.834968,4.882962,4.037428,0.181669,16412291.4
CN,2585,2024-09-30,10.05653,4.94738,4.59713,4.52221,4.497403,4.726422,4.568286,0.158136,0.02789,0.260492,80.077413,5.188492,3.855928,0.205543,22706429.6
CN,2585,2024-10-08,7.382348,5.25696,4.77772,4.6006,4.517413,4.932003,4.678983,0.25302,0.072916,0.360208,83.828605,5.546023,3.655177,0.231261,28487181.6
CN,2585,2024-10-09,-8.674353,5.43756,4.91564,4.65418,4.533785,5.025049,4.742525,0.282523,0.114837,0.335373,66.750545,5.68081,3.62755,0.253014,32460397.2
CN,2585,2024-10-10,-1.074628,5.57054,5.03174,4.701315,4.549827,5.094626,4.796953,0.297673,0.151404,0.292537,65.133765,5.786546,3.616084,0.254791,33923350.0
CN,2585,2024-10-11,-5.798477,5.57648,5.12302,4.733065,4.560742,5.104637,4.823823,0.280814,0.177286,0.207056,57.173313,5.832828,3.633302,0.267071,33143047.8
CN,2585,2024-10-14,2.692017,5.50702,5.2272,4.77176,4.569175,5.134478,4.858992,0.275486,0.196926,0.157119,59.504336,5.89371,3.64981,0.266423,28413947.6
CN,2585,2024-10-15,-3.181973,5.32048,5.28872,4.80798,4.574302,5.133789,4.879066,0.254722,0.208485,0.092474,55.551848,5.927077,3.688883,0.261564,22094998.6
CN,2585,2024-10-16,0.192982,5.2411,5.33933,4.846185,4.582075,5.134729,4.898387,0.236342,0.214057,0.04457,55.737764,5.955787,3.736583,0.254224,17861532.2
CN,2585,2024-10-17,-1.544777,5.15774,5.36414,4.88141,4.589848,5.123309,4.910396,0.212913,0.213828,-0.001829,53.794328,5.971082,3.791738,0.248822,16295560.6
CN,2585,2024-10-18,4.313803,5.18156,5.37902,4.925565,4.60126,5.147231,4.937685,0.209546,0.212972,-0.006851,58.118121,6.004447,3.846683,0.256563,16504678.0
CN,2585,2024-10-21,0.752065,5.18554,5.34628,4.971705,4.613498,5.17358,4.965893,0.207686,0.211915,-0.008456,58.871875,6.034813,3.908597,0.247452,16920570.8
CN,2585,2024-10-22,2.797781,5.253,5.28674,5.03223,4.628217,5.218768,5.003035,0.215733,0.212678,0.006109,61.657253,6.062983,4.001477,0.249619,18518186.2
CN,2585,2024-10-23,0.545059,5.32444,5.28277,5.099205,4.643927,5.261588,5.039632,0.221956,0.214534,0.014844,62.20924,6.066021,4.132389,0.241711,19865305.0
CN,2585,2024-10-24,-1.264303,5.39786,5.2778,5.15477,4.659967,5.287128,5.068371,0.218758,0.215379,0.006759,60.038399,6.061062,4.248478,0.23366,19280506.4
CN,2585,2024-10-25,5.484929,5.48716,5.33436,5.22869,4.682953,5.354539,5.117032,0.237507,0.219804,0.035406,65.579202,6.065209,4.392171,0.248863,19867972.2
CN,2585,2024-10-28,0.0,5.56852,5.37703,5.302115,4.704452,5.411579,5.162089,0.249491,0.225742,0.047498,65.579202,6.036015,4.568215,0.238887,19637507.4
CN,2585,2024-10-29,-2.59899,5.59036,5.42168,5.3552,4.721982,5.436952,5.192786,0.244166,0.229426,0.029479,60.700383,6.002055,4.708345,0.241666,19018115.2
CN,2585,2024-10-30,-0.534385,5.60028,5.46236,5.400845,4.739677,5.453836,5.219002,0.234834,0.230508,0.008653,59.741811,5.960611,4.841079,0.236455,18194066.6
CN,2585,2024-10-31,2.862964,5.65586,5.52686,5.4455,4.759522,5.492554,5.255039,0.237515,0.231909,0.011211,63.087078,5.95015,4.94085,0.235865,20068579.8
CN,2585,2024-11-01,-4.174919,5.60426,5.54571,5.462365,4.771428,5.488668,5.270762,0.217907,0.229109,-0.022404,55.621017,5.945811,4.978919,0.239575,18718323.2
CN,2585,2024-11-04,2.178406,5.57648,5.5725,5.45939,4.786973,5.503704,5.294142,0.209562,0.225199,-0.031275,58.279624,5.938999,4.979781,0.235219,17837631.4
CN,2585,2024-11-05,2.486396,5.60624,5.5983,5.44252,4.806157,5.537796,5.32608,0.211716,0.222503,-0.021574,61.199029,5.855111,5.029929,0.231882,17821873.0
CN,2585,2024-11-06,1.73266,5.6618,5.63104,5.456905,4.829143,5.581904,5.363,0.218904,0.221783,-0.005758,63.180632,5.900535,5.013275,0.233748,19472066.8
CN,2585,2024-11-07,1.704867,5.70546,5.68066,5.47923,4.8518,5.634503,5.404541,0.229963,0.223419,0.013088,65.101943,5.96742,4.99104,0.231223,19796089.2
CN,2585,2024-11-08,-0.670178,5.78882,5.69654,5.51545,4.874127,5.672903,5.440064,0.232839,0.225303,0.015073,63.67143,6.010875,5.020025,0.225343,20095760.8
CN,2585,2024-11-11,2.528849,5.87812,5.7273,5.552165,4.898602,5.728287,5.483977,0.24431,0.229104,0.030411,66.63106,6.085269,5.019061,0.223418,21602133.4
CN,2585,2024-11-12,0.329858,5.94362,5.77493,5.598305,4.92374,5.778212,5.526112,0.2521,0.233703,0.036793,67.01805,6.136976,5.059634,0.23156,26890253.0
CN,2585,2024-11-13,-1.31179,5.9734,5.8176,5.63998,4.949538,5.808241,5.559245,0.248996,0.236762,0.024468,63.836917,6.158952,5.121008,0.23487,27464193.4
CN,2585,2024-11-14,-3.987679,5.93568,5.82057,5.673715,4.970045,5.797004,5.572279,0.224725,0.234355,-0.019259,55.348922,6.120295,5.227135,0.239358,27059926.4
CN,2585,2024-11-15,-2.074906,5.8821,5.83546,5.690585,4.98989,5.769188,5.575532,0.193656,0.226215,-0.065118,51.653827,6.100176,5.280994,0.235725,26075161.6
CN,2585,2024-11-18,1.590043,5.81662,5.84737,5.709935,5.010067,5.75939,5.585159,0.174231,0.215818,-0.083175,54.128666,6.082255,5.337615,0.247237,28386498.0
CN,2585,2024-11-19,3.477346,5.78684,5.86523,5.731765,5.0357,5.781622,5.60877,0.172852,0.207225,-0.068745,59.133886,6.095724,5.367806,0.248713,24335681.4
CN,2585,2024-11-20,1.344874,5.78882,5.88111,5.756075,5.062987,5.81265,5.636513,0.176137,0.201007,-0.049741,60.969371,6.119039,5.393111,0.245834,23519385.4
CN,2585,2024-11-21,2.819514,5.87218,5.90393,5.792295,5.09507,5.864857,5.674697,0.19016,0.198838,-0.017355,64.606739,6.161439,5.423151,0.248117,27438814.2
CN,2585,2024-11-22,-3.226593,5.93964,5.91087,5.803705,5.124175,5.878495,5.695349,0.183146,0.195699,-0.025108,57.783147,6.177933,5.429477,0.253073,31020510.8
CN,2585,2024-11-25,5.999832,6.06068,5.93865,5.832975,5.160722,5.944988,5.740931,0.204057,0.197371,0.013372,64.955899,6.265177,5.400773,0.269018,33085049.2
CN,2585,2024-11-26,-3.300743,6.10038,5.94361,5.85927,5.194128,5.969205,5.767706,0.201499,0.198197,0.006605,58.693347,6.289846,5.428694,0.269645,35100953.0
CN,2585,2024-11-27,2.113922,6.15,5.96941,5.893505,5.226543,6.009543,5.802054,0.207489,0.200055,0.014868,61.188938,6.328089,5.458921,0.274485,36605782.8
CN,2585,2024-11-28,-2.070161,6.14008,6.00613,5.91335,5.258462,6.023828,5.824302,0.199527,0.199949,-0.000845,57.450971,6.348029,5.478671,0.267636,32603444.0
CN,2585,2024-11-29,-0.976665,6.15794,6.04879,5.942125,5.288228,6.026747,5.840487,0.18626,0.197212,-0.021902,55.756253,6.328381,5.555869,0.26269,30977767.4
CN,2585,2024-12-02,1.150129,6.11826,6.08947,5.96842,5.316673,6.039909,5.860621,0.179288,0.193627,-0.028678,57.336692,6.324667,5.612173,0.258805,28071970.6
CN,2585,2024-12-03,-0.64951,6.1123,6.10634,5.985785,5.342968,6.044938,5.876323,0.168615,0.188625,-0.040019,56.103846,6.326453,5.645117,0.255912,25143070.0
CN,2585,2024-12-04,-4.248592,6.02894,6.08947,5.98529,5.365458,6.009502,5.871751,0.137751,0.17845,-0.081398,48.765433,6.326922,5.643658,0.258897,25220698.6
CN,2585,2024-12-05,2.388814,5.99916,6.06962,5.986775,5.389107,6.000886,5.877807,0.12308,0.167376,-0.088592,52.376983,6.327582,5.645968,0.25529,24892655.0
CN,2585,2024-12-06,5.667255,6.04878,6.10336,6.007115,5.418543,6.045504,5.908406,0.137098,0.16132,-0.048445,59.791401,6.368894,5.645336,0.267534,30335561.0
CN,2585,2024-12-09,-1.419511,6.06664,6.09245,6.01555,5.446492,6.069518,5.930124,0.139394,0.156935,-0.035081,57.250821,6.387076,5.644024,0.261181,31176437.2
CN,2585,2024-12-10,-0.640157,6.0845,6.0984,6.021005,5.475763,6.083731,5.947293,0.136438,0.152836,-0.032795,56.10938,6.397726,5.644284,0.258825,32334917.6
CN,2585,2024-12-11,4.026356,6.20358,6.11626,6.042835,5.509667,6.133926,5.981567,0.152359,0.15274,-0.000763,61.301943,6.454931,5.630739,0.263024,34560333.6
CN,2585,2024-12-12,-0.619345,6.28694,6.14305,6.07459,5.543238,6.170291,6.010362,0.159929,0.154178,0.011502,60.077136,6.484844,5.664336,0.256286,35706895.6
CN,2585,2024-12-13,-3.116023,6.26312,6.15595,6.10237,5.57284,6.170524,6.022321,0.148203,0.152983,-0.00956,54.241601,6.456046,5.748694,0.252159,29727794.8
CN,2585,2024-12-16,-1.286497,6.24128,6.15396,6.121715,5.601118,6.158505,6.027512,0.130993,0.148585,-0.035184,52.063156,6.425209,5.818221,0.246197,27025733.8
CN,2585,2024-12-17,-4.233143,6.1758,6.13015,6.118245,5.627413,6.108658,6.013215,0.095443,0.137957,-0.085027,45.650018,6.432999,5.803491,0.248462,26313214.4
CN,2585,2024-12-18,-0.680435,6.05276,6.12817,6.10882,5.6547,6.060372,5.997036,0.063336,0.123033,-0.119393,44.736482,6.449402,5.768238,0.240636,20499779.6
CN,2585,2024-12-19,-1.028508,5.92574,6.10634,6.08798,5.678348,6.010345,5.97764,0.032705,0.104967,-0.144524,43.334448,6.464549,5.711411,0.235498,19011120.8
CN,2585,2024-12-20,2.076649,5.86224,6.06268,6.08302,5.705138,5.986338,5.968504,0.017834,0.08754,-0.139412,46.914758,6.469039,5.697001,0.237812,17777609.6
CN,2585,2024-12-23,-5.423364,5.75112,5.9962,6.044325,5.726472,5.917179,5.936526,-0.019347,0.066163,-0.171021,39.711423,6.482873,5.605777,0.247054,18122506.6
CN,2585,2024-12-24,1.434041,5.70746,5.94163,6.020015,5.744828,5.870874,5.912798,-0.041924,0.044546,-0.172939,42.105419,6.495351,5.544679,0.242872,15752847.4
CN,2585,2024-12-25,-3.00381,5.638,5.84538,5.98082,5.75839,5.80574,5.878332,-0.072592,0.021118,-0.18742,38.598408,6.506574,5.455066,0.241831,15538717.0
CN,2585,2024-12-26,0.54704,5.58642,5.75608,5.949565,5.769472,5.755211,5.848626,-0.093415,-0.001789,-0.183253,39.556125,6.51548,5.38365,0.232357,13995087.0
CN,2585,2024-12-27,2.172603,5.53482,5.69853,5.92724,5.777243,5.730763,5.829935,-0.099172,-0.021265,-0.155814,43.355653,6.511609,5.342871,0.230646,13197487.2
CN,2585,2024-12-30,-2.481997,5.51894,5.63503,5.894495,5.774102,5.688707,5.80234,-0.113633,-0.039739,-0.147788,40.180717,6.506458,5.282532,0.228343,11965924.0
CN,2585,2024-12-31,-2.909811,5.45542,5.58144,5.855795,5.761367,5.628691,5.765026,-0.136335,-0.059058,-0.154554,36.857575,6.513961,5.197629,0.227625,12342568.4
CN,2585,2025-01-02,-3.370702,5.38992,5.51396,5.821065,5.75442,5.55043,5.717246,-0.166816,-0.08061,-0.172412,33.501644,6.553388,5.088742,0.230502,13282428.2
CN,2585,2025-01-03,-4.068359,5.2768,5.43161,5.768975,5.744993,5.452164,5.657576,-0.205412,-0.10557,-0.199683,30.063541,6.598025,4.939925,0.236009,14479099.2
CN,2585,2025-01-06,0.604679,5.14582,5.34032,5.7015,5.741355,5.373585,5.604526,-0.230941,-0.130644,-0.200593,31.148511,6.568453,4.834547,0.234037,14299960.6
CN,2585,2025-01-07,1.406484,5.05652,5.28773,5.641965,5.73656,5.317787,5.560554,-0.242766,-0.153069,-0.179395,33.739021,6.526722,4.757208,0.225827,13191479.6
CN,2585,2025-01-08,-2.376819,4.97516,5.21529,5.57846,5.73259,5.252251,5.511016,-0.258765,-0.174208,-0.169115,31.54843,6.486836,4.670084,0.229547,13251910.4
CN,2585,2025-01-09,0.811562,4.93746,5.16369,5.504535,5.729117,5.202905,5.468089,-0.265185,-0.192403,-0.145563,33.107514,6.369814,4.639256,0.223072,11718756.8
CN,2585,2025-01-10,-2.816587,4.91364,5.09522,5.42565,5.724652,5.139781,5.418053,-0.278272,-0.209577,-0.13739,30.490827,6.247402,4.603898,0.222024,10574517.0
CN,2585,2025-01-13,1.863289,4.90174,5.02378,5.361155,5.718037,5.100107,5.378338,-0.278231,-0.223308,-0.109846,34.09714,6.139887,4.582423,0.221758,10211856.8
CN,2585,2025-01-14,3.455622,4.90968,4.9831,5.309065,5.713572,5.09249,5.354061,-0.261571,-0.23096,-0.06122,40.389221,6.021746,4.596384,0.218675,10841450.8
CN,2585,2025-01-15,-1.376074,4.92754,4.95135,5.266395,5.705468,5.075353,5.326434,-0.251081,-0.234984,-0.032193,38.747904,5.949716,4.583074,0.213684,10426162.8
CN,2585,2025-01-16,0.797013,4.9454,4.94143,5.227695,5.69753,5.066961,5.303795,-0.236834,-0.235354,-0.002959,40.241782,5.873572,4.581818,0.208342,10779254.8
CN,2585,2025-01-17,0.19718,4.99302,4.95333,5.19247,5.690915,5.061382,5.283565,-0.222183,-0.23272,0.021074,40.630636,5.799465,4.585475,0.201254,10447114.4
CN,2585,2025-01-20,2.564255,5.04858,4.97516,5.15774,5.681488,5.076508,5.27439,-0.197882,-0.225753,0.055741,45.598172,5.683316,4.632164,0.198221,11019519.0
CN,2585,2025-01-21,-0.191872,5.06842,4.98905,5.13839,5.671897,5.087784,5.265161,-0.177378,-0.216078,0.0774,45.285015,5.634381,4.642399,0.192563,10995976.6
CN,2585,2025-01-22,-2.118529,5.08034,5.00394,5.109615,5.662967,5.08054,5.248535,-0.167995,-0.206461,0.076933,41.872176,5.555646,4.663584,0.188022,11003094.2
CN,2585,2025-01-23,-1.575178,5.06844,5.00692,5.085305,5.65321,5.062195,5.227258,-0.165063,-0.198181,0.066238,39.536869,5.507378,4.663232,0.191599,13780987.6
CN,2585,2025-01-24,-0.999738,5.04464,5.01883,5.057025,5.63998,5.039042,5.203883,-0.164841,-0.191513,0.053344,38.107087,5.444636,4.669414,0.187128,15075095.2
CN,2585,2025-01-27,-0.606715,4.98908,5.01883,5.021305,5.630223,5.014866,5.180033,-0.165166,-0.186244,0.042155,37.235826,5.326443,4.716167,0.186519,14933396.6
CN,2585,2025-02-05,0.813208,4.94344,5.00593,4.994515,5.619143,5.000518,5.160889,-0.160372,-0.181069,0.041395,39.229233,5.227304,4.761726,0.180282,14470717.6
CN,2585,2025-02-06,2.015605,4.93946,5.0099,4.980625,5.607402,5.003638,5.150512,-0.146874,-0.17423,0.054712,44.014087,5.167878,4.793372,0.17874,14602793.8
CN,2585,2025-02-07,1.581421,4.96724,5.01784,4.979635,5.59533,5.018494,5.146786,-0.128292,-0.165043,0.073502,47.572272,5.164119,4.795151,0.180145,14397191.4
CN,2585,2025-02-10,0.19411,5.00692,5.02578,4.989555,5.581768,5.032587,5.144068,-0.111481,-0.15433,0.085699,48.015901,5.179613,4.799497,0.174363,15432837.0
CN,2585,2025-02-11,-1.164361,5.04066,5.01487,4.995015,5.567877,5.035358,5.137145,-0.101786,-0.143822,0.08407,45.522723,5.185499,4.804531,0.173958,16483398.6
CN,2585,2025-02-12,1.57209,5.08234,5.01289,5.00097,5.552828,5.049919,5.136615,-0.086697,-0.132397,0.0914,49.305553,5.200309,4.801631,0.169333,17298306.6
CN,2585,2025-02-13,-0.773879,5.09624,5.01785,5.010895,5.536787,5.056131,5.133185,-0.077054,-0.121328,0.088549,47.528461,5.207248,4.814542,0.165038,17361572.8
CN,2585,2025-02-14,-0.39094,5.09028,5.02876,5.01784,5.521737,5.058326,5.128534,-0.070208,-0.111104,0.081793,46.621379,5.212285,4.823395,0.163171,15062133.0
CN,2585,2025-02-17,-0.390502,5.07838,5.04265,5.03074,5.510327,5.057138,5.122761,-0.065623,-0.102008,0.072769,45.687086,5.195698,4.865782,0.158601,13911590.4
CN,2585,2025-02-18,-2.554152,5.05258,5.04662,5.032725,5.49875,5.036286,5.10786,-0.071575,-0.095921,0.048693,40.055063,5.191304,4.874146,0.16003,13468085.0
CN,2585,2025-02-19,1.007802,5.02082,5.05158,5.028755,5.486512,5.026273,5.097737,-0.071465,-0.09103,0.03913,42.96631,5.189308,4.868202,0.154978,12931310.4
CN,2585,2025-02-20,1.5972,5.01288,5.05456,5.03223,5.47229,5.030015,5.094246,-0.06423,-0.08567,0.042879,47.372497,5.19151,4.87295,0.154536,13831022.2
CN,2585,2025-02-21,3.928246,5.0486,5.06944,5.04364,5.460052,5.063705,5.105709,-0.042004,-0.076937,0.069866,56.430281,5.22863,4.85865,0.171848,20167977.0
CN,2585,2025-02-24,-1.133549,5.07638,5.07738,5.05158,5.44401,5.083058,5.111916,-0.028857,-0.067321,0.076927,53.4587,5.247004,4.856156,0.16808,22473554.0
CN,2585,2025-02-25,-0.574236,5.124,5.08829,5.05158,5.43078,5.094849,5.115455,-0.020606,-0.057978,0.074744,51.982264,5.247004,4.856156,0.165289,22976011.0
CN,2585,2025-02-26,2.500145,5.1875,5.10416,5.058525,5.413747,5.124672,5.128288,-0.003616,-0.047105,0.086979,57.459449,5.276041,4.841009,0.163404,25212804.0
CN,2585,2025-02-27,-1.12504,5.22322,5.11805,5.06795,5.399193,5.140754,5.135763,0.004991,-0.036686,0.083354,54.378431,5.297559,4.838341,0.162368,26296703.0
CN,2585,2025-02-28,-2.277595,5.19544,5.12202,5.07539,5.380505,5.136038,5.133862,0.002176,-0.028914,0.062179,48.744192,5.300289,4.850491,0.16282,21052948.8
CN,2585,2025-03-03,0.193734,5.18154,5.12896,5.085805,5.364132,5.13357,5.132835,0.000735,-0.022984,0.047438,49.215224,5.298372,4.873238,0.161112,19398427.2
CN,2585,2025-03-04,-0.580078,5.16766,5.14583,5.096225,5.348257,5.126913,5.129685,-0.002771,-0.018942,0.032341,47.796147,5.287115,4.905335,0.155268,18564912.4
CN,2585,2025-03-05,-0.974402,5.11806,5.15278,5.10218,5.330397,5.11365,5.123093,-0.009443,-0.017042,0.015197,45.43973,5.277722,4.926638,0.154099,17124557.8
CN,2585,2025-03-06,0.785605,5.08828,5.15575,5.105155,5.313858,5.108519,5.119923,-0.011404,-0.015914,0.00902,47.658457,5.277059,4.933251,0.14947,15366081.8
CN,2585,2025-03-07,-0.389741,5.07836,5.1369,5.10317,5.30129,5.101131,5.115522,-0.01439,-0.015609,0.002439,46.637247,5.27617,4.93017,0.15368,16424322.0
CN,2585,2025-03-10,2.15789,5.0883,5.13492,5.10615,5.288227,5.11168,5.119535,-0.007854,-0.014058,0.012408,52.661851,5.281561,4.930739,0.16751,19332804.2
CN,2585,2025-03-11,2.68681,5.13196,5.14981,5.11905,5.271855,5.141976,5.13354,0.008436,-0.009559,0.035991,59.002225,5.313172,4.924928,0.169723,22162286.0
CN,2585,2025-03-12,-0.561353,5.17958,5.14882,5.12649,5.256475,5.163026,5.1443,0.018726,-0.003902,0.045257,57.231158,5.332747,4.920233,0.171064,24677006.0
CN,2585,2025-03-13,0.564522,5.22524,5.15676,5.137405,5.242253,5.185422,5.15647,0.028952,0.002668,0.052567,58.570409,5.357488,4.917322,0.171603,27115371.4
CN,2585,2025-03-14,2.616509,5.30264,5.1905,5.15626,5.226212,5.225741,5.178028,0.047714,0.011677,0.072072,64.197884,5.411893,4.900627,0.179895,30691468.8
CN,2585,2025-03-17,-1.275815,5.3443,5.2163,5.17263,5.209673,5.249166,5.192841,0.056325,0.020607,0.071437,59.819508,5.440729,4.904531,0.17626,29244086.8
CN,2585,2025-03-18,-0.368167,5.35422,5.24309,5.19446,5.196113,5.26594,5.205089,0.060851,0.028656,0.06439,58.593463,5.447946,4.940974,0.17572,27707199.4
CN,2585,2025-03-19,-1.112314,5.35818,5.26888,5.21083,5.182883,5.270965,5.212016,0.058949,0.034714,0.048469,54.943048,5.446166,4.975494,0.169547,25029782.2
CN,2585,2025-03-20,0.562413,5.36214,5.29369,5.22472,5.174448,5.279801,5.220637,0.059164,0.039604,0.039119,56.405493,5.453284,4.996156,0.164522,22677344.0
CN,2585,2025-03-21,-2.235193,5.3145,5.30857,5.222735,5.16469,5.268955,5.219797,0.049157,0.041515,0.015285,49.491506,5.45111,4.99436,0.164114,17749854.6
CN,2585,2025-03-24,-3.046475,5.24902,5.29666,5.21579,5.15328,5.235362,5.207264,0.028098,0.038831,-0.021468,42.088321,5.45593,4.97565,0.17082,17206928.0
CN,2585,2025-03-25,1.57209,5.20338,5.2788,5.214305,5.141208,5.219152,5.201541,0.017611,0.034587,-0.033952,46.407675,5.456176,4.972434,0.16854,16077742.8
CN,2585,2025-03-26,2.319688,5.19346,5.27582,5.21232,5.136412,5.223744,5.205056,0.018688,0.031407,-0.025439,52.166051,5.452361,4.972279,0.169965,17423949.2
CN,2585,2025-03-27,-0.756335,5.16964,5.26589,5.211325,5.12963,5.221522,5.205371,0.016151,0.028356,-0.02441,50.227113,5.451242,4.971408,0.167747,17469827.2
CN,2585,2025-03-28,-2.85643,5.13988,5.22719,5.208845,5.12318,5.196749,5.19464,0.00211,0.023107,-0.041994,43.674678,5.453868,4.963822,0.167815,16849909.8
CN,2585,2025-03-31,-1.569015,5.12598,5.1875,5.2019,5.11491,5.163573,5.178822,-0.015249,0.015436,-0.06137,40.628876,5.463889,4.939911,0.165042,15827473.2
CN,2585,2025-04-01,2.391038,5.12002,5.1617,5.202395,5.106642,5.153823,5.172998,-0.019175,0.008514,-0.055377,46.640099,5.463574,4.941216,0.165303,15727356.4
CN,2585,2025-04-02,-0.390181,5.08628,5.13987,5.204375,5.100357,5.142512,5.166131,-0.02362,0.002087,-0.051413,45.805588,5.461185,4.947565,0.159875,13250670.2
CN,2585,2025-04-03,-0.389741,5.05652,5.11308,5.203385,5.096388,5.129895,5.158307,-0.028412,-0.004013,-0.048799,44.94392,5.462245,4.944525,0.156255,12846918.0
CN,2585,2025-04-07,-9.999012,4.95532,5.0476,5.178085,5.086963,5.041372,5.11358,-0.072208,-0.017652,-0.109112,29.612859,5.558316,4.797854,0.181237,14276912.4
CN,2585,2025-04-08,-3.486662,4.83824,4.98211,5.139385,5.078363,4.942038,5.060404,-0.118366,-0.037795,-0.161142,26.551749,5.650262,4.628508,0.187427,16484469.8
CN,2585,2025-04-09,3.385126,4.7271,4.92356,5.10118,5.071748,4.880878,5.022189,-0.141311,-0.058498,-0.165625,33.489606,5.667049,4.535311,0.205225,18646186.2
CN,2585,2025-04-10,1.091429,4.62986,4.85807,5.066945,5.064802,4.836759,4.990479,-0.15372,-0.077542,-0.152355,35.670902,5.667475,4.466415,0.201202,20062472.0
CN,2585,2025-04-11,1.51281,4.55048,4.8035,5.034695,5.060998,4.810119,4.966265,-0.156147,-0.093263,-0.125767,38.704391,5.64897,4.42042,0.197466,19924851.0
CN,2585,2025-04-14,0.638991,4.57826,4.76679,4.99699,5.05703,4.792162,4.946053,-0.153891,-0.105389,-0.097005,40.010638,5.597708,4.396272,0.189033,17429442.2
CN,2585,2025-04-15,1.056803,4.64772,4.74298,4.96524,5.056203,4.784599,4.931012,-0.146414,-0.113594,-0.06564,42.217829,5.548934,4.381546,0.180495,13666146.6
CN,2585,2025-04-16,-1.882775,4.66956,4.69833,4.930015,5.0524,4.76446,4.910471,-0.14601,-0.120077,-0.051866,39.406643,5.499456,4.360574,0.180359,10523861.6
CN,2585,2025-04-17,1.706169,4.69736,4.66361,4.90174,5.047108,4.759636,4.897332,-0.137696,-0.123601,-0.028191,43.038501,5.450966,4.352514,0.180941,9560763.2
CN,2585,2025-04-18,0.836661,4.71918,4.63483,4.873955,5.043635,4.761646,4.8881,-0.126454,-0.124172,-0.004566,44.815076,5.389206,4.358704,0.175809,8868916.4
CN,2585,2025-04-21,1.873154,4.75292,4.66559,4.856595,5.04099,4.7771,4.886174,-0.109074,-0.121152,0.024156,48.704694,5.348342,4.364848,0.171759,9067428.8
CN,2585,2025-04-22,0.203616,4.77872,4.71322,4.847665,5.038345,4.7917,4.885124,-0.093424,-0.115606,0.044365,49.132267,5.331417,4.363913,0.166576,9142343.6
CN,2585,2025-04-23,1.018062,4.8323,4.75093,4.837245,5.034377,4.811685,4.887826,-0.076141,-0.107713,0.063144,51.321548,5.304933,4.369557,0.166013,9805467.6
CN,2585,2025-04-24,-1.208956,4.8581,4.77773,4.8179,5.029582,4.819441,4.88592,-0.06648,-0.099467,0.065974,48.618342,5.246211,4.389589,0.162662,9499992.0
CN,2585,2025-04-25,-0.612904,4.87002,4.7946,4.79905,5.026108,4.821419,4.881949,-0.060529,-0.091679,0.0623,47.275275,5.188193,4.409907,0.157422,9798272.2
CN,2585,2025-04-28,-0.411812,4.86008,4.8065,4.786645,5.023627,4.820032,4.876797,-0.056765,-0.084696,0.055862,46.354381,5.157024,4.416266,0.156106,9976244.0
CN,2585,2025-04-29,2.063419,4.86802,4.82337,4.783175,5.023627,4.834134,4.879382,-0.045248,-0.076807,0.063118,51.437788,5.147452,4.418898,0.155584,10294804.0
CN,2585,2025-04-30,0.0,4.86604,4.84917,4.77375,5.024123,4.846068,4.881776,-0.035709,-0.068587,0.065757,51.437788,5.11367,4.43383,0.152978,10808795.4
CN,2585,2025-05-06,0.20156,4.87794,4.86802,4.765815,5.024123,4.857688,4.884726,-0.027038,-0.060277,0.066478,51.964099,5.083417,4.448213,0.147723,11696258.4
CN,2585,2025-05-07,3.023407,4.92556,4.89779,4.76631,5.02495,4.890413,4.89848,-0.008067,-0.049835,0.083537,59.133225,5.085773,4.446847,0.164814,16767837.8
CN,2585,2025-05-08,-0.195251,4.97518,4.91763,4.79161,5.024288,4.91658,4.910481,0.006099,-0.038648,0.089495,58.507578,5.119989,4.463231,0.166513,19147753.4
CN,2585,2025-05-09,-0.98014,4.99502,4.93152,4.82237,5.022635,4.931091,4.91792,0.013171,-0.028284,0.082911,55.347987,5.109279,4.535461,0.161712,19148098.8
CN,2585,2025-05-12,0.594704,5.02082,4.94343,4.84718,5.02247,4.947954,4.927014,0.020939,-0.01844,0.078758,56.855508,5.11911,4.57525,0.154411,18076638.8
CN,2585,2025-05-13,0.785605,5.05256,4.96525,4.87149,5.021642,4.968315,4.938369,0.029946,-0.008763,0.077417,58.843979,5.135386,4.607594,0.14976,17793409.6
CN,2585,2025-05-14,0.0,5.05454,4.99005,4.892325,5.021475,4.985543,4.948882,0.036661,0.000322,0.072678,58.843979,5.153058,4.631592,0.14402,12939296.4
CN,2585,2025-05-15,-0.779482,5.05058,5.01288,4.90969,5.02098,4.994029,4.955684,0.038345,0.007927,0.060837,55.858249,5.161214,4.658166,0.148619,11645242.2
CN,2585,2025-05-16,2.360783,5.08034,5.03768,4.930525,5.022798,5.019517,4.970796,0.048721,0.016086,0.06527,62.084194,5.192196,4.668854,0.161396,16032756.8
CN,2585,2025-05-19,-0.961296,5.09422,5.05752,4.953345,5.02594,5.033453,4.981115,0.052338,0.023336,0.058004,58.387648,5.193161,4.713529,0.158368,18158477.8
CN,2585,2025-05-20,-0.193734,5.0982,5.07538,4.9717,5.02809,5.043721,4.989936,0.053786,0.029426,0.048719,57.649826,5.197035,4.746365,0.15202,18365866.0
CN,2585,2025-05-21,-0.972511,5.09226,5.0734,4.985595,5.02809,5.04478,4.99443,0.05035,0.033611,0.033479,53.970107,5.19375,4.77744,0.146119,18487668.4
CN,2585,2025-05-22,-1.57209,5.07836,5.06447,4.99105,5.02346,5.03346,4.992709,0.040751,0.035039,0.011424,48.620081,5.191551,4.790549,0.144896,17690796.2
CN,2585,2025-05-23,0.0,5.04066,5.0605,4.99601,5.019822,5.023881,4.991116,0.032766,0.034584,-0.003637,48.620081,5.189262,4.802758,0.143053,13648357.8
CN,2585,2025-05-26,1.196894,5.02478,5.0595,5.001465,5.017672,5.02493,4.994048,0.030883,0.033844,-0.005923,52.695488,5.19215,4.81078,0.1385,11768614.4
CN,2585,2025-05-27,1.184726,5.0228,5.0605,5.012875,5.014365,5.034987,5.001178,0.03381,0.033837,-5.5e-05,56.424027,5.195997,4.829753,0.138528,11709065.6
CN,2585,2025-05-28,-2.145257,5.0089,5.05058,5.020315,5.01023,5.026697,4.99969,0.027007,0.032471,-0.010929,48.829822,5.18461,4.85602,0.138555,11851400.2
CN,2585,2025-05-29,1.196523,5.0228,5.05058,5.03173,5.009073,5.028851,5.002728,0.026123,0.031201,-0.010157,52.58109,5.165554,4.897906,0.135744,11576658.4
CN,2585,2025-05-30,-1.182375,5.02478,5.03272,5.0352,5.006758,5.021505,5.001126,0.020379,0.029037,-0.017316,48.733626,5.159667,4.910733,0.131719,10920395.4
CN,2585,2025-06-03,0.39951,5.01884,5.02181,5.039665,5.00527,5.01835,5.001117,0.017234,0.026676,-0.018885,50.047913,5.151896,4.927434,0.128689,10637714.8
CN,2585,2025-06-04,1.785643,5.01884,5.02082,5.0481,5.006097,5.029419,5.007723,0.021697,0.02568,-0.007967,55.554341,5.14828,4.94792,0.125876,10842559.8
CN,2585,2025-06-05,-0.779915,5.03274,5.02082,5.04711,5.005602,5.032678,5.010899,0.021779,0.0249,-0.006242,52.769362,5.146779,4.947441,0.122556,10273556.4
CN,2585,2025-06-06,0.392033,5.03868,5.03074,5.047605,5.005767,5.038481,5.015306,0.023175,0.024555,-0.00276,54.007725,5.147633,4.947577,0.118059,9849714.4
CN,2585,2025-06-09,0.978227,5.06646,5.04562,5.05306,5.004938,5.051023,5.023062,0.027961,0.025236,0.00545,57.046014,5.156333,4.949787,0.113883,10348579.2
CN,2585,2025-06-10,-0.386719,5.0863,5.05257,5.056035,5.001465,5.058588,5.028775,0.029813,0.026152,0.007323,55.470669,5.161124,4.950946,0.112128,11582110.4
CN,2585,2025-06-11,0.972511,5.0982,5.05852,5.05951,4.999315,5.072621,5.03774,0.034881,0.027897,0.013967,58.55806,5.17192,4.9471,0.114747,12127066.4
CN,2585,2025-06-12,-0.770904,5.1101,5.07142,5.061,4.996007,5.078387,5.0431,0.035287,0.029375,0.011823,55.25576,5.175248,4.946752,0.112936,13603578.8
CN,2585,2025-06-13,-2.718146,5.09026,5.06447,5.057525,4.988068,5.061897,5.037774,0.024122,0.028325,-0.008405,45.572361,5.178085,4.936965,0.114791,15802029.6
CN,2585,2025-06-16,-0.199147,5.05852,5.06249,5.047605,4.981123,5.04642,5.03211,0.014311,0.025522,-0.022422,44.967485,5.165524,4.929686,0.113677,16462202.8
CN,2585,2025-06-17,0.199544,5.03272,5.05951,5.04066,4.974673,5.034848,5.027598,0.00725,0.021868,-0.029235,45.743027,5.159397,4.921923,0.109815,15860159.8
CN,2585,2025-06-18,-0.199147,4.99502,5.04661,5.033715,4.969052,5.023533,5.022687,0.000846,0.017663,-0.033634,45.059188,5.153949,4.913481,0.110521,15266713.0
CN,2585,2025-06-19,-1.408905,4.95128,5.03069,5.025755,4.961768,5.003205,5.012962,-0.009757,0.012179,-0.043873,40.459996,5.160649,4.890861,0.111898,14137280.6
CN,2585,2025-06-20,2.040316,4.95528,5.02277,5.026755,4.958133,5.001358,5.01135,-0.009992,0.007745,-0.035474,48.536694,5.160306,4.893204,0.118877,14186827.0
CN,2585,2025-06-23,3.600337,4.9972,5.02786,5.03674,4.960138,5.027441,5.023168,0.004273,0.007051,-0.005555,59.254519,5.181569,4.891911,0.126785,16044784.6
CN,2585,2025-06-24,3.475217,5.07308,5.0529,5.052735,4.963815,5.077158,5.047423,0.029735,0.011588,0.036296,66.718866,5.251849,4.853621,0.131279,19867449.0
CN,2585,2025-06-25,0.371921,5.15492,5.07497,5.066745,4.96584,5.122288,5.071354,0.050933,0.019457,0.062953,67.43043,5.309178,4.824312,0.131888,22786743.4
CN,2585,2025-06-26,0.558607,5.25674,5.10401,5.087715,4.969027,5.165089,5.095735,0.069354,0.029436,0.079836,68.523031,5.366689,4.808741,0.134589,25569721.8
CN,2585,2025-06-27,0.923989,5.34858,5.15193,5.1082,4.975525,5.208983,5.122007,0.086977,0.040944,0.092065,70.307312,5.427596,4.788804,0.137811,26618520.8
CN,2585,2025-06-30,0.0,5.40448,5.20084,5.131665,4.983347,5.246124,5.146332,0.099792,0.052714,0.094157,70.307312,5.478076,4.785254,0.136517,25286315.8
CN,2585,2025-07-01,0.732056,5.43242,5.25275,5.15613,4.989848,5.28369,5.171811,0.111879,0.064547,0.094664,71.790212,5.530183,4.782077,0.133895,22059095.2
CN,2585,2025-07-02,0.728558,5.46438,5.30965,5.17813,4.997348,5.32163,5.198366,0.123264,0.07629,0.093947,73.233413,5.584472,4.771788,0.135024,20779395.6
CN,2585,2025-07-03,-0.542466,5.48434,5.37054,5.200615,5.004678,5.349118,5.220732,0.128386,0.086709,0.083353,70.327399,5.625582,4.775648,0.133936,18815217.2
CN,2585,2025-07-04,-1.632638,5.47636,5.41247,5.21762,5.018945,5.358561,5.234788,0.123773,0.094122,0.059301,62.351574,5.647573,4.787667,0.132927,16396531.4
CN,2585,2025-07-07,0.367803,5.47236,5.43842,5.23314,5.03619,5.369613,5.249278,0.120335,0.099365,0.041941,63.343687,5.670227,4.796053,0.128425,15057442.2
CN,2585,2025-07-08,2.574396,5.48834,5.46038,5.25664,5.053285,5.400473,5.27305,0.127423,0.104976,0.044893,69.43695,5.712736,4.800544,0.132087,16186914.8
CN,2585,2025-07-09,-0.895839,5.48634,5.47536,5.275165,5.068722,5.418908,5.291365,0.127543,0.109489,0.036106,65.266621,5.74236,4.80797,0.13121,14596532.8
CN,2585,2025-07-10,1.989022,5.5123,5.49832,5.301165,5.08483,5.451399,5.316456,0.134942,0.11458,0.040725,69.594005,5.786257,4.816073,0.138237,17563418.8
CN,2585,2025-07-11,-0.886308,5.54624,5.5113,5.331615,5.09961,5.471214,5.335993,0.135221,0.118708,0.033026,65.594305,5.80638,4.85685,0.136206,18598834.2
CN,2585,2025-07-14,1.252643,5.59018,5.53127,5.366055,5.114728,5.498735,5.35926,0.139475,0.122862,0.033227,68.339276,5.828134,4.903976,0.136456,19361834.2
CN,2585,2025-07-15,0.529194,5.61214,5.55024,5.401495,5.131833,5.526622,5.383019,0.143603,0.12701,0.033187,69.461635,5.845368,4.957622,0.15238,21157909.0
CN,2585,2025-07-16,-1.40669,5.6281,5.55722,5.433435,5.146283,5.537926,5.399099,0.138828,0.129374,0.018908,63.031381,5.836023,5.030847,0.151475,21366797.0
CN,2585,2025-07-17,1.069624,5.63408,5.57319,5.471865,5.161072,5.556707,5.418425,0.138282,0.131155,0.014254,65.602239,5.800005,5.143725,0.149926,18028889.0
CN,2585,2025-07-18,2.998233,5.68398,5.61511,5.51379,5.177198,5.598706,5.44889,0.149816,0.134887,0.029858,71.622995,5.796715,5.230865,0.17986,38017316.0
CN,2585,2025-07-21,-0.16982,5.71792,5.65405,5.546235,5.192995,5.63272,5.476364,0.156356,0.139181,0.034349,70.843952,5.812786,5.279684,0.182699,49656111.4
CN,2585,2025-07-22,-1.201072,5.7319,5.67202,5.5662,5.2068,5.650748,5.496626,0.154122,0.142169,0.023905,65.43232,5.830957,5.301443,0.179635,51093269.8
CN,2585,2025-07-23,-1.735682,5.7419,5.685,5.58018,5.219933,5.650648,5.507995,0.142654,0.142266,0.000775,58.554884,5.831303,5.329057,0.174646,54365410.4
CN,2585,2025-07-24,2.649511,5.76986,5.70197,5.600145,5.236058,5.673595,5.52961,0.143985,0.14261,0.00275,64.570442,5.854424,5.345866,0.177857,58333341.6
CN,2585,2025-07-25,-0.517259,5.75788,5.72093,5.616115,5.252015,5.688396,5.547402,0.140994,0.142287,-0.002586,62.609228,5.870888,5.361342,0.172282,39471621.8
CN,2585,2025-07-28,3.979341,5.7938,5.75586,5.643565,5.270143,5.736242,5.580883,0.155359,0.144901,0.020916,70.095466,5.936455,5.350675,0.186355,35174923.0
CN,2585,2025-07-29,-1.996866,5.81974,5.77582,5.66303,5.286275,5.758297,5.60301,0.155287,0.146978,0.016617,63.006921,5.964217,5.361843,0.184451,32957771.6
CN,2585,2025-07-30,-1.357235,5.84968,5.79579,5.676505,5.300912,5.764682,5.617587,0.147095,0.147002,0.000187,58.745335,5.976847,5.376163,0.186961,32651076.2
CN,2585,2025-07-31,-2.581123,5.81974,5.7948,5.683995,5.310573,5.747054,5.619996,0.127059,0.143013,-0.031909,51.683199,5.973668,5.394322,0.187157,30669319.4
CN,2585,2025-08-01,1.058388,5.80776,5.78282,5.698965,5.321397,5.741338,5.626655,0.114683,0.137347,-0.045328,54.059089,5.960094,5.437836,0.182339,29336604.4
CN,2585,2025-08-04,-0.523652,5.74388,5.76884,5.711445,5.332548,5.731902,5.630607,0.101295,0.130137,-0.057683,52.664643,5.942122,5.480768,0.177864,22000103.6
CN,2585,2025-08-05,2.987676,5.7379,5.77882,5.72542,5.346032,5.750024,5.646836,0.103189,0.124747,-0.043117,59.111265,5.954032,5.496808,0.17871,20970736.4
CN,2585,2025-08-06,-0.853035,5.7379,5.79379,5.739395,5.358023,5.757682,5.658167,0.099516,0.119701,-0.04037,56.667368,5.949571,5.529219,0.172359,18491562.4
CN,2585,2025-08-07,-1.550053,5.74986,5.7848,5.743385,5.368517,5.750331,5.661999,0.088332,0.113427,-0.050189,52.459332,5.948068,5.538702,0.170033,17101977.0
CN,2585,2025-08-08,-0.698786,5.74188,5.77482,5.747875,5.379005,5.737972,5.662591,0.075381,0.105818,-0.060874,50.661208,5.941694,5.554056,0.162874,16691896.6
CN,2585,2025-08-11,2.112875,5.76384,5.75386,5.75486,5.389507,5.745946,5.672014,0.073932,0.099441,-0.051018,55.583934,5.944096,5.565624,0.162647,17561532.8
CN,2585,2025-08-12,-0.861861,5.74188,5.73989,5.757855,5.400003,5.745016,5.677043,0.067973,0.093147,-0.050348,53.20282,5.94413,5.57158,0.161008,16703725.6
CN,2585,2025-08-13,0.174219,5.7319,5.7349,5.765345,5.410832,5.745767,5.68244,0.063328,0.087183,-0.047711,53.631505,5.937127,5.593563,0.158779,17822430.0
CN,2585,2025-08-14,-3.125272,5.70396,5.72691,5.760855,5.419492,5.718757,5.674126,0.044631,0.078673,-0.068083,45.555572,5.94747,5.57424,0.161695,19672443.0
CN,2585,2025-08-15,3.762881,5.72592,5.7339,5.75836,5.432968,5.728148,5.681953,0.046195,0.072177,-0.051965,54.21558,5.942545,5.574175,0.168688,23172357.2
CN,2585,2025-08-18,0.0,5.72392,5.74388,5.75636,5.446445,5.736095,5.689201,0.046893,0.06712,-0.040454,54.21558,5.938693,5.574027,0.162339,24704858.4
CN,2585,2025-08-19,1.036368,5.74388,5.74288,5.76085,5.459928,5.752034,5.700349,0.051685,0.064033,-0.024697,56.508426,5.946714,5.574986,0.160015,26419008.4
CN,2585,2025-08-20,0.171242,5.76384,5.74787,5.77083,5.472585,5.767059,5.711412,0.055647,0.062356,-0.013418,56.896512,5.953238,5.588422,0.154292,25579759.4
CN,2585,2025-08-21,-0.341898,5.81574,5.75985,5.772325,5.486728,5.776696,5.720174,0.056522,0.061189,-0.009334,55.823622,5.956143,5.588507,0.150407,24624728.4
CN,2585,2025-08-22,-0.855962,5.81574,5.77083,5.772825,5.499047,5.777174,5.724591,0.052583,0.059468,-0.01377,53.131607,5.956667,5.588983,0.148221,22961867.8
CN,2585,2025-08-25,0.346033,5.81974,5.77183,5.762845,5.512692,5.780655,5.730162,0.050493,0.057673,-0.01436,54.087274,5.915416,5.610274,0.144048,21909373.4
CN,2585,2025-08-26,0.344839,5.81576,5.77982,5.759855,5.526338,5.786677,5.736802,0.049875,0.056113,-0.012476,55.073806,5.905335,5.614375,0.143744,21179504.2
CN,2585,2025-08-27,-2.745799,5.77782,5.77083,5.752865,5.535833,5.767188,5.731113,0.036075,0.052106,-0.032061,46.480167,5.903345,5.602385,0.149163,23331278.0
CN,2585,2025-08-28,-0.528269,5.7379,5.77682,5.751865,5.545492,5.746098,5.72363,0.022467,0.046178,-0.047421,45.063285,5.9053,5.59843,0.165601,26420907.8
CN,2585,2025-08-29,-1.063924,5.69598,5.75586,5.74488,5.553822,5.719037,5.712265,0.006771,0.038297,-0.063051,42.282501,5.916913,5.572847,0.16233,26201074.2
CN,2585,2025-09-01,0.0,5.65006,5.7349,5.73939,5.561325,5.696139,5.701742,-0.005603,0.029517,-0.07024,42.282501,5.925765,5.553015,0.16072,26368075.4
CN,2585,2025-09-02,-1.971204,5.57818,5.69697,5.719925,5.567328,5.659871,5.683865,-0.023994,0.018815,-0.085616,37.378893,5.935223,5.504627,0.161362,26081097.2
CN,2585,2025-09-03,-2.193978,5.5143,5.64606,5.696965,5.570508,5.610753,5.658438,-0.047685,0.005515,-0.1064,32.896192,5.96482,5.42911,0.163386,23280749.2
CN,2585,2025-09-04,2.803056,5.48634,5.61212,5.685985,5.576845,5.592221,5.645983,-0.053762,-0.006341,-0.094842,42.220874,5.968425,5.403545,0.17168,22181809.0
CN,2585,2025-09-05,4.181921,5.51628,5.60613,5.68848,5.589323,5.611864,5.651458,-0.039594,-0.012991,-0.053206,53.006784,5.971193,5.405767,0.175817,24740011.6
CN,2585,2025-09-08,1.746534,5.5662,5.60813,5.68998,5.603632,5.643854,5.663928,-0.020074,-0.014408,-0.011332,56.786695,5.975135,5.404825,0.17253,25994683.8
CN,2585,2025-09-09,0.513763,5.64406,5.61112,5.69547,5.618273,5.675523,5.677689,-0.002166,-0.011959,0.019587,57.878734,5.988381,5.402559,0.170192,28121013.4
CN,2585,2025-09-10,-0.170949,5.74388,5.62909,5.69996,5.632913,5.700781,5.68969,0.011091,-0.007349,0.036881,57.356677,5.998764,5.401156,0.167307,29217051.6
CN,2585,2025-09-11,0.683254,5.82174,5.65404,5.71543,5.649383,5.728292,5.703757,0.024534,-0.000973,0.051014,58.947762,6.017776,5.413084,0.172471,28535669.2
CN,2585,2025-09-12,-0.848697,5.8437,5.67999,5.717925,5.663358,5.743893,5.713086,0.030807,0.005383,0.050847,56.127246,6.023164,5.412686,0.167994,26385507.4
CN,2585,2025-09-15,-0.512891,5.8397,5.70295,5.718925,5.67384,5.752494,5.71951,0.032984,0.010903,0.044162,54.446183,6.025098,5.412752,0.163123,23719466.8
CN,2585,2025-09-16,-0.17242,5.82772,5.73589,5.71643,5.68116,5.758233,5.724716,0.033517,0.015426,0.036182,53.865109,6.019423,5.413437,0.160029,21064099.8
CN,2585,2025-09-17,3.62016,5.85966,5.80177,5.723915,5.691642,5.795336,5.745063,0.050273,0.022395,0.055754,62.821478,6.046471,5.401359,0.182105,34225000.2
CN,2585,2025-09-18,-3.160316,5.8457,5.83372,5.72292,5.698463,5.797561,5.749859,0.047703,0.027457,0.040491,52.830288,6.044286,5.401554,0.187633,38292893.6
CN,2585,2025-09-19,-1.375262,5.82574,5.83472,5.720425,5.703122,5.787152,5.74838,0.038772,0.02972,0.018104,49.273824,6.040759,5.400091,0.184924,38064378.2
CN,2585,2025-09-22,-2.090787,5.7878,5.81375,5.71094,5.705783,5.759913,5.738137,0.021776,0.028131,-0.01271,44.442876,6.032542,5.389338,0.181694,38667826.6
CN,2585,2025-09-23,-3.024902,5.71792,5.77282,5.69197,5.704952,5.710757,5.716083,-0.005325,0.02144,-0.05353,38.660651,6.029989,5.353951,0.190108,40694821.4
CN,2585,2025-09-24,2.935446,5.63806,5.74886,5.688975,5.706115,5.693733,5.707491,-0.013758,0.0144,-0.056317,45.806412,6.029129,5.348821,0.192929,27424926.6
CN,2585,2025-09-25,-1.069624,5.58414,5.71492,5.68448,5.70678,5.670113,5.695099,-0.024987,0.006523,-0.063019,43.747811,6.029961,5.338999,0.190556,20995355.4
CN,2585,2025-09-26,-0.359193,5.54222,5.68398,5.681985,5.70861,5.647064,5.682151,-0.035087,-0.001799,-0.066575,43.055524,6.031429,5.332541,0.185502,19416532.8
CN,2585,2025-09-29,1.989022,5.54622,5.66701,5.68498,5.711938,5.644455,5.678296,-0.033841,-0.008208,-0.051267,47.949773,6.031556,5.338404,0.185087,19266724.4
CN,2585,2025-09-30,0.531074,5.59014,5.65403,5.69496,5.713435,5.646846,5.67694,-0.030094,-0.012585,-0.035019,49.229448,6.026251,5.363669,0.185417,17236785.2
CN,2585,2025-10-09,2.293286,5.62808,5.63307,5.71742,5.717927,5.668839,5.6853,-0.016461,-0.01336,-0.006202,54.46336,6.007973,5.426867,0.184294,18327855.4
CN,2585,2025-10-10,-0.345435,5.674,5.62907,5.731395,5.720255,5.684371,5.69156,-0.007188,-0.012126,0.009875,53.547366,6.003188,5.459602,0.181116,18912012.6
CN,2585,2025-10-13,-0.344899,5.71992,5.63107,5.732895,5.723083,5.694453,5.695881,-0.001428,-0.009986,0.017116,52.599434,6.004749,5.461041,0.186001,19916408.2
CN,2585,2025-10-14,-0.173916,5.74188,5.64405,5.7289,5.72458,5.701445,5.699142,0.002303,-0.007528,0.019663,52.100308,5.997861,5.459939,0.183415,20453692.4
CN,2585,2025-10-15,0.0,5.75786,5.674,5.72341,5.725578,5.707361,5.702161,0.0052,-0.004983,0.020365,52.100308,5.986707,5.460113,0.178871,19561546.4
CN,2585,2025-10-16,-1.912925,5.72592,5.677,5.71293,5.726078,5.695475,5.696823,-0.001348,-0.004256,0.005815,46.483377,5.97355,5.45231,0.17608,17662773.2
CN,2585,2025-10-17,-3.014156,5.66404,5.66902,5.69197,5.722752,5.659309,5.67931,-0.020001,-0.007405,-0.025192,39.411344,5.962828,5.421112,0.182039,17212860.2
CN,2585,2025-10-20,1.644568,5.6241,5.67201,5.677995,5.718093,5.642523,5.669746,-0.027223,-0.011369,-0.031709,44.245347,5.947826,5.408164,0.178307,15683454.8
CN,2585,2025-10-21,1.619761,5.60414,5.67301,5.67001,5.715098,5.64215,5.66755,-0.0254,-0.014175,-0.02245,48.661337,5.934346,5.405674,0.174843,14104939.0
CN,2585,2025-10-22,-0.709207,5.57618,5.66702,5.660525,5.712602,5.635681,5.662554,-0.026873,-0.016714,-0.020317,46.88208,5.920566,5.400484,0.168768,13726962.2
CN,2585,2025-10-23,2.139248,5.59414,5.66003,5.64655,5.713765,5.648638,5.666802,-0.018164,-0.017004,-0.002319,52.485607,5.857684,5.435416,0.171685,13890198.0
CN,2585,2025-10-24,-0.697565,5.63806,5.65105,5.64006,5.711768,5.653463,5.66778,-0.014317,-0.016467,0.0043,50.572091,5.83831,5.44181,0.168693,14723139.0
CN,2585,2025-10-27,-4.042254,5.6181,5.6211,5.626085,5.706445,5.622222,5.651677,-0.029455,-0.019064,-0.020781,41.251993,5.836089,5.416081,0.176608,20016520.8
CN,2585,2025-10-28,-1.831058,5.5602,5.58217,5.61311,5.695632,5.580434,5.629375,-0.048941,-0.02504,-0.047802,37.975866,5.855093,5.371127,0.17255,23205118.8
CN,2585,2025-10-29,-0.186895,5.5083,5.54224,5.60812,5.686648,5.543537,5.607985,-0.064448,-0.032921,-0.063053,37.653187,5.867624,5.348616,0.170204,25070988.8
CN,2585,2025-10-30,0.187245,5.43444,5.51429,5.595645,5.679162,5.513854,5.588919,-0.075065,-0.04135,-0.06743,38.218523,5.878436,5.312854,0.165889,25220914.6
CN,2585,2025-10-31,1.491422,5.38452,5.51129,5.590155,5.6755,5.501015,5.577177,-0.076162,-0.048312,-0.055699,42.684841,5.881181,5.299129,0.165447,26483017.4
CN,2585,2025-11-03,0.552445,5.38652,5.50231,5.58716,5.671342,5.494767,5.568527,-0.07376,-0.053402,-0.040716,44.314645,5.882205,5.292115,0.160051,21882269.0
CN,2585,2025-11-04,-0.730716,5.4005,5.48035,5.57668,5.667017,5.483341,5.557562,-0.074221,-0.057566,-0.03331,42.580395,5.879663,5.273697,0.156461,19052075.0
CN,2585,2025-11-05,0.55161,5.42246,5.46538,5.5662,5.660362,5.478273,5.549624,-0.071351,-0.060323,-0.022056,44.338334,5.871422,5.260978,0.153128,18400681.6
CN,2585,2025-11-06,0.548584,5.4484,5.44142,5.550725,5.655037,5.478585,5.544489,-0.065904,-0.061439,-0.00893,46.114962,5.839998,5.261452,0.147184,17825919.0
CN,2585,2025-11-07,3.098371,5.49234,5.43843,5.54474,5.65404,5.504972,5.552312,-0.04734,-0.058619,0.022558,54.915661,5.820261,5.269219,0.153778,19325092.6
CN,2585,2025-11-10,0.706182,5.53826,5.46239,5.541745,5.654373,5.533438,5.562511,-0.029073,-0.05271,0.047274,56.705055,5.809472,5.274018,0.147786,20484403.0
CN,2585,2025-11-11,6.140598,5.66204,5.53127,5.55672,5.658533,5.611278,5.597836,0.013442,-0.03948,0.105843,68.496635,5.89207,5.22137,0.169316,31840942.4
CN,2585,2025-11-12,-2.314799,5.75188,5.58717,5.564705,5.661195,5.655635,5.620189,0.035446,-0.024494,0.119881,61.30245,5.923881,5.205529,0.174336,37796795.4
CN,2585,2025-11-13,1.69164,5.8557,5.65205,5.58317,5.665353,5.708522,5.648279,0.060243,-0.007547,0.135581,64.193665,5.988855,5.177485,0.176148,41516145.6
CN,2585,2025-11-14,0.333367,5.92956,5.71095,5.61112,5.67284,5.75635,5.675769,0.08058,0.010079,0.141004,64.761855,6.054403,5.167837,0.172123,40236080.2
CN,2585,2025-11-17,1.657973,6.0154,5.77683,5.63957,5.678497,5.812173,5.708616,0.103557,0.028774,0.149565,67.530663,6.133685,5.145455,0.174807,43578277.0
CN,2585,2025-11-18,-3.098444,5.99344,5.82774,5.654045,5.680993,5.830238,5.724985,0.105253,0.04407,0.122367,58.178079,6.164079,5.144011,0.182999,35648959.8
CN,2585,2025-11-19,-0.843227,5.98944,5.87066,5.66802,5.681658,5.837833,5.736438,0.101394,0.055535,0.091719,55.976411,6.18662,5.14942,0.183471,30911564.4
CN,2585,2025-11-20,1.188856,5.97946,5.91758,5.6795,5.683322,5.855012,5.75222,0.102792,0.064986,0.075611,58.349451,6.21216,5.14684,0.18748,30731243.8
CN,2585,2025-11-21,-6.711488,5.88562,5.90759,5.67301,5.678663,5.808118,5.737256,0.070862,0.066161,0.009401,43.818751,6.208643,5.137377,0.204039,33633210.8
CN,2585,2025-11-24,-0.718893,5.76384,5.88962,5.676005,5.674172,5.7623,5.720444,0.041855,0.0613,-0.03889,42.675128,6.207277,5.144733,0.205865,31203470.0
CN,2585,2025-11-25,1.629675,5.69794,5.84569,5.68848,5.670843,5.737346,5.71153,0.025816,0.054203,-0.056775,46.08561,6.199951,5.177009,0.203288,28529863.8
CN,2585,2025-11-26,-0.712487,5.63406,5.81175,5.69946,5.666517,5.710093,5.70032,0.009772,0.045317,-0.07109,44.809968,6.189569,5.209351,0.197325,27104280.4
CN,2585,2025-11-27,0.7176,5.56418,5.77182,5.711935,5.665518,5.693171,5.692897,0.000274,0.036309,-0.072069,46.407509,6.178002,5.245868,0.190366,24047104.2
CN,2585,2025-11-28,1.42676,5.59014,5.73788,5.724415,5.66635,5.691145,5.691941,-0.000797,0.028888,-0.059369,49.556387,6.172686,5.276144,0.187461,18842283.4
CN,2585,2025-12-01,-0.878521,5.6141,5.68897,5.7329,5.667348,5.681753,5.68736,-0.005607,0.021989,-0.055192,47.672486,6.167063,5.298737,0.184771,17271369.4
CN,2585,2025-12-02,1.594998,5.63806,5.668,5.74787,5.669843,5.687622,5.689771,-0.002149,0.017161,-0.03862,51.263163,6.15789,5.33785,0.187973,19636228.6
CN,2585,2025-12-03,0.0,5.67,5.65203,5.761345,5.674168,5.692588,5.692003,0.000585,0.013846,-0.026522,51.263163,6.148448,5.374242,0.189525,21175909.2
CN,2585,2025-12-04,9.947726,5.80776,5.68597,5.801775,5.689973,5.784328,5.736217,0.048111,0.020699,0.054824,67.600715,6.229765,5.373785,0.220195,39770450.6
CN,2585,2025-12-05,10.000159,6.05532,5.82273,5.86516,5.713765,5.958708,5.823742,0.134966,0.043552,0.182828,76.841275,6.506726,5.223594,0.249388,59285344.4
CN,2585,2025-12-08,9.956923,6.45062,6.03236,5.96099,5.74521,6.21223,5.955805,0.256425,0.086127,0.340596,82.670845,6.948542,4.973438,0.280775,59660101.2
CN,2585,2025-12-09,-6.036863,6.73612,6.18709,6.01639,5.767337,6.356102,6.044072,0.312031,0.131308,0.361446,70.017092,7.131409,4.901371,0.318476,109799350.6
CN,2585,2025-12-10,-3.212357,6.9757,6.32285,6.0673,5.785138,6.442517,6.108792,0.333725,0.171791,0.323868,64.685821,7.247418,4.887182,0.347785,145650144.6
CN,2585,2025-12-11,-6.925612,7.00566,6.40671,6.089265,5.795122,6.44193,6.13323,0.3087,0.199173,0.219055,55.234805,7.279817,4.898713,0.360022,154928828.6
CN,2585,2025-12-12,0.775001,6.91982,6.48757,6.112725,5.805272,6.44911,6.159554,0.289556,0.21725,0.144614,55.956593,7.315277,4.910173,0.354978,151942835.8
CN,2585,2025-12-15,0.154116,6.69822,6.57442,6.131695,5.81642,6.456724,6.184668,0.272056,0.228211,0.08769,56.109323,7.34597,4.91742,0.343886,162077848.6
CN,2585,2025-12-16,-3.994707,6.51654,6.62633,6.147165,5.82374,6.423228,6.188693,0.234535,0.229476,0.010119,51.150448,7.358627,4.935703,0.34143,120595875.8
CN,2585,2025-12-17,2.399423,6.41072,6.69321,6.17262,5.833722,6.417916,6.203508,0.214408,0.226462,-0.024109,53.692039,7.381917,4.963323,0.337007,91463193.4
CN,2585,2025-12-18,-1.873621,6.37678,6.69122,6.188595,5.838215,6.395006,6.208359,0.186646,0.218499,-0.063705,51.389655,7.394115,4.983075,0.322913,69130328.2
CN,2585,2025-12-19,2.864891,6.36878,6.6443,6.233515,5.848862,6.403251,6.226155,0.177096,0.210218,-0.066245,54.539566,7.407064,5.059966,0.314105,60250596.4
CN,2585,2025-12-22,1.549173,6.37876,6.53849,6.285425,5.862505,6.425597,6.250032,0.175565,0.203288,-0.055446,56.238233,7.417536,5.153314,0.304505,57410233.6
CN,2585,2025-12-23,2.438726,6.4726,6.49457,6.34083,5.880807,6.469074,6.283971,0.185104,0.199651,-0.029094,58.883188,7.44138,5.24028,0.307712,59712286.8
CN,2585,2025-12-24,0.892937,6.54848,6.4796,6.401225,5.902935,6.515078,6.319832,0.195246,0.19877,-0.007047,59.863071,7.455386,5.347064,0.321389,64555963.2
CN,2585,2025-12-25,-0.443256,6.6423,6.50954,6.458125,5.921902,6.549389,6.350815,0.198574,0.198731,-0.000313,59.103364,7.454439,5.461811,0.313404,64710546.4
CN,2585,2025-12-26,0.0,6.7002,6.53449,6.51103,5.941867,6.578422,6.379503,0.198919,0.198768,0.000301,59.103364,7.446993,5.575067,0.304561,63532494.6
CN,2585,2025-12-29,1.037384,6.7521,6.56543,6.569925,5.963328,6.613742,6.411243,0.202498,0.199514,0.005968,60.459353,7.421149,5.718701,0.302064,61645790.2
CN,2585,2025-12-30,-1.612808,6.7501,6.61135,6.61884,5.98113,6.626735,6.432499,0.194236,0.198459,-0.008446,57.248345,7.376332,5.861348,0.301167,54204284.8
CN,2585,2025-12-31,0.298588,6.74012,6.6443,6.668755,5.998767,6.640807,6.453662,0.187144,0.196196,-0.018103,57.689146,7.30451,6.033,0.293912,44700570.0
CN,2585,2026-01-05,4.456551,6.79602,6.71916,6.70519,6.01923,6.698775,6.495435,0.203339,0.197625,0.01143,63.719809,7.333167,6.077213,0.30714,50946426.6
CN,2585,2026-01-06,5.548906,6.9298,6.815,6.72965,6.046517,6.807733,6.562959,0.244774,0.207054,0.075439,69.757371,7.423501,6.035799,0.329408,62145714.8
CN,2585,2026-01-07,0.53868,7.05758,6.90484,6.721665,6.0748,6.906066,6.628436,0.27763,0.22117,0.112921,70.302715,7.377603,6.065727,0.3508,74730050.2
CN,2585,2026-01-08,0.535793,7.2153,6.9827,6.738635,6.103915,6.99541,6.692018,0.303391,0.237614,0.131555,70.868432,7.452735,6.024535,0.355686,82089720.0
CN,2585,2026-01-09,-1.999519,7.33908,7.0396,6.7596,6.130535,7.047977,6.739802,0.308175,0.251726,0.112898,65.803591,7.516827,6.002373,0.350244,88212246.6
CN,2585,2026-01-12,-2.312903,7.36904,7.08253,6.796035,6.156157,7.06635,6.771476,0.294874,0.260356,0.069037,60.523048,7.558103,6.033967,0.342341,83933474.8
CN,2585,2026-01-13,-1.810977,7.29516,7.11248,6.823485,6.182443,7.061927,6.791189,0.270738,0.262432,0.016612,56.770476,7.5788,6.06817,0.338567,76876256.2
CN,2585,2026-01-14,0.709049,7.22328,7.14043,6.85293,6.208065,7.065861,6.813138,0.252723,0.26049,-0.015534,57.852387,7.601171,6.104689,0.346469,71516433.4
CN,2585,2026-01-15,-1.6903,7.11946,7.16738,6.889365,6.230192,7.05076,6.824587,0.226173,0.253627,-0.054909,54.336432,7.583488,6.195242,0.340971,63167666.4
CN,2585,2026-01-16,0.859681,7.05756,7.19832,6.92131,6.253983,7.047197,6.839625,0.207572,0.244416,-0.073688,55.78341,7.578131,6.264489,0.334445,59212717.8
CN,2585,2026-01-19,9.943651,7.16936,7.2692,6.99418,6.287425,7.151689,6.905312,0.246377,0.244808,0.003139,68.374024,7.668498,6.319862,0.36332,64474246.2
CN,2585,2026-01-20,-0.516411,7.29914,7.29715,7.056075,6.320867,7.233968,6.963178,0.27079,0.250004,0.041571,67.19745,7.745793,6.366357,0.355912,69817800.4
CN,2585,2026-01-21,-1.558577,7.39498,7.30913,7.106985,6.356138,7.285158,7.007883,0.277274,0.255458,0.043632,63.655576,7.789601,6.424369,0.346175,62810341.0
CN,2585,2026-01-22,-0.396474,7.50878,7.31412,7.14841,6.392573,7.323856,7.047055,0.276802,0.259727,0.034149,62.76343,7.829751,6.467069,0.337848,62694905.4
CN,2585,2026-01-23,5.828811,7.69846,7.37801,7.208805,6.436497,7.424186,7.115866,0.308321,0.269446,0.07775,69.503625,7.955591,6.462019,0.363631,72390200.4
CN,2585,2026-01-26,-4.005767,7.68448,7.42692,7.254725,6.474928,7.459927,7.155913,0.304014,0.276359,0.055309,60.873355,7.992986,6.516464,0.368321,69160314.6
CN,2585,2026-01-27,-1.17286,7.66052,7.47983,7.296155,6.510533,7.476353,7.186341,0.290012,0.27909,0.021844,58.668344,8.006259,6.586051,0.369105,60157281.2
CN,2585,2026-01-28,-0.132158,7.65852,7.52675,7.33359,6.545472,7.488714,7.213775,0.274939,0.27826,-0.006641,58.414589,8.015177,6.652003,0.362705,58863107.0
CN,2585,2026-01-29,-3.566372,7.60862,7.5587,7.36304,6.576583,7.457712,7.219214,0.238498,0.270307,-0.063619,51.899557,7.980112,6.745968,0.38029,64079332.6
CN,2585,2026-01-30,-3.835492,7.41496,7.55671,7.377515,6.602538,7.38848,7.203546,0.184933,0.253233,-0.136599,46.150702,7.944991,6.810039,0.39377,59334832.2
CN,2585,2026-02-02,-4.559271,7.2213,7.45289,7.361045,6.62267,7.280744,7.165373,0.115372,0.22566,-0.220578,40.612699,7.985599,6.736491,0.389179,53004359.8
CN,2585,2026-02-03,3.432912,7.09152,7.37602,7.336585,6.643798,7.224907,7.147034,0.077873,0.196103,-0.23646,45.65916,7.989689,6.683481,0.378495,49015311.4
CN,2585,2026-02-04,1.299546,6.98172,7.32012,7.314625,6.66576,7.19149,7.136713,0.054777,0.167838,-0.226121,47.538923,7.98082,6.64843,0.372138,47460837.8
CN,2585,2026-02-05,-3.276396,6.8799,7.24426,7.27919,6.678072,7.127892,7.110149,0.017743,0.137819,-0.240152,43.408901,7.979501,6.578879,0.362671,39062025.8
CN,2585,2026-02-06,1.472389,6.85394,7.13445,7.25623,6.694377,7.089431,7.092945,-0.003514,0.109552,-0.226132,45.620379,7.977245,6.535215,0.361009,29948675.6
CN,2585,2026-02-09,4.209134,6.94978,7.08554,7.25623,6.713843,7.101427,7.09846,0.002966,0.088235,-0.170538,51.53668,7.977245,6.535215,0.36303,30090854.8
CN,2585,2026-02-10,1.671457,7.02366,7.05759,7.26871,6.734973,7.130007,7.112441,0.017566,0.074101,-0.113071,53.777764,7.982763,6.554657,0.366327,30624514.0
CN,2585,2026-02-11,1.369525,7.09952,7.04062,7.283685,6.756103,7.169545,7.132779,0.036766,0.066634,-0.059737,55.618963,7.994464,6.572906,0.366547,30084302.2
CN,2585,2026-02-12,-0.135373,7.2193,7.0496,7.30415,6.780227,7.201461,7.150869,0.050591,0.063426,-0.025668,55.380915,8.000787,6.607513,0.354622,29411217.6
CN,2585,2026-02-13,-0.94754,7.30514,7.07954,7.318125,6.804018,7.217713,7.162442,0.055271,0.061795,-0.013047,53.652327,8.003127,6.633123,0.342128,28712514.4
CN,2585,2026-02-24,2.459252,7.36902,7.1594,7.306145,6.82964,7.259111,7.186468,0.072642,0.063964,0.017356,57.33887,7.970228,6.642062,0.343361,28829533.2
CN,2585,2026-02-25,5.999893,7.49878,7.26122,7.31862,6.869403,7.363248,7.241989,0.121258,0.075423,0.091671,64.862661,8.019186,6.618054,0.363043,36429628.6
CN,2585,2026-02-26,-0.880796,7.5946,7.34706,7.33359,6.908667,7.44061,7.28822,0.15239,0.090816,0.123147,63.000694,8.066758,6.600422,0.354218,38840426.6
CN,2585,2026-02-27,4.315989,7.76032,7.48981,7.367035,6.952092,7.5583,7.356174,0.202127,0.113078,0.178096,67.830877,8.189768,6.544302,0.370988,46588366.8
CN,2585,2026-03-02,-5.596178,7.84818,7.57666,7.355555,6.988528,7.587239,7.385079,0.202159,0.130895,0.142529,56.993125,8.149897,6.561213,0.379432,53827839.0
CN,2585,2026-03-03,-5.671021,7.81224,7.59063,7.338085,7.016978,7.544141,7.379303,0.164837,0.137683,0.054308,48.937527,8.120462,6.555708,0.400816,57745344.8
CN,2585,2026-03-04,0.956604,7.70044,7.59961,7.3286,7.045262,7.518427,7.379133,0.139294,0.138005,0.002577,50.145019,8.104231,6.552969,0.394293,49808753.4
CN,2585,2026-03-05,0.135556,7.60462,7.59961,7.320115,7.074543,7.498207,7.379715,0.118492,0.134103,-0.031222,50.325995,8.089265,6.550965,0.386808,46012470.0
CN,2585,2026-03-06,0.135373,7.4429,7.60161,7.325605,7.102495,7.482637,7.380996,0.101641,0.12761,-0.051938,50.519428,8.095304,6.555906,0.372014,38709083.8
CN,2585,2026-03-09,-1.619576,7.34906,7.59862,7.33908,7.12845,7.451031,7.373307,0.077724,0.117633,-0.079818,48.102783,8.095365,6.582795,0.370399,34812257.2
CN,2585,2026-03-10,2.606772,7.38102,7.59663,7.378015,7.148083,7.453473,7.38024,0.073233,0.108753,-0.071041,52.016934,8.074034,6.681996,0.365335,29643351.4
CN,2585,2026-03-11,0.400434,7.40498,7.55271,7.406965,7.157733,7.460138,7.388874,0.071264,0.101255,-0.059982,52.623454,8.071459,6.742471,0.357775,29383252.8
CN,2585,2026-03-12,4.660655,7.49682,7.55072,7.44889,7.161727,7.519532,7.42275,0.096782,0.100361,-0.007157,59.125451,8.113137,6.784643,0.370727,36224371.6
CN,2585,2026-03-13,-2.798807,7.54274,7.49282,7.491315,7.169713,7.536004,7.43785,0.098154,0.099919,-0.00353,54.100003,8.083218,6.899412,0.364918,38953586.2
CN,2585,2026-03-16,5.365432,7.69446,7.52176,7.54921,7.188347,7.612896,7.482143,0.130753,0.106086,0.049334,60.788148,8.11576,6.98266,0.377352,46391828.4
CN,2585,2026-03-17,-1.489584,7.7843,7.58266,7.586645,7.21297,7.659543,7.514288,0.145255,0.11392,0.06267,58.120282,8.146233,7.027057,0.36537,51449231.2
CN,2585,2026-03-18,-2.775357,7.82422,7.6146,7.607105,7.2331,7.665213,7.527777,0.137436,0.118623,0.037625,53.480859,8.151109,7.063101,0.394179,58852295.6
CN,2585,2026-03-19,-4.538486,7.7244,7.61061,7.60511,7.247242,7.616273,7.514394,0.101879,0.115274,-0.026791,47.050259,8.152609,7.057611,0.398816,56281661.6
CN,2585,2026-03-20,-4.076438,7.6086,7.57567,7.58864,7.260718,7.528785,7.479817,0.048968,0.102013,-0.10609,42.348367,8.180609,6.996671,0.401701,57716068.2
CN,2585,2026-03-23,-6.515693,7.31912,7.50679,7.552705,7.264047,7.38411,7.413786,-0.029676,0.075675,-0.210702,36.350334,8.280376,6.825034,0.411515,50798685.4
CN,2585,2026-03-24,3.333131,7.0975,7.4409,7.518765,7.27303,7.295478,7.368913,-0.073435,0.045853,-0.238576,40.67753,8.3156,6.72193,0.40565,46956536.0
CN,2585,2026-03-25,2.198884,6.94976,7.38699,7.46985,7.281515,7.243512,7.338453,-0.094941,0.017694,-0.22527,43.497548,8.278254,6.661446,0.395925,40102637.0
CN,2585,2026-03-26,-1.146931,6.85592,7.29016,7.42044,7.287005,7.187264,7.304338,-0.117074,-0.009259,-0.215629,42.342047,8.246533,6.594347,0.401873,40167393.8
CN,2585,2026-03-27,5.805551,6.90184,7.25522,7.37402,7.296488,7.2011,7.302327,-0.101227,-0.027653,-0.147149,49.562146,8.118747,6.629293,0.421654,41561245.8
CN,2585,2026-03-30,-1.371407,7.01964,7.16938,7.34557,7.30331,7.197454,7.293073,-0.095619,-0.041246,-0.108747,47.946102,8.074528,6.616612,0.407221,38712639.2
CN,2585,2026-03-31,-5.563296,7.01366,7.05558,7.31912,7.303977,7.132938,7.254927,-0.121989,-0.057395,-0.129189,42.039782,8.088983,6.549257,0.40737,39051963.6
CN,2585,2026-04-01,1.324855,6.9957,6.97273,7.293665,7.30614,7.092163,7.226259,-0.134096,-0.072735,-0.122721,43.718925,8.087483,6.499847,0.396808,37271569.8
CN,2585,2026-04-02,-1.744347,6.96974,6.91283,7.26172,7.305142,7.03923,7.190839,-0.151609,-0.08851,-0.126199,41.971968,8.088673,6.434767,0.391286,33150209.6
CN,2585,2026-04-03,-3.402439,6.818,6.85992,7.217795,7.302147,6.959118,7.141037,-0.181919,-0.107192,-0.149454,38.774143,8.102639,6.332951,0.392565,27877529.2
CN,2585,2026-04-07,3.368873,6.73014,6.87489,7.19084,7.302478,6.925115,7.111189,-0.186074,-0.122968,-0.126212,43.229317,8.099332,6.282348,0.382353,27383769.8
CN,2585,2026-04-08,2.223179,6.7521,6.88288,7.16189,7.300317,6.91939,7.094649,-0.17526,-0.133426,-0.083667,46.110042,8.07025,6.25353,0.369307,24340693.6
CN,2585,2026-04-09,-1.160005,6.74012,6.86791,7.12745,7.290333,6.902253,7.073416,-0.171163,-0.140974,-0.060379,44.804125,8.034637,6.220263,0.358613,23334557.2
CN,2585,2026-04-10,0.0,6.7521,6.86092,7.07554,7.279685,6.887752,7.053756,-0.166003,-0.14598,-0.040047,44.804125,7.92953,6.22155,0.34512,21786559.2
CN,2585,2026-04-13,0.586075,6.81798,6.81799,7.036605,7.269037,6.881621,7.038507,-0.156886,-0.148161,-0.01745,45.694876,7.856889,6.216321,0.334011,21149080.6
CN,2585,2026-04-14,1.166781,6.85592,6.79303,6.981205,7.262215,6.888726,7.030307,-0.141581,-0.146845,0.010528,47.521257,7.661851,6.300559,0.32156,20682524.6
CN,2585,2026-04-15,3.025491,6.90582,6.82896,6.94227,7.261715,6.926983,7.038239,-0.111256,-0.139727,0.056942,52.074746,7.478264,6.406276,0.347792,31079680.6
CN,2585,2026-04-16,-0.278813,6.96772,6.85392,6.913325,7.263047,6.956294,7.044111,-0.087817,-0.129345,0.083056,51.616817,7.33325,6.4934,0.335785,35113463.8
CN,2585,2026-04-17,4.62803,7.0955,6.9238,6.918315,7.269037,7.031771,7.073947,-0.042175,-0.111911,0.139472,58.17342,7.36052,6.47611,0.351015,45144887.6
CN,2585,2026-04-20,2.547369,7.25324,7.03561,6.947765,7.280185,7.124822,7.115625,0.009197,-0.08769,0.193773,61.416203,7.488061,6.407469,0.365871,55159989.8
CN,2585,2026-04-21,2.48278,7.43292,7.14442,7.009655,7.293495,7.232726,7.16826,0.064466,-0.057258,0.243449,64.38799,7.646129,6.373181,0.371823,60969941.6
CN,2585,2026-04-22,0.127776,7.57268,7.23925,7.061065,7.295325,7.325568,7.217737,0.107831,-0.02424,0.264144,64.543107,7.784273,6.337857,0.361664,55577086.8
CN,2585,2026-04-23,-3.949618,7.65452,7.31112,7.089515,7.292662,7.356512,7.240623,0.115889,0.003785,0.224206,56.360636,7.838527,6.340503,0.361502,58073506.0
CN,2585,2026-04-24,1.061554,7.68646,7.39098,7.12595,7.293327,7.394987,7.267733,0.127254,0.028479,0.19755,57.846368,7.900694,6.351206,0.357074,51402131.0
CN,2585,2026-04-27,5.249389,7.76032,7.50678,7.162385,7.301147,7.488973,7.322412,0.166562,0.056096,0.220932,64.374135,8.025638,6.299132,0.369354,46805114.0
CN,2585,2026-04-28,-3.117701,7.74634,7.58963,7.19133,7.297485,7.530101,7.354552,0.175549,0.079986,0.191125,58.296912,8.092638,6.290022,0.398586,55452406.6
CN,2585,2026-04-29,0.128927,7.73236,7.65252,7.24074,7.299315,7.566439,7.385051,0.181388,0.100267,0.162242,58.466087,8.154281,6.327199,0.391501,55215516.8
CN,2585,2026-04-30,-0.384997,7.7743,7.71441,7.284165,7.302143,7.592587,7.411077,0.18151,0.116515,0.129989,57.712225,8.205223,6.363107,0.393487,54607823.4
CN,2585,2026-05-06,5.290574,7.88212,7.78429,7.354045,7.31196,7.677681,7.465494,0.212187,0.13565,0.153076,64.466534,8.313102,6.394988,0.399602,59320100.2
CN,2585,2026-05-07,-2.328836,7.87214,7.81623,7.42592,7.323107,7.720499,7.501828,0.218672,0.152254,0.132836,59.706623,8.338043,6.513797,0.401723,61539755.8
CN,2585,2026-05-08,-1.004274,7.8961,7.82122,7.48282,7.33758,7.744438,7.529551,0.214887,0.164781,0.100212,57.771785,8.357424,6.608216,0.390136,50160749.4
CN,2585,2026-05-11,10.01257,8.07578,7.90407,7.57166,7.370522,7.886017,7.613637,0.27238,0.186301,0.172159,68.590537,8.542198,6.601122,0.418598,53290677.8
CN,2585,2026-05-12,1.152954,8.28142,8.02786,7.66949,7.401302,8.021183,7.698893,0.32229,0.213498,0.217584,69.651276,8.704694,6.634286,0.448598,80518208.2
CN,2585,2026-05-13,-1.480957,8.37924,8.13068,7.76083,7.42842,8.115586,7.76822,0.347366,0.240272,0.214189,66.508462,8.798234,6.723426,0.442941,87281775.4
CN,2585,2026-05-14,-3.352712,8.4571,8.16462,7.8357,7.45454,8.150927,7.810966,0.33996,0.26021,0.159501,60.005123,8.813154,6.858246,0.444102,93011856.4
CN,2585,2026-05-15,0.359484,8.55694,8.22652,7.908075,7.479497,8.185446,7.852769,0.332677,0.274703,0.115947,60.436849,8.817933,6.998217,0.461581,101047171.6
CN,2585,2026-05-18,3.574797,8.55894,8.31736,7.98494,7.504618,8.260715,7.913653,0.347063,0.289175,0.115776,64.549662,8.881022,7.088858,0.461411,102940932.8
CN,2585,2026-05-19,2.992611,8.59288,8.43715,8.07578,7.53207,8.364344,7.989256,0.375088,0.306358,0.13746,67.686352,8.970052,7.181508,0.485496,86296066.0
CN,2585,2026-05-20,-6.480642,8.53698,8.45811,8.1212,7.548208,8.362953,8.01637,0.346582,0.314403,0.064359,55.822649,8.974428,7.267972,0.492889,86517592.4
CN,2585,2026-05-21,-2.508587,8.49706,8.47708,8.146655,7.56102,8.329529,8.02595,0.303579,0.312238,-0.017318,52.252213,8.970402,7.322908,0.540397,85989099.4
CN,2585,2026-05-22,10.048246,8.61484,8.58589,8.203555,7.588638,8.427171,8.09545,0.33172,0.316134,0.031172,62.373151,9.086021,7.321089,0.580233,88574866.8
CN,2585,2026-05-25,10.022088,8.85242,8.70568,8.304875,7.628235,8.648006,8.22635,0.421656,0.337239,0.168834,69.911882,9.427898,7.181852,0.602959,83150264.6
CN,2585,2026-05-26,10.020684,9.23574,8.91431,8.471085,7.676817,8.986913,8.420761,0.566151,0.383021,0.36626,75.683582,9.996213,6.945957,0.636183,105591806.2
CN,2585,2026-05-27,-1.104056,9.7109,9.12394,8.62731,7.724567,9.255249,8.591898,0.663352,0.439087,0.448529,73.834647,10.388121,6.866499,0.66062,137429823.2
CN,2585,2026-05-28,5.953723,10.35576,9.42641,8.795515,7.777307,9.580596,8.797683,0.782913,0.507852,0.550121,77.054124,10.896592,6.694438,0.710412,165768177.4
CN,2585,2026-05-29,-10.026385,10.60892,9.61188,8.9192,7.8187,9.680504,8.903781,0.776723,0.561627,0.430194,62.319492,11.052012,6.786388,0.748239,183589463.2
CN,2585,2026-06-01,3.323558,10.7504,9.80141,9.059385,7.873082,9.817349,9.027204,0.790145,0.60733,0.36563,64.499872,11.238713,6.880057,0.769794,203595373.8
CN,2585,2026-06-02,6.14948,10.82422,10.02998,9.233565,7.937132,10.033142,9.189634,0.843508,0.654566,0.377885,68.27892,11.516482,6.950648,0.796951,197713915.8
CN,2585,2026-06-03,-4.367201,10.824,10.26745,9.36278,7.992848,10.140351,9.303735,0.836616,0.690976,0.29128,62.847563,11.677105,7.048455,0.818598,184007070.8
CN,2585,2026-06-04,9.972041,10.91,10.63288,9.55498,8.066232,10.395681,9.488643,0.907038,0.734188,0.3457,68.70229,12.00458,7.10538,0.838698,152989631.8
CN,2585,2026-06-05,0.169492,11.228,10.91846,9.752175,8.141945,10.614807,9.661336,0.953471,0.778045,0.350852,68.801256,12.263615,7.240735,0.869505,176414089.8
CN,2585,2026-06-08,-6.175973,11.332,11.0412,9.87344,8.20233,10.687914,9.767163,0.920751,0.806586,0.228329,61.195041,12.397315,7.349565,0.905255,192453118.6
CN,2585,2026-06-09,10.009017,11.528,11.17611,10.04521,8.280717,10.920543,9.947373,0.973169,0.839903,0.266533,67.143197,12.707652,7.382768,0.919879,181291923.4
CN,2585,2026-06-10,10.0,12.066,11.445,10.28447,8.373613,11.305074,10.204605,1.100469,0.892016,0.416907,72.189029,13.240752,7.328188,0.941317,177893924.4
CN,2585,2026-06-11,-7.451565,12.19,11.55,10.488205,8.453503,11.476601,10.368708,1.107893,0.935191,0.345403,63.57129,13.44347,7.53294,0.97408,219808382.0
CN,2585,2026-06-12,-6.763285,12.142,11.685,10.64844,8.512573,11.492509,10.458434,1.034075,0.954968,0.158214,57.375295,13.472696,7.824184,1.015217,201115499.0
CN,2585,2026-06-15,10.017271,12.472,11.902,10.851705,8.592972,11.684431,10.627439,1.056992,0.975373,0.163238,62.771505,13.663635,8.039775,1.025558,175448838.0
CN,2585,2026-06-16,9.968603,12.834,12.181,11.10549,8.698198,12.042211,10.877999,1.164212,1.013141,0.302142,67.606692,14.090285,8.120695,1.043019,162048768.6
CN,2585,2026-06-17,6.067095,13.122,12.594,11.430725,8.823413,12.475717,11.172962,1.302755,1.071064,0.463383,70.379559,14.560014,8.301436,1.087089,186396466.6
CN,2585,2026-06-18,-0.067295,13.608,12.899,11.76594,8.953453,12.840991,11.445335,1.395656,1.135982,0.519348,70.303314,14.851873,8.680007,1.063011,167703623.4
