country,code,time,pct_chg,ma5,ma10,ma20,ma60,ema12,ema26,macd,macd_signal,macd_hist,rsi14,boll_upper,boll_lower,atr14,vol_ma5
US,CSCO,2016-06-20,,,,,,21.31,21.31,0.0,0.0,0.0,,,,0.32,
US,CSCO,2016-06-21,-0.093853,,,,,21.306923,21.308519,-0.001595,-0.000319,-0.002553,0.0,,,0.311429,
US,CSCO,2016-06-22,-0.187882,,,,,21.298166,21.304184,-0.006018,-0.001459,-0.009118,0.0,,,0.310612,
US,CSCO,2016-06-23,1.741176,,,,,21.347679,21.327578,0.020101,0.002853,0.034496,57.048458,,,0.315569,
US,CSCO,2016-06-24,-5.041628,21.2,,,,21.221882,21.268498,-0.046616,-0.007041,-0.07915,20.302701,,,0.373742,24659455.0
US,CSCO,2016-06-27,-1.558695,20.98,,,,21.066208,21.190091,-0.123883,-0.030409,-0.186947,16.867697,,,0.379189,26298079.2
US,CSCO,2016-06-28,1.731816,20.834,,,,20.98833,21.143417,-0.155087,-0.055345,-0.199485,30.68182,,,0.379961,27407740.2
US,CSCO,2016-06-29,1.702335,20.766,,,,20.976279,21.126127,-0.149848,-0.074245,-0.151205,41.203594,,,0.381393,28871680.2
US,CSCO,2016-06-30,1.530368,20.688,,,,21.015313,21.133821,-0.118508,-0.083098,-0.070821,48.848419,,,0.387008,30025440.0
US,CSCO,2016-07-01,0.376825,20.844,21.022,,,21.060649,21.146872,-0.086222,-0.083723,-0.004999,50.578465,,,0.377936,25323921.2
US,CSCO,2016-07-05,-0.750821,21.032,21.006,,,21.074396,21.147103,-0.072708,-0.08152,0.017624,47.144143,,,0.372369,23688509.0
US,CSCO,2016-07-06,1.371158,21.208,21.021,,,21.130642,21.168799,-0.038157,-0.072847,0.069381,53.329698,,,0.377914,23727928.8
US,CSCO,2016-07-07,0.093284,21.318,21.042,,,21.181313,21.19037,-0.009057,-0.060089,0.102065,53.731844,,,0.366634,22088410.4
US,CSCO,2016-07-08,1.770736,21.44,21.064,,,21.282649,21.238491,0.044159,-0.03924,0.166797,60.666769,,,0.368303,21981010.4
US,CSCO,2016-07-11,0.595238,21.572,21.208,,,21.388396,21.292676,0.095719,-0.012248,0.215934,62.725123,,,0.365567,22209793.0
US,CSCO,2016-07-12,0.591716,21.762,21.397,,,21.497873,21.352478,0.145395,0.019281,0.252229,64.713739,,,0.355884,22217921.4
US,CSCO,2016-07-13,0.497738,21.916,21.562,,,21.607431,21.415998,0.191433,0.053711,0.275443,66.349645,,,0.344035,20856733.8
US,CSCO,2016-07-14,0.045025,22.068,21.693,,,21.701673,21.475554,0.226119,0.088193,0.275852,66.501688,,,0.338033,21244092.2
US,CSCO,2016-07-15,0.180018,22.152,21.796,,,21.787569,21.533661,0.253908,0.121336,0.265145,67.141237,,,0.329602,19874702.0
US,CSCO,2016-07-18,0.314465,22.224,21.898,21.46,,21.87102,21.592649,0.278371,0.152743,0.251256,68.282467,22.658666,20.261334,0.320344,18962638.2
US,CSCO,2016-07-19,0.044783,22.272,22.017,21.5115,,21.943171,21.648008,0.295162,0.181227,0.227871,68.451042,22.767116,20.255884,0.31032,18234329.8
US,CSCO,2016-07-20,2.372426,22.404,22.16,21.5905,,22.08576,21.738526,0.347233,0.214428,0.265611,75.794086,22.972853,20.208147,0.328868,24660470.6
US,CSCO,2016-07-21,-0.174902,22.526,22.297,21.6695,,22.200258,21.819376,0.380882,0.247719,0.266327,74.386885,23.142598,20.196402,0.323949,25110576.0
US,CSCO,2016-07-22,0.43802,22.66,22.406,21.735,,22.312526,21.901645,0.410882,0.280351,0.26106,75.606225,23.306668,20.163332,0.318667,25430406.2
US,CSCO,2016-07-25,0.261666,22.792,22.508,21.858,,22.416753,21.982264,0.434489,0.311179,0.246621,76.334204,23.4182,20.2978,0.306619,24968266.2
US,CSCO,2016-07-26,0.260983,22.934,22.603,22.0,,22.514176,22.061355,0.45282,0.339507,0.226626,77.071104,23.447259,20.552741,0.30829,25530708.4
US,CSCO,2016-07-27,-0.390456,22.952,22.678,22.12,,22.582764,22.127921,0.454843,0.362574,0.184536,73.380126,23.464083,20.775917,0.302697,20041547.6
US,CSCO,2016-07-28,-0.783972,22.942,22.734,22.2135,,22.613108,22.176224,0.436884,0.377436,0.118896,66.518787,23.464856,20.962144,0.30179,20219102.2
US,CSCO,2016-07-29,0.043898,22.914,22.787,22.2915,,22.640322,22.221689,0.418634,0.385676,0.065916,66.705048,23.480857,21.102143,0.291663,21100622.2
US,CSCO,2016-08-01,0.658183,22.904,22.848,22.373,,22.686426,22.274897,0.41153,0.390847,0.041366,69.450419,23.504125,21.241875,0.291544,22553526.6
US,CSCO,2016-08-02,-0.348736,22.866,22.9,22.4585,,22.71313,22.318238,0.394892,0.391656,0.006473,66.310017,23.457745,21.459255,0.292862,23184926.0
US,CSCO,2016-08-03,0.306212,22.86,22.906,22.533,,22.746495,22.363553,0.382941,0.389913,-0.013943,67.686853,23.434823,21.631177,0.284086,21832826.0
US,CSCO,2016-08-04,0.261666,22.902,22.922,22.6095,,22.783957,22.409957,0.374,0.38673,-0.02546,68.861526,23.384986,21.834014,0.274509,21056026.0
US,CSCO,2016-08-05,0.782949,22.978,22.946,22.676,,22.843348,22.466256,0.377092,0.384803,-0.015421,72.134282,23.402702,21.949298,0.274901,20069246.0
US,CSCO,2016-08-08,-0.086319,23.02,22.962,22.735,,22.890525,22.516904,0.373621,0.382566,-0.01789,71.238355,23.412805,22.057195,0.272408,19385489.8
US,CSCO,2016-08-09,-0.215983,23.068,22.967,22.785,,22.922752,22.560096,0.362656,0.378584,-0.031857,68.933284,23.413824,22.156176,0.274379,18320348.2
US,CSCO,2016-08-10,-0.30303,23.088,22.974,22.826,,22.939252,22.594904,0.344348,0.371737,-0.054778,65.726824,23.404425,22.247575,0.275495,18464712.4
US,CSCO,2016-08-11,0.347373,23.112,23.007,22.8705,,22.965521,22.633059,0.332462,0.363882,-0.062841,67.582706,23.389479,22.351521,0.265102,19551597.8
US,CSCO,2016-08-12,-0.259628,23.088,23.033,22.91,,22.978518,22.663944,0.314574,0.35402,-0.078893,64.750749,23.351588,22.468412,0.256166,18463057.8
US,CSCO,2016-08-15,0.997831,23.114,23.067,22.9575,,23.0249,22.709578,0.315322,0.346281,-0.061917,69.949143,23.339698,22.575302,0.257154,19048009.6
US,CSCO,2016-08-16,-0.214777,23.14,23.104,23.002,,23.056453,22.748127,0.308326,0.33869,-0.060727,67.614679,23.279027,22.724973,0.251643,19896049.6
US,CSCO,2016-08-17,-1.291433,23.12,23.104,23.005,,23.036999,22.761599,0.2754,0.326032,-0.101264,55.620386,23.277507,22.732493,0.275812,27573429.0
US,CSCO,2016-08-18,-0.784998,23.048,23.08,23.001,,22.992845,22.76074,0.232105,0.307246,-0.150282,49.900652,23.285738,22.716262,0.291111,32511343.6
US,CSCO,2016-08-19,0.131868,22.994,23.041,22.9935,,22.9601,22.762167,0.197933,0.285384,-0.174901,50.808607,23.292851,22.694149,0.29246,34851492.6
US,CSCO,2016-08-22,0.395083,22.912,23.013,22.9875,,22.946238,22.770155,0.176084,0.263524,-0.17488,53.529524,23.291663,22.683337,0.292999,36198554.4
US,CSCO,2016-08-23,1.136861,22.892,23.016,22.9915,,22.974509,22.79681,0.1777,0.246359,-0.137319,60.352282,23.300904,22.682096,0.294927,36217335.4
US,CSCO,2016-08-24,0.259403,22.944,23.032,23.003,,23.007662,22.825935,0.181727,0.233433,-0.103411,61.748006,23.323755,22.682245,0.286718,30098037.8
US,CSCO,2016-08-25,0.733075,23.066,23.057,23.032,,23.061868,22.865495,0.196372,0.226021,-0.059296,65.458293,23.371211,22.692789,0.285524,24939362.6
US,CSCO,2016-08-26,0.171233,23.19,23.092,23.0625,,23.113888,22.905088,0.2088,0.222576,-0.027553,66.286898,23.418471,22.706529,0.290129,24134333.6
US,CSCO,2016-08-29,0.769231,23.332,23.122,23.0945,,23.185598,22.955082,0.230516,0.224164,0.012703,69.797953,23.510648,22.678352,0.288692,22618677.6
US,CSCO,2016-08-30,-0.127226,23.416,23.154,23.129,,23.241659,22.99915,0.24251,0.227833,0.029353,68.517181,23.575,22.683,0.281642,21478916.6
US,CSCO,2016-08-31,-0.339703,23.472,23.208,23.156,,23.276789,23.034028,0.242761,0.230819,0.023885,65.087302,23.615713,22.696287,0.278668,20667730.6
US,CSCO,2016-09-01,0.468683,23.516,23.291,23.1855,,23.323437,23.07447,0.248967,0.234449,0.029036,67.496626,23.673659,22.697341,0.278763,19280405.8
US,CSCO,2016-09-02,0.763359,23.588,23.389,23.215,,23.3906,23.12525,0.26535,0.240629,0.049443,71.020838,23.763434,22.666566,0.278137,18690473.6
US,CSCO,2016-09-06,0.126263,23.63,23.481,23.247,,23.452046,23.174491,0.277556,0.248014,0.059083,71.574038,23.848634,22.645366,0.271127,18001430.8
US,CSCO,2016-09-07,-0.252207,23.666,23.541,23.2785,,23.494808,23.21564,0.279169,0.254245,0.049848,68.747418,23.911217,22.645783,0.261047,17252570.8
US,CSCO,2016-09-08,-1.011378,23.67,23.571,23.3015,,23.494069,23.235963,0.258106,0.255017,0.006178,58.752426,23.92984,22.67316,0.262401,17151550.8
US,CSCO,2016-09-09,-1.95828,23.56,23.538,23.2975,,23.422674,23.220706,0.201967,0.244407,-0.08488,45.190906,23.931657,22.663343,0.276515,19045550.8
US,CSCO,2016-09-12,1.910551,23.502,23.545,23.3185,,23.429955,23.239172,0.190782,0.233682,-0.0858,55.719583,23.946267,22.690733,0.304621,19936746.6
US,CSCO,2016-09-13,-1.193012,23.382,23.506,23.314,22.577167,23.393038,23.23553,0.157509,0.218448,-0.121878,49.237597,23.944092,22.683908,0.311434,21129026.6
US,CSCO,2016-09-14,-0.21561,23.264,23.465,23.3095,22.607667,23.354109,23.228454,0.125656,0.199889,-0.148467,48.160177,23.943203,22.675797,0.311331,23190222.0
US,CSCO,2016-09-15,0.99395,23.24,23.455,23.3315,22.642333,23.356554,23.238939,0.117616,0.183435,-0.131638,53.230055,23.941066,22.721934,0.330522,24411727.4
US,CSCO,2016-09-16,-1.497647,23.238,23.399,23.345,22.671833,23.304777,23.222721,0.082056,0.163159,-0.162206,45.877204,23.912996,22.777004,0.339056,26804890.6
US,CSCO,2016-09-19,0.608167,23.176,23.339,23.364,22.6975,23.282503,23.218075,0.064428,0.143413,-0.157969,48.916838,23.877981,22.850019,0.337695,25649087.0
US,CSCO,2016-09-20,0.259067,23.182,23.282,23.3815,22.742333,23.272887,23.218217,0.05467,0.125664,-0.141988,50.207501,23.848716,22.914284,0.324288,24101286.4
US,CSCO,2016-09-21,0.81826,23.236,23.25,23.3955,22.795667,23.293982,23.232424,0.061558,0.112843,-0.10257,54.157445,23.84829,22.94271,0.322553,23463871.0
US,CSCO,2016-09-22,0.982486,23.29,23.265,23.418,22.847,23.347215,23.262614,0.084601,0.107195,-0.045187,58.453954,23.872427,22.963573,0.323085,22312005.6
US,CSCO,2016-09-23,-1.015228,23.366,23.302,23.42,22.8885,23.355336,23.272791,0.082545,0.102265,-0.039439,52.884143,23.87374,22.96626,0.325722,18917182.4
US,CSCO,2016-09-26,-0.897436,23.372,23.274,23.4095,22.921167,23.3299,23.266658,0.063241,0.09446,-0.062437,48.526992,23.874192,22.944808,0.332456,19622792.2
US,CSCO,2016-09-27,1.336783,23.428,23.305,23.4055,22.957667,23.356069,23.283943,0.072126,0.089993,-0.035734,54.488127,23.865608,22.945392,0.343709,20056089.8
US,CSCO,2016-09-28,0.085106,23.45,23.343,23.404,22.997167,23.381289,23.301429,0.07986,0.087967,-0.016212,54.851411,23.862406,22.945594,0.331301,18990409.8
US,CSCO,2016-09-29,-0.382653,23.408,23.349,23.402,23.030333,23.388783,23.310953,0.077831,0.085939,-0.016218,52.80862,23.859585,22.944415,0.324066,18021449.8
US,CSCO,2016-09-30,1.067008,23.464,23.415,23.407,23.067333,23.433586,23.338289,0.095296,0.087811,0.014971,57.539123,23.874337,22.939663,0.323061,20009132.2
US,CSCO,2016-10-03,0.126689,23.568,23.47,23.4045,23.0985,23.476111,23.365823,0.110287,0.092306,0.035963,58.082135,23.864738,22.944262,0.320699,18750922.4
US,CSCO,2016-10-04,-0.463939,23.588,23.508,23.395,23.125667,23.495171,23.38317,0.112001,0.096245,0.031512,55.29008,23.830178,22.959822,0.323507,18833929.0
US,CSCO,2016-10-05,0.762712,23.64,23.545,23.3975,23.153667,23.538991,23.412565,0.126426,0.102281,0.048289,58.781767,23.840845,22.954155,0.318256,18027456.2
US,CSCO,2016-10-06,-0.336417,23.694,23.551,23.408,23.1785,23.563761,23.433856,0.129905,0.107806,0.044198,56.663705,23.869198,22.946802,0.317666,17759459.8
US,CSCO,2016-10-07,-0.042194,23.696,23.58,23.441,23.203,23.583183,23.45283,0.130353,0.112315,0.036075,56.390182,23.883353,22.998647,0.314976,14297982.2
US,CSCO,2016-10-10,0.0,23.692,23.63,23.452,23.226833,23.599616,23.470398,0.129218,0.115696,0.027044,56.390182,23.907438,22.996562,0.305335,14035762.2
US,CSCO,2016-10-11,-1.350781,23.646,23.617,23.461,23.244167,23.564291,23.462961,0.101329,0.112823,-0.022986,47.822878,23.902266,23.019734,0.319954,14226079.2
US,CSCO,2016-10-12,-2.267865,23.458,23.549,23.446,23.2525,23.452861,23.416816,0.036045,0.097467,-0.122844,37.626515,23.946336,22.945664,0.356386,19244332.0
US,CSCO,2016-10-13,-0.569177,23.26,23.477,23.413,23.249833,23.338575,23.364459,-0.025884,0.072797,-0.197362,35.62038,24.007276,22.818724,0.356644,21286228.4
US,CSCO,2016-10-14,0.044033,23.066,23.381,23.398,23.248,23.24341,23.316721,-0.073312,0.043575,-0.233774,35.903481,24.044084,22.751916,0.352598,22780609.0
US,CSCO,2016-10-17,0.132042,22.878,23.285,23.3775,23.245,23.1675,23.274742,-0.107242,0.013412,-0.241307,36.801339,24.076353,22.678647,0.344555,23020234.8
US,CSCO,2016-10-18,0.703297,22.786,23.216,23.362,23.243667,23.127885,23.247724,-0.119839,-0.013238,-0.213202,41.507398,24.087385,22.636615,0.344944,22026811.2
US,CSCO,2016-10-19,-0.261894,22.788,23.123,23.334,23.240333,23.085133,23.218263,-0.13313,-0.037217,-0.191826,40.295619,24.092298,22.575702,0.334591,17613011.2
US,CSCO,2016-10-20,-0.656455,22.786,23.023,23.287,23.236,23.025882,23.179873,-0.153991,-0.060572,-0.186839,37.359187,24.079366,22.494634,0.328549,16218758.2
US,CSCO,2016-10-21,0.0,22.782,22.924,23.252,23.234667,22.975746,23.144327,-0.168581,-0.082173,-0.172815,37.359187,24.082243,22.421757,0.320081,15137832.8
US,CSCO,2016-10-24,1.013216,22.818,22.848,23.239,23.237,22.968708,23.128451,-0.159742,-0.097687,-0.124111,44.545481,24.080781,22.397219,0.315789,15169395.0
US,CSCO,2016-10-25,-0.392499,22.804,22.795,23.206,23.235333,22.948907,23.107084,-0.158177,-0.109785,-0.096784,42.491263,24.055974,22.356026,0.308233,15331975.0
US,CSCO,2016-10-26,0.700525,22.834,22.811,23.18,23.237667,22.956768,23.099152,-0.142384,-0.116305,-0.052159,47.156726,24.021736,22.338264,0.314788,15967524.2
US,CSCO,2016-10-27,-0.565217,22.868,22.827,23.152,23.236667,22.943419,23.082178,-0.138759,-0.120796,-0.035927,44.031157,23.995863,22.308137,0.309446,15889697.2
US,CSCO,2016-10-28,0.699606,22.934,22.858,23.1195,23.237333,22.956739,23.078313,-0.121574,-0.120951,-0.001245,48.551003,23.928882,22.310118,0.311628,16850963.6
US,CSCO,2016-10-31,0.303951,22.968,22.893,23.089,23.236167,22.978779,23.079919,-0.10114,-0.116989,0.031698,50.436819,23.851703,22.326297,0.313655,18672976.8
US,CSCO,2016-11-01,-0.692641,22.988,22.896,23.056,23.232667,22.972813,23.069555,-0.096742,-0.11294,0.032396,46.262743,23.78372,22.32828,0.325537,19129836.8
US,CSCO,2016-11-02,-0.261552,22.964,22.899,23.011,23.229,22.958534,23.055514,-0.09698,-0.109748,0.025536,44.766568,23.661258,22.360742,0.32657,19362907.6
US,CSCO,2016-11-03,-0.262238,22.954,22.911,22.967,23.2255,22.937221,23.038068,-0.100847,-0.107968,0.014241,43.259888,23.539227,22.394773,0.320386,19165095.6
US,CSCO,2016-11-04,-0.394391,22.894,22.914,22.919,23.219167,22.905341,23.015248,-0.109907,-0.108356,-0.003104,41.029212,23.393253,22.444747,0.34393,18880529.6
US,CSCO,2016-11-07,2.463704,22.932,22.95,22.899,23.223167,22.964519,23.0356,-0.071081,-0.100901,0.059639,56.172701,23.262257,22.535743,0.365792,18847671.6
US,CSCO,2016-11-08,0.214684,23.012,23.0,22.8975,23.224167,23.022286,23.058149,-0.035863,-0.087893,0.10406,57.228806,23.253133,22.541867,0.364664,19219214.4
US,CSCO,2016-11-09,1.156812,23.158,23.061,22.936,23.2305,23.112703,23.099026,0.013677,-0.067579,0.162512,62.485789,23.406549,22.465451,0.381474,23097243.0
US,CSCO,2016-11-10,-1.143583,23.262,23.108,22.9675,23.237333,23.147672,23.116876,0.030796,-0.047904,0.1574,55.181716,23.45727,22.47773,0.40494,27578859.0
US,CSCO,2016-11-11,1.156812,23.438,23.166,23.012,23.251667,23.218799,23.153404,0.065395,-0.025244,0.181279,60.192784,23.561785,22.462215,0.405301,28504122.4
US,CSCO,2016-11-14,0.0,23.502,23.217,23.055,23.2655,23.278984,23.187226,0.091758,-0.001844,0.187204,60.192784,23.648852,22.461148,0.394208,28475419.2
US,CSCO,2016-11-15,1.058873,23.606,23.309,23.1025,23.282,23.368371,23.237061,0.13131,0.024787,0.213046,64.459944,23.787361,22.417639,0.396765,29427496.4
US,CSCO,2016-11-16,-0.3772,23.638,23.398,23.1485,23.292667,23.43016,23.276538,0.153622,0.050554,0.206136,61.887948,23.881256,22.415744,0.389139,27134095.8
US,CSCO,2016-11-17,-4.838031,23.494,23.378,23.1445,23.283167,23.30552,23.227906,0.077615,0.055966,0.043297,39.951918,23.887803,22.401197,0.467058,34515513.2
US,CSCO,2016-11-18,0.442087,23.316,23.377,23.1455,23.2725,23.21544,23.190283,0.025157,0.049804,-0.049294,41.881027,23.886458,22.404542,0.452982,37635169.4
US,CSCO,2016-11-21,-0.440141,23.118,23.31,23.13,23.2595,23.123834,23.14804,-0.024206,0.035002,-0.118416,40.48051,23.900714,22.359286,0.437769,38547991.4
US,CSCO,2016-11-22,-0.530504,22.846,23.226,23.113,23.2415,23.027859,23.100037,-0.072177,0.013566,-0.171487,38.803603,23.92257,22.30343,0.425071,39069811.4
US,CSCO,2016-11-23,-0.577778,22.566,23.102,23.0815,23.221833,22.92665,23.04596,-0.11931,-0.013009,-0.212602,37.014712,23.952873,22.210127,0.415423,38549743.4
US,CSCO,2016-11-25,1.251676,22.572,23.033,23.0705,23.208167,22.884089,23.01663,-0.132541,-0.036915,-0.191251,43.099272,23.957686,22.183314,0.418607,27035062.0
US,CSCO,2016-11-28,-0.573951,22.532,22.924,23.045,23.1905,22.828075,22.979842,-0.151767,-0.059886,-0.183763,41.113434,23.964119,22.125881,0.403707,23579125.6
US,CSCO,2016-11-29,-0.26643,22.5,22.809,23.013,23.168833,22.771448,22.941335,-0.169887,-0.081886,-0.176003,40.19295,23.966165,22.059835,0.391299,22793530.6
US,CSCO,2016-11-30,-0.044524,22.49,22.668,22.9885,23.1465,22.721995,22.90494,-0.182946,-0.102098,-0.161695,40.03208,23.972599,22.004401,0.378349,22684650.6
US,CSCO,2016-12-01,-1.247216,22.45,22.508,22.953,23.1205,22.637072,22.8505,-0.213428,-0.124364,-0.178128,35.720959,23.999444,21.906556,0.37561,22984530.6
US,CSCO,2016-12-02,-0.67659,22.324,22.448,22.913,23.096,22.542138,22.788982,-0.246844,-0.14886,-0.195967,33.631445,24.035143,21.790857,0.372352,24862650.6
US,CSCO,2016-12-05,0.953678,22.266,22.399,22.888,23.082667,22.494117,22.747576,-0.253459,-0.16978,-0.167358,39.010319,24.04701,21.72899,0.364327,24742035.4
US,CSCO,2016-12-06,-0.674764,22.19,22.345,22.8275,23.0595,22.430407,22.698126,-0.267719,-0.189367,-0.156703,36.721031,24.022035,21.632965,0.357589,25501708.4
US,CSCO,2016-12-07,2.128623,22.21,22.35,22.788,23.048833,22.448806,22.687153,-0.238348,-0.199164,-0.078368,47.180439,23.964241,21.611759,0.370619,26292748.4
US,CSCO,2016-12-08,0.0,22.286,22.368,22.735,23.039,22.464374,22.676994,-0.21262,-0.201855,-0.02153,47.180439,23.852363,21.617637,0.366289,25367488.4
US,CSCO,2016-12-09,0.354767,22.408,22.366,22.6995,23.026667,22.489855,22.673513,-0.183658,-0.198215,0.029115,48.849451,23.782301,21.616699,0.358697,24225988.4
US,CSCO,2016-12-12,0.353513,22.504,22.385,22.6545,23.0215,22.523723,22.676216,-0.152492,-0.189071,0.073157,50.532772,23.653789,21.655211,0.342361,23510381.8
US,CSCO,2016-12-13,1.409071,22.694,22.442,22.6255,23.019333,22.601612,22.702422,-0.10081,-0.171419,0.141218,56.674678,23.542462,21.708538,0.343621,23050542.4
US,CSCO,2016-12-14,-0.434216,22.77,22.49,22.579,23.0145,22.652133,22.719279,-0.067146,-0.150564,0.166836,54.401512,23.317861,21.840139,0.354791,22525722.4
US,CSCO,2016-12-15,0.566943,22.872,22.579,22.5435,23.008667,22.714882,22.744518,-0.029636,-0.126378,0.193485,56.825854,23.094364,21.992636,0.34802,22434562.4
US,CSCO,2016-12-16,-0.130095,22.952,22.68,22.564,22.9985,22.763362,22.765665,-0.002303,-0.101563,0.198521,56.084798,23.153861,21.974139,0.347447,27337262.4
US,CSCO,2016-12-19,0.521059,23.04,22.772,22.5855,22.994333,22.822845,22.794134,0.02871,-0.075509,0.208438,58.42056,23.225734,21.945266,0.340487,27515400.6
US,CSCO,2016-12-20,-0.647948,23.034,22.864,22.6045,22.991167,22.850099,22.809383,0.040716,-0.052264,0.185959,54.517172,23.269766,21.939234,0.338309,25999860.0
US,CSCO,2016-12-21,-0.434783,23.028,22.899,22.6245,22.981167,22.857776,22.816096,0.041681,-0.033475,0.150311,52.021693,23.299969,21.949031,0.329144,23386449.8
US,CSCO,2016-12-22,0.131004,23.002,22.937,22.6525,22.971333,22.868888,22.824533,0.044355,-0.017909,0.124527,52.720884,23.329874,21.975126,0.318491,21790789.8
US,CSCO,2016-12-23,0.218055,22.992,22.972,22.669,22.963833,22.885982,22.836049,0.049933,-0.004341,0.108547,53.926031,23.36124,21.97676,0.306456,14449209.4
US,CSCO,2016-12-27,0.522193,22.982,23.011,22.698,22.954167,22.918908,22.855601,0.063307,0.009189,0.108236,56.773855,23.411123,21.984877,0.300995,13648609.4
US,CSCO,2016-12-28,-0.865801,22.962,22.998,22.72,22.940667,22.915999,22.85889,0.057109,0.018773,0.076672,51.104307,23.429535,22.010465,0.301638,12558015.6
US,CSCO,2016-12-29,0.131004,22.968,22.998,22.744,22.9295,22.918153,22.864157,0.053996,0.025817,0.056356,51.880548,23.44783,22.04017,0.292235,11859345.8
US,CSCO,2016-12-30,-0.784998,22.932,22.967,22.773,22.912333,22.892283,22.855701,0.036582,0.02797,0.017223,47.053779,23.425782,22.120218,0.297076,13310191.6
US,CSCO,2017-01-03,1.054945,22.934,22.963,22.8215,22.9005,22.907317,22.865649,0.041667,0.03071,0.021915,53.293342,23.380724,22.262276,0.295142,15950792.0
US,CSCO,2017-01-04,-0.565463,22.886,22.934,22.853,22.886667,22.900037,22.865231,0.034806,0.031529,0.006555,49.865386,23.341962,22.364038,0.295489,17571892.0
US,CSCO,2017-01-05,0.218723,22.888,22.925,22.8945,22.873667,22.90157,22.868547,0.033023,0.031828,0.00239,51.16643,23.231159,22.557841,0.290097,18841952.2
US,CSCO,2017-01-06,0.218245,22.894,22.931,22.915,22.866833,22.910559,22.875321,0.035238,0.03251,0.005456,52.49409,23.21296,22.61704,0.286518,19827480.8
US,CSCO,2017-01-09,-0.174216,22.928,22.93,22.9335,22.868167,22.912012,22.878631,0.033381,0.032684,0.001393,51.292661,23.180018,22.686982,0.279624,19225175.6
US,CSCO,2017-01-10,0.65445,22.944,22.939,22.9555,22.874167,22.936317,22.892806,0.043511,0.034849,0.017323,55.413686,23.165593,22.745407,0.283937,18960263.8
US,CSCO,2017-01-11,-0.736888,22.952,22.919,22.965,22.877167,22.93073,22.893339,0.037391,0.035358,0.004067,50.226995,23.144833,22.785167,0.28437,18962328.2
US,CSCO,2017-01-12,-0.393013,22.932,22.91,22.954,22.878167,22.912156,22.887166,0.02499,0.033284,-0.016588,47.68245,23.143251,22.764749,0.283343,19010043.2
US,CSCO,2017-01-13,0.087681,22.906,22.9,22.949,22.876833,22.899517,22.882931,0.016585,0.029944,-0.026718,48.309148,23.145662,22.752338,0.274533,19252714.6
US,CSCO,2017-01-17,-0.262812,22.876,22.902,22.9345,22.8755,22.879591,22.874566,0.005025,0.024961,-0.039871,46.509215,23.138899,22.730101,0.277067,20213721.4
US,CSCO,2017-01-18,0.131752,22.822,22.883,22.923,22.877167,22.867346,22.869043,-0.001696,0.019629,-0.042651,47.561259,23.13047,22.71553,0.269419,19149321.2
US,CSCO,2017-01-19,-0.131579,22.796,22.874,22.904,22.878333,22.85237,22.861706,-0.009336,0.013836,-0.046345,46.574775,23.093673,22.714327,0.265175,18064257.8
US,CSCO,2017-01-20,0.395257,22.806,22.869,22.897,22.877167,22.853544,22.86158,-0.008036,0.009462,-0.034995,49.929992,23.082267,22.711733,0.260519,18892916.4
US,CSCO,2017-01-23,0.568679,22.838,22.872,22.9015,22.879667,22.874537,22.871092,0.003445,0.008258,-0.009627,54.386112,23.09116,22.71184,0.253339,18896656.4
US,CSCO,2017-01-24,1.087429,22.932,22.904,22.917,22.883667,22.930762,22.898419,0.032343,0.013075,0.038536,61.485002,23.157341,22.676659,0.260958,19486791.0
US,CSCO,2017-01-25,0.301205,23.034,22.928,22.9335,22.891,22.989106,22.928906,0.0602,0.0225,0.0754,63.211432,23.228069,22.638931,0.266604,21361161.0
US,CSCO,2017-01-26,0.1287,23.148,22.972,22.9455,22.896167,23.04309,22.959358,0.083732,0.034747,0.097971,63.957102,23.282693,22.608307,0.263275,22011324.8
US,CSCO,2017-01-27,0.814053,23.282,23.044,22.977,22.903333,23.117999,23.001628,0.116372,0.051072,0.1306,68.334688,23.398478,22.555522,0.263755,21152832.2
US,CSCO,2017-01-30,-0.509987,23.366,23.102,23.001,22.911167,23.162922,23.031877,0.131045,0.067066,0.127957,63.120378,23.461864,22.540136,0.264916,20818132.2
US,CSCO,2017-01-31,-0.341734,23.384,23.158,23.03,22.918667,23.188627,23.053961,0.134666,0.080586,0.10816,59.842028,23.49699,22.56301,0.263136,19151910.2
US,CSCO,2017-02-01,-0.728676,23.354,23.194,23.0385,22.924333,23.184223,23.061815,0.122407,0.088951,0.066914,53.484905,23.508448,22.568552,0.267912,18033652.2
US,CSCO,2017-02-02,2.24525,23.422,23.285,23.0795,22.940167,23.260496,23.107607,0.152889,0.101738,0.102302,65.542839,23.618071,22.540929,0.290204,19501635.4
US,CSCO,2017-02-03,0.422297,23.472,23.377,23.123,22.948333,23.34042,23.157414,0.183006,0.117992,0.130028,67.298451,23.735278,22.510722,0.281618,20067014.4
US,CSCO,2017-02-06,-0.042052,23.544,23.455,23.1635,22.9555,23.406509,23.20279,0.203719,0.135137,0.137163,66.931201,23.831879,22.495121,0.272217,20325503.2
US,CSCO,2017-02-07,0.462768,23.654,23.519,23.2115,22.96,23.479354,23.252954,0.2264,0.15339,0.14602,68.93913,23.938364,22.484636,0.27063,20688923.2
US,CSCO,2017-02-08,-0.544389,23.772,23.563,23.2455,22.966833,23.520992,23.289772,0.231219,0.168956,0.124527,63.993716,24.005565,22.485435,0.267728,20874863.2
US,CSCO,2017-02-09,0.715789,23.82,23.621,23.2965,22.972,23.582378,23.336456,0.245922,0.184349,0.123146,67.297475,24.092999,22.500001,0.270747,19124895.2
US,CSCO,2017-02-10,0.041806,23.85,23.661,23.3525,22.977333,23.635858,23.380422,0.255436,0.198566,0.113739,67.486461,24.161694,22.543306,0.272837,19178673.8
US,CSCO,2017-02-13,1.462599,23.952,23.748,23.425,22.984333,23.734957,23.447057,0.287899,0.216433,0.142933,73.301893,24.291729,22.558271,0.279777,21127592.2
US,CSCO,2017-02-14,1.07084,24.084,23.869,23.5135,22.997167,23.85881,23.528016,0.330793,0.239305,0.182977,76.643905,24.453038,22.573962,0.289079,23736252.2
US,CSCO,2017-02-15,1.548492,24.318,24.045,23.6195,23.0355,24.02207,23.631126,0.390943,0.269633,0.242622,80.488222,24.683276,22.555724,0.29843,27883281.2
US,CSCO,2017-02-16,2.407705,24.638,24.229,23.757,23.082167,24.25252,23.771043,0.481478,0.312002,0.338952,84.754991,25.035297,22.478703,0.339971,34170641.2
US,CSCO,2017-02-17,0.39185,24.976,24.413,23.895,23.132167,24.462902,23.908002,0.554899,0.360581,0.388636,85.330753,25.341064,22.448936,0.334259,36227344.0
US,CSCO,2017-02-21,1.17096,25.304,24.628,24.0415,23.189167,24.687071,24.057039,0.630031,0.414471,0.43112,86.926008,25.672932,22.410068,0.340383,36322116.8
US,CSCO,2017-02-22,-0.115741,25.574,24.829,24.174,23.247833,24.872137,24.192814,0.679323,0.467442,0.423762,85.919771,25.947769,22.400231,0.343213,35355961.8
US,CSCO,2017-02-23,-0.1545,25.76,25.039,24.301,23.301167,25.022577,24.315569,0.707009,0.515355,0.383307,84.514995,26.170288,22.431712,0.336555,30612092.8
US,CSCO,2017-02-24,0.812379,25.868,25.253,24.437,23.360167,25.182181,24.444786,0.737395,0.559763,0.355264,85.825299,26.400253,22.473747,0.340372,24810815.0
US,CSCO,2017-02-27,-0.153492,25.948,25.462,24.5615,23.4195,25.311076,24.561468,0.749608,0.597732,0.303752,84.361006,26.593497,22.529503,0.327488,21567650.4
US,CSCO,2017-02-28,-0.230592,25.956,25.63,24.689,23.478,25.410911,24.665063,0.745847,0.627355,0.236984,82.098327,26.735938,22.642062,0.317668,20787730.4
US,CSCO,2017-03-01,0.731895,26.008,25.791,24.83,23.544333,25.524617,24.775059,0.749558,0.651796,0.195525,83.598533,26.871558,22.788442,0.312834,20012025.4
US,CSCO,2017-03-02,-0.114723,26.062,25.911,24.978,23.612667,25.616214,24.874684,0.74153,0.669742,0.143575,82.424006,26.941513,23.014487,0.308346,19749545.4
US,CSCO,2017-03-03,-0.306279,26.058,25.963,25.096,23.676167,25.681412,24.961004,0.720408,0.679876,0.081065,79.227369,27.016494,23.175506,0.29775,18363368.8
US,CSCO,2017-03-06,-0.30722,26.046,25.997,25.205,23.740833,25.724272,25.035003,0.689268,0.681754,0.015028,76.051013,27.060721,23.349279,0.294339,18759305.6
US,CSCO,2017-03-07,0.038521,26.048,26.002,25.315,23.797833,25.762076,25.104262,0.657814,0.676966,-0.038305,76.17957,27.075824,23.554176,0.287601,18347433.6
US,CSCO,2017-03-08,-0.539084,25.984,25.996,25.4125,23.8525,25.772526,25.158021,0.614505,0.664474,-0.099938,70.475778,27.056786,23.768214,0.283487,17533943.0
US,CSCO,2017-03-09,0.154859,25.934,25.998,25.5185,23.9065,25.787522,25.21076,0.576762,0.646931,-0.140339,71.140635,26.984041,24.052959,0.276095,17804443.0
US,CSCO,2017-03-10,0.579822,25.93,25.994,25.6235,23.961667,25.823288,25.270704,0.552584,0.628062,-0.150956,73.546388,26.905284,24.341716,0.269231,18770837.4
US,CSCO,2017-03-13,-0.499616,25.916,25.981,25.7215,24.009333,25.833551,25.316577,0.516974,0.605844,-0.177741,68.237267,26.743836,24.699164,0.267857,18482779.2
US,CSCO,2017-03-14,0.07725,25.904,25.976,25.803,24.059,25.845313,25.360535,0.484778,0.581631,-0.193706,68.61266,26.584104,25.021896,0.265153,17191711.2
US,CSCO,2017-03-15,0.347356,25.938,25.961,25.876,24.108,25.869111,25.407902,0.461208,0.557546,-0.192677,70.312989,26.402817,25.349183,0.261928,16446701.8
US,CSCO,2017-03-16,-0.038462,25.962,25.948,25.9295,24.157333,25.887709,25.451021,0.436688,0.533375,-0.193373,69.860144,26.222585,25.636415,0.263933,15852989.0
US,CSCO,2017-03-17,0.0,25.956,25.943,25.953,24.204667,25.903446,25.490945,0.412501,0.5092,-0.193398,69.860144,26.178575,25.727425,0.255081,17402758.6
US,CSCO,2017-03-20,0.153905,25.984,25.95,25.9735,24.255167,25.922916,25.530875,0.392041,0.485768,-0.187455,70.734522,26.141461,25.805539,0.246861,17164616.8
US,CSCO,2017-03-21,-1.152516,25.948,25.926,25.964,24.302333,25.893237,25.545625,0.347611,0.458137,-0.221051,57.306597,26.161828,25.766172,0.267085,18530136.8
US,CSCO,2017-03-22,0.621842,25.926,25.932,25.964,24.351667,25.892739,25.571134,0.321604,0.43083,-0.218452,61.503964,26.161828,25.766172,0.270864,18867016.8
US,CSCO,2017-03-23,-0.38625,25.886,25.924,25.961,24.3985,25.876933,25.587347,0.289586,0.402581,-0.225991,57.686664,26.167291,25.754709,0.270803,19304551.0
US,CSCO,2017-03-24,0.348972,25.864,25.91,25.952,24.444833,25.877405,25.609025,0.26838,0.375741,-0.214722,60.08764,26.155922,25.748078,0.270745,17572121.4
US,CSCO,2017-03-27,-0.270479,25.82,25.902,25.9415,24.493333,25.867035,25.623912,0.243123,0.349217,-0.212189,57.361362,26.151859,25.731141,0.269264,18125427.4
US,CSCO,2017-03-28,0.077489,25.84,25.894,25.935,24.541667,25.861337,25.639178,0.222159,0.323806,-0.203293,57.948424,26.150639,25.719361,0.270745,18080089.6
US,CSCO,2017-03-29,-0.813008,25.786,25.856,25.9085,24.5895,25.824208,25.637757,0.186451,0.296335,-0.219767,50.141936,26.141504,25.675496,0.273549,18051689.6
US,CSCO,2017-03-30,0.0,25.752,25.819,25.8835,24.633333,25.792792,25.636442,0.15635,0.268338,-0.223976,50.141936,26.127408,25.639592,0.265438,17270148.2
US,CSCO,2017-03-31,0.19516,25.71,25.787,25.865,24.680167,25.773901,25.638927,0.134973,0.241665,-0.213384,51.9301,26.11468,25.61532,0.258621,16452828.2
US,CSCO,2017-04-03,-0.662252,25.648,25.734,25.842,24.723333,25.731762,25.628637,0.103125,0.213957,-0.221663,45.902163,26.133657,25.550343,0.265862,16778262.2
US,CSCO,2017-04-04,0.352941,25.6,25.72,25.823,24.767167,25.709952,25.625775,0.084178,0.188001,-0.207647,49.260135,26.128031,25.517969,0.274015,16262925.4
US,CSCO,2017-04-05,-1.211411,25.532,25.659,25.7955,24.8065,25.643806,25.600162,0.043644,0.15913,-0.230971,40.040727,26.181478,25.409522,0.285157,16476613.2
US,CSCO,2017-04-06,0.237342,25.476,25.614,25.769,24.844333,25.597067,25.58089,0.016176,0.130539,-0.228726,42.291948,26.200921,25.337079,0.286217,16979655.6
US,CSCO,2017-04-07,-0.35517,25.392,25.551,25.7305,24.8835,25.543672,25.55638,-0.012708,0.10189,-0.229196,39.873577,26.201562,25.259438,0.27863,16960525.2
US,CSCO,2017-04-10,0.158416,25.35,25.499,25.7005,24.924833,25.504645,25.536648,-0.032003,0.075111,-0.214228,41.475369,26.202515,25.198485,0.278014,16051794.8
US,CSCO,2017-04-11,-0.276789,25.276,25.438,25.666,24.964667,25.460854,25.513193,-0.052339,0.049621,-0.20392,39.492569,26.199532,25.132468,0.281727,16120436.6
US,CSCO,2017-04-12,-0.911975,25.218,25.375,25.6155,25.001667,25.388415,25.474438,-0.086023,0.022492,-0.217031,33.778524,26.201622,25.029378,0.286604,17696948.8
US,CSCO,2017-04-13,-0.60024,25.118,25.297,25.558,25.035667,25.304043,25.427442,-0.123399,-0.006686,-0.233426,30.66261,26.208034,24.907966,0.289703,17880566.4
US,CSCO,2017-04-17,0.563607,25.064,25.228,25.5075,25.0725,25.25419,25.394298,-0.140108,-0.03337,-0.213475,36.545971,26.172207,24.842793,0.282582,17484237.4
US,CSCO,2017-04-18,0.20016,25.012,25.181,25.4575,25.108667,25.2197,25.367313,-0.147614,-0.056219,-0.182789,38.551352,26.107758,24.807242,0.278112,17189328.0
US,CSCO,2017-04-19,-0.079904,24.97,25.123,25.4215,25.142333,25.187438,25.340846,-0.153408,-0.075657,-0.155502,38.033567,26.086971,24.756029,0.273246,16674921.6
US,CSCO,2017-04-20,0.559776,25.002,25.11,25.3845,25.174167,25.181678,25.326709,-0.145031,-0.089532,-0.110998,43.730793,26.02342,24.74558,0.270157,13969401.6
US,CSCO,2017-04-21,-0.039761,25.062,25.09,25.352,25.204667,25.175266,25.312879,-0.137612,-0.099148,-0.076929,43.423686,25.970922,24.733078,0.265146,13497961.6
US,CSCO,2017-04-24,1.392204,25.164,25.114,25.3325,25.2405,25.223687,25.325999,-0.102312,-0.099781,-0.005063,55.265068,25.906604,24.758396,0.275493,14185821.0
US,CSCO,2017-04-25,0.431542,25.278,25.145,25.322,25.275,25.281581,25.346295,-0.064714,-0.092767,0.056107,58.224439,25.867769,24.776231,0.269386,14527660.8
US,CSCO,2017-04-26,-0.039063,25.394,25.182,25.31,25.311333,25.32903,25.364347,-0.035317,-0.081277,0.09192,57.849771,25.819941,24.800059,0.26443,14842840.0
US,CSCO,2017-04-27,1.016022,25.534,25.268,25.3215,25.353333,25.409179,25.400322,0.008858,-0.06325,0.144216,64.28482,25.867953,24.775047,0.284114,17785146.0
US,CSCO,2017-04-28,0.967118,25.726,25.394,25.3455,25.402333,25.51546,25.45215,0.06331,-0.037938,0.202496,69.160261,25.977718,24.713282,0.286677,19101955.2
US,CSCO,2017-05-01,-0.306513,25.832,25.498,25.363,25.441333,25.593081,25.494213,0.098868,-0.010577,0.218891,66.052928,26.0474,24.6786,0.284057,18737315.2
US,CSCO,2017-05-02,0.807071,25.958,25.618,25.3995,25.482167,25.691069,25.548715,0.142353,0.020009,0.244688,69.878698,26.180307,24.618693,0.28091,18922275.2
US,CSCO,2017-05-03,0.038124,26.088,25.741,25.432,25.523333,25.77552,25.599922,0.175598,0.051127,0.248942,70.051781,26.291921,24.572079,0.272988,18218775.2
US,CSCO,2017-05-04,-0.228659,26.154,25.844,25.477,25.561667,25.837747,25.64289,0.194857,0.079873,0.229968,67.543931,26.392775,24.561225,0.276346,15618686.8
US,CSCO,2017-05-05,0.611154,26.202,25.964,25.527,25.604833,25.915017,25.694528,0.220489,0.107996,0.224985,70.569666,26.513835,24.540165,0.275179,14544697.6
US,CSCO,2017-05-08,-0.265756,26.252,26.042,25.578,25.644,25.96963,25.737156,0.232474,0.132892,0.199165,67.600414,26.606836,24.549164,0.280523,14475777.6
US,CSCO,2017-05-09,-1.141987,26.2,26.079,25.612,25.678,25.969687,25.754403,0.215283,0.14937,0.131827,56.60754,26.645452,24.578548,0.285486,15050237.6
US,CSCO,2017-05-10,-0.462072,26.122,26.105,25.6435,25.704167,25.951273,25.761485,0.189789,0.157454,0.06467,52.901784,26.665582,24.621418,0.282237,15660077.6
US,CSCO,2017-05-11,-0.348162,26.038,26.096,25.682,25.7245,25.921847,25.761375,0.160472,0.158057,0.004829,50.245086,26.659765,24.704235,0.280648,16435480.0
US,CSCO,2017-05-12,-0.543478,25.894,26.048,25.721,25.736167,25.875409,25.750903,0.124506,0.151347,-0.053682,46.346071,26.620398,24.821602,0.287745,17455987.2
US,CSCO,2017-05-15,2.34192,25.884,26.068,25.783,25.747833,25.928423,25.78565,0.142772,0.149632,-0.01372,60.494946,26.63946,24.92654,0.322906,21115647.4
US,CSCO,2017-05-16,0.228833,25.946,26.073,25.8455,25.758833,25.982512,25.822269,0.160243,0.151754,0.016977,61.585874,26.65414,25.03686,0.31627,21134476.8
US,CSCO,2017-05-17,-1.407915,25.958,26.04,25.8905,25.758667,25.971356,25.828768,0.142588,0.149921,-0.014665,52.041855,26.602553,25.178447,0.32225,25395756.8
US,CSCO,2017-05-18,-7.217291,25.614,25.826,25.835,25.727833,25.674224,25.696266,-0.022042,0.115528,-0.275141,28.230226,26.86936,24.80064,0.487804,38992739.8
US,CSCO,2017-05-19,-0.540765,25.272,25.583,25.7735,25.6955,25.402805,25.56395,-0.161145,0.060194,-0.442678,27.295231,27.077069,24.469931,0.495104,42925722.4
US,CSCO,2017-05-22,1.212882,24.868,25.376,25.709,25.6645,25.217758,25.462917,-0.245159,-0.000877,-0.488564,32.653786,27.179291,24.238709,0.505453,43636572.0
US,CSCO,2017-05-23,0.53719,24.478,25.212,25.6455,25.636333,25.08118,25.378997,-0.297817,-0.060265,-0.475105,34.967683,27.234078,24.056922,0.487921,45812064.0
US,CSCO,2017-05-24,-0.863132,24.12,25.039,25.572,25.605667,24.933306,25.285738,-0.352432,-0.118698,-0.467467,32.995504,27.294435,23.849565,0.492355,42758030.6
US,CSCO,2017-05-25,-0.165837,24.128,24.871,25.4835,25.571167,24.802028,25.196424,-0.394396,-0.173838,-0.441116,32.618137,27.317951,23.649049,0.47433,29975227.6
US,CSCO,2017-05-26,0.207641,24.172,24.722,25.385,25.538,24.698639,25.11743,-0.41879,-0.222828,-0.391924,33.639809,27.286783,23.483217,0.453306,25283997.8
US,CSCO,2017-05-30,0.580191,24.186,24.527,25.2975,25.5085,24.632695,25.054657,-0.421962,-0.262655,-0.318615,36.54118,27.235064,23.359936,0.443784,21688612.8
US,CSCO,2017-05-31,-0.494438,24.15,24.314,25.1935,25.478333,24.558434,24.987646,-0.429211,-0.295966,-0.26649,35.123647,27.142944,23.244056,0.435657,21762454.4
US,CSCO,2017-06-01,0.952381,24.202,24.161,25.1005,25.451833,24.530983,24.942635,-0.411652,-0.319104,-0.185097,39.933319,27.018587,23.182413,0.423824,20164027.8
US,CSCO,2017-06-02,0.492207,24.286,24.207,25.0165,25.429667,24.526216,24.909847,-0.383631,-0.332009,-0.103244,42.33534,26.884625,23.148375,0.414265,19863767.8
US,CSCO,2017-06-05,-0.693878,24.326,24.249,24.916,25.404,24.496029,24.866895,-0.370866,-0.33978,-0.062172,39.90101,26.703013,23.128987,0.411104,19778347.8
US,CSCO,2017-06-06,-0.616523,24.308,24.247,24.8115,25.373333,24.447409,24.816014,-0.368605,-0.345545,-0.046119,37.833805,26.511915,23.111085,0.396025,19594003.0
US,CSCO,2017-06-07,0.124069,24.32,24.235,24.7235,25.345333,24.410885,24.771124,-0.36024,-0.348484,-0.023511,38.519845,26.35579,23.09121,0.382737,16544347.4
US,CSCO,2017-06-08,0.0,24.286,24.244,24.6415,25.317,24.379979,24.72956,-0.34958,-0.348703,-0.001754,38.519845,26.202401,23.080599,0.371113,17804970.2
US,CSCO,2017-06-09,-0.743494,24.192,24.239,24.555,25.284167,24.326136,24.67774,-0.351604,-0.349284,-0.004641,35.772784,26.048673,23.061327,0.384605,18863250.2
US,CSCO,2017-06-12,-0.374532,24.114,24.22,24.471,25.25,24.266731,24.623093,-0.356362,-0.350699,-0.011326,34.449887,25.903353,23.038647,0.384276,20824937.2
US,CSCO,2017-06-13,1.420217,24.134,24.221,24.374,25.2215,24.268772,24.597679,-0.328906,-0.346341,0.034869,43.022238,25.561222,23.186778,0.386828,23143826.0
US,CSCO,2017-06-14,-0.288303,24.134,24.227,24.2705,25.191167,24.25973,24.568962,-0.309231,-0.338919,0.059375,41.809938,25.073905,23.467095,0.394197,25142219.8
US,CSCO,2017-06-15,-0.08261,24.13,24.208,24.1845,25.1655,24.249003,24.54089,-0.291888,-0.329513,0.07525,41.45055,24.466598,23.902402,0.389612,24642097.0
US,CSCO,2017-06-16,0.165358,24.17,24.181,24.194,25.137833,24.246079,24.517862,-0.271782,-0.317967,0.092368,42.514828,24.468693,23.919307,0.386068,26840260.8
US,CSCO,2017-06-19,1.155592,24.284,24.199,24.224,25.1165,24.286682,24.517279,-0.230597,-0.300493,0.139792,49.442681,24.499129,23.948871,0.382063,25375215.8
US,CSCO,2017-06-20,-0.448796,24.308,24.221,24.234,25.091833,24.304116,24.508592,-0.204476,-0.281289,0.153627,47.044032,24.519265,23.948735,0.37263,23457033.0
US,CSCO,2017-06-21,-0.040984,24.344,24.239,24.237,25.068167,24.317329,24.499807,-0.182478,-0.261527,0.158097,46.821648,24.527455,23.946545,0.365299,22546171.8
US,CSCO,2017-06-22,0.041,24.386,24.258,24.251,25.044333,24.330047,24.492414,-0.162367,-0.241695,0.158657,47.090996,24.544523,23.957477,0.354921,22567895.0
US,CSCO,2017-06-23,0.737705,24.456,24.313,24.276,25.027,24.368502,24.498902,-0.1304,-0.219436,0.178072,51.821314,24.591366,23.960634,0.359569,20452851.2
US,CSCO,2017-06-26,0.488202,24.494,24.389,24.3045,25.011667,24.419501,24.513798,-0.094297,-0.194408,0.200223,54.727282,24.66213,23.94687,0.356743,21196009.2
US,CSCO,2017-06-27,-1.497976,24.48,24.394,24.3075,24.989333,24.405732,24.500183,-0.094451,-0.174417,0.159931,45.595369,24.664928,23.950072,0.358404,22202832.4
US,CSCO,2017-06-28,0.986436,24.516,24.43,24.3285,24.973833,24.431004,24.505355,-0.074351,-0.154404,0.160105,51.274811,24.695666,23.961334,0.361375,21672073.8
US,CSCO,2017-06-29,-2.075702,24.448,24.417,24.3125,24.948333,24.373926,24.472366,-0.098439,-0.143211,0.089543,41.387419,24.696785,23.928215,0.380563,23317650.6
US,CSCO,2017-06-30,-0.332502,24.328,24.392,24.2865,24.926667,24.313322,24.435894,-0.122572,-0.139083,0.033022,40.081763,24.686564,23.886436,0.380523,22880138.4
US,CSCO,2017-07-03,0.083403,24.188,24.341,24.27,24.904333,24.265119,24.403606,-0.138487,-0.138964,0.000954,40.586391,24.68833,23.85167,0.386914,21267558.4
US,CSCO,2017-07-05,0.208333,24.132,24.306,24.2635,24.884333,24.232024,24.377413,-0.145389,-0.140249,-0.01028,41.903693,24.691158,23.835842,0.388563,21476773.2
US,CSCO,2017-07-06,-1.247401,23.968,24.242,24.2405,24.858667,24.157866,24.330938,-0.173072,-0.146813,-0.052516,36.6527,24.723138,23.757862,0.385094,22088135.2
US,CSCO,2017-07-07,0.589474,23.934,24.191,24.2245,24.8365,24.116656,24.298276,-0.18162,-0.153775,-0.05569,40.405755,24.73076,23.71824,0.376873,19727355.2
US,CSCO,2017-07-10,0.251151,23.928,24.128,24.2205,24.819167,24.091017,24.272477,-0.181461,-0.159312,-0.044298,41.991937,24.734055,23.706945,0.364954,18112187.4
US,CSCO,2017-07-11,0.375783,23.936,24.062,24.2255,24.805833,24.083168,24.255257,-0.172089,-0.161867,-0.020443,44.383218,24.7299,23.7211,0.353171,17850967.4
US,CSCO,2017-07-12,0.207987,23.944,24.038,24.216,24.791,24.084219,24.243016,-0.158797,-0.161253,0.004913,45.721904,24.723086,23.708914,0.34723,16714143.4
US,CSCO,2017-07-13,0.373599,24.03,23.999,24.2145,24.776833,24.098955,24.238348,-0.139393,-0.156881,0.034976,48.14154,24.721825,23.707175,0.333857,15743160.0
US,CSCO,2017-07-14,0.454921,24.11,24.022,24.2195,24.764833,24.128346,24.242174,-0.113828,-0.148271,0.068885,51.015738,24.727731,23.711269,0.32001,15285663.4
US,CSCO,2017-07-17,0.247015,24.19,24.059,24.2255,24.7515,24.162447,24.250161,-0.087714,-0.136159,0.09689,52.56022,24.736909,23.714091,0.309295,15465403.4
US,CSCO,2017-07-18,0.041068,24.254,24.095,24.218,24.7385,24.19284,24.258297,-0.065458,-0.122019,0.113122,52.827184,24.716742,23.719258,0.305774,16010348.0
US,CSCO,2017-07-19,1.231527,24.368,24.156,24.231,24.724667,24.26471,24.288053,-0.023343,-0.102284,0.157882,60.084224,24.760638,23.701362,0.31679,16606695.4
US,CSCO,2017-07-20,-0.121655,24.458,24.244,24.243,24.7085,24.320909,24.313382,0.007526,-0.080322,0.175696,59.105012,24.796827,23.689173,0.310591,16697755.4
US,CSCO,2017-07-21,-0.040601,24.524,24.317,24.254,24.692333,24.366923,24.336095,0.030828,-0.058092,0.177839,58.76124,24.828226,23.679774,0.306263,16777892.0
US,CSCO,2017-07-24,0.040617,24.58,24.385,24.2565,24.672,24.407396,24.357866,0.049531,-0.036567,0.172196,59.017939,24.836785,23.676215,0.298673,16593212.6
US,CSCO,2017-07-25,0.812018,24.674,24.464,24.263,24.650833,24.472412,24.392839,0.079574,-0.013339,0.185826,63.86287,24.865498,23.660502,0.298767,16485068.0
US,CSCO,2017-07-26,-1.409585,24.638,24.503,24.2705,24.625167,24.47358,24.399295,0.074285,0.004186,0.140198,52.226721,24.879843,23.661157,0.317427,16559780.6
US,CSCO,2017-07-27,-0.285948,24.594,24.526,24.2625,24.594833,24.463798,24.400088,0.06371,0.016091,0.095239,50.254523,24.859991,23.665009,0.324754,17569360.6
US,CSCO,2017-07-28,-0.163867,24.544,24.534,24.278,24.563667,24.449368,24.397859,0.051508,0.023174,0.056669,49.113215,24.86973,23.68627,0.320128,17928800.6
US,CSCO,2017-07-31,-0.246204,24.48,24.53,24.2945,24.5325,24.427926,24.391351,0.036575,0.025854,0.021442,47.375195,24.870259,23.718741,0.309405,18679265.6
US,CSCO,2017-08-01,0.658165,24.408,24.541,24.318,24.501333,24.434399,24.397177,0.037222,0.028128,0.018189,52.229931,24.882007,23.753993,0.300162,18273825.6
US,CSCO,2017-08-02,-0.408664,24.386,24.512,24.334,24.469667,24.424492,24.395164,0.029328,0.028368,0.00192,49.176438,24.884687,23.783313,0.300864,17054652.8
US,CSCO,2017-08-03,0.123102,24.384,24.489,24.3665,24.4435,24.420724,24.395522,0.025202,0.027735,-0.005066,50.118593,24.847843,23.885157,0.295088,15651332.8
US,CSCO,2017-08-04,0.778689,24.428,24.486,24.4015,24.4225,24.446766,24.409928,0.036838,0.029555,0.014566,55.717533,24.83896,23.96404,0.294011,15883032.8
US,CSCO,2017-08-07,0.122001,24.49,24.485,24.435,24.4035,24.473418,24.425489,0.047929,0.03323,0.029397,56.546887,24.829538,24.040462,0.283724,14407228.2
US,CSCO,2017-08-08,-0.568643,24.492,24.45,24.457,24.3845,24.47443,24.429527,0.044904,0.035565,0.018678,51.682343,24.807605,24.106395,0.285601,14889808.2
US,CSCO,2017-08-09,-0.122549,24.508,24.447,24.475,24.355,24.470672,24.431043,0.039629,0.036378,0.006502,50.6763,24.782734,24.167266,0.283058,14946945.8
US,CSCO,2017-08-10,-1.96319,24.422,24.403,24.4645,24.3165,24.393645,24.396892,-0.003246,0.028453,-0.063398,37.948061,24.822074,24.106926,0.297125,16766265.8
US,CSCO,2017-08-11,1.501877,24.37,24.399,24.4665,24.290167,24.383854,24.391937,-0.008083,0.021146,-0.058457,48.413259,24.820578,24.112422,0.305902,17531685.8
US,CSCO,2017-08-14,1.191944,24.37,24.43,24.48,24.299833,24.420184,24.40883,0.011354,0.019187,-0.015667,54.997543,24.835865,24.124135,0.307623,19508533.4
US,CSCO,2017-08-15,0.77173,24.436,24.464,24.5025,24.314833,24.480156,24.438547,0.041609,0.023672,0.035875,58.715448,24.881334,24.123666,0.30565,21483693.4
US,CSCO,2017-08-16,0.76582,24.546,24.527,24.5195,24.328167,24.560132,24.480136,0.079996,0.034936,0.090119,62.088462,24.951818,24.087182,0.306675,24067828.6
US,CSCO,2017-08-17,-4.0,24.552,24.487,24.488,24.322667,24.473958,24.44457,0.029387,0.033827,-0.008878,42.436645,24.972215,24.003785,0.366913,30022108.6
US,CSCO,2017-08-18,-2.166667,24.382,24.376,24.431,24.312,24.321041,24.373121,-0.05208,0.016645,-0.13745,36.047347,25.079996,23.782004,0.379276,32831228.6
US,CSCO,2017-08-21,1.022147,24.202,24.286,24.3855,24.306,24.228573,24.324741,-0.096168,-0.005917,-0.180502,40.500027,25.096906,23.674094,0.376471,33318580.6
US,CSCO,2017-08-22,1.939292,24.076,24.256,24.353,24.306833,24.2211,24.31402,-0.092919,-0.023318,-0.139203,47.976454,25.039152,23.666848,0.386008,33217729.8
US,CSCO,2017-08-23,-1.157982,23.856,24.201,24.324,24.300667,24.1717,24.283352,-0.111651,-0.040984,-0.141334,44.325426,25.034814,23.613186,0.385579,31894649.8
US,CSCO,2017-08-24,1.046025,23.886,24.219,24.311,24.300667,24.168362,24.273474,-0.105112,-0.05381,-0.102604,48.121552,25.024552,23.597448,0.385181,25752109.8
US,CSCO,2017-08-25,0.662526,24.052,24.217,24.308,24.2995,24.190152,24.276179,-0.086027,-0.060253,-0.051547,50.450131,25.021039,23.594961,0.389096,22703329.8
US,CSCO,2017-08-28,0.287947,24.184,24.193,24.3115,24.2975,24.21936,24.28387,-0.06451,-0.061105,-0.006811,51.476304,25.02523,23.59777,0.374875,20455433.4
US,CSCO,2017-08-29,-0.164069,24.216,24.146,24.305,24.297667,24.23792,24.288028,-0.050108,-0.058905,0.017595,50.828517,25.015197,23.594803,0.372384,18778524.2
US,CSCO,2017-08-30,1.602301,24.382,24.119,24.323,24.306833,24.313624,24.320766,-0.007142,-0.048553,0.082821,56.567429,25.056733,23.589267,0.388642,18888950.2
US,CSCO,2017-08-31,0.687424,24.532,24.209,24.348,24.318333,24.403836,24.363672,0.040164,-0.030809,0.141946,58.823411,25.123412,23.572588,0.380168,19933770.2
US,CSCO,2017-09-01,0.281124,24.664,24.358,24.367,24.331,24.490938,24.408586,0.082353,-0.008177,0.181059,59.750486,25.182772,23.551228,0.37087,18959430.2
US,CSCO,2017-09-05,-2.082499,24.678,24.431,24.3585,24.338,24.48464,24.411653,0.072987,0.008056,0.129862,50.630994,25.167061,23.549939,0.390094,22897832.8
US,CSCO,2017-09-06,0.777096,24.738,24.477,24.3665,24.349667,24.508542,24.428568,0.079974,0.022439,0.115069,53.427973,25.18284,23.55016,0.377944,23017754.4
US,CSCO,2017-09-07,-0.36526,24.702,24.542,24.3715,24.354167,24.51492,24.437563,0.077357,0.033423,0.087868,51.927239,25.191043,23.551957,0.363805,21370349.6
US,CSCO,2017-09-08,-0.855397,24.59,24.561,24.39,24.356333,24.488009,24.430336,0.057673,0.038273,0.0388,48.503729,25.188899,23.591101,0.355676,18878209.6
US,CSCO,2017-09-11,2.259655,24.574,24.619,24.418,24.368,24.549854,24.464385,0.085469,0.047712,0.075513,56.578172,25.245275,23.590725,0.375985,20429053.4
US,CSCO,2017-09-12,0.683005,24.696,24.687,24.44,24.381833,24.628338,24.508505,0.119833,0.062136,0.115394,58.732048,25.309897,23.570103,0.364843,17683493.0
US,CSCO,2017-09-13,-0.718276,24.744,24.741,24.4435,24.388,24.667055,24.536023,0.131032,0.075915,0.110233,55.587913,25.319862,23.567138,0.363783,18832059.4
US,CSCO,2017-09-14,0.040193,24.812,24.757,24.438,24.396167,24.701354,24.562243,0.139111,0.088554,0.101113,55.729705,25.301611,23.574389,0.354942,19520678.8
US,CSCO,2017-09-15,0.763359,24.96,24.775,24.492,24.407667,24.759607,24.600596,0.159012,0.102646,0.112732,58.444377,25.37417,23.60983,0.351017,22319998.8
US,CSCO,2017-09-18,0.239234,25.01,24.792,24.575,24.42,24.818129,24.640552,0.177578,0.117632,0.119891,59.293272,25.368612,23.781388,0.348087,21290015.0
US,CSCO,2017-09-19,-0.079554,25.022,24.859,24.645,24.429,24.864571,24.676066,0.188505,0.131807,0.113396,58.861634,25.368478,23.921522,0.336795,20090928.6
US,CSCO,2017-09-20,0.318471,25.086,24.915,24.696,24.437333,24.916175,24.714876,0.201299,0.145705,0.111188,60.112457,25.424955,23.967045,0.332739,19522980.6
US,CSCO,2017-09-21,0.31746,25.164,24.988,24.765,24.453167,24.972148,24.756737,0.215411,0.159646,0.11153,61.377131,25.438662,24.091338,0.3304,19858022.4
US,CSCO,2017-09-22,2.056962,25.308,25.134,24.8475,24.473667,25.09951,24.834016,0.265494,0.180816,0.169357,68.392218,25.599295,24.095705,0.355372,19637782.4
US,CSCO,2017-09-25,1.046512,25.494,25.252,24.9355,24.507167,25.248816,24.92557,0.323246,0.209302,0.227888,71.306412,25.816033,24.054967,0.364988,22658983.6
US,CSCO,2017-09-26,0.115075,25.69,25.356,25.0215,24.5425,25.379768,25.012565,0.367203,0.240882,0.252641,71.619514,25.998869,24.044131,0.362489,25301103.6
US,CSCO,2017-09-27,-0.842912,25.826,25.456,25.0985,24.573833,25.456727,25.07682,0.379907,0.268687,0.22244,65.937285,26.091501,24.105499,0.370882,25846948.8
US,CSCO,2017-09-28,-0.386399,25.926,25.545,25.151,24.602667,25.506461,25.128907,0.377554,0.29046,0.174187,63.472194,26.171174,24.130826,0.358677,24972326.4
US,CSCO,2017-09-29,0.853375,25.966,25.637,25.206,24.640167,25.58239,25.193432,0.388958,0.31016,0.157595,66.444371,26.283133,24.128867,0.356628,22285886.4
US,CSCO,2017-10-02,0.346154,25.97,25.732,25.262,24.676833,25.660484,25.259845,0.400639,0.328256,0.144767,67.605619,26.399024,24.124976,0.34544,19117545.2
US,CSCO,2017-10-03,0.306631,25.984,25.837,25.348,24.713833,25.738871,25.327264,0.411607,0.344926,0.133362,68.644361,26.486536,24.209464,0.337195,16559265.2
US,CSCO,2017-10-04,-0.382117,26.022,25.924,25.4195,24.747667,25.789814,25.382281,0.407533,0.357447,0.100171,65.803929,26.550791,24.288209,0.328824,14970780.0
US,CSCO,2017-10-05,0.460299,26.104,26.015,25.5015,24.782667,25.851381,25.442112,0.409269,0.367812,0.082914,67.539721,26.60624,24.39676,0.319622,14776361.8
US,CSCO,2017-10-06,0.45819,26.166,26.066,25.6,24.818167,25.921938,25.5064,0.415537,0.377357,0.076361,69.222179,26.621058,24.578942,0.311078,14908761.8
US,CSCO,2017-10-09,0.038008,26.212,26.091,25.6715,24.852,25.983178,25.566667,0.416511,0.385188,0.062647,69.36468,26.683909,24.659091,0.304572,13343410.6
US,CSCO,2017-10-10,-0.607903,26.21,26.097,25.7265,24.882167,26.010381,25.610617,0.399764,0.388103,0.023322,64.239745,26.71938,24.73362,0.307103,14276236.4
US,CSCO,2017-10-11,0.114679,26.234,26.128,25.792,24.912667,26.038015,25.653535,0.38448,0.387378,-0.005796,64.765405,26.723828,24.860172,0.306595,13858076.4
US,CSCO,2017-10-12,-0.992745,26.182,26.143,25.844,24.933833,26.021397,25.674014,0.347384,0.379379,-0.063991,56.951842,26.679809,25.008191,0.308267,14534234.8
US,CSCO,2017-10-13,0.655611,26.14,26.153,25.895,24.958333,26.03349,25.705568,0.327922,0.369088,-0.082332,60.322471,26.659552,25.130448,0.304105,14157058.4
US,CSCO,2017-10-16,0.191571,26.106,26.159,25.9455,24.983833,26.051415,25.738489,0.312926,0.357855,-0.08986,61.282683,26.633496,25.257504,0.291669,14513189.6
US,CSCO,2017-10-17,0.191205,26.114,26.162,25.9995,25.01,26.074274,25.772675,0.301599,0.346604,-0.090011,62.266103,26.581169,25.417831,0.282264,12771607.2
US,CSCO,2017-10-18,-0.152672,26.108,26.171,26.0475,25.032167,26.087463,25.801366,0.286097,0.334503,-0.096812,60.932708,26.501851,25.593149,0.27996,12253576.4
US,CSCO,2017-10-19,0.573394,26.184,26.183,26.099,25.062667,26.121699,25.839042,0.282657,0.324134,-0.082954,64.042377,26.401979,25.796021,0.284248,11313078.4
US,CSCO,2017-10-20,1.482326,26.304,26.222,26.144,25.100833,26.210668,25.902817,0.307851,0.320877,-0.026051,70.595801,26.515559,25.772441,0.299659,13469594.8
US,CSCO,2017-10-23,0.299625,26.43,26.268,26.1795,25.141,26.298258,25.967794,0.330464,0.322795,0.01534,71.733833,26.640823,25.718177,0.30254,15894174.8
US,CSCO,2017-10-24,0.672143,26.582,26.348,26.2225,25.185167,26.400064,26.04129,0.358774,0.32999,0.057567,74.157366,26.79346,25.65154,0.304502,17289591.4
US,CSCO,2017-10-25,-0.816024,26.698,26.403,26.2655,25.223,26.452362,26.093047,0.359316,0.335855,0.04692,66.637104,26.856007,25.674993,0.314895,18775522.2
US,CSCO,2017-10-26,-0.074794,26.78,26.482,26.3125,25.262167,26.493537,26.139488,0.35405,0.339494,0.029111,65.982021,26.890458,25.734542,0.317402,19058120.6
US,CSCO,2017-10-27,0.449102,26.808,26.556,26.3545,25.302833,26.546839,26.191377,0.355462,0.342688,0.025548,68.01381,26.957077,25.751923,0.324731,18257160.6
US,CSCO,2017-10-30,-1.117735,26.76,26.595,26.377,25.335333,26.545787,26.217201,0.328586,0.339867,-0.022563,58.592022,26.971949,25.782051,0.335107,17399780.6
US,CSCO,2017-10-31,0.339111,26.694,26.638,26.4,25.368833,26.558743,26.247779,0.310964,0.334087,-0.046246,60.365851,26.996724,25.803276,0.326885,16930764.6
US,CSCO,2017-11-01,1.351859,26.744,26.721,26.446,25.410667,26.62509,26.302758,0.322332,0.331736,-0.018808,66.540254,27.074853,25.817147,0.336393,17860844.6
US,CSCO,2017-11-02,-1.185624,26.734,26.757,26.47,25.447667,26.631999,26.329961,0.302038,0.325796,-0.047516,57.905025,27.094564,25.845436,0.339508,18903144.6
US,CSCO,2017-11-03,0.787402,26.742,26.775,26.4985,25.496167,26.670153,26.370705,0.299448,0.320527,-0.042157,61.441448,27.142962,25.854038,0.340972,17514704.6
US,CSCO,2017-11-06,-0.186012,26.8,26.78,26.524,25.537833,26.694745,26.404727,0.290018,0.314425,-0.048813,60.145836,27.178474,25.869526,0.333759,16403068.0
US,CSCO,2017-11-07,-0.037272,26.838,26.766,26.557,25.5745,26.714015,26.435488,0.278527,0.307245,-0.057436,59.873901,27.201208,25.912792,0.324919,15882632.2
US,CSCO,2017-11-08,0.298285,26.82,26.782,26.5925,25.609333,26.742628,26.469896,0.272732,0.300343,-0.055221,61.37831,27.230117,25.954883,0.32314,14084639.0
US,CSCO,2017-11-09,-1.301115,26.796,26.765,26.6235,25.635167,26.712993,26.47583,0.237163,0.287707,-0.101087,52.163822,27.185008,26.061992,0.335058,13476118.4
US,CSCO,2017-11-10,-0.188324,26.72,26.731,26.6435,25.676833,26.680225,26.47762,0.202605,0.270686,-0.136163,50.986228,27.155292,26.131708,0.334697,14657118.4
US,CSCO,2017-11-13,-0.113208,26.648,26.724,26.6595,25.726667,26.647883,26.477056,0.170827,0.250715,-0.159775,50.253191,27.126639,26.192361,0.331504,15388043.0
US,CSCO,2017-11-14,0.26445,26.592,26.715,26.6765,25.773667,26.631285,26.481718,0.149567,0.230485,-0.161836,51.98774,27.098034,26.254966,0.327825,16615161.8
US,CSCO,2017-11-15,0.188395,26.53,26.675,26.698,25.813833,26.624934,26.489739,0.135195,0.211427,-0.152465,53.241849,27.050114,26.345886,0.335838,20168815.0
US,CSCO,2017-11-16,5.189921,26.814,26.805,26.781,25.881667,26.831867,26.599388,0.232479,0.215637,0.033683,73.677916,27.405433,26.156567,0.454707,29047235.0
US,CSCO,2017-11-17,0.071505,27.112,26.916,26.8455,25.945667,27.010041,26.702396,0.307645,0.234039,0.147212,73.856254,27.660545,26.030455,0.450799,30780955.0
US,CSCO,2017-11-20,1.679171,27.51,27.079,26.9295,26.014833,27.233112,26.832589,0.400523,0.267336,0.266374,77.682864,28.004925,25.854075,0.454313,32872215.8
US,CSCO,2017-11-21,0.421644,27.918,27.255,27.0105,26.084833,27.440325,26.962027,0.478298,0.309528,0.33754,78.546274,28.304694,25.716306,0.448291,34207788.8
US,CSCO,2017-11-22,-0.559832,28.284,27.407,27.0945,26.152833,27.591045,27.070025,0.52102,0.351826,0.338386,74.412489,28.519077,25.669923,0.43627,31487148.8
US,CSCO,2017-11-24,0.105559,28.38,27.597,27.181,26.214833,27.723192,27.172245,0.550946,0.39165,0.318592,74.681546,28.710351,25.651649,0.418679,20482888.8
US,CSCO,2017-11-27,1.054482,28.532,27.822,27.2765,26.279,27.881162,27.289116,0.592046,0.431729,0.320633,77.256979,28.941292,25.611708,0.422345,19073733.2
US,CSCO,2017-11-28,2.330435,28.724,28.117,27.4205,26.353167,28.117906,27.446959,0.670947,0.479573,0.382748,81.727427,29.291066,25.549934,0.443606,19887484.6
US,CSCO,2017-11-29,-0.67981,28.852,28.385,27.55,26.432667,28.287459,27.578296,0.709164,0.525491,0.367345,76.87007,29.538618,25.561382,0.456206,22415924.6
US,CSCO,2017-11-30,-0.479124,28.984,28.634,27.6545,26.506667,28.409389,27.689533,0.719856,0.564364,0.310983,73.573689,29.73209,25.57691,0.451477,25120544.6
US,CSCO,2017-12-01,0.825309,29.158,28.769,27.787,26.586167,28.549483,27.810308,0.739174,0.599326,0.279696,75.512322,29.933412,25.640588,0.471371,29273564.6
US,CSCO,2017-12-04,0.306958,29.29,28.911,27.9135,26.670667,28.68187,27.928804,0.753066,0.630074,0.245984,76.216923,30.128307,25.698693,0.462702,30968009.2
US,CSCO,2017-12-05,-1.088065,29.224,28.974,28.0265,26.740667,28.744659,28.014819,0.729841,0.650027,0.159627,68.652998,30.239265,25.813735,0.46608,29432329.0
US,CSCO,2017-12-06,0.275009,29.214,29.033,28.144,26.809167,28.810096,28.100388,0.709709,0.661964,0.09549,69.468763,30.337512,25.950488,0.458503,25390978.4
US,CSCO,2017-12-07,-0.034282,29.23,29.107,28.257,26.8805,28.863928,28.178877,0.68505,0.666581,0.036939,69.22625,30.415093,26.098907,0.455039,22659478.4
US,CSCO,2017-12-08,0.548697,29.23,29.194,28.3955,26.954333,28.934093,28.263405,0.670688,0.667402,0.006571,70.972321,30.450703,26.340297,0.43825,20084178.4
US,CSCO,2017-12-11,0.95498,29.268,29.279,28.5505,27.029667,29.03654,28.362412,0.674128,0.668747,0.010761,73.776436,30.473867,26.627133,0.432661,17551193.6
US,CSCO,2017-12-12,-0.135135,29.362,29.293,28.705,27.103333,29.117072,28.451122,0.66595,0.668188,-0.004476,72.696045,30.42022,26.98978,0.431757,16225273.6
US,CSCO,2017-12-13,0.608931,29.476,29.345,28.865,27.180333,29.212907,28.546595,0.666313,0.667813,-0.003001,74.505341,30.319778,27.410222,0.425917,16948804.2
US,CSCO,2017-12-14,-0.63887,29.554,29.392,29.013,27.252833,29.264768,28.620921,0.643847,0.66302,-0.038346,69.286227,30.055825,27.970175,0.419066,16878072.6
US,CSCO,2017-12-15,0.778342,29.646,29.438,29.1035,27.327833,29.344034,28.706779,0.637255,0.657867,-0.041223,71.856322,30.080644,28.126356,0.421275,23502732.6
US,CSCO,2017-12-18,0.738751,29.726,29.497,29.204,27.397833,29.444952,28.802573,0.642379,0.654769,-0.02478,74.089727,30.113492,28.294508,0.429756,24471109.2
US,CSCO,2017-12-19,-0.466667,29.786,29.574,29.274,27.461,29.508806,28.880901,0.627905,0.649396,-0.042983,70.268212,30.158837,28.389163,0.431916,25078436.8
US,CSCO,2017-12-20,1.138647,29.878,29.677,29.355,27.529333,29.615143,28.978612,0.636531,0.646823,-0.020584,73.802292,30.267064,28.442936,0.433922,24826443.4
US,CSCO,2017-12-21,-0.529801,29.976,29.765,29.436,27.598667,29.680506,29.057233,0.623273,0.642113,-0.037681,69.609078,30.287244,28.584756,0.430785,24756279.4
US,CSCO,2017-12-22,0.066578,30.032,29.839,29.5165,27.67,29.738889,29.131512,0.607377,0.635166,-0.055577,69.839756,30.279475,28.753525,0.415014,17611063.8
US,CSCO,2017-12-26,-0.199601,30.032,29.879,29.579,27.736667,29.77906,29.195845,0.583216,0.624776,-0.083121,68.168089,30.283099,28.874901,0.403228,14930003.0
US,CSCO,2017-12-27,0.2,30.072,29.929,29.611,27.802833,29.822282,29.259856,0.562426,0.612306,-0.09976,68.968,30.340984,28.881016,0.385854,13099562.2
US,CSCO,2017-12-28,0.0998,30.05,29.964,29.6545,27.868167,29.863469,29.321348,0.542121,0.598269,-0.112296,69.382292,30.389768,28.919232,0.374007,11073204.6
US,CSCO,2017-12-29,-0.764374,30.014,29.995,29.6935,27.931333,29.862935,29.361248,0.501687,0.578953,-0.154531,62.493791,30.384131,29.002869,0.36515,10312424.4
US,CSCO,2018-01-02,1.473543,30.062,30.047,29.7425,27.999833,29.930176,29.430786,0.499391,0.56304,-0.127299,68.862718,30.458765,29.026235,0.375496,12051240.0
US,CSCO,2018-01-03,0.792079,30.17,30.101,29.799,28.070333,30.023995,29.51295,0.511046,0.552641,-0.083191,71.686907,30.577046,29.020954,0.390818,16321223.8
US,CSCO,2018-01-04,0.261952,30.282,30.177,29.8755,28.142,30.115688,29.594953,0.520735,0.54626,-0.05105,72.579695,30.660496,29.090504,0.399331,18358897.0
US,CSCO,2018-01-05,1.404311,30.474,30.262,29.9695,28.2235,30.259429,29.702735,0.556694,0.548347,0.016694,76.81209,30.839683,29.099317,0.420807,21514988.0
US,CSCO,2018-01-08,1.030596,30.776,30.395,30.08,28.309833,30.430286,29.826236,0.60405,0.559487,0.089125,79.364733,31.064683,29.095317,0.425035,22314663.8
US,CSCO,2018-01-09,-0.637552,30.95,30.506,30.1725,28.397167,30.544088,29.925774,0.618314,0.571253,0.094123,73.889813,31.200836,29.144164,0.418247,22577483.8
US,CSCO,2018-01-10,0.577478,31.112,30.641,30.26,28.484667,30.668074,30.031272,0.636802,0.584363,0.104879,75.526174,31.372924,29.147076,0.422658,20564884.6
US,CSCO,2018-01-11,0.446571,31.286,30.784,30.3565,28.573667,30.794524,30.139326,0.655198,0.59853,0.113337,76.746826,31.54222,29.17078,0.418182,20755724.6
US,CSCO,2018-01-12,1.937123,31.496,30.985,30.4745,28.672,30.995367,30.284561,0.710806,0.620985,0.179642,81.156759,31.846425,29.102575,0.437598,20592187.6
US,CSCO,2018-01-16,-0.809969,31.59,31.183,30.589,28.766667,31.12531,30.399779,0.725532,0.641894,0.167275,74.657672,32.014383,29.163617,0.453484,23844787.6
US,CSCO,2018-01-17,1.633166,31.828,31.389,30.718,28.8675,31.315263,30.54498,0.770282,0.667572,0.205421,78.385732,32.286931,29.149069,0.464664,24440253.6
US,CSCO,2018-01-18,0.247219,32.046,31.579,30.84,28.963167,31.488299,30.685352,0.802947,0.694647,0.2166,78.9,32.540576,29.139424,0.456473,24467689.0
US,CSCO,2018-01-19,-0.030826,32.234,31.76,30.9685,29.057333,31.633176,30.814585,0.818591,0.719436,0.19831,78.648098,32.74035,29.19665,0.447439,25046977.2
US,CSCO,2018-01-22,0.894234,32.358,31.927,31.0945,29.153333,31.80038,30.955727,0.844653,0.744479,0.200347,80.584059,32.984309,29.204691,0.451194,24891897.4
US,CSCO,2018-01-23,1.069682,32.604,32.097,31.246,29.258833,31.995706,31.11234,0.883366,0.772257,0.222219,82.630934,33.255402,29.236598,0.451823,23119801.0
US,CSCO,2018-01-24,0.151194,32.756,32.292,31.399,29.3655,32.168674,31.261056,0.907619,0.799329,0.21658,82.908144,33.488286,29.309714,0.458121,23573617.4
US,CSCO,2018-01-25,-0.634058,32.85,32.448,31.5445,29.466667,32.282724,31.3832,0.899525,0.819368,0.160313,77.326111,33.629115,29.459885,0.461827,23493079.6
US,CSCO,2018-01-26,1.580067,33.05,32.642,31.713,29.5815,32.459228,31.534814,0.924414,0.840377,0.168073,80.777364,33.834868,29.591132,0.465982,23252752.8
US,CSCO,2018-01-29,0.658092,33.236,32.797,31.891,29.6985,32.642424,31.691495,0.950929,0.862488,0.176883,82.024023,34.035564,29.746436,0.470555,23378909.6
US,CSCO,2018-01-30,-1.396731,33.258,32.931,32.057,29.801667,32.725128,31.801754,0.923374,0.874665,0.097417,71.374345,34.056061,30.057939,0.486944,24380793.6
US,CSCO,2018-01-31,-1.657625,33.16,32.958,32.1735,29.901,32.710493,31.863106,0.847387,0.869209,-0.043645,61.338022,34.014753,30.332247,0.502162,26343971.2
US,CSCO,2018-02-01,0.36776,33.128,32.989,32.284,29.998833,32.716571,31.928802,0.787769,0.852921,-0.130304,62.574546,33.979339,30.588661,0.547008,27732170.4
US,CSCO,2018-02-02,-1.832061,32.872,32.961,32.3605,30.0875,32.629406,31.945187,0.684219,0.819181,-0.269923,53.381414,33.877266,30.843734,0.56865,28500930.2
US,CSCO,2018-02-05,-5.25661,32.234,32.735,32.331,30.148167,32.295651,31.835173,0.460478,0.74744,-0.573924,36.925754,33.966847,30.695153,0.679461,34255670.2
US,CSCO,2018-02-06,3.578464,31.908,32.583,32.34,30.225667,32.180936,31.814049,0.366887,0.67133,-0.608886,48.049255,33.956465,30.723535,0.796642,39491202.6
US,CSCO,2018-02-07,0.412044,31.718,32.439,32.3655,30.311167,32.103869,31.80412,0.299749,0.597014,-0.594529,49.199936,33.922323,30.808677,0.805453,38726950.0
US,CSCO,2018-02-08,-3.882576,31.258,32.193,32.3205,30.377,31.849427,31.703814,0.145613,0.506733,-0.722241,40.140645,34.03607,30.60493,0.862207,42093668.6
US,CSCO,2018-02-09,1.970443,31.038,31.955,32.2985,30.453333,31.726439,31.655384,0.071055,0.419598,-0.697086,45.420146,34.066587,30.530413,0.89562,46909670.8
US,CSCO,2018-02-12,2.705314,31.324,31.779,32.288,30.5425,31.751602,31.672763,0.078839,0.351446,-0.545214,51.82612,34.063157,30.512843,0.90879,44071897.8
US,CSCO,2018-02-13,1.536532,31.49,31.699,32.315,30.639,31.848279,31.725151,0.123128,0.305782,-0.365309,55.134156,34.078468,30.551532,0.904591,39237397.8
US,CSCO,2018-02-14,2.100062,31.766,31.742,32.35,30.723833,32.034697,31.824028,0.210669,0.28676,-0.152182,59.309995,34.143187,30.556813,0.910692,41466410.4
US,CSCO,2018-02-15,4.718693,32.6,31.929,32.459,30.834333,32.432436,32.031137,0.401299,0.309667,0.183262,66.917278,34.507647,30.410353,1.015642,47323490.4
US,CSCO,2018-02-16,0.577701,33.354,32.196,32.5785,30.940333,32.799754,32.23772,0.562034,0.360141,0.403786,67.749741,34.870776,30.286224,1.015954,44916153.2
US,CSCO,2018-02-20,-0.631821,33.896,32.61,32.6725,31.040667,33.076715,32.412704,0.664011,0.420915,0.486193,65.788674,35.12861,30.21639,0.992671,43075386.2
US,CSCO,2018-02-21,-1.676301,34.224,32.857,32.72,31.134,33.221835,32.531763,0.690073,0.474746,0.430653,60.792637,35.240913,30.199087,0.985338,42575409.2
US,CSCO,2018-02-22,-0.85244,34.358,33.062,32.7505,31.222,33.300015,32.620521,0.679494,0.515696,0.327596,58.404413,35.304575,30.196425,0.960671,38985755.8
US,CSCO,2018-02-23,2.460717,34.346,33.473,32.833,31.318833,33.493859,32.764186,0.729673,0.558491,0.342363,62.897012,35.506171,30.159829,0.954908,29688545.0
US,CSCO,2018-02-26,3.096065,34.508,33.931,32.943,31.422333,33.822496,32.976468,0.846027,0.615998,0.460058,67.735073,35.874007,30.011993,0.968129,27389263.2
US,CSCO,2018-02-27,-0.729722,34.662,34.279,33.029,31.524833,34.060573,33.153767,0.906806,0.67416,0.465292,65.500068,36.133725,29.924275,0.954691,27071748.8
US,CSCO,2018-02-28,-0.565451,34.892,34.558,33.1285,31.626333,34.231254,33.303118,0.928137,0.724955,0.406363,63.757314,36.370711,29.886289,0.948642,26748951.4
US,CSCO,2018-03-01,-2.189366,35.026,34.692,33.217,31.711,34.257215,33.384368,0.872847,0.754534,0.236627,57.422656,36.496366,29.937634,0.973025,28002290.4
US,CSCO,2018-03-02,0.581395,35.034,34.69,33.3095,31.7975,34.309951,33.474415,0.835536,0.770734,0.129604,58.573961,36.634998,29.984002,0.96638,28615621.2
US,CSCO,2018-03-05,1.069364,34.902,34.705,33.4505,31.8955,34.411497,33.585199,0.826298,0.781847,0.088902,60.691608,36.806387,30.094613,0.957353,27481736.8
US,CSCO,2018-03-06,-0.514727,34.786,34.724,33.667,31.989167,34.469728,33.674444,0.795285,0.784535,0.021501,59.108589,36.772596,30.561404,0.925399,26383871.2
US,CSCO,2018-03-07,-0.229951,34.694,34.793,33.825,32.081667,34.506693,33.751152,0.755542,0.778736,-0.046388,58.379766,36.8026,30.8474,0.892156,25413714.8
US,CSCO,2018-03-08,0.316912,34.778,34.902,33.982,32.173333,34.554894,33.830325,0.724569,0.767903,-0.086667,59.126052,36.818425,31.145575,0.854145,23039969.2
US,CSCO,2018-03-09,2.326249,34.984,35.009,34.241,32.273833,34.720295,33.963635,0.756661,0.765654,-0.017987,64.214498,36.654536,31.827464,0.860278,21716537.4
US,CSCO,2018-03-12,0.392927,35.144,35.023,34.477,32.377333,34.881788,34.09744,0.784349,0.769393,0.029911,65.024945,36.485344,32.468656,0.826686,20956166.0
US,CSCO,2018-03-13,-0.838692,35.28,35.033,34.656,32.472833,34.972282,34.199111,0.773172,0.770149,0.006046,61.795327,36.318521,32.993479,0.837637,21252411.2
US,CSCO,2018-03-14,0.253736,35.45,35.072,34.815,32.573,35.0627,34.299917,0.762783,0.768676,-0.011785,62.398692,36.153006,33.476994,0.815663,21073742.0
US,CSCO,2018-03-15,0.112486,35.606,35.192,34.942,32.67,35.145362,34.39622,0.749142,0.764769,-0.031254,62.680789,36.052398,33.831602,0.791687,21720702.0
US,CSCO,2018-03-16,-0.702247,35.55,35.267,34.9785,32.759167,35.176845,34.46687,0.709975,0.75381,-0.087671,59.667784,36.092148,33.864852,0.770138,28500320.2
US,CSCO,2018-03-19,-1.640736,35.35,35.247,34.976,32.841,35.114253,34.489324,0.624929,0.728034,-0.20621,53.270117,36.091283,33.860717,0.777271,30187171.6
US,CSCO,2018-03-20,0.230083,35.226,35.253,34.9885,32.9185,35.073599,34.516041,0.557558,0.693939,-0.272761,54.002707,36.09219,33.88481,0.747466,30066875.6
US,CSCO,2018-03-21,-0.143472,35.074,35.262,35.0275,32.997833,35.031507,34.537075,0.494432,0.654037,-0.319211,53.438825,36.043155,34.011845,0.736933,30344295.6
US,CSCO,2018-03-22,-2.787356,34.72,35.163,35.0325,33.060667,34.84666,34.484699,0.361961,0.595622,-0.467323,43.868779,36.023235,34.041765,0.756438,31544375.6
US,CSCO,2018-03-23,-1.507538,34.314,34.932,34.9705,33.116,34.611789,34.398425,0.213364,0.51917,-0.611613,39.829996,36.198531,33.742469,0.782406,26670414.2
US,CSCO,2018-03-26,3.841537,34.28,34.815,34.919,33.191667,34.609975,34.413356,0.196619,0.45466,-0.516083,51.819269,36.118131,33.719869,0.823663,27269974.2
US,CSCO,2018-03-27,-3.121387,34.014,34.62,34.8265,33.248833,34.442287,34.347182,0.095105,0.382749,-0.575288,43.875395,36.151057,33.501943,0.893401,28896425.0
US,CSCO,2018-03-28,-2.386635,33.598,34.336,34.704,33.2965,34.17732,34.22665,-0.04933,0.296333,-0.691327,39.094516,36.303467,33.104533,0.898158,31730145.0
US,CSCO,2018-03-29,2.964548,33.57,34.145,34.6685,33.353,34.102347,34.186898,-0.084551,0.220156,-0.609414,46.680918,36.323919,33.013081,0.909719,36830230.0
US,CSCO,2018-04-02,-4.392995,33.348,33.831,34.549,33.380833,33.811217,34.040461,-0.229244,0.130276,-0.719041,38.749964,36.521611,32.576389,0.977596,37836745.0
US,CSCO,2018-04-03,0.900342,32.928,33.604,34.4255,33.412167,33.609491,33.926353,-0.316862,0.040849,-0.715421,40.869866,36.57827,32.27273,0.951339,37491150.0
US,CSCO,2018-04-04,0.369231,32.748,33.381,34.317,33.438333,33.457262,33.829586,-0.372324,-0.041786,-0.661077,41.767996,36.600139,32.033861,0.960529,37326270.0
US,CSCO,2018-04-05,1.502146,32.826,33.212,34.237,33.467333,33.403837,33.776283,-0.372446,-0.107918,-0.529057,45.413953,36.57101,31.90299,0.938348,35853232.4
US,CSCO,2018-04-06,-2.627605,32.536,33.053,34.108,33.485167,33.224785,33.662485,-0.4377,-0.173874,-0.52765,40.558403,36.579976,31.636024,0.949181,31290727.4
US,CSCO,2018-04-09,1.085608,32.612,32.98,33.956,33.505833,33.127126,33.583041,-0.455915,-0.230283,-0.451266,43.18993,36.408716,31.503284,0.956382,29077527.4
US,CSCO,2018-04-10,3.252531,32.842,32.885,33.85,33.541833,33.207568,33.588001,-0.380433,-0.260313,-0.240241,50.357813,36.159,31.541,0.975212,28033061.2
US,CSCO,2018-04-11,-0.178306,33.036,32.892,33.756,33.566667,33.266404,33.588149,-0.321746,-0.272599,-0.098293,49.973456,35.943413,31.568587,0.941268,26348141.2
US,CSCO,2018-04-12,2.143495,33.276,33.051,33.6935,33.607833,33.426957,33.64162,-0.214663,-0.261012,0.092698,54.464847,35.737919,31.649081,0.942606,24941220.8
US,CSCO,2018-04-13,-0.786943,33.636,33.086,33.6155,33.635833,33.521271,33.671129,-0.149858,-0.238781,0.177846,52.559189,35.473558,31.757442,0.93742,22153944.8
US,CSCO,2018-04-16,0.705053,33.974,33.293,33.562,33.6665,33.637999,33.716231,-0.078232,-0.206671,0.256879,54.096653,35.273007,31.850993,0.90689,20170364.8
US,CSCO,2018-04-17,2.975496,34.304,33.573,33.5885,33.714333,33.893691,33.833547,0.060144,-0.153308,0.426905,60.02597,35.38767,31.78933,0.924255,19908966.0
US,CSCO,2018-04-18,0.084986,34.652,33.844,33.6125,33.757833,34.114662,33.944395,0.170266,-0.088593,0.517719,60.188851,35.489464,31.735536,0.893237,19091430.2
US,CSCO,2018-04-19,-0.141523,34.846,34.061,33.6365,33.794667,34.293945,34.043329,0.250616,-0.020752,0.542734,59.751855,35.584517,31.688483,0.861577,18926498.0
US,CSCO,2018-04-20,-1.077098,35.018,34.327,33.69,33.824333,34.387184,34.106786,0.280398,0.039478,0.481839,56.400337,35.71364,31.66636,0.863607,19979877.8
US,CSCO,2018-04-23,0.372493,35.168,34.571,33.7755,33.859667,34.486079,34.175172,0.310906,0.093764,0.434285,57.28308,35.87255,31.67845,0.836207,20961660.2
US,CSCO,2018-04-24,-1.141878,35.034,34.669,33.777,33.879667,34.50822,34.208863,0.299357,0.134883,0.328949,53.681622,35.876448,31.677552,0.865763,20951045.8
US,CSCO,2018-04-25,-0.08663,34.888,34.77,33.831,33.8955,34.52234,34.237836,0.284504,0.164807,0.239394,53.410401,35.956624,31.705376,0.873923,21771190.6
US,CSCO,2018-04-26,1.156069,34.832,34.839,33.945,33.925833,34.595826,34.294293,0.301533,0.192152,0.218763,56.561732,36.064608,31.825392,0.870786,21586589.0
US,CSCO,2018-04-27,1.142857,34.932,34.975,34.0305,33.972,34.719545,34.376197,0.343348,0.222391,0.241914,59.51108,36.238191,31.822809,0.872873,20894225.2
US,CSCO,2018-04-30,-0.960452,34.938,35.053,34.173,34.0105,34.771923,34.426849,0.345074,0.246928,0.196292,56.028764,36.2567,32.0893,0.861239,20742562.8
US,CSCO,2018-05-01,1.226469,35.11,35.072,34.3225,34.066167,34.882396,34.505601,0.376795,0.272901,0.207788,59.274485,36.332354,32.312646,0.862579,19831362.0
US,CSCO,2018-05-02,-2.169625,35.134,35.011,34.4275,34.137167,34.857412,34.521483,0.33593,0.285507,0.100846,51.88832,36.284195,32.570805,0.87168,20210473.0
US,CSCO,2018-05-03,1.324885,35.17,35.001,34.531,34.197667,34.907041,34.570262,0.33678,0.295762,0.082036,55.459092,36.311606,32.750394,0.88656,20850646.2
US,CSCO,2018-05-04,1.932916,35.262,35.097,34.712,34.267333,35.05365,34.665798,0.387852,0.31418,0.147345,60.165665,36.242694,33.181306,0.913949,20735994.2
US,CSCO,2018-05-07,0.948132,35.49,35.214,34.8925,34.363167,35.230012,34.779442,0.450569,0.341458,0.218223,62.310159,36.217247,33.567753,0.887953,20308774.2
US,CSCO,2018-05-08,-0.027624,35.63,35.37,35.0195,34.448833,35.377702,34.883928,0.493774,0.371921,0.243706,62.204089,36.33037,33.70863,0.852384,20992729.4
US,CSCO,2018-05-09,0.718431,35.976,35.555,35.1625,34.524833,35.542671,34.999934,0.542738,0.406084,0.273307,63.923636,36.442014,33.882986,0.842928,20360069.4
US,CSCO,2018-05-10,0.548697,36.27,35.72,35.2795,34.596,35.713029,35.122161,0.590869,0.443041,0.295655,65.233922,36.650477,33.908523,0.822719,19303908.0
US,CSCO,2018-05-11,-0.791269,36.37,35.816,35.3955,34.651,35.812563,35.213852,0.598711,0.474175,0.249072,61.732763,36.719123,34.071877,0.793239,18913386.6
US,CSCO,2018-05-14,-0.49505,36.366,35.928,35.4905,34.677,35.869092,35.285419,0.583673,0.496075,0.175197,59.594774,36.751491,34.229509,0.768008,19756446.6
US,CSCO,2018-05-15,-0.497512,36.328,35.979,35.5255,34.696667,35.889232,35.338351,0.550881,0.507036,0.08769,57.451984,36.802159,34.248841,0.757436,20650106.6
US,CSCO,2018-05-16,-0.694444,36.188,36.082,35.5465,34.715833,35.867811,35.368843,0.498968,0.505422,-0.012909,54.519885,36.823422,34.269578,0.734048,22813186.6
US,CSCO,2018-05-17,-3.748252,35.74,36.005,35.503,34.722333,35.643533,35.297818,0.345715,0.473481,-0.255532,42.113521,36.869413,34.136587,0.80233,28761386.6
US,CSCO,2018-05-18,-0.581226,35.31,35.84,35.4685,34.730333,35.422989,35.217239,0.20575,0.419935,-0.428369,40.627517,36.925885,34.011115,0.771449,30142280.0
US,CSCO,2018-05-21,1.256942,35.002,35.684,35.449,34.731667,35.302529,35.17448,0.128049,0.361558,-0.467017,45.11187,36.939395,33.958605,0.757774,30091927.8
US,CSCO,2018-05-22,-0.230947,34.714,35.521,35.4455,34.713833,35.188294,35.128963,0.059331,0.301112,-0.483563,44.439376,36.943879,33.947121,0.727933,28417567.8
US,CSCO,2018-05-23,0.05787,34.48,35.334,35.4445,34.700667,35.09471,35.088299,0.006411,0.242172,-0.471522,44.661477,36.94516,33.94384,0.722367,26294587.8
US,CSCO,2018-05-24,-0.260266,34.496,35.118,35.419,34.689333,35.001678,35.043981,-0.042303,0.185277,-0.45516,43.812725,36.965634,33.872366,0.725055,20328007.8
US,CSCO,2018-05-25,-0.695854,34.504,34.907,35.3615,34.686833,34.886035,34.985168,-0.099132,0.128395,-0.455055,41.54535,36.990024,33.732976,0.696837,18509209.2
US,CSCO,2018-05-29,-0.671533,34.38,34.691,35.3095,34.677167,34.752799,34.913674,-0.160875,0.070541,-0.462832,39.43891,37.036642,33.582358,0.689205,19191501.6
US,CSCO,2018-05-30,-0.293945,34.252,34.483,35.231,34.659667,34.624676,34.840068,-0.215392,0.013355,-0.457493,38.524336,37.058018,33.403982,0.669262,20414905.8
US,CSCO,2018-05-31,-0.324292,34.098,34.289,35.1855,34.643333,34.499341,34.763767,-0.264425,-0.042201,-0.444448,37.494337,37.104182,33.266818,0.650743,22575065.8
US,CSCO,2018-06-01,2.218279,34.112,34.304,35.1545,34.640833,34.508673,34.748673,-0.24,-0.081761,-0.316477,47.751531,37.092473,33.216527,0.659262,22570108.8
US,CSCO,2018-06-04,-0.173611,34.162,34.333,35.0865,34.6355,34.507339,34.730253,-0.222914,-0.109992,-0.225844,47.085838,37.016104,33.156896,0.647172,23115255.6
US,CSCO,2018-06-05,0.202899,34.272,34.326,35.005,34.617833,34.516979,34.718382,-0.201403,-0.128274,-0.146258,47.996693,36.876411,33.133589,0.620945,21421535.4
US,CSCO,2018-06-06,1.35956,34.496,34.374,34.9475,34.605667,34.597444,34.742206,-0.144762,-0.131571,-0.026381,53.753018,36.738688,33.156312,0.613735,20467817.4
US,CSCO,2018-06-07,-1.369863,34.646,34.372,34.853,34.5905,34.591683,34.728709,-0.137026,-0.132662,-0.008727,47.919211,36.511663,33.194337,0.629182,18124304.8
US,CSCO,2018-06-08,-0.405093,34.618,34.365,34.7415,34.5715,34.565271,34.705842,-0.140571,-0.134244,-0.012654,46.33952,36.188252,33.294748,0.607812,18216241.8
US,CSCO,2018-06-11,0.493899,34.636,34.399,34.653,34.554667,34.569075,34.697261,-0.128186,-0.133032,0.009693,48.55717,35.894952,33.411048,0.59154,17612493.6
US,CSCO,2018-06-12,0.578202,34.68,34.476,34.5835,34.545333,34.603064,34.70413,-0.101067,-0.126639,0.051145,51.116725,35.613321,33.553679,0.57643,17779713.6
US,CSCO,2018-06-13,0.143719,34.64,34.568,34.5255,34.5465,34.639515,34.714195,-0.07468,-0.116247,0.083136,51.762893,35.337251,33.713749,0.573828,19110315.6
US,CSCO,2018-06-14,1.549943,34.804,34.725,34.507,34.555333,34.753436,34.763514,-0.010078,-0.095013,0.169871,58.190749,35.216735,33.797265,0.578554,19970008.2
US,CSCO,2018-06-15,-0.989259,34.926,34.772,34.538,34.559167,34.795984,34.783253,0.012731,-0.073465,0.172391,53.238842,35.281441,33.794559,0.599372,26083488.2
US,CSCO,2018-06-18,-0.085641,35.008,34.822,34.5775,34.578667,34.827371,34.799309,0.028063,-0.053159,0.162443,52.823901,35.330916,33.824084,0.615131,26594768.2
US,CSCO,2018-06-19,-0.885714,34.988,34.834,34.58,34.6015,34.806237,34.791212,0.015025,-0.039522,0.109095,48.607993,35.334559,33.825441,0.614764,27521629.0
US,CSCO,2018-06-20,-0.172961,34.946,34.793,34.5835,34.602,34.779124,34.77927,-0.000146,-0.031647,0.063001,47.812609,35.338305,33.828695,0.587281,26900289.0
US,CSCO,2018-06-21,-1.328328,34.704,34.754,34.563,34.612833,34.685412,34.734139,-0.048727,-0.035063,-0.027327,42.121872,35.339044,33.786956,0.586047,26281078.0
US,CSCO,2018-06-22,0.087796,34.538,34.732,34.5485,34.6375,34.610734,34.694573,-0.08384,-0.044818,-0.078043,42.601686,35.340138,33.756862,0.576329,21897118.0
US,CSCO,2018-06-25,-2.105263,34.234,34.621,34.51,34.634,34.436775,34.604605,-0.16783,-0.069421,-0.196819,35.08429,35.421746,33.598254,0.613734,24097378.0
US,CSCO,2018-06-26,0.62724,34.034,34.511,34.4935,34.658667,34.321886,34.536856,-0.21497,-0.098531,-0.232879,38.493347,35.450919,33.536081,0.618468,24091777.2
US,CSCO,2018-06-27,-0.534283,33.81,34.378,34.473,34.6755,34.196981,34.460793,-0.263812,-0.131587,-0.264451,36.713635,35.494099,33.451901,0.623577,23995429.0
US,CSCO,2018-06-28,1.432408,33.774,34.239,34.482,34.698333,34.165137,34.425919,-0.260782,-0.157426,-0.206712,44.131583,35.482532,33.481468,0.630464,24250080.6
US,CSCO,2018-06-29,0.235363,33.748,34.143,34.4575,34.714333,34.150501,34.399555,-0.249054,-0.175751,-0.146605,45.282732,35.473076,33.441924,0.617574,22862744.6
US,CSCO,2018-07-02,-0.528324,33.83,34.032,34.427,34.741833,34.110424,34.36181,-0.251386,-0.190878,-0.121016,43.129425,35.471856,33.382144,0.620605,21499584.6
US,CSCO,2018-07-03,-0.32458,33.848,33.941,34.3875,34.761667,34.059589,34.318713,-0.259124,-0.204527,-0.109192,41.820638,35.466905,33.308095,0.610561,19760284.6
US,CSCO,2018-07-05,0.503256,33.936,33.873,34.333,34.766667,34.04273,34.291401,-0.248671,-0.213356,-0.07063,44.617731,35.384838,33.281162,0.605521,19225072.0
US,CSCO,2018-07-06,0.353461,33.952,33.863,34.3085,34.774667,34.046925,34.275001,-0.228076,-0.2163,-0.023551,46.570436,35.360874,33.256126,0.595127,18837263.2
US,CSCO,2018-07-09,-0.088054,33.946,33.847,34.2895,34.770167,34.04586,34.257593,-0.211734,-0.215387,0.007306,46.132513,35.346845,33.232155,0.576904,19374605.0
US,CSCO,2018-07-10,0.440658,34.006,33.918,34.2695,34.772667,34.068035,34.252587,-0.184551,-0.20922,0.049337,48.728588,35.318451,33.220549,0.55641,19057351.2
US,CSCO,2018-07-11,-0.672711,34.042,33.945,34.228,34.767333,34.051414,34.230913,-0.179499,-0.203276,0.047553,45.136556,35.256778,33.199222,0.540238,19906731.2
US,CSCO,2018-07-12,2.355713,34.204,34.07,34.224,34.758333,34.160427,34.270105,-0.109678,-0.184556,0.149757,57.007729,35.243812,33.204188,0.56165,19882943.8
US,CSCO,2018-07-13,-4.113924,34.056,34.004,34.1215,34.725,34.032669,34.200468,-0.167798,-0.181205,0.026813,40.244768,35.065201,33.177799,0.683675,25999675.0
US,CSCO,2018-07-16,1.710171,34.028,33.987,34.065,34.702,34.012259,34.178211,-0.165952,-0.178154,0.024404,46.941946,34.915024,33.214976,0.700555,26251269.2
US,CSCO,2018-07-17,-0.353982,33.946,33.976,34.004,34.683333,33.976527,34.148714,-0.172187,-0.176961,0.009547,45.778703,34.744983,33.263017,0.671944,26444023.8
US,CSCO,2018-07-18,-0.325636,33.888,33.965,33.953,34.660667,33.929369,34.113253,-0.183885,-0.178345,-0.011079,44.68557,34.63626,33.26974,0.64252,26972503.8
US,CSCO,2018-07-19,0.4455,33.7,33.952,33.9125,34.647167,33.912543,34.091531,-0.178988,-0.178474,-0.001028,46.559541,34.522545,33.302455,0.64234,28272303.8
US,CSCO,2018-07-20,-0.916617,33.736,33.896,33.8795,34.629,33.850613,34.048455,-0.197842,-0.182348,-0.030988,43.295034,34.501544,33.257456,0.627172,22251673.6
US,CSCO,2018-07-23,0.119367,33.666,33.847,33.847,34.604833,33.804365,34.011532,-0.207167,-0.187311,-0.039711,43.842179,34.466584,33.227416,0.620946,20489378.2
US,CSCO,2018-07-24,0.804769,33.674,33.81,33.864,34.5785,33.80677,33.997344,-0.190574,-0.187964,-0.00522,47.52295,34.460604,33.267396,0.623735,19750477.4
US,CSCO,2018-07-25,1.803666,33.826,33.857,33.901,34.568,33.902652,34.029393,-0.126741,-0.175719,0.097956,54.74049,34.540121,33.261879,0.63204,19813650.2
US,CSCO,2018-07-26,0.842289,34.006,33.853,33.9615,34.555167,34.028398,34.080549,-0.052151,-0.151006,0.197709,57.717839,34.666774,33.256226,0.624751,19617638.8
US,CSCO,2018-07-27,-2.18894,34.096,33.916,33.96,34.5425,34.017875,34.07162,-0.053745,-0.131554,0.155618,48.679892,34.665152,33.254848,0.648698,19879990.4
US,CSCO,2018-07-30,-0.942285,34.114,33.89,33.9385,34.516833,33.95974,34.039648,-0.079907,-0.121224,0.082634,45.452591,34.655055,33.221945,0.632362,19808765.8
US,CSCO,2018-07-31,0.297265,34.098,33.886,33.931,34.4815,33.925934,34.017452,-0.091517,-0.115283,0.047531,46.643053,34.652551,33.209449,0.627193,20490050.6
US,CSCO,2018-08-01,-1.037344,33.89,33.858,33.9115,34.434667,33.843483,33.970974,-0.127491,-0.117725,-0.019533,43.097784,34.668528,33.154472,0.639537,20684084.2
US,CSCO,2018-08-02,1.617251,33.732,33.869,33.9105,34.397,33.856793,33.967939,-0.111146,-0.116409,0.010526,49.478231,34.667374,33.153626,0.673856,19586975.6
US,CSCO,2018-08-03,0.707339,33.774,33.935,33.9155,34.359,33.904979,33.982906,-0.077927,-0.108712,0.06157,52.051578,34.677825,33.153175,0.650009,17855658.0
US,CSCO,2018-08-06,1.082821,33.954,34.034,33.9405,34.323833,34.002674,34.024172,-0.021498,-0.09127,0.139543,55.790216,34.748918,33.132082,0.646437,17664738.0
US,CSCO,2018-08-07,0.636943,34.158,34.128,33.969,34.297167,34.119186,34.078678,0.040508,-0.064914,0.210844,57.892559,34.847724,33.090276,0.62312,17092780.8
US,CSCO,2018-08-08,0.604143,34.474,34.182,34.0195,34.277,34.25008,34.144702,0.105379,-0.030856,0.272468,59.855005,35.000489,33.038511,0.608611,15546196.2
US,CSCO,2018-08-09,-0.14298,34.672,34.202,34.0275,34.259,34.353145,34.202131,0.151014,0.005518,0.290991,59.148174,35.034771,33.020229,0.587996,14759336.2
US,CSCO,2018-08-10,0.0,34.822,34.298,34.107,34.245167,34.440353,34.255307,0.185047,0.041424,0.287245,59.148174,35.132341,33.081659,0.567425,14944889.4
US,CSCO,2018-08-13,-0.057274,34.894,34.424,34.157,34.253333,34.511068,34.303062,0.208006,0.07474,0.266532,58.825909,35.233348,33.080652,0.56618,15698369.4
US,CSCO,2018-08-14,0.573066,34.962,34.56,34.223,34.268167,34.601673,34.362094,0.239579,0.107708,0.263741,61.10792,35.359012,33.086988,0.565739,15286521.8
US,CSCO,2018-08-15,-0.31339,34.966,34.72,34.289,34.274,34.661416,34.408606,0.25281,0.136728,0.232163,59.165645,35.442081,33.135919,0.610329,18083540.0
US,CSCO,2018-08-16,2.972278,35.188,34.93,34.3995,34.2985,34.871967,34.528709,0.343258,0.178034,0.330447,69.149544,35.757064,33.041936,0.693877,24993460.0
US,CSCO,2018-08-17,1.55426,35.522,35.172,34.5535,34.332,35.13628,34.681397,0.454883,0.233404,0.442957,72.980376,36.150225,32.956775,0.710743,26759821.4
US,CSCO,2018-08-20,0.765236,35.916,35.405,34.7195,34.371667,35.403006,34.843516,0.55949,0.298621,0.521738,74.673766,36.539154,32.899846,0.691404,26994884.2
US,CSCO,2018-08-21,-0.949281,36.2,35.581,34.8545,34.4095,35.574851,34.9677,0.607151,0.360327,0.493648,68.863927,36.784469,32.924531,0.682732,27522093.4
US,CSCO,2018-08-22,0.465498,36.54,35.753,34.9675,34.454,35.746413,35.095278,0.651135,0.418489,0.465292,70.081518,37.043909,32.891091,0.65968,24582236.6
US,CSCO,2018-08-23,0.054511,36.676,35.932,35.067,34.5005,35.894657,35.214887,0.67977,0.470745,0.41805,70.229019,37.273102,32.860898,0.635417,17928336.6
US,CSCO,2018-08-24,0.653773,36.748,36.135,35.2165,34.552833,36.057017,35.343414,0.713604,0.519317,0.388574,72.012184,37.505939,32.927061,0.614316,16412595.2
US,CSCO,2018-08-27,0.595399,36.808,36.362,35.393,34.596333,36.228245,35.478716,0.749529,0.565359,0.36834,73.574666,37.713147,33.072853,0.601865,15996872.4
US,CSCO,2018-08-28,0.753296,36.994,36.597,35.5785,34.6455,36.416208,35.624737,0.79147,0.610581,0.361778,75.452967,37.933327,33.223673,0.597446,16102866.6
US,CSCO,2018-08-29,1.148198,37.232,36.886,35.803,34.700667,36.641406,35.791794,0.849613,0.658388,0.38245,78.035048,38.13647,33.46953,0.595485,17506411.6
US,CSCO,2018-08-30,-0.712777,37.412,37.044,35.987,34.7435,36.790421,35.926476,0.863945,0.699499,0.328892,72.853034,38.280705,33.693295,0.585094,17678311.6
US,CSCO,2018-08-31,1.329434,37.644,37.196,36.184,34.802667,36.993433,36.088218,0.905215,0.740642,0.329145,76.027774,38.496353,33.871647,0.601873,19544119.4
US,CSCO,2018-09-04,-0.078719,37.826,37.317,36.361,34.863667,37.160597,36.235758,0.924839,0.777482,0.294716,75.457576,38.684806,34.037194,0.59031,19926587.2
US,CSCO,2018-09-05,-0.971639,37.878,37.436,36.5085,34.915667,37.245121,36.344961,0.90016,0.802017,0.196285,68.621903,38.781025,34.235975,0.60386,20260746.6
US,CSCO,2018-09-06,0.026518,37.846,37.539,36.646,34.9645,37.318179,36.446816,0.871363,0.815886,0.110954,68.70442,38.861603,34.430397,0.60787,19524203.4
US,CSCO,2018-09-07,-0.503712,37.83,37.621,36.7765,35.009333,37.350767,36.527052,0.823715,0.817452,0.012526,65.196265,38.874416,34.678584,0.59945,19722443.4
US,CSCO,2018-09-10,0.053291,37.718,37.681,36.908,35.0455,37.381418,36.602826,0.778593,0.80968,-0.062175,65.396562,38.847697,34.968303,0.595204,18061038.0
US,CSCO,2018-09-11,-0.079893,37.606,37.716,37.039,35.087,37.402738,36.670764,0.731974,0.794139,-0.12433,64.794196,38.760126,35.317874,0.594118,17694897.6
US,CSCO,2018-09-12,-0.293177,37.546,37.712,37.1545,35.127167,37.403856,36.725523,0.678333,0.770978,-0.18529,62.520238,38.632505,35.676495,0.585252,16861154.8
US,CSCO,2018-09-13,0.721732,37.538,37.692,37.289,35.177,37.446339,36.796225,0.650115,0.746805,-0.193381,65.702022,38.398214,36.179786,0.577734,17147992.2
US,CSCO,2018-09-14,0.345011,37.594,37.712,37.378,35.23,37.502287,36.871319,0.630968,0.723638,-0.185339,67.148121,38.345442,36.410558,0.55861,16489452.2
US,CSCO,2018-09-17,-0.608305,37.6,37.659,37.4275,35.286833,37.514243,36.923814,0.590429,0.696996,-0.213134,62.154969,38.327564,36.527436,0.547281,16056049.8
US,CSCO,2018-09-18,0.745077,37.668,37.637,37.477,35.347833,37.567436,36.993161,0.574275,0.672452,-0.196353,65.516712,38.357661,36.596339,0.541047,15891662.4
US,CSCO,2018-09-19,-0.369783,37.73,37.638,37.537,35.4185,37.590908,37.047001,0.543907,0.646743,-0.205672,62.526024,38.304987,36.769013,0.530972,15106171.2
US,CSCO,2018-09-20,0.954401,37.81,37.674,37.6065,35.491667,37.666153,37.123519,0.542633,0.625921,-0.166575,66.731468,38.303616,36.909384,0.529474,14913315.4
US,CSCO,2018-09-21,1.733193,37.996,37.795,37.708,35.578833,37.83136,37.243259,0.588101,0.618357,-0.060512,72.765727,38.443516,36.972484,0.543083,24058835.4
US,CSCO,2018-09-24,-0.258131,38.208,37.904,37.7925,35.656333,37.955766,37.346721,0.609045,0.616495,-0.014899,70.674066,38.548301,37.036699,0.528577,25536655.4
US,CSCO,2018-09-25,0.07764,38.37,38.019,37.8675,35.733,38.065648,37.444742,0.620907,0.617377,0.007059,70.943907,38.658218,37.076782,0.516536,25404895.4
US,CSCO,2018-09-26,-0.129299,38.55,38.14,37.926,35.811833,38.150933,37.531798,0.619135,0.617729,0.002813,69.791276,38.756624,37.095376,0.52464,26876526.6
US,CSCO,2018-09-27,-0.181253,38.644,38.227,37.9595,35.891333,38.212328,37.60722,0.605108,0.615204,-0.020193,68.122574,38.832941,37.086059,0.518595,26656980.0
US,CSCO,2018-09-28,0.674449,38.658,38.327,38.0195,35.972333,38.304278,37.696315,0.607963,0.613756,-0.011587,70.90519,38.951562,37.087438,0.523695,17818940.4
US,CSCO,2018-10-01,0.438031,38.726,38.467,38.063,36.054167,38.408235,37.791403,0.616832,0.614371,0.004922,72.589957,39.084785,37.041215,0.514145,16189048.6
US,CSCO,2018-10-02,0.30785,38.812,38.591,38.114,36.1385,38.51466,37.888336,0.626324,0.616762,0.019125,73.745651,39.231433,36.996567,0.503849,16161208.6
US,CSCO,2018-10-03,0.255754,38.928,38.739,38.1885,36.222,38.620097,37.985496,0.634601,0.62033,0.028542,74.702862,39.384197,36.992803,0.493574,15492690.8
US,CSCO,2018-10-04,-0.892857,38.988,38.816,38.245,36.3035,38.655467,38.049534,0.605933,0.61745,-0.023034,65.677295,39.453528,37.036472,0.502605,16732850.8
US,CSCO,2018-10-05,-0.514801,38.956,38.807,38.301,36.368333,38.654626,38.094013,0.560613,0.606083,-0.09094,61.132093,39.475119,37.126881,0.538133,17458635.4
US,CSCO,2018-10-08,-1.267788,38.792,38.759,38.3315,36.448833,38.578529,38.098901,0.479629,0.580792,-0.202326,51.693181,39.456672,37.206328,0.577552,19482947.2
US,CSCO,2018-10-09,-0.052411,38.6,38.706,38.3625,36.5195,38.511063,38.101945,0.409118,0.546457,-0.274678,51.34471,39.429175,37.295825,0.579155,19750371.8
US,CSCO,2018-10-10,-3.932879,38.088,38.508,38.324,36.567167,38.223208,37.993653,0.229555,0.483077,-0.507044,33.244072,39.566504,37.081496,0.650644,23014029.6
US,CSCO,2018-10-11,-3.302402,37.404,38.196,38.2115,36.5965,37.793483,37.803753,-0.010269,0.384408,-0.789354,25.449996,39.968,36.455,0.702027,25891117.2
US,CSCO,2018-10-12,3.612758,37.016,37.986,38.1565,36.644667,37.626794,37.722734,-0.09594,0.288338,-0.768557,41.164457,40.02515,36.28785,0.751168,29155252.2
US,CSCO,2018-10-15,-2.288205,36.558,37.675,38.071,36.684,37.356518,37.585494,-0.228977,0.184875,-0.827704,35.827194,40.178547,35.963453,0.757513,29629072.2
US,CSCO,2018-10-16,2.564817,36.288,37.444,38.0175,36.738,37.269361,37.526569,-0.257208,0.096459,-0.707333,44.339319,40.196857,35.838143,0.776262,30761207.6
US,CSCO,2018-10-17,0.271813,36.338,37.213,37.976,36.789167,37.210998,37.479416,-0.268418,0.023483,-0.583802,45.190341,40.207425,35.744575,0.778672,27710730.2
US,CSCO,2018-10-18,-1.030089,36.554,36.979,37.8975,36.823833,37.103152,37.407607,-0.304455,-0.042104,-0.524701,42.529315,40.217473,35.577527,0.800195,24220382.6
US,CSCO,2018-10-19,-0.273898,36.494,36.755,37.781,36.852,36.996513,37.33371,-0.337197,-0.101123,-0.472148,41.831235,40.153458,35.408542,0.804467,21406850.0
US,CSCO,2018-10-22,0.933809,36.67,36.614,37.6865,36.8985,36.958588,37.290472,-0.331884,-0.147275,-0.369218,45.129026,40.065124,35.307876,0.801291,20013830.0
US,CSCO,2018-10-23,-0.761905,36.606,36.447,37.5765,36.945667,36.883421,37.229697,-0.346276,-0.187075,-0.318401,42.968558,39.966473,35.186527,0.820484,19847190.0
US,CSCO,2018-10-24,-2.961338,36.306,36.322,37.415,36.973167,36.653664,37.093423,-0.439759,-0.237612,-0.404294,35.841251,39.934131,34.895869,0.86045,22204275.4
US,CSCO,2018-10-25,3.164736,36.306,36.43,37.313,37.025167,36.631562,37.050206,-0.418645,-0.273819,-0.289652,45.868926,39.8051,34.8209,0.898275,23806255.4
US,CSCO,2018-10-26,-2.684196,36.13,36.312,37.149,37.051833,36.462091,36.937598,-0.475508,-0.314156,-0.322703,39.980665,39.657106,34.640894,0.931255,25896308.0
US,CSCO,2018-10-29,-0.928793,35.82,36.245,36.96,37.069,36.267923,36.808887,-0.540965,-0.359518,-0.362893,38.202262,39.457383,34.462617,0.985451,27700068.0
US,CSCO,2018-10-30,1.704545,35.686,36.146,36.795,37.09,36.195935,36.734155,-0.53822,-0.395259,-0.285924,43.153417,39.136201,34.453799,0.970062,28517748.0
US,CSCO,2018-10-31,2.625698,35.956,36.131,36.672,37.123,36.279637,36.734588,-0.454951,-0.407197,-0.095508,49.92261,38.737068,34.606932,0.999343,27804720.0
US,CSCO,2018-11-01,-0.217746,35.986,36.146,36.5625,37.151167,36.338154,36.729063,-0.390909,-0.403939,0.026062,49.383642,38.370215,34.754785,0.972247,27326245.4
US,CSCO,2018-11-02,-0.381888,36.184,36.157,36.456,37.177833,36.366131,36.713577,-0.347446,-0.392641,0.090389,48.398898,37.989394,34.922606,0.966372,26081185.4
US,CSCO,2018-11-05,1.45126,36.554,36.187,36.4005,37.213333,36.471341,36.738497,-0.267156,-0.367544,0.200776,52.278498,37.752838,35.048162,0.959489,23943385.4
US,CSCO,2018-11-06,0.782726,36.862,36.274,36.3605,37.254,36.604981,36.783053,-0.178072,-0.329649,0.303155,54.303019,37.541084,35.179916,0.926668,21847805.4
US,CSCO,2018-11-07,3.026245,37.208,36.582,36.452,37.310167,36.891907,36.908012,-0.016105,-0.26694,0.501671,61.208715,37.946879,34.957121,0.94262,20641146.2
US,CSCO,2018-11-08,1.117754,37.656,36.821,36.6255,37.375333,37.200844,37.055567,0.145278,-0.184497,0.659549,63.470927,38.387289,34.863711,0.908147,19909129.4
US,CSCO,2018-11-09,-2.750643,37.918,37.051,36.6815,37.405333,37.297638,37.112932,0.184706,-0.110656,0.590724,54.892423,38.520002,34.842998,0.94328,19195949.4
US,CSCO,2018-11-12,-3.172086,37.834,37.194,36.7195,37.406,37.194924,37.077159,0.117765,-0.064972,0.365474,47.189368,38.520372,34.918628,0.97376,20873609.4
US,CSCO,2018-11-13,-1.092001,37.612,37.237,36.6915,37.395333,37.046474,37.014407,0.032068,-0.045564,0.155263,44.926215,38.50449,34.87851,0.962777,23023619.2
US,CSCO,2018-11-14,-1.73889,37.038,37.123,36.627,37.38,36.82394,36.909636,-0.085696,-0.053591,-0.064211,41.546577,38.498011,34.755989,0.983293,26348238.4
US,CSCO,2018-11-15,5.505618,36.77,37.213,36.6795,37.3945,36.93718,36.957811,-0.020631,-0.046999,0.052735,53.313478,38.592879,34.766121,1.072343,31344493.4
US,CSCO,2018-11-16,-0.905218,36.648,37.283,36.72,37.403,36.980691,36.977232,0.003458,-0.036907,0.080731,51.381224,38.643112,34.796888,1.04789,33206896.4
US,CSCO,2018-11-19,-1.289629,36.67,37.252,36.7195,37.3995,36.943661,36.95966,-0.015998,-0.032725,0.033454,48.697835,38.642586,34.796414,1.04947,33698276.4
US,CSCO,2018-11-20,-2.749047,36.57,37.091,36.6825,37.3755,36.756944,36.868574,-0.11163,-0.048506,-0.126247,43.544616,38.651295,34.713705,1.06665,34145052.6
US,CSCO,2018-11-21,0.895606,36.66,36.849,36.7155,37.352167,36.648184,36.807939,-0.159755,-0.070756,-0.177998,45.511973,38.617525,34.813475,1.034747,30845836.2
US,CSCO,2018-11-23,-0.776699,36.302,36.536,36.6785,37.317,36.513078,36.731054,-0.217976,-0.1002,-0.235552,44.064987,38.623383,34.733617,1.002979,23523752.6
US,CSCO,2018-11-26,2.292424,36.176,36.412,36.7315,37.3,36.524912,36.720606,-0.195693,-0.119299,-0.152789,49.162554,38.604757,34.858243,0.994195,20913449.6
US,CSCO,2018-11-27,1.229844,36.236,36.453,36.8235,37.282167,36.604157,36.744265,-0.140108,-0.123461,-0.033295,51.760699,38.562802,35.084198,0.991038,19533909.6
US,CSCO,2018-11-28,2.537797,36.686,36.628,36.9325,37.2805,36.815825,36.835801,-0.019976,-0.102764,0.165576,56.734841,38.674807,35.190193,0.998107,18706550.8
US,CSCO,2018-11-29,0.105319,37.08,36.87,36.9965,37.285667,37.001083,36.923519,0.077564,-0.066698,0.288523,56.938322,38.798824,35.194176,0.976099,19213227.2
US,CSCO,2018-11-30,1.104682,37.614,36.958,37.0855,37.297667,37.222455,37.035851,0.186604,-0.016038,0.405283,59.112766,38.985705,35.185295,0.962806,25662467.2
US,CSCO,2018-12-03,1.82102,38.124,37.15,37.2165,37.3245,37.517462,37.191714,0.325748,0.052319,0.546857,62.510579,39.295531,35.137469,0.946892,26945310.2
US,CSCO,2018-12-04,-2.861523,38.32,37.278,37.265,37.332333,37.594775,37.253068,0.341707,0.110197,0.46302,54.680772,39.37131,35.15869,0.987828,28811316.2
US,CSCO,2018-12-06,2.209363,38.496,37.591,37.341,37.354667,37.789425,37.3721,0.417325,0.171622,0.491405,58.844405,39.559359,35.122641,1.031555,31979149.0
US,CSCO,2018-12-07,-4.040144,38.35,37.715,37.282,37.352667,37.71259,37.366019,0.346572,0.206612,0.279919,49.660881,39.439031,35.124969,1.080015,35108589.0
US,CSCO,2018-12-10,0.911773,38.188,37.901,37.2185,37.351833,37.699884,37.385573,0.314311,0.228152,0.172318,51.42874,39.252533,35.184467,1.078585,32521169.6
US,CSCO,2018-12-11,0.478342,37.922,38.023,37.2175,37.351833,37.716825,37.417012,0.299813,0.242484,0.114658,52.382172,39.250349,35.184651,1.070115,32792849.6
US,CSCO,2018-12-12,0.714097,37.934,38.127,37.29,37.360167,37.772698,37.466122,0.306576,0.255303,0.102547,53.845691,39.337242,35.242758,1.057964,31263743.6
US,CSCO,2018-12-13,0.105042,37.786,38.141,37.3845,37.3645,37.826129,37.514558,0.311572,0.266556,0.09003,54.070906,39.401562,35.367438,1.030252,27247486.8
US,CSCO,2018-12-14,-3.488982,37.686,38.018,37.444,37.349,37.666725,37.460887,0.205838,0.254413,-0.097149,46.028458,39.311666,35.576334,1.061663,25060789.4
US,CSCO,2018-12-17,-3.533569,37.258,37.723,37.3405,37.305833,37.331844,37.314895,0.016949,0.20692,-0.379942,39.797476,39.391417,35.289583,1.105115,26646448.8
US,CSCO,2018-12-18,-0.309946,36.772,37.347,37.2485,37.249833,37.03156,37.17157,-0.140009,0.137534,-0.555087,39.312528,39.470709,35.026291,1.076179,27539506.6
US,CSCO,2018-12-19,-2.091577,36.084,37.009,37.1435,37.183167,36.663628,36.984046,-0.320418,0.045944,-0.732723,36.123535,39.634133,34.652867,1.134309,29872087.4
US,CSCO,2018-12-20,-1.501155,35.284,36.535,37.063,37.107333,36.272301,36.771894,-0.499594,-0.063164,-0.87286,34.034262,39.820906,34.305094,1.131144,33623930.2
US,CSCO,2018-12-21,-1.494725,34.648,36.167,36.941,37.023833,35.862716,36.53768,-0.674964,-0.185524,-0.97888,32.07487,40.05964,33.82236,1.148919,43734047.6
US,CSCO,2018-12-24,-3.748884,34.02,35.639,36.77,36.9205,35.322298,36.227481,-0.905183,-0.329456,-1.151455,27.81438,40.451054,33.088946,1.158282,41225867.6
US,CSCO,2018-12-26,5.409583,33.764,35.268,36.6455,36.842,35.134252,36.06989,-0.935638,-0.450692,-0.969892,39.778904,40.506518,32.784482,1.201976,41790289.4
US,CSCO,2018-12-27,1.055718,33.728,34.906,36.5165,36.766667,35.030521,35.950639,-0.920118,-0.544577,-0.751081,41.911858,40.487023,32.545977,1.218264,40507089.6
US,CSCO,2018-12-28,-0.319211,33.774,34.529,36.335,36.6875,34.925826,35.832073,-0.906248,-0.616911,-0.578673,41.429008,40.352917,32.317083,1.192673,37234450.2
US,CSCO,2018-12-31,1.310044,34.012,34.33,36.174,36.614167,34.906468,35.755623,-0.849156,-0.66336,-0.371591,44.258189,40.166916,32.181084,1.152482,25767670.2
US,CSCO,2019-01-02,-0.890805,34.44,34.23,35.9765,36.5415,34.842396,35.661873,-0.819478,-0.694584,-0.249788,42.727049,39.891544,32.061456,1.134448,25720491.6
US,CSCO,2019-01-03,-3.624239,34.268,34.016,35.6815,36.451333,34.595873,35.482475,-0.886602,-0.732987,-0.307229,37.146552,39.486183,31.876817,1.14913,24974657.2
US,CSCO,2019-01-04,4.482551,34.322,34.025,35.517,36.394167,34.616508,35.426737,-0.810228,-0.748436,-0.123585,46.171473,39.185068,31.848932,1.177764,24796836.2
US,CSCO,2019-01-07,0.691045,34.446,34.11,35.3225,36.341333,34.670892,35.392904,-0.722013,-0.743151,0.042277,47.479606,38.658383,31.986617,1.145066,24204909.6
US,CSCO,2019-01-08,0.800686,34.536,34.274,35.2205,36.318167,34.759985,35.382319,-0.622334,-0.718987,0.193308,49.035704,38.431939,32.009061,1.111847,24502951.6
US,CSCO,2019-01-09,-0.539007,34.65,34.545,35.092,36.312,34.806141,35.358443,-0.552302,-0.68565,0.266697,47.996504,38.107179,32.076821,1.073144,24264258.0
US,CSCO,2019-01-10,-0.199658,35.0,34.634,34.951,36.283333,34.834427,35.331151,-0.496724,-0.647865,0.302282,47.596294,37.696242,32.205758,1.039348,22998431.0
US,CSCO,2019-01-11,0.600171,35.094,34.708,34.807,36.272167,34.890669,35.321436,-0.430767,-0.604445,0.347357,48.970976,37.153846,32.460154,1.002966,20971186.0
US,CSCO,2019-01-14,-0.653409,35.094,34.77,34.6495,36.241833,34.902874,35.295404,-0.39253,-0.562062,0.339065,47.501243,36.44354,32.85546,0.959897,20322287.6
US,CSCO,2019-01-15,1.858736,35.168,34.852,34.591,36.220667,35.013201,35.319448,-0.306247,-0.510899,0.409305,51.895223,36.164822,33.017178,0.942761,19456825.6
US,CSCO,2019-01-16,-0.112296,35.272,34.961,34.5955,36.205167,35.100401,35.338748,-0.238347,-0.456389,0.436083,51.60896,36.180056,33.010944,0.903279,18381322.8
US,CSCO,2019-01-17,0.562114,35.43,35.215,34.6155,36.194667,35.204955,35.371434,-0.166479,-0.398407,0.463856,53.004833,36.248515,32.982485,0.880901,17491045.6
US,CSCO,2019-01-18,1.844606,35.678,35.386,34.7055,36.1895,35.394962,35.450587,-0.055625,-0.329851,0.548451,57.374507,36.522084,32.888916,0.883694,18898593.4
US,CSCO,2019-01-22,-0.548847,35.932,35.513,34.8115,36.185667,35.524967,35.509062,0.015906,-0.260699,0.55321,55.684831,36.723936,32.899064,0.869859,19917559.8
US,CSCO,2019-01-23,1.51766,36.166,35.667,34.9705,36.209,35.719588,35.603946,0.115642,-0.185431,0.602146,59.239818,36.983075,32.957925,0.871298,21322819.8
US,CSCO,2019-01-24,0.326176,36.432,35.852,35.1985,36.215667,35.902728,35.700691,0.202037,-0.107937,0.61995,59.993894,36.99334,33.40366,0.839062,21342434.8
US,CSCO,2019-01-25,1.137903,36.742,36.086,35.36,36.245667,36.122308,35.82138,0.300928,-0.026164,0.654185,62.601747,37.305364,33.414636,0.839843,22416818.2
US,CSCO,2019-01-28,-0.830431,36.858,36.268,35.488,36.276,36.260415,35.910167,0.350248,0.049118,0.602259,59.517842,37.514826,33.461174,0.831997,21192933.6
US,CSCO,2019-01-29,0.459211,37.048,36.49,35.63,36.299167,36.403428,36.004969,0.398459,0.118986,0.558945,60.662288,37.715119,33.544881,0.795426,19819265.6
US,CSCO,2019-01-30,1.640226,37.25,36.708,35.78,36.316833,36.618285,36.137935,0.480351,0.191259,0.578183,64.536466,38.029827,33.530173,0.797181,18531045.6
US,CSCO,2019-01-31,1.243386,37.522,36.977,35.969,36.343667,36.872395,36.295865,0.57653,0.268313,0.616433,67.215577,38.382718,33.555282,0.789526,19797645.6
US,CSCO,2019-02-01,0.104521,37.718,37.23,36.2225,36.3735,37.093565,36.445061,0.648505,0.344352,0.608306,67.441015,38.497485,33.947515,0.762417,18211318.2
US,CSCO,2019-02-04,0.026103,37.978,37.418,36.402,36.394667,37.282247,36.583945,0.698302,0.415142,0.566322,67.501181,38.743167,34.060833,0.728673,17700524.8
US,CSCO,2019-02-05,-0.182672,38.19,37.619,36.566,36.409833,37.431132,36.707356,0.723776,0.476869,0.493815,66.573783,38.94221,34.18979,0.698767,18195773.4
US,CSCO,2019-02-06,0.444444,38.314,37.782,36.7245,36.409,37.583266,36.834219,0.749047,0.531304,0.435485,67.733217,39.15081,34.29819,0.685998,18162013.4
US,CSCO,2019-02-07,-1.639771,38.218,37.87,36.861,36.3905,37.615071,36.905018,0.710054,0.567054,0.285999,59.496959,39.203092,34.518908,0.694141,17489533.4
US,CSCO,2019-02-08,1.058481,38.194,37.956,37.021,36.3965,37.703522,37.000201,0.70332,0.594307,0.218026,62.606052,39.265129,34.776871,0.696703,17917658.8
US,CSCO,2019-02-11,0.837916,38.232,38.105,37.1865,36.427833,37.827595,37.112038,0.715557,0.618557,0.193999,64.925638,39.356009,35.016991,0.68051,18641757.0
US,CSCO,2019-02-12,0.649182,38.334,38.262,37.376,36.47,37.971042,37.23411,0.736933,0.642232,0.189401,66.665359,39.394845,35.357155,0.689045,20034337.0
US,CSCO,2019-02-13,-0.825593,38.338,38.326,37.517,36.517333,38.04319,37.323435,0.719755,0.657737,0.124036,62.398956,39.415927,35.618073,0.687684,22067357.4
US,CSCO,2019-02-14,1.899063,38.614,38.416,37.6965,36.544167,38.216545,37.460217,0.756328,0.677455,0.157745,67.507553,39.50568,35.88732,0.764993,27520843.6
US,CSCO,2019-02-15,2.118969,38.976,38.585,37.9075,36.5905,38.490923,37.648349,0.842573,0.710479,0.264189,72.141942,39.757277,36.057723,0.778922,29877345.4
US,CSCO,2019-02-19,0.45,39.31,38.771,38.0945,36.647833,38.750781,37.835879,0.914902,0.751363,0.327077,73.040009,40.065271,36.123729,0.765427,30045568.4
US,CSCO,2019-02-20,-0.049776,39.59,38.962,38.2905,36.721667,38.967584,38.008036,0.959547,0.793,0.333095,72.759344,40.264253,36.316747,0.737182,28773899.8
US,CSCO,2019-02-21,-0.423307,39.9,39.119,38.4505,36.787333,39.124879,38.154848,0.97003,0.828406,0.283248,70.287011,40.430565,36.470435,0.714527,26532899.4
US,CSCO,2019-02-22,1.40035,40.176,39.395,38.6325,36.867,39.344128,38.332267,1.011861,0.865097,0.293528,73.483401,40.680698,36.584302,0.709918,21414793.2
US,CSCO,2019-02-25,1.35635,40.396,39.686,38.821,36.942167,39.614262,38.537284,1.076978,0.907473,0.339009,76.192285,41.041675,36.600325,0.710638,20229732.4
US,CSCO,2019-02-26,0.778589,40.644,39.977,39.041,37.015167,39.892068,38.750819,1.141249,0.954228,0.374042,77.624528,41.373388,36.708612,0.714164,20065286.4
US,CSCO,2019-02-27,0.796717,40.962,40.276,39.269,37.078,40.177904,38.97298,1.204923,1.004367,0.401112,79.025833,41.721467,36.816533,0.707438,20543288.6
US,CSCO,2019-02-28,0.359281,41.344,40.622,39.474,37.142667,40.442842,39.189797,1.253045,1.054103,0.397884,79.649701,42.081554,36.866446,0.691906,23260868.6
US,CSCO,2019-03-01,-0.692124,41.556,40.866,39.641,37.1955,40.622404,39.369071,1.253333,1.093949,0.318769,75.004676,42.344767,36.937233,0.689627,23595988.6
US,CSCO,2019-03-04,-0.504686,41.616,41.006,39.7955,37.233167,40.742034,39.51951,1.222524,1.119664,0.205721,71.741932,42.530345,37.060655,0.715368,22488302.2
US,CSCO,2019-03-05,0.289855,41.636,41.14,39.9555,37.2915,40.861721,39.667695,1.194027,1.134537,0.118981,72.478666,42.700739,37.210261,0.695699,21610642.2
US,CSCO,2019-03-06,0.722543,41.65,41.306,40.134,37.340833,41.009149,39.827125,1.182024,1.144034,0.07598,74.283763,42.876702,37.391298,0.696721,21559840.0
US,CSCO,2019-03-07,-0.741272,41.572,41.458,40.2885,37.411167,41.086203,39.951782,1.134421,1.142112,-0.015381,69.230699,42.975143,37.601857,0.690526,19859981.0
US,CSCO,2019-03-08,-0.43363,41.516,41.536,40.4655,37.472833,41.12371,40.053872,1.069838,1.127657,-0.115638,66.406053,42.927446,38.003554,0.686203,18759681.0
US,CSCO,2019-03-11,1.669489,41.64,41.628,40.657,37.543,41.261601,40.199511,1.06209,1.114543,-0.104908,71.248712,42.972643,38.341357,0.696474,18586361.0
US,CSCO,2019-03-12,0.428367,41.776,41.706,40.8415,37.611667,41.40597,40.347696,1.058274,1.10329,-0.09003,72.367756,43.027888,38.655112,0.681726,19484588.6
US,CSCO,2019-03-13,0.853081,41.924,41.787,41.0315,37.685667,41.583513,40.51157,1.071943,1.09702,-0.050154,74.505024,43.119564,38.943436,0.67446,19660808.6
US,CSCO,2019-03-14,0.281955,42.158,41.865,41.2435,37.783833,41.752203,40.672195,1.080009,1.093618,-0.027218,75.193783,43.082133,39.404867,0.652713,19062147.6
US,CSCO,2019-03-15,0.866917,42.502,42.009,41.4375,37.909833,41.951864,40.848328,1.103536,1.095602,0.015869,77.235845,43.17613,39.69887,0.656805,24159847.6
US,CSCO,2019-03-18,0.58072,42.758,42.199,41.6025,38.041833,42.15927,41.029934,1.129336,1.102349,0.053976,78.522369,43.389798,39.815202,0.659176,24402747.6
US,CSCO,2019-03-19,-0.369515,42.946,42.361,41.7505,38.1835,42.310151,41.186235,1.123917,1.106662,0.034509,75.57843,43.532325,39.968675,0.662092,24624960.6
US,CSCO,2019-03-20,-0.092721,43.054,42.489,41.8975,38.333167,42.431667,41.327995,1.103671,1.106064,-0.004785,74.82317,43.614111,40.180889,0.672657,24739528.8
US,CSCO,2019-03-21,1.276102,43.248,42.703,42.0805,38.5005,42.619103,41.499996,1.119107,1.108673,0.020869,78.068469,43.723467,40.437533,0.693181,24912892.0
US,CSCO,2019-03-22,-2.222222,43.174,42.838,42.187,38.672667,42.628471,41.587403,1.041068,1.095152,-0.108167,62.714652,43.689453,40.684547,0.726525,20966452.0
US,CSCO,2019-03-25,-0.02343,43.048,42.903,42.2655,38.8155,42.63486,41.667596,0.967265,1.069574,-0.204619,62.578013,43.694856,40.836144,0.713916,20906672.0
US,CSCO,2019-03-26,0.960862,43.036,42.991,42.3485,38.959167,42.703343,41.772218,0.931125,1.041885,-0.221519,65.86208,43.764555,40.932445,0.707208,20335931.4
US,CSCO,2019-03-27,-0.162488,43.018,43.036,42.4115,39.1035,42.750521,41.863906,0.886616,1.010831,-0.24843,64.816233,43.827555,40.995445,0.70955,20197266.2
US,CSCO,2019-03-28,0.395257,42.924,43.086,42.4755,39.243167,42.816595,41.961394,0.855201,0.979705,-0.249008,66.219171,43.908894,41.042106,0.698154,18799723.0
US,CSCO,2019-03-29,1.181102,43.126,43.15,42.5795,39.3965,42.950965,42.089439,0.861526,0.956069,-0.189086,70.074357,44.048016,41.110984,0.685429,17928483.0
US,CSCO,2019-04-01,1.831083,43.49,43.269,42.734,39.584,43.18774,42.267258,0.920481,0.948951,-0.05694,74.911176,44.319186,41.148814,0.695755,18121843.0
US,CSCO,2019-04-02,0.584401,43.824,43.43,42.8955,39.751,43.428087,42.451165,0.976922,0.954546,0.044753,76.254456,44.606225,41.184775,0.671773,18026104.0
US,CSCO,2019-04-03,0.603352,44.226,43.622,43.0555,39.9185,43.672997,42.641449,1.031548,0.969946,0.123203,77.595947,44.925136,41.185864,0.665932,18158681.0
US,CSCO,2019-04-04,-0.266548,44.57,43.747,43.225,40.079333,43.861767,42.808749,1.053017,0.98656,0.132914,75.552988,45.117971,41.332029,0.666222,18822108.6
US,CSCO,2019-04-05,0.13363,44.824,43.975,43.4065,40.244333,44.030726,42.968101,1.062624,1.001773,0.121703,75.894722,45.232811,41.580189,0.647206,17669148.6
US,CSCO,2019-04-08,0.511566,44.964,44.227,43.565,40.414333,44.209076,43.132686,1.076389,1.016696,0.119386,77.209856,45.432249,41.697751,0.645977,16493377.2
US,CSCO,2019-04-09,-0.55322,45.002,44.413,43.702,40.576667,44.321525,43.266561,1.054964,1.02435,0.061228,72.574945,45.550519,41.853481,0.636265,16142260.8
US,CSCO,2019-04-10,1.157098,45.09,44.658,43.847,40.7515,44.496675,43.429038,1.067637,1.033007,0.069259,75.82561,45.76799,41.92601,0.633674,14612225.2
US,CSCO,2019-04-11,-0.395952,45.166,44.868,43.977,40.9125,44.617187,43.566147,1.05104,1.036614,0.028853,72.617,45.91631,42.03769,0.626269,13966997.6
US,CSCO,2019-04-12,1.236749,45.342,45.083,44.1165,41.0835,44.805312,43.73458,1.070732,1.043438,0.054589,76.017177,46.1672,42.0658,0.625821,14069837.6
US,CSCO,2019-04-15,0.47993,45.516,45.24,44.2545,41.254833,44.998341,43.906833,1.091507,1.053051,0.076912,77.214204,46.434247,42.074753,0.602548,13736949.0
US,CSCO,2019-04-16,0.694746,45.804,45.403,44.4165,41.4205,45.210904,44.090031,1.120873,1.066616,0.108514,78.866497,46.718988,42.114012,0.615938,14578931.2
US,CSCO,2019-04-17,-1.121173,45.884,45.487,44.5545,41.580833,45.310765,44.22114,1.089625,1.071218,0.036815,69.985367,46.855669,42.253331,0.631942,17105610.0
US,CSCO,2019-04-18,0.152638,46.014,45.59,44.6685,41.733167,45.406032,44.347722,1.05831,1.068636,-0.020653,70.467488,47.004773,42.332227,0.621089,18134810.0
US,CSCO,2019-04-22,-0.108861,46.022,45.682,44.8285,41.882667,45.47895,44.461224,1.017726,1.058454,-0.081456,69.607416,47.032698,42.624302,0.606011,17658770.0
US,CSCO,2019-04-23,0.632084,46.044,45.78,45.0035,42.03,45.585265,44.5878,0.997465,1.046256,-0.097582,71.760291,47.04411,42.96289,0.592011,18978410.0
US,CSCO,2019-04-24,0.324886,46.032,45.918,45.1655,42.185,45.698301,44.716111,0.98219,1.033443,-0.102506,72.83226,47.080122,43.250878,0.582581,17677148.8
US,CSCO,2019-04-25,-0.971503,46.034,45.959,45.3085,42.329667,45.724717,44.801584,0.923132,1.011381,-0.176497,64.875946,46.968021,43.648979,0.591683,15563808.0
US,CSCO,2019-04-26,-0.784827,45.95,45.982,45.425,42.458167,45.691683,44.85406,0.837624,0.976629,-0.278012,59.295317,46.767289,44.082711,0.58942,15499589.8
US,CSCO,2019-04-29,0.439464,45.916,45.969,45.526,42.582167,45.694501,44.917463,0.777039,0.936711,-0.319345,61.287646,46.610037,44.441963,0.58589,16361191.4
US,CSCO,2019-04-30,-0.328156,45.794,45.919,45.5795,42.703,45.673809,44.965058,0.708751,0.891119,-0.364737,58.956888,46.553799,44.605201,0.57904,16771071.4
US,CSCO,2019-05-01,-0.658472,45.582,45.807,45.605,42.818667,45.610146,44.986906,0.62324,0.837543,-0.428606,54.493318,46.515747,44.694253,0.586966,17658365.8
US,CSCO,2019-05-02,-1.148917,45.356,45.695,45.591,42.926833,45.476277,44.968616,0.507661,0.771567,-0.527812,47.745722,46.544874,44.637126,0.607183,19397104.4
US,CSCO,2019-05-03,0.0,45.202,45.576,45.583,43.032167,45.363004,44.951682,0.411322,0.699518,-0.576392,47.745722,46.562267,44.603733,0.610955,21172344.6
US,CSCO,2019-05-06,-0.625838,44.952,45.434,45.558,43.143333,45.22408,44.915261,0.308819,0.621378,-0.625118,44.318701,46.621515,44.494485,0.647316,21325623.0
US,CSCO,2019-05-07,-2.091768,44.546,45.17,45.475,43.232333,44.963452,44.812649,0.150803,0.527263,-0.75292,35.264838,46.853035,44.096965,0.697507,22214366.2
US,CSCO,2019-05-08,0.022973,44.202,44.892,45.405,43.316167,44.74446,44.718379,0.026081,0.427027,-0.801891,35.417617,47.008428,43.801572,0.694828,22989686.2
US,CSCO,2019-05-09,-1.010565,43.874,44.615,45.287,43.3885,44.491466,44.598499,-0.107033,0.320215,-0.854495,31.855234,47.178371,43.395629,0.716626,23010126.0
US,CSCO,2019-05-10,0.812065,43.616,44.409,45.1955,43.472,44.33124,44.513425,-0.182184,0.219735,-0.803839,37.261019,47.249447,43.141553,0.758296,21991884.0
US,CSCO,2019-05-13,-3.843498,43.08,44.016,44.9925,43.5155,43.938742,44.310949,-0.372207,0.101347,-0.947107,26.470867,47.50326,42.48174,0.837703,24360690.2
US,CSCO,2019-05-14,1.388224,42.846,43.696,44.8075,43.554833,43.695859,44.166434,-0.470576,-0.013038,-0.915076,33.656536,47.513995,42.101005,0.843582,24398407.0
US,CSCO,2019-05-15,0.826251,42.68,43.441,44.624,43.597,43.544188,44.05855,-0.514362,-0.113303,-0.802119,37.618309,47.376413,41.871587,0.842612,26208828.4
US,CSCO,2019-05-16,6.649497,43.17,43.522,44.6085,43.686833,43.852774,44.169028,-0.316253,-0.153893,-0.324721,59.008681,47.336278,41.880722,1.012425,30555827.6
US,CSCO,2019-05-17,0.746432,43.658,43.637,44.6065,43.785167,44.166194,44.296507,-0.130314,-0.149177,0.037727,60.744127,47.330455,41.882545,1.016537,31656516.8
US,CSCO,2019-05-20,-0.610155,44.424,43.752,44.593,43.8695,44.388318,44.393803,-0.005485,-0.120439,0.229907,58.545866,47.294156,41.891844,0.992499,30083353.6
US,CSCO,2019-05-21,0.920851,45.158,44.002,44.586,43.951667,44.640884,44.515003,0.125881,-0.071175,0.394112,60.835387,47.271453,41.900547,0.965178,28700157.6
US,CSCO,2019-05-22,-1.477297,45.686,44.183,44.5375,44.017167,44.749979,44.576854,0.173125,-0.022315,0.390879,55.491608,47.12934,41.94566,0.946236,26480556.2
US,CSCO,2019-05-23,-2.690187,45.402,44.286,44.4505,44.056833,44.654598,44.543754,0.110843,0.004317,0.213053,47.440161,46.973486,41.927514,0.980077,21815837.6
US,CSCO,2019-05-24,0.339905,45.08,44.369,44.389,44.0965,44.596967,44.524217,0.07275,0.018004,0.109494,48.430884,46.865214,41.912786,0.945071,18967488.4
US,CSCO,2019-05-28,-0.813008,44.742,44.583,44.2995,44.135,44.492818,44.47946,0.013358,0.017075,-0.007432,46.181012,46.706693,41.892307,0.94828,20720505.4
US,CSCO,2019-05-29,-1.388889,44.198,44.678,44.187,44.166833,44.310846,44.392833,-0.081987,-0.002738,-0.158498,42.57213,46.558077,41.815923,0.942689,20960465.8
US,CSCO,2019-05-30,0.738859,43.854,44.77,44.1055,44.202,44.206101,44.336327,-0.130226,-0.028235,-0.203982,45.000275,46.435139,41.775861,0.910354,19655485.8
US,CSCO,2019-05-31,-2.887921,43.502,44.452,43.987,44.211167,43.923624,44.190673,-0.26705,-0.075998,-0.382103,38.158771,46.414535,41.559465,0.936757,19204734.2
US,CSCO,2019-06-03,-0.472032,43.08,44.08,43.8585,44.222167,43.653835,44.040994,-0.387158,-0.13823,-0.497856,37.192203,46.383133,41.333867,0.932703,21069314.2
US,CSCO,2019-06-04,2.798198,42.966,43.854,43.803,44.255833,43.607092,43.989809,-0.382718,-0.187128,-0.39118,45.899374,46.321095,41.284905,0.973939,19453334.2
US,CSCO,2019-06-05,2.860438,43.222,43.71,43.856,44.298667,43.758308,44.034268,-0.275959,-0.204894,-0.142131,53.236046,46.393427,41.318573,0.995086,20005289.8
US,CSCO,2019-06-06,0.627943,43.47,43.662,43.9225,44.343167,43.929338,44.096174,-0.166836,-0.197282,0.060893,54.728971,46.492814,41.352186,0.986866,20599894.2
US,CSCO,2019-06-07,1.515489,44.106,43.804,44.045,44.393,44.17867,44.203865,-0.025194,-0.162865,0.275341,58.217609,46.679566,41.410434,0.989947,19982792.6
US,CSCO,2019-06-10,0.878156,44.862,43.971,44.17,44.4475,44.451183,44.333208,0.117975,-0.106697,0.449343,60.162363,46.914711,41.425289,0.961379,18880931.6
US,CSCO,2019-06-11,1.218716,45.494,44.23,44.4065,44.505167,44.767924,44.494452,0.273472,-0.030663,0.60827,62.774662,47.101386,41.711614,0.959138,19887821.2
US,CSCO,2019-06-12,-2.193077,45.674,44.448,44.563,44.541667,44.879012,44.568196,0.310816,0.037633,0.546367,55.620467,47.124563,42.001437,0.975628,20020046.8
US,CSCO,2019-06-13,0.549571,45.848,44.659,44.7145,44.585,45.011472,44.654996,0.356476,0.101401,0.510149,56.916488,47.176235,42.252765,0.934512,19991642.4
US,CSCO,2019-06-14,-2.514211,45.656,44.881,44.6665,44.609833,44.94663,44.650182,0.296448,0.140411,0.312075,49.723151,47.098456,42.234544,0.954904,21018754.2
US,CSCO,2019-06-17,1.188607,45.49,45.176,44.628,44.634333,44.973302,44.684983,0.288319,0.169992,0.236654,52.690723,47.00502,42.25098,0.928839,21723035.2
US,CSCO,2019-06-18,1.174645,45.318,45.406,44.63,44.683833,45.07741,44.756466,0.320944,0.200183,0.241522,55.518208,47.010387,42.249613,0.93535,20612927.8
US,CSCO,2019-06-19,0.131435,45.362,45.518,44.614,44.7345,45.174731,44.827098,0.347633,0.229673,0.235921,55.839976,46.960592,42.267408,0.90354,20195587.2
US,CSCO,2019-06-20,2.275213,45.564,45.706,44.684,44.795667,45.41708,44.969535,0.447545,0.273247,0.348596,61.093492,47.192198,42.175802,0.921144,21232487.2
US,CSCO,2019-06-21,-0.663102,45.934,45.795,44.7995,44.852833,45.574453,45.078459,0.495994,0.317797,0.356395,58.846237,47.405842,42.193158,0.923205,28244147.2
US,CSCO,2019-06-24,0.279931,46.224,45.857,44.914,44.909333,45.727614,45.188943,0.538671,0.361971,0.353398,59.518715,47.618355,42.209645,0.892262,27724510.0
US,CSCO,2019-06-25,-1.932575,46.228,45.773,45.0015,44.942333,45.71875,45.224577,0.494173,0.388412,0.211523,53.055045,47.684709,42.318291,0.897815,28593994.2
US,CSCO,2019-06-26,0.919641,46.304,45.833,45.1405,44.969,45.775865,45.288682,0.487183,0.408166,0.158034,55.484603,47.745698,42.535302,0.890114,28231958.4
US,CSCO,2019-06-27,-1.540464,46.03,45.797,45.228,44.9795,45.714963,45.295447,0.419516,0.410436,0.018161,50.707101,47.740287,42.715713,0.930106,28829980.0
US,CSCO,2019-06-28,-1.784927,45.656,45.795,45.338,44.972,45.538815,45.24171,0.297105,0.38777,-0.18133,45.856044,47.509668,43.166332,0.977241,37936900.0
US,CSCO,2019-07-01,0.022437,45.258,45.741,45.4585,44.966667,45.391305,45.192694,0.198611,0.349938,-0.302655,45.924825,47.121549,43.795451,0.973152,40074811.8
US,CSCO,2019-07-02,1.951548,45.214,45.721,45.5635,44.974833,45.400335,45.211754,0.188581,0.317667,-0.258171,51.676301,46.917195,44.209805,0.972213,39033549.8
US,CSCO,2019-07-03,1.848185,45.254,45.779,45.6485,44.993167,45.537206,45.291624,0.245582,0.30325,-0.115335,56.488366,46.959839,44.337161,0.96634,37949681.4
US,CSCO,2019-07-05,0.216029,45.456,45.743,45.7245,45.017333,45.668405,45.372985,0.29542,0.301684,-0.012527,57.036861,47.022675,44.426325,0.957316,36012479.8
US,CSCO,2019-07-08,-0.732917,45.752,45.704,45.7495,45.027167,45.727112,45.423134,0.303978,0.302143,0.00367,54.520401,47.052519,44.446481,0.926794,18554820.2
US,CSCO,2019-07-09,0.282302,46.072,45.665,45.761,45.042167,45.796787,45.479199,0.317589,0.305232,0.024714,55.331887,47.074909,44.447091,0.899165,16770828.0
US,CSCO,2019-07-10,1.385881,46.346,45.78,45.7765,45.0585,45.954205,45.578517,0.375687,0.319323,0.112729,59.192252,47.132041,44.420959,0.911368,16580483.6
US,CSCO,2019-07-11,0.299018,46.48,45.867,45.85,45.0735,46.108942,45.680849,0.428093,0.341077,0.174032,60.006493,47.292082,44.407918,0.886984,17006042.8
US,CSCO,2019-07-12,1.149915,46.702,46.079,45.938,45.092167,46.322951,45.815601,0.50735,0.374332,0.266037,63.067534,47.547566,44.328434,0.864343,16883380.2
US,CSCO,2019-07-15,0.168421,47.008,46.38,46.0875,45.120833,46.516343,45.946297,0.570046,0.413475,0.313143,63.513085,47.723689,44.451311,0.824033,15478307.4
US,CSCO,2019-07-16,-0.75662,47.216,46.644,46.1925,45.142333,46.624598,46.040646,0.583953,0.44757,0.272765,60.004971,47.836372,44.548628,0.811602,13865725.0
US,CSCO,2019-07-17,-0.698856,47.23,46.788,46.2545,45.159167,46.665429,46.103561,0.561868,0.47043,0.182877,56.902294,47.905372,44.603628,0.789344,11846585.0
US,CSCO,2019-07-18,0.91704,47.302,46.891,46.335,45.178333,46.766132,46.193667,0.572465,0.490837,0.163256,59.817852,48.028287,44.641713,0.785105,10706253.0
US,CSCO,2019-07-19,-0.655114,47.204,46.953,46.348,45.189833,46.803651,46.254137,0.549514,0.502572,0.093883,56.832849,48.057744,44.638256,0.772598,10750649.4
US,CSCO,2019-07-22,0.638162,47.15,47.079,46.3915,45.213833,46.88155,46.332349,0.549202,0.511898,0.074607,58.966842,48.151912,44.631088,0.75527,11085859.2
US,CSCO,2019-07-23,-0.021137,47.166,47.191,46.428,45.243667,46.945927,46.404027,0.541901,0.517899,0.048004,58.862385,48.231448,44.624552,0.73775,11324081.0
US,CSCO,2019-07-24,-0.824524,47.17,47.2,46.49,45.263667,46.9404,46.441506,0.498894,0.514098,-0.030408,54.786202,48.270056,44.709944,0.720054,13106101.0
US,CSCO,2019-07-25,-1.065871,46.988,47.145,46.506,45.277833,46.8588,46.439172,0.419628,0.495204,-0.151152,50.005178,48.277117,44.734883,0.734336,14072962.0
US,CSCO,2019-07-26,-0.172377,46.852,47.028,46.5535,45.295667,46.777446,46.431085,0.346361,0.465435,-0.238149,49.264401,48.250689,44.856311,0.709026,14345051.8
US,CSCO,2019-07-29,0.712281,46.722,46.936,46.658,45.327667,46.759378,46.448042,0.311335,0.434615,-0.246559,52.397073,48.090545,45.225455,0.69481,14658123.6
US,CSCO,2019-07-30,-0.814402,46.518,46.842,46.743,45.353333,46.685627,46.435595,0.250033,0.397699,-0.295332,48.670399,47.833066,45.652934,0.679466,14044365.8
US,CSCO,2019-07-31,-1.879862,46.218,46.694,46.741,45.369167,46.489377,46.359625,0.129752,0.344109,-0.428714,41.408871,47.840653,45.641347,0.74379,13897207.4
US,CSCO,2019-08-01,-0.022022,46.016,46.502,46.6965,45.400333,46.32178,46.288541,0.033239,0.281935,-0.497392,41.332537,47.929501,45.463499,0.792091,14675886.0
US,CSCO,2019-08-02,-3.876652,45.478,46.165,46.559,45.402,45.909199,46.092353,-0.183154,0.188917,-0.744143,30.630277,48.374025,44.743975,0.900513,17431666.4
US,CSCO,2019-08-05,-3.528873,44.566,45.644,46.3615,45.385333,45.323168,45.796623,-0.473455,0.056443,-1.059796,24.622561,49.019133,43.703867,0.971191,21007797.2
US,CSCO,2019-08-06,2.39905,43.932,45.225,46.208,45.379667,44.982681,45.597614,-0.614933,-0.077832,-1.074202,33.794068,49.220744,43.195256,0.98182,23224793.2
US,CSCO,2019-08-07,-0.487126,43.43,44.824,46.012,45.398333,44.662268,45.397791,-0.735522,-0.20937,-1.052304,32.897778,49.334141,42.689859,0.993118,24562271.8
US,CSCO,2019-08-08,1.561772,43.064,44.54,45.8425,45.4185,44.494227,45.262399,-0.768172,-0.321131,-0.894082,38.501928,49.297154,42.387846,0.981467,25976844.2
US,CSCO,2019-08-09,-1.377094,42.93,44.204,45.616,45.422833,44.259731,45.092592,-0.832861,-0.423477,-0.818769,35.63198,49.197929,42.034071,0.977077,23657468.4
US,CSCO,2019-08-12,-1.69886,42.958,43.762,45.349,45.367667,43.949003,44.881288,-0.932286,-0.525238,-0.814094,32.461558,49.097743,41.600257,0.970857,20948768.4
US,CSCO,2019-08-13,2.296402,42.978,43.455,45.1485,45.323,43.83531,44.757489,-0.922179,-0.604627,-0.635105,40.089598,48.904457,41.392543,1.01151,21142908.0
US,CSCO,2019-08-14,-4.003703,42.694,43.062,44.878,45.254167,43.472955,44.514712,-1.041758,-0.692053,-0.69941,32.943206,48.865423,40.890577,1.090688,22359874.6
US,CSCO,2019-08-15,-8.606557,41.562,42.313,44.4075,45.118833,42.617115,44.025474,-1.408359,-0.835314,-1.14609,23.595715,49.258479,39.556521,1.282067,29418216.8
US,CSCO,2019-08-16,1.529939,40.666,41.798,43.9815,45.0045,41.982175,43.615439,-1.633265,-0.994904,-1.276721,27.20939,49.315809,38.647191,1.255491,30933259.2
US,CSCO,2019-08-19,3.273578,40.168,41.563,43.6035,44.9315,41.638763,43.32911,-1.690347,-1.133993,-1.112709,34.461359,49.011702,38.195298,1.261527,32937710.2
US,CSCO,2019-08-20,-1.18239,39.382,41.18,43.2025,44.848167,41.275877,43.029176,-1.7533,-1.257854,-0.990891,33.135239,48.644113,37.760887,1.210704,32242888.8
US,CSCO,2019-08-21,1.756619,39.08,40.887,42.8555,44.782333,41.074972,42.802571,-1.727598,-1.351803,-0.75159,36.969961,48.191249,37.519751,1.182797,29873934.8
US,CSCO,2019-08-22,-1.200901,39.396,40.479,42.5095,44.718667,40.831131,42.557195,-1.726065,-1.426655,-0.598818,35.446986,47.775407,37.243593,1.17974,21900756.0
US,CSCO,2019-08-23,-3.26665,39.338,40.002,42.103,44.628167,40.426341,42.23444,-1.808099,-1.502944,-0.610309,31.670936,47.381629,36.824371,1.21833,22077105.2
US,CSCO,2019-08-26,1.04712,39.108,39.638,41.7,44.565333,40.145366,41.965222,-1.819856,-1.566326,-0.50706,34.018073,46.751261,36.648739,1.169878,19759754.4
US,CSCO,2019-08-27,-0.647668,38.922,39.152,41.3035,44.501667,39.869156,41.697428,-1.828272,-1.618716,-0.419113,33.249331,46.092614,36.514386,1.142029,20291524.4
US,CSCO,2019-08-28,0.156454,38.61,38.845,40.9535,44.419333,39.64467,41.453915,-1.809245,-1.656821,-0.304846,33.636939,45.508433,36.398567,1.102598,18856562.4
US,CSCO,2019-08-29,0.859151,38.46,38.928,40.6205,44.321833,39.50549,41.252884,-1.747394,-1.674936,-0.144916,35.843548,44.783371,36.457629,1.084556,17499435.4
US,CSCO,2019-08-30,-0.955085,38.494,38.916,40.357,44.2135,39.330799,41.039337,-1.708538,-1.681656,-0.053763,34.460023,44.387043,36.326957,1.066373,16173173.6
US,CSCO,2019-09-03,-0.677613,38.396,38.752,40.1575,44.0895,39.142984,40.822349,-1.679365,-1.681198,0.003666,33.482012,44.217578,36.097422,1.035918,16610607.2
US,CSCO,2019-09-04,1.758069,38.482,38.702,39.941,43.97,39.08714,40.671064,-1.583924,-1.661743,0.155639,38.338563,43.805298,36.076702,1.014781,15179317.8
US,CSCO,2019-09-05,2.320784,38.736,38.673,39.78,43.856167,39.178349,40.597652,-1.419302,-1.613255,0.387905,44.229026,43.398232,36.161768,1.023725,16627899.0
US,CSCO,2019-09-06,0.882056,38.994,38.727,39.603,43.765167,39.309373,40.555604,-1.246231,-1.53985,0.587239,46.374472,42.781988,36.424012,0.992745,17268982.6
US,CSCO,2019-09-09,-0.524607,39.284,38.889,39.4455,43.6665,39.387931,40.501114,-1.113184,-1.454517,0.682666,45.249709,42.22917,36.66183,0.953977,17653864.6
US,CSCO,2019-09-10,1.280763,39.728,39.062,39.35,43.5955,39.532864,40.488439,-0.955575,-1.354728,0.798307,48.515541,41.861366,36.838634,0.967265,17475515.6
US,CSCO,2019-09-11,1.661294,40.172,39.327,39.2395,43.526833,39.758578,40.526333,-0.767755,-1.237334,0.939157,52.522242,41.194672,37.284328,0.948174,18465236.8
US,CSCO,2019-09-12,-0.195122,40.42,39.578,39.2115,43.448,39.937258,40.555493,-0.618235,-1.113514,0.990558,52.001851,41.050089,37.372911,0.93259,18087224.8
US,CSCO,2019-09-13,0.195503,40.614,39.804,39.366,43.3695,40.100757,40.58842,-0.487663,-0.988344,1.001362,52.508592,41.259646,37.472354,0.89312,17672964.8
US,CSCO,2019-09-16,-0.121951,40.84,40.062,39.489,43.272833,40.23141,40.615203,-0.383794,-0.867434,0.96728,52.138098,41.457176,37.520824,0.852183,16043064.8
US,CSCO,2019-09-17,-1.098901,40.874,40.301,39.5265,43.173833,40.272731,40.60667,-0.333939,-0.760735,0.853592,48.800728,41.541169,37.511831,0.840598,16045045.0
US,CSCO,2019-09-18,-0.148148,40.762,40.467,39.5845,43.071667,40.298465,40.594324,-0.295859,-0.66776,0.743801,48.356275,41.633934,37.535066,0.836984,14846880.2
US,CSCO,2019-09-19,-0.296736,40.642,40.531,39.602,42.9825,40.301778,40.574004,-0.272226,-0.588653,0.632854,47.42596,41.670193,37.533807,0.828628,14624302.2
US,CSCO,2019-09-20,0.818452,40.572,40.593,39.66,42.891833,40.355351,40.579633,-0.224282,-0.515779,0.582993,50.259965,41.776866,37.543134,0.828012,21278662.6
US,CSCO,2019-09-23,-0.369004,40.482,40.661,39.775,42.8105,40.377604,40.573734,-0.19613,-0.451849,0.511438,48.967847,41.810441,37.739559,0.796011,22608248.8
US,CSCO,2019-09-24,-0.592593,40.434,40.654,39.858,42.738667,40.359511,40.550495,-0.190983,-0.399676,0.417385,46.89068,41.829391,37.886609,0.814153,24807859.2
US,CSCO,2019-09-25,0.993542,40.478,40.62,39.9735,42.673333,40.40574,40.558606,-0.152866,-0.350314,0.394896,50.648164,41.846159,38.100841,0.825285,25411871.8
US,CSCO,2019-09-26,-1.574029,40.418,40.53,40.054,42.582833,40.346396,40.518709,-0.172314,-0.314714,0.2848,45.144681,41.783872,38.324128,0.845622,26377982.2
US,CSCO,2019-09-27,0.024988,40.294,40.433,40.1185,42.4785,40.297719,40.482509,-0.184789,-0.288729,0.207879,45.244797,41.740416,38.496584,0.836649,19763200.2
US,CSCO,2019-09-30,1.174119,40.294,40.388,40.225,42.380333,40.32884,40.483804,-0.154965,-0.261976,0.214022,49.875216,41.640238,38.809762,0.824745,18849916.8
US,CSCO,2019-10-01,-3.382716,40.068,40.251,40.276,42.265,40.144403,40.383523,-0.23912,-0.257405,0.03657,39.412656,41.432571,39.119429,0.912978,18278541.2
US,CSCO,2019-10-02,-2.478916,39.568,40.023,40.245,42.131333,39.83911,40.218817,-0.379707,-0.281865,-0.195684,33.97784,41.579803,38.910197,0.949194,21553782.4
US,CSCO,2019-10-03,1.834382,39.336,39.877,40.204,41.998667,39.688478,40.118164,-0.429686,-0.31143,-0.236514,40.368369,41.651334,38.756666,0.962823,20807534.4
US,CSCO,2019-10-04,0.977869,39.178,39.736,40.1645,41.87,39.619481,40.053115,-0.433634,-0.33587,-0.195527,43.562029,41.670601,38.658399,0.93405,20949496.0
US,CSCO,2019-10-07,0.509684,38.966,39.63,40.1455,41.735667,39.591869,40.007699,-0.41583,-0.351862,-0.127936,45.22478,41.677864,38.613136,0.915189,20915601.6
US,CSCO,2019-10-08,-2.890467,38.8,39.434,40.044,41.581,39.39312,39.881203,-0.488083,-0.379107,-0.217953,38.298539,41.770643,38.317357,0.93339,20803935.0
US,CSCO,2019-10-09,0.992167,38.904,39.236,39.928,41.438667,39.283409,39.792225,-0.508816,-0.405048,-0.207535,41.513953,41.693442,38.162558,0.913148,17755532.8
US,CSCO,2019-10-10,-1.47363,38.754,39.045,39.7875,41.292333,39.102884,39.667616,-0.564731,-0.436985,-0.255492,38.290589,41.658872,37.916128,0.924351,19452249.0
US,CSCO,2019-10-11,0.865914,38.594,38.886,39.6595,41.144333,39.000902,39.576681,-0.575779,-0.464744,-0.22207,41.140026,41.53183,37.78717,0.925469,21131593.6
US,CSCO,2019-10-14,-1.092612,38.31,38.638,39.513,40.9945,38.849994,39.461371,-0.611377,-0.49407,-0.234613,38.691295,41.416755,37.609245,0.892221,21337490.2
US,CSCO,2019-10-15,0.683851,38.306,38.553,39.402,40.844,38.762303,39.373862,-0.61156,-0.517568,-0.187983,41.031248,41.321433,37.482567,0.85992,20356430.2
US,CSCO,2019-10-16,0.914316,38.296,38.6,39.3115,40.6995,38.741949,39.318761,-0.576813,-0.529417,-0.094792,44.122952,41.197016,37.425984,0.831354,20309416.0
US,CSCO,2019-10-17,0.517732,38.44,38.597,39.237,40.564833,38.755495,39.282557,-0.527062,-0.528946,0.003768,45.869437,41.074369,37.399631,0.8134,18183334.8
US,CSCO,2019-10-18,-0.669585,38.466,38.53,39.133,40.434167,38.726957,39.229775,-0.502818,-0.52372,0.041806,43.94642,40.871483,37.394517,0.791014,16594369.4
US,CSCO,2019-10-21,1.451906,38.688,38.499,39.0645,40.314167,38.788964,39.222384,-0.43342,-0.50566,0.14448,48.914168,40.686172,37.442828,0.779513,16292086.4
US,CSCO,2019-10-22,0.332226,38.884,38.595,39.0145,40.190833,38.861431,39.225171,-0.36374,-0.477276,0.227073,50.021504,40.544735,37.484265,0.75312,15571522.2
US,CSCO,2019-10-23,-1.04432,38.928,38.612,38.924,40.067,38.859672,39.19738,-0.337708,-0.449363,0.22331,46.591381,40.255441,37.592559,0.75004,15390826.2
US,CSCO,2019-10-24,-1.364221,38.826,38.633,38.839,39.948833,38.776646,39.132389,-0.355743,-0.430639,0.149791,42.531269,40.09461,37.58339,0.763608,16204844.6
US,CSCO,2019-10-25,1.043841,38.856,38.661,38.7735,39.8375,38.767931,39.101842,-0.333911,-0.411293,0.154765,46.332405,39.904221,37.642779,0.742636,15899605.4
US,CSCO,2019-10-28,0.594008,38.82,38.754,38.696,39.759333,38.795942,39.090594,-0.294652,-0.387965,0.186625,48.444013,39.511215,37.880785,0.731734,15780408.4
US,CSCO,2019-10-29,0.154044,38.77,38.827,38.69,39.707833,38.828874,39.084624,-0.25575,-0.361522,0.211543,49.007669,39.49404,37.88596,0.710181,15482427.2
US,CSCO,2019-10-30,0.666496,38.854,38.891,38.7455,39.643833,38.896739,39.098356,-0.201616,-0.329541,0.255849,51.483014,39.54878,37.94222,0.684454,14758656.2
US,CSCO,2019-10-31,-0.101859,39.036,38.931,38.764,39.582667,38.94801,39.108107,-0.160097,-0.295652,0.27111,51.072255,39.593588,37.934412,0.668422,13565038.4
US,CSCO,2019-11-01,-1.019628,39.058,38.957,38.7435,39.503667,38.929855,39.087507,-0.157652,-0.268052,0.2208,47.031207,39.544806,37.942194,0.672106,15305625.2
US,CSCO,2019-11-04,0.952871,39.108,38.964,38.7315,39.440833,38.971416,39.095839,-0.124424,-0.239326,0.229805,50.901168,39.497118,37.965882,0.674098,15537462.8
US,CSCO,2019-11-05,0.586735,39.192,38.981,38.788,39.394,39.041967,39.120592,-0.078625,-0.207186,0.257122,53.190613,39.58408,37.99192,0.66452,16592462.2
US,CSCO,2019-11-06,1.09054,39.31,39.082,38.847,39.338167,39.167818,39.175363,-0.007545,-0.167258,0.319426,57.208028,39.767502,37.926498,0.66134,17360956.6
US,CSCO,2019-11-07,0.301054,39.46,39.248,38.9405,39.313167,39.292769,39.234966,0.057803,-0.122246,0.360098,58.284031,39.92053,37.96047,0.659815,18206856.6
US,CSCO,2019-11-08,0.850425,39.758,39.408,39.0345,39.353333,39.450805,39.315339,0.135466,-0.070703,0.412339,61.256596,40.155044,37.913956,0.659829,16208840.8
US,CSCO,2019-11-11,-1.488095,39.862,39.485,39.1195,39.373833,39.492219,39.345314,0.146906,-0.027181,0.348175,53.950557,40.175369,38.063631,0.687698,17124144.2
US,CSCO,2019-11-12,0.553877,39.964,39.578,39.2025,39.377,39.561109,39.389364,0.171744,0.012604,0.318281,56.021762,40.242209,38.162791,0.676434,16454711.2
US,CSCO,2019-11-13,0.175263,39.994,39.652,39.2715,39.389167,39.630169,39.435337,0.194831,0.049049,0.291564,56.689267,40.333014,38.209986,0.669546,18723859.0
US,CSCO,2019-11-14,-7.323169,39.414,39.437,39.184,39.341,39.237835,39.260868,-0.023033,0.034633,-0.115331,33.659852,40.60447,37.76353,0.849578,28502270.0
US,CSCO,2019-11-15,0.404531,38.796,39.277,39.117,39.303333,38.928938,39.110433,-0.181496,-0.008593,-0.345806,35.113125,40.756513,37.477487,0.83818,32096987.8
US,CSCO,2019-11-18,0.1343,38.308,39.085,39.0245,39.288,38.675255,38.974846,-0.299591,-0.066792,-0.465597,35.619403,40.848961,37.200039,0.822596,32727243.8
US,CSCO,2019-11-19,0.697425,37.828,38.896,38.9385,39.270333,38.5006,38.868561,-0.367961,-0.127026,-0.481869,38.314673,40.869492,37.007508,0.794553,33522805.2
US,CSCO,2019-11-20,-0.852424,37.27,38.632,38.857,39.2515,38.303585,38.746445,-0.44286,-0.190193,-0.505335,36.300393,40.928532,36.785468,0.784942,31806462.0
US,CSCO,2019-11-21,-0.537346,37.258,38.336,38.792,39.228333,38.10611,38.61856,-0.51245,-0.254644,-0.515612,35.059801,41.003693,36.580307,0.756018,22658251.0
US,CSCO,2019-11-22,0.027012,37.218,38.007,38.7075,39.199833,37.940555,38.500889,-0.560334,-0.315782,-0.489104,35.179086,41.049063,36.365937,0.729873,19925862.2
US,CSCO,2019-11-25,1.350257,37.268,37.788,38.6365,39.185833,37.877393,38.428972,-0.551579,-0.362942,-0.377275,41.013304,41.029885,36.243115,0.719168,19307441.0
US,CSCO,2019-11-26,-0.319744,37.242,37.535,38.5565,39.174167,37.805486,38.353492,-0.548006,-0.399955,-0.296103,40.080906,41.001014,36.111986,0.698513,21268481.8
US,CSCO,2019-11-27,-0.160385,37.268,37.269,38.4605,39.150333,37.735411,38.279159,-0.543748,-0.428713,-0.23007,39.596194,40.936,35.985,0.677905,20513779.0
US,CSCO,2019-11-29,0.160643,37.346,37.302,38.3695,39.1125,37.685348,38.214777,-0.529429,-0.448857,-0.161146,40.372756,40.858929,35.880071,0.652341,18501799.0
US,CSCO,2019-12-02,-1.336541,37.322,37.27,38.2735,39.0605,37.566064,38.118127,-0.552063,-0.469498,-0.165131,36.196545,40.831626,35.715374,0.644316,18286177.6
US,CSCO,2019-12-03,-0.948253,37.128,37.198,38.1415,39.006167,37.411285,38.00271,-0.591426,-0.493883,-0.195084,33.578159,40.766353,35.516647,0.655437,18421589.8
US,CSCO,2019-12-04,-0.875274,36.894,37.068,37.982,38.938,37.231087,37.872139,-0.641052,-0.523317,-0.23547,31.345568,40.6614,35.3026,0.64862,15978016.4
US,CSCO,2019-12-05,-0.855408,36.61,36.939,37.7855,38.8535,37.03092,37.728277,-0.697357,-0.558125,-0.278464,29.312282,40.461598,35.109402,0.643718,17526470.0
US,CSCO,2019-12-06,0.751461,36.368,36.857,37.5965,38.774833,36.903086,37.615071,-0.711985,-0.588897,-0.246176,33.366452,40.1574,35.0356,0.629881,18873513.6
US,CSCO,2019-12-09,0.138122,36.236,36.779,37.393,38.695667,36.802611,37.513955,-0.711344,-0.613386,-0.195914,34.119986,39.689015,35.096985,0.621318,18875949.4
US,CSCO,2019-12-10,0.441379,36.206,36.667,37.2275,38.62,36.742209,37.43218,-0.689971,-0.628703,-0.122535,36.591109,39.294477,35.160523,0.599796,19182388.6
US,CSCO,2019-12-11,0.411975,36.27,36.582,37.0585,38.554333,36.714177,37.367574,-0.653397,-0.633642,-0.03951,38.904793,38.724553,35.392447,0.577667,19031285.0
US,CSCO,2019-12-12,3.145514,36.626,36.618,36.9435,38.508833,36.867381,37.392939,-0.525559,-0.612025,0.172934,53.049282,37.975707,35.911293,0.624262,19918531.8
US,CSCO,2019-12-13,-0.822063,36.866,36.617,36.9595,38.460167,36.949322,37.393462,-0.44414,-0.578448,0.268616,49.708419,38.009442,35.909558,0.629672,20970024.8
US,CSCO,2019-12-16,1.524064,37.21,36.723,36.9965,38.4155,37.10635,37.436169,-0.329819,-0.528723,0.397807,55.284568,38.130736,35.862264,0.661124,21813210.2
US,CSCO,2019-12-17,1.00079,37.598,36.902,37.05,38.379667,37.29768,37.50386,-0.20618,-0.464214,0.516069,58.581619,38.324896,35.775104,0.648901,21942535.4
US,CSCO,2019-12-18,0.41721,37.988,37.129,37.0985,38.3505,37.484191,37.578389,-0.094198,-0.390211,0.592026,59.921603,38.51068,35.68632,0.632551,23037869.0
US,CSCO,2019-12-19,2.648663,38.352,37.489,37.214,38.331667,37.798931,37.722953,0.075978,-0.296973,0.745902,67.205618,38.980459,35.447541,0.666655,23776887.0
US,CSCO,2019-12-20,-0.885403,38.708,37.787,37.322,38.317667,38.011403,37.830882,0.180521,-0.201474,0.76399,62.976119,39.281394,35.362606,0.674751,29933313.6
US,CSCO,2019-12-23,1.378254,39.058,38.134,37.4565,38.3125,38.274264,37.970817,0.303447,-0.10049,0.807874,66.481084,39.67007,35.24293,0.678697,29609218.6
US,CSCO,2019-12-24,-0.679758,39.278,38.438,37.5525,38.295,38.455147,38.080386,0.374761,-0.00544,0.760401,63.256585,39.930893,35.174107,0.665933,26516066.8
US,CSCO,2019-12-26,0.152091,39.478,38.733,37.6575,38.301333,38.617432,38.186283,0.431148,0.081878,0.698541,63.678188,40.182367,35.132633,0.639081,24354857.2
US,CSCO,2019-12-27,-0.17717,39.46,38.906,37.762,38.322667,38.743981,38.279151,0.46483,0.158468,0.612723,62.773227,40.397873,35.126127,0.614861,20412933.4
US,CSCO,2019-12-30,-0.380325,39.482,39.095,37.856,38.329833,38.827984,38.354029,0.473955,0.221566,0.504779,60.779905,40.567947,35.144053,0.605942,12322000.0
US,CSCO,2019-12-31,0.789005,39.458,39.258,37.9905,38.335833,38.946755,38.446323,0.500432,0.277339,0.446187,63.368771,40.76748,35.21352,0.596232,11249902.2
US,CSCO,2020-01-02,1.691919,39.622,39.45,38.176,38.349667,39.150331,38.58141,0.568921,0.335655,0.466532,68.247207,41.040251,35.311749,0.601501,13182971.8
US,CSCO,2020-01-03,-1.638937,39.642,39.56,38.3445,38.3715,39.22105,38.657602,0.563448,0.381214,0.364468,59.79879,41.128745,35.560255,0.614251,14076109.8
US,CSCO,2020-01-06,0.378692,39.706,39.583,38.536,38.3895,39.303965,38.739261,0.564704,0.417912,0.293584,60.98101,41.151358,35.920642,0.618947,16301366.8
US,CSCO,2020-01-07,-0.653924,39.748,39.615,38.701,38.412667,39.334124,38.795612,0.538512,0.442032,0.192961,57.807705,41.114644,36.287356,0.616165,17188885.0
US,CSCO,2020-01-08,0.050633,39.732,39.595,38.8645,38.430667,39.362721,38.849271,0.51345,0.456316,0.114269,57.988807,41.021215,36.707785,0.630011,19246269.0
US,CSCO,2020-01-09,-0.404858,39.55,39.586,39.012,38.453,39.362302,38.887102,0.4752,0.460092,0.030215,55.920862,40.858235,37.165765,0.633581,19546493.8
US,CSCO,2020-01-10,-0.406504,39.468,39.555,39.144,38.468333,39.337333,38.91028,0.427053,0.453484,-0.052864,53.852689,40.608068,37.679932,0.618326,19129872.4
US,CSCO,2020-01-13,1.785714,39.496,39.601,39.2535,38.4895,39.423897,38.983593,0.440304,0.450848,-0.021088,60.700648,40.594608,37.912392,0.624874,18341459.2
US,CSCO,2020-01-14,-0.37594,39.546,39.647,39.371,38.504833,39.474066,39.040363,0.433703,0.447419,-0.027433,58.690802,40.422454,38.319546,0.602383,18618482.8
US,CSCO,2020-01-15,0.45283,39.628,39.68,39.469,38.5275,39.54421,39.106262,0.437948,0.445525,-0.015155,60.385864,40.327531,38.610469,0.597213,16840040.4
US,CSCO,2020-01-16,2.178813,39.916,39.733,39.5915,38.555333,39.737409,39.231725,0.505684,0.457557,0.096254,67.35775,40.475203,38.707797,0.618126,17216786.6
US,CSCO,2020-01-17,-0.073529,40.23,39.849,39.7045,38.5805,39.896269,39.345671,0.550598,0.476165,0.148866,66.920384,40.584102,38.824898,0.61326,19951106.6
US,CSCO,2020-01-21,-0.441501,40.368,39.932,39.7575,38.6095,40.002997,39.437843,0.565153,0.493963,0.142381,64.225732,40.713112,38.801888,0.600884,20656826.4
US,CSCO,2020-01-22,0.517369,40.578,40.062,39.8385,38.650833,40.125613,39.538744,0.586869,0.512544,0.14865,65.948444,40.857132,38.819868,0.600821,20103674.8
US,CSCO,2020-01-23,-0.122549,40.742,40.185,39.89,38.684667,40.221672,39.628467,0.593206,0.528676,0.129059,65.144081,40.981036,38.798964,0.603619,20199326.2
US,CSCO,2020-01-24,-0.294479,40.708,40.312,39.949,38.712667,40.284492,39.702654,0.581838,0.539309,0.085058,63.153228,41.065797,38.832203,0.616218,18993722.6
US,CSCO,2020-01-27,-2.830421,40.45,40.34,39.9475,38.7205,40.160724,39.686161,0.474563,0.526359,-0.103594,48.010564,41.06673,38.82827,0.666488,17691682.6
US,CSCO,2020-01-28,0.633232,40.278,40.323,39.962,38.728167,40.094459,39.689409,0.40505,0.502097,-0.194095,50.773872,41.061902,38.862098,0.648882,16144342.6
US,CSCO,2020-01-29,-1.510194,39.944,40.261,39.954,38.7265,39.94608,39.647971,0.298109,0.4613,-0.326381,44.641247,41.075453,38.832547,0.664676,15965098.8
US,CSCO,2020-01-30,0.408893,39.652,40.197,39.9385,38.734167,39.845145,39.621455,0.22369,0.413778,-0.380175,46.497072,41.08733,38.78967,0.677199,15576078.8
US,CSCO,2020-01-31,-2.697888,39.172,39.94,39.8365,38.718,39.596661,39.518384,0.078277,0.346678,-0.536801,37.522511,41.19297,38.48003,0.712399,16776682.4
US,CSCO,2020-02-03,1.229401,39.016,39.733,39.791,38.705833,39.458713,39.457763,0.00095,0.277532,-0.553164,42.794807,41.23315,38.34885,0.712942,15720187.8
US,CSCO,2020-02-04,2.351421,38.992,39.635,39.7835,38.701667,39.481988,39.46904,0.012948,0.224616,-0.423334,51.354314,41.227775,38.339225,0.732018,15702627.8
US,CSCO,2020-02-05,1.741984,39.226,39.585,39.8235,38.707,39.607836,39.530592,0.077244,0.195141,-0.235795,56.650788,41.278426,38.368574,0.737588,16253137.8
US,CSCO,2020-02-06,0.496278,39.468,39.56,39.8725,38.71,39.745092,39.6024,0.142692,0.184651,-0.083919,58.075655,41.349089,38.395911,0.720617,15251586.6
US,CSCO,2020-02-07,-1.481481,39.802,39.487,39.8995,38.713,39.768924,39.624445,0.144479,0.176617,-0.064275,52.500435,41.357244,38.441756,0.722716,14599148.0
US,CSCO,2020-02-10,1.879699,40.192,39.604,39.972,38.724833,39.904474,39.700412,0.204062,0.182106,0.043913,57.936316,41.427604,38.516396,0.731093,15324985.8
US,CSCO,2020-02-11,0.516605,40.442,39.717,40.02,38.739,40.051478,39.786307,0.265171,0.198719,0.132904,59.339441,41.525404,38.514596,0.728873,17169185.8
US,CSCO,2020-02-12,1.639745,40.688,39.957,40.109,38.813167,40.278943,39.91547,0.363473,0.23167,0.263607,63.520429,41.744847,38.473153,0.745382,20097959.6
US,CSCO,2020-02-13,-5.225138,40.46,39.964,40.0805,38.848667,40.137567,39.874324,0.263244,0.237985,0.050518,46.752482,41.747395,38.413605,0.891426,27543934.0
US,CSCO,2020-02-14,-0.736789,40.294,40.048,39.994,38.8785,39.973326,39.814744,0.158582,0.222104,-0.127044,45.041284,41.681986,38.306014,0.877753,29531836.0
US,CSCO,2020-02-18,-0.819043,39.914,40.053,39.893,38.898667,39.785122,39.735874,0.049248,0.187533,-0.27657,43.163901,41.624347,38.161653,0.85577,29439364.4
US,CSCO,2020-02-19,-0.645161,39.442,39.942,39.7885,38.92,39.587411,39.644328,-0.056917,0.138643,-0.39112,41.701494,41.589836,37.987164,0.848215,30330984.4
US,CSCO,2020-02-20,1.220779,38.93,39.809,39.697,38.9525,39.492425,39.594378,-0.101953,0.090524,-0.384954,45.44376,41.469198,37.924802,0.850486,28077084.4
US,CSCO,2020-02-21,-1.180395,38.76,39.61,39.585,38.977167,39.341282,39.514053,-0.172771,0.037865,-0.421272,42.56395,41.359976,37.810024,0.837594,22674425.8
US,CSCO,2020-02-24,-4.959751,38.266,39.28,39.3835,38.961667,38.919547,39.298198,-0.378651,-0.045438,-0.666425,33.165835,41.516988,37.250012,0.914194,24384160.4
US,CSCO,2020-02-25,-2.868852,37.626,38.77,39.187,38.930667,38.401155,39.020553,-0.619399,-0.16023,-0.918336,29.331628,41.895247,36.478753,0.976037,30279038.2
US,CSCO,2020-02-26,-1.350211,36.94,38.191,38.954,38.892667,37.88867,38.72792,-0.83925,-0.296034,-1.086432,27.752135,42.186401,35.721599,0.99132,32459543.2
US,CSCO,2020-02-27,-5.047049,35.806,37.368,38.6625,38.824167,37.18272,38.325852,-1.143131,-0.465454,-1.355355,22.863005,42.724011,34.600989,1.048369,38664783.2
US,CSCO,2020-02-28,-0.27027,34.746,36.753,38.3585,38.7625,36.571533,37.9469,-1.375367,-0.647436,-1.455861,22.644555,43.048213,33.668787,1.1042,50697297.8
US,CSCO,2020-03-02,3.101475,34.274,36.27,38.159,38.723833,36.212835,37.672315,-1.459479,-0.809845,-1.299268,30.794246,43.181282,33.136718,1.160328,53410973.6
US,CSCO,2020-03-03,-2.745327,33.824,35.725,37.889,38.674833,35.764707,37.348439,-1.583733,-0.964623,-1.23822,27.904861,43.329143,32.448857,1.207448,53664971.6
US,CSCO,2020-03-04,3.363363,33.694,35.317,37.6295,38.649667,35.557829,37.131518,-1.573689,-1.086436,-0.974507,35.65207,43.209842,32.049158,1.219059,51963606.6
US,CSCO,2020-03-05,-4.386984,33.616,34.711,37.26,38.594833,35.150471,36.818813,-1.668342,-1.202817,-0.93105,30.840332,43.058493,31.461507,1.256269,47726206.6
US,CSCO,2020-03-06,0.273473,33.574,34.16,36.885,38.540667,34.819629,36.535938,-1.716309,-1.305516,-0.821587,31.434316,42.766328,31.003672,1.293678,41408527.4
US,CSCO,2020-03-09,-4.333333,33.04,33.657,36.4685,38.46,34.319686,36.168091,-1.848405,-1.414093,-0.868623,27.406633,42.610807,30.326193,1.402701,43942734.0
US,CSCO,2020-03-10,5.606589,33.048,33.436,36.103,38.406333,34.168965,35.958602,-1.789637,-1.489202,-0.60087,37.996476,42.074104,30.131896,1.438222,44191090.2
US,CSCO,2020-03-11,-7.558488,32.328,33.011,35.601,38.2915,33.65374,35.577965,-1.924226,-1.576207,-0.696037,31.051286,41.576138,29.625862,1.556207,50908375.6
US,CSCO,2020-03-12,-10.415315,31.268,32.442,34.905,38.128333,32.723934,34.987746,-2.263812,-1.713728,-1.100168,24.826258,41.190318,28.619682,1.686478,55228256.6
US,CSCO,2020-03-13,13.400942,30.93,32.252,34.5025,38.017333,32.506405,34.71532,-2.208915,-1.812765,-0.792299,39.805777,40.623986,28.381014,1.832443,56279056.6
US,CSCO,2020-03-16,-10.443948,30.224,31.632,33.951,37.8455,31.819266,34.220852,-2.401586,-1.930529,-0.942113,33.459957,40.309959,27.592041,2.012983,52814250.0
US,CSCO,2020-03-17,5.313837,29.462,31.255,33.49,37.695833,31.467071,33.873381,-2.40631,-2.025685,-0.761249,38.287622,39.726124,27.253876,2.026342,51021427.2
US,CSCO,2020-03-18,4.537758,29.472,30.9,33.1085,37.5515,31.375214,33.650909,-2.275694,-2.075687,-0.400014,42.33932,38.995769,27.221231,2.143031,49680581.8
US,CSCO,2020-03-19,1.587302,30.222,30.745,32.728,37.421167,31.372874,33.481212,-2.108338,-2.082217,-0.052241,43.792551,38.002545,27.453455,2.178529,50973460.8
US,CSCO,2020-03-20,-5.580357,29.882,30.406,32.283,37.252667,31.101662,33.194455,-2.092793,-2.084333,-0.016921,39.922642,37.00389,27.56211,2.205777,49918050.0
US,CSCO,2020-03-23,-2.803107,30.03,30.127,31.892,37.074833,30.744483,32.867459,-2.122975,-2.092061,-0.061828,38.198505,36.408878,27.375122,2.171793,49040470.0
US,CSCO,2020-03-24,11.535789,30.544,30.003,31.7195,36.951333,30.953024,32.81061,-1.857585,-2.045166,0.375161,47.892396,35.916596,27.522404,2.258808,50373111.0
US,CSCO,2020-03-25,-2.398754,30.636,30.054,31.5325,36.816167,31.011021,32.700935,-1.689914,-1.974116,0.568403,46.086831,35.439022,27.625978,2.243179,47567035.6
US,CSCO,2020-03-26,7.724226,31.114,30.668,31.555,36.723833,31.432402,32.778644,-1.346241,-1.848541,1.004599,52.18775,35.506903,27.603097,2.293666,43600540.8
US,CSCO,2020-03-27,-4.325926,31.65,30.766,31.509,36.602,31.56434,32.742448,-1.178107,-1.714454,1.072693,48.613542,35.403781,27.614219,2.258404,40139751.6
US,CSCO,2020-03-30,3.840198,32.6,31.315,31.4735,36.489667,31.866749,32.800785,-0.934035,-1.55837,1.24867,51.642732,35.280006,27.666994,2.195661,37599138.2
US,CSCO,2020-03-31,-2.505219,32.718,31.631,31.443,36.374333,31.993403,32.792579,-0.799175,-1.406531,1.214712,49.513402,35.19993,27.68607,2.116685,33155985.4
US,CSCO,2020-04-01,-2.477822,32.828,31.732,31.316,36.243,31.975957,32.72498,-0.749024,-1.27503,1.052013,47.480397,34.825373,27.806627,2.050493,29939340.8
US,CSCO,2020-04-02,4.799247,32.76,31.937,31.341,36.1415,32.196579,32.775722,-0.579144,-1.135853,1.113418,51.528859,34.902179,27.779821,2.053315,27877995.6
US,CSCO,2020-04-03,-1.855732,32.86,32.255,31.3305,36.029333,32.287874,32.77678,-0.488906,-1.006463,1.035115,49.851852,34.873242,27.787758,2.01165,25869315.6
US,CSCO,2020-04-06,6.068923,33.11,32.855,31.491,35.953,32.671278,32.925167,-0.253888,-0.855948,1.20412,54.92278,35.340197,27.641803,2.025103,26773534.6
US,CSCO,2020-04-07,-1.897642,33.396,33.057,31.53,35.868333,32.894159,33.013673,-0.119514,-0.708661,1.178294,53.008295,35.468121,27.591879,2.009025,27642785.6
US,CSCO,2020-04-08,2.696366,34.028,33.428,31.741,35.787333,33.224288,33.163771,0.060517,-0.554826,1.230685,55.344971,35.947414,27.534586,1.959094,26821349.0
US,CSCO,2020-04-09,-1.284247,34.264,33.512,32.09,35.701333,33.434398,33.269418,0.16498,-0.410865,1.151689,53.932317,36.016454,28.163546,1.899873,26715288.0
US,CSCO,2020-04-13,0.05782,34.628,33.744,32.255,35.612667,33.615259,33.36872,0.246539,-0.279384,1.051846,53.988529,36.311666,28.198334,1.819882,26386648.0
US,CSCO,2020-04-14,3.785033,34.856,33.983,32.649,35.531333,33.969835,33.557704,0.412131,-0.141081,1.106424,57.634921,36.517953,28.780047,1.785605,24634842.4
US,CSCO,2020-04-15,-2.951002,35.004,34.2,32.9155,35.432833,34.106783,33.65417,0.452613,-0.022342,0.949911,53.911855,36.619117,29.211883,1.750919,22247382.4
US,CSCO,2020-04-16,-0.057372,34.964,34.496,33.114,35.337,34.219586,33.742009,0.477576,0.077642,0.79987,53.841184,36.783209,29.444791,1.692282,22946279.0
US,CSCO,2020-04-17,2.353617,35.178,34.721,33.329,35.251333,34.441188,33.884083,0.557105,0.173534,0.767142,56.366649,37.065217,29.592783,1.639262,23556540.0
US,CSCO,2020-04-20,0.140213,35.398,35.013,33.634,35.167333,34.63639,34.019336,0.617054,0.262238,0.709631,56.522852,37.09158,30.17642,1.612172,24325900.0
US,CSCO,2020-04-21,-4.676561,35.022,34.939,33.897,35.0575,34.544638,34.020867,0.523771,0.314545,0.418452,50.074907,36.54254,31.25146,1.624874,26081628.4
US,CSCO,2020-04-22,2.996475,35.062,35.033,34.045,34.983833,34.623924,34.097839,0.526085,0.356853,0.338464,53.559578,36.601548,31.488452,1.601668,26063349.6
US,CSCO,2020-04-23,-0.34227,35.082,35.023,34.2255,34.904,34.672551,34.160222,0.512329,0.387948,0.248763,53.090093,36.481953,31.969047,1.548692,24047789.6
US,CSCO,2020-04-24,2.175157,35.09,35.134,34.323,34.846833,34.83062,34.274279,0.556341,0.421627,0.269428,55.736449,36.656059,31.989941,1.500928,20835833.2
US,CSCO,2020-04-27,1.260504,35.178,35.288,34.516,34.7945,35.033602,34.413222,0.62038,0.461377,0.318005,57.273419,36.782084,32.249916,1.435148,19735653.2
US,CSCO,2020-04-28,-1.327801,35.504,35.263,34.623,34.751833,35.131509,34.506316,0.625193,0.49414,0.262105,55.076573,36.894837,32.351163,1.406209,16688991.0
US,CSCO,2020-04-29,2.018503,35.77,35.416,34.808,34.713333,35.325123,34.645848,0.679275,0.531167,0.296215,57.697691,37.021934,32.594066,1.365765,16507536.4
US,CSCO,2020-04-30,-2.225886,35.898,35.49,34.993,34.646167,35.364335,34.715045,0.64929,0.554792,0.188996,53.888384,36.773215,33.212785,1.338925,18623480.6
US,CSCO,2020-05-01,-3.456998,35.628,35.359,35.04,34.547,35.208283,34.688005,0.520279,0.547889,-0.055221,48.637161,36.69585,33.38415,1.34043,20114197.0
US,CSCO,2020-05-04,1.077147,35.342,35.26,35.1365,34.450667,35.133163,34.690375,0.442788,0.526869,-0.168161,50.208963,36.445152,33.827848,1.299685,19726160.0
US,CSCO,2020-05-05,0.259217,35.17,35.337,35.138,34.365833,35.083446,34.699236,0.38421,0.498337,-0.228255,50.604928,36.445082,33.830918,1.241136,19452657.4
US,CSCO,2020-05-06,-0.746912,34.802,35.286,35.1595,34.264167,35.001377,34.688181,0.313196,0.461309,-0.296226,49.383127,36.411897,33.907103,1.195341,19174700.6
US,CSCO,2020-05-07,0.520984,34.632,35.265,35.144,34.162,34.959627,34.691279,0.268348,0.422717,-0.308738,50.27816,36.409534,33.878466,1.147102,17873443.4
US,CSCO,2020-05-08,3.915923,34.98,35.304,35.219,34.071333,35.13353,34.794888,0.338642,0.405902,-0.134519,56.532222,36.521565,33.916435,1.164452,17846948.8
US,CSCO,2020-05-11,0.775838,35.31,35.326,35.307,34.0215,35.323756,34.911563,0.412194,0.40716,0.010067,57.711566,36.669529,33.944471,1.144134,19883945.8
US,CSCO,2020-05-12,-0.219962,35.606,35.388,35.3255,33.975167,35.472409,35.013669,0.45874,0.417476,0.082528,57.233771,36.730213,33.920787,1.129553,22035322.2
US,CSCO,2020-05-13,-2.948471,35.74,35.271,35.3435,33.916333,35.433577,35.028953,0.404624,0.414906,-0.020563,51.135833,36.733036,33.953964,1.184585,26224592.8
US,CSCO,2020-05-14,4.51448,36.156,35.394,35.442,33.888167,35.645334,35.160882,0.484452,0.428815,0.111274,58.253655,36.949124,33.934876,1.257115,32273414.4
US,CSCO,2020-05-15,0.977995,36.372,35.676,35.5175,33.858167,35.879898,35.309706,0.570192,0.45709,0.226204,59.685538,37.201636,33.833364,1.258749,33995455.4
US,CSCO,2020-05-18,1.775626,36.664,35.987,35.6235,33.846833,36.179914,35.496394,0.68352,0.502376,0.362287,62.242467,37.586531,33.660469,1.230267,34154931.4
US,CSCO,2020-05-19,-1.004494,36.896,36.251,35.794,33.861,36.375312,35.641106,0.734206,0.548742,0.370927,59.887325,37.769585,33.818415,1.181677,33860596.0
US,CSCO,2020-05-20,1.869159,37.482,36.611,35.9485,33.904333,36.648341,35.82695,0.821391,0.603272,0.436238,62.688092,38.141637,33.755363,1.170128,30500155.6
US,CSCO,2020-05-21,-1.756225,37.616,36.886,36.0755,33.9445,36.776288,35.949398,0.82689,0.647996,0.357789,58.479286,38.314031,33.836969,1.152976,24151587.0
US,CSCO,2020-05-22,0.58698,37.722,37.047,36.1755,34.017833,36.918398,36.079072,0.839326,0.686262,0.306128,59.442186,38.514435,33.836565,1.119907,20555541.6
US,CSCO,2020-05-26,-0.132626,37.686,37.175,36.2505,34.091833,37.030952,36.195437,0.835515,0.716112,0.238805,59.106692,38.675952,33.825048,1.107056,19514905.6
US,CSCO,2020-05-27,2.49668,37.914,37.405,36.3965,34.164333,37.270806,36.372812,0.897993,0.752488,0.29101,63.300362,39.008934,33.784066,1.098695,19077261.0
US,CSCO,2020-05-28,-0.803317,37.94,37.711,36.491,34.247333,37.426066,36.514085,0.911981,0.784387,0.255188,61.075873,39.229356,33.752644,1.085217,19045910.6
US,CSCO,2020-05-29,4.885057,38.474,38.045,36.7195,34.342833,37.845133,36.783412,1.06172,0.839854,0.443734,68.310336,39.850222,33.588778,1.151987,24025004.0
US,CSCO,2020-06-01,-3.188045,38.708,38.215,36.9455,34.442167,38.002805,36.937975,1.06483,0.884849,0.359963,60.07912,40.011302,33.879698,1.165416,25252567.4
US,CSCO,2020-06-02,1.286339,39.052,38.369,37.178,34.548333,38.213143,37.118125,1.095018,0.926883,0.33627,62.005082,40.238716,34.117284,1.143601,24354376.4
US,CSCO,2020-06-03,0.1016,39.216,38.565,37.408,34.679,38.397274,37.287893,1.109381,0.963382,0.291998,62.162352,40.413206,34.402794,1.101915,23421336.4
US,CSCO,2020-06-04,-0.17762,39.428,38.684,37.6475,34.779,38.542309,37.439901,1.102408,0.991188,0.222441,61.681185,40.46081,34.83419,1.066778,22235926.8
US,CSCO,2020-06-05,2.084392,39.43,38.952,37.919,34.934667,38.791185,37.64139,1.149795,1.022909,0.253772,65.090113,40.598559,35.239441,1.077009,18040073.4
US,CSCO,2020-06-08,0.62251,39.738,39.223,38.135,35.148,39.040233,37.846472,1.193761,1.057079,0.273363,66.080858,40.885524,35.384476,1.062936,17858132.8
US,CSCO,2020-06-09,-0.173224,39.932,39.492,38.3335,35.2985,39.240197,38.031178,1.209019,1.087467,0.243104,65.520157,41.118663,35.548337,1.032012,18120403.8
US,CSCO,2020-06-10,-1.313832,40.012,39.614,38.5095,35.494667,39.327859,38.162942,1.164917,1.102957,0.123919,61.280417,41.199121,35.819879,1.014012,18314483.8
US,CSCO,2020-06-11,-7.912585,39.476,39.452,38.5815,35.6135,38.917419,38.051613,0.865806,1.055527,-0.379442,43.332983,40.975929,36.187071,1.168725,22610747.8
US,CSCO,2020-06-12,3.218767,39.012,39.221,38.633,35.729667,38.751663,38.035938,0.715724,0.987566,-0.543685,49.320776,40.914448,36.351552,1.216673,23317647.8
US,CSCO,2020-06-15,0.607822,38.544,39.141,38.678,35.8415,38.646791,38.038461,0.60833,0.911719,-0.606778,50.420463,40.876232,36.479768,1.239054,24013484.0
US,CSCO,2020-06-16,2.495403,38.28,39.106,38.7375,35.998333,38.704208,38.111168,0.59304,0.847983,-0.509886,54.784672,40.904903,36.570097,1.279121,25908944.0
US,CSCO,2020-06-17,-0.666325,38.07,39.041,38.803,36.164667,38.712791,38.15923,0.553562,0.789099,-0.471074,53.39928,40.888436,36.717564,1.24347,26296284.0
US,CSCO,2020-06-18,-0.722394,38.434,38.955,38.8195,36.271,38.676977,38.18299,0.493987,0.730077,-0.472179,51.877805,40.889171,36.749829,1.203222,23664580.0
US,CSCO,2020-06-19,-1.117464,38.476,38.744,38.848,36.383,38.580519,38.173139,0.40738,0.665537,-0.516315,49.543225,40.857941,36.838059,1.205135,25660107.6
US,CSCO,2020-06-22,-0.367937,38.444,38.494,38.8585,36.452333,38.477363,38.153647,0.323715,0.597173,-0.546916,48.77364,40.846416,36.870584,1.157625,25079807.6
US,CSCO,2020-06-23,0.685835,38.274,38.277,38.8845,36.550333,38.430076,38.154859,0.275217,0.532782,-0.515129,50.317148,40.821461,36.947539,1.134223,24109367.6
US,CSCO,2020-06-24,-1.571915,38.036,38.053,38.8335,36.617667,38.297757,38.111536,0.186221,0.46347,-0.554498,46.811784,40.850838,36.816162,1.117493,24597575.4
US,CSCO,2020-06-25,1.038062,37.932,38.183,38.8175,36.7055,38.245794,38.100311,0.145483,0.399872,-0.508778,49.284943,40.857097,36.777903,1.104815,23935855.4
US,CSCO,2020-06-26,2.423604,38.098,38.287,38.754,36.822167,38.343364,38.158066,0.185298,0.356957,-0.343318,54.642796,40.700663,36.807337,1.138757,38100867.8
US,CSCO,2020-06-29,-0.334362,38.266,38.355,38.748,36.911167,38.405924,38.201913,0.204011,0.326368,-0.244715,53.778225,40.693935,36.802065,1.103846,39196229.4
US,CSCO,2020-06-30,1.058065,38.464,38.369,38.7375,37.017333,38.521935,38.272882,0.249053,0.310905,-0.123704,56.135479,40.67213,36.80287,1.079285,38929514.8
US,CSCO,2020-07-01,-1.251277,38.684,38.36,38.7005,37.082167,38.544714,38.302298,0.242416,0.297207,-0.109582,52.677803,40.610416,36.790584,1.04505,37787387.0
US,CSCO,2020-07-02,-0.155159,38.814,38.373,38.664,37.157,38.554758,38.325091,0.229667,0.283699,-0.108064,52.253378,40.551405,36.776595,1.015404,37890807.0
US,CSCO,2020-07-06,1.735302,38.894,38.496,38.62,37.227667,38.666334,38.395825,0.270509,0.281061,-0.021105,56.470935,40.404052,36.835948,0.995018,19735727.0
US,CSCO,2020-07-07,-1.705703,38.866,38.566,38.53,37.294667,38.657667,38.41169,0.245977,0.274045,-0.056134,51.565658,40.114184,36.945816,0.976088,18381213.2
US,CSCO,2020-07-08,0.3885,38.786,38.625,38.451,37.363833,38.673411,38.437491,0.23592,0.26642,-0.060999,52.559212,39.807479,37.094521,0.951368,17007607.8
US,CSCO,2020-07-09,1.960784,38.956,38.82,38.4365,37.423833,38.803655,38.517676,0.285979,0.270331,0.031295,57.334722,39.739716,37.133284,0.967698,18787247.8
US,CSCO,2020-07-10,-0.101215,39.13,38.972,38.5775,37.500833,38.907708,38.58896,0.318749,0.280015,0.077467,57.009451,39.675423,37.479577,0.940006,17615988.2
US,CSCO,2020-07-13,-1.570415,39.046,38.97,38.6285,37.567833,38.900369,38.609037,0.291332,0.282278,0.018107,52.077751,39.678362,37.578638,0.946434,17978517.6
US,CSCO,2020-07-14,0.720535,39.152,39.009,38.682,37.625833,38.937235,38.648367,0.288868,0.283596,0.010543,54.012568,39.721569,37.642431,0.944546,18418649.8
US,CSCO,2020-07-15,0.306592,39.252,39.019,38.694,37.685,38.986891,38.693673,0.293218,0.28552,0.015394,54.853831,39.754234,37.633766,0.927792,18555489.8
US,CSCO,2020-07-16,-1.324503,39.096,39.026,38.693,37.763333,38.948908,38.697105,0.251803,0.278777,-0.053948,50.539347,39.753021,37.632979,0.933664,16891839.0
US,CSCO,2020-07-17,2.116675,39.112,39.121,38.747,37.838333,39.042922,38.761023,0.281899,0.279401,0.004995,56.367455,39.866484,37.627516,0.93626,18214645.8
US,CSCO,2020-07-20,0.455005,39.288,39.167,38.8315,37.918333,39.150165,38.83354,0.316625,0.286846,0.059558,57.549924,39.98247,37.68053,0.920098,17814836.4
US,CSCO,2020-07-21,0.125818,39.418,39.285,38.9255,37.9865,39.248601,38.904389,0.344212,0.298319,0.091786,57.8913,40.067121,37.783879,0.882949,17169083.8
US,CSCO,2020-07-22,-0.276451,39.502,39.377,39.001,38.045333,39.31497,38.961842,0.353128,0.309281,0.087695,56.808923,40.132457,37.869543,0.854881,19471743.8
US,CSCO,2020-07-23,1.108871,39.778,39.437,39.1285,38.1195,39.438821,39.047631,0.39119,0.325663,0.131054,60.028236,40.156143,38.100857,0.855961,20679898.0
US,CSCO,2020-07-24,-2.143569,39.718,39.415,39.1935,38.167333,39.41131,39.063362,0.347948,0.33012,0.035656,51.887521,40.070729,38.316271,0.887678,19998676.2
US,CSCO,2020-07-27,1.706572,39.756,39.522,39.246,38.239833,39.491108,39.127558,0.363551,0.336806,0.05349,56.80255,40.166509,38.325491,0.891415,19920576.2
US,CSCO,2020-07-28,-1.928375,39.63,39.524,39.2665,38.32,39.440169,39.129961,0.310208,0.331486,-0.042557,50.426812,40.15977,38.37323,0.887028,19500688.8
US,CSCO,2020-07-29,0.919305,39.598,39.55,39.2845,38.4,39.45245,39.158852,0.293598,0.323909,-0.060622,53.078549,40.182954,38.386046,0.859383,16380674.8
US,CSCO,2020-07-30,-0.55668,39.434,39.606,39.316,38.474833,39.428996,39.169308,0.259689,0.311065,-0.102752,51.27353,40.169098,38.462902,0.877999,14707661.2
US,CSCO,2020-07-31,1.399491,39.552,39.635,39.378,38.563167,39.493766,39.219729,0.274037,0.303659,-0.059245,55.360546,40.196379,38.559621,0.890999,14852209.2
US,CSCO,2020-08-03,0.125471,39.546,39.651,39.409,38.649333,39.556264,39.27012,0.286144,0.300156,-0.028024,55.724127,40.25663,38.56137,0.868785,14565512.8
US,CSCO,2020-08-04,1.102757,39.782,39.706,39.4955,38.720167,39.676839,39.34937,0.327468,0.305619,0.0437,58.896795,40.352366,38.638634,0.852443,14338352.8
US,CSCO,2020-08-05,-0.718889,39.888,39.743,39.56,38.7815,39.734248,39.401269,0.332979,0.311091,0.043777,56.046211,40.379073,38.740927,0.832983,14630221.2
US,CSCO,2020-08-06,0.923845,40.112,39.773,39.605,38.850333,39.839748,39.47673,0.363018,0.321476,0.083084,58.786936,40.505211,38.704789,0.81777,14391371.4
US,CSCO,2020-08-07,-0.717467,40.168,39.86,39.6375,38.932167,39.884402,39.525121,0.359282,0.329037,0.060489,55.847566,40.563867,38.711133,0.804358,14260959.2
US,CSCO,2020-08-10,0.647894,40.266,39.906,39.714,38.991833,39.962187,39.589186,0.373001,0.33783,0.070342,57.880917,40.623448,38.804552,0.797618,14432295.6
US,CSCO,2020-08-11,-1.138896,40.184,39.983,39.7535,39.037833,39.957235,39.614431,0.342804,0.338825,0.007958,53.211798,40.627737,38.879263,0.822788,15636322.2
US,CSCO,2020-08-12,1.928375,40.314,40.101,39.8255,39.085667,40.071506,39.694844,0.376663,0.346392,0.060541,59.151841,40.76039,38.89061,0.82116,18425544.4
US,CSCO,2020-08-13,-11.179361,39.46,39.786,39.696,39.064,39.468198,39.432263,0.035935,0.284301,-0.496732,32.718504,41.505181,37.886819,1.10822,33957264.4
US,CSCO,2020-08-14,-0.525588,38.626,39.397,39.516,39.0275,38.928475,39.175058,-0.246583,0.178124,-0.849414,32.073944,41.951442,37.080558,1.06549,37054303.2
US,CSCO,2020-08-17,-0.973304,37.67,38.968,39.3095,38.996333,38.41794,38.91098,-0.493039,0.043891,-1.073861,30.867599,42.27634,36.34266,1.043669,40156812.6
US,CSCO,2020-08-18,-0.252738,36.788,38.486,39.096,38.96,37.972103,38.659796,-0.687693,-0.102425,-1.170534,30.549413,42.479149,35.712851,0.997693,41053806.0
US,CSCO,2020-08-19,-0.253378,35.734,38.024,38.8835,38.923,37.581011,38.420552,-0.839541,-0.249849,-1.179385,30.214007,42.609727,35.157273,0.961429,39668554.0
US,CSCO,2020-08-20,1.044313,35.664,37.562,38.6675,38.8765,37.307009,38.226437,-0.919428,-0.383765,-1.071327,33.448954,42.578249,34.756751,0.934184,24987434.0
US,CSCO,2020-08-21,-0.139665,35.622,37.124,38.492,38.834333,37.067469,38.042997,-0.975528,-0.502117,-0.946822,33.224817,42.591135,34.392865,0.897457,21957454.0
US,CSCO,2020-08-24,-0.167832,35.638,36.654,38.28,38.76,36.855551,37.868701,-1.01315,-0.604324,-0.817653,32.939573,42.49661,34.06339,0.861924,19403691.0
US,CSCO,2020-08-25,-0.532362,35.634,36.211,38.097,38.703833,36.647005,37.693242,-1.046237,-0.692707,-0.707061,32.002603,42.4601,33.7339,0.831787,17818251.0
US,CSCO,2020-08-26,0.704225,35.698,35.716,37.9085,38.6435,36.509004,37.549298,-1.040294,-0.762224,-0.55614,34.637173,42.334696,33.482304,0.823088,18123932.0
US,CSCO,2020-08-27,0.083916,35.694,35.679,37.7325,38.583,36.396849,37.418239,-1.021389,-0.814057,-0.414665,34.962818,42.203088,33.261912,0.791439,18926512.0
US,CSCO,2020-08-28,-0.19564,35.686,35.654,37.5255,38.5225,36.29118,37.291703,-1.000522,-0.85135,-0.298344,34.530524,41.968033,33.082967,0.752764,18763312.0
US,CSCO,2020-08-31,0.028003,35.692,35.665,37.3165,38.4485,36.203306,37.17528,-0.971974,-0.875475,-0.192998,34.654825,41.685217,32.947783,0.723996,19474325.6
US,CSCO,2020-09-01,-0.447928,35.704,35.669,37.0775,38.367667,36.104336,37.05563,-0.951294,-0.890639,-0.12131,33.557028,41.278209,32.876791,0.715853,21059823.6
US,CSCO,2020-09-02,0.928009,35.732,35.715,36.8695,38.2935,36.071361,36.969287,-0.897925,-0.892096,-0.011659,37.924752,40.867972,32.871028,0.704721,22743798.0
US,CSCO,2020-09-03,-3.455001,35.506,35.6,36.581,38.2075,35.85269,36.797488,-0.944797,-0.902636,-0.084322,29.956115,40.338509,32.823491,0.760098,26110061.4
US,CSCO,2020-09-04,-0.31746,35.272,35.479,36.3015,38.172167,35.650738,36.630267,-0.979528,-0.918015,-0.123028,29.366632,39.782944,32.820056,0.765805,29768826.0
US,CSCO,2020-09-08,-1.997684,34.898,35.295,35.9745,38.105667,35.373701,36.424321,-1.050619,-0.944536,-0.212168,25.920933,39.065056,32.883944,0.762533,31329586.0
US,CSCO,2020-09-09,0.324963,34.578,35.141,35.676,38.037167,35.156209,36.241779,-1.08557,-0.972742,-0.225654,27.383734,38.298513,33.053487,0.754495,31330932.8
US,CSCO,2020-09-10,-1.413428,34.096,34.914,35.315,37.944833,34.898331,36.037202,-1.138872,-1.005968,-0.265807,25.058444,36.822534,33.807466,0.774888,30343552.8
US,CSCO,2020-09-11,0.776583,33.914,34.71,35.1945,37.861167,34.720126,35.867039,-1.146913,-1.034157,-0.225512,28.595384,36.798015,33.590985,0.750968,26856529.4
US,CSCO,2020-09-14,1.244813,33.838,34.555,35.1045,37.789167,34.633953,35.740592,-1.106639,-1.048654,-0.115971,34.013181,36.727984,33.481016,0.743756,23856389.4
US,CSCO,2020-09-15,0.556206,33.938,34.418,35.0415,37.7275,34.590268,35.637585,-1.047317,-1.048386,0.002138,36.365405,36.679356,33.403644,0.718488,21840849.4
US,CSCO,2020-09-16,-0.436681,33.986,34.282,34.9755,37.665667,34.530226,35.531097,-1.000871,-1.038883,0.076025,35.295696,36.637119,33.313881,0.71431,22035013.6
US,CSCO,2020-09-17,-0.116959,34.122,34.109,34.912,37.598833,34.473269,35.429535,-0.956266,-1.02236,0.132188,35.000032,36.596204,33.227796,0.718288,21458437.0
US,CSCO,2020-09-18,-1.375878,34.112,34.013,34.8065,37.534167,34.352766,35.30068,-0.947914,-1.007471,0.119113,31.64564,36.519092,33.093908,0.714124,25977997.0
US,CSCO,2020-09-21,-1.959038,33.886,33.862,34.6705,37.452,34.149263,35.132482,-0.983218,-1.00262,0.038804,27.63966,36.490428,32.850572,0.731687,27703652.4
US,CSCO,2020-09-22,0.726612,33.67,33.804,34.5495,37.3585,34.013992,34.99452,-0.980528,-0.998202,0.035348,31.057367,36.403679,32.695321,0.714424,27430195.4
US,CSCO,2020-09-23,-2.645026,33.308,33.647,34.394,37.2525,33.764147,34.801593,-1.037446,-1.006051,-0.06279,26.175506,36.41718,32.37082,0.73625,27534355.0
US,CSCO,2020-09-24,-1.111454,32.882,33.502,34.208,37.133667,33.497355,34.596289,-1.098934,-1.024627,-0.148614,24.480229,36.377061,32.038939,0.724375,29271251.6
US,CSCO,2020-09-25,1.561037,32.65,33.381,34.0455,37.031333,33.348531,34.443231,-1.0947,-1.038642,-0.112116,31.149872,36.206078,31.884922,0.728349,24974420.6
US,CSCO,2020-09-28,1.78297,32.666,33.276,33.9155,36.939667,33.311834,34.344473,-1.032639,-1.037441,0.009605,37.991164,35.970109,31.860891,0.727752,24130560.8
US,CSCO,2020-09-29,-0.181214,32.622,33.146,33.782,36.835833,33.271552,34.248586,-0.977034,-1.02536,0.096651,37.575213,35.692158,31.871842,0.708627,23894576.4
US,CSCO,2020-09-30,0.847201,32.81,33.059,33.6705,36.747833,33.280544,34.180543,-0.899999,-1.000288,0.200578,40.830928,35.404737,31.936263,0.698725,24348567.8
US,CSCO,2020-10-01,-0.60006,33.03,32.956,33.5325,36.654,33.257383,34.102725,-0.845341,-0.969298,0.247914,39.25603,34.948337,32.116663,0.69453,22319196.0
US,CSCO,2020-10-02,-1.358286,33.06,32.855,33.434,36.54,33.168555,33.997338,-0.828783,-0.941195,0.224825,35.900714,34.798323,32.069677,0.695635,22624467.0
US,CSCO,2020-10-05,0.764994,33.024,32.845,33.3535,36.430833,33.131854,33.918276,-0.786421,-0.91024,0.247638,39.019122,34.634754,32.072246,0.677376,23155146.8
US,CSCO,2020-10-06,0.0,33.0,32.811,33.3075,36.332,33.1008,33.84507,-0.74427,-0.877046,0.265552,39.019122,34.58018,32.03482,0.687563,25545930.8
US,CSCO,2020-10-07,2.156089,33.062,32.936,33.2915,36.240333,33.183754,33.82988,-0.646126,-0.830862,0.369473,47.441093,34.538757,32.044243,0.69988,24242033.0
US,CSCO,2020-10-08,0.980975,33.23,33.13,33.316,36.152167,33.304715,33.840259,-0.535544,-0.771799,0.472509,50.839509,34.595928,32.036072,0.697032,23895594.0
US,CSCO,2020-10-09,0.176626,33.5,33.28,33.3305,36.073667,33.416297,33.854314,-0.438017,-0.705042,0.534051,51.454125,34.635636,32.025364,0.677958,22230494.0
US,CSCO,2020-10-12,1.263591,33.806,33.415,33.3455,35.988667,33.576867,33.89918,-0.322313,-0.628496,0.612367,55.726184,34.694581,31.996419,0.684532,21396123.0
US,CSCO,2020-10-13,-1.3639,34.018,33.509,33.3275,35.892833,33.640426,33.905907,-0.265481,-0.555893,0.580824,50.495575,34.631339,32.023661,0.690637,20397620.4
US,CSCO,2020-10-14,0.205943,34.102,33.582,33.3205,35.797333,33.704976,33.917321,-0.212346,-0.487184,0.549676,51.229805,34.606913,32.034087,0.681306,19567815.4
US,CSCO,2020-10-15,0.20552,34.134,33.682,33.319,35.704833,33.770364,33.933075,-0.162711,-0.422289,0.519156,51.996541,34.601558,32.036442,0.672641,18852940.4
US,CSCO,2020-10-16,0.468796,34.186,33.843,33.349,35.607667,33.850308,33.959514,-0.109206,-0.359673,0.500933,53.785006,34.691533,32.006467,0.67031,19878463.8
US,CSCO,2020-10-19,-2.128901,34.006,33.906,33.3755,35.512667,33.805645,33.92992,-0.124275,-0.312593,0.376636,45.462585,34.712713,32.038287,0.696716,19247114.8
US,CSCO,2020-10-20,-0.268176,33.902,33.96,33.3855,35.405,33.754007,33.895852,-0.141845,-0.278444,0.273197,44.547387,34.722399,32.048601,0.676236,17872434.8
US,CSCO,2020-10-21,-0.35853,33.76,33.931,33.4335,35.308167,33.691852,33.855419,-0.163566,-0.255468,0.183804,43.295887,34.690533,32.176467,0.664362,17986757.6
US,CSCO,2020-10-22,-0.5997,33.564,33.849,33.4895,35.202,33.608491,33.803166,-0.194675,-0.243309,0.097269,41.217512,34.580233,32.398767,0.658337,18975171.4
US,CSCO,2020-10-23,0.0,33.336,33.761,33.5205,35.0995,33.537954,33.754783,-0.216829,-0.238013,0.042368,41.217512,34.532814,32.508186,0.631312,17827368.0
US,CSCO,2020-10-26,-2.986425,33.056,33.531,33.473,34.971333,33.325961,33.636651,-0.31069,-0.252549,-0.116283,32.312694,34.63586,32.31014,0.688362,19736577.6
US,CSCO,2020-10-27,-2.114428,32.658,33.28,33.3945,34.831,33.041967,33.476899,-0.434932,-0.289025,-0.291813,27.860354,34.838875,31.950125,0.704907,24005897.6
US,CSCO,2020-10-28,-3.144854,32.086,32.923,33.2525,34.666833,32.649356,33.255647,-0.606291,-0.352479,-0.507624,22.910798,35.173946,31.331054,0.727414,27514937.6
US,CSCO,2020-10-29,-0.065595,31.55,32.557,33.1195,34.507167,32.314071,33.049303,-0.735232,-0.429029,-0.612406,22.822586,35.392529,30.846471,0.723313,30501529.6
US,CSCO,2020-10-30,0.590745,31.05,32.193,33.018,34.344333,32.05806,32.871577,-0.813517,-0.505927,-0.61518,25.599035,35.529275,30.506725,0.69879,33222241.4
US,CSCO,2020-11-02,0.0,30.748,31.902,32.904,34.186333,31.841435,32.707016,-0.86558,-0.577857,-0.575446,25.599035,35.619595,30.188405,0.690305,32089551.8
US,CSCO,2020-11-03,2.185971,30.716,31.687,32.8235,34.035167,31.761215,32.604274,-0.843059,-0.630898,-0.424323,35.600298,35.625323,30.021677,0.728855,29975831.8
US,CSCO,2020-11-04,-0.287356,30.864,31.475,32.703,33.890167,31.679489,32.502476,-0.822986,-0.669315,-0.307342,34.921222,35.560734,29.845266,0.725365,29087915.6
US,CSCO,2020-11-05,1.793148,31.128,31.339,32.594,33.741667,31.696491,32.4497,-0.753209,-0.686094,-0.134229,42.296778,35.416193,29.771807,0.717839,26651455.6
US,CSCO,2020-11-06,0.786411,31.406,31.228,32.4945,33.673167,31.749338,32.419352,-0.670013,-0.682878,0.02573,45.278389,35.246615,29.742385,0.697994,24714583.8
US,CSCO,2020-11-09,1.810237,31.8,31.274,32.4025,33.6175,31.883286,32.434214,-0.550928,-0.656488,0.21112,51.53516,35.004575,29.800425,0.813137,28547871.4
US,CSCO,2020-11-10,1.348866,32.148,31.432,32.356,33.575,32.064319,32.480569,-0.41625,-0.60844,0.384381,55.675575,34.874844,29.837156,0.807199,29382193.6
US,CSCO,2020-11-11,1.572898,32.618,31.741,32.332,33.542667,32.297501,32.562008,-0.264507,-0.539654,0.550293,60.022373,34.793947,29.870053,0.81097,28824371.6
US,CSCO,2020-11-12,-1.667659,32.864,31.996,32.2765,33.5025,32.408655,32.595934,-0.187279,-0.469179,0.5638,53.892848,34.621062,29.931938,0.813044,30103156.4
US,CSCO,2020-11-13,7.056329,33.526,32.466,32.3295,33.495,32.861169,32.799938,0.061231,-0.363097,0.848655,68.367309,34.891565,29.767435,0.928541,36032116.0
US,CSCO,2020-11-16,2.743989,34.266,33.033,32.4675,33.5045,33.393297,33.060684,0.332613,-0.223955,1.113136,72.27016,35.528545,29.406455,0.937931,34416737.8
US,CSCO,2020-11-17,-1.54185,34.806,33.477,32.582,33.505667,33.757405,33.260633,0.496772,-0.079809,1.153163,67.121343,35.941265,29.222735,0.92665,32742017.8
US,CSCO,2020-11-18,-1.342282,35.146,33.882,32.6785,33.502,33.991651,33.410216,0.581435,0.052439,1.057991,62.979573,36.226075,29.130925,0.920461,31540997.4
US,CSCO,2020-11-19,-0.368481,35.572,34.218,32.7785,33.492,34.169858,33.539089,0.630769,0.168105,0.925328,61.866137,36.482888,29.074112,0.891142,30067813.8
US,CSCO,2020-11-20,-0.483642,35.498,34.512,32.87,33.478667,34.294495,33.645823,0.648672,0.264219,0.768907,60.363243,36.695012,29.044988,0.85606,24199583.2
US,CSCO,2020-11-23,1.629503,35.344,34.805,33.0395,33.476,34.48765,33.786873,0.700777,0.35153,0.698493,63.559693,37.020889,29.058111,0.845627,21216390.4
US,CSCO,2020-11-24,2.33474,35.468,35.137,33.2845,33.487,34.778781,33.978957,0.799824,0.441189,0.71727,67.650637,37.450642,29.118358,0.85094,21158153.8
US,CSCO,2020-11-25,-0.247389,35.67,35.408,33.5745,33.499167,35.011276,34.150145,0.861131,0.525178,0.671907,66.775238,37.729629,29.419371,0.826587,21416152.4
US,CSCO,2020-11-27,0.468449,35.932,35.752,33.874,33.508667,35.234157,34.321245,0.912911,0.602724,0.620374,67.627363,37.953698,29.794302,0.796831,19134515.4
US,CSCO,2020-11-30,0.740538,36.282,35.89,34.178,33.543333,35.464286,34.499672,0.964615,0.675102,0.579025,68.987785,38.156289,30.199711,0.7792,22127056.0
US,CSCO,2020-12-01,1.225157,36.608,35.976,34.5045,33.587333,35.728242,34.698214,1.030028,0.746087,0.567881,71.162893,38.340307,30.668693,0.787829,22985477.8
US,CSCO,2020-12-02,0.806885,36.828,36.148,34.8125,33.647833,35.997743,34.904273,1.093471,0.815564,0.555813,72.545367,38.564363,31.060637,0.768698,21899972.2
US,CSCO,2020-12-03,0.480256,37.102,36.386,35.134,33.7095,36.253475,35.108401,1.145075,0.881466,0.527217,73.37028,38.700205,31.567795,0.747362,22918575.0
US,CSCO,2020-12-04,0.610728,37.388,36.66,35.439,33.783,36.505248,35.314445,1.190803,0.943334,0.494939,74.427593,38.849038,32.028962,0.731836,24228631.4
US,CSCO,2020-12-07,-0.052784,37.616,36.949,35.7305,33.851833,36.71521,35.503745,1.211465,0.99696,0.42901,74.151887,38.917941,32.543059,0.715277,20097667.0
US,CSCO,2020-12-08,0.052812,37.758,37.183,35.994,33.914,36.895947,35.680505,1.215442,1.040656,0.349571,74.254593,38.973882,33.014118,0.701328,17977608.6
US,CSCO,2020-12-09,0.712589,37.894,37.361,36.249,33.9775,37.090417,35.864171,1.226245,1.077774,0.296943,75.660627,39.048328,33.449672,0.679805,19029128.6
US,CSCO,2020-12-10,-0.838574,37.93,37.516,36.462,34.038167,37.205737,36.010529,1.195208,1.101261,0.187895,70.730335,39.057439,33.866561,0.666962,17035285.8
US,CSCO,2020-12-11,0.0,37.92,37.654,36.703,34.0995,37.303316,36.146045,1.157271,1.112463,0.089616,70.730335,38.827684,34.578316,0.656464,16486867.8
US,CSCO,2020-12-14,-0.184989,37.9,37.758,36.824,34.1675,37.375114,36.266338,1.108775,1.111725,-0.0059,69.580052,38.90181,34.74619,0.656003,16891969.2
US,CSCO,2020-12-15,1.085518,37.958,37.858,36.917,34.253333,37.498942,36.408091,1.090851,1.107551,-0.033399,72.410253,39.061678,34.772322,0.64986,17855319.6
US,CSCO,2020-12-16,0.0,37.962,37.928,37.038,34.335167,37.60372,36.539343,1.064377,1.098916,-0.069078,72.410253,39.180985,34.895015,0.640584,16557759.6
US,CSCO,2020-12-17,0.235726,38.048,37.989,37.1875,34.433167,37.706225,36.66754,1.038685,1.08687,-0.09637,73.048617,39.234067,35.140933,0.614828,16237779.6
US,CSCO,2020-12-18,1.384897,38.24,38.08,37.37,34.546,37.874498,36.8255,1.048998,1.079295,-0.060595,76.497319,39.30519,35.43481,0.619483,21527637.0
US,CSCO,2020-12-21,-1.237113,38.35,38.125,37.537,34.6425,37.943037,36.936204,1.006833,1.064803,-0.11594,68.009532,39.171467,35.902533,0.658806,22278230.4
US,CSCO,2020-12-22,-0.417537,38.346,38.152,37.6675,34.726667,37.976416,37.026855,0.94956,1.041754,-0.184388,65.404464,39.042765,36.292235,0.649605,21851490.4
US,CSCO,2020-12-23,-0.707547,38.288,38.125,37.743,34.807333,37.963121,37.090792,0.872329,1.007869,-0.271081,61.147898,38.986754,36.499246,0.631062,21019618.8
US,CSCO,2020-12-24,0.369491,38.24,38.144,37.83,34.885667,37.97341,37.160363,0.813047,0.968905,-0.311715,62.510323,38.883983,36.776017,0.607415,18935406.4
US,CSCO,2020-12-28,0.841441,38.15,38.195,37.9245,34.972667,38.031347,37.248484,0.782863,0.931696,-0.297667,65.489245,38.792751,37.056249,0.612599,13421692.8
US,CSCO,2020-12-29,-0.599739,38.11,38.23,37.994,35.063333,38.044986,37.313041,0.731945,0.891746,-0.319602,61.694716,38.669882,37.318118,0.612414,11814432.8
US,CSCO,2020-12-30,-0.367261,38.074,38.21,38.034,35.1475,38.034988,37.362445,0.672543,0.847905,-0.350725,59.437198,38.597858,37.470142,0.606527,10816743.6
US,CSCO,2020-12-31,0.605582,38.138,38.213,38.0705,35.2355,38.061913,37.425227,0.636686,0.805661,-0.337951,61.903535,38.577865,37.563135,0.604632,11431315.2
US,CSCO,2021-01-04,-0.968333,38.1,38.17,38.0795,35.3055,38.027773,37.455951,0.571821,0.758893,-0.374144,56.004193,38.563255,37.595745,0.62573,15165715.8
US,CSCO,2021-01-05,0.026427,38.0,38.075,38.0775,35.370167,38.000423,37.48514,0.515283,0.710171,-0.389777,56.12589,38.564691,37.590309,0.623892,16026769.4
US,CSCO,2021-01-06,0.977543,38.02,38.065,38.095,35.44,38.034204,37.539574,0.49463,0.667063,-0.344866,60.481554,38.576228,37.613772,0.639328,18025591.8
US,CSCO,2021-01-07,1.255887,38.164,38.119,38.1355,35.510667,38.136634,37.625532,0.511103,0.635871,-0.249537,65.29506,38.673848,37.597152,0.651519,19460730.6
US,CSCO,2021-01-08,0.206718,38.278,38.208,38.1665,35.5905,38.235614,37.711048,0.524566,0.61361,-0.178088,66.037556,38.773897,37.559103,0.676411,20626890.6
US,CSCO,2021-01-11,0.670449,38.518,38.309,38.2265,35.6735,38.359365,37.809489,0.549877,0.600863,-0.101973,68.403527,38.923501,37.529499,0.685239,20760834.4
US,CSCO,2021-01-12,0.947746,38.83,38.415,38.305,35.7615,38.521001,37.928045,0.592956,0.599282,-0.012651,71.451472,39.148457,37.461543,0.695579,21237102.8
US,CSCO,2021-01-13,-0.938848,38.994,38.507,38.3685,35.840667,38.600847,38.010412,0.590435,0.597513,-0.014155,64.727273,39.232266,37.504734,0.694466,20745940.4
US,CSCO,2021-01-14,-0.461066,39.026,38.595,38.4025,35.929,38.640717,38.073344,0.567372,0.591485,-0.048224,61.685892,39.287189,37.517811,0.69129,21568880.4
US,CSCO,2021-01-15,0.617602,39.09,38.684,38.4485,36.022833,38.711376,38.149393,0.561983,0.585584,-0.047203,64.107535,39.37673,37.52027,0.689055,23435960.4
US,CSCO,2021-01-19,-0.511509,39.062,38.79,38.48,36.115333,38.740395,38.204994,0.535401,0.575548,-0.080292,60.66639,39.424479,37.535521,0.692694,24197278.0
US,CSCO,2021-01-20,0.33419,38.986,38.908,38.4915,36.213333,38.78495,38.266105,0.518844,0.564207,-0.090725,62.090805,39.456659,37.526341,0.665358,23468152.0
US,CSCO,2021-01-21,-0.512426,38.944,38.969,38.517,36.308,38.79188,38.307875,0.484005,0.548167,-0.128323,58.576286,39.489607,37.544393,0.656404,23093869.6
US,CSCO,2021-01-22,-0.772599,38.878,38.952,38.5355,36.414167,38.751591,38.324329,0.427262,0.523986,-0.193447,53.669035,39.494217,37.576783,0.663804,21555853.6
US,CSCO,2021-01-25,0.596937,38.81,38.95,38.579,36.5355,38.752885,38.356601,0.396284,0.498445,-0.204323,56.666354,39.494596,37.663404,0.644961,18817773.6
US,CSCO,2021-01-26,0.515996,38.822,38.942,38.6255,36.676667,38.784749,38.401297,0.383452,0.475447,-0.18399,59.141661,39.519043,37.731957,0.634606,15661564.0
US,CSCO,2021-01-27,0.949692,38.882,38.934,38.6745,36.824333,38.868634,38.47009,0.398544,0.460066,-0.123045,63.316426,39.608791,37.740209,0.673563,18288581.6
US,CSCO,2021-01-28,-0.762777,38.922,38.933,38.72,36.964,38.893459,38.511565,0.381894,0.444432,-0.125075,58.130135,39.630165,37.809835,0.684737,19022610.6
US,CSCO,2021-01-29,-1.691007,38.89,38.884,38.7395,37.092667,38.812927,38.501078,0.311849,0.417915,-0.212133,48.682544,39.600812,37.878188,0.690827,20615546.6
US,CSCO,2021-02-01,1.850404,38.954,38.882,38.783,37.222,38.854015,38.543961,0.310054,0.396343,-0.172578,56.813898,39.620499,37.945501,0.706483,20654666.6
US,CSCO,2021-02-02,0.946776,39.052,38.937,38.8635,37.359,38.945705,38.611075,0.33463,0.384,-0.098741,60.340624,39.629405,38.097595,0.688877,21341291.8
US,CSCO,2021-02-03,-0.126743,39.066,38.974,38.941,37.485833,39.015597,38.669514,0.346082,0.376417,-0.060669,59.631929,39.584984,38.297016,0.678243,18049119.6
US,CSCO,2021-02-04,3.22335,39.394,39.158,39.0635,37.629667,39.27012,38.817698,0.452422,0.391618,0.121608,69.447487,39.984701,38.142299,0.724797,18273053.0
US,CSCO,2021-02-05,1.745759,39.996,39.443,39.1975,37.775667,39.594717,39.007499,0.587219,0.430738,0.312961,73.348975,40.547905,37.847095,0.739454,18849153.0
US,CSCO,2021-02-08,1.788304,40.604,39.779,39.3645,37.926667,39.983222,39.238054,0.745168,0.493624,0.503088,76.690026,41.20444,37.52456,0.763779,20536860.8
US,CSCO,2021-02-09,-0.902184,41.062,40.057,39.4995,38.062667,40.253496,39.423384,0.830112,0.560922,0.538381,71.717994,41.601884,37.397116,0.74208,22191679.0
US,CSCO,2021-02-10,-2.587446,41.314,40.19,39.562,38.19,40.316035,39.514985,0.80105,0.608947,0.384206,59.843004,41.723514,37.400486,0.852646,28465131.2
US,CSCO,2021-02-11,0.713232,41.37,40.382,39.6575,38.283333,40.413568,39.621282,0.792286,0.645615,0.293342,61.677907,41.886059,37.428941,0.835314,27725973.2
US,CSCO,2021-02-12,-0.610501,41.234,40.615,39.7495,38.356333,40.457634,39.701187,0.756447,0.667781,0.177332,59.167956,41.990656,37.508344,0.823506,25676216.6
US,CSCO,2021-02-16,-1.646192,40.816,40.71,39.796,38.4275,40.391844,39.725544,0.666301,0.667485,-0.002369,52.949058,42.019847,37.572153,0.81897,24340934.0
US,CSCO,2021-02-17,-0.549588,40.43,40.746,39.8415,38.503,40.30233,39.7318,0.57053,0.648094,-0.155128,51.051615,42.027064,37.655936,0.799758,22042206.6
US,CSCO,2021-02-18,0.200955,40.276,40.795,39.8845,38.582,40.238895,39.743518,0.495376,0.617551,-0.244349,51.72902,42.038115,37.730885,0.786204,16507531.4
US,CSCO,2021-02-19,-1.42893,39.95,40.66,39.909,38.654333,40.097526,39.712147,0.38538,0.571116,-0.371474,46.763271,42.024891,37.793109,0.793618,17813089.6
US,CSCO,2021-02-22,-0.559512,39.63,40.432,39.9375,38.7135,39.944061,39.666802,0.277258,0.512345,-0.470173,44.968967,41.992814,37.882186,0.790502,19052286.2
US,CSCO,2021-02-23,0.179028,39.458,40.137,39.958,38.76,39.824974,39.630002,0.194972,0.44887,-0.507796,45.683111,41.973724,37.942276,0.775466,19287466.4
US,CSCO,2021-02-24,0.510595,39.37,39.9,39.9785,38.811333,39.754978,39.610743,0.144236,0.387943,-0.487416,47.768687,41.961279,37.995721,0.766504,20191919.4
US,CSCO,2021-02-25,-0.482601,39.228,39.752,39.971,38.856667,39.66652,39.578836,0.087684,0.327892,-0.480415,45.963139,41.964639,37.977361,0.773183,21201758.8
US,CSCO,2021-02-26,-1.429301,39.088,39.519,39.9505,38.888167,39.505517,39.507811,-0.002294,0.261854,-0.528297,41.039493,41.990318,37.910682,0.780098,20607207.8
US,CSCO,2021-03-01,2.330399,39.172,39.401,40.008,38.927167,39.507745,39.508714,-0.000969,0.20929,-0.420517,50.261205,41.927662,38.088338,0.807234,19799262.4
US,CSCO,2021-03-02,-0.860324,39.174,39.316,40.013,38.9555,39.457323,39.484365,-0.027042,0.162023,-0.378131,47.254345,41.923467,38.102533,0.790289,18822877.0
US,CSCO,2021-03-03,-0.86779,39.068,39.219,39.9825,38.975167,39.36235,39.436634,-0.074284,0.114762,-0.378092,44.394181,41.946668,38.018332,0.765982,18628373.0
US,CSCO,2021-03-04,-1.261586,38.902,39.065,39.93,38.982833,39.206604,39.356143,-0.149539,0.061902,-0.422881,40.581911,42.006555,37.853445,0.791984,19175729.6
US,CSCO,2021-03-05,3.80704,39.14,39.114,39.887,39.015167,39.299434,39.389762,-0.090328,0.031456,-0.243567,53.417639,41.935913,37.838087,0.869699,21386260.4
US,CSCO,2021-03-08,2.712886,39.414,39.293,39.8625,39.065167,39.544137,39.50089,0.043246,0.033814,0.018864,60.257035,41.850221,37.874779,0.943292,24871951.6
US,CSCO,2021-03-09,0.807043,39.822,39.498,39.8175,39.116167,39.801962,39.628232,0.17373,0.061797,0.223865,62.088674,41.631952,38.003048,0.928771,27207891.6
US,CSCO,2021-03-10,0.824842,40.366,39.717,39.8085,39.178167,40.072429,39.771326,0.301103,0.109658,0.38289,63.933007,41.586131,38.030869,0.91743,27805967.8
US,CSCO,2021-03-11,1.05871,41.096,39.999,39.8755,39.2475,40.368978,39.936413,0.432566,0.17424,0.516652,66.223078,41.864856,37.886144,0.904042,27270587.0
US,CSCO,2021-03-12,0.047619,41.538,40.339,39.929,39.318333,40.622982,40.090753,0.532229,0.245838,0.572783,66.327736,42.081895,37.776105,0.871611,23670373.2
US,CSCO,2021-03-15,1.213708,41.866,40.64,40.0205,39.390833,40.916369,40.271438,0.644932,0.325657,0.63855,68.968227,42.436203,37.604797,0.847924,19810689.4
US,CSCO,2021-03-16,0.517282,42.172,40.997,40.1565,39.467,41.198466,40.455035,0.743431,0.409212,0.66844,70.058955,42.849389,37.463611,0.82093,17964609.4
US,CSCO,2021-03-17,-0.491228,42.368,41.367,40.293,39.538167,41.404856,40.609477,0.795379,0.486445,0.617869,67.615863,43.172119,37.413881,0.810149,17661691.4
US,CSCO,2021-03-18,-1.269394,42.368,41.732,40.3985,39.5915,41.496417,40.712478,0.783938,0.545944,0.475989,61.661324,43.364152,37.432848,0.816567,16949899.0
US,CSCO,2021-03-19,0.380952,42.396,41.967,40.5405,39.6555,41.598506,40.819702,0.778804,0.592516,0.372577,62.709206,43.557515,37.523485,0.813955,26983960.6
US,CSCO,2021-03-22,2.680266,42.548,42.207,40.75,39.741,41.858736,41.002687,0.856049,0.645222,0.421653,69.127137,43.916032,37.583968,0.844387,29641518.6
US,CSCO,2021-03-23,-0.577501,42.606,42.389,40.9435,39.826833,42.040469,41.153599,0.88687,0.693552,0.386636,66.404214,44.172049,37.714951,0.831931,31850698.6
US,CSCO,2021-03-24,-0.72026,42.644,42.506,41.1115,39.905167,42.146551,41.27037,0.876181,0.730078,0.292207,63.085843,44.344729,37.878271,0.823936,33474264.0
US,CSCO,2021-03-25,1.731804,42.938,42.653,41.326,39.9905,42.350158,41.433305,0.916853,0.767433,0.29884,67.288162,44.587303,38.064697,0.87294,36698279.6
US,CSCO,2021-03-26,4.094778,43.556,42.976,41.6575,40.109333,42.796288,41.716023,1.080264,0.829999,0.500531,74.737866,45.0943,38.2207,0.942016,30024311.8
US,CSCO,2021-03-29,-0.088398,43.94,43.244,41.942,40.229833,43.167628,41.974836,1.192792,0.902558,0.580468,74.328217,45.56113,38.32287,0.915443,29268091.8
US,CSCO,2021-03-30,-1.437735,44.244,43.425,42.211,40.335667,43.381839,42.16633,1.215509,0.965148,0.500722,67.822657,45.768206,38.653794,0.932912,28095472.6
US,CSCO,2021-03-31,-0.112208,44.6,43.622,42.4945,40.446833,43.555402,42.339935,1.215467,1.015212,0.400511,67.334444,45.828653,39.160347,0.896989,27249004.0
US,CSCO,2021-04-01,0.516738,44.854,43.896,42.814,40.561667,43.737648,42.517718,1.21993,1.056155,0.32755,68.459179,45.691731,39.936269,0.877204,23920700.8
US,CSCO,2021-04-05,1.564595,44.892,44.224,43.0955,40.682,43.999548,42.734183,1.265365,1.097997,0.334736,71.657707,45.841176,40.349824,0.895976,21493483.6
US,CSCO,2021-04-06,-0.726232,44.872,44.406,43.3065,40.788833,44.170387,42.91017,1.260218,1.130441,0.259552,68.149076,45.989679,40.623321,0.871263,19512146.2
US,CSCO,2021-04-07,-0.509865,44.936,44.59,43.4895,40.8905,44.279558,43.056083,1.223475,1.149048,0.148854,65.733289,46.075999,40.903001,0.843316,18175855.0
US,CSCO,2021-04-08,0.26738,45.034,44.817,43.6615,40.989833,44.390396,43.200077,1.190319,1.157302,0.066033,66.402471,46.168165,41.154835,0.817365,16755635.0
US,CSCO,2021-04-09,0.355556,45.118,44.986,43.8195,41.085667,44.508796,43.345256,1.16354,1.15855,0.00998,67.318885,46.285367,41.353633,0.788267,15803555.0
US,CSCO,2021-04-12,-0.996457,44.972,44.932,43.954,41.180167,44.539751,43.446348,1.093402,1.14552,-0.104236,62.181708,46.303276,41.604724,0.774819,15119717.2
US,CSCO,2021-04-13,0.178931,44.908,44.89,44.067,41.279,44.578251,43.545878,1.032372,1.122891,-0.181037,62.726277,46.347843,41.786157,0.753047,14765134.6
US,CSCO,2021-04-14,-0.55816,44.84,44.888,44.1565,41.369667,44.572366,43.619517,0.952849,1.088882,-0.272067,59.827046,46.362866,41.950134,0.732829,14683725.0
US,CSCO,2021-04-15,0.51639,44.794,44.914,44.268,41.4675,44.602771,43.704738,0.898033,1.050713,-0.305359,61.586158,46.35869,42.17731,0.715484,15235428.0
US,CSCO,2021-04-16,2.233639,44.916,45.017,44.4565,41.579833,44.782345,43.85772,0.924625,1.025495,-0.201741,68.122078,46.367335,42.545665,0.759378,18273850.0
US,CSCO,2021-04-19,0.109242,45.138,45.055,44.6395,41.696333,44.941984,44.003074,0.93891,1.008178,-0.138536,68.411481,46.323061,42.955939,0.734422,19034626.8
US,CSCO,2021-04-20,-2.007857,45.16,45.034,44.72,41.8025,44.935525,44.069513,0.866012,0.979745,-0.227466,57.981065,46.287737,43.152263,0.759107,20615486.8
US,CSCO,2021-04-21,0.267261,45.256,45.048,44.819,41.906833,44.948521,44.13992,0.808601,0.945516,-0.273829,58.8621,46.187253,43.450747,0.741313,20343273.6
US,CSCO,2021-04-22,-0.821857,45.232,45.013,44.915,42.001667,44.902595,44.177703,0.724891,0.901391,-0.352999,55.030695,45.898961,43.931039,0.731934,19882270.6
US,CSCO,2021-04-23,0.783875,45.078,44.997,44.9915,42.096167,44.91758,44.238614,0.678966,0.856906,-0.35588,57.82714,45.718556,44.264444,0.738224,17020236.6
US,CSCO,2021-04-26,-0.511111,44.868,45.003,44.9675,42.191833,44.894876,44.277976,0.616899,0.808905,-0.384011,55.389541,45.690518,44.244482,0.710494,15726754.8
US,CSCO,2021-04-27,-0.513737,44.796,44.978,44.934,42.294667,44.840279,44.297385,0.542894,0.755703,-0.425617,52.984279,45.670923,44.197077,0.679744,14195454.8
US,CSCO,2021-04-28,-0.51639,44.654,44.955,44.9215,42.381833,44.758698,44.29832,0.460378,0.696638,-0.472519,50.617176,45.69113,44.15187,0.683334,14389155.0
US,CSCO,2021-04-29,0.677048,44.646,44.939,44.9265,42.467833,44.735821,44.321407,0.414414,0.640193,-0.451558,53.5332,45.686612,44.166388,0.673096,14059515.0
US,CSCO,2021-04-30,-1.053575,44.474,44.776,44.8965,42.546833,44.644156,44.30797,0.336187,0.579392,-0.48641,48.68306,45.727723,44.065277,0.689303,15242076.0
US,CSCO,2021-05-03,0.498414,44.392,44.63,44.8425,42.608333,44.60044,44.311824,0.288616,0.521237,-0.465241,50.924392,45.665759,44.019241,0.676496,15179618.4
US,CSCO,2021-05-04,-0.901713,44.276,44.536,44.785,42.651333,44.501911,44.285763,0.216148,0.460219,-0.488142,46.912442,45.682764,43.887236,0.686032,16092378.4
US,CSCO,2021-05-05,0.841674,44.28,44.467,44.7575,42.688167,44.475463,44.28904,0.186424,0.40546,-0.438073,50.775551,45.675408,43.839592,0.67203,16336641.2
US,CSCO,2021-05-06,2.549064,44.45,44.548,44.7805,42.750167,44.62693,44.375777,0.251153,0.374599,-0.246891,60.281552,45.743505,43.817495,0.732599,18974685.2
US,CSCO,2021-05-07,1.891773,44.886,44.68,44.8385,42.8445,44.887403,44.519794,0.367609,0.373201,-0.011184,65.709067,46.004318,43.672682,0.770985,19817777.8
US,CSCO,2021-05-10,-0.496546,45.232,44.812,44.9075,42.930167,45.072418,44.636105,0.436312,0.385823,0.100979,63.220878,46.192037,43.622963,0.776629,21893715.4
US,CSCO,2021-05-11,-0.629204,45.6,44.938,44.958,43.015167,45.184353,44.72232,0.462033,0.401065,0.121937,60.129173,46.298293,43.617707,0.786155,22304938.2
US,CSCO,2021-05-12,-2.336245,45.68,44.98,44.9675,43.0935,45.114453,44.722889,0.391564,0.399165,-0.015201,50.346127,46.298468,43.636532,0.814287,23488531.0
US,CSCO,2021-05-13,1.743796,45.69,45.07,45.0045,43.1885,45.175306,44.781193,0.394113,0.398154,-0.008083,55.969972,46.352483,43.656517,0.831838,21240899.6
US,CSCO,2021-05-14,0.769062,45.598,45.242,45.009,43.288,45.280644,44.861105,0.419539,0.402431,0.034215,58.254757,46.367733,43.650267,0.817421,19369578.0
US,CSCO,2021-05-17,0.087222,45.56,45.396,45.013,43.397667,45.375929,44.93806,0.437869,0.409519,0.056701,58.519677,46.381694,43.644306,0.788319,17746658.4
US,CSCO,2021-05-18,-0.021786,45.578,45.589,45.0625,43.510833,45.455017,45.008574,0.446443,0.416904,0.059079,58.419862,46.481935,43.643065,0.769154,17737915.6
US,CSCO,2021-05-19,-0.87165,45.73,45.705,45.086,43.616167,45.460399,45.044235,0.416164,0.416756,-0.001184,54.42129,46.517355,43.654645,0.780643,19150840.8
US,CSCO,2021-05-20,0.725434,45.792,45.741,45.1445,43.723667,45.515722,45.101699,0.414023,0.416209,-0.004372,57.034095,46.595299,43.693701,0.902025,25743268.2
US,CSCO,2021-05-21,-0.807508,45.71,45.654,45.167,43.828167,45.505611,45.127499,0.378112,0.40859,-0.060956,53.34189,46.622089,43.711911,0.879738,27679068.2
US,CSCO,2021-05-24,1.848185,45.788,45.674,45.243,43.956,45.626286,45.213611,0.412676,0.409407,0.006538,59.717604,46.764474,43.721526,0.900471,28758647.8
US,CSCO,2021-05-25,-0.151221,45.854,45.716,45.327,44.067667,45.717627,45.288158,0.429469,0.413419,0.032099,58.994145,46.869311,43.784689,0.863294,28854647.8
US,CSCO,2021-05-26,-0.757248,45.93,45.83,45.405,44.179167,45.741069,45.331257,0.409812,0.412698,-0.005772,55.381455,46.890429,43.919571,0.850916,26751300.0
US,CSCO,2021-05-27,0.021801,45.942,45.867,45.4685,44.2965,45.762443,45.371905,0.390538,0.408266,-0.035456,55.465369,46.920771,44.016229,0.837279,28228360.0
US,CSCO,2021-05-28,-0.043592,46.024,45.867,45.5545,44.421667,45.777452,45.40806,0.369392,0.400491,-0.062199,55.241599,46.880086,44.228914,0.801045,26307549.2
US,CSCO,2021-06-01,-0.523332,45.89,45.839,45.6175,44.5185,45.753228,45.423759,0.329469,0.386287,-0.113635,52.504189,46.824478,44.410522,0.798828,25230166.0
US,CSCO,2021-06-02,0.635686,45.828,45.841,45.715,44.602167,45.777347,45.459777,0.31757,0.372543,-0.109947,55.381333,46.656499,44.773501,0.778911,24004589.0
US,CSCO,2021-06-03,0.697016,45.9,45.915,45.81,44.685667,45.846986,45.516831,0.330155,0.364066,-0.067821,58.377533,46.530916,45.089084,0.781846,23788969.6
US,CSCO,2021-06-04,1.406013,46.1,46.021,45.881,44.774333,46.005911,45.617806,0.388105,0.368874,0.038463,63.708512,46.720069,45.041931,0.778857,14881090.0
US,CSCO,2021-06-07,-0.277304,46.278,46.151,45.9025,44.8535,46.120386,45.701672,0.418714,0.378842,0.079745,61.998209,46.805093,44.999907,0.763225,14888180.8
US,CSCO,2021-06-08,0.385027,46.54,46.215,45.9445,44.935333,46.244942,45.79266,0.452283,0.39353,0.117506,63.460883,46.950352,44.938648,0.740137,14805724.0
US,CSCO,2021-06-09,-0.213083,46.724,46.276,45.996,45.007,46.334951,45.8695,0.465452,0.407914,0.115075,62.032403,47.07014,44.92186,0.71727,14872107.0
US,CSCO,2021-06-10,1.879137,47.02,46.46,46.145,45.089667,46.546497,46.005833,0.540664,0.434464,0.2124,68.707729,47.299114,44.990886,0.731751,15790195.0
US,CSCO,2021-06-11,-0.482079,47.14,46.62,46.2435,45.172,46.690113,46.115031,0.575082,0.462588,0.224989,65.467932,47.496086,44.990914,0.729483,16881664.0
US,CSCO,2021-06-14,-1.095198,47.182,46.73,46.2985,45.254667,46.731634,46.177621,0.554013,0.480873,0.146281,58.725742,47.575266,45.021734,0.753806,16927984.0
US,CSCO,2021-06-15,-0.702726,47.122,46.831,46.335,45.329167,46.715998,46.21113,0.504868,0.485672,0.038392,54.864235,47.605834,45.064166,0.736391,16370564.0
US,CSCO,2021-06-16,-0.579026,47.028,46.876,46.3585,45.380333,46.661229,46.222158,0.439071,0.476352,-0.074561,51.859597,47.612825,45.104175,0.732363,16493898.2
US,CSCO,2021-06-17,-0.64711,46.698,46.859,46.387,45.430667,46.568732,46.210146,0.358586,0.452799,-0.188425,48.670204,47.585768,45.188232,0.712908,15714869.6
US,CSCO,2021-06-18,-1.997395,46.23,46.685,46.353,45.470833,46.348927,46.130876,0.218051,0.405849,-0.375596,40.453678,47.64881,45.05719,0.739129,19439720.2
US,CSCO,2021-06-21,2.126717,46.058,46.62,46.3855,45.514667,46.310631,46.128589,0.182042,0.361088,-0.358092,49.94893,47.620255,45.150745,0.769192,19949886.4
US,CSCO,2021-06-22,0.151844,45.966,46.544,46.3795,45.53,46.288995,46.131656,0.157339,0.320338,-0.325998,50.567904,47.617215,45.141785,0.748535,20731614.0
US,CSCO,2021-06-23,-0.931341,45.842,46.435,46.3555,45.538833,46.204535,46.102645,0.10189,0.276648,-0.349517,46.743734,47.622914,45.088086,0.73864,20585995.8
US,CSCO,2021-06-24,0.043725,45.782,46.24,46.35,45.558833,46.136145,46.077264,0.058881,0.233095,-0.348428,46.944706,47.626715,45.073285,0.713023,19723175.8
US,CSCO,2021-06-25,0.524476,45.954,46.092,46.356,45.583667,46.115199,46.071541,0.043659,0.195208,-0.303098,49.411778,47.624927,45.087073,0.696378,15908055.8
US,CSCO,2021-06-28,-0.195652,45.916,45.987,46.3585,45.603167,46.08363,46.059575,0.024056,0.160977,-0.273843,48.500986,47.6237,45.0933,0.669494,15173349.6
US,CSCO,2021-06-29,-0.087127,45.856,45.911,46.371,45.610333,46.050764,46.045532,0.005232,0.129828,-0.249192,48.076828,47.611466,45.130534,0.647387,14068324.4
US,CSCO,2021-06-30,0.174406,45.898,45.87,46.373,45.624333,46.035262,46.038456,-0.003194,0.103224,-0.212835,49.036777,47.610612,45.135388,0.629002,14283689.4
US,CSCO,2021-07-01,0.826986,46.012,45.897,46.378,45.6485,46.080606,46.060051,0.020555,0.08669,-0.13227,53.440069,47.614068,45.141932,0.621217,14503789.8
US,CSCO,2021-07-02,0.884956,46.16,46.057,46.371,45.6775,46.182051,46.110418,0.071633,0.083679,-0.024091,57.687926,47.597163,45.144837,0.625415,14180902.4
US,CSCO,2021-07-06,-1.048353,46.228,46.072,46.346,45.695667,46.192505,46.120757,0.071748,0.081292,-0.01909,51.625846,47.560568,45.131432,0.655743,15258062.4
US,CSCO,2021-07-07,0.540541,46.354,46.105,46.3245,45.7255,46.239812,46.148849,0.090962,0.083226,0.015472,54.266433,47.511875,45.137125,0.64819,15955160.0
US,CSCO,2021-07-08,0.0,46.464,46.181,46.308,45.754,46.279841,46.174861,0.10498,0.087577,0.034806,54.266433,47.475829,45.140171,0.652605,15928194.6
US,CSCO,2021-07-09,0.903226,46.582,46.297,46.2685,45.793667,46.378327,46.230056,0.148271,0.099716,0.09711,58.662917,47.287995,45.249005,0.648133,15847914.2
US,CSCO,2021-07-12,-0.959079,46.528,46.344,46.218,45.822,46.39243,46.24783,0.144601,0.108693,0.071816,52.805605,47.080406,45.355594,0.658981,15634429.0
US,CSCO,2021-07-13,0.172154,46.588,46.408,46.1975,45.835,46.416672,46.270213,0.146459,0.116246,0.060426,53.69085,47.0062,45.3888,0.635482,13741035.2
US,CSCO,2021-07-14,1.439313,46.732,46.543,46.227,45.858333,46.540261,46.340567,0.199694,0.132936,0.133516,60.391688,47.133755,45.320245,0.64509,14281455.2
US,CSCO,2021-07-15,-0.804744,46.8,46.632,46.251,45.890667,46.586375,46.377562,0.208812,0.148111,0.121403,55.487668,47.195201,45.306799,0.65187,14133573.6
US,CSCO,2021-07-16,0.085397,46.792,46.687,46.292,45.921667,46.631548,46.41478,0.216768,0.161842,0.109851,55.893678,47.270072,45.313928,0.65245,14027878.4
US,CSCO,2021-07-19,-1.194539,46.762,46.645,46.351,45.9495,46.583617,46.407759,0.175858,0.164645,0.022425,49.136388,47.174065,45.527935,0.666561,15212771.0
US,CSCO,2021-07-20,0.993092,46.808,46.698,46.385,45.979167,46.61383,46.435333,0.178497,0.167416,0.022163,54.050501,47.219877,45.550123,0.67395,16677304.8
US,CSCO,2021-07-21,0.555793,46.772,46.752,46.4285,46.017,46.679395,46.480123,0.199272,0.173787,0.05097,56.602624,47.303721,45.553279,0.65581,16068286.2
US,CSCO,2021-07-22,1.232993,46.928,46.864,46.5225,46.068333,46.824103,46.564558,0.259545,0.190939,0.137213,61.711533,47.481559,45.563441,0.656824,16223766.2
US,CSCO,2021-07-23,1.259975,47.196,46.994,46.6455,46.1335,47.038857,46.687183,0.351673,0.223086,0.257175,66.150888,47.794107,45.496893,0.662051,16003281.4
US,CSCO,2021-07-26,0.435504,47.618,47.19,46.767,46.197167,47.252879,46.816281,0.436598,0.265788,0.341619,67.568232,48.113775,45.420225,0.647619,14037710.0
US,CSCO,2021-07-27,-0.351022,47.914,47.361,46.8845,46.265833,47.40782,46.923223,0.484597,0.30955,0.350095,65.188578,48.318898,45.450102,0.644217,13535410.0
US,CSCO,2021-07-28,-0.911728,48.07,47.421,46.982,46.3235,47.471233,46.989651,0.481582,0.343956,0.275251,59.361332,48.3922,45.5718,0.666773,14488829.2
US,CSCO,2021-07-29,0.543706,48.162,47.545,47.0885,46.392167,47.564889,47.070418,0.494471,0.374059,0.240825,61.548635,48.492569,45.684431,0.654861,13478915.2
US,CSCO,2021-07-30,0.540765,48.186,47.691,47.189,46.459,47.684137,47.164461,0.519676,0.403183,0.232987,63.655299,48.648176,45.729824,0.637371,13558175.2
US,CSCO,2021-08-02,0.144808,48.182,47.9,47.2725,46.508167,47.795808,47.256723,0.539085,0.430363,0.217444,64.223615,48.808454,45.736546,0.634701,14032450.6
US,CSCO,2021-08-03,1.445982,48.352,48.133,47.4155,46.554667,47.997992,47.394003,0.603989,0.465088,0.277801,69.379926,49.071863,45.759137,0.661508,14556195.6
US,CSCO,2021-08-04,-0.99776,48.512,48.291,47.5215,46.596833,48.093685,47.484817,0.608868,0.493844,0.230047,62.58061,49.201122,45.841878,0.669972,13121535.0
US,CSCO,2021-08-05,0.123406,48.632,48.397,47.6305,46.644833,48.183887,47.573349,0.610538,0.517183,0.18671,63.05802,49.313753,45.947247,0.652117,13142529.0
US,CSCO,2021-08-06,-0.308135,48.67,48.428,47.711,46.708167,48.237136,47.644212,0.592923,0.532331,0.121184,60.963944,49.404599,46.017401,0.654823,14131992.6
US,CSCO,2021-08-09,-0.206058,48.674,48.428,47.809,46.756833,48.266807,47.702419,0.564388,0.538742,0.051291,59.54428,49.429258,46.188742,0.649478,13379701.2
US,CSCO,2021-08-10,0.24778,48.562,48.457,47.909,46.801667,48.310375,47.765203,0.545172,0.540028,0.010288,60.726182,49.451088,46.366912,0.628801,11996596.6
US,CSCO,2021-08-11,0.453141,48.592,48.552,47.9865,46.8495,48.381087,47.839632,0.541455,0.540314,0.002282,62.86797,49.538058,46.434942,0.609601,12185048.8
US,CSCO,2021-08-12,0.943203,48.702,48.667,48.106,46.905167,48.511689,47.942622,0.569066,0.546064,0.046004,66.929036,49.654088,46.557912,0.615344,12271004.4
US,CSCO,2021-08-13,0.14219,48.856,48.763,48.227,46.968667,48.632967,48.043169,0.589799,0.554811,0.069975,67.511338,49.750983,46.703017,0.593534,10762123.2
US,CSCO,2021-08-16,-0.324544,48.998,48.836,48.368,47.024,48.710972,48.124416,0.586557,0.56116,0.050793,64.706822,49.665067,47.070933,0.58471,11902394.0
US,CSCO,2021-08-17,-0.4884,49.068,48.815,48.474,47.0815,48.740054,48.181866,0.558187,0.560566,-0.004757,60.637708,49.564732,47.383268,0.583659,12211521.8
US,CSCO,2021-08-18,-1.533742,48.944,48.768,48.5295,47.1125,48.649276,48.179506,0.46977,0.542407,-0.145273,50.046243,49.416686,47.642314,0.610541,13112929.6
US,CSCO,2021-08-19,3.84216,49.098,48.9,48.6485,47.1755,48.85708,48.314357,0.542723,0.54247,0.000506,65.878343,49.647245,47.649755,0.747645,18846254.0
US,CSCO,2021-08-20,1.66,49.404,49.13,48.779,47.258167,49.160606,48.500701,0.659905,0.565957,0.187896,70.409541,50.1371,47.4209,0.787099,21053211.6
US,CSCO,2021-08-23,0.550856,49.798,49.398,48.913,47.345333,49.460513,48.693983,0.76653,0.606071,0.320917,71.771414,50.596735,47.229265,0.790878,21416548.2
US,CSCO,2021-08-24,1.330464,50.376,49.722,49.0895,47.444167,49.818895,48.923317,0.895578,0.663973,0.463211,74.804244,51.158437,47.020563,0.797243,22550700.0
US,CSCO,2021-08-25,0.057926,51.11,50.027,49.2895,47.5475,50.126758,49.137886,0.988871,0.728953,0.519838,74.932203,51.589348,46.989652,0.808869,22742280.6
US,CSCO,2021-08-26,-0.270166,51.446,50.272,49.4695,47.643667,50.365718,49.326191,1.039527,0.791067,0.496919,73.067288,51.921034,47.017966,0.791093,17511847.0
US,CSCO,2021-08-27,-0.290248,51.586,50.495,49.629,47.732,50.544838,49.489436,1.055402,0.843934,0.422936,71.027591,52.178948,47.079052,0.7653,16095593.8
US,CSCO,2021-08-30,0.174656,51.688,50.743,49.7895,47.811,50.710248,49.647256,1.062992,0.887746,0.350492,71.540924,52.415299,47.163701,0.737064,15210235.0
US,CSCO,2021-08-31,-0.174351,51.636,51.006,49.9105,47.890667,50.836364,49.786718,1.049645,0.920126,0.259039,70.201416,52.621548,47.199452,0.72156,15653358.0
US,CSCO,2021-09-01,0.019406,51.58,51.345,50.0565,47.9675,50.944615,49.916591,1.028024,0.941706,0.172638,70.268029,52.788256,47.324744,0.70002,14365427.4
US,CSCO,2021-09-02,0.834303,51.638,51.542,50.221,48.053167,51.102367,50.068695,1.033671,0.960099,0.147146,73.057094,52.997256,47.444744,0.692876,14191054.6
US,CSCO,2021-09-03,-0.173177,51.708,51.647,50.3885,48.122667,51.222003,50.202866,1.019137,0.971906,0.094461,71.544338,53.140578,47.636422,0.666956,13179198.6
US,CSCO,2021-09-07,-0.905937,51.666,51.677,50.5375,48.188167,51.250925,50.292283,0.958642,0.969253,-0.021223,64.081882,53.169358,47.905642,0.660745,13920239.2
US,CSCO,2021-09-08,-0.350126,51.606,51.621,50.6715,48.259333,51.247706,50.361744,0.885962,0.952595,-0.133266,61.438812,53.153582,48.189418,0.641406,12570364.6
US,CSCO,2021-09-09,-0.136639,51.53,51.555,50.791,48.334833,51.234213,50.420874,0.813339,0.924744,-0.22281,60.395561,53.120849,48.461151,0.639163,13236134.8
US,CSCO,2021-09-10,-1.211884,51.244,51.441,50.8565,48.4045,51.127411,50.429698,0.697713,0.879338,-0.36325,51.977042,53.078277,48.634723,0.664222,13389041.2
US,CSCO,2021-09-13,0.356154,51.012,51.36,50.9275,48.482167,51.064732,50.451202,0.61353,0.826176,-0.425292,53.982525,53.033519,48.821481,0.666778,14152498.8
US,CSCO,2021-09-14,-0.394322,50.834,51.25,50.9965,48.571833,50.980927,50.456298,0.524629,0.765867,-0.482475,51.413381,52.948538,49.044462,0.669151,13613804.2
US,CSCO,2021-09-15,-0.534442,50.638,51.122,51.064,48.641,50.868477,50.441017,0.42746,0.698186,-0.541451,48.086217,52.803142,49.324858,0.779926,18493815.8
US,CSCO,2021-09-16,-0.39801,50.416,50.973,51.159,48.705667,50.742557,50.412053,0.330505,0.624649,-0.588289,45.725688,52.38206,49.93594,0.829217,20307975.6
US,CSCO,2021-09-17,-0.839161,50.234,50.739,51.1405,48.7705,50.571395,50.354123,0.217272,0.543174,-0.651804,41.156575,52.441814,49.839186,0.830701,25636095.6
US,CSCO,2021-09-20,-1.692525,49.848,50.43,51.0385,48.821,50.297334,50.238262,0.059072,0.446354,-0.774563,33.867541,52.693036,49.383964,0.868508,27304847.2
US,CSCO,2021-09-21,-1.12728,49.392,50.113,50.895,48.858333,49.980821,50.090242,-0.109421,0.335199,-0.88924,30.107647,52.949366,48.840634,0.877901,28482906.8
US,CSCO,2021-09-22,0.476783,49.036,49.837,50.729,48.901,49.748387,49.970224,-0.221837,0.223791,-0.891258,33.435648,52.993093,48.464907,0.869479,24566115.6
US,CSCO,2021-09-23,2.104394,48.924,49.67,50.6125,48.961333,49.708635,49.934652,-0.226017,0.13383,-0.719694,45.768476,52.879832,48.345168,0.893088,23012695.6
US,CSCO,2021-09-24,0.080824,48.904,49.569,50.505,49.021,49.681153,49.904678,-0.223525,0.062359,-0.571768,46.189525,52.763544,48.246456,0.866439,17591445.4
US,CSCO,2021-09-27,-0.90854,48.962,49.405,50.3825,49.066833,49.588668,49.843591,-0.254923,-0.001098,-0.507651,42.218351,52.670948,48.094052,0.847407,15983953.8
US,CSCO,2021-09-28,-1.242869,49.008,49.2,50.225,49.095667,49.416565,49.741843,-0.325278,-0.065934,-0.518689,37.510426,52.583606,47.866394,0.837593,15804467.2
US,CSCO,2021-09-29,-0.061894,49.002,49.019,50.0705,49.132167,49.266324,49.64541,-0.379086,-0.128564,-0.501044,37.290185,52.47137,47.66963,0.817765,15026682.0
US,CSCO,2021-09-30,-1.899257,48.608,48.766,49.8695,49.149167,48.997659,49.487973,-0.490314,-0.200914,-0.578799,31.23369,52.413453,47.325547,0.85221,15482464.8
US,CSCO,2021-10-01,1.304714,48.33,48.617,49.678,49.1765,48.865711,49.388123,-0.522411,-0.265214,-0.514396,38.4847,52.135809,47.220191,0.877052,16518783.2
US,CSCO,2021-10-04,-0.997092,48.046,48.504,49.467,49.188833,48.680217,49.260114,-0.579896,-0.32815,-0.503492,35.37477,51.856026,47.077974,0.866548,17163694.8
US,CSCO,2021-10-05,0.86026,47.966,48.487,49.3,49.2155,48.586338,49.171957,-0.585619,-0.379644,-0.411951,39.846262,51.587173,47.012827,0.861081,16430062.2
US,CSCO,2021-10-06,-1.372998,47.76,48.381,49.109,49.229833,48.405363,49.041442,-0.636079,-0.430931,-0.410296,35.578653,51.357261,46.860739,0.906718,18887558.6
US,CSCO,2021-10-07,2.003797,47.928,48.268,48.969,49.248833,48.398384,48.990965,-0.592581,-0.463261,-0.25864,44.751097,51.029863,46.908137,0.934095,18124375.8
US,CSCO,2021-10-08,0.103391,47.982,48.156,48.8625,49.275,48.400171,48.94793,-0.547759,-0.480161,-0.135197,45.193399,50.804323,46.920677,0.90166,16307904.0
US,CSCO,2021-10-11,-0.26854,48.106,48.076,48.7405,49.298333,48.381683,48.898454,-0.516771,-0.487483,-0.058576,44.202565,50.498038,46.982962,0.86797,14514604.0
US,CSCO,2021-10-12,-1.180613,48.034,48.0,48.6,49.3215,48.278347,48.81042,-0.532073,-0.496401,-0.071345,40.055815,50.209049,46.990951,0.868115,14535976.4
US,CSCO,2021-10-13,0.607839,48.152,47.956,48.4875,49.341833,48.235525,48.750389,-0.514865,-0.500093,-0.029542,42.986351,49.924829,47.050171,0.847535,12015970.0
US,CSCO,2021-10-14,1.895833,48.262,48.095,48.4305,49.373,48.33929,48.762212,-0.422922,-0.484659,0.123474,51.069933,49.695545,47.165455,0.864854,11962131.6
US,CSCO,2021-10-15,-0.7156,48.292,48.137,48.377,49.388667,48.373245,48.747233,-0.373988,-0.462525,0.177074,48.237121,49.51914,47.23486,0.860936,13151435.2
US,CSCO,2021-10-18,-0.102965,48.338,48.222,48.363,49.3935,48.394285,48.729661,-0.335376,-0.437095,0.203438,47.828961,49.491328,47.234672,0.856583,13725835.2
US,CSCO,2021-10-19,0.989487,48.594,48.314,48.4005,49.402833,48.485933,48.748945,-0.263012,-0.402279,0.278533,52.025711,49.559421,47.241579,0.842542,13529135.2
US,CSCO,2021-10-20,0.816493,48.872,48.512,48.4465,49.421667,48.62502,48.796431,-0.17141,-0.356105,0.369389,55.255865,49.683226,47.209774,0.813074,13104024.0
US,CSCO,2021-10-21,-0.911116,48.878,48.57,48.419,49.440333,48.673479,48.807065,-0.133587,-0.311601,0.356029,51.088381,49.584073,47.253927,0.79714,12736742.4
US,CSCO,2021-10-22,-1.021659,48.854,48.573,48.3645,49.446333,48.637559,48.779875,-0.142316,-0.277744,0.270856,46.859411,49.412708,47.316292,0.798059,12701628.8
US,CSCO,2021-10-25,0.041288,48.844,48.591,48.3335,49.448333,48.610242,48.756181,-0.145939,-0.251383,0.210889,47.048226,49.330661,47.336339,0.779626,12547488.8
US,CSCO,2021-10-26,1.217499,48.856,48.725,48.3625,49.459,48.677897,48.777945,-0.100048,-0.221116,0.242136,52.419163,49.40649,47.31851,0.799653,12945808.8
US,CSCO,2021-10-27,0.672783,48.854,48.863,48.4095,49.4635,48.785913,48.822542,-0.036629,-0.184219,0.29518,55.158802,49.543933,47.275067,0.799678,13878886.4
US,CSCO,2021-10-28,0.101256,48.952,48.915,48.505,49.477,48.885003,48.867539,0.017465,-0.143882,0.322693,55.576169,49.645395,47.364605,0.793272,13596746.4
US,CSCO,2021-10-29,-0.485535,49.102,48.978,48.5575,49.4855,48.931926,48.891425,0.040501,-0.107005,0.295013,53.024954,49.722264,47.392736,0.782324,13301539.6
US,CSCO,2021-11-01,0.243952,49.272,49.058,48.64,49.4985,48.990091,48.92243,0.067661,-0.072072,0.279466,54.158075,49.772078,47.507922,0.773587,14126039.6
US,CSCO,2021-11-02,2.697222,49.59,49.223,48.7685,49.535333,49.243923,49.049658,0.194266,-0.018805,0.42614,64.406086,50.165128,47.371872,0.829045,15495619.6
US,CSCO,2021-11-03,0.059242,49.848,49.351,48.9315,49.570667,49.46332,49.169683,0.293637,0.043684,0.499906,64.598331,50.414177,47.448823,0.821256,14883699.6
US,CSCO,2021-11-04,-0.927571,50.002,49.477,49.0235,49.5945,49.576655,49.246003,0.330652,0.101077,0.45915,59.203388,50.579447,47.467553,0.833309,16255944.0
US,CSCO,2021-11-05,-0.079681,50.196,49.649,49.111,49.61,49.6664,49.313706,0.352694,0.151401,0.402587,58.753662,50.715181,47.506819,0.828073,16673407.4
US,CSCO,2021-11-08,-0.119617,50.354,49.813,49.202,49.623333,49.733108,49.37195,0.361158,0.193352,0.335611,58.041441,50.813764,47.590236,0.827496,16814187.4
US,CSCO,2021-11-09,0.758483,50.322,49.956,49.3405,49.645667,49.848015,49.454028,0.393986,0.233479,0.321015,61.245627,50.8905,47.7905,0.814103,15286571.8
US,CSCO,2021-11-10,0.574485,50.342,50.095,49.479,49.676833,49.989858,49.551507,0.438351,0.274453,0.327795,63.534285,51.020128,47.937872,0.830953,16217951.8
US,CSCO,2021-11-11,-1.733307,50.28,50.141,49.528,49.705833,49.974496,49.576581,0.397915,0.299146,0.197538,53.256447,51.055908,48.000092,0.839457,16092016.2
US,CSCO,2021-11-12,0.10022,50.236,50.216,49.597,49.704833,49.969189,49.603501,0.365688,0.312454,0.106467,53.714599,51.067375,48.126625,0.832353,16297153.2
US,CSCO,2021-11-15,0.780937,50.282,50.318,49.688,49.6965,50.024698,49.657316,0.367382,0.32344,0.087885,57.235476,51.102222,48.273778,0.827899,17096453.2
US,CSCO,2021-11-16,-0.456984,50.206,50.264,49.7435,49.679667,50.036283,49.690107,0.346176,0.327987,0.036378,54.597751,51.130659,48.356341,0.840906,18431868.8
US,CSCO,2021-11-17,-0.419162,50.03,50.186,49.7685,49.648,50.013778,49.704914,0.308864,0.324162,-0.030597,52.230916,51.147272,48.389728,0.835127,21155868.8
US,CSCO,2021-11-18,-5.532171,49.478,49.879,49.678,49.569833,49.57012,49.51418,0.05594,0.270518,-0.429156,32.369684,51.445287,47.910713,1.132618,31836322.0
US,CSCO,2021-11-19,-0.700191,48.85,49.543,49.596,49.4885,49.143947,49.313129,-0.169182,0.182578,-0.703519,30.858747,51.704662,47.487338,1.10886,34509762.0
US,CSCO,2021-11-22,2.542735,48.382,49.332,49.5725,49.4295,48.966417,49.21512,-0.248703,0.096322,-0.690049,41.468707,51.740908,47.404092,1.173227,38691897.0
US,CSCO,2021-11-23,1.271098,48.082,49.144,49.55,49.379167,48.910045,49.169555,-0.25951,0.025155,-0.569331,46.039776,51.748754,47.351246,1.159425,39595226.0
US,CSCO,2021-11-24,0.432099,47.866,48.948,49.5215,49.333833,48.894654,49.142922,-0.248268,-0.029529,-0.437477,47.55816,51.742988,47.300012,1.113752,37161707.0
US,CSCO,2021-11-26,-1.557058,48.05,48.764,49.4525,49.275667,48.764707,49.061964,-0.297257,-0.083075,-0.428365,42.857939,51.764935,47.140065,1.101341,26339165.0
US,CSCO,2021-11-29,1.997919,48.492,48.671,49.4435,49.226333,48.802444,49.058115,-0.255671,-0.117594,-0.276154,49.629817,51.761346,47.125654,1.118388,25477906.0
US,CSCO,2021-11-30,-1.652724,48.534,48.458,49.388,49.165,48.709761,48.994551,-0.284791,-0.151033,-0.267514,44.805027,51.768291,47.007709,1.139932,26515671.0
US,CSCO,2021-12-01,0.33195,48.486,48.284,49.274,49.114167,48.655951,48.947547,-0.291596,-0.179146,-0.2249,45.923345,51.621692,46.926308,1.154936,26210197.2
US,CSCO,2021-12-02,2.047146,48.594,48.23,49.208,49.082833,48.762728,48.977359,-0.214631,-0.186243,-0.056776,52.355784,51.467563,46.948437,1.171727,26821400.4
US,CSCO,2021-12-03,0.141844,48.868,48.459,49.169,49.053833,48.863847,49.010147,-0.1463,-0.178254,0.063908,52.783453,51.385239,46.952761,1.160175,28722420.4
US,CSCO,2021-12-06,1.295022,49.078,48.785,49.164,49.045833,49.04787,49.087914,-0.040043,-0.150612,0.221137,56.617673,51.371708,46.956292,1.135877,28212088.2
US,CSCO,2021-12-07,1.977627,49.648,49.091,49.2115,49.051333,49.35589,49.233253,0.122637,-0.095962,0.437198,61.786997,51.535533,46.887467,1.134028,24034788.2
US,CSCO,2021-12-08,-1.841332,49.998,49.242,49.193,49.0445,49.471907,49.298198,0.173709,-0.042028,0.431475,55.076363,51.481974,46.904026,1.147312,23935813.0
US,CSCO,2021-12-09,0.937937,50.244,49.419,49.1835,49.05,49.642383,49.393146,0.249237,0.016225,0.466024,57.558425,51.447658,46.919342,1.12179,22754917.8
US,CSCO,2021-12-10,2.945828,50.774,49.821,49.2925,49.083667,50.015863,49.591431,0.424431,0.097866,0.65313,64.293705,51.870374,46.714626,1.153805,21488137.8
US,CSCO,2021-12-13,-1.075475,51.064,50.071,49.371,49.115,50.24573,49.733548,0.512182,0.180729,0.662905,60.413249,52.113334,46.628666,1.132104,20552830.0
US,CSCO,2021-12-14,-1.436614,51.008,50.328,49.393,49.148,50.326387,49.810322,0.516065,0.247797,0.536537,55.634777,52.172562,46.613438,1.129097,19524710.0
US,CSCO,2021-12-15,3.742368,51.52,50.759,49.5215,49.221833,50.686943,50.02215,0.664793,0.331196,0.667194,63.596492,52.637217,46.405783,1.19059,20389231.6
US,CSCO,2021-12-16,0.645529,52.006,51.125,49.6775,49.2975,51.044336,50.243472,0.800864,0.425129,0.751469,64.813383,53.144071,46.210929,1.161976,22013047.2
US,CSCO,2021-12-17,0.245237,52.22,51.497,49.978,49.358333,51.366746,50.45803,0.908716,0.521847,0.773739,65.291129,53.549518,46.406482,1.14255,30499401.4
US,CSCO,2021-12-20,-0.169364,52.528,51.796,50.2905,49.417,51.625708,50.650028,0.975681,0.612614,0.726134,64.636819,53.788016,46.792984,1.133796,31068570.0
US,CSCO,2021-12-21,1.112158,53.102,52.055,50.573,49.493,51.935599,50.871507,1.064092,0.702909,0.722366,66.973436,54.192221,46.953779,1.130668,31397950.6
US,CSCO,2021-12-22,0.820283,53.384,52.452,50.847,49.5865,52.265507,51.109173,1.156334,0.793594,0.725479,68.637726,54.652223,47.041777,1.111334,29226269.0
US,CSCO,2021-12-23,1.220414,53.73,52.868,51.1435,49.6915,52.646198,51.378123,1.268075,0.88849,0.759169,70.998539,55.184452,47.102548,1.117668,27860684.4
US,CSCO,2021-12-27,1.826818,54.25,53.235,51.528,49.8285,53.122168,51.701225,1.420942,0.994981,0.851923,74.171039,55.776475,47.279525,1.11212,18350132.2
US,CSCO,2021-12-28,0.179404,54.808,53.668,51.8695,49.956833,53.540296,52.007801,1.532495,1.102484,0.860022,74.471776,56.345398,47.393602,1.07054,16656035.0
US,CSCO,2021-12-29,0.662607,55.322,54.212,52.27,50.099333,53.951019,52.319075,1.631944,1.208376,0.847137,75.603634,56.794047,47.745953,1.041216,15517803.2
US,CSCO,2021-12-30,-0.533713,55.688,54.536,52.6475,50.23,54.252401,52.58507,1.667332,1.300167,0.734329,72.785759,57.062166,48.232834,1.008986,13914043.2
US,CSCO,2021-12-31,-0.39349,55.878,54.804,52.9645,50.368,54.47357,52.815064,1.658506,1.371835,0.573342,70.704564,57.296241,48.632759,0.968344,12431583.2
US,CSCO,2022-01-03,-0.323218,55.832,55.041,53.269,50.487167,54.633021,53.014689,1.618332,1.421134,0.394395,68.966996,57.413432,49.124568,0.953462,12913321.4
US,CSCO,2022-01-04,-2.450009,55.494,55.151,53.4735,50.582833,54.55871,53.098786,1.459924,1.428892,0.062063,57.474356,57.359981,49.587019,0.992501,16275489.0
US,CSCO,2022-01-05,-1.588181,54.91,55.116,53.5855,50.666333,54.363524,53.11295,1.250573,1.393228,-0.28531,51.616833,57.311975,49.859025,1.009465,19325080.2
US,CSCO,2022-01-06,1.050854,54.498,55.093,53.7725,50.768667,54.28452,53.167547,1.116974,1.337977,-0.442008,54.844057,57.140721,50.404279,1.014503,21433070.0
US,CSCO,2022-01-07,0.352832,54.168,55.023,53.9455,50.869333,54.246902,53.232173,1.014729,1.273328,-0.517197,55.918398,56.978831,50.912169,0.994896,23391732.2
US,CSCO,2022-01-10,1.128793,53.996,54.914,54.0745,50.965,54.308917,53.337197,0.97172,1.213006,-0.482573,59.268934,56.995168,51.153832,1.010975,24896959.6
US,CSCO,2022-01-11,0.896615,54.194,54.844,54.256,51.074667,54.436776,53.470738,0.966038,1.163612,-0.395149,61.781847,56.959749,51.552251,1.000905,23521299.6
US,CSCO,2022-01-12,-0.398984,54.52,54.715,54.4635,51.1815,54.511118,53.578091,0.933027,1.117495,-0.368936,59.992238,56.653425,52.273575,0.986555,20138799.6
US,CSCO,2022-01-13,-1.001457,54.624,54.561,54.5485,51.271167,54.489408,53.636751,0.852657,1.064528,-0.423742,55.652102,56.579581,52.517419,0.975372,19189798.6
US,CSCO,2022-01-14,-0.239102,54.664,54.416,54.61,51.352,54.451037,53.681436,0.769601,1.005542,-0.471882,54.645795,56.522015,52.697985,0.941417,18925727.0
US,CSCO,2022-01-18,-2.654867,54.294,54.145,54.593,51.416333,54.197031,53.616144,0.580887,0.920611,-0.679448,44.950019,56.562184,52.623816,0.99203,19292771.4
US,CSCO,2022-01-19,-1.382576,53.68,53.937,54.544,51.476833,53.869796,53.501615,0.368181,0.810125,-0.883889,40.980414,56.703865,52.384135,1.044028,19598711.4
US,CSCO,2022-01-20,-1.401959,52.964,53.742,54.429,51.524833,53.480596,53.341495,0.139101,0.67592,-1.073639,37.421457,56.978862,51.879138,1.052312,20462931.4
US,CSCO,2022-01-21,-2.395793,52.112,53.368,54.2305,51.5425,52.962043,53.102125,-0.140082,0.51272,-1.305604,32.327195,57.400765,51.060235,1.086432,22671402.6
US,CSCO,2022-01-24,0.379166,51.324,52.994,54.0085,51.557833,52.552498,52.894561,-0.342063,0.341763,-1.367652,33.825784,57.598944,50.418056,1.143116,25743299.0
US,CSCO,2022-01-25,-1.39165,50.684,52.489,53.7015,51.560667,52.098268,52.650519,-0.552251,0.16296,-1.430424,31.093839,57.676629,49.726371,1.177179,25464473.6
US,CSCO,2022-01-26,-1.391129,50.052,51.866,53.355,51.556,51.607765,52.373444,-0.765679,-0.022767,-1.485823,28.638508,57.713722,48.996278,1.193809,26324233.6
US,CSCO,2022-01-27,-1.267634,49.442,51.203,52.959,51.539,51.09734,52.070966,-0.973627,-0.212939,-1.521375,26.60552,57.635733,48.282267,1.242823,27972413.6
US,CSCO,2022-01-28,1.801615,49.252,50.682,52.6215,51.514333,50.799287,51.855339,-1.056052,-0.381562,-1.34898,33.716096,57.371343,47.871657,1.293335,28984933.6
US,CSCO,2022-01-31,0.101709,49.034,50.179,52.2975,51.49,50.554782,51.659388,-1.104607,-0.526171,-1.156872,34.111179,57.049935,47.545065,1.263811,28131686.6
US,CSCO,2022-02-01,-0.528348,48.904,49.794,51.9695,51.469167,50.307892,51.458693,-1.150801,-0.651097,-0.999408,33.009371,56.695219,47.243781,1.232111,27588100.0
US,CSCO,2022-02-02,1.45046,49.054,49.553,51.745,51.460833,50.208216,51.325456,-1.11724,-0.744325,-0.745829,38.820795,56.461637,47.028363,1.216245,26524903.0
US,CSCO,2022-02-03,-1.731776,49.156,49.299,51.5205,51.439167,49.991568,51.138385,-1.146818,-0.824824,-0.643988,34.874404,56.347741,46.693259,1.199371,25183523.0
US,CSCO,2022-02-04,-0.102459,49.074,49.163,51.2655,51.410333,49.800557,50.961468,-1.160911,-0.892041,-0.537739,34.653836,56.112352,46.418648,1.191559,22923383.0
US,CSCO,2022-02-07,0.041026,48.986,49.01,51.002,51.377,49.64201,50.799137,-1.157127,-0.945058,-0.424137,34.831385,55.789503,46.214497,1.159304,19828363.0
US,CSCO,2022-02-08,0.307566,48.98,48.942,50.7155,51.360833,49.530932,50.659942,-1.12901,-0.981849,-0.294323,36.230831,55.275897,46.155103,1.125783,18384650.2
US,CSCO,2022-02-09,1.717089,49.0,49.027,50.4465,51.357833,49.566173,50.593279,-1.027106,-0.9909,-0.072412,43.542433,54.542245,46.350755,1.111084,17548651.8
US,CSCO,2022-02-10,-2.512058,48.942,49.049,50.126,51.3275,49.403685,50.438962,-1.035278,-0.999776,-0.071004,36.783604,53.747024,46.504976,1.128864,17642679.8
US,CSCO,2022-02-11,-1.77283,48.722,48.898,49.79,51.286667,49.133887,50.232372,-1.098485,-1.019518,-0.157936,32.989513,52.996874,46.583126,1.131088,17733999.8
US,CSCO,2022-02-14,-1.343127,48.37,48.678,49.4285,51.238667,48.807135,49.993678,-1.186543,-1.052923,-0.267241,30.470666,52.138941,46.718059,1.12601,19217643.0
US,CSCO,2022-02-15,2.063391,48.182,48.581,49.1875,51.252833,48.679884,49.844517,-1.164633,-1.075265,-0.178737,38.175493,51.481055,46.893945,1.117009,19709728.4
US,CSCO,2022-02-16,-0.041684,47.822,48.411,48.982,51.272167,48.569132,49.704923,-1.135791,-1.08737,-0.096841,38.08179,50.913596,47.050404,1.103651,19960123.8
US,CSCO,2022-02-17,2.793995,47.98,48.461,48.88,51.294,48.681573,49.674929,-0.993355,-1.068567,0.150424,47.397871,50.49172,47.26828,1.201962,22590935.8
US,CSCO,2022-02-18,2.576065,48.564,48.643,48.903,51.326833,48.972101,49.74123,-0.76913,-1.00868,0.4791,54.400464,50.595384,47.210616,1.261822,25689675.8
US,CSCO,2022-02-22,-1.581966,49.116,48.743,48.8765,51.342833,49.094854,49.743361,-0.648507,-0.936645,0.576276,49.894581,50.495565,47.257435,1.264549,26353661.4
US,CSCO,2022-02-23,-3.295158,49.146,48.664,48.803,51.344167,48.946415,49.623853,-0.677438,-0.884804,0.414731,42.18135,50.417473,47.188527,1.339224,27224328.8
US,CSCO,2022-02-24,0.519427,49.23,48.526,48.7765,51.333667,48.859274,49.531716,-0.672441,-0.842331,0.33978,43.612377,50.400449,47.152551,1.345708,28694456.6
US,CSCO,2022-02-25,2.397685,49.278,48.629,48.839,51.356,48.964001,49.53233,-0.568328,-0.787531,0.438405,49.81857,50.479377,47.198623,1.358872,25910256.6
US,CSCO,2022-02-28,-0.484457,49.024,48.794,48.846,51.371667,49.015694,49.51512,-0.499426,-0.72991,0.460967,48.626096,50.492978,47.199022,1.343238,23558756.6
US,CSCO,2022-03-01,-2.048682,48.728,48.922,48.8,51.354,48.904048,49.42437,-0.520322,-0.687992,0.33534,43.867337,50.455113,47.144887,1.348007,22081010.4
US,CSCO,2022-03-02,2.79561,49.03,49.088,48.8345,51.357667,49.017272,49.440343,-0.423071,-0.635008,0.423874,50.798411,50.528979,47.140021,1.362435,21406279.4
US,CSCO,2022-03-03,-0.141015,49.268,49.249,48.83,51.3495,49.102307,49.449947,-0.34764,-0.577534,0.459788,50.450555,50.516144,47.143856,1.337975,19217331.6
US,CSCO,2022-03-04,0.786766,49.352,49.315,48.888,51.331333,49.23426,49.487729,-0.253469,-0.512721,0.518504,52.406032,50.644367,47.131633,1.345977,18770902.2
US,CSCO,2022-03-07,-1.641313,49.32,49.172,48.9075,51.315167,49.219758,49.461971,-0.242213,-0.45862,0.432813,48.107132,50.665964,47.149036,1.312693,18267346.2
US,CSCO,2022-03-08,-2.136752,49.28,49.004,48.8735,51.273667,49.045949,49.360344,-0.314394,-0.429775,0.23076,43.218312,50.667225,47.079775,1.331786,19435903.6
US,CSCO,2022-03-09,2.786442,49.238,49.134,48.899,51.229667,49.105034,49.365503,-0.260469,-0.395914,0.270888,50.176961,50.709071,47.088929,1.353087,19534074.6
US,CSCO,2022-03-10,-2.164677,48.996,49.132,48.829,51.177167,48.990413,49.291022,-0.300608,-0.376853,0.152488,45.393184,50.608493,47.049507,1.379295,19885341.4
US,CSCO,2022-03-11,-0.020678,48.674,49.013,48.821,51.136833,48.891888,49.221316,-0.329428,-0.367368,0.075879,45.349669,50.607582,47.034418,1.382203,20605092.2
US,CSCO,2022-03-14,-0.723888,48.446,48.883,48.8385,51.059,48.754675,49.130848,-0.376174,-0.369129,-0.01409,43.768193,50.585272,47.091728,1.372045,19930412.6
US,CSCO,2022-03-15,2.395833,48.658,48.969,48.9455,50.994667,48.815494,49.132267,-0.316773,-0.358658,0.083769,49.944825,50.480472,47.410528,1.364042,18967752.6
US,CSCO,2022-03-16,0.386572,48.64,48.939,49.0135,50.931333,48.896187,49.147655,-0.251468,-0.33722,0.171504,50.904343,50.490771,47.536229,1.355182,19501933.8
US,CSCO,2022-03-17,0.648561,48.9,48.948,49.0985,50.874833,49.013697,49.185606,-0.171909,-0.304158,0.264497,52.553968,50.518025,47.678975,1.317669,19557884.2
US,CSCO,2022-03-18,-0.362465,49.126,48.9,49.1075,50.8055,49.085436,49.207413,-0.121977,-0.267722,0.291488,51.505624,50.534285,47.680715,1.279264,25853268.8
US,CSCO,2022-03-21,0.060631,49.428,48.937,49.0545,50.729333,49.150753,49.229827,-0.079074,-0.229992,0.301837,51.678634,50.330862,47.778138,1.252888,28092684.4
US,CSCO,2022-03-22,0.302969,49.53,49.094,49.049,50.644667,49.229099,49.261692,-0.032593,-0.190512,0.315839,52.589406,50.313878,47.784122,1.20911,30184444.4
US,CSCO,2022-03-23,-3.02054,49.294,48.967,49.0505,50.518333,49.064622,49.180085,-0.115463,-0.175502,0.120079,43.715909,50.311079,47.789921,1.232031,29768509.4
US,CSCO,2022-03-24,0.041528,48.998,48.949,49.0405,50.390667,48.928526,49.106005,-0.177478,-0.175897,-0.003161,43.851946,50.32514,47.75586,1.2076,30112674.0
US,CSCO,2022-03-25,0.850976,48.82,48.973,48.993,50.263667,48.876445,49.067782,-0.191336,-0.178985,-0.024703,46.696183,50.270483,47.715517,1.170629,23369704.2
US,CSCO,2022-03-28,0.308705,48.666,49.047,48.965,50.144167,48.855454,49.043502,-0.188048,-0.180798,-0.0145,47.739219,50.238884,47.691116,1.134155,20967708.8
US,CSCO,2022-03-29,0.9643,48.576,49.053,49.011,50.036167,48.909999,49.055835,-0.145836,-0.173805,0.055939,50.976192,50.25003,47.77197,1.133859,19117428.8
US,CSCO,2022-03-30,0.690916,48.854,49.074,49.0065,49.936833,49.008461,49.09244,-0.083979,-0.15584,0.143722,53.23287,50.236984,47.776016,1.138583,18394086.6
US,CSCO,2022-03-31,-0.524723,49.076,49.037,48.9925,49.855833,49.051775,49.107074,-0.055299,-0.135732,0.160865,51.288574,50.203233,47.781767,1.130827,19801324.8
US,CSCO,2022-04-01,-0.182593,49.198,49.009,48.9545,49.787667,49.074579,49.113957,-0.039379,-0.116461,0.154165,50.599631,50.086533,47.822467,1.132196,19675878.0
US,CSCO,2022-04-04,0.386179,49.328,48.997,48.967,49.713333,49.123105,49.134405,-0.0113,-0.095429,0.168258,52.063575,50.112393,47.821607,1.122754,20172077.8
US,CSCO,2022-04-05,-1.012351,49.264,48.92,49.007,49.6275,49.087243,49.116301,-0.029058,-0.082155,0.106193,48.029847,50.080724,47.933276,1.101129,19377499.8
US,CSCO,2022-04-06,-1.00225,49.034,48.944,48.9555,49.523333,48.981513,49.063242,-0.081728,-0.08207,0.000682,44.399397,50.04186,47.86914,1.091048,20081235.8
US,CSCO,2022-04-07,0.475207,48.902,48.989,48.969,49.414833,48.927434,49.03115,-0.103715,-0.086399,-0.034633,46.445655,50.031881,47.906119,1.08383,17711495.8
US,CSCO,2022-04-08,-0.637467,48.726,48.962,48.9675,49.304833,48.833983,48.978472,-0.144489,-0.098017,-0.092945,44.090372,50.03395,47.90105,1.063557,17848142.6
US,CSCO,2022-04-11,-2.586921,48.262,48.795,48.921,49.183167,48.562601,48.837104,-0.274503,-0.133314,-0.282378,36.133519,50.210014,47.631986,1.082588,18117438.2
US,CSCO,2022-04-12,-1.997026,47.71,48.487,48.77,49.048,48.188354,48.636577,-0.448223,-0.196296,-0.503854,31.525983,50.535729,47.004271,1.098832,19955563.2
US,CSCO,2022-04-13,0.628658,47.314,48.174,48.624,48.941667,47.9163,48.472386,-0.556086,-0.268254,-0.575665,34.30902,50.641934,46.606066,1.081058,19427663.2
US,CSCO,2022-04-14,-1.874192,46.698,47.8,48.4185,48.833,47.552254,48.255913,-0.70366,-0.355335,-0.696649,30.326796,50.780358,46.056642,1.08384,19884829.2
US,CSCO,2022-04-18,-0.109769,46.134,47.43,48.2195,48.735667,47.236522,48.051772,-0.815249,-0.447318,-0.735863,30.110489,50.845931,45.593069,1.054994,19053293.6
US,CSCO,2022-04-19,1.406593,45.948,47.105,48.051,48.6695,47.067827,47.910159,-0.842332,-0.526321,-0.632023,36.366855,50.755876,45.346124,1.044637,17953053.6
US,CSCO,2022-04-20,2.297356,46.162,46.936,47.928,48.617833,47.088161,47.857555,-0.769394,-0.574935,-0.388916,45.128185,50.551529,45.304471,1.087163,16807455.2
US,CSCO,2022-04-21,-0.466102,46.274,46.794,47.869,48.574167,47.071521,47.792551,-0.72103,-0.604154,-0.233751,43.78086,50.521915,45.216085,1.078795,16835995.2
US,CSCO,2022-04-22,-2.681992,46.308,46.503,47.746,48.521,46.863595,47.639028,-0.775434,-0.63841,-0.274047,36.972587,50.553443,44.938557,1.107452,16769629.2
US,CSCO,2022-04-25,1.115486,46.454,46.294,47.628,48.486667,46.766119,47.534656,-0.768537,-0.664436,-0.208204,40.973715,50.481633,44.774367,1.120491,17706896.2
US,CSCO,2022-04-26,-1.99005,46.288,46.118,47.4565,48.4225,46.5421,47.369866,-0.827766,-0.697102,-0.261329,36.475349,50.431881,44.481119,1.109028,18456385.0
US,CSCO,2022-04-27,-3.133966,45.626,45.894,47.1905,48.333833,46.134085,47.112099,-0.978014,-0.753284,-0.449459,30.846271,50.4307,43.9503,1.147668,21284856.4
US,CSCO,2022-04-28,2.68854,45.244,45.759,46.9665,48.269167,45.970379,46.960832,-0.990453,-0.800718,-0.37947,39.237945,50.142039,43.790961,1.164978,21889536.4
US,CSCO,2022-04-29,-3.261593,44.82,45.564,46.682,48.168167,45.605706,46.711882,-1.106176,-0.861809,-0.488733,33.744378,49.990659,43.373341,1.194622,22407224.2
US,CSCO,2022-05-02,1.788991,44.45,45.452,46.441,48.0945,45.417136,46.53915,-1.122014,-0.91385,-0.416327,38.652413,49.6824,43.1996,1.171435,23171665.6
US,CSCO,2022-05-03,0.135196,44.276,45.282,46.1935,48.022667,45.266807,46.383657,-1.11685,-0.95445,-0.324799,39.026581,49.24688,43.14012,1.140618,22489641.0
US,CSCO,2022-05-04,3.307831,44.68,45.153,46.0445,47.975,45.36576,46.348571,-0.982811,-0.960122,-0.045378,47.478531,48.836664,43.252336,1.185574,20544381.0
US,CSCO,2022-05-05,-3.811806,44.498,44.871,45.8325,47.895667,45.180258,46.186455,-1.006197,-0.969337,-0.073719,40.314142,48.518947,43.146053,1.254462,21479541.0
US,CSCO,2022-05-06,-0.566123,44.56,44.69,45.5965,47.798167,44.984834,46.017829,-1.032995,-0.982069,-0.101852,39.399483,48.080088,43.112912,1.227714,21772033.2
US,CSCO,2022-05-09,-0.751537,44.4,44.425,45.3595,47.716,44.768706,45.837249,-1.068543,-0.999364,-0.138359,38.168463,47.655866,43.063134,1.187878,21756424.2
US,CSCO,2022-05-10,1.216154,44.334,44.305,45.2115,47.657,44.667366,45.709304,-1.041938,-1.007879,-0.068119,41.338569,47.427977,42.995023,1.184458,22939004.4
US,CSCO,2022-05-11,-1.813648,43.814,44.247,45.0705,47.595333,44.458541,45.531578,-1.073037,-1.02091,-0.104254,38.158383,47.391633,42.749367,1.166997,22924972.0
US,CSCO,2022-05-12,-0.761949,43.578,44.038,44.8985,47.512,44.231073,45.342572,-1.111499,-1.039028,-0.144943,36.897422,47.302482,42.494518,1.167211,23145872.0
US,CSCO,2022-05-13,2.652396,43.62,44.09,44.827,47.448,44.213985,45.252011,-1.038027,-1.038828,0.001602,43.805838,47.234281,42.419719,1.169553,22587992.0
US,CSCO,2022-05-16,-1.133273,43.628,44.014,44.733,47.353333,44.122603,45.131122,-1.008519,-1.032766,0.048494,41.651981,47.174402,42.291598,1.136014,22154657.2
US,CSCO,2022-05-17,3.255387,43.814,44.074,44.678,47.261167,44.263741,45.124372,-0.860631,-0.998339,0.275416,49.279319,47.038353,42.317647,1.164155,21562552.8
US,CSCO,2022-05-18,-4.418295,43.762,43.788,44.4705,47.149167,44.077011,44.970715,-0.893703,-0.977412,0.167417,41.159187,46.628513,42.312487,1.23243,24922666.0
US,CSCO,2022-05-19,-13.728223,42.594,43.086,43.9785,46.966,43.009779,44.390662,-1.380883,-1.058106,-0.645554,26.954134,47.608444,40.348556,1.610828,39267387.0
US,CSCO,2022-05-20,2.907916,41.414,42.517,43.6035,46.796667,42.27289,43.933576,-1.660686,-1.178622,-0.964128,31.599865,47.920848,39.286152,1.58934,44706227.0
US,CSCO,2022-05-23,0.96808,40.408,42.018,43.2215,46.614167,41.706291,43.537755,-1.831464,-1.309191,-1.044547,33.168077,47.880162,38.562838,1.532245,46128641.8
US,CSCO,2022-05-24,0.958798,39.192,41.503,42.904,46.441833,41.283785,43.198662,-1.914877,-1.430328,-0.969099,34.778441,47.80906,37.99894,1.522084,48383301.8
US,CSCO,2022-05-25,0.539014,38.416,41.089,42.668,46.289833,40.958587,42.900243,-1.941656,-1.532593,-0.818124,35.725078,47.809103,37.526897,1.491221,45349681.0
US,CSCO,2022-05-26,2.246617,38.998,40.796,42.417,46.13,40.818805,42.689114,-1.870309,-1.600137,-0.540345,39.676276,47.554685,37.279315,1.481848,31473700.0
US,CSCO,2022-05-27,1.398252,39.476,40.445,42.2675,45.980667,40.786681,42.535105,-1.748425,-1.629794,-0.237261,42.114895,47.432726,37.102274,1.420288,27020380.0
US,CSCO,2022-05-31,-1.255848,39.778,40.093,42.0535,45.816333,40.681038,42.354727,-1.67369,-1.638573,-0.070233,40.508797,47.205534,36.901466,1.375267,34511300.0
US,CSCO,2022-06-01,0.399002,40.038,39.615,41.8445,45.668333,40.616263,42.199562,-1.5833,-1.627519,0.088438,41.265566,46.931049,36.757951,1.342748,32633720.0
US,CSCO,2022-06-02,1.241927,40.356,39.386,41.587,45.546167,40.638376,42.092928,-1.454552,-1.592925,0.276747,43.676766,46.334349,36.839651,1.30398,31642160.0
US,CSCO,2022-06-03,-1.177625,40.402,39.7,41.393,45.393667,40.583241,41.958637,-1.375396,-1.549419,0.348047,41.898508,46.019485,36.766515,1.253696,29572620.0
US,CSCO,2022-06-06,0.173784,40.35,39.913,41.215,45.260167,40.547358,41.839479,-1.292121,-1.49796,0.411678,42.26766,45.71257,36.71743,1.225575,27324583.6
US,CSCO,2022-06-07,0.520446,40.442,40.11,41.064,45.130333,40.549303,41.744703,-1.1954,-1.437448,0.484096,43.42889,45.434823,36.693177,1.197319,17293789.4
US,CSCO,2022-06-08,-1.405325,40.388,40.213,40.858,44.996833,40.463256,41.614725,-1.151468,-1.380252,0.457567,41.017284,45.01846,36.69754,1.159654,16413349.6
US,CSCO,2022-06-09,-1.475369,40.116,40.236,40.6625,44.834333,40.299678,41.450671,-1.150992,-1.3344,0.366815,38.626321,44.709627,36.615373,1.142536,15987529.6
US,CSCO,2022-06-10,-1.751269,39.802,40.102,40.449,44.657167,40.055113,41.247658,-1.192546,-1.306029,0.226967,35.984501,44.434624,36.463376,1.123069,16451540.2
US,CSCO,2022-06-13,-0.568329,39.43,39.89,40.1675,44.471,39.814326,41.043387,-1.229061,-1.290635,0.123148,35.15882,43.860807,36.474193,1.10285,19733319.8
US,CSCO,2022-06-14,-0.753442,38.958,39.7,39.8965,44.283,39.565968,40.832766,-1.266798,-1.285868,0.03814,34.049721,43.322432,36.470568,1.095503,21299701.4
US,CSCO,2022-06-15,2.068063,38.758,39.573,39.594,44.107667,39.477358,40.696265,-1.218907,-1.272476,0.107137,39.636063,42.092843,37.095157,1.113682,22551961.2
US,CSCO,2022-06-16,-1.102847,38.59,39.353,39.3695,43.922667,39.336226,40.538023,-1.201797,-1.25834,0.113086,37.761146,41.336136,37.402864,1.09699,24278224.2
US,CSCO,2022-06-17,0.155602,38.572,39.187,39.4435,43.763667,39.226037,40.395947,-1.16991,-1.240654,0.141488,38.200429,41.165119,37.721881,1.066491,32160537.8
US,CSCO,2022-06-21,1.734852,38.732,39.081,39.497,43.6155,39.235878,40.314025,-1.078148,-1.208153,0.26001,43.035424,41.12729,37.86671,1.046741,31005954.6
US,CSCO,2022-06-22,-1.29804,38.848,38.903,39.5065,43.452,39.165743,40.200394,-1.034651,-1.173452,0.277603,40.441721,41.11764,37.89536,1.034117,30494587.2
US,CSCO,2022-06-23,-1.46983,38.692,38.725,39.469,43.2765,39.018705,40.052957,-1.034252,-1.145612,0.222721,37.706457,41.162102,37.775898,1.014537,32749910.4
US,CSCO,2022-06-24,2.747972,38.832,38.711,39.4735,43.110667,39.055828,39.99422,-0.938392,-1.104168,0.331552,45.075855,41.163876,37.783124,1.024927,33448867.4
US,CSCO,2022-06-27,-0.764137,38.9,38.736,39.419,42.934167,39.041085,39.917611,-0.876526,-1.05864,0.364228,43.492705,41.101782,37.736218,0.993147,26064203.2
US,CSCO,2022-06-28,-1.617043,38.708,38.72,39.305,42.7515,38.931687,39.80001,-0.868323,-1.020576,0.304507,40.292306,40.958257,37.651743,1.016494,25427475.6
US,CSCO,2022-06-29,-0.417428,38.586,38.717,39.2085,42.567667,38.814505,39.679268,-0.864764,-0.989414,0.2493,39.497391,40.889943,37.527057,0.980315,24129175.6
US,CSCO,2022-06-30,-0.55017,38.536,38.614,39.0935,42.377167,38.683042,39.551915,-0.868873,-0.965306,0.192866,38.425858,40.786123,37.400877,0.971007,22358416.6
US,CSCO,2022-07-01,-0.105374,38.268,38.55,38.9515,42.194333,38.565651,39.431033,-0.865381,-0.945321,0.159879,38.213203,40.533995,37.369005,0.973792,21117365.6
US,CSCO,2022-07-05,-0.632911,38.012,38.456,38.8215,42.015667,38.429397,39.301326,-0.871929,-0.930643,0.117426,36.893904,40.372967,37.270033,0.994236,21455934.0
US,CSCO,2022-07-06,1.751592,38.014,38.361,38.721,41.844167,38.415644,39.230117,-0.814473,-0.907409,0.185871,42.74773,40.115904,37.326096,0.986076,20887169.6
US,CSCO,2022-07-07,1.225874,38.142,38.364,38.6335,41.685667,38.476314,39.198997,-0.722683,-0.870464,0.29556,46.550096,39.747201,37.519799,0.958499,22660350.2
US,CSCO,2022-07-08,0.412265,38.344,38.44,38.5825,41.550667,38.552266,39.182035,-0.629769,-0.822325,0.385112,47.820575,39.523008,37.641992,0.932892,20034166.0
US,CSCO,2022-07-11,-0.33359,38.528,38.398,38.5545,41.429167,38.596532,39.156699,-0.560166,-0.769893,0.419454,46.846251,39.426864,37.682136,0.905543,18222370.6
US,CSCO,2022-07-12,-0.901133,38.69,38.351,38.5435,41.297,38.580143,39.107314,-0.527171,-0.721349,0.388356,44.233209,39.413288,37.673712,0.915861,16809804.0
US,CSCO,2022-07-13,-0.363731,38.692,38.353,38.5365,41.177,38.544736,39.051216,-0.50648,-0.678375,0.34379,43.195315,39.410142,37.662858,0.930442,16730556.0
US,CSCO,2022-07-14,-0.886571,38.532,38.337,38.527,41.052167,38.462469,38.974089,-0.51162,-0.645024,0.266808,40.697785,39.419011,37.634989,0.951125,15734461.6
US,CSCO,2022-07-15,1.762694,38.474,38.409,38.5115,40.927833,38.495935,38.952305,-0.456369,-0.607293,0.301847,47.179065,39.381288,37.641712,0.934616,17350629.4
US,CSCO,2022-07-18,-1.085832,38.358,38.443,38.4965,40.778833,38.459638,38.901023,-0.441385,-0.574111,0.265452,43.937294,39.372748,37.620252,0.926429,17643475.8
US,CSCO,2022-07-19,3.345531,38.568,38.629,38.5425,40.654833,38.625847,38.948355,-0.322507,-0.523791,0.402567,54.253814,39.529452,37.555548,0.955256,18738694.0
US,CSCO,2022-07-20,0.227618,38.824,38.758,38.5595,40.553333,38.780332,38.998847,-0.218515,-0.462735,0.488442,54.882483,39.607211,37.511789,0.929166,18487697.4
US,CSCO,2022-07-21,1.009336,39.228,38.88,38.622,40.45,38.972589,39.075229,-0.10264,-0.390716,0.576153,57.666988,39.848713,37.395287,0.902797,18093371.2
US,CSCO,2022-07-22,-0.249813,39.478,38.976,38.708,40.360333,39.119883,39.138545,-0.018662,-0.316305,0.595287,56.724452,40.043464,37.372536,0.881169,17084731.2
US,CSCO,2022-07-25,-0.275482,39.79,39.074,38.736,40.2925,39.227593,39.189023,0.03857,-0.24533,0.567801,55.64702,40.138389,37.333611,0.853942,16326919.6
US,CSCO,2022-07-26,-1.155198,39.754,39.161,38.756,40.197333,39.247963,39.201688,0.046275,-0.187009,0.466569,51.262062,40.181811,37.330189,0.843661,15657245.4
US,CSCO,2022-07-27,1.854675,39.846,39.335,38.844,40.138833,39.377508,39.267489,0.110019,-0.127604,0.475244,57.046625,40.367672,37.320328,0.844828,17007202.0
US,CSCO,2022-07-28,2.195061,40.034,39.631,38.984,40.082,39.622506,39.393601,0.228906,-0.056302,0.570415,62.781303,40.732227,37.235773,0.863054,17449522.0
US,CSCO,2022-07-29,-0.561386,40.196,39.837,39.123,40.020333,39.794428,39.493334,0.301094,0.015177,0.571834,60.507511,40.96311,37.28289,0.852122,19218934.2
US,CSCO,2022-08-01,-0.196367,40.364,40.077,39.26,39.932833,39.927593,39.579754,0.34784,0.08171,0.532259,59.697623,41.129214,37.390786,0.834113,19458665.8
US,CSCO,2022-08-02,-0.787014,40.56,40.157,39.393,39.869167,39.991041,39.636068,0.354972,0.136362,0.43722,56.443218,41.169852,37.616148,0.825962,18557142.0
US,CSCO,2022-08-03,1.76004,40.752,40.299,39.5285,39.8215,40.153957,39.740804,0.413153,0.191721,0.442866,61.463007,41.375425,37.681575,0.833394,17076102.0
US,CSCO,2022-08-04,-0.730816,40.708,40.371,39.6255,39.774333,40.245656,39.815559,0.430097,0.239396,0.381402,58.400388,41.514589,37.736411,0.832437,16610725.4
US,CSCO,2022-08-05,-0.809816,40.644,40.42,39.698,39.712833,40.272478,39.860333,0.412146,0.273946,0.2764,55.145284,41.592187,37.803813,0.826549,15777169.0
US,CSCO,2022-08-08,0.02474,40.598,40.481,39.7775,39.664833,40.296712,39.90253,0.394182,0.297993,0.192378,55.226724,41.654358,37.900642,0.809652,16039822.6
US,CSCO,2022-08-09,-0.222607,40.598,40.579,39.87,39.620833,40.303372,39.934935,0.368437,0.312082,0.11271,54.271663,41.664469,38.075531,0.781106,15604007.0
US,CSCO,2022-08-10,2.45414,40.654,40.703,40.019,39.574333,40.461315,40.038274,0.423041,0.334274,0.177535,62.046792,41.778419,38.259581,0.798884,16402332.2
US,CSCO,2022-08-11,-0.26615,40.748,40.728,40.1795,39.534333,40.578036,40.125809,0.452227,0.357864,0.188725,60.809602,41.752325,38.606675,0.784678,16522333.0
US,CSCO,2022-08-12,1.552644,41.036,40.84,40.3385,39.481333,40.775261,40.254267,0.520993,0.39049,0.261007,65.162122,41.915767,38.761233,0.774344,16009069.4
US,CSCO,2022-08-15,-0.047778,41.318,40.958,40.5175,39.461167,40.939067,40.371729,0.567338,0.42586,0.282956,64.919478,41.912661,39.122339,0.756891,16006955.8
US,CSCO,2022-08-16,0.382409,41.65,41.124,40.6405,39.542167,41.102287,40.492342,0.609946,0.462677,0.294538,66.009919,42.101465,39.179535,0.73997,17672429.8
US,CSCO,2022-08-17,-0.238095,41.764,41.209,40.754,39.6035,41.225012,40.596613,0.6284,0.495821,0.265156,64.657168,42.235869,39.272131,0.743543,19480466.8
US,CSCO,2022-08-18,5.823389,42.388,41.568,40.9695,39.699333,41.704241,40.873901,0.830341,0.562725,0.535231,77.027687,43.085444,38.853556,0.905433,24310589.6
US,CSCO,2022-08-19,-1.375733,42.762,41.899,41.1595,39.778833,42.015896,41.085464,0.930433,0.636267,0.588332,70.394113,43.534532,38.784468,0.899331,25543151.6
US,CSCO,2022-08-22,-2.012349,42.964,42.141,41.311,39.840167,42.14422,41.21617,0.92805,0.694623,0.466853,62.087188,43.711349,38.910651,0.910093,26558751.6
US,CSCO,2022-08-23,-0.630105,43.08,42.365,41.472,39.882333,42.211263,41.317194,0.894069,0.734512,0.319112,59.757168,43.756466,39.187534,0.887229,25080931.2
US,CSCO,2022-08-24,-0.728041,43.154,42.459,41.581,39.91,42.2203,41.387773,0.832527,0.754115,0.156823,57.107255,43.798349,39.363651,0.858856,22475109.0
US,CSCO,2022-08-25,0.425834,42.776,42.582,41.655,39.949167,42.255638,41.466456,0.789182,0.761129,0.056107,58.264545,43.884596,39.425404,0.835366,19082982.0
US,CSCO,2022-08-26,-2.921084,42.272,42.517,41.6785,39.965,42.094771,41.447459,0.647311,0.738365,-0.182108,48.547036,43.878739,39.478261,0.864983,18518865.8
US,CSCO,2022-08-29,-0.388255,41.912,42.438,41.698,39.969833,41.934037,41.418018,0.516019,0.693896,-0.355754,47.447407,43.868499,39.527501,0.836055,17097194.0
US,CSCO,2022-08-30,-1.023143,41.522,42.301,41.7125,39.975667,41.733416,41.359646,0.373769,0.629871,-0.512202,44.592085,43.850142,39.574858,0.834908,17200094.0
US,CSCO,2022-08-31,-1.156781,41.1,42.127,41.668,39.9725,41.491352,41.270784,0.220568,0.54801,-0.654884,41.576809,43.894177,39.441823,0.855272,18812022.0
US,CSCO,2022-09-01,1.26992,40.744,41.76,41.664,39.974333,41.36499,41.226281,0.138709,0.46615,-0.654882,45.855223,43.897037,39.430963,0.854181,17451447.6
US,CSCO,2022-09-02,-1.549053,40.51,41.391,41.645,39.975167,41.161145,41.138408,0.022737,0.377467,-0.709461,41.784532,43.926004,39.363996,0.898168,16333671.6
US,CSCO,2022-09-06,-0.24975,40.288,41.1,41.6205,39.984167,40.973277,41.049637,-0.076361,0.286702,-0.726125,41.159937,43.962879,39.278121,0.886156,16521743.4
US,CSCO,2022-09-07,1.22684,40.248,40.885,41.625,40.012833,40.889696,41.003738,-0.114043,0.206553,-0.641191,45.461871,43.957848,39.292152,0.875002,17325404.8
US,CSCO,2022-09-08,0.766757,40.364,40.732,41.5955,40.050333,40.866666,40.984202,-0.117537,0.141735,-0.518543,48.049662,43.957266,39.233734,0.866788,15570476.8
US,CSCO,2022-09-09,0.883652,40.45,40.597,41.5895,40.098667,40.902563,40.99278,-0.090217,0.095345,-0.371122,50.959756,43.955657,39.223343,0.838446,15423075.8
US,CSCO,2022-09-12,1.386861,40.776,40.643,41.58,40.143333,41.02063,41.042944,-0.022314,0.071813,-0.188254,55.23548,43.94326,39.21674,0.8407,16063487.0
US,CSCO,2022-09-13,-4.943605,40.71,40.499,41.4685,40.160833,40.80361,40.9368,-0.13319,0.030812,-0.328005,41.240843,43.978068,38.958932,0.933507,17795996.4
US,CSCO,2022-09-14,-0.3282,40.52,40.384,41.3425,40.175167,40.599978,40.828889,-0.228911,-0.021132,-0.415558,40.542744,43.98234,38.70266,0.912542,19646816.6
US,CSCO,2022-09-15,-1.519757,40.148,40.256,41.1915,40.168333,40.335366,40.684527,-0.349161,-0.086738,-0.524846,37.396359,44.024903,38.358097,0.903075,20430237.4
US,CSCO,2022-09-16,0.02572,39.706,40.078,40.919,40.170167,40.113002,40.551599,-0.438597,-0.15711,-0.562974,37.483441,43.528198,38.309802,0.889284,23869572.8
US,CSCO,2022-09-19,0.0,39.15,39.963,40.677,40.1815,39.924848,40.428518,-0.50367,-0.226422,-0.554496,37.483441,43.08878,38.26522,0.870049,23018479.2
US,CSCO,2022-09-20,-1.671381,38.876,39.793,40.4465,40.1645,39.66564,40.266405,-0.600765,-0.30129,-0.598949,33.925961,42.864675,38.028325,0.875046,21775534.4
US,CSCO,2022-09-21,-2.327406,38.45,39.485,40.185,40.137667,39.309388,40.050375,-0.740987,-0.38923,-0.703515,29.760992,42.750412,37.619588,0.896114,20548412.8
US,CSCO,2022-09-22,-1.07095,38.064,39.106,39.919,40.114667,38.946405,39.820718,-0.874312,-0.486246,-0.776132,28.091773,42.661611,37.176389,0.861391,20256892.0
US,CSCO,2022-09-23,-1.190798,37.588,38.647,39.622,40.087,38.571574,39.575479,-1.003906,-0.589778,-0.828255,26.341582,42.487684,36.756316,0.872006,17531212.0
US,CSCO,2022-09-26,-0.191728,37.098,38.124,39.3835,40.061667,38.243639,39.343222,-1.099582,-0.691739,-0.815687,26.063376,42.466565,36.300435,0.862577,19336669.2
US,CSCO,2022-09-27,-0.137212,36.728,37.802,39.1505,40.036167,37.958464,39.124465,-1.166,-0.786591,-0.758818,25.853338,42.39471,35.90629,0.879536,18979464.6
US,CSCO,2022-09-28,2.006046,36.682,37.566,38.975,40.026833,37.82947,38.975986,-1.146516,-0.858576,-0.57588,34.191786,42.259585,35.690415,0.883855,19339825.8
US,CSCO,2022-09-29,-1.858836,36.578,37.321,38.7885,39.995,37.614167,38.787394,-1.173228,-0.921507,-0.503442,30.679769,42.20375,35.37325,0.897151,19900911.0
US,CSCO,2022-09-30,-1.399945,36.46,37.024,38.551,39.946833,37.353526,38.574995,-1.221469,-0.981499,-0.47994,28.360977,42.068948,35.033052,0.902355,21685351.0
US,CSCO,2022-10-03,3.229399,36.588,36.843,38.403,39.915333,37.311445,38.464254,-1.15281,-1.015761,-0.274097,39.551877,41.906953,34.899047,0.936472,21587106.4
US,CSCO,2022-10-04,2.211435,36.89,36.809,38.301,39.899667,37.401992,38.422458,-1.020466,-1.016702,-0.007528,45.97638,41.738178,34.863822,0.942438,23159406.4
US,CSCO,2022-10-05,0.422164,37.078,36.88,38.1825,39.8925,37.503224,38.395609,-0.892385,-0.991839,0.198907,47.156535,41.478424,34.886576,0.930121,21373814.0
US,CSCO,2022-10-06,-1.129795,37.318,36.948,38.027,39.8805,37.522728,38.338897,-0.816169,-0.956705,0.281071,44.35236,41.112334,34.941666,0.910827,21114293.8
US,CSCO,2022-10-07,-3.002923,37.434,36.947,37.797,39.855333,37.365385,38.202683,-0.837298,-0.932823,0.191052,37.963491,40.605089,34.988911,0.938625,19327393.8
US,CSCO,2022-10-10,-0.958904,37.248,36.918,37.521,39.813167,37.178403,38.050632,-0.872229,-0.920705,0.096951,36.223022,39.784439,35.257561,0.949437,18212362.0
US,CSCO,2022-10-11,-0.77455,36.842,36.866,37.334,39.773333,36.97711,37.889104,-0.911994,-0.918962,0.013937,34.84665,39.491697,35.176303,0.935906,17511768.2
US,CSCO,2022-10-12,-0.780597,36.348,36.713,37.1395,39.7075,36.763708,37.7188,-0.955091,-0.926188,-0.057806,33.47678,39.186835,35.092165,0.908342,18109804.0
US,CSCO,2022-10-13,3.427929,36.184,36.751,37.036,39.6605,36.77083,37.651481,-0.880651,-0.917081,0.072859,43.836723,38.924008,35.147992,0.985603,19735708.2
US,CSCO,2022-10-14,-1.032328,36.17,36.802,36.913,39.6005,36.718395,37.561001,-0.842606,-0.902186,0.119159,41.660435,38.613013,35.212987,0.982345,19839067.8
US,CSCO,2022-10-17,2.74499,36.426,36.837,36.84,39.558833,36.827873,37.551297,-0.723425,-0.866434,0.286018,48.856133,38.303038,35.376962,0.998607,22082419.6
US,CSCO,2022-10-18,1.202244,36.828,36.835,36.822,39.5265,36.989738,37.575646,-0.585907,-0.810328,0.448842,51.740745,38.223251,35.420749,0.98942,21849797.0
US,CSCO,2022-10-19,0.211193,37.302,36.825,36.8525,39.503167,37.139009,37.604116,-0.465107,-0.741284,0.552354,52.256297,38.323226,35.381774,0.968747,22208201.0
US,CSCO,2022-10-20,-0.421496,37.5,36.842,36.895,39.465,37.2407,37.618626,-0.377926,-0.668613,0.581373,51.080952,38.422567,35.367433,0.974551,20308631.8
US,CSCO,2022-10-21,2.619048,37.972,37.071,37.009,39.428667,37.479054,37.705395,-0.226341,-0.580158,0.707635,57.45704,38.732379,35.285621,0.986369,21401199.0
US,CSCO,2022-10-24,1.727249,38.378,37.402,37.16,39.407333,37.783815,37.835365,-0.051551,-0.474437,0.845772,61.147802,39.163886,35.156114,0.975914,19589219.0
US,CSCO,2022-10-25,1.900659,38.844,37.836,37.351,39.399833,38.157074,38.011264,0.14581,-0.350387,0.992394,64.826355,39.719872,34.982128,0.984063,19777595.4
US,CSCO,2022-10-26,0.024869,39.296,38.299,37.506,39.397833,38.474447,38.174874,0.299573,-0.220395,1.039937,64.874109,40.180138,34.831862,0.975201,19974267.2
US,CSCO,2022-10-27,0.099453,39.788,38.644,37.6975,39.384667,38.749148,38.329328,0.41982,-0.092352,1.024344,65.078346,40.57668,34.81832,0.952687,20228667.2
US,CSCO,2022-10-28,2.757079,40.304,39.138,37.97,39.395,39.152356,38.554563,0.597793,0.045677,1.104232,70.248094,41.141467,34.798533,0.968209,18817325.8
US,CSCO,2022-10-31,-0.45927,40.648,39.513,38.175,39.407667,39.464301,38.74904,0.715261,0.179594,1.071335,68.382008,41.609021,34.740979,0.936909,18619014.6
US,CSCO,2022-11-01,0.048567,40.846,39.845,38.34,39.4205,39.731332,38.930592,0.800739,0.303823,0.993833,68.476934,42.014044,34.665956,0.91713,17203751.6
US,CSCO,2022-11-02,-1.941748,40.882,40.089,38.457,39.4215,39.834204,39.039437,0.794766,0.402011,0.78551,60.635044,42.235476,34.678524,0.959477,16254564.0
US,CSCO,2022-11-03,-1.633663,40.778,40.283,38.5625,39.395,39.819711,39.091331,0.72838,0.467285,0.522189,55.035437,42.360499,34.764501,0.968086,16213187.2
US,CSCO,2022-11-04,1.534977,40.574,40.439,38.755,39.3805,39.901294,39.184566,0.716728,0.517174,0.399109,58.820599,42.505309,35.004691,0.980366,16547271.6
US,CSCO,2022-11-07,0.074349,40.414,40.531,38.9665,39.355833,39.974941,39.273116,0.701824,0.554104,0.295441,59.003383,42.579921,35.353079,0.947482,17265122.8
US,CSCO,2022-11-08,0.123824,40.26,40.553,39.1945,39.332333,40.04495,39.358812,0.686138,0.580511,0.211255,59.327419,42.564897,35.824103,0.955519,18347965.8
US,CSCO,2022-11-09,-1.558249,40.14,40.511,39.405,39.295667,40.007265,39.391492,0.615773,0.587563,0.05642,53.580832,42.347309,36.462691,0.940839,19148433.0
US,CSCO,2022-11-10,3.969849,40.468,40.623,39.6335,39.287,40.218455,39.538789,0.679666,0.605984,0.147365,63.206429,42.440928,36.826072,0.996494,21007329.8
US,CSCO,2022-11-11,-1.909135,40.516,40.545,39.8415,39.2245,40.275616,39.616656,0.65896,0.616579,0.084761,56.857864,42.257921,37.425079,1.038173,22269940.0
US,CSCO,2022-11-14,-0.098546,40.55,40.482,39.9975,39.1715,40.317829,39.685793,0.632036,0.61967,0.024731,56.548158,42.160617,37.834383,1.012589,22211600.0
US,CSCO,2022-11-15,0.345253,40.602,40.431,40.138,39.1355,40.375086,39.760179,0.614907,0.618718,-0.007621,57.422325,42.08717,38.18883,0.99169,22574586.0
US,CSCO,2022-11-16,-1.130499,40.688,40.414,40.2515,39.096333,40.352765,39.79498,0.557785,0.606531,-0.097493,53.606256,41.925027,38.577973,0.964426,23700170.8
US,CSCO,2022-11-17,4.971414,40.858,40.663,40.473,39.095667,40.64157,39.975352,0.666218,0.618469,0.095499,64.616425,41.951298,38.994702,1.055539,26039715.0
US,CSCO,2022-11-18,2.557424,41.402,40.959,40.699,39.11,41.052098,40.222363,0.829735,0.660722,0.338026,68.907523,42.438045,38.959955,1.073714,27016004.8
US,CSCO,2022-11-21,-0.34634,41.924,41.237,40.884,39.1425,41.376391,40.439966,0.936425,0.715862,0.441125,67.679862,42.831218,38.936782,1.044163,26207651.8
US,CSCO,2022-11-22,1.598703,42.556,41.579,41.066,39.189167,41.756946,40.692561,1.064385,0.785567,0.557636,70.301034,43.374189,38.757811,1.021723,25617608.0
US,CSCO,2022-11-23,0.387685,43.314,42.001,41.256,39.245667,42.105108,40.939038,1.16607,0.861668,0.608805,70.926642,43.860883,38.651117,0.992314,23042803.2
US,CSCO,2022-11-25,-0.340754,43.642,42.25,41.4365,39.3075,42.37663,41.156146,1.220484,0.933431,0.574106,69.5348,44.233515,38.639485,0.967149,16963759.0
US,CSCO,2022-11-28,-0.661044,43.696,42.549,41.547,39.356,42.561764,41.335691,1.226073,0.991959,0.468227,66.805301,44.495302,38.598698,0.933781,13790764.8
US,CSCO,2022-11-29,0.413034,43.816,42.87,41.676,39.418,42.746108,41.515269,1.230838,1.039735,0.382207,67.654013,44.770908,38.581092,0.904225,13136765.4
US,CSCO,2022-11-30,2.97075,44.058,43.307,41.869,39.503333,43.102091,41.777842,1.324249,1.096638,0.455223,73.019375,45.285787,38.452213,0.961067,15847149.0
US,CSCO,2022-12-01,0.510431,44.312,43.813,42.1135,39.584333,43.438693,42.038002,1.400691,1.157448,0.486484,73.845959,45.766495,38.460505,0.941705,17145931.6
US,CSCO,2022-12-02,-0.529918,44.548,44.095,42.379,39.656167,43.686586,42.261113,1.425473,1.211053,0.42884,71.388255,46.074986,38.683014,0.942297,17912439.4
US,CSCO,2022-12-05,-0.754717,44.774,44.235,42.597,39.716333,43.844034,42.442512,1.401522,1.249147,0.30475,67.93863,46.302882,38.891118,0.90999,17675964.6
US,CSCO,2022-12-06,-1.498546,44.83,44.323,42.78,39.755833,43.874183,42.560844,1.313339,1.261985,0.102706,61.619677,46.39013,39.16987,0.921419,18008817.0
US,CSCO,2022-12-07,-0.840145,44.552,44.305,42.942,39.8235,43.84277,42.643004,1.199766,1.249542,-0.099551,58.389864,46.4035,39.4805,0.88989,15059236.0
US,CSCO,2022-12-08,1.671628,44.374,44.343,43.172,39.9055,43.928498,42.773152,1.155346,1.230702,-0.150713,62.559563,46.369046,39.974954,0.89204,14550493.4
US,CSCO,2022-12-09,-1.081081,44.148,44.348,43.299,39.9895,43.92719,42.858104,1.069087,1.198379,-0.258585,58.414517,46.401618,40.196382,0.875466,14946105.6
US,CSCO,2022-12-12,1.730419,44.142,44.458,43.5035,40.086,44.043007,42.993059,1.049948,1.168693,-0.237489,62.635834,46.397053,40.609947,0.874361,15271992.4
US,CSCO,2022-12-13,0.693823,44.332,44.581,43.7255,40.187667,44.188698,43.14098,1.047718,1.144498,-0.19356,64.230789,46.347106,41.103894,0.907621,16724412.4
US,CSCO,2022-12-14,-0.689042,44.534,44.543,43.925,40.295,44.264283,43.254982,1.009301,1.117459,-0.216315,61.407849,46.172883,41.677117,0.923505,17500127.6
US,CSCO,2022-12-15,-2.327663,44.382,44.378,44.0955,40.399833,44.16824,43.283502,0.884738,1.070915,-0.372353,52.993218,45.586251,42.604749,0.958255,18171585.2
US,CSCO,2022-12-16,-0.710357,44.264,44.206,44.1505,40.506167,44.03928,43.286946,0.752334,1.007198,-0.509729,50.76042,45.42777,42.87323,0.959094,28536025.2
US,CSCO,2022-12-19,-0.853912,43.92,44.031,44.133,40.613667,43.873237,43.262728,0.610509,0.927861,-0.634703,48.152623,45.464302,42.801698,0.944159,29048217.6
US,CSCO,2022-12-20,-0.069832,43.508,43.92,44.1215,40.721833,43.728123,43.238081,0.490042,0.840297,-0.70051,47.937578,45.489685,42.753315,0.926719,27524277.6
US,CSCO,2022-12-21,0.628931,43.212,43.873,44.089,40.835333,43.646874,43.23526,0.411613,0.75456,-0.685894,50.097597,45.51125,42.66675,0.899096,26834114.8
US,CSCO,2022-12-22,-0.717593,43.062,43.722,44.0325,40.9315,43.530432,43.209686,0.320746,0.667797,-0.694103,47.653007,45.547952,42.517048,0.897732,27583320.6
US,CSCO,2022-12-23,0.326416,43.002,43.633,43.9905,41.0415,43.453442,43.196376,0.257066,0.585651,-0.657169,48.866523,45.56697,42.41403,0.865037,16269120.6
US,CSCO,2022-12-27,0.116198,43.026,43.473,43.9655,41.160833,43.395989,43.187755,0.208234,0.510168,-0.603867,49.318411,45.582553,42.348447,0.834677,15085100.6
US,CSCO,2022-12-28,-0.97493,42.972,43.24,43.9105,41.253833,43.28276,43.148662,0.134098,0.434954,-0.601711,45.667536,45.623736,42.197264,0.825772,14037340.6
US,CSCO,2022-12-29,0.914205,42.942,43.077,43.81,41.339667,43.246951,43.141354,0.105597,0.369082,-0.526971,49.412367,45.476913,42.143087,0.810359,13196723.4
US,CSCO,2022-12-30,0.301974,43.0,43.031,43.7045,41.425,43.236651,43.144217,0.092434,0.313753,-0.442637,50.63379,45.245726,42.163274,0.799619,11212863.4
US,CSCO,2023-01-03,0.625289,43.084,43.043,43.6245,41.522,43.269474,43.166867,0.102607,0.271524,-0.337834,53.163171,45.038947,42.210053,0.790361,12845763.4
US,CSCO,2023-01-04,-0.023015,43.156,43.091,43.561,41.637667,43.295709,43.187099,0.108609,0.238941,-0.260663,53.054746,44.886019,42.235981,0.819621,14100484.4
US,CSCO,2023-01-05,-1.404236,43.19,43.081,43.5005,41.749,43.224061,43.160647,0.063414,0.203835,-0.280843,46.7864,44.842893,42.158107,0.812505,15605424.4
US,CSCO,2023-01-06,3.058604,43.408,43.175,43.524,41.886833,43.364975,43.233192,0.131783,0.189425,-0.115284,58.20637,44.893619,42.154381,0.865897,17490740.2
US,CSCO,2023-01-09,0.543725,43.648,43.324,43.523,42.033333,43.521133,43.318141,0.202992,0.192138,0.021707,59.904093,44.890086,42.155914,0.869048,17638376.8
US,CSCO,2023-01-10,0.473186,43.876,43.48,43.5565,42.163,43.685574,43.412353,0.273221,0.208355,0.129733,61.382303,44.991983,42.121017,0.848401,16589484.2
US,CSCO,2023-01-11,0.829782,44.18,43.668,43.5705,42.305167,43.881639,43.526993,0.354646,0.237613,0.234066,63.907091,45.054191,42.086809,0.822801,15427703.2
US,CSCO,2023-01-12,-0.422598,44.568,43.879,43.5595,42.4275,44.01831,43.619068,0.399242,0.269939,0.258607,61.67712,45.003667,42.115333,0.801887,14801623.2
US,CSCO,2023-01-13,-0.2457,44.672,44.04,43.5585,42.5405,44.117032,43.696174,0.420858,0.300123,0.24147,60.363859,44.999587,42.117413,0.783895,13166884.4
US,CSCO,2023-01-17,-1.634572,44.582,44.115,43.573,42.64,44.088258,43.713494,0.374763,0.315051,0.119425,52.39125,45.022884,42.123116,0.792903,14237444.4
US,CSCO,2023-01-18,-2.458457,44.234,44.055,43.549,42.724167,43.897756,43.649532,0.248225,0.301686,-0.106922,43.283148,45.029742,42.068258,0.826267,15718999.0
US,CSCO,2023-01-19,-0.933489,43.732,43.956,43.5235,42.785167,43.675025,43.560678,0.114347,0.264218,-0.299742,40.47647,45.060436,41.986564,0.810105,17036539.0
US,CSCO,2023-01-20,0.683157,43.326,43.947,43.514,42.839833,43.531175,43.499887,0.031288,0.217632,-0.372688,43.344845,45.067749,41.960251,0.827954,18557639.2
US,CSCO,2023-01-23,1.544221,43.074,43.873,43.524,42.893,43.510994,43.492488,0.018506,0.177807,-0.318601,49.329425,45.072101,41.975899,0.840243,19063871.8
US,CSCO,2023-01-24,0.645161,43.024,43.803,43.5635,42.950667,43.536995,43.506377,0.030617,0.148369,-0.235503,51.662237,45.084963,42.042037,0.843083,18180251.8
US,CSCO,2023-01-25,0.343407,43.22,43.727,43.6035,43.010167,43.582073,43.530349,0.051723,0.12904,-0.154633,52.912909,45.108735,42.098265,0.838577,17131549.8
US,CSCO,2023-01-26,0.752909,43.562,43.647,43.6575,43.056667,43.670985,43.57699,0.093994,0.122031,-0.056073,55.632652,45.161227,42.153773,0.820822,15898369.8
US,CSCO,2023-01-27,0.362319,43.878,43.602,43.7405,43.109,43.770833,43.632028,0.138805,0.125386,0.026839,56.931553,45.197352,42.283648,0.811477,14211889.6
US,CSCO,2023-01-30,-0.609206,44.008,43.541,43.7905,43.1565,43.813782,43.662989,0.150793,0.130467,0.040652,54.055601,45.217461,42.363539,0.779229,15028168.6
US,CSCO,2023-01-31,0.93076,44.164,43.594,43.8545,43.224167,43.9132,43.722027,0.191173,0.142608,0.09713,57.561455,45.281013,42.427987,0.765713,15417968.8
US,CSCO,2023-02-01,-0.202429,44.272,43.746,43.9005,43.301333,43.983477,43.770025,0.213452,0.156777,0.11335,56.541521,45.331199,42.469801,0.801733,16418115.2
US,CSCO,2023-02-02,1.555105,44.452,44.007,43.9815,43.379833,44.149096,43.865578,0.283517,0.182125,0.202785,62.087899,45.480543,42.482457,0.823038,17404335.2
US,CSCO,2023-02-03,-1.398136,44.474,44.176,44.0615,43.447333,44.192312,43.907387,0.284924,0.202685,0.164479,55.165188,45.474501,42.648499,0.817107,18317375.2
US,CSCO,2023-02-06,-2.18321,44.356,44.182,44.0275,43.497833,44.079649,43.874248,0.205401,0.203228,0.004345,46.557697,45.463841,42.591159,0.831599,17263306.6
US,CSCO,2023-02-07,0.575242,44.206,44.185,43.994,43.563,44.02278,43.862081,0.160698,0.194722,-0.068048,48.776084,45.427142,42.560858,0.848628,17234006.4
US,CSCO,2023-02-08,-1.853123,43.912,44.092,43.9095,43.588333,43.850044,43.790816,0.059228,0.167623,-0.21679,42.605237,45.390601,42.428399,0.858011,17087225.4
US,CSCO,2023-02-09,-0.48951,43.438,43.945,43.796,43.623333,43.671576,43.709274,-0.037698,0.126559,-0.328514,41.151641,45.285582,42.306418,0.860296,17230149.2
US,CSCO,2023-02-10,1.14781,43.188,43.831,43.7165,43.667167,43.595949,43.670069,-0.07412,0.086423,-0.321086,45.798443,45.158627,42.274373,0.843132,17113609.2
US,CSCO,2023-02-13,1.250579,43.24,43.798,43.6695,43.717667,43.615034,43.673767,-0.058734,0.057392,-0.232251,50.442637,45.045312,42.293688,0.830051,18199710.2
US,CSCO,2023-02-14,-0.32022,43.214,43.71,43.652,43.7735,43.609644,43.666821,-0.057178,0.034478,-0.183311,49.264087,45.023008,42.280992,0.824333,18691550.2
US,CSCO,2023-02-15,1.560349,43.486,43.699,43.7225,43.807333,43.709699,43.710761,-0.001062,0.02737,-0.056864,54.78939,45.066031,42.378969,0.842595,20374437.0
US,CSCO,2023-02-16,5.241753,44.264,43.851,43.929,43.861833,44.151283,43.923297,0.227987,0.067493,0.320987,67.709776,45.644726,42.213274,0.99741,26279813.2
US,CSCO,2023-02-17,-0.429369,44.904,44.046,44.111,43.9155,44.494163,44.105275,0.388888,0.131772,0.514232,65.959764,46.042309,42.179691,0.981166,27864634.4
US,CSCO,2023-02-21,-2.11298,45.24,44.24,44.211,43.941333,44.633522,44.20118,0.432342,0.191886,0.480912,58.043442,46.191191,42.230809,0.985369,29000313.4
US,CSCO,2023-02-22,-0.770925,45.534,44.374,44.2795,43.9585,44.697596,44.264056,0.43354,0.240217,0.386646,55.482347,46.276192,42.282808,0.977128,29233813.4
US,CSCO,2023-02-23,-0.199778,45.674,44.58,44.336,43.976667,44.737966,44.315607,0.422358,0.276645,0.291426,54.812597,46.342543,42.329457,0.980905,26583061.2
US,CSCO,2023-02-24,-1.490214,45.216,44.74,44.3425,43.9885,44.669048,44.313711,0.355337,0.292384,0.125907,49.976042,46.347562,42.337438,0.978697,20408321.2
US,CSCO,2023-02-27,0.519305,44.844,44.874,44.3525,44.001167,44.646118,44.328991,0.317126,0.297332,0.039588,51.55631,46.359008,42.345992,0.965219,18299323.6
US,CSCO,2023-02-28,-0.628931,44.612,44.926,44.362,43.9875,44.583638,44.322399,0.261239,0.290114,-0.05775,49.505973,46.364484,42.359516,0.932703,16603709.8
US,CSCO,2023-03-01,-0.180832,44.434,44.984,44.347,43.968667,44.518463,44.31037,0.208093,0.273709,-0.131233,48.907512,46.350817,42.343183,0.903224,15233193.0
US,CSCO,2023-03-02,0.407609,44.31,44.992,44.3455,43.956833,44.491007,44.312565,0.178442,0.254656,-0.152427,50.36151,46.349291,42.341709,0.871566,16076588.6
US,CSCO,2023-03-03,1.533604,44.456,44.836,44.3435,43.962,44.572391,44.364967,0.207423,0.24521,-0.075572,55.512235,46.344512,42.342488,0.862882,15820248.6
US,CSCO,2023-03-06,0.288761,44.582,44.713,44.3795,43.9805,44.661254,44.423118,0.238136,0.243795,-0.011318,56.442763,46.411115,42.347885,0.838391,15640645.0
US,CSCO,2023-03-07,-1.040975,44.67,44.641,44.4405,43.997333,44.664138,44.442146,0.221992,0.239434,-0.034885,52.192317,46.430862,42.450138,0.852791,15817478.8
US,CSCO,2023-03-08,0.425246,44.812,44.623,44.4985,44.005167,44.695809,44.473839,0.22197,0.235941,-0.027943,53.709908,46.467828,42.529172,0.826878,15538723.8
US,CSCO,2023-03-09,-0.624025,44.862,44.586,44.583,44.016333,44.67953,44.482443,0.197087,0.22817,-0.062167,51.133856,46.410655,42.755345,0.831386,14381628.2
US,CSCO,2023-03-10,-0.515811,44.73,44.593,44.6665,44.011,44.630372,44.473374,0.156998,0.213936,-0.113875,49.05264,46.280715,43.052285,0.829145,14455289.2
US,CSCO,2023-03-13,-0.293057,44.546,44.564,44.719,43.998333,44.568776,44.455346,0.11343,0.193835,-0.160809,47.866755,46.199147,43.238853,0.819206,15735769.2
US,CSCO,2023-03-14,1.311327,44.572,44.621,44.7735,44.0005,44.605888,44.481617,0.124271,0.179922,-0.111302,53.292241,46.180984,43.366016,0.815691,15770369.2
US,CSCO,2023-03-15,0.022316,44.562,44.687,44.8355,44.020167,44.638828,44.506682,0.132146,0.170367,-0.076442,53.382322,46.132103,43.538897,0.805999,16830275.6
US,CSCO,2023-03-16,2.164212,44.802,44.832,44.912,44.061167,44.815931,44.601743,0.214189,0.179131,0.070115,61.19929,46.24382,43.58018,0.864856,18616252.8
US,CSCO,2023-03-17,0.131033,45.1,44.915,44.8755,44.109333,44.975019,44.694206,0.280813,0.199468,0.16269,61.627905,46.053608,43.697392,0.855938,24877151.8
US,CSCO,2023-03-20,1.504907,45.562,45.054,44.8835,44.1695,45.215785,44.830932,0.384854,0.236545,0.296618,66.245744,46.103783,43.663217,0.861942,25360940.8
US,CSCO,2023-03-21,-0.537172,45.858,45.215,44.928,44.221,45.381049,44.939011,0.442038,0.277643,0.32879,63.27457,46.278357,43.577643,0.865375,26491829.6
US,CSCO,2023-03-22,-2.376323,45.932,45.247,44.935,44.259333,45.351657,44.957603,0.394054,0.300926,0.186257,52.18419,46.28926,43.58074,0.890705,27300695.0
US,CSCO,2023-03-23,0.531091,45.86,45.331,44.9585,44.299333,45.36371,44.992595,0.371115,0.314963,0.112303,54.075509,46.329883,43.587117,0.882083,26570257.8
US,CSCO,2023-03-24,1.584856,45.92,45.51,45.0515,44.3505,45.484677,45.078329,0.406349,0.333241,0.146216,59.279243,46.480014,43.622986,0.887649,20929601.6
US,CSCO,2023-03-27,0.043337,45.846,45.704,45.134,44.409,45.590112,45.159193,0.430918,0.352776,0.156285,59.416805,46.619643,43.648357,0.854245,19561095.4
US,CSCO,2023-03-28,-0.281568,45.796,45.827,45.224,44.458833,45.659325,45.224438,0.434887,0.369198,0.131378,58.044217,46.700163,43.747837,0.814656,17119155.8
US,CSCO,2023-03-29,1.542137,46.108,46.02,45.3535,44.518333,45.827121,45.337443,0.489679,0.393294,0.192769,63.062938,46.886892,43.820108,0.81361,16531956.6
US,CSCO,2023-03-30,0.513369,46.42,46.14,45.486,44.577333,46.006026,45.459854,0.546171,0.42387,0.244603,64.604247,47.101938,43.870062,0.791209,15327796.6
US,CSCO,2023-03-31,1.638647,46.742,46.331,45.623,44.649333,46.275868,45.630236,0.645632,0.468222,0.35482,69.064405,47.501021,43.744979,0.796837,15557672.8
US,CSCO,2023-04-03,0.062814,47.066,46.456,45.755,44.732,46.508811,45.790218,0.718593,0.518296,0.400594,69.227103,47.841073,43.668927,0.777063,15763157.0
US,CSCO,2023-04-04,-0.188324,47.398,46.597,45.906,44.791333,46.692071,45.931683,0.760388,0.566715,0.387346,68.070488,48.093687,43.718313,0.767273,16258267.8
US,CSCO,2023-04-05,0.0,47.588,46.848,46.0475,44.846667,46.847137,46.06267,0.784467,0.610265,0.348404,68.070488,48.313535,43.781465,0.752467,15325173.6
US,CSCO,2023-04-06,-1.069182,47.628,47.024,46.1775,44.89,46.899885,46.146176,0.753709,0.638954,0.229511,61.33571,48.391888,43.963112,0.770863,15924061.0
US,CSCO,2023-04-10,0.127146,47.526,47.134,46.322,44.928167,46.953749,46.227941,0.725809,0.656325,0.138967,61.814373,48.417086,44.226914,0.749372,13841841.0
US,CSCO,2023-04-11,-1.375661,47.288,47.177,46.4405,44.958667,46.899326,46.2555,0.643826,0.653825,-0.019999,54.013093,48.3042,44.5768,0.748703,13656494.6
US,CSCO,2023-04-12,-1.008584,46.974,47.186,46.5065,44.983167,46.780968,46.246204,0.534764,0.630013,-0.190498,49.17991,48.222172,44.790828,0.75451,14156654.6
US,CSCO,2023-04-13,1.365706,46.786,47.187,46.6035,45.030333,46.777742,46.284263,0.493479,0.602706,-0.218454,54.99341,48.136435,45.070565,0.749188,14487441.8
US,CSCO,2023-04-14,-0.513259,46.652,47.14,46.64,45.0915,46.73809,46.301725,0.436365,0.569438,-0.266147,52.528221,48.127817,45.152183,0.738531,14009654.8
US,CSCO,2023-04-17,-0.515907,46.458,46.992,46.6615,45.155333,46.667614,46.300116,0.367499,0.52905,-0.323103,50.109188,48.115065,45.207935,0.727208,14382580.4
US,CSCO,2023-04-18,0.064823,46.4,46.844,46.65,45.214833,46.612597,46.300848,0.311749,0.48559,-0.347682,50.416571,48.110849,45.189151,0.715979,14231725.4
US,CSCO,2023-04-19,-4.513064,46.018,46.496,46.5465,45.2285,46.244505,46.146711,0.097794,0.408031,-0.620473,34.47895,48.348247,44.744753,0.817694,17104925.4
US,CSCO,2023-04-20,-3.030303,45.242,46.014,46.431,45.215167,45.726889,45.904733,-0.177844,0.290856,-0.937399,28.301575,48.779096,44.082904,0.869288,21968433.6
US,CSCO,2023-04-21,0.956157,44.596,45.624,46.324,45.206167,45.351983,45.711049,-0.359066,0.160871,-1.039874,32.298378,49.014824,43.633176,0.865053,23668615.0
US,CSCO,2023-04-24,0.762301,44.064,45.261,46.1975,45.197167,45.085524,45.556156,-0.470632,0.034571,-1.010406,35.418873,49.135662,43.259338,0.833263,24732129.8
US,CSCO,2023-04-25,-0.618982,43.472,44.936,46.0565,45.181,44.81852,45.392737,-0.574217,-0.087187,-0.97406,34.036566,49.246292,42.866708,0.814459,25747724.2
US,CSCO,2023-04-26,-1.176471,43.196,44.607,45.8965,45.160833,44.514133,45.203646,-0.689513,-0.207652,-0.963722,31.533174,49.380964,42.412036,0.799855,24132484.8
US,CSCO,2023-04-27,0.046685,43.192,44.217,45.702,45.134167,44.259651,45.030042,-0.770392,-0.3202,-0.900383,31.745187,49.401803,42.002197,0.797008,20747687.0
US,CSCO,2023-04-28,1.469902,43.232,43.914,45.527,45.1195,44.141243,44.915965,-0.774722,-0.411104,-0.727235,38.23346,49.296993,41.757007,0.785793,20508477.2
US,CSCO,2023-05-01,0.206944,43.224,43.644,45.318,45.094833,44.054898,44.817005,-0.762107,-0.481305,-0.561604,39.123747,49.032704,41.603296,0.755379,19660961.0
US,CSCO,2023-05-02,-2.088114,43.088,43.28,45.062,45.0655,43.841837,44.657967,-0.816131,-0.54827,-0.535721,33.816289,48.765661,41.358339,0.786424,19639666.4
US,CSCO,2023-05-03,-0.843684,42.982,43.089,44.7925,45.046333,43.606169,44.484044,-0.877874,-0.614191,-0.527367,31.968653,48.473461,41.111539,0.77525,19314707.0
US,CSCO,2023-05-04,-0.567242,42.824,43.008,44.511,45.019,43.369836,44.305226,-0.93539,-0.678431,-0.513919,30.761957,48.119905,40.902095,0.746304,18295408.8
US,CSCO,2023-05-05,1.188495,42.64,42.936,44.28,45.0135,43.246784,44.17669,-0.929906,-0.728726,-0.402361,36.167723,47.762648,40.797352,0.735854,17225897.4
US,CSCO,2023-05-08,0.211416,42.456,42.84,44.0505,45.013,43.15651,44.064343,-0.907833,-0.764547,-0.286572,37.119393,47.318352,40.782648,0.711864,17001438.2
US,CSCO,2023-05-09,0.281294,42.478,42.783,43.8595,45.006333,43.098585,43.969206,-0.870621,-0.785762,-0.169719,38.437307,46.950742,40.768258,0.701017,16010798.2
US,CSCO,2023-05-10,0.514259,42.616,42.799,43.703,44.994333,43.083418,43.897413,-0.813995,-0.791409,-0.045173,40.883578,46.631229,40.774771,0.702373,14982714.0
US,CSCO,2023-05-11,-0.744186,42.738,42.781,43.499,44.979333,43.021354,43.807235,-0.785881,-0.790303,0.008845,38.487927,46.096752,40.901248,0.69506,13937353.4
US,CSCO,2023-05-12,0.749766,42.824,42.732,43.323,44.958333,43.018069,43.747439,-0.729371,-0.778117,0.097492,42.139195,45.525027,41.120973,0.680413,13893363.8
US,CSCO,2023-05-15,0.837209,42.964,42.71,43.177,44.904667,43.070673,43.71874,-0.648067,-0.752107,0.20808,46.021098,44.913423,41.440577,0.678241,14134240.0
US,CSCO,2023-05-16,-0.392066,43.046,42.762,43.021,44.8515,43.089031,43.679574,-0.590543,-0.719794,0.258502,44.502727,43.998096,42.043904,0.664795,14389862.6
US,CSCO,2023-05-17,1.504978,43.214,42.915,43.002,44.8255,43.204565,43.691458,-0.486893,-0.673214,0.372642,51.140455,43.896374,42.107626,0.67231,17130005.6
US,CSCO,2023-05-18,1.208942,43.552,43.145,43.0765,44.814167,43.383863,43.74172,-0.357857,-0.610142,0.50457,55.784239,44.148419,42.004581,0.792145,22920723.6
US,CSCO,2023-05-19,1.915709,43.996,43.41,43.173,44.8185,43.666345,43.851222,-0.184877,-0.525089,0.680425,62.018963,44.594817,41.751183,0.809849,25814054.8
US,CSCO,2023-05-22,-0.619195,44.312,43.638,43.239,44.829333,43.862292,43.931872,-0.06958,-0.433988,0.728815,59.064423,44.847924,41.630076,0.782717,26906673.6
US,CSCO,2023-05-23,0.178015,44.678,43.862,43.3225,44.837667,44.040401,44.012475,0.027927,-0.341605,0.739063,59.655798,45.109306,41.535694,0.776808,27135845.6
US,CSCO,2023-05-24,-1.021768,44.822,44.018,43.4085,44.843,44.120339,44.053032,0.067307,-0.259822,0.654259,54.757364,45.258584,41.558416,0.775608,24361235.0
US,CSCO,2023-05-25,1.279174,44.974,44.263,43.522,44.859167,44.275672,44.132807,0.142864,-0.179285,0.644299,59.225209,45.49781,41.54619,0.819493,20409491.6
US,CSCO,2023-05-26,1.706182,45.11,44.553,43.6425,44.885167,44.525568,44.263711,0.261858,-0.091056,0.705829,64.347257,45.87331,41.41169,0.830958,18661789.4
US,CSCO,2023-05-30,0.610022,45.358,44.835,43.7725,44.9045,44.780096,44.405658,0.374438,0.002043,0.744792,66.018892,46.261659,41.283341,0.820889,18743249.4
US,CSCO,2023-05-31,-0.996102,45.498,45.088,43.925,44.914,44.924697,44.503017,0.42168,0.08597,0.67142,60.961909,46.497613,41.352387,0.799397,25612129.4
US,CSCO,2023-06-01,0.153106,45.744,45.283,44.099,44.9325,45.05782,44.598349,0.459472,0.16067,0.597603,61.445879,46.681874,41.516126,0.796583,26084940.0
US,CSCO,2023-06-02,0.545971,45.926,45.45,44.2975,44.952,45.208925,44.705138,0.503787,0.229294,0.548987,63.200561,46.835955,41.759045,0.77397,25572613.0
US,CSCO,2023-06-05,0.390964,45.99,45.55,44.48,44.979167,45.364475,44.81735,0.547125,0.29286,0.50853,64.454926,47.020252,41.939748,0.755829,24400320.6
US,CSCO,2023-06-06,-0.800519,45.924,45.641,44.6395,45.004,45.439171,44.893842,0.545329,0.343354,0.40395,59.932619,47.102023,42.176977,0.772556,23791281.0
US,CSCO,2023-06-07,-0.065431,45.944,45.721,44.7915,45.0305,45.49776,44.962447,0.535314,0.381746,0.307136,59.567681,47.149205,42.433795,0.749516,16583343.0
US,CSCO,2023-06-08,-0.196421,45.932,45.838,44.928,45.045833,45.533489,45.019302,0.514187,0.408234,0.211906,58.418439,47.168202,42.687798,0.723836,15677763.0
US,CSCO,2023-06-09,-0.043735,45.866,45.896,45.0795,45.060667,45.560645,45.070465,0.49018,0.424623,0.131113,58.149953,47.089052,43.069948,0.712134,14281478.8
US,CSCO,2023-06-12,1.662656,45.916,45.953,45.253,45.072,45.700546,45.174134,0.526411,0.444981,0.162861,64.775034,47.107649,43.398351,0.717696,14588184.8
US,CSCO,2023-06-13,0.624059,46.098,46.011,45.423,45.087167,45.863539,45.291606,0.571933,0.470371,0.203123,66.926547,47.172755,43.673245,0.698575,16189370.0
US,CSCO,2023-06-14,0.320787,46.316,46.13,45.609,45.093333,46.024533,45.411487,0.613046,0.498906,0.228279,68.014777,47.147907,44.070093,0.687248,16325397.4
US,CSCO,2023-06-15,1.89725,46.73,46.331,45.807,45.1185,46.297682,45.588414,0.709268,0.540978,0.336578,73.571271,47.402507,44.211493,0.719587,18166957.4
US,CSCO,2023-06-16,0.271967,47.174,46.52,45.985,45.164167,46.548807,45.761865,0.786943,0.590171,0.393543,74.274273,47.690092,44.279908,0.699617,23159051.6
US,CSCO,2023-06-20,-1.00146,47.37,46.643,46.0965,45.197833,46.687452,45.886912,0.800541,0.632245,0.336591,67.169718,47.876896,44.316104,0.689644,24087597.4
US,CSCO,2023-06-21,-1.348788,47.38,46.739,46.19,45.208833,46.706306,45.955289,0.751017,0.656,0.190035,59.0582,47.913125,44.466875,0.688241,22668420.2
US,CSCO,2023-06-22,0.534074,47.41,46.863,46.292,45.223667,46.76072,46.037119,0.723601,0.66952,0.108163,61.037537,47.966856,44.617144,0.686224,22341531.6
US,CSCO,2023-06-23,-1.551211,47.116,46.923,46.3805,45.2285,46.694456,46.058814,0.635642,0.662744,-0.054205,52.982737,47.854996,44.906004,0.705065,21151067.0
US,CSCO,2023-06-26,-0.237427,46.774,46.974,46.435,45.219667,46.621463,46.070754,0.550709,0.640337,-0.179257,51.871915,47.796859,45.073141,0.695417,16330604.2
US,CSCO,2023-06-27,1.298139,46.648,47.009,46.481,45.216833,46.652007,46.126253,0.525753,0.61742,-0.183334,57.149219,47.829553,45.132447,0.700745,14898724.8
US,CSCO,2023-06-28,0.021358,46.652,47.016,46.5135,45.201333,46.67939,46.178383,0.501008,0.594138,-0.186261,57.233388,47.8628,45.1642,0.689263,13788316.4
US,CSCO,2023-06-29,0.661969,46.668,47.039,46.5845,45.1905,46.750253,46.249614,0.50064,0.575438,-0.149597,59.865233,47.908516,45.260484,0.67003,13638256.0
US,CSCO,2023-06-30,1.039457,46.928,47.022,46.6765,45.189333,46.885599,46.351865,0.533734,0.567097,-0.066726,63.670886,48.022431,45.330569,0.691456,13967002.4
US,CSCO,2023-07-03,0.146966,47.224,46.999,46.7595,45.189333,47.010891,46.451726,0.559165,0.565511,-0.012692,64.193234,48.142417,45.376583,0.674924,12828242.2
US,CSCO,2023-07-05,0.146751,47.414,47.031,46.837,45.199,47.127677,46.549376,0.578301,0.568069,0.020464,64.739221,48.263339,45.410661,0.669572,13222486.0
US,CSCO,2023-07-06,-0.774545,47.528,47.09,46.9145,45.2015,47.169573,46.612385,0.557188,0.565893,-0.01741,59.568819,48.285259,45.543741,0.678888,13731603.4
US,CSCO,2023-07-07,-0.232068,47.558,47.113,46.988,45.213,47.1881,46.662579,0.525521,0.557818,-0.064594,58.083616,48.270959,45.705041,0.690396,13998479.0
US,CSCO,2023-07-10,0.803553,47.566,47.247,47.085,45.238667,47.262239,46.737203,0.525036,0.551262,-0.052452,61.641593,48.261801,45.908199,0.674654,14170117.2
US,CSCO,2023-07-11,1.405496,47.694,47.459,47.2165,45.265,47.428048,46.855929,0.57212,0.555433,0.033372,66.965845,48.335683,46.097317,0.676464,15703003.2
US,CSCO,2023-07-12,-2.647911,47.552,47.483,47.246,45.274,47.371425,46.871045,0.50038,0.544423,-0.088085,52.090252,48.314895,46.177105,0.733145,17979065.6
US,CSCO,2023-07-13,1.551211,47.63,47.579,47.2975,45.299167,47.435821,46.939116,0.496706,0.534879,-0.076347,57.841984,48.367021,46.227979,0.745063,18765388.2
US,CSCO,2023-07-14,-2.238962,47.516,47.537,47.288,45.306,47.325695,46.922885,0.40281,0.508466,-0.211311,48.626942,48.374363,46.201637,0.789702,19562631.0
US,CSCO,2023-07-17,0.856164,47.406,47.486,47.254,45.354333,47.29405,46.937486,0.356564,0.478085,-0.243043,51.72331,48.316439,46.191561,0.786866,18981541.0
US,CSCO,2023-07-18,0.848896,47.242,47.468,47.2335,45.431667,47.328811,46.980635,0.348176,0.452103,-0.207855,54.665881,48.258122,46.208878,0.767804,19267835.0
US,CSCO,2023-07-19,2.314815,47.554,47.553,47.292,45.5205,47.527456,47.10207,0.425386,0.44676,-0.042748,61.597928,48.479966,46.104034,0.792247,18350328.8
US,CSCO,2023-07-20,-0.102838,47.71,47.67,47.38,45.603,47.687847,47.210805,0.477042,0.452816,0.048451,61.140286,48.668596,46.091404,0.798515,19334254.2
US,CSCO,2023-07-21,0.494132,48.128,47.822,47.4675,45.694,47.860486,47.329264,0.531222,0.468497,0.125449,62.577491,48.888188,46.046812,0.782907,25677895.4
US,CSCO,2023-07-24,0.901455,48.554,47.98,47.6135,45.800833,48.074257,47.471541,0.602717,0.495341,0.214751,65.124145,49.133293,46.093707,0.771985,26128570.0
US,CSCO,2023-07-25,0.93401,48.992,48.117,47.788,45.915,48.32591,47.637353,0.688557,0.533984,0.309146,67.606079,49.424662,46.151338,0.760414,26069050.0
US,CSCO,2023-07-26,-0.704084,49.14,48.347,47.915,46.012833,48.485001,47.764956,0.720045,0.571197,0.297696,63.881028,49.624087,46.205913,0.751813,24432790.0
US,CSCO,2023-07-27,-0.425446,49.256,48.483,48.031,46.105667,48.587308,47.867552,0.719756,0.600909,0.237696,61.684882,49.744697,46.317303,0.766684,23035005.6
US,CSCO,2023-07-28,-1.709054,49.156,48.642,48.0895,46.199667,48.544646,47.900326,0.64432,0.609591,0.069458,53.728131,49.756791,46.422209,0.793349,18276653.0
US,CSCO,2023-07-31,-0.103498,48.958,48.756,48.121,46.298833,48.500854,47.926968,0.573886,0.60245,-0.057128,53.287518,49.776136,46.465864,0.765967,17436963.0
US,CSCO,2023-08-01,1.201823,48.784,48.888,48.178,46.411667,48.55303,47.9946,0.55843,0.593646,-0.070432,57.628361,49.849653,46.506347,0.760541,17267197.2
US,CSCO,2023-08-02,-0.1638,48.664,48.902,48.2275,46.514833,48.584872,48.051297,0.533575,0.581632,-0.096113,56.843721,49.90651,46.54849,0.758359,18093327.2
US,CSCO,2023-08-03,1.086957,48.692,48.974,48.322,46.625333,48.693353,48.143052,0.550301,0.575365,-0.05013,60.6648,50.016752,46.627248,0.772048,17972937.4
US,CSCO,2023-08-04,-0.973828,48.792,48.974,48.398,46.725833,48.711299,48.192456,0.518843,0.564061,-0.090436,55.842473,50.036201,46.759799,0.76833,14927717.6
US,CSCO,2023-08-07,0.717066,48.972,48.965,48.4725,46.8285,48.78033,48.264126,0.516204,0.554489,-0.076571,58.436888,50.107014,46.837986,0.742735,14354103.0
US,CSCO,2023-08-08,0.101709,49.046,48.915,48.516,46.937333,48.846433,48.334191,0.512242,0.54604,-0.067596,58.809212,50.180132,46.851868,0.740397,13741508.8
US,CSCO,2023-08-09,-0.142248,49.122,48.893,48.62,47.039667,48.891597,48.39388,0.497717,0.536375,-0.077317,58.025521,50.162712,47.077288,0.740369,13955743.6
US,CSCO,2023-08-10,0.712251,49.162,48.927,48.705,47.141833,48.983659,48.475074,0.508585,0.530817,-0.044465,60.835765,50.242745,47.167255,0.7632,14182932.4
US,CSCO,2023-08-11,0.788038,49.376,49.084,48.863,47.253333,49.121558,48.579143,0.542415,0.533137,0.018556,63.748283,50.186965,47.539035,0.7594,14598438.8
US,CSCO,2023-08-14,0.180433,49.538,49.255,49.0055,47.3555,49.252087,48.682169,0.569918,0.540493,0.05885,64.406118,50.149676,47.861324,0.7323,16474321.4
US,CSCO,2023-08-15,-0.980588,49.592,49.319,49.1035,47.440667,49.287151,48.741268,0.545883,0.541571,0.008624,58.21252,50.038599,48.168401,0.726421,18064041.4
US,CSCO,2023-08-16,-0.747777,49.586,49.354,49.128,47.5055,49.259897,48.768581,0.491315,0.53152,-0.080409,53.990471,50.03644,48.21956,0.717391,19604976.6
US,CSCO,2023-08-17,3.359805,49.84,49.501,49.2375,47.6025,49.490682,48.916094,0.574588,0.540133,0.068909,65.876309,50.354512,48.120488,0.857577,25394685.0
US,CSCO,2023-08-18,0.551615,50.072,49.724,49.349,47.702833,49.729039,49.07342,0.655618,0.56323,0.184776,67.414686,50.694822,48.003178,0.852036,28293742.8
US,CSCO,2023-08-21,0.724922,50.36,49.949,49.457,47.817,49.987648,49.2465,0.741148,0.598814,0.284668,69.379185,51.073219,47.840781,0.840462,27808920.2
US,CSCO,2023-08-22,0.038903,50.75,50.171,49.543,47.922,50.209548,49.408241,0.801307,0.639313,0.32399,69.486273,51.372843,47.713157,0.816143,26907440.2
US,CSCO,2023-08-23,0.933307,51.31,50.448,49.6705,48.022167,50.471156,49.593556,0.8776,0.68697,0.38126,72.015751,51.767436,47.573564,0.810705,25263400.2
US,CSCO,2023-08-24,-1.30996,51.404,50.622,49.7745,48.106333,50.587901,49.714774,0.873127,0.724201,0.297851,63.930456,51.962215,47.586785,0.837083,19725071.8
US,CSCO,2023-08-25,0.839352,51.528,50.8,49.942,48.205333,50.75284,49.858865,0.893974,0.758156,0.271637,66.492325,52.168195,47.715805,0.819434,17103480.0
US,CSCO,2023-08-28,0.890437,51.67,51.015,50.135,48.310833,50.963172,50.026357,0.936815,0.793888,0.285855,69.026737,52.413126,47.856874,0.800189,16484820.0
US,CSCO,2023-08-29,0.633154,51.874,51.312,50.3155,48.417667,51.191915,50.205886,0.986029,0.832316,0.307426,70.736739,52.722984,47.908016,0.788747,16923444.4
US,CSCO,2023-08-30,0.438513,52.028,51.669,50.5115,48.525333,51.420851,50.389154,1.031697,0.872192,0.31901,71.901125,53.016809,48.006191,0.756693,15702524.4
US,CSCO,2023-08-31,0.968109,52.42,51.912,50.7065,48.647667,51.693028,50.596624,1.096404,0.917035,0.358739,74.339325,53.401111,48.011889,0.751215,16709184.4
US,CSCO,2023-09-01,0.846024,52.816,52.172,50.948,48.778,51.992562,50.822059,1.170503,0.967728,0.405549,76.293964,53.781617,48.114383,0.752557,16378906.4
US,CSCO,2023-09-05,-1.006711,53.012,52.341,51.145,48.900833,52.162937,50.990795,1.172142,1.008611,0.327061,69.456756,54.001743,48.288257,0.739517,16117926.4
US,CSCO,2023-09-06,-0.169492,53.124,52.499,51.335,49.0225,52.293254,51.140366,1.152888,1.037466,0.230844,68.357227,54.156946,48.513054,0.713123,14822186.4
US,CSCO,2023-09-07,-0.641388,53.122,52.575,51.5115,49.125833,52.351215,51.253672,1.097543,1.049482,0.096122,64.221127,54.200665,48.822335,0.695043,15345526.8
US,CSCO,2023-09-08,-0.227834,52.994,52.707,51.6645,49.222333,52.381798,51.349697,1.032101,1.046006,-0.027809,62.777362,54.221134,49.107866,0.678968,13620208.6
US,CSCO,2023-09-11,0.304472,52.808,52.812,51.806,49.319,52.43229,51.45046,0.98183,1.033171,-0.10268,63.941358,54.263237,49.348763,0.665471,13972624.0
US,CSCO,2023-09-12,-0.796813,52.646,52.829,51.922,49.393833,52.410399,51.512648,0.897751,1.006087,-0.216671,58.747965,54.23649,49.60751,0.652937,13978844.0
US,CSCO,2023-09-13,-0.191241,52.482,52.803,52.0575,49.464833,52.376492,51.562822,0.81367,0.967603,-0.307867,57.549443,54.083608,50.031392,0.636299,14321199.6
US,CSCO,2023-09-14,0.172447,52.404,52.763,52.216,49.545333,52.361647,51.615946,0.7457,0.923223,-0.355045,58.372557,53.724965,50.707035,0.616563,14520839.2
US,CSCO,2023-09-15,-0.592961,52.288,52.641,52.2765,49.631333,52.301394,51.642173,0.659221,0.870422,-0.422403,54.455818,53.636813,50.916187,0.628237,20528047.6
US,CSCO,2023-09-18,0.134693,52.154,52.481,52.3265,49.714333,52.261179,51.671641,0.589538,0.814245,-0.449415,55.187025,53.569823,51.083177,0.613363,19724550.2
US,CSCO,2023-09-19,-0.499616,52.052,52.349,52.345,49.805167,52.187152,51.679668,0.507484,0.752893,-0.490819,51.8568,53.543424,51.146576,0.618837,19091110.8
US,CSCO,2023-09-20,-0.598687,51.908,52.195,52.347,49.892667,52.076821,51.664137,0.412684,0.684851,-0.544335,48.127695,53.539428,51.154572,0.615349,18917007.4
US,CSCO,2023-09-21,-3.885759,51.346,51.875,52.225,49.936833,51.675771,51.501608,0.174163,0.582714,-0.817101,32.092961,53.951146,50.498854,0.746395,23253003.4
US,CSCO,2023-09-22,0.4245,50.888,51.588,52.1475,49.984333,51.36873,51.366674,0.002055,0.466582,-0.929053,34.558402,54.160695,50.134305,0.73451,18021209.0
US,CSCO,2023-09-25,-0.161031,50.4,51.277,52.0445,50.025333,51.096617,51.23581,-0.139192,0.345427,-0.969239,34.051215,54.338174,49.750826,0.717045,18501089.0
US,CSCO,2023-09-26,-1.451613,49.82,50.936,51.8825,50.046167,50.755599,51.061305,-0.305706,0.2152,-1.041813,29.810744,54.557876,49.207124,0.725827,19474992.4
US,CSCO,2023-09-27,0.94108,49.394,50.651,51.727,50.0735,50.537815,50.933801,-0.395986,0.092963,-0.977899,35.350101,54.606126,48.847874,0.729697,20199759.2
US,CSCO,2023-09-28,1.276854,49.494,50.42,51.5915,50.110167,50.450459,50.862408,-0.41195,-0.008019,-0.807861,42.090783,54.532876,48.650124,0.74329,16152586.6
US,CSCO,2023-09-29,-0.220132,49.53,50.209,51.425,50.151167,50.359619,50.788156,-0.428537,-0.092123,-0.672828,41.281449,54.362581,48.487419,0.736626,15368799.0
US,CSCO,2023-10-02,1.163257,49.698,50.049,51.265,50.203667,50.371985,50.762367,-0.390381,-0.151775,-0.477213,47.061508,54.047046,48.482954,0.726153,15310719.8
US,CSCO,2023-10-03,-0.654243,49.944,49.882,51.1155,50.244333,50.33168,50.714043,-0.382363,-0.197892,-0.368942,44.384447,53.80692,48.42408,0.717856,15327155.8
US,CSCO,2023-10-04,-0.35921,50.062,49.728,50.9615,50.270833,50.269883,50.655966,-0.386083,-0.235531,-0.301105,42.949314,53.552278,48.370722,0.70801,15559852.4
US,CSCO,2023-10-05,-0.721009,49.982,49.738,50.8065,50.312667,50.162209,50.575524,-0.413315,-0.271087,-0.284456,40.152952,53.340171,48.272829,0.716723,15104874.0
US,CSCO,2023-10-06,0.726246,49.996,49.763,50.6755,50.348333,50.126484,50.527707,-0.401223,-0.297115,-0.208217,44.074282,53.103779,48.247221,0.732671,15447735.4
US,CSCO,2023-10-09,0.881234,49.982,49.84,50.5585,50.409167,50.163948,50.516025,-0.352077,-0.308107,-0.08794,48.514558,52.801848,48.315152,0.728195,14693655.0
US,CSCO,2023-10-10,-0.099265,50.024,49.984,50.46,50.4625,50.187956,50.501505,-0.313549,-0.309195,-0.008707,48.047713,52.558943,48.361057,0.706181,14174658.0
US,CSCO,2023-10-11,-0.397456,50.062,50.062,50.3565,50.505833,50.177501,50.473245,-0.295744,-0.306505,0.021522,46.135311,52.302586,48.410414,0.707882,13304467.8
US,CSCO,2023-10-12,0.359138,50.208,50.095,50.2575,50.533833,50.196347,50.460412,-0.264065,-0.298017,0.067904,48.136089,51.992065,48.522935,0.705177,12687786.6
US,CSCO,2023-10-13,-0.159046,50.266,50.131,50.17,50.561333,50.199986,50.442604,-0.242618,-0.286937,0.088639,47.295247,51.716557,48.623443,0.700521,12437447.4
US,CSCO,2023-10-16,0.736758,50.31,50.146,50.0975,50.591,50.259988,50.453522,-0.193534,-0.268257,0.149445,51.513752,51.403913,48.791087,0.705484,12752049.2
US,CSCO,2023-10-17,-0.415102,50.322,50.173,50.0275,50.609833,50.278452,50.448076,-0.169625,-0.24853,0.157811,49.111101,51.093762,48.961238,0.721521,13552112.6
US,CSCO,2023-10-18,-0.317586,50.342,50.202,49.965,50.618333,50.269459,50.431182,-0.161723,-0.231169,0.138892,47.300918,50.809121,49.120879,0.709269,13637970.8
US,CSCO,2023-10-19,-0.83632,50.242,50.225,49.9815,50.625667,50.197235,50.384427,-0.187193,-0.222373,0.070361,42.837375,50.798746,49.164254,0.707179,14533867.0
US,CSCO,2023-10-20,-0.722892,50.086,50.176,49.9695,50.6305,50.080737,50.31447,-0.233733,-0.224645,-0.018175,39.404967,50.810796,49.128204,0.709523,16428843.6
US,CSCO,2023-10-23,-1.375405,49.72,50.015,49.9275,50.638,49.877547,50.199324,-0.321777,-0.244072,-0.155411,33.882395,50.91035,48.94465,0.710271,17633529.6
US,CSCO,2023-10-24,1.558655,49.548,49.935,49.9595,50.659,49.822539,50.149004,-0.326464,-0.26055,-0.131828,43.425702,50.840215,49.078785,0.725966,17177183.2
US,CSCO,2023-10-25,-1.15105,49.294,49.818,49.94,50.660833,49.688303,50.060189,-0.371886,-0.282817,-0.178137,38.891673,50.889316,48.990684,0.744111,17436655.2
US,CSCO,2023-10-26,-1.981614,48.93,49.586,49.8405,50.647833,49.425487,49.906101,-0.480614,-0.322377,-0.316474,32.645157,51.117112,48.563888,0.764532,17690443.4
US,CSCO,2023-10-27,0.375156,48.674,49.38,49.7555,50.629,49.230797,49.77676,-0.545963,-0.367094,-0.357738,34.739824,51.227091,48.283909,0.762066,15579483.0
US,CSCO,2023-10-30,0.020764,48.556,49.138,49.642,50.618333,49.067597,49.65774,-0.590143,-0.411704,-0.356879,34.861023,51.230428,48.053572,0.744775,14691961.2
US,CSCO,2023-10-31,1.07951,48.39,48.969,49.571,50.6105,49.009505,49.586056,-0.576551,-0.444673,-0.263755,40.997375,51.19593,47.94607,0.731577,14428981.6
US,CSCO,2023-11-01,0.123229,48.35,48.822,49.512,50.602833,48.969581,49.524126,-0.554545,-0.466647,-0.175794,41.680058,51.165936,47.858064,0.71075,14412181.6
US,CSCO,2023-11-02,1.066667,48.608,48.769,49.497,50.605,49.0158,49.505302,-0.489502,-0.471218,-0.036568,47.36421,51.153998,47.840002,0.701411,14385213.4
US,CSCO,2023-11-03,0.507408,48.88,48.777,49.4765,50.6055,49.093369,49.506391,-0.413022,-0.459579,0.093115,49.892753,51.121666,47.831334,0.705596,15247453.4
US,CSCO,2023-11-06,0.52504,49.202,48.879,49.447,50.603833,49.199004,49.526658,-0.327653,-0.433194,0.211081,52.451035,51.047576,47.846424,0.683053,15668891.6
US,CSCO,2023-11-07,-0.301326,49.39,48.89,49.4125,50.598167,49.265311,49.534313,-0.269001,-0.400355,0.262708,50.838378,50.965354,47.859646,0.665692,15997652.4
US,CSCO,2023-11-08,-0.241789,49.542,48.946,49.382,50.598667,49.302956,49.532512,-0.229556,-0.366196,0.273279,49.526479,50.901679,47.862321,0.666714,15864272.4
US,CSCO,2023-11-09,-1.898606,49.402,49.005,49.2955,50.589667,49.190193,49.461215,-0.271021,-0.347161,0.152279,40.672464,50.793104,47.797896,0.702663,16580218.4
US,CSCO,2023-11-10,1.132386,49.322,49.101,49.2405,50.562333,49.179394,49.43594,-0.256545,-0.329038,0.144985,46.678957,50.677837,47.803163,0.699616,16525908.4
US,CSCO,2023-11-13,-0.671824,49.124,49.163,49.1505,50.524833,49.119488,49.388092,-0.268605,-0.316951,0.096693,43.81279,50.458131,47.842869,0.686072,16426303.8
US,CSCO,2023-11-14,1.783152,49.13,49.26,49.1145,50.495667,49.202643,49.408234,-0.20559,-0.294679,0.178177,52.153786,50.320443,47.908557,0.712781,17061882.6
US,CSCO,2023-11-15,0.221506,49.182,49.362,49.092,50.468,49.289929,49.435031,-0.145102,-0.264763,0.239323,53.101757,50.229446,47.954554,0.687582,20772762.6
US,CSCO,2023-11-16,-9.845288,48.442,48.922,48.8455,50.350667,48.60994,49.096881,-0.486941,-0.309199,-0.355484,27.225193,50.97048,46.72052,1.111326,32376440.6
US,CSCO,2023-11-17,-0.579452,47.54,48.431,48.604,50.240333,47.994565,48.764519,-0.769955,-0.40135,-0.737209,26.487624,51.396751,45.811249,1.074089,35420464.0
US,CSCO,2023-11-20,1.075992,46.8,47.962,48.4205,50.130833,47.547708,48.492332,-0.944624,-0.510005,-0.869238,30.244794,51.603194,45.237806,1.051654,37919278.8
US,CSCO,2023-11-21,-0.975826,45.798,47.464,48.177,50.006333,47.101907,48.207715,-1.105808,-0.629165,-0.953285,28.792114,51.711675,44.642325,1.02225,38555178.8
US,CSCO,2023-11-22,0.582307,44.826,47.004,47.975,49.880667,46.764691,47.96344,-1.198749,-0.743082,-0.911334,30.904034,51.762593,44.187407,0.985661,35579806.8
US,CSCO,2023-11-24,0.578936,44.886,46.664,47.8345,49.7555,46.519354,47.756519,-1.237165,-0.841899,-0.790532,33.042648,51.814512,43.854488,0.938828,21410148.8
US,CSCO,2023-11-27,-0.885544,44.918,46.229,47.665,49.615167,46.250222,47.535295,-1.285073,-0.930534,-0.709078,31.430862,51.858163,43.471837,0.902483,18421733.0
US,CSCO,2023-11-28,-0.156355,44.84,45.82,47.4915,49.466167,46.011727,47.325273,-1.313547,-1.007136,-0.612821,31.144552,51.869793,43.113207,0.863734,16208778.2
US,CSCO,2023-11-29,0.402685,44.886,45.342,47.301,49.329167,45.837615,47.144142,-1.306527,-1.067014,-0.479025,32.83873,51.784413,42.817587,0.84061,15246778.2
US,CSCO,2023-11-30,0.690731,44.942,44.884,47.123,49.198833,45.737982,46.999391,-1.261409,-1.105893,-0.311031,35.769849,51.644682,42.601318,0.81771,19217512.4
US,CSCO,2023-12-01,0.17703,44.962,44.924,46.923,49.0755,45.665985,46.871288,-1.205303,-1.125775,-0.159056,36.539566,51.400768,42.445232,0.810016,21324545.2
US,CSCO,2023-12-04,-0.861498,44.984,44.951,46.691,48.947667,45.545064,46.723785,-1.178721,-1.136364,-0.084713,34.376767,51.086565,42.295435,0.797872,21356807.8
US,CSCO,2023-12-05,-0.245098,44.998,44.919,46.4405,48.815333,45.425823,46.57906,-1.153237,-1.139739,-0.026996,33.769623,50.671299,42.209701,0.771595,22281635.0
US,CSCO,2023-12-06,-0.469064,44.934,44.91,46.187,48.6865,45.29262,46.4295,-1.13688,-1.139167,0.004574,32.58638,50.226218,42.147782,0.754339,22848640.6
US,CSCO,2023-12-07,1.166966,44.912,44.927,45.9655,48.568,45.259909,46.329537,-1.069628,-1.125259,0.111262,38.347019,49.727901,42.203099,0.744029,19511338.4
US,CSCO,2023-12-08,0.244011,44.896,44.929,45.7965,48.449833,45.249154,46.245127,-0.995973,-1.099402,0.206858,39.524294,49.374909,42.218091,0.716598,18970388.2
US,CSCO,2023-12-11,2.080106,45.146,45.065,45.647,48.3525,45.384669,46.236599,-0.85193,-1.049908,0.395955,48.563232,48.8918,42.4022,0.736127,20531588.6
US,CSCO,2023-12-12,-0.108389,45.408,45.203,45.5115,48.253167,45.491643,46.224999,-0.733356,-0.986597,0.506482,48.150974,48.429906,42.593094,0.715689,20077029.6
US,CSCO,2023-12-13,0.716146,45.778,45.356,45.349,48.163667,45.632928,46.238703,-0.605774,-0.910433,0.609317,51.101407,47.614153,43.083847,0.723854,19907764.0
US,CSCO,2023-12-14,-0.495583,45.998,45.455,45.1695,48.0755,45.717093,46.234354,-0.517261,-0.831799,0.629075,49.008199,46.279049,44.059951,0.727865,21495808.2
US,CSCO,2023-12-15,0.866176,46.276,45.586,45.255,48.027333,45.849848,46.259958,-0.41011,-0.747461,0.674702,52.641446,46.512704,43.997296,0.709446,30059844.0
US,CSCO,2023-12-18,0.751395,46.436,45.791,45.371,47.9815,46.016025,46.309591,-0.293565,-0.656682,0.726233,55.621087,46.787304,43.954696,0.718771,29026676.8
US,CSCO,2023-12-19,-0.12785,46.594,46.001,45.46,47.936,46.147406,46.351102,-0.203696,-0.566085,0.724777,54.982445,47.011722,43.908278,0.708859,28691392.2
US,CSCO,2023-12-20,-0.746746,46.616,46.197,45.5535,47.896667,46.204728,46.363613,-0.158885,-0.484645,0.651519,51.283347,47.123968,43.983032,0.694655,28515992.2
US,CSCO,2023-12-21,-0.214961,46.664,46.331,45.629,47.848,46.237847,46.36779,-0.129943,-0.413704,0.567522,50.243268,47.213587,44.044413,0.685036,26586708.0
US,CSCO,2023-12-22,0.79707,46.706,46.491,45.71,47.795,46.322794,46.399065,-0.076271,-0.346218,0.539893,53.963568,47.356852,44.063148,0.682534,17395449.2
US,CSCO,2023-12-26,0.384698,46.714,46.575,45.82,47.746833,46.422364,46.441356,-0.018993,-0.280773,0.52356,55.698952,47.49467,44.14533,0.656639,15249069.2
US,CSCO,2023-12-27,0.298063,46.762,46.678,45.9405,47.691333,46.528154,46.490886,0.037268,-0.217165,0.508866,57.054915,47.622279,44.258721,0.628307,13924771.4
US,CSCO,2023-12-28,0.084908,46.888,46.752,46.054,47.642,46.623823,46.539709,0.084114,-0.156909,0.482045,57.45559,47.740563,44.367437,0.597714,12072313.2
US,CSCO,2023-12-29,0.084836,47.042,46.853,46.154,47.596333,46.710927,46.587879,0.123048,-0.100917,0.447931,57.878809,47.860838,44.447162,0.58002,10816429.4
US,CSCO,2024-01-02,-0.021191,47.12,46.913,46.2495,47.5565,46.783092,46.631739,0.151353,-0.050463,0.403632,57.72421,47.961534,44.537466,0.579304,12284251.6
US,CSCO,2024-01-03,0.763035,47.234,46.974,46.3825,47.516667,46.899539,46.699018,0.200521,-0.000266,0.401576,61.691282,48.061272,44.703728,0.587925,14400791.6
US,CSCO,2024-01-04,-0.841397,47.24,47.001,46.501,47.462833,46.936533,46.731683,0.20485,0.040757,0.328186,55.463573,48.036199,44.965801,0.580216,15944750.0
US,CSCO,2024-01-05,0.021213,47.24,47.064,46.6305,47.41,46.969374,46.76267,0.206705,0.073946,0.265516,55.584289,47.903488,45.357512,0.572344,17032625.6
US,CSCO,2024-01-08,0.742312,47.302,47.172,46.7515,47.366333,47.051009,46.817287,0.233722,0.105902,0.255641,59.701405,47.861604,45.641396,0.585748,18148109.4
US,CSCO,2024-01-09,-1.094737,47.262,47.191,46.841,47.311,47.040085,46.82934,0.210745,0.12687,0.167749,51.990576,47.691339,45.990661,0.613194,18197363.6
US,CSCO,2024-01-10,0.659855,47.212,47.223,46.899,47.262167,47.078533,46.863463,0.21507,0.14451,0.14112,55.666696,47.704504,46.093496,0.603681,17171423.6
US,CSCO,2024-01-11,0.401776,47.28,47.26,46.969,47.210333,47.140297,46.909132,0.231165,0.161841,0.138648,57.79953,47.719064,46.218936,0.591989,16836259.4
US,CSCO,2024-01-12,-0.210615,47.326,47.283,47.0175,47.160333,47.177175,46.944011,0.233163,0.176106,0.114115,56.265271,47.741706,46.293294,0.584704,17795543.6
US,CSCO,2024-01-16,0.506543,47.35,47.326,47.0895,47.117,47.245302,46.994084,0.251217,0.191128,0.120178,59.07315,47.749848,46.429152,0.57794,17584668.6
US,CSCO,2024-01-17,-0.587988,47.422,47.342,47.1275,47.076,47.259871,47.019708,0.240163,0.200935,0.078456,54.663719,47.752732,46.502268,0.583087,16960953.6
US,CSCO,2024-01-18,0.908323,47.518,47.365,47.1695,47.048167,47.338352,47.075285,0.263067,0.213361,0.099411,59.645448,47.846714,46.492286,0.576438,17623622.0
US,CSCO,2024-01-19,1.025748,47.674,47.477,47.239,47.039833,47.480144,47.163042,0.317102,0.23411,0.165986,64.440586,48.050909,46.427091,0.579549,18935013.6
US,CSCO,2024-01-22,0.580191,47.906,47.616,47.34,47.0235,47.643199,47.265039,0.37816,0.26292,0.230481,66.863624,48.263861,46.416139,0.572439,19237616.2
US,CSCO,2024-01-23,0.370828,48.126,47.738,47.455,47.019667,47.808861,47.372813,0.436047,0.297545,0.277004,68.356387,48.461091,46.448909,0.56655,18843296.6
US,CSCO,2024-01-24,-0.862069,48.318,47.87,47.5305,47.025,47.88442,47.441494,0.442926,0.326621,0.23261,61.405294,48.552155,46.508845,0.578939,19260872.6
US,CSCO,2024-01-25,1.987578,48.616,48.067,47.645,47.043333,48.096048,47.576198,0.51985,0.365267,0.309166,69.131925,48.880613,46.409387,0.621872,19350692.6
US,CSCO,2024-01-26,-0.365408,48.78,48.227,47.7435,47.0585,48.247425,47.687591,0.559834,0.404181,0.311308,66.445861,49.100899,46.386101,0.619596,17379704.0
US,CSCO,2024-01-29,0.285249,48.916,48.411,47.847,47.067333,48.397052,47.801103,0.59595,0.442534,0.30683,67.503446,49.318477,46.375523,0.612482,16018441.6
US,CSCO,2024-01-30,-0.101585,49.006,48.566,47.946,47.074333,48.515967,47.902502,0.613465,0.47672,0.273489,66.69493,49.49189,46.40011,0.597304,15874003.6
US,CSCO,2024-01-31,-3.945495,48.792,48.555,47.9485,47.040333,48.318126,47.852687,0.465439,0.474464,-0.018051,44.449325,49.489581,46.407419,0.700354,17844660.6
US,CSCO,2024-02-01,0.0,48.386,48.501,47.933,47.002167,48.150722,47.806562,0.34416,0.448403,-0.208487,44.449325,49.49628,46.36972,0.693186,18184472.2
US,CSCO,2024-02-02,0.0,48.016,48.398,47.9375,46.959667,48.009073,47.763854,0.245218,0.407766,-0.325096,44.449325,49.492117,46.382883,0.695101,19659029.6
US,CSCO,2024-02-05,-1.333898,47.492,48.204,47.91,46.909167,47.792292,47.677643,0.114649,0.349143,-0.468987,39.152627,49.537132,46.282868,0.707594,20880947.8
US,CSCO,2024-02-06,0.944206,47.066,48.036,47.887,46.868,47.676555,47.63041,0.046145,0.288543,-0.484797,44.157591,49.549289,46.224711,0.730623,21869680.4
US,CSCO,2024-02-07,-0.403912,46.99,47.891,47.8805,46.839333,47.549393,47.572602,-0.023209,0.226193,-0.498804,42.53074,49.557873,46.203127,0.738436,19366200.4
US,CSCO,2024-02-08,0.36286,46.948,47.667,47.867,46.804333,47.467948,47.531668,-0.063721,0.16821,-0.463862,44.50093,49.567354,46.166646,0.71569,19158860.4
US,CSCO,2024-02-09,0.340281,46.938,47.477,47.852,46.7775,47.423648,47.505619,-0.081971,0.118174,-0.40029,46.364644,49.570937,46.133063,0.706712,19867620.0
US,CSCO,2024-02-12,-0.27554,47.028,47.26,47.8355,46.734,47.366164,47.471869,-0.105706,0.073398,-0.358207,45.041182,49.578411,46.092589,0.701233,19756486.6
US,CSCO,2024-02-13,-0.701382,46.964,47.015,47.7905,46.683167,47.266754,47.416175,-0.149421,0.028834,-0.356511,41.780883,49.598598,45.982402,0.708288,20630069.0
US,CSCO,2024-02-14,1.305651,47.06,47.025,47.79,46.724167,47.276484,47.409792,-0.133308,-0.003594,-0.259427,49.113379,49.598602,45.981398,0.711267,23506477.4
US,CSCO,2024-02-15,-2.429749,46.892,46.92,47.7105,46.750333,47.107794,47.318696,-0.210902,-0.045056,-0.331692,39.112201,49.650629,45.770371,0.801177,28139986.2
US,CSCO,2024-02-16,-1.277609,46.574,46.756,47.577,46.758667,46.874287,47.190645,-0.316357,-0.099316,-0.434082,35.156726,49.705785,45.448215,0.790378,28307068.6
US,CSCO,2024-02-20,-0.32902,46.252,46.64,47.422,46.771833,46.653628,47.060967,-0.407339,-0.160921,-0.492837,34.209493,49.694334,45.149666,0.775351,29778302.0
US,CSCO,2024-02-21,0.418134,46.034,46.499,47.2675,46.783833,46.496147,46.95497,-0.458823,-0.220501,-0.476644,36.541787,49.585541,44.949459,0.762112,28251399.6
US,CSCO,2024-02-22,0.197239,45.712,46.386,47.1385,46.793,46.376739,46.86349,-0.486751,-0.273751,-0.426,37.66898,49.499112,44.777888,0.744818,26420180.4
US,CSCO,2024-02-23,0.590551,45.674,46.283,46.975,46.813333,46.317241,46.798787,-0.481546,-0.31531,-0.332472,41.051857,49.172549,44.777451,0.734474,20495251.6
US,CSCO,2024-02-26,-0.934986,45.668,46.121,46.799,46.827667,46.200742,46.707025,-0.506283,-0.353505,-0.305556,37.556022,48.853156,44.744844,0.71844,18116537.4
US,CSCO,2024-02-27,-0.197542,45.674,45.963,46.6115,46.8375,46.088321,46.615394,-0.527073,-0.388218,-0.27771,36.848729,48.417028,44.805972,0.695694,15339117.4
US,CSCO,2024-02-28,-0.505828,45.596,45.815,46.415,46.838333,45.95781,46.513513,-0.555703,-0.421715,-0.267976,35.032936,47.88894,44.94106,0.678145,15066303.4
US,CSCO,2024-02-29,0.641026,45.558,45.635,46.33,46.842667,45.891993,46.44066,-0.548667,-0.447106,-0.203123,39.107335,47.802209,44.857791,0.657563,15254734.2
US,CSCO,2024-03-01,0.065891,45.472,45.573,46.2465,46.854,45.840917,46.375426,-0.534509,-0.464586,-0.139845,39.529828,47.694288,44.798712,0.662023,16327968.2
US,CSCO,2024-03-04,1.492537,45.608,45.638,46.197,46.8785,45.902314,46.365394,-0.46308,-0.464285,0.00241,48.288083,47.572807,44.821193,0.698307,18767124.2
US,CSCO,2024-03-05,-0.367647,45.728,45.701,46.1705,46.903667,45.928112,46.343513,-0.415401,-0.454508,0.078214,46.475792,47.534604,44.806396,0.686285,19884304.2
US,CSCO,2024-03-06,0.455828,45.936,45.766,46.1325,46.923667,45.982249,46.338809,-0.35656,-0.434919,0.156718,49.021061,47.438714,44.826286,0.668693,21137998.2
US,CSCO,2024-03-07,-0.54019,46.036,45.797,46.0915,46.937667,45.989595,46.315934,-0.326339,-0.413203,0.173728,46.20417,47.355862,44.827138,0.665215,20790438.4
US,CSCO,2024-03-08,1.216598,46.242,45.857,46.07,46.945333,46.081965,46.336235,-0.25427,-0.381416,0.254292,52.753405,47.2841,44.8559,0.679843,20952066.2
US,CSCO,2024-03-11,1.459541,46.448,46.028,46.0745,46.965167,46.26474,46.405403,-0.140663,-0.333266,0.385205,59.242125,47.305572,44.843428,0.685568,19452182.0
US,CSCO,2024-03-12,-0.296171,46.66,46.194,46.0785,46.977167,46.397857,46.459077,-0.06122,-0.278856,0.435273,57.491489,47.322675,44.834325,0.680885,19350005.0
US,CSCO,2024-03-13,0.084872,46.838,46.387,46.101,46.993667,46.516648,46.511738,0.00491,-0.222103,0.454027,57.874514,47.405575,44.796425,0.653679,18503265.0
US,CSCO,2024-03-14,-0.657197,47.004,46.52,46.0775,46.998333,46.569471,46.537535,0.031936,-0.171295,0.406463,53.826574,47.307474,44.847526,0.657702,17706204.8
US,CSCO,2024-03-15,-1.707213,46.898,46.57,46.0715,46.983833,46.491091,46.502162,-0.011071,-0.13925,0.256359,45.066403,47.300585,44.842415,0.682152,25252810.6
US,CSCO,2024-03-18,0.694746,46.72,46.584,46.111,46.975667,46.474,46.493113,-0.019113,-0.115223,0.19222,48.665316,47.32635,44.89565,0.682712,25191130.6
US,CSCO,2024-03-19,-0.280293,46.544,46.602,46.1515,46.971167,46.439539,46.475105,-0.035566,-0.099291,0.127451,47.309321,47.328076,44.974924,0.67609,25593273.8
US,CSCO,2024-03-20,0.843243,46.438,46.638,46.202,46.974833,46.470379,46.487319,-0.01694,-0.082821,0.131762,51.660865,47.371386,45.032614,0.670655,25970116.6
US,CSCO,2024-03-21,0.664666,46.456,46.73,46.2635,46.9775,46.544167,46.521592,0.022575,-0.061742,0.168634,54.852582,47.454202,45.072798,0.665608,27742816.6
US,CSCO,2024-03-22,-0.191693,46.616,46.757,46.307,46.975667,46.592756,46.546659,0.046097,-0.040174,0.172543,53.743116,47.517952,45.096048,0.643779,19337541.2
US,CSCO,2024-03-25,-0.213402,46.692,46.706,46.367,46.969833,46.618486,46.562462,0.056024,-0.020934,0.153917,52.473139,47.542348,45.191652,0.631366,19094441.2
US,CSCO,2024-03-26,-0.25663,46.77,46.657,46.4255,46.961333,46.621796,46.568206,0.05359,-0.006029,0.11924,50.918205,47.530823,45.320177,0.608411,17942799.6
US,CSCO,2024-03-27,0.450257,46.812,46.625,46.506,46.955667,46.656904,46.589079,0.067825,0.008741,0.118167,53.51428,47.481077,45.530923,0.597811,17678176.8
US,CSCO,2024-03-28,0.277481,46.818,46.637,46.5785,46.952333,46.706611,46.618036,0.088575,0.024708,0.127734,55.097623,47.464034,45.692966,0.583681,16085543.8
US,CSCO,2024-04-01,0.255428,46.866,46.741,46.6555,46.945,46.767133,46.653737,0.113395,0.042446,0.141899,56.568194,47.434845,45.876155,0.564133,16108591.6
US,CSCO,2024-04-02,-1.358811,46.806,46.749,46.6665,46.933667,46.719882,46.639386,0.080495,0.050055,0.060879,47.612123,47.428085,45.904915,0.587409,16153233.2
US,CSCO,2024-04-03,-0.430478,46.73,46.75,46.676,46.918833,46.649131,46.611284,0.037847,0.047614,-0.019534,45.203589,47.411891,45.940109,0.584023,17826653.0
US,CSCO,2024-04-04,-1.297017,46.492,46.652,46.645,46.888167,46.496957,46.540818,-0.043862,0.029319,-0.146361,38.853607,47.489263,45.800737,0.645164,17855253.0
US,CSCO,2024-04-05,0.919842,46.312,46.565,46.6475,46.873167,46.432809,46.506684,-0.073874,0.00868,-0.165109,44.708765,47.484731,45.810269,0.651938,17959564.8
US,CSCO,2024-04-08,-0.651042,46.048,46.457,46.607,46.848,46.332377,46.452855,-0.120478,-0.017152,-0.206653,41.641503,47.525828,45.688172,0.639657,18007084.8
US,CSCO,2024-04-09,3.669725,46.248,46.527,46.6165,46.847667,46.505858,46.527458,-0.021601,-0.018041,-0.007119,58.720582,47.565969,45.667031,0.726824,20063623.2
US,CSCO,2024-04-10,-1.601349,46.336,46.533,46.595,46.836333,46.535726,46.540239,-0.004514,-0.015336,0.021644,51.393109,47.516032,45.673968,0.756336,19626898.8
US,CSCO,2024-04-11,0.663812,46.606,46.549,46.587,46.826167,46.608691,46.575036,0.033655,-0.005538,0.078385,53.919022,47.490529,45.683471,0.742312,19292878.8
US,CSCO,2024-04-12,-2.105935,46.594,46.453,46.545,46.804167,46.518123,46.533923,-0.0158,-0.00759,-0.016419,45.743618,47.471661,45.618339,0.763576,18844230.4
US,CSCO,2024-04-15,-0.521512,46.594,46.321,46.531,46.771,46.404566,46.478077,-0.073511,-0.020774,-0.105473,44.001817,47.494284,45.567716,0.816892,19831252.0
US,CSCO,2024-04-16,-0.655308,46.198,46.223,46.486,46.724667,46.262325,46.404145,-0.14182,-0.044983,-0.193673,41.856339,47.551916,45.420084,0.804257,17338517.4
US,CSCO,2024-04-17,-0.28584,45.928,46.132,46.441,46.6715,46.121967,46.32606,-0.204093,-0.076805,-0.254575,40.925124,47.613619,45.268381,0.785381,16214757.4
US,CSCO,2024-04-18,0.683572,45.658,46.132,46.392,46.6205,46.050895,46.276722,-0.225827,-0.10661,-0.238435,44.117874,47.608349,45.175651,0.771425,15690160.6
US,CSCO,2024-04-19,0.43802,45.626,46.11,46.3375,46.579833,46.021527,46.245854,-0.224327,-0.130153,-0.188348,46.140328,47.546613,45.128387,0.743466,16599436.8
US,CSCO,2024-04-22,-0.370693,45.608,46.101,46.279,46.520333,45.970523,46.20468,-0.234157,-0.150954,-0.166406,44.660758,47.494531,45.063469,0.730362,16564420.8
US,CSCO,2024-04-23,0.372073,45.684,45.941,46.234,46.466667,45.953519,46.179148,-0.225629,-0.165889,-0.11948,46.508019,47.441583,45.026417,0.705336,16970075.4
US,CSCO,2024-04-24,0.065416,45.792,45.86,46.1965,46.411167,45.943747,46.157729,-0.213982,-0.175508,-0.07695,46.845224,47.397887,44.995113,0.686383,17054255.4
US,CSCO,2024-04-25,-0.52299,45.79,45.724,46.1365,46.3525,45.898555,46.12012,-0.221565,-0.184719,-0.073691,44.432113,47.321089,44.951911,0.710927,18196252.2
US,CSCO,2024-04-26,-0.503834,45.702,45.664,46.0585,46.322333,45.824931,46.068259,-0.243328,-0.196441,-0.093774,42.18919,47.215777,44.901223,0.705861,16935147.6
US,CSCO,2024-04-29,-0.176134,45.632,45.62,45.9705,46.290833,45.750326,46.014314,-0.263988,-0.20995,-0.108075,41.406247,47.063486,44.877514,0.704728,15227902.0
US,CSCO,2024-04-30,-1.654169,45.378,45.531,45.877,46.246833,45.571815,45.908809,-0.336995,-0.235359,-0.203271,34.872428,47.098836,44.655164,0.708676,15682650.2
US,CSCO,2024-05-01,-0.313972,45.09,45.441,45.7865,46.211,45.399228,45.800749,-0.401521,-0.268592,-0.26586,33.800237,47.142247,44.430753,0.718056,16370233.8
US,CSCO,2024-05-02,-0.089989,44.842,45.316,45.724,46.167167,45.247039,45.697731,-0.450692,-0.305012,-0.291361,33.483471,47.206625,44.241375,0.701767,15700393.8
US,CSCO,2024-05-03,0.698041,44.702,45.202,45.656,46.131667,45.165956,45.625306,-0.45935,-0.335879,-0.246942,38.308803,47.190906,44.121094,0.693069,16355672.2
US,CSCO,2024-05-06,-0.022361,44.576,45.104,45.6025,46.093167,45.095809,45.557506,-0.461697,-0.361043,-0.201308,38.212503,47.190075,44.014925,0.674993,16868372.2
US,CSCO,2024-05-07,0.357862,44.632,45.005,45.473,46.054667,45.061069,45.50658,-0.44551,-0.377936,-0.135148,40.777682,46.840686,44.105314,0.657493,16022924.0
US,CSCO,2024-05-08,1.515489,44.852,44.971,45.4155,46.029667,45.136289,45.509796,-0.373507,-0.37705,0.007088,50.234023,46.663466,44.167534,0.670529,15395680.4
US,CSCO,2024-05-09,-0.439078,45.04,44.941,45.3325,46.006833,45.169168,45.497959,-0.328791,-0.367399,0.077215,47.815701,46.343556,44.321444,0.65192,14797209.4
US,CSCO,2024-05-10,0.573319,45.218,44.96,45.312,45.978167,45.236988,45.506258,-0.26927,-0.347773,0.157005,51.110719,46.28227,44.34173,0.632497,13629529.0
US,CSCO,2024-05-13,1.293576,45.516,45.046,45.333,45.9785,45.385144,45.557647,-0.172503,-0.312719,0.280432,57.646149,46.359433,44.306567,0.638748,13826749.0
US,CSCO,2024-05-14,0.562771,45.834,45.233,45.382,45.993,45.550506,45.624488,-0.073981,-0.264971,0.38198,60.172805,46.519394,44.244606,0.649551,14441054.6
US,CSCO,2024-05-15,1.463625,46.152,45.502,45.4715,46.021333,45.795044,45.736748,0.058296,-0.200318,0.517228,65.902101,46.84246,44.10054,0.671012,18883434.6
US,CSCO,2024-05-16,-2.672889,46.258,45.649,45.4825,46.0255,45.808114,45.747359,0.060755,-0.148103,0.417716,51.203725,46.862831,44.102169,0.754511,25959445.6
US,CSCO,2024-05-17,-0.370532,46.278,45.748,45.475,46.025333,45.79302,45.744592,0.048428,-0.108797,0.31445,49.596473,46.848659,44.101341,0.731332,27944126.6
US,CSCO,2024-05-20,-2.143951,45.984,45.75,45.427,46.004333,45.629478,45.669437,-0.039959,-0.095029,0.110141,41.507852,46.833941,44.020059,0.756951,29322446.6
US,CSCO,2024-05-21,-0.402414,45.602,45.718,45.3615,45.9875,45.463405,45.586516,-0.123111,-0.100646,-0.044931,40.210684,46.803253,43.919747,0.739311,30880950.8
US,CSCO,2024-05-22,1.032548,45.176,45.664,45.3175,45.979833,45.39365,45.543811,-0.150161,-0.110549,-0.079224,44.945758,46.7457,43.8893,0.747218,27400656.2
US,CSCO,2024-05-23,-1.755166,44.844,45.551,45.246,45.962833,45.213088,45.445751,-0.232662,-0.134971,-0.195382,39.203508,46.742027,43.749973,0.756702,21602285.6
US,CSCO,2024-05-24,-0.384441,44.512,45.395,45.1775,45.938167,45.034152,45.342362,-0.30821,-0.169619,-0.277182,38.076173,46.758435,43.596565,0.731224,19586439.8
US,CSCO,2024-05-28,-0.295119,44.35,45.167,45.1065,45.910833,44.862744,45.237002,-0.374258,-0.210547,-0.327422,37.195335,46.77688,43.43612,0.740422,18814059.8
US,CSCO,2024-05-29,-0.432605,44.186,44.894,45.0635,45.869,44.688476,45.125372,-0.436896,-0.255817,-0.362159,35.888581,46.826557,43.300443,0.720392,16979830.0
US,CSCO,2024-05-30,0.09147,43.938,44.557,45.0295,45.830667,44.547172,45.024974,-0.477802,-0.300214,-0.355177,36.395206,46.863375,43.195625,0.699649,16971329.4
US,CSCO,2024-05-31,0.822481,43.92,44.382,45.0155,45.794833,44.482991,44.95868,-0.475688,-0.335309,-0.280759,40.92019,46.872212,43.158788,0.688246,21057640.0
US,CSCO,2024-06-03,0.317245,43.964,44.238,44.993,45.7655,44.450223,44.907666,-0.457443,-0.359736,-0.195414,42.629521,46.874235,43.111765,0.671943,23328424.8
US,CSCO,2024-06-04,1.648972,44.18,44.265,45.0075,45.739,44.534804,44.914506,-0.379701,-0.363729,-0.031945,50.647668,46.884251,43.130749,0.697518,24358728.0
US,CSCO,2024-06-05,-2.955556,44.168,44.177,44.9475,45.679,44.401758,44.82232,-0.420563,-0.375096,-0.090934,39.74798,46.912645,42.982355,0.782695,26907788.0
US,CSCO,2024-06-06,0.45798,44.188,44.063,44.8635,45.624667,44.319949,44.751778,-0.431829,-0.386442,-0.090774,41.777117,46.861792,42.865208,0.768217,26019383.2
US,CSCO,2024-06-07,-0.843401,44.062,43.991,44.771,45.5635,44.193803,44.659054,-0.465251,-0.402204,-0.126094,39.150291,46.840646,42.701354,0.74763,21312484.2
US,CSCO,2024-06-10,0.022989,43.91,43.937,44.666,45.507667,44.088602,44.573939,-0.485336,-0.41883,-0.133012,39.261449,46.767565,42.564435,0.734228,19334406.2
US,CSCO,2024-06-11,-0.160883,43.598,43.889,44.528,45.464,43.988817,44.489943,-0.501126,-0.435289,-0.131673,38.728126,46.570152,42.485848,0.720355,18158491.4
US,CSCO,2024-06-12,-0.345304,43.522,43.845,44.3695,45.4125,43.881307,44.401058,-0.519751,-0.452182,-0.135139,37.550997,46.274729,42.464271,0.716044,15769831.4
US,CSCO,2024-06-13,-0.2079,43.388,43.788,44.1725,45.361667,43.776491,44.312091,-0.535601,-0.468866,-0.13347,36.827714,45.660141,42.684859,0.698469,15908414.0
US,CSCO,2024-06-14,0.347222,43.358,43.71,44.046,45.306833,43.710877,44.240825,-0.529949,-0.481082,-0.097733,38.938704,45.350322,42.741678,0.698578,15816333.0
US,CSCO,2024-06-17,0.023068,43.328,43.619,43.9285,45.247,43.656896,44.175579,-0.518683,-0.488602,-0.060162,39.084847,45.017707,42.839293,0.700109,16411811.0
US,CSCO,2024-06-18,0.622694,43.366,43.482,43.8735,45.193167,43.652758,44.135166,-0.482408,-0.487363,0.009911,43.048246,44.904815,42.842185,0.683672,16447067.0
US,CSCO,2024-06-20,1.627321,43.576,43.549,43.863,45.152833,43.758487,44.150339,-0.391851,-0.468261,0.15282,51.909255,44.870553,42.855447,0.70341,18209087.0
US,CSCO,2024-06-21,1.217862,43.912,43.65,43.8565,45.1235,43.931028,44.204388,-0.27336,-0.429281,0.311842,57.345078,44.835648,42.877352,0.728881,28094544.4
US,CSCO,2024-06-24,-0.022282,44.216,43.787,43.889,45.0905,44.075485,44.253692,-0.178207,-0.379066,0.401718,57.216101,44.953667,42.824333,0.728246,28866944.4
US,CSCO,2024-06-25,0.222866,44.538,43.933,43.935,45.057,44.213103,44.306752,-0.093649,-0.321983,0.456667,58.227886,45.098435,42.771565,0.732657,29149271.4
US,CSCO,2024-06-26,-1.111852,44.706,44.036,43.9625,45.013167,44.252625,44.318844,-0.066219,-0.27083,0.409222,51.650721,45.148989,42.776011,0.721753,28420130.6
US,CSCO,2024-06-27,1.259276,44.844,44.21,44.0275,44.989333,44.372221,44.371523,0.000699,-0.216524,0.434446,57.448073,45.295552,42.759448,0.720914,26605870.6
US,CSCO,2024-06-28,0.133245,44.886,44.399,44.0935,44.969833,44.482649,44.424743,0.057906,-0.161638,0.439088,58.028756,45.436277,42.750723,0.70442,18274830.6
US,CSCO,2024-07-01,0.022178,44.932,44.574,44.142,44.9605,44.577626,44.474762,0.102864,-0.108738,0.423203,58.131308,45.554793,42.729207,0.686961,18002791.2
US,CSCO,2024-07-02,-0.509978,44.912,44.725,44.172,44.940333,44.622607,44.504039,0.118568,-0.063277,0.363689,54.813932,45.619447,42.724553,0.693607,18402911.4
US,CSCO,2024-07-03,-0.401159,44.956,44.831,44.1565,44.922167,44.632975,44.517814,0.115161,-0.027589,0.2855,52.298553,45.574488,42.738512,0.676921,17230307.8
US,CSCO,2024-07-05,-0.089505,44.88,44.862,44.2055,44.875333,44.635594,44.527606,0.107989,-0.000474,0.216924,51.730445,45.620583,42.790417,0.659998,16860447.8
US,CSCO,2024-07-08,-1.254199,44.68,44.783,44.2165,44.831833,44.551657,44.49519,0.056466,0.010914,0.091104,44.450463,45.624382,42.808618,0.669998,15940407.8
US,CSCO,2024-07-09,-0.567022,44.428,44.68,44.2335,44.779,44.442171,44.446658,-0.004487,0.007834,-0.024642,41.633606,45.614315,42.852685,0.652855,15854531.0
US,CSCO,2024-07-10,1.02646,44.312,44.612,44.2725,44.750167,44.41876,44.435053,-0.016293,0.003009,-0.038604,48.019034,45.612841,42.932159,0.639794,15643146.4
US,CSCO,2024-07-11,1.061188,44.326,44.641,44.3385,44.733167,44.471258,44.459124,0.012135,0.004834,0.014602,53.714651,45.637735,43.039265,0.644095,17969225.8
US,CSCO,2024-07-12,1.318141,44.466,44.673,44.4415,44.731,44.606449,44.525114,0.081335,0.020134,0.122402,59.686223,45.718344,43.164656,0.680945,19217927.8
US,CSCO,2024-07-15,0.044101,44.722,44.701,44.55,44.731333,44.723919,44.587698,0.13622,0.043351,0.185738,59.875205,45.753079,43.346921,0.680163,18538934.6
US,CSCO,2024-07-16,0.044082,45.032,44.73,44.652,44.726833,44.826393,44.647128,0.179265,0.070534,0.217461,60.076753,45.774009,43.529991,0.683009,18477077.6
US,CSCO,2024-07-17,2.313285,45.462,44.887,44.806,44.7365,45.07464,44.779934,0.294707,0.115369,0.358676,68.906979,46.018261,43.593739,0.729222,20057355.0
US,CSCO,2024-07-18,-0.990525,45.706,45.016,44.9235,44.741333,45.213926,44.868827,0.345099,0.161315,0.367569,62.395869,46.11237,43.73463,0.722135,19800115.6
US,CSCO,2024-07-19,-1.500652,45.694,45.08,44.971,44.731833,45.22563,44.900025,0.325605,0.194173,0.262864,54.133017,46.138543,43.803457,0.736268,19270733.6
US,CSCO,2024-07-22,-1.059837,45.582,45.152,44.9675,44.713833,45.161687,44.893357,0.26833,0.209004,0.118652,49.247248,46.136532,43.798468,0.72582,20065426.8
US,CSCO,2024-07-23,-0.981924,45.378,45.205,44.9425,44.6925,45.039889,44.85459,0.185299,0.204263,-0.037928,45.21839,46.139845,43.745155,0.706833,19932362.2
US,CSCO,2024-07-24,1.059274,45.058,45.26,44.936,44.682833,45.009137,44.853509,0.155628,0.194536,-0.077816,49.930378,46.134088,43.737912,0.710631,19668270.0
US,CSCO,2024-07-25,0.847458,44.906,45.306,44.9735,44.680833,45.041577,44.880656,0.160921,0.187813,-0.053784,53.41896,46.157768,43.789232,0.752014,20102010.0
US,CSCO,2024-07-26,1.348961,45.014,45.354,45.0135,44.7015,45.162873,44.950978,0.211895,0.192629,0.038531,58.426477,46.255342,43.771658,0.750442,19665150.0
US,CSCO,2024-07-29,0.218198,45.238,45.41,45.0555,44.726167,45.280893,45.023498,0.257394,0.205582,0.103624,59.200795,46.360084,43.750916,0.749696,17980410.0
US,CSCO,2024-07-30,0.326584,45.58,45.479,45.1045,44.754,45.403832,45.101758,0.302075,0.224881,0.154387,60.392467,46.483579,43.725421,0.741146,18739207.8
US,CSCO,2024-07-31,0.62934,45.886,45.472,45.1795,44.7815,45.552473,45.195702,0.356772,0.251259,0.211026,62.663039,46.658912,43.700088,0.731065,17666280.0
US,CSCO,2024-08-01,-2.178132,45.914,45.41,45.213,44.792333,45.522862,45.207872,0.31499,0.264005,0.10197,51.573947,46.676818,43.749182,0.782417,17307544.4
US,CSCO,2024-08-02,-1.54321,45.68,45.347,45.2135,44.788833,45.390114,45.167289,0.222825,0.255769,-0.065888,45.556697,46.676555,43.750445,0.822244,18886604.4
US,CSCO,2024-08-05,-4.120018,45.058,45.148,45.15,44.743333,44.994712,44.993415,0.001296,0.204875,-0.407157,34.246143,46.887159,43.412841,0.899941,22525384.4
US,CSCO,2024-08-06,0.934143,44.486,45.033,45.119,44.707833,44.721679,44.862051,-0.140372,0.135825,-0.552395,37.858104,46.967144,43.270856,0.911374,22596987.0
US,CSCO,2024-08-07,-0.069412,43.85,44.868,45.064,44.6675,44.486036,44.738196,-0.252159,0.058228,-0.620776,37.690878,47.066572,43.061428,0.922704,22266492.0
US,CSCO,2024-08-08,1.574439,43.552,44.733,45.0195,44.628667,44.391262,44.673885,-0.282623,-0.009942,-0.545363,43.755421,47.08566,42.95334,0.935368,22172808.2
US,CSCO,2024-08-09,-0.797812,43.324,44.502,44.928,44.579667,44.257221,44.588412,-0.331191,-0.074192,-0.513998,41.515657,47.087487,42.768513,0.924271,21616297.8
US,CSCO,2024-08-12,-1.332721,43.348,44.203,44.8065,44.509667,44.054572,44.466307,-0.411736,-0.1417,-0.54007,38.040597,47.120737,42.492263,0.942537,19740287.6
US,CSCO,2024-08-13,1.141127,43.39,43.938,44.7085,44.468833,43.958484,44.389544,-0.43106,-0.199572,-0.462975,42.42525,47.080868,42.336132,0.911642,19830868.0
US,CSCO,2024-08-14,0.138153,43.45,43.65,44.561,44.431833,43.886409,44.322911,-0.436502,-0.246958,-0.379087,42.957562,46.849763,42.272237,0.894381,22305766.0
US,CSCO,2024-08-15,6.806162,43.966,43.759,44.5845,44.4605,44.280808,44.480473,-0.199665,-0.2375,0.075669,61.747311,46.939745,42.229255,1.161211,27827225.4
US,CSCO,2024-08-16,1.916039,44.73,44.027,44.687,44.507,44.751453,44.69229,0.059163,-0.178167,0.47466,65.434142,47.318381,42.055619,1.162553,29068675.8
US,CSCO,2024-08-19,1.056189,45.71,44.529,44.8385,44.554167,45.226614,44.925454,0.30116,-0.082302,0.766924,67.33868,47.807946,41.869054,1.126657,28298086.0
US,CSCO,2024-08-20,0.522575,46.642,45.016,45.0245,44.618667,45.667135,45.159864,0.50727,0.035613,0.943315,68.279775,48.303186,41.745814,1.098324,27842163.0
US,CSCO,2024-08-21,0.415887,47.602,45.526,45.197,44.689333,46.070653,45.391726,0.678926,0.164276,1.029301,69.048128,48.768644,41.625356,1.055587,25942560.0
US,CSCO,2024-08-22,-0.455581,47.926,45.946,45.3395,44.7585,46.378245,45.590117,0.788128,0.289046,0.998163,67.122078,49.124489,41.554511,1.031616,20575905.6
US,CSCO,2024-08-23,1.04015,48.172,46.451,45.4765,44.839167,46.715438,45.810849,0.904589,0.412154,0.984868,69.22329,49.512608,41.440392,0.995786,18385745.6
US,CSCO,2024-08-26,0.082355,48.326,47.018,45.6105,44.919833,47.006909,46.018194,0.988715,0.527467,0.922497,69.39182,49.869723,41.351277,0.945373,17501785.6
US,CSCO,2024-08-27,-0.144003,48.416,47.529,45.7335,44.993333,47.242769,46.204994,1.037775,0.629528,0.816493,68.683014,50.177909,41.289091,0.907846,15811105.6
US,CSCO,2024-08-28,-1.70993,48.3,47.951,45.8005,45.050667,47.314651,46.316476,0.998175,0.703258,0.589834,60.758202,50.32102,41.27998,0.932286,14489865.6
US,CSCO,2024-08-29,1.089918,48.332,48.129,45.944,45.1045,47.455474,46.458219,0.997255,0.762057,0.470396,63.592469,50.580207,41.307793,0.932123,13926060.0
US,CSCO,2024-08-30,0.290276,48.292,48.232,46.1295,45.182833,47.59617,46.599832,0.996338,0.808913,0.37485,64.339247,50.841627,41.417373,0.907685,13754400.0
US,CSCO,2024-09-03,-0.951003,48.152,48.239,46.384,45.250167,47.644452,46.696881,0.94757,0.836645,0.221851,59.985518,50.899367,41.868633,0.886422,14334760.0
US,CSCO,2024-09-04,-0.709664,47.958,48.187,46.6015,45.318,47.632997,46.761557,0.871441,0.843604,0.055674,56.91965,50.900157,42.302843,0.855249,15568329.4
US,CSCO,2024-09-05,-1.156191,47.82,48.06,46.793,45.3765,47.53869,46.780701,0.757989,0.826481,-0.136983,52.26599,50.797888,42.788112,0.846303,15916449.4
US,CSCO,2024-09-06,-1.276053,47.458,47.895,46.9205,45.426167,47.366584,46.753982,0.612602,0.783705,-0.342207,47.685691,50.701127,43.139873,0.856567,16859729.4
US,CSCO,2024-09-09,0.409306,47.106,47.699,47.075,45.4815,47.250186,46.743317,0.50687,0.728338,-0.442937,49.203766,50.525255,43.624745,0.856098,17472089.4
US,CSCO,2024-09-10,0.193092,46.864,47.508,47.263,45.539833,47.165542,46.740108,0.425434,0.667757,-0.484646,49.944728,50.156331,44.369669,0.831377,16839356.4
US,CSCO,2024-09-11,0.663812,46.752,47.355,47.442,45.600833,47.141613,46.7601,0.381513,0.610508,-0.457991,52.514134,49.747997,45.136003,0.865564,16578327.0
US,CSCO,2024-09-12,0.999787,46.844,47.332,47.6415,45.6695,47.193672,46.813426,0.380246,0.564456,-0.368419,56.186234,49.068052,46.214948,0.857309,15963307.0
US,CSCO,2024-09-13,0.400168,47.094,47.276,47.7025,45.736833,47.266954,46.876876,0.390077,0.52958,-0.279005,57.613223,49.020223,46.384777,0.827502,13788993.8
US,CSCO,2024-09-16,2.454374,47.54,47.323,47.7775,45.811833,47.508961,47.022293,0.486668,0.520998,-0.068659,65.142075,49.172633,46.382367,0.856966,13387122.6
US,CSCO,2024-09-17,-0.819001,47.888,47.376,47.8075,45.871167,47.652197,47.127308,0.52489,0.521776,0.006227,61.143481,49.232209,46.382791,0.854325,13682195.6
US,CSCO,2024-09-18,-0.082576,48.166,47.459,47.823,45.93,47.767244,47.221581,0.545663,0.526553,0.038218,60.74195,49.266289,46.379711,0.853302,13200415.6
US,CSCO,2024-09-19,1.735537,48.518,47.681,47.8705,46.001167,47.993822,47.371094,0.622728,0.545788,0.153879,65.818453,49.429993,46.311007,0.871638,13807835.6
US,CSCO,2024-09-20,1.015435,48.932,48.013,47.954,46.089,48.262465,47.546568,0.715896,0.57981,0.272173,68.434937,49.713311,46.194689,0.871521,20593375.8
US,CSCO,2024-09-23,0.422195,49.154,48.347,48.023,46.171,48.522085,47.7246,0.797485,0.623345,0.34828,69.491231,49.971601,46.074399,0.847126,20928407.0
US,CSCO,2024-09-24,0.640641,49.52,48.704,48.106,46.257333,48.790995,47.913149,0.877847,0.674245,0.407203,71.079415,50.27634,45.93566,0.825189,23578207.0
US,CSCO,2024-09-25,0.238711,49.918,49.042,48.1985,46.3455,49.036996,48.096619,0.940377,0.727472,0.425811,71.67489,50.582155,45.814845,0.791247,25523107.0
US,CSCO,2024-09-26,0.396904,50.188,49.353,48.3425,46.440833,49.27592,48.281314,0.994606,0.780899,0.427415,72.684378,50.929969,45.755031,0.779015,25943107.0
US,CSCO,2024-09-27,0.316268,50.39,49.661,48.4685,46.541833,49.502701,48.46418,1.038522,0.832423,0.412197,73.498109,51.259229,45.677771,0.748371,19897448.0
US,CSCO,2024-09-30,0.374384,50.588,49.871,48.597,46.646667,49.723824,48.647574,1.076251,0.881189,0.390124,74.470693,51.587292,45.606708,0.74063,19790294.4
US,CSCO,2024-10-01,-0.903023,50.63,50.075,48.7255,46.753167,49.840159,48.783309,1.05685,0.916321,0.281058,67.96731,51.806172,45.644828,0.749871,17818802.8
US,CSCO,2024-10-02,0.534865,50.702,50.31,48.8845,46.868333,49.980135,48.92899,1.051145,0.943286,0.215718,69.643036,52.037609,45.731391,0.74488,15548622.8
US,CSCO,2024-10-03,-0.35468,50.698,50.443,49.062,46.973,50.070883,49.050546,1.020337,0.958696,0.123282,67.122062,52.174713,45.949287,0.72596,14079648.2
US,CSCO,2024-10-04,0.613012,50.724,50.557,49.285,47.075,50.195363,49.186061,1.009301,0.968817,0.080969,69.19053,52.243895,46.326105,0.708391,13651701.4
US,CSCO,2024-10-07,-0.471698,50.664,50.626,49.4865,47.163167,50.263768,49.29376,0.970008,0.969055,0.001906,65.742096,52.230353,46.742647,0.691363,12278515.0
US,CSCO,2024-10-08,0.434439,50.74,50.685,49.6945,47.254667,50.355496,49.409778,0.945718,0.964388,-0.037339,67.34857,52.180472,47.208528,0.681266,11427179.8
US,CSCO,2024-10-09,1.572945,50.922,50.812,49.927,47.359167,50.556189,49.576461,0.979728,0.967456,0.024544,72.414366,52.228122,47.625878,0.711176,11330143.8
US,CSCO,2024-10-10,-0.038715,51.136,50.917,50.135,47.445833,50.722929,49.729316,0.993613,0.972687,0.041852,72.113145,52.25901,48.01099,0.68752,10999818.4
US,CSCO,2024-10-11,1.316809,51.424,51.074,50.3675,47.5515,50.968632,49.921218,1.047414,0.987633,0.119563,75.799137,52.37618,48.35882,0.694126,11195002.2
US,CSCO,2024-10-14,0.038226,51.764,51.214,50.5425,47.669,51.179612,50.100387,1.079225,1.005951,0.146547,75.900033,52.597687,48.487313,0.687403,11292399.6
US,CSCO,2024-10-15,-0.343905,52.024,51.382,50.7285,47.7915,51.330441,50.252951,1.07749,1.020259,0.114462,72.952143,52.658415,48.798585,0.685445,12832626.4
US,CSCO,2024-10-16,4.256135,52.568,51.745,51.0275,47.958333,51.799604,50.558659,1.240945,1.064396,0.353098,82.156796,53.252197,48.802803,0.797199,17191862.4
US,CSCO,2024-10-17,0.036778,53.12,52.128,51.2855,48.117667,52.199665,50.843202,1.356462,1.122809,0.467306,82.215515,53.79921,48.77179,0.790256,18993042.4
US,CSCO,2024-10-18,0.625,53.604,52.514,51.5355,48.276333,52.590486,51.131854,1.458632,1.189974,0.537315,83.226099,54.359989,48.711011,0.779524,19988105.6
US,CSCO,2024-10-21,-0.292291,54.052,52.908,51.767,48.422167,52.896565,51.387272,1.509292,1.253838,0.51091,80.896471,54.786007,48.747993,0.761701,20519089.8
US,CSCO,2024-10-22,0.018322,54.538,53.281,51.983,48.5665,53.157093,51.624511,1.532582,1.309586,0.445991,80.932396,55.156869,48.809131,0.778722,19497090.0
US,CSCO,2024-10-23,-0.56787,54.518,53.543,52.1775,48.703167,53.329848,51.821214,1.508634,1.349396,0.318476,76.151607,55.413212,48.941788,0.765242,16765230.0
US,CSCO,2024-10-24,-0.571113,54.432,53.776,52.3465,48.829833,53.428333,51.980384,1.447949,1.369107,0.157686,71.596942,55.585971,49.107029,0.761296,16028470.0
US,CSCO,2024-10-25,-0.389105,54.236,53.92,52.497,48.969833,53.479359,52.112207,1.367152,1.368716,-0.003128,68.603533,55.705334,49.288666,0.773346,15428601.8
US,CSCO,2024-10-28,-0.818452,53.984,54.018,52.616,49.114167,53.454842,52.201673,1.253169,1.345606,-0.184875,62.689492,55.76042,49.47158,0.771679,15194342.4
US,CSCO,2024-10-29,0.712678,53.806,54.172,52.777,49.2955,53.492559,52.31266,1.179898,1.312465,-0.265133,65.458916,55.794649,49.759351,0.774416,15965102.2
US,CSCO,2024-10-30,-0.167598,53.672,54.095,52.92,49.468667,53.510627,52.40876,1.101867,1.270345,-0.336956,64.242659,55.808155,50.031845,0.764815,14877362.2
US,CSCO,2024-10-31,-1.473606,53.442,53.937,53.0325,49.629167,53.404376,52.439222,0.965154,1.209307,-0.488305,54.644793,55.713603,50.351397,0.7709,16342122.2
US,CSCO,2024-11-01,1.344188,53.396,53.816,53.165,49.790167,53.423703,52.52002,0.903683,1.148182,-0.488999,60.374609,55.663187,50.666813,0.804407,17253144.6
US,CSCO,2024-11-04,0.597796,53.502,53.743,53.3255,49.962333,53.489287,52.618537,0.87075,1.092696,-0.443892,62.663988,55.551847,51.099153,0.801235,17324662.4
US,CSCO,2024-11-05,0.575673,53.594,53.7,53.4905,50.149333,53.592474,52.73272,0.859754,1.046107,-0.372707,64.786498,55.432473,51.548527,0.797575,15599363.4
US,CSCO,2024-11-06,3.046529,54.034,53.853,53.698,50.355667,53.933632,52.960666,0.972965,1.031479,-0.117027,73.440977,55.699226,51.696774,0.873463,17043710.8
US,CSCO,2024-11-07,0.376277,54.674,54.058,53.917,50.5645,54.254611,53.187284,1.067328,1.038649,0.057358,74.306493,55.92805,51.90595,0.863215,16215077.6
US,CSCO,2024-11-08,-0.035702,55.168,54.282,54.101,50.723667,54.523133,53.395633,1.1275,1.056419,0.142162,74.058958,56.166574,52.035426,0.839414,15871495.2
US,CSCO,2024-11-11,0.982143,55.708,54.605,54.3115,50.877167,54.834958,53.62929,1.205669,1.086269,0.2388,76.388401,56.472206,52.150794,0.87017,16782915.2
US,CSCO,2024-11-12,0.123784,56.2,54.897,54.5345,51.0235,55.10958,53.850824,1.258756,1.120766,0.27598,76.675477,56.68154,52.38746,0.850158,18068074.2
US,CSCO,2024-11-13,0.812434,56.454,55.244,54.6695,51.173333,55.412722,54.090022,1.3227,1.161153,0.323093,78.523393,57.083629,52.255371,0.888718,21236988.2
US,CSCO,2024-11-14,-2.137351,56.422,55.548,54.7425,51.2995,55.481534,54.221132,1.260402,1.181003,0.158799,64.033551,57.20738,52.27762,0.940238,24410481.4
US,CSCO,2024-11-15,-0.787683,56.306,55.737,54.7765,51.422,55.472067,54.309937,1.16213,1.177228,-0.030196,59.75114,57.259001,52.293999,0.933079,26541682.4
US,CSCO,2024-11-18,-0.27066,56.05,55.879,54.811,51.533667,55.44098,54.381052,1.059927,1.153768,-0.187682,58.31923,57.300786,52.321214,0.919287,27730382.4
US,CSCO,2024-11-19,-0.524697,55.722,55.961,54.8305,51.639833,55.37006,54.425419,0.944641,1.111943,-0.334604,55.547654,57.319166,52.341834,0.920052,27903742.4
US,CSCO,2024-11-20,0.873045,55.398,55.926,54.8895,51.755167,55.383897,54.502055,0.881842,1.065923,-0.368161,59.019203,57.379114,52.399886,0.915763,23702621.0
US,CSCO,2024-11-21,0.090155,55.328,55.875,54.9665,51.885167,55.403297,54.576717,0.82658,1.018054,-0.382948,59.375108,57.432746,52.500254,0.907494,20185569.8
US,CSCO,2024-11-22,1.729418,55.538,55.922,55.102,52.0225,55.567405,54.71696,0.850445,0.984532,-0.268175,65.559648,57.585929,52.618071,0.927673,17541293.6
US,CSCO,2024-11-25,0.318753,55.814,55.932,55.2685,52.1605,55.733958,54.860149,0.87381,0.962388,-0.177156,66.586764,57.698144,52.838856,0.909268,23268833.6
US,CSCO,2024-11-26,1.447485,56.312,56.017,55.457,52.319833,56.001042,55.053471,0.947571,0.959424,-0.023707,70.851518,57.954664,52.959336,0.906463,22615533.6
US,CSCO,2024-11-27,-0.504611,56.656,56.027,55.6355,52.48,56.18242,55.210992,0.971428,0.961825,0.019206,67.566948,58.089545,53.181455,0.906716,22087198.0
US,CSCO,2024-11-29,-0.12242,56.976,56.152,55.85,52.648167,56.325125,55.351659,0.973466,0.964153,0.018625,66.76241,58.015114,53.684886,0.879807,21178389.2
US,CSCO,2024-12-02,0.367711,57.146,56.342,56.0395,52.829833,56.478182,55.497462,0.98072,0.967467,0.026507,67.993681,58.014286,54.064714,0.855535,21383472.2
US,CSCO,2024-12-03,0.08723,57.29,56.552,56.2155,53.009167,56.615385,55.636168,0.979217,0.969817,0.0188,68.294836,57.996269,54.434731,0.819426,13251033.4
US,CSCO,2024-12-04,0.226599,57.296,56.804,56.3825,53.189167,56.75148,55.77423,0.97725,0.971303,0.011893,69.108692,57.977666,54.787334,0.800181,13783514.0
US,CSCO,2024-12-05,0.678261,57.438,57.047,56.4865,53.3705,56.926637,55.930954,0.995683,0.976179,0.039007,71.474388,58.186574,54.786426,0.785168,15067189.6
US,CSCO,2024-12-06,-0.224564,57.568,57.272,56.5735,53.541833,57.054846,56.066439,0.988408,0.978625,0.019566,69.562077,58.345733,54.801267,0.750513,15668122.4
US,CSCO,2024-12-09,-1.558172,57.476,57.311,56.6165,53.695,57.02487,56.125221,0.899649,0.96283,-0.126361,57.993692,58.372647,54.860353,0.767619,15776074.6
US,CSCO,2024-12-10,-0.404502,57.328,57.309,56.6205,53.824833,56.964121,56.162612,0.801509,0.930566,-0.258114,55.455554,58.376387,54.864613,0.769932,16322913.4
US,CSCO,2024-12-11,-0.211902,57.13,57.213,56.615,53.959333,56.894256,56.188344,0.705912,0.885635,-0.359446,54.124587,58.371548,54.858452,0.759937,18317080.8
US,CSCO,2024-12-12,0.4424,56.904,57.171,56.599,54.098667,56.873601,56.230689,0.642912,0.83709,-0.388356,56.468642,58.344106,54.853894,0.784942,18033662.6
US,CSCO,2024-12-13,-0.387597,56.66,57.114,56.633,54.220333,56.822278,56.253601,0.568677,0.783408,-0.429461,53.860533,58.34538,54.92062,0.767446,17935005.2
US,CSCO,2024-12-16,-0.459851,56.544,57.01,56.676,54.329333,56.738851,56.255557,0.483294,0.723385,-0.480182,50.870214,58.305569,55.046431,0.765485,20008152.4
US,CSCO,2024-12-17,0.284293,56.506,56.917,56.7345,54.4375,56.692874,56.269219,0.423654,0.663439,-0.479569,52.613748,58.237024,55.231976,0.772951,22094616.8
US,CSCO,2024-12-18,-1.683203,56.302,56.716,56.76,54.5245,56.507816,56.211499,0.296317,0.590014,-0.587395,42.882767,58.156095,55.363905,0.80274,21565058.0
US,CSCO,2024-12-19,0.162191,56.066,56.485,56.766,54.611,56.365075,56.164721,0.200354,0.512082,-0.623457,43.940581,58.14056,55.39144,0.800401,22413701.0
US,CSCO,2024-12-20,1.547319,56.046,56.353,56.8125,54.7085,56.376602,56.185112,0.19149,0.447964,-0.512948,52.914294,58.072069,55.552931,0.847516,33496671.4
US,CSCO,2024-12-23,0.779589,56.166,56.355,56.833,54.810667,56.454048,56.236586,0.217462,0.401863,-0.368802,56.730601,58.082914,55.583086,0.849122,31854267.6
US,CSCO,2024-12-24,1.476793,56.422,56.464,56.8865,54.923667,56.64881,56.346468,0.302342,0.381959,-0.159235,62.910928,58.190912,55.582088,0.860613,28856232.4
US,CSCO,2024-12-26,0.225225,56.894,56.598,56.9055,55.0465,56.833608,56.457841,0.375767,0.380721,-0.009907,63.773327,58.253691,55.557309,0.844855,25722591.6
US,CSCO,2024-12-27,-0.622299,57.276,56.671,56.921,55.158833,56.934592,56.534297,0.400294,0.384635,0.031318,59.637831,58.288449,55.553551,0.845222,23937309.0
US,CSCO,2024-12-30,-0.695773,57.406,56.726,56.92,55.2675,56.958501,56.57546,0.38304,0.384316,-0.002552,55.343484,58.286924,55.553076,0.866992,12618003.2
US,CSCO,2024-12-31,0.017516,57.45,56.808,56.909,55.371167,56.98027,56.614315,0.365955,0.380644,-0.029379,55.42989,58.266378,55.551622,0.846493,11718364.2
US,CSCO,2025-01-02,-0.175131,57.306,56.864,56.8905,55.477167,56.983305,56.642884,0.340421,0.372599,-0.064357,54.298451,58.232237,55.548763,0.862458,12962755.0
US,CSCO,2025-01-03,0.280702,57.168,57.031,56.8735,55.582167,57.010489,56.681189,0.3293,0.363939,-0.069279,55.851233,58.192337,55.554663,0.857282,15029274.8
US,CSCO,2025-01-06,-0.157453,57.084,57.18,56.8325,55.672333,57.019645,56.70999,0.309655,0.353082,-0.086856,54.724888,58.070916,55.594084,0.864619,16133652.6
US,CSCO,2025-01-07,0.262835,57.11,57.258,56.8055,55.765333,57.050468,56.747769,0.3027,0.343006,-0.080612,56.306461,57.983948,55.627052,0.844289,16916792.6
US,CSCO,2025-01-08,0.471863,57.188,57.319,56.837,55.8515,57.118089,56.802749,0.31534,0.337473,-0.044265,59.077538,58.052683,55.621317,0.851126,16962255.2
US,CSCO,2025-01-10,-0.782745,57.196,57.251,56.8575,55.929833,57.106075,56.820323,0.285752,0.327129,-0.082753,53.039894,58.072356,55.642644,0.836045,17188295.2
US,CSCO,2025-01-13,0.035063,57.176,57.172,56.885,56.0115,57.098987,56.838077,0.26091,0.313885,-0.10595,53.268484,58.092021,55.677979,0.829185,17284527.0
US,CSCO,2025-01-14,0.963898,57.284,57.184,56.9275,56.065333,57.177604,56.895256,0.282348,0.307578,-0.050459,59.156494,58.173162,55.681838,0.810672,16918967.0
US,CSCO,2025-01-15,1.09356,57.488,57.299,57.0125,56.129333,57.34105,56.994867,0.346183,0.315299,0.061768,64.650667,58.367961,55.657039,0.822767,17383234.4
US,CSCO,2025-01-16,-0.257555,57.608,57.398,57.103,56.185167,57.456273,57.075988,0.380285,0.328296,0.103978,62.495104,58.49203,55.71397,0.810426,18192309.2
US,CSCO,2025-01-17,0.688587,57.898,57.547,57.2055,56.250333,57.615308,57.180729,0.434578,0.349552,0.170052,65.772414,58.68341,55.72759,0.83111,19512689.2
US,CSCO,2025-01-21,1.316464,58.338,57.757,57.394,56.328167,57.868337,57.334749,0.533588,0.386359,0.294457,71.02188,58.909815,55.878185,0.847459,19369309.2
US,CSCO,2025-01-22,0.995613,58.786,58.035,57.6075,56.421,58.173208,57.521064,0.652144,0.439516,0.425256,74.277262,59.239565,55.975435,0.840498,19913535.0
US,CSCO,2025-01-23,0.969089,59.224,58.356,57.807,56.528667,58.520407,57.736541,0.783866,0.508386,0.55096,77.011313,59.762792,55.851208,0.846177,18918916.8
US,CSCO,2025-01-24,0.0,59.692,58.65,57.9845,56.639833,58.814191,57.936057,0.878134,0.582336,0.591597,77.011313,60.19883,55.77017,0.815735,18676364.0
US,CSCO,2025-01-27,-5.06371,59.468,58.683,57.967,56.707333,58.592007,57.894126,0.697881,0.605445,0.184872,46.663409,60.194906,55.739094,0.998183,20647152.0
US,CSCO,2025-01-28,0.592644,59.158,58.748,57.96,56.774167,58.456314,57.880487,0.575827,0.599521,-0.047389,49.065178,60.190211,55.729789,0.971884,22017055.2
US,CSCO,2025-01-29,0.207936,58.754,58.77,57.977,56.8445,58.359958,57.876748,0.48321,0.576259,-0.186097,49.922289,60.197785,55.756215,0.979607,21714789.4
US,CSCO,2025-01-30,1.538994,58.412,58.818,58.0585,56.942833,58.415349,57.939211,0.476138,0.556235,-0.160193,55.855534,60.262671,55.854329,1.015349,22288187.4
US,CSCO,2025-01-31,0.22139,58.096,58.894,58.146,57.0315,58.482218,58.006677,0.475542,0.540096,-0.129109,56.66322,60.329872,55.962128,0.993538,22152738.4
US,CSCO,2025-02-03,0.713679,58.476,58.972,58.2595,57.121833,58.603416,58.100256,0.503159,0.532709,-0.059099,59.256869,60.429242,56.089758,1.041143,19481811.8
US,CSCO,2025-02-04,0.489286,58.846,59.002,58.3795,57.211833,58.750582,58.208385,0.542197,0.534607,0.015181,60.992802,60.558183,56.200817,1.026061,16935691.2
US,CSCO,2025-02-05,2.014775,59.432,59.093,58.564,57.294333,59.059724,58.397394,0.66233,0.560151,0.204357,67.217139,60.887983,56.240017,1.050628,17152295.8
US,CSCO,2025-02-06,-0.477288,59.782,59.097,58.7265,57.3685,59.276689,58.55092,0.725769,0.593275,0.264988,64.536993,61.105695,56.347305,1.03344,16840856.8
US,CSCO,2025-02-07,0.0,60.106,59.101,58.8755,57.443,59.460275,58.693074,0.767201,0.62806,0.278282,64.536993,61.299121,56.451879,1.031766,18301922.6
US,CSCO,2025-02-10,0.859931,60.45,59.463,59.073,57.517,59.695618,58.863217,0.832401,0.668928,0.326945,67.252387,61.509868,56.636132,1.018783,17390028.6
US,CSCO,2025-02-11,-0.606657,60.662,59.754,59.251,57.583667,59.83783,58.993349,0.844481,0.704039,0.280885,63.525157,61.591896,56.910104,0.989584,18381986.0
US,CSCO,2025-02-12,0.164962,60.654,60.043,59.4065,57.644333,59.973549,59.121249,0.8523,0.733691,0.237217,64.104193,61.703474,57.109526,1.013185,20603581.4
US,CSCO,2025-02-13,2.091568,60.958,60.37,59.594,57.7465,60.283772,59.333749,0.950023,0.776957,0.346131,70.507589,62.083622,57.104378,1.215815,26150753.2
US,CSCO,2025-02-14,1.613163,61.462,60.784,59.839,57.872667,60.700115,59.604583,1.095532,0.840672,0.50972,74.382675,62.634045,57.043955,1.241828,26117211.4
US,CSCO,2025-02-18,-0.428639,61.808,61.129,60.0505,57.996833,61.010866,59.835354,1.175512,0.90764,0.535744,71.645464,63.038713,57.062287,1.279555,27363464.0
US,CSCO,2025-02-19,0.382653,62.276,61.469,60.2355,58.129833,61.310733,60.066809,1.243924,0.974897,0.538053,72.610305,63.454285,57.016715,1.234586,26655784.0
US,CSCO,2025-02-20,-0.25413,62.692,61.673,60.383,58.252167,61.539851,60.269268,1.270583,1.034034,0.473098,70.878725,63.782877,56.983123,1.21283,23599844.0
US,CSCO,2025-02-21,-1.066879,62.72,61.839,60.468,58.3625,61.630643,60.4071,1.223543,1.071936,0.303214,63.99634,63.952282,56.983718,1.2012,18729464.0
US,CSCO,2025-02-24,-1.15886,62.404,61.933,60.517,58.444833,61.596698,60.481389,1.115309,1.080611,0.069397,57.531321,64.025248,57.008752,1.214685,17448304.6
US,CSCO,2025-02-25,1.628399,62.342,62.075,60.769,58.540833,61.721821,60.624249,1.097573,1.084003,0.027139,63.106031,64.053776,57.484224,1.225065,17458824.6
US,CSCO,2025-02-26,-0.304438,62.194,62.235,60.9945,58.62,61.798464,60.742453,1.056012,1.078405,-0.044786,61.455393,64.017072,57.971928,1.196132,17316473.4
US,CSCO,2025-02-27,-0.417872,62.026,62.359,61.201,58.699667,61.823316,60.832641,0.990675,1.060859,-0.140368,59.174424,63.874761,58.527239,1.217837,19288275.2
US,CSCO,2025-02-28,0.468044,62.05,62.385,61.3775,58.785333,61.88896,60.937631,0.951329,1.038953,-0.175248,60.916865,63.829722,58.925278,1.222991,20849481.6
US,CSCO,2025-03-03,-0.97992,62.096,62.25,61.517,58.857333,61.850658,60.989658,0.861,1.003362,-0.284725,55.546554,63.678408,59.355592,1.252777,21754117.0
US,CSCO,2025-03-04,-0.340688,61.9,62.121,61.625,58.925,61.785942,61.022276,0.763665,0.955423,-0.383515,53.788527,63.526773,59.723227,1.253293,22251763.0
US,CSCO,2025-03-05,1.106951,61.878,62.036,61.7525,59.001833,61.835797,61.102848,0.732948,0.910928,-0.355959,58.381837,63.40958,60.09542,1.259487,22547594.2
US,CSCO,2025-03-06,-0.869425,61.8,61.913,61.793,59.063167,61.794905,61.137452,0.657453,0.860233,-0.40556,53.807887,63.38956,60.19644,1.256666,22239497.2
US,CSCO,2025-03-07,0.844567,61.768,61.909,61.874,59.135333,61.840304,61.208011,0.632293,0.814645,-0.364704,57.278856,63.353978,60.394022,1.304047,21128090.8
US,CSCO,2025-03-10,-2.947335,61.492,61.794,61.8635,59.192,61.59718,61.137788,0.459392,0.743594,-0.568404,44.582484,63.385555,60.341445,1.368044,22249480.4
US,CSCO,2025-03-11,-2.240292,60.988,61.444,61.7595,59.23,61.183768,60.972767,0.211001,0.637076,-0.852149,37.907139,63.725567,59.793433,1.398898,22489296.4
US,CSCO,2025-03-12,-0.339501,60.308,61.093,61.664,59.266667,60.803188,60.805154,-0.001966,0.509267,-1.022467,37.022719,63.994051,59.333949,1.363262,23290063.8
US,CSCO,2025-03-13,-1.311531,59.582,60.691,61.525,59.286333,60.362698,60.592921,-0.230223,0.361369,-1.183185,33.757219,64.344089,58.705911,1.353744,21951704.4
US,CSCO,2025-03-14,1.397998,58.914,60.341,61.363,59.323167,60.11459,60.456408,-0.341818,0.220732,-1.125099,39.77501,64.419005,58.306995,1.323476,20970889.8
US,CSCO,2025-03-17,0.646809,58.688,60.09,61.17,59.370667,59.963115,60.358156,-0.395041,0.097577,-0.985236,42.417843,64.277732,58.062268,1.288942,18554524.2
US,CSCO,2025-03-18,-0.98089,58.616,59.802,60.9615,59.405833,59.745713,60.224218,-0.478506,-0.017639,-0.921733,39.564048,64.182756,57.740244,1.281875,16730842.2
US,CSCO,2025-03-19,1.366354,58.744,59.526,60.781,59.470167,59.684834,60.159461,-0.474628,-0.109037,-0.731181,45.055017,63.938017,57.623983,1.279598,16041534.8
US,CSCO,2025-03-20,-0.825611,58.928,59.255,60.584,59.524833,59.557936,60.063205,-0.505269,-0.188283,-0.633971,42.507539,63.703983,57.464017,1.242484,16054589.4
US,CSCO,2025-03-21,-0.526673,58.888,58.901,60.405,59.56,59.402869,59.951116,-0.548247,-0.260276,-0.575941,40.930773,63.56024,57.24976,1.235878,25991484.0
US,CSCO,2025-03-24,1.110162,58.902,58.795,60.2945,59.598667,59.371659,59.895477,-0.523819,-0.312984,-0.421669,45.496036,63.456003,57.132997,1.222601,28591448.4
US,CSCO,2025-03-25,0.033784,59.036,58.826,60.135,59.623667,59.348326,59.845442,-0.497116,-0.349811,-0.29461,45.635263,63.172957,57.097043,1.170272,29433175.4
US,CSCO,2025-03-26,1.334009,59.168,58.956,60.0245,59.659667,59.450122,59.857632,-0.407509,-0.36135,-0.092318,50.963642,62.907904,57.141096,1.145967,32461120.6
US,CSCO,2025-03-27,-0.649892,59.32,59.124,59.9075,59.695167,59.476257,59.840029,-0.363772,-0.361835,-0.003874,48.439578,62.653908,57.161092,1.109112,34299440.6
US,CSCO,2025-03-28,-0.872191,59.43,59.159,59.75,59.728667,59.418372,59.785212,-0.366841,-0.362836,-0.008009,45.223494,62.294893,57.205107,1.117747,26098744.8
US,CSCO,2025-03-31,1.387479,59.574,59.238,59.664,59.775667,59.495545,59.795197,-0.299651,-0.350199,0.101095,50.773819,62.059466,57.268534,1.152908,26298760.6
US,CSCO,2025-04-01,0.1502,59.732,59.384,59.593,59.825833,59.574692,59.811108,-0.236416,-0.327442,0.182053,51.356409,61.855362,57.330638,1.138415,25599523.4
US,CSCO,2025-04-02,0.033328,59.736,59.452,59.489,59.873667,59.644739,59.827322,-0.182583,-0.29847,0.231775,51.493793,61.450162,57.527838,1.110671,23195958.2
US,CSCO,2025-04-03,-6.679993,59.016,59.168,59.2115,59.856167,59.087087,59.545298,-0.458211,-0.330419,-0.255585,31.987071,61.465122,56.957878,1.321337,26053182.4
US,CSCO,2025-04-04,-4.819707,57.86,58.645,58.773,59.791167,58.199843,59.084165,-0.884322,-0.441199,-0.886246,25.094116,61.870496,55.675504,1.438384,29651727.8
US,CSCO,2025-04-07,-0.243811,56.514,58.044,58.4195,59.7195,57.429098,58.64756,-1.218462,-0.596652,-1.243621,24.816822,62.277787,54.561213,1.615643,33147823.6
US,CSCO,2025-04-08,-2.237263,54.912,57.322,58.074,59.6355,56.593852,58.155148,-1.561296,-0.789581,-1.543431,22.379018,62.828238,53.319762,1.72024,37146933.8
US,CSCO,2025-04-09,9.269231,54.27,57.003,57.9795,59.6315,56.628644,58.056249,-1.427604,-0.917185,-1.020838,45.662091,62.754504,53.204496,1.999508,44100953.8
US,CSCO,2025-04-10,-2.639916,54.13,56.573,57.8485,59.593333,56.427314,57.853563,-1.426249,-1.018998,-0.814502,41.491049,62.762388,52.934612,2.074543,42492609.6
US,CSCO,2025-04-11,1.301518,54.674,56.267,57.713,59.556667,56.367727,57.719225,-1.351498,-1.085498,-0.532,44.1292,62.669253,52.756747,2.03279,38515107.2
US,CSCO,2025-04-14,0.142755,55.26,55.887,57.5625,59.523833,56.329616,57.600764,-1.271149,-1.122628,-0.297041,44.429024,62.520301,52.604699,1.964734,32283415.6
US,CSCO,2025-04-15,-0.356379,56.044,55.478,57.431,59.481,56.266598,57.476263,-1.209665,-1.140036,-0.139259,43.796257,62.416495,52.445505,1.883681,28516735.6
US,CSCO,2025-04-16,-2.521459,55.582,54.926,57.189,59.401833,55.996352,57.25654,-1.260188,-1.164066,-0.192244,39.522626,62.247739,52.130261,1.873418,21950839.2
US,CSCO,2025-04-17,0.0,55.42,54.775,56.9715,59.312833,55.767682,57.053093,-1.28541,-1.188335,-0.19415,39.522626,62.097763,51.845237,1.790317,18739992.0
US,CSCO,2025-04-21,-2.494955,54.842,54.758,56.7015,59.1915,55.364962,56.763975,-1.399013,-1.23047,-0.337084,35.633051,62.031548,51.371452,1.797437,17248364.8
US,CSCO,2025-04-22,1.222954,54.378,54.819,56.4315,59.081,55.124199,56.544421,-1.420222,-1.268421,-0.303603,38.736314,61.775005,51.087995,1.731906,18109176.4
US,CSCO,2025-04-23,1.078067,54.07,55.057,56.1895,59.031167,55.009707,56.384093,-1.374387,-1.289614,-0.169546,41.448939,61.443582,50.935418,1.743913,20446756.4
US,CSCO,2025-04-24,1.195292,54.174,54.878,55.9405,58.9865,55.012829,56.28379,-1.270962,-1.285884,0.029844,44.419115,60.911116,50.969884,1.717205,20892955.8
US,CSCO,2025-04-25,0.745048,54.36,54.89,55.7315,58.946667,55.078547,56.221287,-1.14274,-1.257255,0.22903,46.270577,60.408534,51.054466,1.644547,21009640.4
US,CSCO,2025-04-28,0.21645,54.842,54.842,55.5545,58.894,55.152617,56.172303,-1.019686,-1.209741,0.38011,46.828851,59.968779,51.140221,1.590651,22522000.4
US,CSCO,2025-04-29,0.881929,55.292,54.835,55.361,58.847333,55.290676,56.163244,-0.872568,-1.142306,0.539477,49.152162,59.30735,51.41465,1.537033,21222857.8
US,CSCO,2025-04-30,0.677966,55.702,54.886,55.182,58.8,55.465957,56.183003,-0.717047,-1.057254,0.680415,50.942396,58.551187,51.812813,1.528674,19160805.0
US,CSCO,2025-05-01,0.691122,56.06,55.117,55.0215,58.754333,55.674271,56.230188,-0.555917,-0.956987,0.802139,52.779906,57.683148,52.359852,1.474483,17888502.0
US,CSCO,2025-05-02,2.076734,56.572,55.466,55.1205,58.708333,56.032075,56.361285,-0.32921,-0.831432,1.004443,57.916101,58.056494,52.184506,1.459877,18340452.6
US,CSCO,2025-05-05,-0.017241,57.058,55.95,55.354,58.667,56.333295,56.481931,-0.148636,-0.694873,1.092472,57.858665,58.42001,52.28799,1.409171,16664033.4
US,CSCO,2025-05-06,-0.172444,57.426,56.359,55.589,58.624,56.572788,56.586232,-0.013445,-0.558587,1.090285,57.247264,58.67594,52.50206,1.373516,16724116.0
US,CSCO,2025-05-07,0.587321,57.786,56.744,55.9005,58.578,56.827743,56.707993,0.119751,-0.422919,1.08534,58.839833,58.721822,53.079178,1.333265,15556073.2
US,CSCO,2025-05-08,0.240426,58.096,57.078,55.978,58.5405,57.065014,56.831105,0.233909,-0.291554,1.050926,59.508685,58.975736,52.980264,1.297318,15511253.2
US,CSCO,2025-05-09,0.102793,58.182,57.377,56.1335,58.502333,57.275012,56.949541,0.32547,-0.168149,0.987239,59.810109,59.296658,52.970342,1.301795,15256685.2
US,CSCO,2025-05-12,3.183296,58.642,57.85,56.346,58.474,57.738856,57.196983,0.541873,-0.026144,1.136036,67.809985,59.989967,52.702033,1.354524,17044984.4
US,CSCO,2025-05-13,0.165865,59.142,58.284,56.5595,58.430667,58.146724,57.433502,0.713222,0.121729,1.182986,68.176745,60.603847,52.515153,1.302058,18009924.4
US,CSCO,2025-05-14,-0.794834,59.478,58.632,56.759,58.383833,58.417997,57.616947,0.801051,0.257593,1.086915,64.384728,61.043964,52.474036,1.280482,22095560.0
US,CSCO,2025-05-15,4.857286,60.368,59.232,57.1745,58.3815,59.095229,58.002358,1.092871,0.424649,1.336444,73.872566,62.074082,52.274918,1.501162,30999825.2
US,CSCO,2025-05-16,-1.002865,61.12,59.651,57.5585,58.371333,59.571347,58.312554,1.258794,0.591478,1.334632,69.552635,62.75727,52.35973,1.483936,33561665.8
US,CSCO,2025-05-19,0.466313,61.558,60.1,58.025,58.377167,60.018832,58.621253,1.397579,0.752698,1.289762,70.410412,63.232109,52.817891,1.444369,32071467.6
US,CSCO,2025-05-20,-0.768246,61.88,60.511,58.435,58.387,60.323627,58.871531,1.452096,0.892578,1.119038,67.043664,63.537115,53.332885,1.399772,31352267.6
US,CSCO,2025-05-21,-0.354839,62.254,60.866,58.805,58.3765,60.547685,59.086973,1.460712,1.006204,0.909014,65.497816,63.747993,53.862007,1.364788,27569615.8
US,CSCO,2025-05-22,0.258983,62.078,61.223,59.1505,58.371833,60.761887,59.298308,1.463579,1.097679,0.731799,66.109835,63.953751,54.347249,1.320874,18554230.6
US,CSCO,2025-05-23,-0.403616,61.978,61.549,59.463,58.367333,60.904674,59.475471,1.429203,1.163984,0.530438,64.193747,64.069175,54.856825,1.285098,15625368.2
US,CSCO,2025-05-27,1.021235,61.946,61.752,59.801,58.3685,61.122416,59.686177,1.436239,1.218435,0.435609,66.804768,64.199372,55.402628,1.254734,15861448.6
US,CSCO,2025-05-28,-0.641849,61.93,61.905,60.0945,58.373167,61.245121,59.851645,1.393476,1.253443,0.280066,63.632049,64.227917,55.961083,1.217253,15625308.6
US,CSCO,2025-05-29,-0.468346,61.9,62.077,60.3545,58.3765,61.304333,59.983375,1.320958,1.266946,0.108024,61.356899,64.17557,56.53343,1.217449,15303032.6
US,CSCO,2025-05-30,-0.016226,61.836,61.957,60.5945,58.368333,61.352898,60.104607,1.248291,1.263215,-0.029848,61.275539,64.086196,57.102804,1.191917,17340623.8
US,CSCO,2025-06-02,1.29828,61.982,61.98,60.8155,58.3825,61.517067,60.276117,1.24095,1.258762,-0.035624,65.245862,64.179542,57.451458,1.188208,17374705.6
US,CSCO,2025-06-03,0.801025,62.102,62.024,61.062,58.396333,61.732903,60.47196,1.260943,1.259198,0.003489,67.489385,64.281134,57.842866,1.155479,16920203.4
US,CSCO,2025-06-04,0.031786,62.306,62.118,61.3145,58.441,61.91861,60.654778,1.263832,1.260125,0.007414,67.579539,64.281124,58.347876,1.110802,17111493.2
US,CSCO,2025-06-05,0.365427,62.614,62.257,61.5615,58.512,62.111132,60.841091,1.270041,1.262108,0.015865,68.656003,64.271218,58.851782,1.075031,17726294.2
US,CSCO,2025-06-06,2.232072,63.206,62.521,61.872,58.609833,62.490958,61.118047,1.372911,1.284269,0.177284,74.291507,64.468548,59.275452,1.1061,16749243.0
US,CSCO,2025-06-09,-0.247755,63.606,62.794,62.1715,58.717833,62.787733,61.362636,1.425097,1.312434,0.225326,72.694289,64.476332,59.866668,1.080664,16324003.0
US,CSCO,2025-06-10,-1.133188,63.76,62.931,62.3415,58.800167,62.926544,61.535033,1.39151,1.32825,0.126521,65.748834,64.566317,60.116683,1.092045,16735603.2
US,CSCO,2025-06-11,-1.475899,63.722,63.014,62.4595,58.8605,62.899383,61.625031,1.274352,1.31747,-0.086236,58.056769,64.500534,60.418466,1.103328,17869933.4
US,CSCO,2025-06-12,1.418327,63.816,63.215,62.646,58.945333,63.013324,61.774288,1.239036,1.301783,-0.125494,62.52691,64.379614,60.912386,1.101661,17490380.2
US,CSCO,2025-06-13,-1.555625,63.43,63.318,62.6375,59.000333,62.957428,61.839156,1.118273,1.265081,-0.293617,55.447874,64.369284,60.905716,1.105114,16228620.2
US,CSCO,2025-06-16,2.218675,63.354,63.48,62.73,59.086667,63.123978,62.002181,1.121797,1.236424,-0.229255,61.959861,64.551593,60.908407,1.132606,16882202.6
US,CSCO,2025-06-17,-0.281074,63.388,63.574,62.799,59.175167,63.237212,62.139797,1.097415,1.208622,-0.222415,60.722107,64.68103,60.91697,1.130277,17208269.6
US,CSCO,2025-06-18,0.782963,63.71,63.716,62.917,59.261167,63.409948,62.304257,1.105692,1.188036,-0.164689,62.936971,64.878123,60.955877,1.120257,17652589.6
US,CSCO,2025-06-20,0.730267,63.948,63.882,63.0695,59.354667,63.628418,62.491349,1.137069,1.177843,-0.081547,64.938412,65.125306,61.013694,1.105239,24704769.6
US,CSCO,2025-06-23,1.604196,64.592,64.011,63.266,59.452333,63.973277,62.741619,1.231657,1.188606,0.086103,68.93585,65.586624,60.945376,1.115579,28583769.6
US,CSCO,2025-06-24,0.759071,65.058,64.206,63.5,59.564833,64.342003,63.010388,1.331615,1.217208,0.228815,70.667351,66.068361,60.931639,1.083752,29824769.0
US,CSCO,2025-06-25,0.436944,65.618,64.503,63.717,59.690833,64.698618,63.28073,1.417888,1.257344,0.321089,71.65423,66.567748,60.866252,1.058484,29934861.8
US,CSCO,2025-06-26,1.110111,66.226,64.968,63.991,59.8155,65.114215,63.585861,1.528354,1.311546,0.433617,74.053151,67.136396,60.845604,1.050735,30032828.2
US,CSCO,2025-06-27,-0.430267,66.682,65.315,64.265,59.933833,65.421259,63.846908,1.574351,1.364107,0.420488,71.499386,67.493619,61.036381,1.037111,25193412.2
US,CSCO,2025-06-30,1.057965,67.072,65.832,64.575,60.063667,65.790296,64.141211,1.649085,1.421103,0.455965,73.874814,67.916853,61.233147,1.041603,24899658.6
US,CSCO,2025-07-01,-0.398113,67.308,66.183,64.8315,60.255833,66.06102,64.393714,1.667306,1.470343,0.393925,71.436455,68.258763,61.404237,1.030774,24655016.8
US,CSCO,2025-07-02,-0.740192,67.386,66.502,65.038,60.484667,66.213171,64.590476,1.622695,1.500813,0.243762,67.024551,68.477352,61.598648,1.021433,24106916.8
US,CSCO,2025-07-03,1.744966,67.55,66.888,65.302,60.735167,66.521914,64.85933,1.662584,1.533168,0.258833,71.46551,68.865013,61.738987,1.039188,23070810.4
US,CSCO,2025-07-07,-0.630314,67.686,67.184,65.533,60.998333,66.717004,65.076416,1.640587,1.554651,0.171872,67.848944,69.112185,61.953815,1.017818,22622926.4
US,CSCO,2025-07-08,-0.486797,67.614,67.343,65.677,61.175667,66.831311,65.252978,1.578333,1.559388,0.03789,65.125122,69.322359,62.031641,0.985831,20347200.0
US,CSCO,2025-07-09,0.978358,67.728,67.518,65.862,61.389,67.029571,65.46535,1.564221,1.560354,0.007733,67.900656,69.607582,62.116418,0.986128,20712489.8
US,CSCO,2025-07-10,-0.733999,67.842,67.614,66.0585,61.582,67.120406,65.624954,1.495452,1.547374,-0.103843,63.760683,69.739469,62.377531,0.974262,20382661.6
US,CSCO,2025-07-11,-1.168293,67.564,67.557,66.2625,61.7605,67.075728,65.714217,1.361512,1.510201,-0.29738,57.767609,69.625962,62.899038,0.979672,19727844.0
US,CSCO,2025-07-14,-0.194523,67.346,67.516,66.4155,61.940167,67.017924,65.787238,1.230686,1.454298,-0.447224,56.821138,69.559068,63.271932,0.968267,18221084.0
US,CSCO,2025-07-15,-0.944528,67.068,67.341,66.5865,62.132833,66.872089,65.808183,1.063907,1.37622,-0.624627,52.34522,69.223379,63.949621,0.950533,16773484.0
US,CSCO,2025-07-16,0.287574,66.696,67.212,66.6975,62.328667,66.777922,65.841651,0.936271,1.28823,-0.703919,53.53401,69.06989,64.32511,0.923352,15051520.6
US,CSCO,2025-07-17,1.373378,66.606,67.224,66.863,62.562333,66.838242,65.940047,0.898194,1.210223,-0.624057,58.831132,68.851226,64.874774,0.934542,16130310.4
US,CSCO,2025-07-18,-0.37219,66.624,67.094,66.991,62.781,66.85082,66.012636,0.838184,1.135815,-0.595263,56.911628,68.614316,65.367684,0.929931,16419448.0
US,CSCO,2025-07-21,0.433353,66.726,67.036,67.11,62.994833,66.906078,66.10133,0.804748,1.069602,-0.529707,58.599092,68.396126,65.823874,0.922079,16064009.6
US,CSCO,2025-07-22,-0.267817,66.918,66.993,67.168,63.194833,66.925143,66.17012,0.755023,1.006686,-0.503326,57.104227,68.323173,66.012827,0.892645,16180529.6
US,CSCO,2025-07-23,0.68626,67.164,66.93,67.224,63.395667,67.012044,66.267889,0.744155,0.95418,-0.420049,59.91825,68.326387,66.121613,0.88317,15757763.2
US,CSCO,2025-07-24,-0.488961,67.162,66.884,67.249,63.589,67.034807,66.333971,0.700835,0.903511,-0.405351,57.027958,68.32136,66.17664,0.869372,14384563.4
US,CSCO,2025-07-25,0.580703,67.288,66.956,67.2565,63.780667,67.114067,66.424048,0.69002,0.860813,-0.341586,59.513538,68.33506,66.17794,0.860132,13473551.0
US,CSCO,2025-07-28,-1.110289,67.206,66.966,67.241,63.9535,67.065749,66.451896,0.613853,0.811421,-0.395135,53.147019,68.336315,66.145685,0.890836,14650389.4
US,CSCO,2025-07-29,0.05988,67.168,67.043,67.192,64.1205,67.031018,66.480644,0.550374,0.759211,-0.417675,53.433138,68.266813,66.117187,0.890062,14797309.4
US,CSCO,2025-07-30,0.463794,67.1,67.132,67.172,64.273,67.049323,66.530226,0.519097,0.711189,-0.384183,55.691447,68.234235,66.109765,0.912915,15292489.4
US,CSCO,2025-07-31,-0.297841,67.058,67.11,67.167,64.422333,67.034043,66.561321,0.472722,0.663495,-0.381546,53.876117,68.232422,66.101578,0.936993,16291533.0
US,CSCO,2025-08-01,-1.418969,66.748,67.018,67.056,64.5575,66.874959,66.519741,0.355218,0.60184,-0.493244,46.17654,68.122047,65.989953,0.97935,18303529.6
US,CSCO,2025-08-04,2.060606,66.86,67.033,67.0345,64.709667,66.949581,66.581983,0.367598,0.554992,-0.374787,55.894284,68.056918,66.012082,1.007968,17602289.6
US,CSCO,2025-08-05,-1.425178,66.772,66.97,66.9815,64.8435,66.86503,66.568502,0.296528,0.503299,-0.413542,49.148654,68.019966,65.943034,1.036685,17636829.6
US,CSCO,2025-08-06,2.51506,66.956,67.028,66.979,65.004167,67.05041,66.679725,0.370686,0.476776,-0.212181,58.525665,68.006675,65.951325,1.091921,19154749.6
US,CSCO,2025-08-07,0.984281,67.314,67.186,67.035,65.145,67.310347,66.832338,0.478009,0.477023,0.001973,61.586167,68.292625,65.777375,1.079641,19964824.2
US,CSCO,2025-08-08,2.705848,68.234,67.491,67.2235,65.315167,67.816447,67.111424,0.705024,0.522623,0.364802,68.529129,69.216721,65.230279,1.15181,21967300.0
US,CSCO,2025-08-11,-1.558074,68.662,67.761,67.3635,65.475,68.075456,67.288355,0.7871,0.575518,0.423164,61.454915,69.571714,65.155286,1.224538,24339140.0
US,CSCO,2025-08-12,1.007194,69.422,68.097,67.57,65.598,68.402309,67.504033,0.898276,0.64007,0.516412,64.001605,70.015437,65.124563,1.203499,25640435.0
US,CSCO,2025-08-13,-1.367521,69.656,68.306,67.719,65.7155,68.531184,67.632623,0.898561,0.691768,0.413586,58.311513,70.190015,65.247985,1.242535,28638155.0
US,CSCO,2025-08-14,-1.574235,69.538,68.426,67.768,65.81,68.47254,67.670947,0.801593,0.713733,0.17572,52.59403,70.232383,65.303617,1.373783,31985700.8
US,CSCO,2025-08-15,-4.460748,68.44,68.337,67.6775,65.861833,67.955227,67.481247,0.473979,0.665782,-0.383606,40.628901,70.381126,64.973874,1.51637,33828685.2
US,CSCO,2025-08-18,1.12118,67.708,68.185,67.609,65.9295,67.629807,67.359673,0.270134,0.586653,-0.633038,43.927753,70.423675,64.794325,1.503772,32227087.4
US,CSCO,2025-08-19,-0.27339,66.8,68.111,67.5405,65.9915,67.32676,67.233772,0.092988,0.48792,-0.789863,43.289048,70.472445,64.608555,1.469931,31588212.4
US,CSCO,2025-08-20,0.517819,66.152,67.904,67.466,66.063333,67.122643,67.142381,-0.019738,0.386388,-0.812253,44.918196,70.474025,64.457975,1.41065,26958216.0
US,CSCO,2025-08-21,-0.136364,65.704,67.621,67.4035,66.123167,66.936082,67.051094,-0.115011,0.286108,-0.802239,44.55334,70.485397,64.321603,1.362747,21586074.6
US,CSCO,2025-08-22,0.455166,65.924,67.182,67.3365,66.194667,66.824377,66.98879,-0.164413,0.196004,-0.720834,46.124268,70.460717,64.212283,1.33755,16776730.2
US,CSCO,2025-08-25,-0.271862,65.962,66.835,67.298,66.268,66.702166,66.917769,-0.215603,0.113683,-0.658572,45.295052,70.466379,64.129621,1.269154,14940948.0
US,CSCO,2025-08-26,1.86279,66.282,66.541,67.319,66.362,66.787986,66.943119,-0.155133,0.059919,-0.430105,51.68682,70.480518,64.157482,1.2935,16853208.0
US,CSCO,2025-08-27,0.074338,66.544,66.348,67.327,66.4435,66.868296,66.970296,-0.102,0.027536,-0.259071,51.932684,70.487577,64.166423,1.24325,16639264.4
US,CSCO,2025-08-28,1.441093,67.018,66.361,67.3935,66.532833,67.085481,67.067311,0.01817,0.025663,-0.014984,56.552065,70.575445,64.211555,1.240875,17199146.2
US,CSCO,2025-08-29,-0.483304,67.366,66.645,67.491,66.616333,67.218484,67.132695,0.085789,0.037688,0.096202,54.628615,70.61515,64.36685,1.196527,16823626.2
US,CSCO,2025-09-02,-1.869021,67.496,66.729,67.457,66.674833,67.13564,67.099162,0.036478,0.037446,-0.001935,47.879366,70.600852,64.313148,1.231061,18264495.0
US,CSCO,2025-09-03,-0.194961,67.354,66.818,67.4645,66.707667,67.045542,67.058484,-0.012942,0.027368,-0.08062,47.236037,70.598931,64.330069,1.198842,15466943.6
US,CSCO,2025-09-04,0.480841,67.266,66.905,67.4045,66.7485,67.018535,67.044522,-0.025986,0.016697,-0.085368,49.050774,70.536212,64.272788,1.18321,15569310.2
US,CSCO,2025-09-05,-1.615074,66.768,66.893,67.257,66.7835,66.82953,66.951594,-0.122064,-0.011055,-0.222019,43.600414,70.401074,64.112926,1.212267,16728264.0
US,CSCO,2025-09-08,-0.0304,66.332,66.849,67.0155,66.833833,66.666525,66.864069,-0.197543,-0.048353,-0.298382,43.504009,69.818894,64.212106,1.172105,16545268.8
US,CSCO,2025-09-09,0.699407,66.242,66.869,66.852,66.877,66.599368,66.817101,-0.217733,-0.082229,-0.271009,46.437484,69.429003,64.274997,1.144812,15089380.0
US,CSCO,2025-09-10,1.162615,66.332,66.843,66.692,66.9495,66.661003,66.830649,-0.169645,-0.099712,-0.139867,51.021902,68.76591,64.61809,1.147325,15163251.4
US,CSCO,2025-09-11,-0.641791,66.272,66.769,66.5585,66.991667,66.647003,66.811341,-0.164339,-0.112637,-0.103403,48.524181,68.271489,64.845511,1.140373,15797704.8
US,CSCO,2025-09-12,-1.712483,66.2,66.484,66.4225,67.017833,66.459772,66.70902,-0.249248,-0.13996,-0.218577,42.573728,68.037577,64.807423,1.168204,15293384.8
US,CSCO,2025-09-15,0.733608,66.228,66.28,66.4625,67.043667,66.375191,66.649833,-0.274642,-0.166896,-0.215492,45.598706,67.982393,64.942607,1.144761,15726400.0
US,CSCO,2025-09-16,-0.13655,66.146,66.194,66.4615,67.060167,66.289777,66.588364,-0.298587,-0.193234,-0.210705,45.118801,67.983055,64.939945,1.120849,17000383.6
US,CSCO,2025-09-17,1.18505,66.066,66.199,66.5085,67.072333,66.337504,66.589226,-0.251722,-0.204932,-0.093581,50.02754,67.985541,65.031459,1.146503,17792908.2
US,CSCO,2025-09-18,1.411411,66.26,66.266,66.5855,67.091833,66.522503,66.659654,-0.13715,-0.191375,0.10845,55.225094,68.108333,65.062667,1.15461,18336550.0
US,CSCO,2025-09-19,-0.681078,66.59,66.395,66.644,67.098833,66.608272,66.69079,-0.082518,-0.169604,0.174171,52.355345,68.148319,65.139681,1.194281,24195210.2
US,CSCO,2025-09-22,-0.670841,66.734,66.481,66.665,67.086,66.611615,66.686287,-0.074673,-0.150618,0.15189,49.637903,68.156167,65.173833,1.172546,25033930.2
US,CSCO,2025-09-23,-0.315173,66.854,66.5,66.6845,67.0745,66.582136,66.666562,-0.084427,-0.13738,0.105905,48.376015,68.151953,65.217047,1.169507,25878068.6
US,CSCO,2025-09-24,-0.31617,66.776,66.421,66.632,67.047667,66.524884,66.632743,-0.107859,-0.131476,0.047233,47.086898,68.088429,65.175571,1.153828,25634264.4
US,CSCO,2025-09-25,0.78538,66.614,66.437,66.603,67.034,66.55644,66.639947,-0.083507,-0.121882,0.07675,50.597486,68.02701,65.17899,1.150698,26048802.6
US,CSCO,2025-09-26,-0.929117,66.42,66.505,66.4945,67.018333,66.487757,66.600692,-0.112935,-0.120092,0.014315,46.625454,67.70564,65.28336,1.142791,19499784.0
US,CSCO,2025-09-29,0.741189,66.414,66.574,66.427,66.991333,66.505025,66.600641,-0.095615,-0.115197,0.039163,49.968313,67.440491,65.413509,1.112591,18292104.0
US,CSCO,2025-09-30,1.036036,66.588,66.721,66.4575,66.983,66.625791,66.651704,-0.025914,-0.09734,0.142853,54.30803,67.534345,65.380655,1.108835,17943889.8
US,CSCO,2025-10-01,0.475554,66.868,66.822,66.5105,66.9855,66.777207,66.722689,0.054518,-0.066969,0.242974,56.205276,67.698902,65.322098,1.108918,17563412.6
US,CSCO,2025-10-02,-0.636001,66.958,66.786,66.526,66.969833,66.839176,66.756564,0.082611,-0.037053,0.239328,53.019449,67.740552,65.311448,1.116138,16234732.6
US,CSCO,2025-10-03,0.029771,67.176,66.798,66.5965,66.962833,66.894687,66.789411,0.105276,-0.008587,0.227725,53.152458,67.795571,65.397429,1.102128,15441891.0
US,CSCO,2025-10-06,1.458333,67.492,66.953,66.717,66.985333,67.092427,66.892418,0.20001,0.033132,0.333755,59.241621,68.037819,65.396181,1.104119,16960774.0
US,CSCO,2025-10-07,0.117336,67.686,67.137,66.8185,67.011333,67.272054,66.99372,0.278334,0.082173,0.392322,59.702092,68.278668,65.358332,1.080253,16159626.2
US,CSCO,2025-10-08,1.933783,68.08,67.474,66.9475,67.069833,67.627123,67.185296,0.441826,0.154103,0.575446,66.43936,68.840676,65.054324,1.128092,19902743.0
US,CSCO,2025-10-09,-0.531762,68.486,67.722,67.0795,67.119,67.870642,67.335274,0.535368,0.230356,0.610023,63.247407,69.203105,64.955895,1.159657,21002983.0
US,CSCO,2025-10-10,-2.875307,68.49,67.833,67.169,67.119833,67.770543,67.326736,0.443808,0.273047,0.341522,49.478891,69.153297,65.184703,1.283253,22972644.4
US,CSCO,2025-10-13,-0.714073,68.202,67.847,67.2105,67.116833,67.611998,67.283274,0.328725,0.284182,0.089085,46.830708,69.121086,65.299914,1.315878,21407690.4
US,CSCO,2025-10-14,1.783039,68.136,67.911,67.316,67.128833,67.660922,67.331179,0.329742,0.293294,0.072896,53.478429,69.138815,65.493185,1.387601,21189459.6
US,CSCO,2025-10-15,1.251288,67.976,68.028,67.425,67.158,67.833088,67.438499,0.394588,0.313553,0.16207,57.560142,69.322699,65.527301,1.404201,17592307.6
US,CSCO,2025-10-16,-0.625182,67.804,68.145,67.4655,67.172333,67.912613,67.506018,0.406595,0.332161,0.148867,54.934316,69.405391,65.525609,1.409615,16140536.2
US,CSCO,2025-10-17,1.50695,68.236,68.363,67.5805,67.209333,68.138364,67.644831,0.493533,0.364436,0.258195,59.679211,69.681361,65.479639,1.4375,15205621.0
US,CSCO,2025-10-20,0.749496,68.868,68.535,67.744,67.2485,68.409385,67.811881,0.597504,0.411049,0.37291,61.862369,70.024793,65.463207,1.394821,14816736.8
US,CSCO,2025-10-21,0.100143,69.276,68.706,67.9215,67.301333,68.64948,67.971742,0.677738,0.464387,0.426702,62.159395,70.312402,65.530598,1.355905,14888997.0
US,CSCO,2025-10-22,-0.085751,69.502,68.739,68.1065,67.3525,68.843406,68.115316,0.72809,0.517128,0.421924,61.715711,70.511597,65.701403,1.338341,14630338.6
US,CSCO,2025-10-23,-0.55786,69.736,68.77,68.246,67.392,68.947497,68.219367,0.72813,0.559328,0.337604,58.778834,70.639177,65.852823,1.314174,14763035.6
US,CSCO,2025-10-24,0.517837,69.836,69.036,68.4345,67.440833,69.090959,68.342377,0.748583,0.597179,0.302807,60.640747,70.71631,66.15269,1.282447,14120769.4
US,CSCO,2025-10-27,1.073268,69.982,69.425,68.636,67.518,69.327735,68.51183,0.815904,0.640924,0.349961,64.262409,70.945809,66.326191,1.263701,14881424.6
US,CSCO,2025-10-28,1.727311,70.358,69.817,68.864,67.592833,69.715776,68.759102,0.956673,0.704074,0.505199,69.223366,71.477598,66.250402,1.289865,15708115.2
US,CSCO,2025-10-29,-1.781489,70.49,69.996,69.012,67.662333,69.847195,68.893243,0.953952,0.75405,0.399805,59.837984,71.659804,66.364196,1.332017,16318785.6
US,CSCO,2025-10-30,2.210571,71.012,70.374,69.2595,67.73,70.198396,69.133003,1.065393,0.816318,0.498149,65.905167,72.094809,66.424191,1.362588,17016320.0
US,CSCO,2025-10-31,0.277277,71.502,70.669,69.516,67.789833,70.526335,69.369817,1.156517,0.884358,0.544319,66.60177,72.484686,66.547314,1.339546,19202800.0
US,CSCO,2025-11-03,1.838794,72.108,71.045,69.79,67.840833,71.008437,69.687609,1.320829,0.971652,0.698353,70.864822,73.194462,66.385538,1.366721,20352120.0
US,CSCO,2025-11-04,-2.864513,72.048,71.203,69.9545,67.875,71.091754,69.825563,1.266191,1.03056,0.471262,58.177554,73.365286,66.543714,1.444098,20841765.0
US,CSCO,2025-11-05,-0.307477,72.2,71.345,70.042,67.893833,71.128408,69.937003,1.191404,1.062729,0.257351,57.031055,73.499338,66.584662,1.428091,20460345.0
US,CSCO,2025-11-06,-1.472031,71.83,71.421,70.0955,67.911167,70.997883,69.96241,1.035473,1.057278,-0.043609,51.785651,73.53274,66.65826,1.43537,20133974.8
US,CSCO,2025-11-07,0.042686,71.426,71.464,70.25,67.947167,70.892055,69.988158,0.903897,1.026602,-0.245408,51.921712,73.424057,67.075943,1.405701,18715120.0
US,CSCO,2025-11-10,1.436496,70.958,71.533,70.479,68.050667,70.957893,70.086813,0.87108,0.995497,-0.248834,56.384279,73.241216,67.716784,1.406722,18808689.6
US,CSCO,2025-11-11,-0.518789,70.838,71.443,70.63,68.135833,70.956679,70.150753,0.805926,0.957583,-0.303314,54.392506,73.136695,68.123305,1.386956,18622264.6
US,CSCO,2025-11-12,3.128964,71.206,71.703,70.8495,68.261,71.29719,70.3744,0.922789,0.950624,-0.05567,62.868017,73.437283,68.261717,1.464317,26917893.8
US,CSCO,2025-11-13,4.633046,72.462,72.146,71.26,68.437,72.106853,70.832593,1.27426,1.015351,0.517817,71.559568,74.620809,67.899191,1.751865,35151609.2
US,CSCO,2025-11-14,0.796761,73.834,72.63,71.6495,68.624667,72.885798,71.302031,1.583768,1.129035,0.909466,72.793624,75.768594,67.530406,1.826732,39532784.0
US,CSCO,2025-11-17,-0.285085,74.96,72.959,72.002,68.803667,73.51106,71.720399,1.790662,1.26136,1.058603,71.587168,76.636309,67.367691,1.831966,40836563.6
US,CSCO,2025-11-18,-0.519818,76.08,73.459,72.331,68.979,73.978589,72.078147,1.900442,1.389176,1.022532,69.337051,77.26607,67.39593,1.824682,41759083.6
US,CSCO,2025-11-19,1.319399,76.958,74.082,72.7135,69.150667,74.529576,72.48421,2.045366,1.520414,1.049902,71.751466,78.011229,67.415771,1.819348,35192694.4
US,CSCO,2025-11-20,-3.764827,76.574,74.518,72.9695,69.272833,74.546564,72.643898,1.902666,1.596865,0.611602,57.624434,78.117935,67.821065,2.024394,29141369.2
US,CSCO,2025-11-21,0.870847,76.198,75.016,73.24,69.389667,74.660939,72.839906,1.821033,1.641698,0.358669,59.534382,78.278019,68.201981,1.985509,26263209.2
US,CSCO,2025-11-24,0.185948,75.894,75.427,73.48,69.514333,74.779256,73.031765,1.747491,1.662857,0.169269,59.953055,78.45474,68.50526,1.927973,25857480.0
US,CSCO,2025-11-25,0.106059,75.686,75.883,73.663,69.6615,74.891678,73.215338,1.67634,1.665554,0.021574,60.206421,78.65368,68.67232,1.859546,24416140.2
US,CSCO,2025-11-26,-0.331082,75.226,76.092,73.8975,69.806667,74.948343,73.366794,1.581549,1.648753,-0.134408,58.95124,78.722816,69.072184,1.815293,22658724.8
US,CSCO,2025-11-28,1.142705,75.522,76.048,74.097,69.960833,75.128598,73.570735,1.557863,1.630575,-0.145424,61.894285,78.943397,69.250603,1.767058,18646526.8
US,CSCO,2025-12-01,-1.169207,75.51,75.854,74.242,70.118167,75.144198,73.693644,1.450554,1.594571,-0.288032,57.314573,79.041557,69.442443,1.712268,16866686.8
US,CSCO,2025-12-02,1.089991,75.634,75.764,74.3615,70.2895,75.283552,73.868189,1.415364,1.558729,-0.286731,60.234065,79.215844,69.507156,1.67782,14452206.8
US,CSCO,2025-12-03,1.143984,75.916,75.801,74.63,70.467667,75.535314,74.094249,1.441065,1.535196,-0.188263,63.116441,79.426307,69.833693,1.711547,13906134.4
US,CSCO,2025-12-04,0.013001,76.25,75.738,74.91,70.633167,75.749881,74.304304,1.445576,1.517272,-0.143392,63.149504,79.554455,70.265545,1.637865,13226138.0
US,CSCO,2025-12-05,0.272975,76.454,75.988,75.253,70.809333,75.963745,74.514356,1.449389,1.503696,-0.108613,63.881732,79.472901,71.033099,1.576589,14277836.0
US,CSCO,2025-12-08,1.140783,77.012,76.261,75.6385,71.019167,76.280092,74.774033,1.506059,1.504168,0.003781,66.853963,79.361097,71.915903,1.563261,14662816.0
US,CSCO,2025-12-09,0.820302,77.534,76.584,76.0055,71.231667,76.646232,75.061883,1.584349,1.520204,0.128289,68.860944,79.384106,72.626894,1.548743,14886496.0
US,CSCO,2025-12-10,0.940758,78.03,76.973,76.428,71.458,77.069888,75.383225,1.686664,1.553496,0.266335,71.044101,79.237602,73.618398,1.580261,15929354.6
US,CSCO,2025-12-11,-1.221662,78.33,77.29,76.691,71.655167,77.279136,75.608912,1.670225,1.576842,0.186765,64.646069,79.200158,74.181842,1.576671,17145294.0
US,CSCO,2025-12-12,-1.861533,78.296,77.375,76.7115,71.812333,77.231577,75.709733,1.521844,1.565842,-0.087997,56.41132,79.222741,74.200259,1.594052,17963874.0
US,CSCO,2025-12-15,0.584643,78.176,77.594,76.724,71.984667,77.260565,75.83642,1.424146,1.537503,-0.226715,58.17956,79.246708,74.201292,1.563048,18002177.8
US,CSCO,2025-12-16,-0.904159,77.788,77.661,76.7125,72.152833,77.177401,75.90187,1.275531,1.485109,-0.419155,54.477409,79.233078,74.191922,1.538545,18402117.8
US,CSCO,2025-12-17,-1.994265,76.946,77.488,76.6445,72.299,76.871647,75.849139,1.022508,1.392589,-0.74016,47.380611,79.250865,74.038135,1.590077,19360452.0
US,CSCO,2025-12-18,1.250166,76.486,77.408,76.573,72.464333,76.757548,75.869943,0.887604,1.291592,-0.807975,51.55609,79.153311,73.992689,1.604357,19479864.4
US,CSCO,2025-12-19,1.904637,76.608,77.452,76.72,72.645167,76.884079,75.996614,0.887465,1.210766,-0.646604,57.198266,79.175011,74.264989,1.657617,33121786.6
US,CSCO,2025-12-22,-0.386698,76.58,77.378,76.8195,72.831333,76.94499,76.09168,0.85331,1.139275,-0.57193,55.751488,79.194625,74.444375,1.623502,33195802.8
US,CSCO,2025-12-23,-0.11646,76.674,77.231,76.9075,73.007833,76.982684,76.173037,0.809647,1.073349,-0.527405,55.299584,79.199127,74.615873,1.545395,32990942.0
US,CSCO,2025-12-24,0.0,77.074,77.01,76.9915,73.172833,77.014578,76.248367,0.766211,1.011922,-0.491421,55.299584,79.193474,74.789526,1.466438,29592941.4
US,CSCO,2025-12-26,0.181371,77.314,76.9,77.095,73.334833,77.063105,76.328488,0.734616,0.956461,-0.443688,55.94383,79.151487,75.038513,1.386692,27774662.4
US,CSCO,2025-12-29,-0.478469,77.19,76.899,77.137,73.497833,77.047243,76.375267,0.671975,0.899564,-0.455176,53.739423,79.145881,75.128119,1.342643,14386640.4
US,CSCO,2025-12-30,-0.480769,77.052,76.816,77.205,73.654333,76.976898,76.391173,0.585724,0.836796,-0.502143,51.551821,79.035197,75.374803,1.292454,13573860.4
US,CSCO,2025-12-31,-0.496148,76.856,76.765,77.213,73.788167,76.858913,76.377753,0.48116,0.765669,-0.569017,49.330764,79.024233,75.401767,1.266565,12945381.2
US,CSCO,2026-01-02,-0.761055,76.544,76.809,77.1485,73.911,76.66985,76.322364,0.347486,0.682032,-0.669092,46.068292,79.084457,75.212543,1.27181,14274468.2
US,CSCO,2026-01-05,-0.608224,76.112,76.713,77.0605,74.004167,76.439104,76.237004,0.2021,0.586046,-0.767891,43.605193,79.179533,74.941467,1.291681,15508628.4
US,CSCO,2026-01-06,-0.465611,75.684,76.437,76.9445,74.097667,76.190011,76.13204,0.05797,0.480431,-0.84492,41.775024,79.276705,74.612295,1.264418,15323709.0
US,CSCO,2026-01-07,-0.668271,75.23,76.141,76.7595,74.216,75.902317,75.997815,-0.095498,0.365245,-0.921486,39.24117,79.298897,74.220103,1.259102,16602758.8
US,CSCO,2026-01-08,-1.022605,74.7,75.778,76.5045,74.329667,75.54196,75.817236,-0.275276,0.237141,-1.024833,35.696923,79.245562,73.763438,1.252738,17327107.0
US,CSCO,2026-01-09,-0.108755,74.27,75.407,76.2085,74.422167,75.224736,75.644108,-0.419372,0.105838,-1.05042,35.335138,78.913253,73.503747,1.234685,17997965.0
US,CSCO,2026-01-12,0.176919,73.958,75.035,75.9675,74.502667,74.976315,75.493433,-0.517118,-0.018753,-0.99673,36.462051,78.696382,73.238618,1.235065,18929344.8
US,CSCO,2026-01-13,1.969841,74.006,74.845,75.872,74.6145,74.989189,75.461327,-0.472137,-0.10943,-0.725415,47.460203,78.587515,73.156485,1.263274,19087887.4
US,CSCO,2026-01-14,-1.398881,73.944,74.587,75.7015,74.691667,74.838545,75.353821,-0.515276,-0.190599,-0.649354,41.81563,78.434976,72.968024,1.290183,18578657.6
US,CSCO,2026-01-15,1.12147,74.2,74.45,75.6075,74.774,74.838769,75.31576,-0.476992,-0.247878,-0.458228,47.164934,78.323658,72.891342,1.314456,18782813.8
US,CSCO,2026-01-16,-0.080171,74.46,74.365,75.587,74.854167,74.829727,75.276074,-0.446347,-0.287572,-0.317551,46.82976,78.321579,72.852421,1.319852,20110655.8
US,CSCO,2026-01-20,-2.447178,74.328,74.143,75.428,74.904833,74.540539,75.103773,-0.563234,-0.342704,-0.44106,37.967441,78.379031,72.476969,1.366291,20713454.8
US,CSCO,2026-01-21,0.466073,73.974,73.99,75.2135,74.967667,74.348148,74.969419,-0.621271,-0.398417,-0.445707,40.230609,78.131124,72.295876,1.365127,20793511.4
US,CSCO,2026-01-22,0.873243,73.958,73.951,75.046,75.035167,74.283818,74.892425,-0.608607,-0.440455,-0.336304,44.346601,77.852367,72.239633,1.345475,19809216.2
US,CSCO,2026-01-23,0.351684,73.828,74.014,74.896,75.0945,74.269384,74.840394,-0.571009,-0.466566,-0.208886,45.9743,77.544187,72.247813,1.346513,18791717.8
US,CSCO,2026-01-26,3.234937,74.19,74.325,74.866,75.1735,74.626402,74.969994,-0.343592,-0.441971,0.196759,58.143628,77.42153,72.31047,1.451048,18585930.8
US,CSCO,2026-01-27,2.180441,75.252,74.79,74.9125,75.301667,75.185417,75.213698,-0.028281,-0.359233,0.661904,64.188399,77.671426,72.153574,1.483116,17337337.0
US,CSCO,2026-01-28,0.345004,76.3,75.137,74.991,75.408333,75.699968,75.45935,0.240618,-0.239263,0.959762,65.066792,78.051365,71.930635,1.449322,16499883.8
US,CSCO,2026-01-29,-0.662167,77.116,75.537,75.062,75.503,76.055358,75.648287,0.407071,-0.109996,1.034134,61.91688,78.326534,71.797466,1.477227,18452507.0
US,CSCO,2026-01-30,-0.141008,77.858,75.843,75.1465,75.573667,76.339149,75.815081,0.524068,0.016817,1.014503,61.241484,78.60712,71.68588,1.448854,21119081.0
US,CSCO,2026-02-02,2.96534,78.582,76.386,75.3755,75.718,76.934664,76.14063,0.794034,0.17226,1.243548,68.910892,79.480032,71.270968,1.570364,21823921.0
US,CSCO,2026-02-03,3.054482,79.462,77.357,75.75,75.906833,77.815485,76.623547,1.191939,0.376196,1.631486,74.642106,80.935607,70.564393,1.643196,25265003.2
US,CSCO,2026-02-04,-2.346963,79.9,78.1,76.045,76.080833,78.262334,76.926988,1.335346,0.568026,1.534641,64.502214,81.6405,70.4495,1.745824,30413562.4
US,CSCO,2026-02-05,1.48662,80.682,78.899,76.425,76.274333,78.825052,77.29684,1.528211,0.760063,1.536297,67.447939,82.511051,70.338949,1.798266,30732282.2
US,CSCO,2026-02-06,2.978516,81.974,79.916,76.965,76.491667,79.676582,77.820037,1.856545,0.979359,1.754371,72.453478,83.807866,70.122134,1.856961,30227922.2
US,CSCO,2026-02-09,2.311522,83.194,80.888,77.6065,76.747667,80.697108,78.448923,2.248184,1.233124,2.03012,75.672994,85.366364,69.846636,1.933607,29161886.0
US,CSCO,2026-02-10,-0.567721,83.826,81.644,78.217,76.9585,81.485245,78.994929,2.490316,1.484563,2.011507,73.352995,86.524982,69.909018,1.94192,28592226.0
US,CSCO,2026-02-11,-0.86227,84.698,82.299,78.718,77.1005,82.038284,79.445675,2.592609,1.706172,1.772875,69.869197,87.40393,70.03207,1.946069,27530240.0
US,CSCO,2026-02-12,-12.317819,83.234,81.958,78.7475,77.057667,80.893933,79.086736,1.807197,1.726377,0.16164,40.519116,87.373069,70.121931,2.62135,36302652.2
US,CSCO,2026-02-13,2.466488,81.65,81.812,78.8275,77.049167,80.208712,78.890682,1.318031,1.644708,-0.653354,44.89584,87.335498,70.319502,2.709825,40092616.6
US,CSCO,2026-02-17,0.0,79.676,81.435,78.9105,77.047333,79.628911,78.70915,0.919761,1.499718,-1.159915,44.89584,87.29036,70.53064,2.594837,40469476.6
US,CSCO,2026-02-18,1.726845,78.064,80.945,79.151,77.050667,79.341386,78.638842,0.702544,1.340283,-1.27548,48.074734,87.097692,71.204308,2.559492,38176471.0
US,CSCO,2026-02-19,0.488683,76.676,80.687,79.3935,77.109,79.156557,78.601891,0.554666,1.18316,-1.256987,48.987093,86.893423,71.893577,2.468814,34973955.2
US,CSCO,2026-02-20,0.806245,77.51,80.372,79.6355,77.167,79.097087,78.614344,0.482743,1.043077,-1.120667,50.538744,86.715216,72.555784,2.37747,27246557.0
US,CSCO,2026-02-23,-1.840802,77.686,79.668,79.792,77.1985,78.823689,78.518466,0.305223,0.895506,-1.180566,46.995642,86.512567,73.071433,2.388365,23566454.0
US,CSCO,2026-02-24,0.517331,77.942,78.809,79.8485,77.235333,78.653891,78.459321,0.19457,0.755319,-1.121497,48.077064,86.478834,73.218166,2.306339,22504930.2
US,CSCO,2026-02-25,1.24807,78.128,78.096,79.87,77.2925,78.659446,78.476408,0.183038,0.640863,-0.915649,50.703668,86.482355,73.257645,2.232315,22919531.8
US,CSCO,2026-02-26,-1.283518,78.036,77.356,79.8275,77.3185,78.508762,78.417415,0.091347,0.530959,-0.879225,47.981923,86.484535,73.170465,2.187864,23152491.6
US,CSCO,2026-02-27,1.737899,78.088,77.799,79.8785,77.381833,78.588952,78.462791,0.126161,0.45,-0.647678,51.713009,86.49456,73.26244,2.206588,22759772.0
US,CSCO,2026-03-02,-0.050614,78.422,78.054,79.933,77.430833,78.650652,78.501844,0.148808,0.389761,-0.481907,51.594923,86.500752,73.365248,2.178974,21570670.6
US,CSCO,2026-03-03,-0.582352,78.584,78.263,79.849,77.457667,78.63209,78.50393,0.128161,0.337441,-0.418561,50.17594,86.443352,73.254648,2.15619,21177870.6
US,CSCO,2026-03-04,2.419458,78.932,78.53,79.7375,77.516,78.908692,78.646601,0.26209,0.322371,-0.120562,55.606782,86.212291,73.262709,2.175034,20711127.4
US,CSCO,2026-03-05,-1.05682,79.312,78.674,79.6805,77.556667,79.01197,78.715742,0.296228,0.317142,-0.041829,52.832326,86.139743,73.221257,2.169674,22158492.6
US,CSCO,2026-03-06,-1.708972,79.15,78.619,79.4955,77.56,78.890128,78.67902,0.211108,0.295935,-0.169655,48.649826,85.899285,73.091715,2.132555,20783133.8
US,CSCO,2026-03-09,-3.093838,78.512,78.467,79.0675,77.512333,78.414724,78.46576,-0.051036,0.226541,-0.555154,42.241602,85.25413,72.88087,2.224515,23646242.4
US,CSCO,2026-03-10,1.952507,78.262,78.423,78.616,77.477,78.240151,78.377926,-0.137775,0.153678,-0.582905,46.852351,83.870261,73.361739,2.264193,25109230.4
US,CSCO,2026-03-11,0.517598,77.712,78.322,78.209,77.4645,78.153974,78.326227,-0.172253,0.088492,-0.52149,48.059187,82.300498,74.117502,2.200322,23977090.8
US,CSCO,2026-03-12,-0.46344,77.26,78.286,77.821,77.470333,78.02567,78.251692,-0.226022,0.025589,-0.503222,47.024251,80.439037,75.202963,2.127442,22602022.2
US,CSCO,2026-03-13,0.763063,77.198,78.174,77.9865,77.4785,78.007875,78.226382,-0.218507,-0.02323,-0.390553,48.964009,80.147789,75.825211,2.084053,22293858.8
US,CSCO,2026-03-16,0.718778,77.732,78.122,78.088,77.507667,78.078971,78.244427,-0.165456,-0.051675,-0.227562,50.805247,80.136996,76.039004,2.005192,18665690.2
US,CSCO,2026-03-17,0.471518,78.044,78.153,78.208,77.5685,78.196052,78.288544,-0.092491,-0.059839,-0.065306,52.036486,80.134319,76.281681,1.949821,16940582.2
US,CSCO,2026-03-18,-2.10553,77.944,77.828,78.179,77.586,78.039737,78.206429,-0.166693,-0.081209,-0.170967,46.422822,80.148405,76.209595,1.988405,17760620.6
US,CSCO,2026-03-19,1.179062,78.098,77.679,78.1765,77.5945,78.047469,78.197805,-0.150336,-0.095035,-0.110602,49.630732,80.146224,76.206776,1.985662,17270640.0
US,CSCO,2026-03-20,-1.101293,77.962,77.58,78.0995,77.593667,77.921705,78.126116,-0.204411,-0.11691,-0.175002,46.780075,80.090685,76.108315,2.008829,31530725.4
US,CSCO,2026-03-23,1.514955,77.948,77.84,78.1535,77.613833,77.995289,78.146404,-0.151115,-0.123751,-0.054728,50.911028,80.115563,76.191437,1.998198,32602151.4
US,CSCO,2026-03-24,2.576531,78.264,78.154,78.2885,77.667667,78.368321,78.314818,0.053503,-0.0883,0.283606,57.102055,80.471757,76.105243,2.05547,34065651.4
US,CSCO,2026-03-25,1.206168,79.106,78.525,78.4235,77.735333,78.833195,78.542609,0.290586,-0.012523,0.606217,59.728576,80.98969,75.85731,2.038651,34929336.4
US,CSCO,2026-03-26,0.405455,79.832,78.965,78.6255,77.814667,79.277319,78.777972,0.499347,0.089851,0.818992,60.612131,81.538392,75.712608,1.985176,36755339.4
US,CSCO,2026-03-27,-2.72883,80.284,79.123,78.6485,77.863,79.310039,78.830714,0.479325,0.167746,0.623157,52.266889,81.581003,75.715997,2.039806,22790660.4
US,CSCO,2026-03-30,-3.610517,79.928,78.938,78.53,77.869833,78.896187,78.666958,0.229229,0.180042,0.098373,43.891231,81.586639,75.473361,2.164106,23637477.2
US,CSCO,2026-03-31,0.717828,79.278,78.771,78.462,77.8955,78.63062,78.556072,0.074548,0.158943,-0.168792,45.687445,81.575593,75.348407,2.143098,23953019.0
US,CSCO,2026-04-01,0.440586,78.502,78.804,78.316,77.9345,78.458217,78.478585,-0.020369,0.123081,-0.286899,46.82081,81.318642,75.313358,2.098591,23585617.0
US,CSCO,2026-04-02,1.948136,77.962,78.897,78.288,78.0045,78.544645,78.51869,0.025955,0.103656,-0.155402,51.64671,81.253182,75.322818,2.131549,20782674.0
US,CSCO,2026-04-06,1.797013,78.152,79.218,78.399,78.1065,78.836238,78.661009,0.175229,0.11797,0.114517,55.716523,81.508392,75.289608,2.083581,19948907.6
US,CSCO,2026-04-07,0.298359,78.964,79.446,78.643,78.225167,79.119894,78.810564,0.309329,0.156242,0.306175,56.384705,81.662901,75.623099,2.039754,17773265.2
US,CSCO,2026-04-08,3.743183,80.27,79.774,78.964,78.3955,79.824525,79.172745,0.651781,0.25535,0.792862,63.788862,82.631525,75.296475,2.112629,16676506.0
US,CSCO,2026-04-09,-0.633214,81.402,79.952,79.2385,78.554833,80.339214,79.468838,0.870376,0.378355,0.984042,61.805874,83.282964,75.194036,2.148869,15937051.4
US,CSCO,2026-04-10,-1.142239,82.042,80.002,79.4835,78.674167,80.628566,79.672627,0.955938,0.493872,0.924133,58.306999,83.625882,75.341118,2.205379,16924291.6
US,CSCO,2026-04-13,0.158112,82.424,80.288,79.7055,78.813167,80.893402,79.870951,1.02245,0.599587,0.845726,58.65195,83.961129,75.449871,2.12928,17646075.0
US,CSCO,2026-04-14,0.315726,82.81,80.887,79.9125,78.942667,81.157494,80.073844,1.08365,0.6964,0.7745,59.375876,84.308056,75.516944,2.069332,18531817.0
US,CSCO,2026-04-15,-0.302627,82.542,81.406,80.0885,79.069,81.342495,80.243189,1.099306,0.776981,0.64465,58.318579,84.579047,75.597953,2.048665,17620714.4
US,CSCO,2026-04-16,2.598349,82.808,82.105,80.4545,79.2615,81.828265,80.558508,1.269757,0.875536,0.788441,64.195885,85.126714,75.782286,2.083046,17020166.0
US,CSCO,2026-04-17,2.071006,83.614,82.828,80.8625,79.4775,82.508532,80.9801,1.528432,1.006115,1.044633,68.150849,86.035808,75.689192,2.068543,17570332.6
US,CSCO,2026-04-20,1.692754,84.686,83.555,81.3865,79.707167,83.308758,81.478611,1.830146,1.170922,1.31845,71.026343,87.078903,75.694097,2.098647,16909950.6
US,CSCO,2026-04-21,2.26884,86.104,84.457,81.9515,79.965667,84.292026,82.087603,2.204423,1.377622,1.653602,74.416773,88.521551,75.381449,2.137315,17069273.4
US,CSCO,2026-04-22,0.111483,87.592,85.067,82.4205,80.185833,85.139406,82.658892,2.480515,1.5982,1.764629,74.577762,89.778246,75.062754,2.053935,17453220.8
US,CSCO,2026-04-23,-1.347439,88.41,85.609,82.7805,80.358,85.670267,83.098233,2.572034,1.792967,1.558134,68.92587,90.591913,74.969087,2.030797,18762760.8
US,CSCO,2026-04-24,0.474094,88.962,86.288,83.145,80.532667,86.184072,83.536142,2.64793,1.96396,1.367941,69.781922,91.392614,74.897386,2.051454,18492362.6
US,CSCO,2026-04-27,-0.842602,89.072,86.879,83.5835,80.7035,86.503446,83.886057,2.617388,2.094645,1.045486,66.271,91.939028,75.227972,2.037779,17915341.2
US,CSCO,2026-04-28,-1.586223,88.504,87.304,84.0955,80.852833,86.5583,84.106349,2.451951,2.166107,0.571689,60.183905,91.919521,76.271479,2.090081,17562517.0
US,CSCO,2026-04-29,3.119963,88.458,88.025,84.7155,81.008833,87.021638,84.511064,2.510574,2.235,0.551149,66.582523,92.204106,77.226894,2.140075,17250877.2
US,CSCO,2026-04-30,2.154739,89.04,88.725,85.415,81.156167,87.710617,85.028763,2.681854,2.324371,0.714967,70.249396,92.691267,78.138733,2.15507,17356886.0
US,CSCO,2026-05-01,0.382514,89.608,89.285,86.0565,81.341667,88.347445,85.53404,2.813406,2.422178,0.782455,70.873569,93.225922,78.887078,2.12685,16782044.0
US,CSCO,2026-05-04,0.849211,90.482,89.777,86.666,81.520167,89.0063,86.059666,2.946633,2.527069,0.839129,72.26985,93.894265,79.437735,2.111361,16556904.0
US,CSCO,2026-05-05,1.802872,91.97,90.237,87.347,81.685833,89.820715,86.670062,3.150654,2.651786,0.997736,75.029873,94.755234,79.938766,2.109835,15870283.0
US,CSCO,2026-05-06,-2.820785,92.384,90.421,87.744,81.774667,90.100605,87.038205,3.0624,2.733909,0.656983,64.088099,95.178873,80.309127,2.194847,18190015.4
US,CSCO,2026-05-07,0.567438,92.516,90.778,88.1935,81.880333,90.417435,87.417597,2.999838,2.787095,0.425487,65.157808,95.55455,80.83245,2.118072,17265126.6
US,CSCO,2026-05-08,4.785156,93.46,91.534,88.911,82.071833,91.363984,88.095553,3.268431,2.883362,0.770138,72.609392,96.593606,81.228394,2.313924,18976483.2
US,CSCO,2026-05-11,2.226364,94.678,92.58,89.7295,82.473833,92.495678,88.882549,3.613129,3.029315,1.167628,75.374503,97.913424,81.545576,2.398644,22810026.8
US,CSCO,2026-05-12,0.577391,95.676,93.823,90.5635,82.854667,93.540959,89.653471,3.887487,3.20095,1.373075,76.064388,99.06865,82.05835,2.381598,25880946.8
US,CSCO,2026-05-13,2.598449,97.722,95.053,91.539,83.2785,94.82235,90.558399,4.26395,3.41355,1.700801,78.940287,100.518926,82.559074,2.405769,29523951.8
US,CSCO,2026-05-14,13.409247,102.396,97.456,93.0905,83.908,98.008142,92.408148,5.599994,3.850839,3.498311,87.502288,106.365084,79.815916,3.483214,40297951.8
US,CSCO,2026-05-15,2.319744,106.724,100.092,94.6885,84.575833,101.11612,94.319396,6.796724,4.440016,4.713417,88.490914,111.506334,77.870666,3.579413,43071375.0
US,CSCO,2026-05-18,0.566788,110.756,102.717,96.247,85.244333,103.849025,96.1387,7.710325,5.094078,5.232494,88.730917,115.751607,76.742393,3.563741,41653574.4
US,CSCO,2026-05-19,-2.944145,113.974,104.825,97.531,85.878667,105.623021,97.563981,8.059039,5.68707,4.743939,79.414439,118.470837,76.591163,3.601331,42396514.4
US,CSCO,2026-05-20,-0.892702,116.47,107.096,98.7585,86.489167,106.965633,98.80739,8.158243,6.181305,3.953877,76.85695,120.600474,76.916526,3.563379,38579149.4
US,CSCO,2026-05-21,3.366856,117.004,109.7,100.239,87.147667,108.693997,100.24388,8.450117,6.635067,3.630101,79.512808,123.112981,77.365019,3.668137,28932809.4
US,CSCO,2026-05-22,1.869712,117.444,112.084,101.809,87.859833,110.496459,101.737667,8.758793,7.059812,3.397961,80.869925,125.673517,77.944483,3.62827,25676323.0
US,CSCO,2026-05-26,-1.727431,117.334,114.045,103.3125,88.514833,111.701619,102.966728,8.734891,7.394828,2.680126,75.781826,127.36134,79.26366,3.631251,26045060.0
US,CSCO,2026-05-27,1.132426,118.192,116.083,104.953,89.192833,112.927524,104.204008,8.723516,7.660566,2.125901,76.794759,128.763888,81.142112,3.630448,23882479.6
US,CSCO,2026-05-28,-0.8607,119.05,117.76,106.4065,89.861333,113.806367,105.27334,8.533026,7.835058,1.395937,74.224918,129.829719,82.983281,3.568273,22777782.6
US,CSCO,2026-05-29,1.500337,119.494,118.249,107.8525,90.527833,114.823849,106.395315,8.428533,7.953753,0.949561,75.736054,130.985126,84.719874,3.62911,26673522.6
US,CSCO,2026-06-01,0.755688,119.678,118.561,109.3265,91.223667,115.824795,107.501588,8.323207,8.027644,0.591126,76.494761,131.943756,86.709244,3.630602,27019444.4
US,CSCO,2026-06-02,5.497404,121.612,119.473,111.095,92.053333,117.697903,109.019989,8.677914,8.157698,1.040433,81.147863,133.744839,88.445161,3.863417,26988309.2
US,CSCO,2026-06-03,-1.171875,122.978,120.585,112.705,92.898333,119.052072,110.314805,8.737267,8.273612,0.927311,77.435356,134.924253,90.485747,3.908887,28640289.6
US,CSCO,2026-06-04,2.766798,125.25,122.15,114.623,93.777,120.736369,111.772967,8.963401,8.41157,1.103664,79.761948,135.837544,93.408456,4.074681,29181926.6
US,CSCO,2026-06-05,-6.430769,125.494,122.494,116.097,94.509667,120.875389,112.503859,8.37153,8.403562,-0.064063,63.041701,134.813211,97.380789,4.387203,27379934.8
US,CSCO,2026-06-08,2.063466,126.058,122.868,117.476,95.290167,121.379175,113.366536,8.01264,8.325377,-0.625476,65.387709,134.191245,100.760755,4.416689,27444216.8
US,CSCO,2026-06-09,-3.052759,124.53,123.071,118.558,95.997667,121.222379,113.88457,7.337809,8.127864,-1.580109,59.269825,132.911484,104.204516,4.609783,26702732.0
US,CSCO,2026-06-10,-1.296112,122.99,122.984,119.5335,96.669833,120.849705,114.248676,6.601029,7.822497,-2.442935,56.909561,130.846177,108.220823,4.465512,24656332.0
US,CSCO,2026-06-11,2.550505,121.356,123.303,120.5315,97.386333,121.00052,114.810256,6.190264,7.49605,-2.611572,60.222877,128.446522,112.616478,4.57869,24913532.6
US,CSCO,2026-06-12,-0.599196,121.248,123.371,120.81,98.118333,121.015825,115.276163,5.739662,7.144773,-2.810221,59.044921,128.38621,113.23379,4.398784,21924422.6
US,CSCO,2026-06-15,-0.76796,120.452,123.255,120.908,98.819667,120.885698,115.638669,5.247029,6.765224,-3.03639,57.50182,128.397357,113.418643,4.303156,21696378.8
US,CSCO,2026-06-16,-0.499293,120.294,122.412,120.9425,99.525333,120.683283,115.929879,4.753404,6.36286,-3.218912,56.47633,128.400462,113.484538,4.107931,20476424.4
US,CSCO,2026-06-17,-1.87338,120.0,121.495,121.04,100.174167,120.167393,116.033591,4.133802,5.917048,-3.566493,52.697795,128.251444,113.828556,4.008793,20222733.8
US,CSCO,2026-06-18,1.883576,119.542,120.449,121.2995,100.826167,120.070871,116.293325,3.777546,5.489148,-3.423204,55.837168,127.874782,114.724218,3.938165,25072950.8
